strategy,anchor,mean_3w,worst_3w,hit_3w,mean_7w,worst_7w,hit_7w,mean_13w,worst_13w,hit_13w,legacy_raw_score_3713,raw_penalty,avg_holdings,min_holdings,max_holdings,alpha,requested_top_k,blend_source,is_grid,mean_3w_rank,worst_3w_rank,hit_3w_rank,rank_score_3w,legacy_rank_score_3w,mean_7w_rank,worst_7w_rank,hit_7w_rank,rank_score_7w,legacy_rank_score_7w,mean_13w_rank,worst_13w_rank,hit_13w_rank,rank_score_13w,legacy_rank_score_13w,anchor_score_3713,legacy_anchor_score_3713,anchor_rank,legacy_anchor_rank
pure_current,2026-04-30,0.0253581696554052,0.0165682744645324,1.0,0.0128278756885897,-0.0107944655425068,0.5714285714285714,0.0096030939353457,-0.0160280453444805,0.5384615384615384,0.010421635266644,0.0,31.0,31,31,1.0,31,final_portfolio,False,0.9272727272727272,0.8666666666666667,0.503030303030303,0.8424242424242424,0.8648484848484849,0.8666666666666667,0.2787878787878788,0.3878787878787879,0.5890909090909091,0.6247878787878788,0.9393939393939394,0.3878787878787879,0.7,0.7104545454545454,0.7334545454545454,0.7015,0.7371121212121212,47,40
pure_current,2026-05-06,0.0273998281112998,0.0128512283937639,1.0,0.0130956829766424,-0.0166545749522753,0.5714285714285714,0.0121024297841647,-0.0198368881847832,0.6153846153846154,0.0096316435912989,0.0,31.0,31,31,1.0,31,final_portfolio,False,0.006060606060606,0.006060606060606,0.503030303030303,0.0806060606060606,0.0557575757575757,0.006060606060606,0.9757575757575756,0.503030303030303,0.42,0.3757575757575757,0.9575757575757576,0.7878787878787878,0.987878787878788,0.9027272727272726,0.9046060606060604,0.4629999999999999,0.3270848484848485,119,146
pure_current,2026-05-07,0.0207135291569087,0.004448398883785,1.0,0.0097229323163813,-0.0290932224393632,0.5714285714285714,0.0055806301528366,-0.0290932224393632,0.5384615384615384,0.0032584033625723,0.0,31.0,31,31,1.0,31,final_portfolio,False,0.006060606060606,0.006060606060606,0.503030303030303,0.0806060606060606,0.0557575757575757,0.006060606060606,0.0484848484848484,0.4909090909090909,0.0936363636363636,0.0685454545454545,0.0424242424242424,0.0484848484848484,0.8,0.1581818181818181,0.1201818181818182,0.1090909090909091,0.0711757575757575,163,165
pure_current,2026-05-08,0.0389153919793562,0.0107125591895912,1.0,0.0234877393827878,-0.0347695540689914,0.8571428571428571,0.0121061591642298,-0.0373373423092508,0.6153846153846154,0.0097129936990148,0.0015,31.0,31,31,1.0,31,final_portfolio,False,0.9333333333333332,0.1818181818181818,0.503030303030303,0.6057575757575757,0.6423030303030303,1.0,0.006060606060606,0.5333333333333333,0.582121212121212,0.6253333333333333,0.7393939393939394,0.006060606060606,0.2909090909090909,0.4154545454545454,0.4525454545454545,0.5392121212121211,0.6047030303030303,46,34
pure_capacity,2026-04-30,0.0202419782657748,0.014413710497896,1.0,0.0114423705429112,-0.0083171407084672,0.7142857142857143,0.006137682711883,-0.0198568320104142,0.5384615384615384,0.0085617099689165,0.0,33.0,33,33,0.0,33,final_portfolio,False,0.4484848484848485,0.3818181818181818,0.503030303030303,0.4333333333333333,0.4319393939393939,0.5212121212121212,0.5757575757575758,0.8878787878787879,0.5953030303030303,0.5758787878787879,0.4787878787878787,0.109090909090909,0.7,0.3825757575757575,0.3789090909090908,0.4828939393939394,0.4887575757575758,86,81
pure_capacity,2026-05-06,0.0347770705088604,0.022364116745252,1.0,0.0153291616271395,-0.0222673077950959,0.5714285714285714,0.0086863205822791,-0.0226333041163046,0.4615384615384615,0.0118551757185844,0.0,33.0,33,33,0.0,33,final_portfolio,False,0.7878787878787878,1.0,0.503030303030303,0.8193939393939393,0.8293939393939394,0.8484848484848485,0.2666666666666666,0.503030303030303,0.593030303030303,0.6219393939393939,0.006060606060606,0.2484848484848484,0.3787878787878788,0.1468181818181818,0.1233333333333333,0.5270757575757575,0.6301303030303029,67,35
pure_capacity,2026-05-07,0.0390075115071287,0.0224028428172991,1.0,0.0173320460412429,-0.0245785981994078,0.5714285714285714,0.0070733717229987,-0.0245785981994078,0.4615384615384615,0.0127611421502949,0.0,33.0,33,33,0.0,33,final_portfolio,False,1.0,1.0,0.503030303030303,0.9254545454545454,0.9503030303030302,1.0,0.7212121212121212,0.4909090909090909,0.826060606060606,0.857090909090909,0.6848484848484848,0.7333333333333333,0.3090909090909091,0.6454545454545455,0.6632727272727271,0.8016969696969697,0.8653030303030302,9,4
pure_capacity,2026-05-08,0.0352882661834632,0.0207236522236496,1.0,0.017131563822271,-0.0204872613271569,0.8571428571428571,0.008809009440435,-0.0226473392207385,0.7692307692307693,0.0126663605135106,0.0,33.0,33,33,0.0,33,final_portfolio,False,0.296969696969697,1.0,0.503030303030303,0.573939393939394,0.5495757575757576,0.0242424242424242,0.9212121212121211,0.5333333333333333,0.4145454545454546,0.3711515151515152,0.006060606060606,0.987878787878788,0.9757575757575756,0.4951515151515152,0.427030303030303,0.4865454545454546,0.4509030303030303,106,113
portfolio_55_all_union,2026-04-30,0.02280007396059,0.0154909924812142,1.0,0.0121351231157505,-0.0055433853736578,0.5714285714285714,0.0078703883236144,-0.0115698316196923,0.5384615384615384,0.0103708178461429,0.0,45.76923076923077,41,55,0.5,999,final_portfolio,False,0.6393939393939394,0.6363636363636364,0.503030303030303,0.6178787878787879,0.6247575757575757,0.6636363636363637,0.8090909090909091,0.3878787878787879,0.6731818181818182,0.684060606060606,0.7333333333333333,0.9,0.7,0.7866666666666666,0.7849999999999999,0.6906363636363636,0.675480303030303,50,51
portfolio_55_all_union,2026-05-06,0.0310884493100801,0.017607672569508,1.0,0.014212422301891,-0.0194609413736856,0.5714285714285714,0.0103943751832219,-0.0201243731979849,0.4615384615384615,0.0107868519795549,0.0,45.07692307692308,40,54,0.5,999,final_portfolio,False,0.2454545454545454,0.6787878787878788,0.503030303030303,0.4357575757575757,0.4142121212121212,0.4181818181818181,0.6181818181818182,0.503030303030303,0.5009090909090909,0.4926666666666666,0.3757575757575757,0.6181818181818182,0.3787878787878788,0.461060606060606,0.456060606060606,0.4694090909090909,0.4557939393939394,111,103
portfolio_55_all_union,2026-05-07,0.0298605203320187,0.0134256208505421,1.0,0.0135274891788121,-0.0268359103193855,0.5714285714285714,0.0063270009379177,-0.0268359103193855,0.4615384615384615,0.0080040035256643,0.0,45.38461538461539,38,55,0.5,999,final_portfolio,False,0.5454545454545454,0.3909090909090909,0.503030303030303,0.485,0.4902121212121211,0.4484848484848485,0.4666666666666667,0.4909090909090909,0.4612121212121212,0.4587272727272726,0.2606060606060606,0.4666666666666667,0.3090909090909091,0.34,0.3334545454545454,0.4319848484848484,0.452530303030303,105,97
portfolio_55_all_union,2026-05-08,0.0371018290814097,0.0157181057066204,1.0,0.0203096516025294,-0.0276284076980741,0.8571428571428571,0.0104575843023324,-0.0299923407649946,0.6923076923076923,0.0119396771062627,0.0,46.46153846153846,41,59,0.5,999,final_portfolio,False,0.5242424242424243,0.7454545454545455,0.503030303030303,0.5984848484848485,0.5951212121212122,0.6090909090909091,0.403030303030303,0.5333333333333333,0.5256060606060606,0.5335151515151515,0.306060606060606,0.3575757575757576,0.7454545454545455,0.39,0.367,0.5067878787878788,0.5331803030303031,72,74
final_portfolio_a0.30_k35,2026-04-30,0.024111002674338,0.0172324024738934,1.0,0.0125370132629948,-0.0072986252214143,0.7142857142857143,0.0072760993086348,-0.0189513227447169,0.6153846153846154,0.0104016360716422,0.0,35.0,35,35,0.3,35,final_portfolio,True,0.8606060606060606,0.9393939393939394,0.503030303030303,0.8345454545454545,0.8508484848484849,0.8181818181818182,0.6363636363636364,0.8878787878787879,0.765,0.7651515151515151,0.6545454545454545,0.1878787878787878,0.987878787878788,0.5412121212121213,0.5338787878787878,0.7187272727272728,0.7647393939393938,41,31
final_portfolio_a0.30_k35,2026-05-06,0.0354845999017594,0.0201420096097115,1.0,0.0155312143901154,-0.0219364112973158,0.5714285714285714,0.0096730998501755,-0.0228938665472607,0.4615384615384615,0.0118956107289705,0.0,35.0,35,35,0.3,35,final_portfolio,True,0.8181818181818182,0.987878787878788,0.503030303030303,0.8303030303030303,0.8426666666666667,0.8909090909090909,0.3151515151515151,0.503030303030303,0.6312121212121211,0.662121212121212,0.0666666666666666,0.2303030303030303,0.3787878787878788,0.1707575757575757,0.1518787878787879,0.5528030303030302,0.6578030303030303,54,26
final_portfolio_a0.30_k35,2026-05-07,0.0372560199219835,0.0205289907008637,1.0,0.016933489215253,-0.0262912551105891,0.5714285714285714,0.0069684644929788,-0.0262912551105891,0.4615384615384615,0.0116641481270653,0.0,35.0,35,35,0.3,35,final_portfolio,True,0.993939393939394,0.9575757575757576,0.503030303030303,0.9075757575757576,0.9328484848484848,0.993939393939394,0.6060606060606061,0.4909090909090909,0.7827272727272727,0.8156363636363635,0.6181818181818182,0.6060606060606061,0.3090909090909091,0.5675757575757576,0.5832727272727273,0.7556363636363636,0.8276666666666666,18,11
final_portfolio_a0.30_k35,2026-05-08,0.0375422970082693,0.0191287981080304,1.0,0.0185168223356903,-0.0271179772552756,0.8571428571428571,0.009547143817864,-0.0271179772552756,0.7692307692307693,0.0121822301982316,0.0,35.0,35,35,0.3,35,final_portfolio,True,0.6303030303030303,0.993939393939394,0.503030303030303,0.7384848484848484,0.7375757575757576,0.2606060606060606,0.4424242424242424,0.5333333333333333,0.3651515151515151,0.3478787878787879,0.0242424242424242,0.5818181818181818,0.9757575757575756,0.362121212121212,0.3033939393939394,0.4762424242424242,0.4970848484848485,116,97
final_portfolio_a0.30_k38,2026-04-30,0.0230402529477335,0.0144425740101001,1.0,0.0116670591360983,-0.0083483541381084,0.7142857142857143,0.006912268646077,-0.0173177275040419,0.5384615384615384,0.0094484367803039,0.0,38.0,38,38,0.3,38,final_portfolio,True,0.6727272727272727,0.3878787878787879,0.503030303030303,0.5475757575757576,0.5617575757575757,0.5272727272727272,0.5696969696969697,0.8878787878787879,0.5962121212121212,0.5773333333333333,0.5818181818181818,0.303030303030303,0.7,0.501969696969697,0.5016363636363635,0.5533484848484849,0.5597484848484848,79,79
final_portfolio_a0.30_k38,2026-05-06,0.0346761192811905,0.0193473489348115,1.0,0.0147799060893241,-0.0224861908644958,0.5714285714285714,0.0094479432104143,-0.0227668960268983,0.4615384615384615,0.0113190632415731,0.0,38.0,38,38,0.3,38,final_portfolio,True,0.7818181818181819,0.9151515151515152,0.503030303030303,0.7866666666666666,0.797939393939394,0.696969696969697,0.2424242424242424,0.503030303030303,0.5087878787878788,0.5275757575757576,0.0242424242424242,0.2363636363636363,0.3787878787878788,0.1516666666666666,0.1296969696969697,0.4850151515151515,0.5760393939393941,96,58
final_portfolio_a0.30_k38,2026-05-07,0.0369864259830118,0.0205274232508887,1.0,0.0166827884115059,-0.0259329854713944,0.5714285714285714,0.0075421219229231,-0.0259329854713944,0.4615384615384615,0.0116581541482427,0.0,38.0,38,38,0.3,38,final_portfolio,True,0.987878787878788,0.9515151515151516,0.503030303030303,0.9024242424242424,0.9273939393939394,0.9757575757575756,0.6818181818181818,0.4909090909090909,0.8001515151515151,0.8302727272727272,0.9272727272727272,0.6818181818181818,0.3090909090909091,0.7486363636363635,0.7844545454545454,0.8153787878787878,0.8622484848484849,7,5
final_portfolio_a0.30_k38,2026-05-08,0.0375006153200248,0.0182380502064809,1.0,0.0188242033985284,-0.02546338608416,0.8571428571428571,0.0099101246100487,-0.0270366831152,0.7692307692307693,0.0124147569995015,0.0,38.0,38,38,0.3,38,final_portfolio,True,0.6242424242424243,0.9696969696969696,0.503030303030303,0.7269696969696969,0.7261212121212122,0.3151515151515151,0.6606060606060606,0.5333333333333333,0.4687878787878788,0.4509696969696969,0.0969696969696969,0.6242424242424243,0.9757575757575756,0.4133333333333333,0.3588484848484848,0.5296060606060606,0.5472121212121213,56,60
final_portfolio_a0.30_k41,2026-04-30,0.0215550533181416,0.0137020520564207,1.0,0.0107546668556143,-0.0097409704173869,0.7142857142857143,0.0062792661208875,-0.0150620067578081,0.5384615384615384,0.0086287666904891,0.0,41.0,41,41,0.3,41,final_portfolio,True,0.4848484848484848,0.3575757575757576,0.503030303030303,0.443030303030303,0.4446666666666666,0.5151515151515151,0.4606060606060606,0.8878787878787879,0.551969696969697,0.5344242424242425,0.4848484848484848,0.4424242424242424,0.7,0.5022727272727273,0.4923636363636364,0.504378787878788,0.4922121212121212,80,80
final_portfolio_a0.30_k41,2026-05-06,0.0346202723477933,0.0198833960210742,1.0,0.0148338101759021,-0.0219270786249306,0.5714285714285714,0.0098206583667461,-0.0219270786249306,0.4615384615384615,0.0115473810291917,0.0,40.92307692307692,40,41,0.3,41,final_portfolio,True,0.7575757575757576,0.9757575757575756,0.503030303030303,0.7957575757575757,0.804121212121212,0.7212121212121212,0.3212121212121212,0.503030303030303,0.5484848484848485,0.5673939393939393,0.1272727272727272,0.3272727272727272,0.3787878787878788,0.235,0.2184242424242424,0.528621212121212,0.6097393939393939,66,44
final_portfolio_a0.30_k41,2026-05-07,0.0355377925126213,0.0189021283224429,1.0,0.0159206137841491,-0.0259329854713944,0.5714285714285714,0.0070396186211225,-0.0259329854713944,0.4615384615384615,0.0108748649622178,0.0,40.76923076923077,38,41,0.3,41,final_portfolio,True,0.9454545454545454,0.8606060606060606,0.503030303030303,0.8493939393939394,0.8732121212121212,0.9212121212121211,0.6818181818181818,0.4909090909090909,0.7728787878787878,0.7991818181818181,0.6787878787878788,0.6818181818181818,0.3090909090909091,0.6243939393939394,0.6428181818181818,0.7512878787878788,0.8053393939393939,19,17
final_portfolio_a0.30_k41,2026-05-08,0.0370748594391997,0.0185470284092948,1.0,0.0184994304169192,-0.0247719491497073,0.8571428571428571,0.0099125491295967,-0.0285931965183163,0.7692307692307693,0.0123010037793954,0.0,41.0,41,41,0.3,41,final_portfolio,True,0.509090909090909,0.9818181818181818,0.503030303030303,0.6736363636363636,0.6644848484848485,0.2545454545454545,0.7333333333333333,0.5333333333333333,0.4639393939393939,0.4404242424242424,0.103030303030303,0.4848484848484848,0.9757575757575756,0.3675757575757575,0.3163030303030303,0.4979393939393939,0.511430303030303,83,88
final_portfolio_a0.30_k44,2026-04-30,0.0228385122920687,0.0150600796878869,1.0,0.012216234240515,-0.0068741638587322,0.7142857142857143,0.0068192723385387,-0.0165815721771543,0.5384615384615384,0.0098722198354368,0.0,43.38461538461539,41,44,0.3,44,final_portfolio,True,0.6545454545454545,0.4818181818181818,0.503030303030303,0.5713636363636363,0.5823939393939394,0.7090909090909091,0.6424242424242425,0.8878787878787879,0.7125757575757575,0.704969696969697,0.5636363636363636,0.3636363636363636,0.7,0.514090909090909,0.5112727272727272,0.6106666666666667,0.6268848484848485,71,65
final_portfolio_a0.30_k44,2026-05-06,0.0337571735393606,0.0195102502398056,1.0,0.0151511616221797,-0.0208373419835077,0.5714285714285714,0.010096268169649,-0.0208373419835077,0.4615384615384615,0.0116220723968617,0.0,43.23076923076923,40,44,0.3,44,final_portfolio,True,0.6666666666666666,0.9424242424242424,0.503030303030303,0.7386363636363635,0.7413030303030302,0.7878787878787878,0.4121212121212121,0.503030303030303,0.6136363636363635,0.6353939393939394,0.2484848484848484,0.4121212121212121,0.3787878787878788,0.3253030303030302,0.3155151515151515,0.5646363636363636,0.6297757575757577,45,36
final_portfolio_a0.30_k44,2026-05-07,0.0352928625330845,0.0178154327419028,1.0,0.0160979731449208,-0.0259329854713944,0.5714285714285714,0.0072976760261526,-0.0259329854713944,0.4615384615384615,0.0107431336944202,0.0,43.07692307692308,38,44,0.3,44,final_portfolio,True,0.9393939393939394,0.8,0.503030303030303,0.8251515151515152,0.8497575757575757,0.9393939393939394,0.6818181818181818,0.4909090909090909,0.7819696969696969,0.8095454545454545,0.8484848484848485,0.6818181818181818,0.3090909090909091,0.7092424242424242,0.7395454545454545,0.7731060606060606,0.815130303030303,15,13
final_portfolio_a0.30_k44,2026-05-08,0.0370499238350276,0.0177203243134321,1.0,0.0189944015550718,-0.0247719491497073,0.8571428571428571,0.0101641058335016,-0.0270543401472922,0.6923076923076923,0.0123992966449376,0.0,43.15384615384615,41,44,0.3,44,final_portfolio,True,0.503030303030303,0.9242424242424242,0.503030303030303,0.6504545454545454,0.642030303030303,0.3393939393939394,0.7333333333333333,0.5333333333333333,0.5063636363636363,0.4887878787878787,0.2,0.603030303030303,0.7454545454545455,0.4228787878787878,0.3875454545454545,0.5245454545454544,0.5348984848484848,59,72
final_portfolio_a0.30_k47,2026-04-30,0.0222170378811516,0.0150600796878869,1.0,0.0119842561996559,-0.0066528875075816,0.7142857142857143,0.0065383382161881,-0.0168396928834965,0.5384615384615384,0.0096670839979883,0.0,44.53846153846154,41,47,0.3,47,final_portfolio,True,0.5575757575757576,0.4818181818181818,0.503030303030303,0.5228787878787878,0.5271212121212121,0.593939393939394,0.6727272727272727,0.8878787878787879,0.6656060606060606,0.6493333333333333,0.5212121212121212,0.3333333333333333,0.7,0.4822727272727272,0.477090909090909,0.5677878787878787,0.5746121212121212,78,77
final_portfolio_a0.30_k47,2026-05-06,0.0337764163874895,0.0195102502398056,1.0,0.0152073587069425,-0.0196943959337098,0.5714285714285714,0.0100063598601266,-0.0207323543608102,0.4615384615384615,0.0118081115337311,0.0,44.15384615384615,40,47,0.3,47,final_portfolio,True,0.6727272727272727,0.9424242424242424,0.503030303030303,0.7416666666666667,0.7447575757575757,0.8181818181818182,0.5878787878787879,0.503030303030303,0.6903030303030303,0.7106666666666667,0.2,0.4303030303030303,0.3787878787878788,0.3074242424242424,0.2938787878787879,0.5908484848484848,0.6617848484848485,33,25
final_portfolio_a0.30_k47,2026-05-07,0.034563158681091,0.0170165096372449,1.0,0.0155320260513583,-0.0259329854713944,0.5714285714285714,0.0068887332351159,-0.0259329854713944,0.4615384615384615,0.0102911733282184,0.0,44.38461538461539,38,47,0.3,47,final_portfolio,True,0.9212121212121211,0.7393939393939394,0.503030303030303,0.7948484848484849,0.8193939393939393,0.8606060606060606,0.6818181818181818,0.4909090909090909,0.7425757575757576,0.7646363636363636,0.5636363636363636,0.6818181818181818,0.3090909090909091,0.5668181818181818,0.5771818181818181,0.705530303030303,0.758421212121212,28,25
final_portfolio_a0.30_k47,2026-05-08,0.036027261659963,0.0177203243134321,1.0,0.01882826795072,-0.0247719491497073,0.8571428571428571,0.0099647891496849,-0.0270543401472922,0.6923076923076923,0.0121064748230402,0.0,44.46153846153846,41,47,0.3,47,final_portfolio,True,0.3393939393939394,0.9242424242424242,0.503030303030303,0.5686363636363636,0.5487575757575758,0.3212121212121212,0.7333333333333333,0.5333333333333333,0.4972727272727272,0.4784242424242424,0.1272727272727272,0.603030303030303,0.7454545454545455,0.3865151515151515,0.3460909090909091,0.4854545454545454,0.4867075757575758,107,105
final_portfolio_a0.30_k50,2026-04-30,0.0219361512777229,0.0150600796878869,1.0,0.0119263001987829,-0.0066528875075816,0.7142857142857143,0.006683635337881,-0.0145451382953777,0.5384615384615384,0.0097141794941992,0.0,45.23076923076923,41,50,0.3,50,final_portfolio,True,0.5212121212121212,0.4818181818181818,0.503030303030303,0.5046969696969696,0.5063939393939394,0.5696969696969697,0.6727272727272727,0.8878787878787879,0.6534848484848484,0.6355151515151516,0.5393939393939394,0.4909090909090909,0.7,0.5465151515151515,0.5394545454545454,0.5767575757575757,0.5694575757575758,76,78
final_portfolio_a0.30_k50,2026-05-06,0.0329876280683257,0.0195102502398056,1.0,0.0147380691519117,-0.0205834879422497,0.5714285714285714,0.0097536654843408,-0.0207323543608102,0.4615384615384615,0.0113542594936985,0.0,44.69230769230769,40,50,0.3,50,final_portfolio,True,0.5515151515151515,0.9424242424242424,0.503030303030303,0.681060606060606,0.6756666666666666,0.6848484848484848,0.4454545454545454,0.503030303030303,0.5737878787878787,0.5876666666666666,0.1151515151515151,0.4303030303030303,0.3787878787878788,0.265,0.2455151515151515,0.5133333333333333,0.5715439393939393,76,59
final_portfolio_a0.30_k50,2026-05-07,0.0340453050772283,0.0170165096372449,1.0,0.015274735470284,-0.0259329854713944,0.5714285714285714,0.0067469311616037,-0.0259329854713944,0.4615384615384615,0.0100949835952068,0.0,45.0,38,50,0.3,50,final_portfolio,True,0.8848484848484849,0.7393939393939394,0.503030303030303,0.7766666666666666,0.7986666666666666,0.806060606060606,0.6818181818181818,0.4909090909090909,0.7153030303030302,0.7335454545454545,0.4666666666666667,0.6818181818181818,0.3090909090909091,0.5183333333333333,0.5219090909090909,0.6746212121212121,0.7278484848484849,33,31
final_portfolio_a0.30_k50,2026-05-08,0.0359939552015173,0.0177203243134321,1.0,0.0188494273648812,-0.0247719491497073,0.8571428571428571,0.009789616179331,-0.0270543401472922,0.6923076923076923,0.0120893310512817,0.0,45.38461538461539,41,50,0.3,50,final_portfolio,True,0.3333333333333333,0.9242424242424242,0.503030303030303,0.5656060606060606,0.5453030303030303,0.3272727272727272,0.7333333333333333,0.5333333333333333,0.5003030303030302,0.4818787878787879,0.0545454545454545,0.603030303030303,0.7454545454545455,0.3501515151515151,0.3046363636363636,0.4748484848484848,0.4806621212121212,117,108
final_portfolio_a0.30_k53,2026-04-30,0.0217768356826639,0.0150600796878869,1.0,0.0118580220866148,-0.0066528875075816,0.7142857142857143,0.006822073040135,-0.0122675013808987,0.5384615384615384,0.0097849216535641,0.0,45.61538461538461,41,53,0.3,53,final_portfolio,True,0.503030303030303,0.4818181818181818,0.503030303030303,0.4956060606060606,0.496030303030303,0.5575757575757576,0.6727272727272727,0.8878787878787879,0.6474242424242425,0.6286060606060606,0.5696969696969697,0.7757575757575758,0.7,0.6613636363636364,0.6507272727272727,0.6060606060606061,0.5788939393939394,73,76
final_portfolio_a0.30_k53,2026-05-06,0.0325638977895922,0.0195102502398056,1.0,0.0146824082522925,-0.0205834879422497,0.5714285714285714,0.0097236942306997,-0.0207323543608102,0.4615384615384615,0.0112408094272086,0.0,45.0,40,53,0.3,53,final_portfolio,True,0.4727272727272727,0.9424242424242424,0.503030303030303,0.6416666666666666,0.6307575757575757,0.6666666666666666,0.4454545454545454,0.503030303030303,0.5646969696969697,0.5773030303030302,0.103030303030303,0.4303030303030303,0.3787878787878788,0.2589393939393939,0.2386060606060606,0.4960606060606061,0.547880303030303,86,67
final_portfolio_a0.30_k53,2026-05-07,0.0339101167010721,0.0170165096372449,1.0,0.0152167975947884,-0.0259329854713944,0.5714285714285714,0.0067157338440292,-0.0259329854713944,0.4615384615384615,0.010046632209726,0.0,45.23076923076923,38,53,0.3,53,final_portfolio,True,0.8727272727272727,0.7393939393939394,0.503030303030303,0.7706060606060605,0.7917575757575757,0.7878787878787878,0.6818181818181818,0.4909090909090909,0.7062121212121212,0.7231818181818181,0.4424242424242424,0.6818181818181818,0.3090909090909091,0.5062121212121212,0.508090909090909,0.665530303030303,0.7183484848484847,38,34
final_portfolio_a0.30_k53,2026-05-08,0.0363764039222311,0.0177203243134321,1.0,0.0189999282978012,-0.0247719491497073,0.8571428571428571,0.00977742994616,-0.0270543401472922,0.6923076923076923,0.0122140909259623,0.0,46.0,41,53,0.3,53,final_portfolio,True,0.3939393939393939,0.9242424242424242,0.503030303030303,0.5959090909090908,0.5798484848484848,0.3454545454545454,0.7333333333333333,0.5333333333333333,0.5093939393939394,0.4922424242424242,0.0484848484848484,0.603030303030303,0.7454545454545455,0.3471212121212121,0.3011818181818182,0.4866666666666666,0.4986257575757576,105,96
final_portfolio_a0.30_k56,2026-04-30,0.0217768356826639,0.0150600796878869,1.0,0.0118580220866148,-0.0066528875075816,0.7142857142857143,0.0071773060789218,-0.0097865461297771,0.5384615384615384,0.0099381013633109,0.0,45.76923076923077,41,55,0.3,56,final_portfolio,True,0.503030303030303,0.4818181818181818,0.503030303030303,0.4956060606060606,0.496030303030303,0.5575757575757576,0.6727272727272727,0.8878787878787879,0.6474242424242425,0.6286060606060606,0.6333333333333333,0.996969696969697,0.7,0.7706060606060605,0.7599999999999999,0.6388333333333334,0.5952848484848485,67,73
final_portfolio_a0.30_k56,2026-05-06,0.0325638977895922,0.0195102502398056,1.0,0.0146591180319904,-0.0205834879422497,0.5714285714285714,0.0097111533428448,-0.0207323543608102,0.4615384615384615,0.0112337632397895,0.0,45.07692307692308,40,54,0.3,56,final_portfolio,True,0.4727272727272727,0.9424242424242424,0.503030303030303,0.6416666666666666,0.6307575757575757,0.6515151515151515,0.4454545454545454,0.503030303030303,0.5571212121212121,0.5686666666666667,0.0878787878787878,0.4303030303030303,0.3787878787878788,0.2513636363636363,0.2299696969696969,0.4907575757575757,0.5426984848484848,89,68
final_portfolio_a0.30_k56,2026-05-07,0.0335193168020627,0.0170165096372449,1.0,0.0150493119237844,-0.0259329854713944,0.5714285714285714,0.0066255492519501,-0.0259329854713944,0.4615384615384615,0.0099068589755166,0.0,45.38461538461539,38,55,0.3,56,final_portfolio,True,0.8333333333333334,0.7393939393939394,0.503030303030303,0.750909090909091,0.7693030303030303,0.7606060606060606,0.6818181818181818,0.4909090909090909,0.6925757575757575,0.7076363636363636,0.403030303030303,0.6818181818181818,0.3090909090909091,0.4865151515151514,0.4856363636363636,0.6482575757575757,0.6990030303030302,45,37
final_portfolio_a0.30_k56,2026-05-08,0.0363764039222311,0.0177203243134321,1.0,0.01909215040743,-0.0247719491497073,0.8571428571428571,0.0098270880051909,-0.0270543401472922,0.6923076923076923,0.0122419916611293,0.0,46.23076923076923,41,56,0.3,56,final_portfolio,True,0.3939393939393939,0.9242424242424242,0.503030303030303,0.5959090909090908,0.5798484848484848,0.3636363636363636,0.7333333333333333,0.5333333333333333,0.5184848484848484,0.5026060606060606,0.0666666666666666,0.603030303030303,0.7454545454545455,0.3562121212121212,0.3115454545454545,0.493030303030303,0.5048439393939393,92,94
final_portfolio_a0.30_k59,2026-04-30,0.0217768356826639,0.0150600796878869,1.0,0.0118580220866148,-0.0066528875075816,0.7142857142857143,0.0071773060789218,-0.0097865461297771,0.5384615384615384,0.0099381013633109,0.0,45.76923076923077,41,55,0.3,59,final_portfolio,True,0.503030303030303,0.4818181818181818,0.503030303030303,0.4956060606060606,0.496030303030303,0.5575757575757576,0.6727272727272727,0.8878787878787879,0.6474242424242425,0.6286060606060606,0.6333333333333333,0.996969696969697,0.7,0.7706060606060605,0.7599999999999999,0.6388333333333334,0.5952848484848485,67,73
final_portfolio_a0.30_k59,2026-05-06,0.0325638977895922,0.0195102502398056,1.0,0.0146591180319904,-0.0205834879422497,0.5714285714285714,0.0097111533428448,-0.0207323543608102,0.4615384615384615,0.0112337632397895,0.0,45.07692307692308,40,54,0.3,59,final_portfolio,True,0.4727272727272727,0.9424242424242424,0.503030303030303,0.6416666666666666,0.6307575757575757,0.6515151515151515,0.4454545454545454,0.503030303030303,0.5571212121212121,0.5686666666666667,0.0878787878787878,0.4303030303030303,0.3787878787878788,0.2513636363636363,0.2299696969696969,0.4907575757575757,0.5426984848484848,89,68
final_portfolio_a0.30_k59,2026-05-07,0.0335193168020627,0.0170165096372449,1.0,0.0150493119237844,-0.0259329854713944,0.5714285714285714,0.0066255492519501,-0.0259329854713944,0.4615384615384615,0.0099068589755166,0.0,45.38461538461539,38,55,0.3,59,final_portfolio,True,0.8333333333333334,0.7393939393939394,0.503030303030303,0.750909090909091,0.7693030303030303,0.7606060606060606,0.6818181818181818,0.4909090909090909,0.6925757575757575,0.7076363636363636,0.403030303030303,0.6818181818181818,0.3090909090909091,0.4865151515151514,0.4856363636363636,0.6482575757575757,0.6990030303030302,45,37
final_portfolio_a0.30_k59,2026-05-08,0.0363764039222311,0.0177203243134321,1.0,0.019038416490426,-0.0247719491497073,0.8571428571428571,0.0097981543575734,-0.0270543401472922,0.6923076923076923,0.0122257350845464,0.0,46.46153846153846,41,59,0.3,59,final_portfolio,True,0.3939393939393939,0.9242424242424242,0.503030303030303,0.5959090909090908,0.5798484848484848,0.3575757575757576,0.7333333333333333,0.5333333333333333,0.5154545454545454,0.4991515151515151,0.0606060606060606,0.603030303030303,0.7454545454545455,0.3531818181818181,0.3080909090909091,0.4909090909090908,0.5027712121212121,97,95
final_portfolio_a0.35_k35,2026-04-30,0.0248668935510692,0.0177545617354256,1.0,0.0127583107823235,-0.0074601104727468,0.7142857142857143,0.0075061926224182,-0.0187563801116139,0.6153846153846154,0.0107050091066112,0.0,35.0,35,35,0.35,35,final_portfolio,True,0.9212121212121211,0.9636363636363636,0.503030303030303,0.8733333333333333,0.8933939393939394,0.8606060606060606,0.6242424242424243,0.8878787878787879,0.781969696969697,0.7853333333333334,0.6787878787878788,0.206060606060606,0.987878787878788,0.5596969696969697,0.5536969696969697,0.7426969696969697,0.7938121212121213,34,19
final_portfolio_a0.35_k35,2026-05-06,0.0356278063292036,0.0197399380982776,1.0,0.015567254405784,-0.0218717623319928,0.5714285714285714,0.0098582087630795,-0.0229422083035611,0.4615384615384615,0.0119074668854044,0.0,35.0,35,35,0.35,35,final_portfolio,True,0.8303030303030303,0.9696969696969696,0.503030303030303,0.83,0.8435757575757575,0.896969696969697,0.3272727272727272,0.503030303030303,0.6384848484848484,0.6695757575757575,0.1333333333333333,0.2242424242424242,0.3787878787878788,0.2019696969696969,0.1878787878787879,0.5649848484848485,0.6669212121212121,43,21
final_portfolio_a0.35_k35,2026-05-07,0.0369005089216157,0.0201769822520026,1.0,0.0168480264210356,-0.0265866275179826,0.5714285714285714,0.0069464156484612,-0.0265866275179826,0.4615384615384615,0.0114543363841448,0.0,35.0,35,35,0.35,35,final_portfolio,True,0.9818181818181818,0.9333333333333332,0.503030303030303,0.8930303030303031,0.9179393939393938,0.987878787878788,0.5454545454545454,0.4909090909090909,0.7584848484848484,0.7921818181818181,0.6060606060606061,0.5454545454545454,0.3090909090909091,0.5403030303030303,0.5563636363636363,0.7333939393939394,0.8071121212121212,22,16
final_portfolio_a0.35_k35,2026-05-08,0.0379830848568236,0.0188330858226388,1.0,0.0188076319541279,-0.0283024098362235,0.8571428571428571,0.0097015100144181,-0.0283024098362235,0.7692307692307693,0.0120969691319373,0.0,35.0,35,35,0.35,35,final_portfolio,True,0.7454545454545455,0.987878787878788,0.503030303030303,0.793939393939394,0.8012121212121213,0.3090909090909091,0.3696969696969697,0.5333333333333333,0.3639393939393939,0.3515151515151515,0.0424242424242424,0.5272727272727272,0.9757575757575756,0.352121212121212,0.2957575757575758,0.4893939393939394,0.5230303030303031,100,82
final_portfolio_a0.35_k38,2026-04-30,0.0235716101533221,0.0144477283475069,1.0,0.0117189571051294,-0.0087057246360184,0.7142857142857143,0.0070695517997352,-0.0167941967321898,0.5384615384615384,0.0095698713886771,0.0,38.0,38,38,0.35,38,final_portfolio,True,0.7636363636363637,0.3939393939393939,0.503030303030303,0.5951515151515151,0.6155757575757576,0.5333333333333333,0.5333333333333333,0.8878787878787879,0.5865151515151514,0.5687878787878788,0.6121212121212121,0.3454545454545454,0.7,0.531969696969697,0.5329090909090908,0.5727424242424243,0.5821212121212122,77,75
final_portfolio_a0.35_k38,2026-05-06,0.034668233767216,0.0188210098442653,1.0,0.0146771347186176,-0.0229723659897392,0.5714285714285714,0.0095826813311168,-0.0229723659897392,0.4615384615384615,0.0111505800679094,0.0,38.0,38,38,0.35,38,final_portfolio,True,0.7757575757575758,0.8545454545454545,0.503030303030303,0.7624242424242424,0.7744848484848483,0.6606060606060606,0.206060606060606,0.503030303030303,0.4778787878787879,0.4948484848484848,0.0424242424242424,0.2181818181818181,0.3787878787878788,0.1543939393939394,0.134060606060606,0.4661969696969697,0.5525848484848483,116,66
final_portfolio_a0.35_k38,2026-05-07,0.036572538837896,0.0201881818394074,1.0,0.0165405439322186,-0.0261587166833922,0.5714285714285714,0.0076187571037229,-0.0261587166833922,0.4615384615384615,0.0114443798318864,0.0,38.0,38,38,0.35,38,final_portfolio,True,0.9757575757575756,0.9393939393939394,0.503030303030303,0.8921212121212121,0.9164848484848483,0.9636363636363636,0.6333333333333333,0.4909090909090909,0.7771212121212121,0.8073636363636363,0.9454545454545454,0.6333333333333333,0.3090909090909091,0.7407575757575757,0.7788181818181817,0.8007121212121212,0.8467303030303029,10,6
final_portfolio_a0.35_k38,2026-05-08,0.0379142609747846,0.0177940516934515,1.0,0.0191573001665671,-0.0263213497819989,0.8571428571428571,0.0101274906784028,-0.0278112903922781,0.7692307692307693,0.0123887338555687,0.0,38.0,38,38,0.35,38,final_portfolio,True,0.7151515151515152,0.9515151515151516,0.503030303030303,0.7660606060606061,0.7719393939393939,0.3878787878787879,0.503030303030303,0.5333333333333333,0.45,0.4404242424242424,0.1757575757575757,0.5333333333333333,0.9757575757575756,0.4209090909090909,0.3737575757575758,0.5360909090909092,0.563030303030303,48,52
final_portfolio_a0.35_k41,2026-04-30,0.0218029872201085,0.0135793507300146,1.0,0.010641368216253,-0.0103429001154858,0.7142857142857143,0.0063218411497891,-0.0141134606947027,0.5384615384615384,0.0086012445789829,0.0,41.0,41,41,0.35,41,final_portfolio,True,0.5151515151515151,0.3515151515151515,0.503030303030303,0.456060606060606,0.4599393939393938,0.509090909090909,0.3272727272727272,0.8878787878787879,0.5022727272727272,0.4869696969696969,0.4909090909090909,0.5151515151515151,0.7,0.5307575757575758,0.5198181818181817,0.4969545454545454,0.4810848484848484,82,83
final_portfolio_a0.35_k41,2026-05-06,0.0346044055665012,0.0194652952515612,1.0,0.0147449977811802,-0.0218655351570148,0.5714285714285714,0.0100148349926282,-0.0218655351570148,0.4615384615384615,0.0114945814303955,0.0,40.92307692307692,40,41,0.35,41,final_portfolio,True,0.7515151515151515,0.9212121212121211,0.503030303030303,0.7736363636363637,0.7826666666666666,0.6909090909090909,0.3333333333333333,0.503030303030303,0.5375757575757576,0.5541212121212121,0.206060606060606,0.3333333333333333,0.3787878787878788,0.2765151515151515,0.2653333333333333,0.5300757575757575,0.602221212121212,64,51
final_portfolio_a0.35_k41,2026-05-07,0.0348758426344019,0.0182915278781601,1.0,0.0156439708499796,-0.0261587166833922,0.5714285714285714,0.0070219475046753,-0.0261587166833922,0.4615384615384615,0.0105261765582922,0.0,40.76923076923077,38,41,0.35,41,final_portfolio,True,0.9333333333333332,0.8242424242424242,0.503030303030303,0.8306060606060606,0.8543030303030302,0.896969696969697,0.6333333333333333,0.4909090909090909,0.7437878787878788,0.7693636363636362,0.6666666666666666,0.6333333333333333,0.3090909090909091,0.6013636363636363,0.6199090909090909,0.7271060606060605,0.780921212121212,23,21
final_portfolio_a0.35_k41,2026-05-08,0.0374081695908591,0.0181717435625996,1.0,0.0187525217896749,-0.025486063786799,0.8571428571428571,0.0101237009188522,-0.0296067036052255,0.6923076923076923,0.0122426792233546,0.0,41.0,41,41,0.35,41,final_portfolio,True,0.5878787878787879,0.9575757575757576,0.503030303030303,0.7045454545454545,0.7013939393939393,0.2909090909090909,0.6363636363636364,0.5333333333333333,0.4481818181818182,0.4291515151515152,0.1696969696969697,0.4121212121212121,0.7454545454545455,0.3409090909090909,0.3072727272727272,0.4929090909090908,0.5197666666666666,93,83
final_portfolio_a0.35_k44,2026-04-30,0.0233019264948192,0.0151678078862187,1.0,0.0123595078336413,-0.0066415208298546,0.7142857142857143,0.006950334834737,-0.0159588849234945,0.5384615384615384,0.01010542442475,0.0,43.38461538461539,41,44,0.35,44,final_portfolio,True,0.7090909090909091,0.5181818181818182,0.503030303030303,0.6113636363636363,0.6254848484848484,0.7696969696969697,0.6909090909090909,0.8878787878787879,0.7598484848484848,0.7555151515151515,0.593939393939394,0.3939393939393939,0.7,0.5398484848484848,0.5385454545454545,0.6493030303030303,0.6709575757575758,65,56
final_portfolio_a0.35_k44,2026-05-06,0.0335877414825791,0.0190346058222312,1.0,0.0151187527862431,-0.0205879249684533,0.5714285714285714,0.0103311683098745,-0.0205879249684533,0.4615384615384615,0.011581812489348,0.0,43.23076923076923,40,44,0.35,44,final_portfolio,True,0.6484848484848484,0.8818181818181818,0.503030303030303,0.7083333333333333,0.710939393939394,0.7757575757575758,0.4303030303030303,0.503030303030303,0.6139393939393939,0.6344848484848484,0.3515151515151515,0.4606060606060606,0.3787878787878788,0.3937878787878788,0.3902424242424242,0.5762121212121212,0.628430303030303,37,37
final_portfolio_a0.35_k44,2026-05-07,0.0346086319713998,0.0170422704653509,1.0,0.0158628843759121,-0.0261587166833922,0.5714285714285714,0.0073255213648063,-0.0261587166833922,0.4615384615384615,0.0103824574330798,0.0,43.07692307692308,38,44,0.35,44,final_portfolio,True,0.9272727272727272,0.7575757575757576,0.503030303030303,0.8042424242424242,0.8288484848484848,0.9151515151515152,0.6333333333333333,0.4909090909090909,0.7528787878787878,0.7797272727272726,0.8545454545454545,0.6333333333333333,0.3090909090909091,0.6953030303030303,0.7269999999999999,0.7510151515151515,0.7914666666666667,20,18
final_portfolio_a0.35_k44,2026-05-08,0.0373700910435381,0.0172197696617292,1.0,0.0193263510265894,-0.025486063786799,0.8571428571428571,0.0104104445501852,-0.0277888403017178,0.6923076923076923,0.0123700247729217,0.0,43.15384615384615,41,44,0.35,44,final_portfolio,True,0.5757575757575758,0.8757575757575757,0.503030303030303,0.6698484848484848,0.6674848484848485,0.4303030303030303,0.6363636363636364,0.5333333333333333,0.5178787878787878,0.5086060606060606,0.2909090909090909,0.5545454545454546,0.7454545454545455,0.4513636363636363,0.4233636363636364,0.5435151515151515,0.5593712121212121,43,53
final_portfolio_a0.35_k47,2026-04-30,0.0225586041863495,0.0151678078862187,1.0,0.0120802339742033,-0.0063755119741007,0.7142857142857143,0.0066119516995093,-0.0162875924941255,0.5384615384615384,0.0098586127257444,0.0,44.53846153846154,41,47,0.35,47,final_portfolio,True,0.6181818181818182,0.5181818181818182,0.503030303030303,0.5659090909090909,0.5736666666666667,0.6424242424242425,0.7090909090909091,0.8878787878787879,0.7025757575757575,0.688969696969697,0.5272727272727272,0.3696969696969697,0.7,0.498030303030303,0.4925454545454545,0.6002121212121212,0.6133848484848485,74,69
final_portfolio_a0.35_k47,2026-05-06,0.0336100920061454,0.0190346058222312,1.0,0.0151833607488125,-0.0192607572662652,0.5714285714285714,0.0102243754602797,-0.0204155294015612,0.4615384615384615,0.0117999675468159,0.0,44.15384615384615,40,47,0.35,47,final_portfolio,True,0.6606060606060606,0.8818181818181818,0.503030303030303,0.7143939393939394,0.7178484848484848,0.8121212121212121,0.6606060606060606,0.503030303030303,0.7127272727272727,0.7312121212121212,0.3151515151515151,0.4969696969696969,0.3787878787878788,0.3883333333333333,0.3815151515151515,0.6159090909090909,0.6734121212121211,22,20
final_portfolio_a0.35_k47,2026-05-07,0.0337716026536545,0.0161187874405692,1.0,0.015208701978359,-0.0261587166833922,0.5714285714285714,0.0068467419834954,-0.0261587166833922,0.4615384615384615,0.0098609815672883,0.0,44.38461538461539,38,47,0.35,47,final_portfolio,True,0.8545454545454545,0.6787878787878788,0.503030303030303,0.7403030303030302,0.7613939393939393,0.7818181818181819,0.6333333333333333,0.4909090909090909,0.6862121212121212,0.7037272727272726,0.5393939393939394,0.6333333333333333,0.3090909090909091,0.5377272727272727,0.5473636363636363,0.6578939393939394,0.7033393939393939,42,36
final_portfolio_a0.35_k47,2026-05-08,0.036156303320228,0.0172197696617292,1.0,0.0191207705995442,-0.025486063786799,0.8571428571428571,0.0101641860269094,-0.0277888403017178,0.6923076923076923,0.0120194946887298,0.0,44.46153846153846,41,47,0.35,47,final_portfolio,True,0.3515151515151515,0.8757575757575757,0.503030303030303,0.5577272727272726,0.5396666666666666,0.3696969696969697,0.6363636363636364,0.5333333333333333,0.4875757575757576,0.474060606060606,0.206060606060606,0.5545454545454546,0.7454545454545455,0.4089393939393939,0.375,0.485030303030303,0.4854439393939393,108,107
final_portfolio_a0.35_k50,2026-04-30,0.0222222359371607,0.0151678078862187,1.0,0.0120085504946195,-0.0063755119741007,0.7142857142857143,0.0067794938798036,-0.0136077597932126,0.5384615384615384,0.0099105105275264,0.0,45.23076923076923,41,50,0.35,50,final_portfolio,True,0.5636363636363636,0.5181818181818182,0.503030303030303,0.5386363636363636,0.5425757575757575,0.6181818181818182,0.7090909090909091,0.8878787878787879,0.6904545454545454,0.6751515151515151,0.5575757575757576,0.5757575757575758,0.7,0.5853030303030303,0.5778181818181818,0.6133636363636363,0.607521212121212,70,72
final_portfolio_a0.35_k50,2026-05-06,0.0326880182966102,0.0190346058222312,1.0,0.0146364085944738,-0.0203028513001087,0.5714285714285714,0.0099298627617896,-0.0204155294015612,0.4615384615384615,0.0112695097137074,0.0,44.69230769230769,40,50,0.35,50,final_portfolio,True,0.503030303030303,0.8818181818181818,0.503030303030303,0.6356060606060605,0.628030303030303,0.6363636363636364,0.5,0.503030303030303,0.5686363636363636,0.578030303030303,0.1757575757575757,0.4969696969696969,0.3787878787878788,0.3186363636363636,0.3020606060606061,0.5137272727272727,0.5566348484848485,75,65
final_portfolio_a0.35_k50,2026-05-07,0.033182544261563,0.0161187874405692,1.0,0.0149165390562605,-0.0261587166833922,0.5714285714285714,0.00668427984506,-0.0261587166833922,0.4615384615384615,0.0096378459515369,0.0,45.0,38,50,0.35,50,final_portfolio,True,0.7818181818181819,0.6787878787878788,0.503030303030303,0.703939393939394,0.7199393939393939,0.7272727272727273,0.6333333333333333,0.4909090909090909,0.6589393939393939,0.6726363636363636,0.4363636363636363,0.6333333333333333,0.3090909090909091,0.4862121212121212,0.4886363636363635,0.6206212121212121,0.6639575757575757,56,45
final_portfolio_a0.35_k50,2026-05-08,0.0361137139726709,0.0172197696617292,1.0,0.019141070732738,-0.025486063786799,0.8571428571428571,0.0099555899457504,-0.0277888403017178,0.6923076923076923,0.0119971563367119,0.0,45.38461538461539,41,50,0.35,50,final_portfolio,True,0.3454545454545454,0.8757575757575757,0.503030303030303,0.5546969696969697,0.5362121212121211,0.3818181818181818,0.6363636363636364,0.5333333333333333,0.4936363636363636,0.480969696969697,0.1151515151515151,0.5545454545454546,0.7454545454545455,0.3634848484848484,0.3231818181818182,0.4729090909090909,0.4793984848484849,118,110
final_portfolio_a0.35_k53,2026-04-30,0.0220326452521454,0.0151678078862187,1.0,0.0119272973438987,-0.0063755119741007,0.7142857142857143,0.0069383502908982,-0.0109738543939378,0.5384615384615384,0.0099904029585957,0.0,45.61538461538461,41,53,0.35,53,final_portfolio,True,0.5333333333333333,0.5181818181818182,0.503030303030303,0.5234848484848484,0.5253030303030303,0.5818181818181818,0.7090909090909091,0.8878787878787879,0.6722727272727272,0.6544242424242424,0.5878787878787879,0.9575757575757576,0.7,0.734090909090909,0.721090909090909,0.6461818181818182,0.6127757575757575,66,70
final_portfolio_a0.35_k53,2026-05-06,0.0321950356697142,0.0190346058222312,1.0,0.0145742339497809,-0.0203028513001087,0.5714285714285714,0.009896384106955,-0.0204155294015612,0.4615384615384615,0.011138299453423,0.0,45.0,40,53,0.35,53,final_portfolio,True,0.4181818181818181,0.8818181818181818,0.503030303030303,0.5931818181818181,0.5796666666666667,0.6181818181818182,0.5,0.503030303030303,0.5595454545454546,0.5676666666666667,0.1696969696969697,0.4969696969696969,0.3787878787878788,0.3156060606060606,0.2986060606060606,0.4964545454545455,0.5321075757575757,85,73
final_portfolio_a0.35_k53,2026-05-07,0.0330462354273346,0.0161187874405692,1.0,0.0148581209844483,-0.0261587166833922,0.5714285714285714,0.0066528239602381,-0.0261587166833922,0.4615384615384615,0.0095890938237607,0.0,45.23076923076923,38,53,0.35,53,final_portfolio,True,0.7636363636363637,0.6787878787878788,0.503030303030303,0.6948484848484848,0.7095757575757575,0.703030303030303,0.6333333333333333,0.4909090909090909,0.6468181818181817,0.6588181818181817,0.4242424242424242,0.6333333333333333,0.3090909090909091,0.4801515151515151,0.4817272727272726,0.6112272727272727,0.6525575757575758,59,49
final_portfolio_a0.35_k53,2026-05-08,0.0365577602120257,0.0172197696617292,1.0,0.0193140002170684,-0.025486063786799,0.8571428571428571,0.0099402752776336,-0.0277888403017178,0.6923076923076923,0.0121414458878916,0.0,46.0,41,53,0.35,53,final_portfolio,True,0.4181818181818181,0.8757575757575757,0.503030303030303,0.591060606060606,0.5776666666666666,0.4242424242424242,0.6363636363636364,0.5333333333333333,0.5148484848484848,0.5051515151515151,0.109090909090909,0.5545454545454546,0.7454545454545455,0.3604545454545454,0.3197272727272727,0.4913939393939393,0.5063439393939394,95,92
final_portfolio_a0.35_k56,2026-04-30,0.0220326452521454,0.0151678078862187,1.0,0.0119272973438987,-0.0063755119741007,0.7142857142857143,0.007350576640095,-0.0102323675022559,0.5384615384615384,0.0100623519125903,0.0,45.76923076923077,41,55,0.35,56,final_portfolio,True,0.5333333333333333,0.5181818181818182,0.503030303030303,0.5234848484848484,0.5253030303030303,0.5818181818181818,0.7090909090909091,0.8878787878787879,0.6722727272727272,0.6544242424242424,0.6636363636363637,0.9848484848484848,0.7,0.7815151515151515,0.7732727272727272,0.660409090909091,0.6206030303030302,61,67
final_portfolio_a0.35_k56,2026-05-06,0.0321950356697142,0.0190346058222312,1.0,0.0145474440994655,-0.0203028513001087,0.5714285714285714,0.009881958802939,-0.0204155294015612,0.4615384615384615,0.0111301944933237,0.0,45.07692307692308,40,54,0.35,56,final_portfolio,True,0.4181818181818181,0.8818181818181818,0.503030303030303,0.5931818181818181,0.5796666666666667,0.5848484848484848,0.5,0.503030303030303,0.5428787878787878,0.5486666666666666,0.1484848484848485,0.4969696969696969,0.3787878787878788,0.305,0.2865151515151515,0.4866060606060606,0.5217439393939394,92,78
final_portfolio_a0.35_k56,2026-05-07,0.0326046176845517,0.0161187874405692,1.0,0.0146688562375413,-0.0261587166833922,0.5714285714285714,0.006550912173442,-0.0261587166833922,0.4615384615384615,0.0094311451130535,0.0,45.38461538461539,38,55,0.35,56,final_portfolio,True,0.7242424242424242,0.6787878787878788,0.503030303030303,0.6751515151515152,0.6871212121212121,0.6878787878787879,0.6333333333333333,0.4909090909090909,0.6392424242424242,0.6501818181818181,0.3606060606060606,0.6333333333333333,0.3090909090909091,0.4483333333333333,0.4454545454545454,0.5927424242424242,0.6342484848484847,66,52
final_portfolio_a0.35_k56,2026-05-08,0.0365577602120257,0.0172197696617292,1.0,0.0194207377894659,-0.025486063786799,0.8571428571428571,0.0099977493550784,-0.0277888403017178,0.6923076923076923,0.012173738108833,0.0,46.23076923076923,41,56,0.35,56,final_portfolio,True,0.4181818181818181,0.8757575757575757,0.503030303030303,0.591060606060606,0.5776666666666666,0.4545454545454545,0.6363636363636364,0.5333333333333333,0.5299999999999999,0.5224242424242423,0.1333333333333333,0.5545454545454546,0.7454545454545455,0.3725757575757575,0.3335454545454546,0.501090909090909,0.5161893939393939,78,85
final_portfolio_a0.35_k59,2026-04-30,0.0220326452521454,0.0151678078862187,1.0,0.0119272973438987,-0.0063755119741007,0.7142857142857143,0.007350576640095,-0.0102323675022559,0.5384615384615384,0.0100623519125903,0.0,45.76923076923077,41,55,0.35,59,final_portfolio,True,0.5333333333333333,0.5181818181818182,0.503030303030303,0.5234848484848484,0.5253030303030303,0.5818181818181818,0.7090909090909091,0.8878787878787879,0.6722727272727272,0.6544242424242424,0.6636363636363637,0.9848484848484848,0.7,0.7815151515151515,0.7732727272727272,0.660409090909091,0.6206030303030302,61,67
final_portfolio_a0.35_k59,2026-05-06,0.0321950356697142,0.0190346058222312,1.0,0.0145474440994655,-0.0203028513001087,0.5714285714285714,0.009881958802939,-0.0204155294015612,0.4615384615384615,0.0111301944933237,0.0,45.07692307692308,40,54,0.35,59,final_portfolio,True,0.4181818181818181,0.8818181818181818,0.503030303030303,0.5931818181818181,0.5796666666666667,0.5848484848484848,0.5,0.503030303030303,0.5428787878787878,0.5486666666666666,0.1484848484848485,0.4969696969696969,0.3787878787878788,0.305,0.2865151515151515,0.4866060606060606,0.5217439393939394,92,78
final_portfolio_a0.35_k59,2026-05-07,0.0326046176845517,0.0161187874405692,1.0,0.0146688562375413,-0.0261587166833922,0.5714285714285714,0.006550912173442,-0.0261587166833922,0.4615384615384615,0.0094311451130535,0.0,45.38461538461539,38,55,0.35,59,final_portfolio,True,0.7242424242424242,0.6787878787878788,0.503030303030303,0.6751515151515152,0.6871212121212121,0.6878787878787879,0.6333333333333333,0.4909090909090909,0.6392424242424242,0.6501818181818181,0.3606060606060606,0.6333333333333333,0.3090909090909091,0.4483333333333333,0.4454545454545454,0.5927424242424242,0.6342484848484847,66,52
final_portfolio_a0.35_k59,2026-05-08,0.0365577602120257,0.0172197696617292,1.0,0.0193562252684519,-0.025486063786799,0.8571428571428571,0.0099630118437631,-0.0277888403017178,0.6923076923076923,0.0121542205899755,0.0,46.46153846153846,41,59,0.35,59,final_portfolio,True,0.4181818181818181,0.8757575757575757,0.503030303030303,0.591060606060606,0.5776666666666666,0.4424242424242424,0.6363636363636364,0.5333333333333333,0.5239393939393939,0.5155151515151515,0.1212121212121212,0.5545454545454546,0.7454545454545455,0.3665151515151515,0.3266363636363637,0.4968484848484848,0.5120439393939393,84,87
final_portfolio_a0.40_k35,2026-04-30,0.0256619003460832,0.0182936236279806,1.0,0.0129935705542684,-0.0076312718051364,0.7142857142857143,0.0077506604180544,-0.0185444832887,0.6153846153846154,0.0110237443885968,0.0,35.0,35,35,0.4,35,final_portfolio,True,0.9333333333333332,0.993939393939394,0.503030303030303,0.8899999999999999,0.9103030303030302,0.9272727272727272,0.6121212121212121,0.8878787878787879,0.811060606060606,0.8193333333333332,0.7151515151515152,0.2303030303030303,0.987878787878788,0.5863636363636364,0.5824242424242424,0.7673333333333333,0.8201848484848484,21,12
final_portfolio_a0.40_k35,2026-05-06,0.0357799393433524,0.0193279055225974,1.0,0.0156036881718388,-0.0222554831812791,0.5714285714285714,0.0100499055431946,-0.02299213885614,0.4615384615384615,0.0118540461398617,0.0,35.0,35,35,0.4,35,final_portfolio,True,0.8424242424242424,0.9090909090909092,0.503030303030303,0.8148484848484848,0.8304848484848484,0.9151515151515152,0.2727272727272727,0.503030303030303,0.6284848484848484,0.6619393939393938,0.2181818181818181,0.2121212121212121,0.3787878787878788,0.2401515151515151,0.2322424242424242,0.5678939393939394,0.6649030303030302,41,23
final_portfolio_a0.40_k35,2026-05-07,0.0365214381258535,0.0198119526938264,1.0,0.0167551459037743,-0.0268849503032201,0.5714285714285714,0.0069224209002095,-0.0268849503032201,0.4615384615384615,0.0112347810259017,0.0,35.0,35,35,0.4,35,final_portfolio,True,0.9696969696969696,0.9151515151515152,0.503030303030303,0.8806060606060606,0.9050303030303032,0.9818181818181818,0.4181818181818181,0.4909090909090909,0.7109090909090908,0.7467272727272727,0.5878787878787879,0.4181818181818181,0.3090909090909091,0.4866666666666667,0.5039999999999999,0.6945454545454545,0.773639393939394,29,22
final_portfolio_a0.40_k35,2026-05-08,0.0384469478583342,0.0185277133264065,1.0,0.019120829395665,-0.0295113812897533,0.8571428571428571,0.0098673826763093,-0.0295113812897533,0.7692307692307693,0.0120175616353261,0.0,35.0,35,35,0.4,35,final_portfolio,True,0.8424242424242424,0.9757575757575756,0.503030303030303,0.8381818181818181,0.8524848484848484,0.3757575757575757,0.2727272727272727,0.5333333333333333,0.3633333333333333,0.3575151515151514,0.0787878787878787,0.4181818181818181,0.9757575757575756,0.3321212121212121,0.2804848484848484,0.4964242424242424,0.5439484848484848,86,64
final_portfolio_a0.40_k38,2026-04-30,0.0241251551216945,0.0144529890032832,1.0,0.0117760685224464,-0.0090793957408601,0.7142857142857143,0.0072366507620995,-0.0162339534200334,0.5384615384615384,0.0096979519727351,0.0,38.0,38,38,0.4,38,final_portfolio,True,0.8727272727272727,0.4,0.503030303030303,0.6518181818181817,0.6797575757575757,0.5393939393939394,0.509090909090909,0.8878787878787879,0.581060606060606,0.5642424242424242,0.6484848484848484,0.3818181818181818,0.7,0.5628787878787879,0.5656363636363636,0.5968333333333333,0.6106575757575757,75,71
final_portfolio_a0.40_k38,2026-05-06,0.0346635285379334,0.0182875813352343,1.0,0.0145703632421668,-0.0236012376233869,0.5714285714285714,0.0097196102279413,-0.0236012376233869,0.4615384615384615,0.0109388986659475,0.0,38.0,38,38,0.4,38,final_portfolio,True,0.7696969696969697,0.7878787878787878,0.503030303030303,0.736060606060606,0.7490303030303029,0.6121212121212121,0.1757575757575757,0.503030303030303,0.443030303030303,0.4572121212121211,0.0969696969696969,0.1757575757575757,0.3787878787878788,0.1668181818181818,0.1511515151515151,0.4480757575757575,0.528030303030303,128,74
final_portfolio_a0.40_k38,2026-05-07,0.0361306187962049,0.0198405676926333,1.0,0.0163857791459989,-0.02638444789539,0.5714285714285714,0.0076941559950132,-0.02638444789539,0.4615384615384615,0.011219791652571,0.0,38.0,38,38,0.4,38,final_portfolio,True,0.9636363636363636,0.9272727272727272,0.503030303030303,0.8818181818181818,0.9055757575757576,0.9575757575757576,0.5727272727272728,0.4909090909090909,0.7528787878787878,0.7839090909090909,0.9575757575757576,0.5727272727272728,0.3090909090909091,0.7256060606060606,0.7657272727272727,0.7833787878787879,0.8298484848484847,14,10
final_portfolio_a0.40_k38,2026-05-08,0.0383431541764857,0.0173408544948127,1.0,0.019508435230627,-0.0271878114992949,0.8571428571428571,0.010356588457369,-0.0285990318915669,0.7692307692307693,0.0123686907101359,0.0,38.0,38,38,0.4,38,final_portfolio,True,0.8242424242424242,0.896969696969697,0.503030303030303,0.8015151515151515,0.816121212121212,0.4848484848484848,0.4363636363636363,0.5333333333333333,0.4751515151515151,0.4736969696969697,0.2727272727272727,0.4787878787878787,0.9757575757575756,0.4503030303030302,0.411030303030303,0.5656060606060606,0.6012666666666666,35,35
final_portfolio_a0.40_k41,2026-04-30,0.0220605936119294,0.0134554340628408,1.0,0.0105286994159534,-0.0109644337882635,0.7142857142857143,0.0063708780798833,-0.0131128549560871,0.5384615384615384,0.0085761471801513,0.0,41.0,41,41,0.4,41,final_portfolio,True,0.5454545454545454,0.3333333333333333,0.503030303030303,0.4648484848484848,0.4712121212121211,0.503030303030303,0.2606060606060606,0.8878787878787879,0.4759090909090909,0.4615151515151515,0.4969696969696969,0.6424242424242425,0.7,0.5783333333333334,0.5652727272727273,0.5033181818181819,0.4809575757575757,81,84
final_portfolio_a0.40_k41,2026-05-06,0.0345919392765127,0.0190458495932327,1.0,0.0146539826011948,-0.0218024727496405,0.5714285714285714,0.0102103851244739,-0.0218024727496405,0.4615384615384615,0.0114422327886454,0.0,40.92307692307692,40,41,0.4,41,final_portfolio,True,0.7454545454545455,0.9030303030303032,0.503030303030303,0.7642424242424242,0.7732121212121212,0.6424242424242425,0.3454545454545454,0.503030303030303,0.5175757575757576,0.5304848484848484,0.2848484848484848,0.3454545454545454,0.3787878787878788,0.3201515151515151,0.3142424242424242,0.5323484848484848,0.595139393939394,63,53
final_portfolio_a0.40_k41,2026-05-07,0.034185145307291,0.0176727556216534,1.0,0.0153532032985587,-0.02638444789539,0.5714285714285714,0.0069998862397821,-0.02638444789539,0.4615384615384615,0.0101658567347887,0.0,40.76923076923077,38,41,0.4,41,final_portfolio,True,0.896969696969697,0.7878787878787878,0.503030303030303,0.7996969696969696,0.8215757575757575,0.8181818181818182,0.5727272727272728,0.4909090909090909,0.6831818181818182,0.7044545454545454,0.6484848484848484,0.5727272727272728,0.3090909090909091,0.571060606060606,0.5895454545454545,0.6845,0.7340666666666666,31,29
final_portfolio_a0.40_k41,2026-05-08,0.0377533080778157,0.0177927415680376,1.0,0.0190135675868033,-0.0262001784238907,0.8571428571428571,0.0103435051170521,-0.0306268158982568,0.6923076923076923,0.0122005524588949,0.0,41.0,41,41,0.4,41,final_portfolio,True,0.6727272727272727,0.9454545454545454,0.503030303030303,0.7427272727272727,0.7457575757575757,0.3515151515151515,0.5393939393939394,0.5333333333333333,0.4445454545454545,0.4316969696969697,0.2666666666666666,0.2545454545454545,0.7454545454545455,0.3342424242424242,0.3105454545454545,0.5009090909090909,0.5391484848484849,79,68
final_portfolio_a0.40_k44,2026-04-30,0.0237750911763079,0.0152755360845506,1.0,0.0125072937089867,-0.0066643919520233,0.7142857142857143,0.0070869380794115,-0.0153106502187884,0.5384615384615384,0.0103058040049959,0.0,43.38461538461539,41,44,0.4,44,final_portfolio,True,0.793939393939394,0.5545454545454546,0.503030303030303,0.6665151515151515,0.6858484848484848,0.806060606060606,0.6545454545454545,0.8878787878787879,0.7653030303030303,0.7642424242424242,0.6181818181818182,0.4303030303030303,0.7,0.5646969696969697,0.5643636363636363,0.6754848484848484,0.7029030303030303,59,48
final_portfolio_a0.40_k44,2026-05-06,0.033418482383372,0.0185589614046568,1.0,0.0150853885463676,-0.0203351699456533,0.5714285714285714,0.0105659601573177,-0.0203351699456533,0.4615384615384615,0.0115419986215517,0.0,43.23076923076923,40,44,0.4,44,final_portfolio,True,0.6181818181818182,0.8151515151515152,0.503030303030303,0.6698484848484848,0.6716666666666666,0.7696969696969697,0.4787878787878787,0.503030303030303,0.6278787878787878,0.647030303030303,0.4787878787878787,0.5151515151515151,0.3787878787878788,0.4765151515151515,0.4807878787878788,0.5950606060606061,0.6319484848484849,31,33
final_portfolio_a0.40_k44,2026-05-07,0.0339028727555413,0.0162666211871618,1.0,0.0156181111426481,-0.02638444789539,0.5714285714285714,0.0073500482277582,-0.02638444789539,0.4615384615384615,0.0100137765596177,0.0,43.07692307692308,38,44,0.4,44,final_portfolio,True,0.8666666666666667,0.696969696969697,0.503030303030303,0.7527272727272727,0.7743030303030303,0.8848484848484849,0.5727272727272728,0.4909090909090909,0.7165151515151514,0.7424545454545455,0.8666666666666667,0.5727272727272728,0.3090909090909091,0.6801515151515152,0.7139090909090909,0.716469696969697,0.7509121212121211,24,26
final_portfolio_a0.40_k44,2026-05-08,0.0376987103257634,0.0167192150100262,1.0,0.0196651408860419,-0.0262001784238907,0.8571428571428571,0.0106631936685545,-0.0285233404561434,0.6923076923076923,0.0123449826225622,0.0,43.15384615384615,41,44,0.4,44,final_portfolio,True,0.6666666666666666,0.8333333333333334,0.503030303030303,0.7004545454545454,0.7053030303030303,0.503030303030303,0.5393939393939394,0.5333333333333333,0.5203030303030303,0.5180606060606061,0.4,0.5060606060606061,0.7454545454545455,0.4889393939393939,0.4695454545454546,0.5649393939393939,0.5856803030303032,36,43
final_portfolio_a0.40_k47,2026-04-30,0.0229039504974403,0.0152755360845506,1.0,0.0121779367902304,-0.0060981364406197,0.7142857142857143,0.0066876991796669,-0.0157198254362392,0.5384615384615384,0.0100524037248046,0.0,44.53846153846154,41,47,0.4,47,final_portfolio,True,0.6606060606060606,0.5545454545454546,0.503030303030303,0.5998484848484849,0.6098484848484849,0.6848484848484848,0.7393939393939394,0.8878787878787879,0.7343939393939394,0.7231515151515151,0.5454545454545454,0.4121212121212121,0.7,0.521969696969697,0.5169090909090909,0.6303030303030304,0.6468939393939394,69,62
final_portfolio_a0.40_k47,2026-05-06,0.0334439035164093,0.0185589614046568,1.0,0.0151581841756027,-0.0188257237298409,0.5714285714285714,0.0104417564215436,-0.0201818702006253,0.4615384615384615,0.0117875883998013,0.0,44.15384615384615,40,47,0.4,47,final_portfolio,True,0.6303030303030303,0.8151515151515152,0.503030303030303,0.6759090909090908,0.6785757575757575,0.8,0.7454545454545455,0.503030303030303,0.7363636363636363,0.7523030303030303,0.4,0.5393939393939394,0.3787878787878788,0.4456060606060606,0.4438787878787879,0.631,0.6765484848484848,18,18
final_portfolio_a0.40_k47,2026-05-07,0.0329638807424585,0.0152210652438935,1.0,0.0148779993082141,-0.02638444789539,0.5714285714285714,0.00680116517892,-0.02638444789539,0.4615384615384615,0.0094249048099154,0.0,44.38461538461539,38,47,0.4,47,final_portfolio,True,0.7575757575757576,0.6121212121212121,0.503030303030303,0.6684848484848485,0.684121212121212,0.7090909090909091,0.5727272727272728,0.4909090909090909,0.6286363636363635,0.6422727272727272,0.4969696969696969,0.5727272727272728,0.3090909090909091,0.4953030303030303,0.5031818181818182,0.6005909090909091,0.6381484848484849,65,51
final_portfolio_a0.40_k47,2026-05-08,0.0362871376272487,0.0167192150100262,1.0,0.0194164429714613,-0.0262001784238907,0.8571428571428571,0.0103657640697476,-0.0285233404561434,0.6923076923076923,0.011933922801513,0.0,44.46153846153846,41,47,0.4,47,final_portfolio,True,0.3757575757575757,0.8333333333333334,0.503030303030303,0.555,0.5394848484848485,0.4484848484848485,0.5393939393939394,0.5333333333333333,0.493030303030303,0.4869696969696969,0.2787878787878788,0.5060606060606061,0.7454545454545455,0.4283333333333333,0.4004545454545455,0.4922121212121212,0.4949984848484848,94,102
final_portfolio_a0.40_k50,2026-04-30,0.0225094118912615,0.0152755360845506,1.0,0.0120912684881688,-0.0060981364406197,0.7142857142857143,0.006876826887199,-0.0126544871238906,0.5384615384615384,0.0101081231685723,0.0,45.23076923076923,41,50,0.4,50,final_portfolio,True,0.593939393939394,0.5545454545454546,0.503030303030303,0.5665151515151515,0.5718484848484848,0.6484848484848484,0.7393939393939394,0.8878787878787879,0.7162121212121212,0.7024242424242424,0.5757575757575758,0.7151515151515152,0.7,0.6431818181818182,0.6341818181818182,0.6493939393939394,0.6399575757575757,64,64
final_portfolio_a0.40_k50,2026-05-06,0.0323880122437244,0.0185589614046568,1.0,0.0145338081376221,-0.0200222146579677,0.5714285714285714,0.0101055539395541,-0.0201818702006253,0.4615384615384615,0.0111802685208503,0.0,44.69230769230769,40,50,0.4,50,final_portfolio,True,0.4545454545454545,0.8151515151515152,0.503030303030303,0.588030303030303,0.5783939393939393,0.5757575757575758,0.5363636363636364,0.503030303030303,0.551060606060606,0.5554848484848485,0.2545454545454545,0.5393939393939394,0.3787878787878788,0.3728787878787878,0.360969696969697,0.5086969696969696,0.5354712121212121,79,72
final_portfolio_a0.40_k50,2026-05-07,0.0323088835843848,0.0152210652438935,1.0,0.0145536712730172,-0.02638444789539,0.5714285714285714,0.0066191131758595,-0.02638444789539,0.4615384615384615,0.009176809870585,0.0,45.0,38,50,0.4,50,final_portfolio,True,0.703030303030303,0.6121212121212121,0.503030303030303,0.6412121212121211,0.653030303030303,0.6666666666666666,0.5727272727272728,0.4909090909090909,0.6074242424242423,0.618090909090909,0.3939393939393939,0.5727272727272728,0.3090909090909091,0.4437878787878788,0.4444545454545454,0.5684696969696968,0.6060212121212121,74,61
final_portfolio_a0.40_k50,2026-05-08,0.0362341012650906,0.0167192150100262,1.0,0.0194344073903821,-0.0262001784238907,0.8571428571428571,0.010122376813131,-0.0285233404561434,0.6923076923076923,0.0119056287739534,0.0,45.38461538461539,41,50,0.4,50,final_portfolio,True,0.3636363636363636,0.8333333333333334,0.503030303030303,0.548939393939394,0.5325757575757576,0.4666666666666667,0.5393939393939394,0.5333333333333333,0.5021212121212121,0.4973333333333333,0.1636363636363636,0.5060606060606061,0.7454545454545455,0.3707575757575757,0.3348181818181818,0.4767575757575757,0.4870530303030302,115,104
final_portfolio_a0.40_k53,2026-04-30,0.022288454821627,0.0152755360845506,1.0,0.0119965726011826,-0.0060981364406197,0.7142857142857143,0.0070552760745632,-0.0106781888747347,0.5384615384615384,0.0101465396305365,0.0,45.61538461538461,41,53,0.4,53,final_portfolio,True,0.5757575757575758,0.5545454545454546,0.503030303030303,0.5574242424242425,0.5614848484848485,0.6060606060606061,0.7393939393939394,0.8878787878787879,0.695,0.6782424242424243,0.6060606060606061,0.9696969696969696,0.7,0.7474242424242423,0.7354545454545455,0.6694545454545454,0.6401212121212121,60,63
final_portfolio_a0.40_k53,2026-05-06,0.0318261735498361,0.0185589614046568,1.0,0.0144659490788768,-0.0200222146579677,0.5714285714285714,0.0100690144463835,-0.0201818702006253,0.4615384615384615,0.0110316393234095,0.0,45.0,40,53,0.4,53,final_portfolio,True,0.3454545454545454,0.8151515151515152,0.503030303030303,0.5334848484848485,0.5162121212121212,0.5515151515151515,0.5363636363636364,0.503030303030303,0.5389393939393939,0.5416666666666666,0.2363636363636363,0.5393939393939394,0.3787878787878788,0.3637878787878787,0.3506060606060606,0.4847575757575758,0.5028257575757576,97,87
final_portfolio_a0.40_k53,2026-05-07,0.0321781573939785,0.0152210652438935,1.0,0.014497645762843,-0.02638444789539,0.5714285714285714,0.006588945593458,-0.02638444789539,0.4615384615384615,0.0091300544275173,0.0,45.23076923076923,38,53,0.4,53,final_portfolio,True,0.696969696969697,0.6121212121212121,0.503030303030303,0.6381818181818182,0.6495757575757576,0.6545454545454545,0.5727272727272728,0.4909090909090909,0.6013636363636363,0.6111818181818182,0.3878787878787879,0.5727272727272728,0.3090909090909091,0.4407575757575758,0.4409999999999999,0.5642272727272727,0.6010121212121211,75,63
final_portfolio_a0.40_k53,2026-05-08,0.0367391165018204,0.0167192150100262,1.0,0.0196289003600294,-0.0262001784238907,0.8571428571428571,0.0101035665757115,-0.0285233404561434,0.6923076923076923,0.0120690514193429,0.0,46.0,41,53,0.4,53,final_portfolio,True,0.4424242424242424,0.8333333333333334,0.503030303030303,0.5883333333333334,0.5774848484848485,0.4969696969696969,0.5393939393939394,0.5333333333333333,0.5172727272727272,0.5146060606060606,0.1575757575757575,0.5060606060606061,0.7454545454545455,0.3677272727272727,0.3313636363636364,0.4937272727272727,0.5122712121212122,90,86
final_portfolio_a0.40_k56,2026-04-30,0.022288454821627,0.0152755360845506,1.0,0.0119965726011826,-0.0060981364406197,0.7142857142857143,0.0075238472012681,-0.0106781888747347,0.5384615384615384,0.0101866024618698,0.0,45.76923076923077,41,55,0.4,56,final_portfolio,True,0.5757575757575758,0.5545454545454546,0.503030303030303,0.5574242424242425,0.5614848484848485,0.6060606060606061,0.7393939393939394,0.8878787878787879,0.695,0.6782424242424243,0.6878787878787879,0.9696969696969696,0.7,0.7883333333333333,0.7820909090909091,0.6817272727272727,0.6471166666666667,57,60
final_portfolio_a0.40_k56,2026-05-06,0.0318261735498361,0.0185589614046568,1.0,0.0144357701669407,-0.0200222146579677,0.5714285714285714,0.0100527642630333,-0.0201818702006253,0.4615384615384615,0.0110225090418214,0.0,45.07692307692308,40,54,0.4,56,final_portfolio,True,0.3454545454545454,0.8151515151515152,0.503030303030303,0.5334848484848485,0.5162121212121212,0.5363636363636364,0.5363636363636364,0.503030303030303,0.5313636363636364,0.533030303030303,0.2272727272727272,0.5393939393939394,0.3787878787878788,0.3592424242424242,0.3454242424242424,0.4803636363636363,0.4981621212121212,100,89
final_portfolio_a0.40_k56,2026-05-07,0.0316899185670407,0.0152210652438935,1.0,0.0142884005512982,-0.02638444789539,0.5714285714285714,0.0064762750949339,-0.02638444789539,0.4615384615384615,0.0089554312505904,0.0,45.38461538461539,38,55,0.4,56,final_portfolio,True,0.6575757575757576,0.6121212121212121,0.503030303030303,0.6184848484848484,0.6271212121212121,0.6212121212121212,0.5727272727272728,0.4909090909090909,0.5846969696969696,0.5921818181818181,0.3181818181818182,0.5727272727272728,0.3090909090909091,0.4059090909090909,0.4012727272727272,0.5411969696969696,0.577521212121212,81,71
final_portfolio_a0.40_k56,2026-05-08,0.0367391165018204,0.0167192150100262,1.0,0.0197498666502328,-0.0262001784238907,0.8571428571428571,0.0101687022704364,-0.0285233404561434,0.6923076923076923,0.0121056483746791,0.0,46.23076923076923,41,56,0.4,56,final_portfolio,True,0.4424242424242424,0.8333333333333334,0.503030303030303,0.5883333333333334,0.5774848484848485,0.5333333333333333,0.5393939393939394,0.5333333333333333,0.5354545454545454,0.5353333333333333,0.2121212121212121,0.5060606060606061,0.7454545454545455,0.395,0.3624545454545455,0.5091818181818182,0.5262621212121212,69,79
final_portfolio_a0.40_k59,2026-04-30,0.022288454821627,0.0152755360845506,1.0,0.0119965726011826,-0.0060981364406197,0.7142857142857143,0.0075238472012681,-0.0106781888747347,0.5384615384615384,0.0101866024618698,0.0,45.76923076923077,41,55,0.4,59,final_portfolio,True,0.5757575757575758,0.5545454545454546,0.503030303030303,0.5574242424242425,0.5614848484848485,0.6060606060606061,0.7393939393939394,0.8878787878787879,0.695,0.6782424242424243,0.6878787878787879,0.9696969696969696,0.7,0.7883333333333333,0.7820909090909091,0.6817272727272727,0.6471166666666667,57,60
final_portfolio_a0.40_k59,2026-05-06,0.0318261735498361,0.0185589614046568,1.0,0.0144357701669407,-0.0200222146579677,0.5714285714285714,0.0100527642630333,-0.0201818702006253,0.4615384615384615,0.0110225090418214,0.0,45.07692307692308,40,54,0.4,59,final_portfolio,True,0.3454545454545454,0.8151515151515152,0.503030303030303,0.5334848484848485,0.5162121212121212,0.5363636363636364,0.5363636363636364,0.503030303030303,0.5313636363636364,0.533030303030303,0.2272727272727272,0.5393939393939394,0.3787878787878788,0.3592424242424242,0.3454242424242424,0.4803636363636363,0.4981621212121212,100,89
final_portfolio_a0.40_k59,2026-05-07,0.0316899185670407,0.0152210652438935,1.0,0.0142884005512982,-0.02638444789539,0.5714285714285714,0.0064762750949339,-0.02638444789539,0.4615384615384615,0.0089554312505904,0.0,45.38461538461539,38,55,0.4,59,final_portfolio,True,0.6575757575757576,0.6121212121212121,0.503030303030303,0.6184848484848484,0.6271212121212121,0.6212121212121212,0.5727272727272728,0.4909090909090909,0.5846969696969696,0.5921818181818181,0.3181818181818182,0.5727272727272728,0.3090909090909091,0.4059090909090909,0.4012727272727272,0.5411969696969696,0.577521212121212,81,71
final_portfolio_a0.40_k59,2026-05-08,0.0367391165018204,0.0167192150100262,1.0,0.0196740340464777,-0.0262001784238907,0.8571428571428571,0.0101278693299529,-0.0285233404561434,0.6923076923076923,0.0120827060954046,0.0,46.46153846153846,41,59,0.4,59,final_portfolio,True,0.4424242424242424,0.8333333333333334,0.503030303030303,0.5883333333333334,0.5774848484848485,0.509090909090909,0.5393939393939394,0.5333333333333333,0.5233333333333333,0.5215151515151515,0.1818181818181818,0.5060606060606061,0.7454545454545455,0.3798484848484849,0.3451818181818181,0.4997878787878788,0.5174530303030304,81,84
final_portfolio_a0.45_k35,2026-04-30,0.026499615287572,0.0188504223773213,1.0,0.0132441964008279,-0.0078130057542838,0.5714285714285714,0.0080108828023714,-0.0183133199622237,0.5384615384615384,0.0112834062910588,0.0,35.0,35,35,0.45,35,final_portfolio,True,0.9696969696969696,1.0,0.503030303030303,0.9103030303030304,0.9330303030303032,0.9515151515151516,0.6,0.3878787878787879,0.743939393939394,0.7791515151515152,0.7515151515151515,0.2484848484848484,0.7,0.5677272727272727,0.5803636363636362,0.7409848484848485,0.8108848484848484,35,14
final_portfolio_a0.45_k35,2026-05-06,0.0359418138099101,0.0189055370713326,1.0,0.0156403229166501,-0.0227365732945725,0.5714285714285714,0.0102484567835437,-0.0230437378395043,0.4615384615384615,0.0117875777942633,0.0,35.0,35,35,0.45,35,final_portfolio,True,0.8606060606060606,0.8606060606060606,0.503030303030303,0.8069696969696969,0.8248484848484848,0.9272727272727272,0.2121212121212121,0.503030303030303,0.6133333333333333,0.6488484848484848,0.3272727272727272,0.206060606060606,0.3787878787878788,0.2925757575757575,0.2924242424242424,0.5751969696969697,0.6657848484848484,38,22
final_portfolio_a0.45_k35,2026-05-07,0.036116020727805,0.0194331659178495,1.0,0.016653799283417,-0.0271862678937184,0.5714285714285714,0.0068961170995923,-0.0271862678937184,0.4615384615384615,0.0110044407387246,0.0,35.0,35,35,0.45,35,final_portfolio,True,0.9575757575757576,0.8848484848484849,0.503030303030303,0.8639393939393939,0.8881212121212121,0.9696969696969696,0.3272727272727272,0.4909090909090909,0.673030303030303,0.7098181818181818,0.5757575757575758,0.3272727272727272,0.3090909090909091,0.4487878787878788,0.467090909090909,0.6630303030303031,0.7447303030303031,40,27
final_portfolio_a0.45_k35,2026-05-08,0.0389360767327257,0.0182121993952508,1.0,0.0194591907947198,-0.030745662186417,0.8571428571428571,0.0100460859514005,-0.030745662186417,0.6923076923076923,0.0104335779295748,0.0015,35.0,35,35,0.45,35,final_portfolio,True,0.9515151515151516,0.9636363636363636,0.503030303030303,0.8884848484848484,0.9106666666666668,0.4727272727272727,0.0848484848484848,0.5333333333333333,0.346060606060606,0.3507878787878788,0.1454545454545454,0.2121212121212121,0.7454545454545455,0.2587878787878788,0.2274545454545454,0.4826060606060606,0.5547393939393941,111,56
final_portfolio_a0.45_k38,2026-04-30,0.0247025768499639,0.0144583593012481,1.0,0.0118389114386109,-0.0094705087516929,0.7142857142857143,0.0074143967188157,-0.0156329955525926,0.5384615384615384,0.009833296625737,0.0,38.0,38,38,0.45,38,final_portfolio,True,0.9151515151515152,0.406060606060606,0.503030303030303,0.6751515151515152,0.7059393939393939,0.5454545454545454,0.4909090909090909,0.8878787878787879,0.5777272727272726,0.5616969696969696,0.6727272727272727,0.4181818181818181,0.7,0.5877272727272727,0.5914545454545453,0.6099545454545454,0.6238575757575756,72,66
final_portfolio_a0.45_k38,2026-05-06,0.0346622929428065,0.0177469192023016,1.0,0.0144591994327399,-0.0242432744900135,0.5714285714285714,0.0098586815028727,-0.0242432744900135,0.4615384615384615,0.010723503326008,0.0,38.0,38,38,0.45,38,final_portfolio,True,0.7636363636363637,0.7151515151515152,0.503030303030303,0.7075757575757575,0.7215757575757575,0.5454545454545454,0.103030303030303,0.503030303030303,0.3842424242424242,0.3952121212121211,0.1393939393939394,0.103030303030303,0.3787878787878788,0.1625757575757575,0.1513333333333333,0.4147424242424242,0.4891757575757575,135,92
final_portfolio_a0.45_k38,2026-05-07,0.0356576791762676,0.0194842669694636,1.0,0.0162171140545904,-0.0266101791073877,0.5714285714285714,0.0077678795680272,-0.0266101791073877,0.4615384615384615,0.0109832757133378,0.0,38.0,38,38,0.45,38,final_portfolio,True,0.9515151515151516,0.896969696969697,0.503030303030303,0.8651515151515151,0.8886666666666667,0.9454545454545454,0.5181818181818182,0.4909090909090909,0.7277272727272727,0.759,0.9696969696969696,0.5181818181818182,0.3090909090909091,0.7125757575757576,0.7546363636363637,0.7644090909090908,0.8102121212121213,17,15
final_portfolio_a0.45_k38,2026-05-08,0.0387884205024054,0.0168781697531108,1.0,0.0198793455200561,-0.0280628981221185,0.8571428571428571,0.010598423455462,-0.0294002445247294,0.7692307692307693,0.0123553420392856,0.0,38.0,38,38,0.45,38,final_portfolio,True,0.8727272727272727,0.8545454545454545,0.503030303030303,0.8109090909090908,0.8297575757575757,0.5454545454545454,0.3757575757575757,0.5333333333333333,0.4842424242424242,0.4882424242424242,0.3696969696969697,0.4242424242424242,0.9757575757575756,0.4796969696969697,0.4483030303030303,0.5808787878787878,0.6188575757575757,28,29
final_portfolio_a0.45_k41,2026-04-30,0.0223284791779437,0.0133302839083399,1.0,0.0104167787529999,-0.0116065449988964,0.5714285714285714,0.006426854843007,-0.0120557827742433,0.4615384615384615,0.008477931014406,0.0,41.0,41,41,0.45,41,final_portfolio,True,0.5878787878787879,0.303030303030303,0.503030303030303,0.4754545454545454,0.4853939393939394,0.4969696969696969,0.1939393939393939,0.3878787878787879,0.3745454545454545,0.386060606060606,0.503030303030303,0.793939393939394,0.2151515151515151,0.5616666666666665,0.5702424242424242,0.4609545454545454,0.4534212121212121,87,88
final_portfolio_a0.45_k41,2026-05-06,0.0345830783636438,0.0186250525465566,1.0,0.0145605672097963,-0.0217378344673359,0.5714285714285714,0.0104072563378831,-0.0217378344673359,0.4615384615384615,0.0113903371110991,0.0,40.92307692307692,40,41,0.45,41,final_portfolio,True,0.7333333333333333,0.8363636363636363,0.503030303030303,0.7348484848484848,0.7443030303030302,0.6060606060606061,0.3515151515151515,0.503030303030303,0.5015151515151515,0.5117575757575757,0.3939393939393939,0.3515151515151515,0.3787878787878788,0.3768181818181818,0.3784242424242424,0.5341060606060606,0.5847757575757575,62,55
final_portfolio_a0.45_k41,2026-05-07,0.0334634333133281,0.0170456463997958,1.0,0.0150472463875525,-0.0266101791073877,0.5714285714285714,0.0069729812640952,-0.0266101791073877,0.4615384615384615,0.00979305487981,0.0,40.76923076923077,38,41,0.45,41,final_portfolio,True,0.8242424242424242,0.7636363636363637,0.503030303030303,0.7548484848484849,0.772121212121212,0.7515151515151515,0.5181818181818182,0.4909090909090909,0.6307575757575757,0.6484545454545454,0.6242424242424243,0.5181818181818182,0.3090909090909091,0.5398484848484849,0.5577272727272727,0.6407121212121212,0.684312121212121,49,42
final_portfolio_a0.45_k41,2026-05-08,0.0381110216165939,0.0174099669239372,1.0,0.0192828985034051,-0.0269142930609824,0.8571428571428571,0.0105723323328542,-0.0316535981794645,0.6923076923076923,0.0121633612532466,0.0,41.0,41,41,0.45,41,final_portfolio,True,0.7878787878787878,0.9030303030303032,0.503030303030303,0.7854545454545454,0.7973939393939393,0.4181818181818181,0.4666666666666667,0.5333333333333333,0.4524242424242424,0.4456969696969697,0.3636363636363636,0.1575757575757575,0.7454545454545455,0.3487878787878787,0.3338181818181818,0.5212424242424243,0.5695939393939394,62,49
final_portfolio_a0.45_k44,2026-04-30,0.0242584258904782,0.0153832642828824,1.0,0.0126597726811514,-0.006687739752385,0.7142857142857143,0.0072293200173298,-0.0146352629037186,0.5384615384615384,0.0105114734778011,0.0,43.38461538461539,41,44,0.45,44,final_portfolio,True,0.8848484848484849,0.5969696969696969,0.503030303030303,0.7268181818181818,0.7516666666666667,0.8363636363636363,0.6484848484848484,0.8878787878787879,0.7783333333333332,0.7795151515151515,0.6424242424242425,0.4727272727272727,0.7,0.5916666666666667,0.5921818181818181,0.7068787878787879,0.7402757575757577,45,39
final_portfolio_a0.45_k44,2026-05-06,0.0332494027497245,0.0180833169870824,1.0,0.0150509925076889,-0.0200790094536435,0.5714285714285714,0.0108006065597443,-0.0201531216993051,0.4615384615384615,0.0114989543067044,0.0,43.23076923076923,40,44,0.45,44,final_portfolio,True,0.5757575757575758,0.7666666666666667,0.503030303030303,0.6316666666666666,0.6314848484848485,0.7515151515151515,0.5212121212121212,0.503030303030303,0.6336363636363636,0.6506666666666666,0.6,0.5727272727272728,0.3787878787878788,0.5572727272727273,0.5688787878787879,0.6101363636363636,0.6307257575757577,24,34
final_portfolio_a0.45_k44,2026-05-07,0.0331742837074059,0.01548847288824,1.0,0.0153630839898547,-0.0266101791073877,0.5714285714285714,0.0073709885842709,-0.0266101791073877,0.4615384615384615,0.009636623837,0.0,43.07692307692308,38,44,0.45,44,final_portfolio,True,0.7757575757575758,0.6484848484848484,0.503030303030303,0.6903030303030302,0.7064848484848484,0.8242424242424242,0.5181818181818182,0.4909090909090909,0.6671212121212121,0.6899090909090908,0.8727272727272727,0.5181818181818182,0.3090909090909091,0.6640909090909091,0.6993636363636363,0.6731666666666666,0.6979575757575756,34,39
final_portfolio_a0.45_k44,2026-05-08,0.0380361478739893,0.0162186603583233,1.0,0.0200110842944425,-0.0269142930609824,0.8571428571428571,0.0109225954610509,-0.029257840610569,0.6923076923076923,0.0123243547257939,0.0,43.15384615384615,41,44,0.45,44,final_portfolio,True,0.7575757575757576,0.796969696969697,0.503030303030303,0.7331818181818182,0.7451212121212121,0.5696969696969697,0.4666666666666667,0.5333333333333333,0.5281818181818182,0.532060606060606,0.4666666666666667,0.4454545454545454,0.7454545454545455,0.501060606060606,0.4875454545454545,0.5815454545454545,0.6106075757575757,27,32
final_portfolio_a0.45_k47,2026-04-30,0.0232531737770041,0.0153832642828824,1.0,0.0122774077714916,-0.00583815998328,0.7142857142857143,0.0067656559113784,-0.0151357152647905,0.5384615384615384,0.0102459463193814,0.0,44.53846153846154,41,47,0.45,47,final_portfolio,True,0.703030303030303,0.5969696969696969,0.503030303030303,0.6359090909090909,0.648030303030303,0.7333333333333333,0.7575757575757576,0.8878787878787879,0.765,0.7567878787878788,0.5515151515151515,0.4363636363636363,0.7,0.5334848484848485,0.5283636363636363,0.6568181818181819,0.679021212121212,63,50
final_portfolio_a0.45_k47,2026-05-06,0.033277853682444,0.0180833169870824,1.0,0.0151317779230042,-0.0183892885833622,0.5714285714285714,0.0106584752477521,-0.0201531216993051,0.4615384615384615,0.0117649339004542,0.0,44.15384615384615,40,47,0.45,47,final_portfolio,True,0.5818181818181818,0.7666666666666667,0.503030303030303,0.6346969696969696,0.6349393939393939,0.7818181818181819,0.8242424242424242,0.503030303030303,0.7548484848484849,0.7679393939393939,0.5151515151515151,0.5727272727272728,0.3787878787878788,0.5148484848484848,0.5205151515151515,0.6468030303030302,0.6776257575757576,16,17
final_portfolio_a0.45_k47,2026-05-07,0.0321392973447063,0.0143233430472178,1.0,0.0145396155084192,-0.0266101791073877,0.5714285714285714,0.0067518417921517,-0.0266101791073877,0.4615384615384615,0.0089826930910751,0.0,44.38461538461539,38,47,0.45,47,final_portfolio,True,0.6909090909090909,0.509090909090909,0.503030303030303,0.5990909090909091,0.6121212121212121,0.6606060606060606,0.5181818181818182,0.4909090909090909,0.5853030303030303,0.5966363636363636,0.4727272727272727,0.5181818181818182,0.3090909090909091,0.4640909090909091,0.4713636363636363,0.5530757575757577,0.5840393939393939,77,70
final_portfolio_a0.45_k47,2026-05-08,0.0364198105649889,0.0162186603583233,1.0,0.0197154601610177,-0.0269142930609824,0.8571428571428571,0.0105696323907302,-0.029257840610569,0.6923076923076923,0.011849823886606,0.0,44.46153846153846,41,47,0.45,47,final_portfolio,True,0.406060606060606,0.796969696969697,0.503030303030303,0.5574242424242424,0.5447575757575758,0.5212121212121212,0.4666666666666667,0.5333333333333333,0.5039393939393939,0.5044242424242424,0.3575757575757576,0.4454545454545454,0.7454545454545455,0.4465151515151515,0.4253636363636364,0.5027575757575757,0.5086984848484849,75,90
final_portfolio_a0.45_k50,2026-04-30,0.0227976898431447,0.0153832642828824,1.0,0.0121744587664821,-0.0058207609071388,0.7142857142857143,0.0069756681921881,-0.0116849125791968,0.5384615384615384,0.0103070441084296,0.0,45.23076923076923,41,50,0.45,50,final_portfolio,True,0.6242424242424243,0.5969696969696969,0.503030303030303,0.5965151515151514,0.6031212121212122,0.6787878787878788,0.7727272727272727,0.8878787878787879,0.743030303030303,0.7306969696969698,0.6,0.8606060606060606,0.7,0.7062121212121212,0.696,0.688030303030303,0.6744621212121213,56,54
final_portfolio_a0.45_k50,2026-05-06,0.0320876079945344,0.0180833169870824,1.0,0.0144302513975034,-0.0197415780158266,0.5714285714285714,0.0102807301955594,-0.0201531216993051,0.4615384615384615,0.0110805041471364,0.0,44.69230769230769,40,50,0.45,50,final_portfolio,True,0.3878787878787879,0.7666666666666667,0.503030303030303,0.5377272727272727,0.5243939393939394,0.5272727272727272,0.5727272727272728,0.503030303030303,0.5395454545454546,0.5398484848484848,0.3393939393939394,0.5727272727272728,0.3787878787878788,0.4269696969696969,0.4203333333333334,0.5052272727272726,0.5157393939393939,80,83
final_portfolio_a0.45_k50,2026-05-07,0.0314240434485915,0.0143233430472178,1.0,0.0141860122932245,-0.0266101791073877,0.5714285714285714,0.0065513666315939,-0.0266101791073877,0.4615384615384615,0.0087117753518358,0.0,45.0,38,50,0.45,50,final_portfolio,True,0.6484848484848484,0.509090909090909,0.503030303030303,0.5778787878787879,0.5879393939393939,0.5818181818181818,0.5181818181818182,0.4909090909090909,0.5459090909090909,0.5517272727272727,0.3696969696969697,0.5181818181818182,0.3090909090909091,0.4125757575757576,0.4126363636363636,0.5155,0.5453484848484849,91,76
final_portfolio_a0.45_k50,2026-05-08,0.0363551232431407,0.0162186603583233,1.0,0.019729510039008,-0.0269142930609824,0.8571428571428571,0.0102900144549962,-0.029257840610569,0.6923076923076923,0.0118147716374239,0.0,45.38461538461539,41,50,0.45,50,final_portfolio,True,0.3818181818181818,0.796969696969697,0.503030303030303,0.5453030303030303,0.5309393939393939,0.5272727272727272,0.4666666666666667,0.5333333333333333,0.506969696969697,0.5078787878787878,0.2484848484848484,0.4454545454545454,0.7454545454545455,0.3919696969696969,0.3631818181818181,0.4839696969696969,0.4953984848484848,109,100
final_portfolio_a0.45_k53,2026-04-30,0.0225442643911085,0.0153832642828824,1.0,0.0120658478584665,-0.0058207609071388,0.7142857142857143,0.0071728567517634,-0.0111240102472135,0.5384615384615384,0.0102660286947362,0.0,45.61538461538461,41,53,0.45,53,final_portfolio,True,0.6060606060606061,0.5969696969696969,0.503030303030303,0.5874242424242424,0.5927575757575758,0.6303030303030303,0.7727272727272727,0.8878787878787879,0.7187878787878788,0.7030606060606059,0.6242424242424243,0.9454545454545454,0.7,0.748030303030303,0.7378181818181818,0.6881515151515151,0.6641530303030303,55,59
final_portfolio_a0.45_k53,2026-05-06,0.0314573114299581,0.0180833169870824,1.0,0.014357553105229,-0.0197415780158266,0.5714285714285714,0.0102415849612578,-0.0201531216993051,0.4615384615384615,0.0109148025009119,0.0,45.0,40,53,0.45,53,final_portfolio,True,0.2909090909090909,0.7666666666666667,0.503030303030303,0.4892424242424242,0.4691212121212121,0.4727272727272727,0.5727272727272728,0.503030303030303,0.5122727272727272,0.5087575757575757,0.3212121212121212,0.5727272727272728,0.3787878787878788,0.4178787878787879,0.409969696969697,0.4770454545454545,0.4780848484848485,106,95
final_portfolio_a0.45_k53,2026-05-07,0.0313058414403336,0.0143233430472178,1.0,0.0141353542896854,-0.0266101791073877,0.5714285714285714,0.0065240892450729,-0.0266101791073877,0.4615384615384615,0.0086694992994977,0.0,45.23076923076923,38,53,0.45,53,final_portfolio,True,0.6424242424242425,0.509090909090909,0.503030303030303,0.5748484848484848,0.5844848484848484,0.5696969696969697,0.5181818181818182,0.4909090909090909,0.5398484848484848,0.5448181818181818,0.3454545454545454,0.5181818181818182,0.3090909090909091,0.4004545454545455,0.3988181818181818,0.508530303030303,0.5387848484848484,94,80
final_portfolio_a0.45_k53,2026-05-08,0.036920472791615,0.0162186603583233,1.0,0.0199446546193472,-0.0269142930609824,0.8571428571428571,0.0102673177825969,-0.029257840610569,0.6923076923076923,0.0119969153538429,0.0,46.0,41,53,0.45,53,final_portfolio,True,0.4848484848484848,0.796969696969697,0.503030303030303,0.5968181818181818,0.5896666666666667,0.5515151515151515,0.4666666666666667,0.5333333333333333,0.519090909090909,0.5216969696969697,0.2424242424242424,0.4454545454545454,0.7454545454545455,0.3889393939393939,0.3597272727272728,0.5033636363636362,0.524589393939394,74,80
final_portfolio_a0.45_k56,2026-04-30,0.0225442643911085,0.0153832642828824,1.0,0.0120658478584665,-0.0058207609071388,0.7142857142857143,0.0076971177624412,-0.0111240102472135,0.5384615384615384,0.0103108530111492,0.0,45.76923076923077,41,55,0.45,56,final_portfolio,True,0.6060606060606061,0.5969696969696969,0.503030303030303,0.5874242424242424,0.5927575757575758,0.6303030303030303,0.7727272727272727,0.8878787878787879,0.7187878787878788,0.7030606060606059,0.7,0.9454545454545454,0.7,0.7859090909090909,0.7809999999999999,0.6995151515151514,0.670630303030303,48,57
final_portfolio_a0.45_k56,2026-05-06,0.0314573114299581,0.0180833169870824,1.0,0.0143240962344158,-0.0197415780158266,0.5714285714285714,0.0102235697231276,-0.0201531216993051,0.4615384615384615,0.0109046805106881,0.0,45.07692307692308,40,54,0.45,56,final_portfolio,True,0.2909090909090909,0.7666666666666667,0.503030303030303,0.4892424242424242,0.4691212121212121,0.4454545454545454,0.5727272727272728,0.503030303030303,0.4986363636363636,0.4932121212121212,0.306060606060606,0.5727272727272728,0.3787878787878788,0.4103030303030303,0.4013333333333334,0.4693181818181818,0.4697939393939394,114,98
final_portfolio_a0.45_k56,2026-05-07,0.0307752194495297,0.0143233430472178,1.0,0.0139079448650552,-0.0266101791073877,0.5714285714285714,0.0064016380164258,-0.0266101791073877,0.4615384615384615,0.0084797173881274,0.0,45.38461538461539,38,55,0.45,56,final_portfolio,True,0.603030303030303,0.509090909090909,0.503030303030303,0.5551515151515152,0.562030303030303,0.5242424242424243,0.5181818181818182,0.4909090909090909,0.5171212121212121,0.5189090909090909,0.2878787878787879,0.5181818181818182,0.3090909090909091,0.3716666666666667,0.366,0.4848939393939394,0.5132212121212121,98,89
final_portfolio_a0.45_k56,2026-05-08,0.036920472791615,0.0162186603583233,1.0,0.0200795450746861,-0.0269142930609824,0.8571428571428571,0.0103399511047025,-0.029257840610569,0.6923076923076923,0.0120377249046773,0.0,46.23076923076923,41,56,0.45,56,final_portfolio,True,0.4848484848484848,0.796969696969697,0.503030303030303,0.5968181818181818,0.5896666666666667,0.5818181818181818,0.4666666666666667,0.5333333333333333,0.5342424242424242,0.538969696969697,0.2606060606060606,0.4454545454545454,0.7454545454545455,0.398030303030303,0.3700909090909091,0.5121515151515151,0.5339166666666667,65,73
final_portfolio_a0.45_k59,2026-04-30,0.0225442643911085,0.0153832642828824,1.0,0.0120658478584665,-0.0058207609071388,0.7142857142857143,0.0076971177624412,-0.0111240102472135,0.5384615384615384,0.0103108530111492,0.0,45.76923076923077,41,55,0.45,59,final_portfolio,True,0.6060606060606061,0.5969696969696969,0.503030303030303,0.5874242424242424,0.5927575757575758,0.6303030303030303,0.7727272727272727,0.8878787878787879,0.7187878787878788,0.7030606060606059,0.7,0.9454545454545454,0.7,0.7859090909090909,0.7809999999999999,0.6995151515151514,0.670630303030303,48,57
final_portfolio_a0.45_k59,2026-05-06,0.0314573114299581,0.0180833169870824,1.0,0.0143240962344158,-0.0197415780158266,0.5714285714285714,0.0102235697231276,-0.0201531216993051,0.4615384615384615,0.0109046805106881,0.0,45.07692307692308,40,54,0.45,59,final_portfolio,True,0.2909090909090909,0.7666666666666667,0.503030303030303,0.4892424242424242,0.4691212121212121,0.4454545454545454,0.5727272727272728,0.503030303030303,0.4986363636363636,0.4932121212121212,0.306060606060606,0.5727272727272728,0.3787878787878788,0.4103030303030303,0.4013333333333334,0.4693181818181818,0.4697939393939394,114,98
final_portfolio_a0.45_k59,2026-05-07,0.0307752194495297,0.0143233430472178,1.0,0.0139079448650552,-0.0266101791073877,0.5714285714285714,0.0064016380164258,-0.0266101791073877,0.4615384615384615,0.0084797173881274,0.0,45.38461538461539,38,55,0.45,59,final_portfolio,True,0.603030303030303,0.509090909090909,0.503030303030303,0.5551515151515152,0.562030303030303,0.5242424242424243,0.5181818181818182,0.4909090909090909,0.5171212121212121,0.5189090909090909,0.2878787878787879,0.5181818181818182,0.3090909090909091,0.3716666666666667,0.366,0.4848939393939394,0.5132212121212121,98,89
final_portfolio_a0.45_k59,2026-05-08,0.036920472791615,0.0162186603583233,1.0,0.0199918428245035,-0.0269142930609824,0.8571428571428571,0.0102927268161426,-0.029257840610569,0.6923076923076923,0.0120111916008336,0.0,46.46153846153846,41,59,0.45,59,final_portfolio,True,0.4848484848484848,0.796969696969697,0.503030303030303,0.5968181818181818,0.5896666666666667,0.5636363636363636,0.4666666666666667,0.5333333333333333,0.5251515151515151,0.5286060606060605,0.2545454545454545,0.4454545454545454,0.7454545454545455,0.3949999999999999,0.3666363636363636,0.5076060606060605,0.5287348484848484,71,77
final_portfolio_a0.50_k35,2026-04-30,0.0277430797876133,0.0170254700908751,1.0,0.0146384729615446,-0.0099572659092018,0.7142857142857143,0.010561476258789,-0.0131454466942645,0.5384615384615384,0.0119034029816492,0.0,35.0,35,35,0.5,35,final_portfolio,True,1.0,0.9333333333333332,0.503030303030303,0.902121212121212,0.9283030303030302,1.0,0.406060606060606,0.8878787878787879,0.7753030303030303,0.7927878787878788,1.0,0.6363636363636364,0.7,0.8277272727272726,0.85,0.8290757575757576,0.8555757575757577,6,5
final_portfolio_a0.50_k35,2026-05-06,0.0331394899061589,0.0144679383561192,1.0,0.0141254046500295,-0.0240128650734595,0.5714285714285714,0.0116459945829056,-0.0240128650734595,0.5384615384615384,0.01006783519455,0.0,35.0,35,35,0.5,35,final_portfolio,True,0.5696969696969697,0.0545454545454545,0.503030303030303,0.3793939393939394,0.393030303030303,0.3636363636363636,0.1272727272727272,0.503030303030303,0.3018181818181818,0.2995757575757575,0.8484848484848485,0.1272727272727272,0.8636363636363636,0.5983333333333334,0.6119999999999999,0.4140454545454546,0.3838212121212121,136,128
final_portfolio_a0.50_k35,2026-05-07,0.0239610120863969,0.0117272200249259,1.0,0.0108019528746473,-0.0287854058710776,0.5714285714285714,0.0050046093538212,-0.0287854058710776,0.4615384615384615,0.0052365620749877,0.0,35.0,35,35,0.5,35,final_portfolio,True,0.0363636363636363,0.1818181818181818,0.503030303030303,0.1572727272727273,0.131030303030303,0.0363636363636363,0.1151515151515151,0.4909090909090909,0.1321212121212121,0.1078181818181818,0.006060606060606,0.1151515151515151,0.3090909090909091,0.0896969696969696,0.0723636363636363,0.1269393939393939,0.1117848484848484,160,160
final_portfolio_a0.50_k35,2026-05-08,0.0389209915567179,0.0140975030005744,1.0,0.0234589731142608,-0.0319566787794219,0.8571428571428571,0.0126485776931031,-0.035202676423648,0.6153846153846154,0.0107234591638829,0.0015,35.0,35,35,0.5,35,final_portfolio,True,0.9393939393939394,0.5515151515151515,0.503030303030303,0.7381818181818182,0.7677575757575756,0.9818181818181818,0.0606060606060606,0.5333333333333333,0.592121212121212,0.632969696969697,0.8545454545454545,0.0363636363636363,0.2909090909090909,0.4836363636363636,0.5281818181818181,0.6033939393939394,0.6696666666666667,18,10
final_portfolio_a0.50_k38,2026-04-30,0.0262119817231734,0.0179554986844508,1.0,0.0130083097773215,-0.0116740055931889,0.5714285714285714,0.009789546671013,-0.0116740055931889,0.5384615384615384,0.0109465543379463,0.0,38.0,38,38,0.5,38,final_portfolio,True,0.9636363636363636,0.9818181818181818,0.503030303030303,0.9009090909090908,0.9235757575757576,0.9333333333333332,0.1818181818181818,0.3878787878787879,0.5884848484848485,0.6307878787878788,0.9636363636363636,0.8666666666666667,0.7,0.8901515151515151,0.9052727272727272,0.7727121212121213,0.7890757575757575,16,21
final_portfolio_a0.50_k38,2026-05-06,0.0320707056848877,0.015436537087894,1.0,0.0137232474602009,-0.025608410254018,0.5714285714285714,0.0118113776245576,-0.025608410254018,0.4615384615384615,0.0095355379482757,0.0,38.0,38,38,0.5,38,final_portfolio,True,0.3818181818181818,0.1575757575757575,0.503030303030303,0.3215151515151515,0.3199393939393939,0.1575757575757575,0.0606060606060606,0.503030303030303,0.1754545454545454,0.1601212121212121,0.8727272727272727,0.0606060606060606,0.3787878787878788,0.5143939393939393,0.5553333333333332,0.3209545454545454,0.283330303030303,154,152
final_portfolio_a0.50_k38,2026-05-07,0.0270005296097668,0.0141979176791145,1.0,0.012380999143461,-0.0268359103193855,0.5714285714285714,0.0062922459500256,-0.0268359103193855,0.4615384615384615,0.0071568225768301,0.0,38.0,38,38,0.5,38,final_portfolio,True,0.2727272727272727,0.4787878787878787,0.503030303030303,0.3793939393939393,0.3637575757575757,0.1757575757575757,0.4666666666666667,0.4909090909090909,0.3248484848484848,0.3032727272727272,0.2424242424242424,0.4666666666666667,0.3090909090909091,0.3309090909090909,0.3230909090909091,0.343030303030303,0.3304393939393939,125,122
final_portfolio_a0.50_k38,2026-05-08,0.0388912647450045,0.0147538679817024,1.0,0.0225287847872571,-0.0312988479609071,0.8571428571428571,0.0127824935779107,-0.0329220973351186,0.6923076923076923,0.0107982931335659,0.0015,38.0,38,38,0.5,38,final_portfolio,True,0.9212121212121211,0.6666666666666666,0.503030303030303,0.7693939393939394,0.7953939393939393,0.8909090909090909,0.0727272727272727,0.5333333333333333,0.5509090909090909,0.5851515151515151,0.8666666666666667,0.103030303030303,0.7454545454545455,0.5812121212121213,0.6025454545454546,0.6255454545454546,0.6703575757575758,10,9
final_portfolio_a0.50_k41,2026-04-30,0.0237596557225281,0.0167933111468575,1.0,0.0133643871185807,-0.0030391607673016,0.5714285714285714,0.0088410517556855,-0.0115698316196923,0.5384615384615384,0.0115316838459417,0.0,41.0,41,41,0.5,41,final_portfolio,True,0.7878787878787878,0.896969696969697,0.503030303030303,0.7833333333333332,0.7953939393939393,0.9696969696969696,0.987878787878788,0.3878787878787879,0.8887878787878788,0.9175151515151516,0.896969696969697,0.9,0.7,0.8684848484848484,0.8782727272727272,0.8510606060606061,0.8627803030303031,1,4
final_portfolio_a0.50_k41,2026-05-06,0.0314791844327821,0.0170108957712464,1.0,0.013410457580326,-0.026004017337329,0.5714285714285714,0.0105572927167859,-0.026004017337329,0.4615384615384615,0.0093427013827001,0.0,40.92307692307692,40,41,0.5,41,final_portfolio,True,0.3090909090909091,0.5333333333333333,0.503030303030303,0.4166666666666666,0.4024848484848484,0.0484848484848484,0.0484848484848484,0.503030303030303,0.1166666666666666,0.0939393939393939,0.4545454545454545,0.0484848484848484,0.3787878787878788,0.301060606060606,0.3129696969696969,0.2619848484848485,0.2502121212121212,161,159
final_portfolio_a0.50_k41,2026-05-07,0.0266028401374651,0.0142954995136016,1.0,0.0124247557350379,-0.0268359103193855,0.5714285714285714,0.0064623642000127,-0.0268359103193855,0.4615384615384615,0.007104798855411,0.0,40.76923076923077,38,41,0.5,41,final_portfolio,True,0.2303030303030303,0.4909090909090909,0.503030303030303,0.3624242424242424,0.3435757575757575,0.2,0.4666666666666667,0.4909090909090909,0.3369696969696969,0.3170909090909091,0.3090909090909091,0.4666666666666667,0.3090909090909091,0.3642424242424242,0.361090909090909,0.3527878787878787,0.3342848484848484,122,120
final_portfolio_a0.50_k41,2026-05-08,0.0384316892445908,0.0160712398075295,1.0,0.0226296052173462,-0.0276284076980741,0.8571428571428571,0.0121540433671133,-0.0287364935241592,0.6153846153846154,0.0130802402539102,0.0,41.0,41,41,0.5,41,final_portfolio,True,0.8363636363636363,0.7757575757575758,0.503030303030303,0.7651515151515151,0.783030303030303,0.9090909090909092,0.403030303030303,0.5333333333333333,0.6756060606060605,0.7045151515151514,0.7454545454545455,0.4666666666666667,0.2909090909090909,0.5796969696969697,0.608,0.6736969696969697,0.7214439393939394,2,2
final_portfolio_a0.50_k44,2026-04-30,0.0235670070246433,0.0154909924812142,1.0,0.0129452781636002,-0.0055921838273048,0.5714285714285714,0.0084409201755758,-0.0115698316196923,0.4615384615384615,0.0107834787959582,0.0,43.38461538461539,41,44,0.5,44,final_portfolio,True,0.7393939393939394,0.6363636363636364,0.503030303030303,0.6678787878787878,0.6817575757575758,0.9090909090909092,0.7878787878787878,0.3878787878787879,0.7884848484848485,0.8169696969696969,0.8424242424242424,0.9,0.2151515151515151,0.7684848484848484,0.7986969696969697,0.7463030303030302,0.7601439393939394,32,34
final_portfolio_a0.50_k44,2026-05-06,0.0300087140307733,0.017607672569508,1.0,0.0139115436580155,-0.0178911737102585,0.5714285714285714,0.0102914145978148,-0.0201243731979849,0.4615384615384615,0.0106878043316855,0.0,43.23076923076923,40,44,0.5,44,final_portfolio,True,0.109090909090909,0.6787878787878788,0.503030303030303,0.3675757575757575,0.3364848484848485,0.2727272727272727,0.8727272727272727,0.503030303030303,0.5172727272727272,0.4937575757575757,0.3454545454545454,0.6181818181818182,0.3787878787878788,0.4459090909090908,0.4387878787878788,0.4509545454545454,0.4226030303030303,127,116
final_portfolio_a0.50_k44,2026-05-07,0.0285654214763683,0.0135595456733504,1.0,0.0132592445106052,-0.0268359103193855,0.5714285714285714,0.0065523934323379,-0.0268359103193855,0.4615384615384615,0.0076768653640646,0.0,43.07692307692308,38,44,0.5,44,final_portfolio,True,0.4545454545454545,0.4303030303030303,0.503030303030303,0.4533333333333333,0.4513939393939393,0.406060606060606,0.4666666666666667,0.4909090909090909,0.4399999999999999,0.4345454545454545,0.3757575757575757,0.4666666666666667,0.3090909090909091,0.3975757575757576,0.399090909090909,0.4312727272727272,0.4359666666666666,108,105
final_portfolio_a0.50_k44,2026-05-08,0.0380473038908184,0.0157181057066204,1.0,0.0217127592310662,-0.0276284076980741,0.8571428571428571,0.0111979703956481,-0.0299923407649946,0.6923076923076923,0.012578445480506,0.0,43.15384615384615,41,44,0.5,44,final_portfolio,True,0.7636363636363637,0.7454545454545455,0.503030303030303,0.7181818181818183,0.7315757575757575,0.8121212121212121,0.403030303030303,0.5333333333333333,0.6271212121212121,0.6492424242424243,0.5696969696969697,0.3575757575757576,0.7454545454545455,0.5218181818181818,0.5172727272727272,0.6228484848484849,0.662380303030303,12,11
final_portfolio_a0.50_k47,2026-04-30,0.0235946480011548,0.0154909924812142,1.0,0.0126247464979085,-0.0055433853736578,0.5714285714285714,0.0080409947989841,-0.0115698316196923,0.4615384615384615,0.0106806175170209,0.0,44.53846153846154,41,47,0.5,47,final_portfolio,True,0.7696969696969697,0.6363636363636364,0.503030303030303,0.683030303030303,0.699030303030303,0.8242424242424242,0.8090909090909091,0.3878787878787879,0.7534848484848485,0.7756060606060606,0.7636363636363637,0.9,0.2151515151515151,0.729090909090909,0.7537878787878788,0.725030303030303,0.7417030303030303,40,38
final_portfolio_a0.50_k47,2026-05-06,0.0301391438203285,0.017607672569508,1.0,0.013891956461839,-0.0197675762485283,0.5714285714285714,0.0102218166539631,-0.0201243731979849,0.4615384615384615,0.0104279218067524,0.0,44.15384615384615,40,47,0.5,47,final_portfolio,True,0.1272727272727272,0.6787878787878788,0.503030303030303,0.3766666666666666,0.3468484848484848,0.2666666666666666,0.5575757575757576,0.503030303030303,0.4039393939393939,0.3863030303030303,0.296969696969697,0.6181818181818182,0.3787878787878788,0.4216666666666667,0.4111515151515152,0.4010757575757576,0.3742484848484849,139,130
final_portfolio_a0.50_k47,2026-05-07,0.0278950762375443,0.0134256208505421,1.0,0.0130977145760735,-0.0268359103193855,0.5714285714285714,0.0061113408403864,-0.0268359103193855,0.4615384615384615,0.0074272061481828,0.0,44.38461538461539,38,47,0.5,47,final_portfolio,True,0.3818181818181818,0.3909090909090909,0.503030303030303,0.4031818181818182,0.3969393939393939,0.3636363636363636,0.4666666666666667,0.4909090909090909,0.4187878787878788,0.4103636363636363,0.1757575757575757,0.4666666666666667,0.3090909090909091,0.2975757575757576,0.285090909090909,0.3777424242424242,0.3862030303030302,115,110
final_portfolio_a0.50_k47,2026-05-08,0.0374656590154202,0.0157181057066204,1.0,0.0209472537031896,-0.0276284076980741,0.8571428571428571,0.0109442807907181,-0.0299923407649946,0.6923076923076923,0.0122277878197934,0.0,44.46153846153846,41,47,0.5,47,final_portfolio,True,0.6121212121212121,0.7454545454545455,0.503030303030303,0.6424242424242423,0.6452121212121211,0.696969696969697,0.403030303030303,0.5333333333333333,0.5695454545454546,0.5836060606060606,0.4727272727272727,0.3575757575757576,0.7454545454545455,0.4733333333333333,0.4619999999999999,0.5625454545454546,0.5900075757575758,38,39
final_portfolio_a0.50_k50,2026-04-30,0.0231704725880139,0.0154909924812142,1.0,0.0122938653846464,-0.0055433853736578,0.5714285714285714,0.0077164936956951,-0.0115698316196923,0.4615384615384615,0.0104712896729418,0.0,45.23076923076923,41,50,0.5,50,final_portfolio,True,0.696969696969697,0.6363636363636364,0.503030303030303,0.6466666666666667,0.6575757575757576,0.7393939393939394,0.8090909090909091,0.3878787878787879,0.7110606060606061,0.7272424242424242,0.7090909090909091,0.9,0.2151515151515151,0.7018181818181818,0.7226969696969696,0.688969696969697,0.6986939393939395,53,49
final_portfolio_a0.50_k50,2026-05-06,0.031235395318788,0.017607672569508,1.0,0.0144911003237907,-0.0194609413736856,0.5714285714285714,0.0105444325796294,-0.0201243731979849,0.4615384615384615,0.0109046664895504,0.0,44.69230769230769,40,50,0.5,50,final_portfolio,True,0.2666666666666666,0.6787878787878788,0.503030303030303,0.4463636363636363,0.4263030303030303,0.5575757575757576,0.6181818181818182,0.503030303030303,0.5706060606060606,0.5721212121212121,0.4424242424242424,0.6181818181818182,0.3787878787878788,0.4943939393939394,0.4940606060606061,0.5104696969696969,0.5020848484848486,78,88
final_portfolio_a0.50_k50,2026-05-07,0.0281281062180098,0.0134256208505421,1.0,0.012785025987094,-0.0268359103193855,0.5714285714285714,0.0059272130654541,-0.0268359103193855,0.4615384615384615,0.007384389435899,0.0,45.0,38,50,0.5,50,final_portfolio,True,0.4242424242424242,0.3909090909090909,0.503030303030303,0.4243939393939394,0.4211212121212121,0.3151515151515151,0.4666666666666667,0.4909090909090909,0.3945454545454545,0.3827272727272727,0.0909090909090909,0.4666666666666667,0.3090909090909091,0.2551515151515152,0.2367272727272727,0.3616818181818182,0.3761848484848484,119,114
final_portfolio_a0.50_k50,2026-05-08,0.0374906595321754,0.0157181057066204,1.0,0.0206449406428,-0.0276284076980741,0.8571428571428571,0.010777425413087,-0.0299923407649946,0.6923076923076923,0.0121416785028362,0.0,45.38461538461539,41,50,0.5,50,final_portfolio,True,0.6181818181818182,0.7454545454545455,0.503030303030303,0.6454545454545455,0.6486666666666666,0.6484848484848484,0.403030303030303,0.5333333333333333,0.5453030303030303,0.5559696969696969,0.4121212121212121,0.3575757575757576,0.7454545454545455,0.443030303030303,0.4274545454545454,0.5446666666666666,0.5737712121212121,42,48
final_portfolio_a0.50_k53,2026-04-30,0.02280007396059,0.0154909924812142,1.0,0.0121351231157505,-0.0055433853736578,0.5714285714285714,0.0078622056826944,-0.0115698316196923,0.5384615384615384,0.0103701182303443,0.0,45.61538461538461,41,53,0.5,53,final_portfolio,True,0.6393939393939394,0.6363636363636364,0.503030303030303,0.6178787878787879,0.6247575757575757,0.6636363636363637,0.8090909090909091,0.3878787878787879,0.6731818181818182,0.684060606060606,0.7212121212121212,0.9,0.7,0.7806060606060605,0.778090909090909,0.6888181818181818,0.6744439393939394,54,55
final_portfolio_a0.50_k53,2026-05-06,0.0310884493100801,0.017607672569508,1.0,0.0143179750961261,-0.0194609413736856,0.5714285714285714,0.0104512113031946,-0.0201243731979849,0.4615384615384615,0.0108187857595338,0.0,45.0,40,53,0.5,53,final_portfolio,True,0.2454545454545454,0.6787878787878788,0.503030303030303,0.4357575757575757,0.4142121212121212,0.4363636363636363,0.6181818181818182,0.503030303030303,0.51,0.503030303030303,0.4121212121212121,0.6181818181818182,0.3787878787878788,0.4792424242424242,0.4767878787878788,0.4785,0.4635666666666667,105,102
final_portfolio_a0.50_k53,2026-05-07,0.0291290336251643,0.0134256208505421,1.0,0.0132139948758745,-0.0268359103193855,0.5714285714285714,0.006158196313259,-0.0268359103193855,0.4615384615384615,0.0077423804723897,0.0,45.23076923076923,38,53,0.5,53,final_portfolio,True,0.4909090909090909,0.3909090909090909,0.503030303030303,0.4577272727272727,0.4591212121212121,0.4,0.4666666666666667,0.4909090909090909,0.436969696969697,0.4310909090909091,0.1939393939393939,0.4666666666666667,0.3090909090909091,0.3066666666666667,0.2954545454545454,0.4041060606060606,0.4219575757575757,113,107
final_portfolio_a0.50_k53,2026-05-08,0.0371018290814097,0.0157181057066204,1.0,0.0206062891331401,-0.0276284076980741,0.8571428571428571,0.0106173122034304,-0.0299923407649946,0.6923076923076923,0.0120294213684082,0.0,46.0,41,53,0.5,53,final_portfolio,True,0.5242424242424243,0.7454545454545455,0.503030303030303,0.5984848484848485,0.5951212121212122,0.6303030303030303,0.403030303030303,0.5333333333333333,0.5362121212121211,0.5456060606060605,0.3757575757575757,0.3575757575757576,0.7454545454545455,0.4248484848484848,0.4067272727272727,0.5214848484848484,0.544580303030303,61,62
final_portfolio_a0.50_k56,2026-04-30,0.02280007396059,0.0154909924812142,1.0,0.0121351231157505,-0.0055433853736578,0.5714285714285714,0.0078703883236144,-0.0115698316196923,0.5384615384615384,0.0103708178461429,0.0,45.76923076923077,41,55,0.5,56,final_portfolio,True,0.6393939393939394,0.6363636363636364,0.503030303030303,0.6178787878787879,0.6247575757575757,0.6636363636363637,0.8090909090909091,0.3878787878787879,0.6731818181818182,0.684060606060606,0.7333333333333333,0.9,0.7,0.7866666666666666,0.7849999999999999,0.6906363636363636,0.675480303030303,50,51
final_portfolio_a0.50_k56,2026-05-06,0.0310884493100801,0.017607672569508,1.0,0.014212422301891,-0.0194609413736856,0.5714285714285714,0.0103943751832219,-0.0201243731979849,0.4615384615384615,0.0107868519795549,0.0,45.07692307692308,40,54,0.5,56,final_portfolio,True,0.2454545454545454,0.6787878787878788,0.503030303030303,0.4357575757575757,0.4142121212121212,0.4181818181818181,0.6181818181818182,0.503030303030303,0.5009090909090909,0.4926666666666666,0.3757575757575757,0.6181818181818182,0.3787878787878788,0.461060606060606,0.456060606060606,0.4694090909090909,0.4557939393939394,111,103
final_portfolio_a0.50_k56,2026-05-07,0.0298605203320187,0.0134256208505421,1.0,0.0135274891788121,-0.0268359103193855,0.5714285714285714,0.0063270009379177,-0.0268359103193855,0.4615384615384615,0.0080040035256643,0.0,45.38461538461539,38,55,0.5,56,final_portfolio,True,0.5454545454545454,0.3909090909090909,0.503030303030303,0.485,0.4902121212121211,0.4484848484848485,0.4666666666666667,0.4909090909090909,0.4612121212121212,0.4587272727272726,0.2606060606060606,0.4666666666666667,0.3090909090909091,0.34,0.3334545454545454,0.4319848484848484,0.452530303030303,105,97
final_portfolio_a0.50_k56,2026-05-08,0.0371018290814097,0.0157181057066204,1.0,0.0203920050093885,-0.0276284076980741,0.8571428571428571,0.0105019284444873,-0.0299923407649946,0.6923076923076923,0.0119645921792763,0.0,46.23076923076923,41,56,0.5,56,final_portfolio,True,0.5242424242424243,0.7454545454545455,0.503030303030303,0.5984848484848485,0.5951212121212122,0.6181818181818182,0.403030303030303,0.5333333333333333,0.5301515151515152,0.5386969696969697,0.3272727272727272,0.3575757575757576,0.7454545454545455,0.4006060606060606,0.3790909090909091,0.5117878787878788,0.5373257575757576,67,70
final_portfolio_a0.50_k59,2026-04-30,0.02280007396059,0.0154909924812142,1.0,0.0121351231157505,-0.0055433853736578,0.5714285714285714,0.0078703883236144,-0.0115698316196923,0.5384615384615384,0.0103708178461429,0.0,45.76923076923077,41,55,0.5,59,final_portfolio,True,0.6393939393939394,0.6363636363636364,0.503030303030303,0.6178787878787879,0.6247575757575757,0.6636363636363637,0.8090909090909091,0.3878787878787879,0.6731818181818182,0.684060606060606,0.7333333333333333,0.9,0.7,0.7866666666666666,0.7849999999999999,0.6906363636363636,0.675480303030303,50,51
final_portfolio_a0.50_k59,2026-05-06,0.0310884493100801,0.017607672569508,1.0,0.014212422301891,-0.0194609413736856,0.5714285714285714,0.0103943751832219,-0.0201243731979849,0.4615384615384615,0.0107868519795549,0.0,45.07692307692308,40,54,0.5,59,final_portfolio,True,0.2454545454545454,0.6787878787878788,0.503030303030303,0.4357575757575757,0.4142121212121212,0.4181818181818181,0.6181818181818182,0.503030303030303,0.5009090909090909,0.4926666666666666,0.3757575757575757,0.6181818181818182,0.3787878787878788,0.461060606060606,0.456060606060606,0.4694090909090909,0.4557939393939394,111,103
final_portfolio_a0.50_k59,2026-05-07,0.0298605203320187,0.0134256208505421,1.0,0.0135274891788121,-0.0268359103193855,0.5714285714285714,0.0063270009379177,-0.0268359103193855,0.4615384615384615,0.0080040035256643,0.0,45.38461538461539,38,55,0.5,59,final_portfolio,True,0.5454545454545454,0.3909090909090909,0.503030303030303,0.485,0.4902121212121211,0.4484848484848485,0.4666666666666667,0.4909090909090909,0.4612121212121212,0.4587272727272726,0.2606060606060606,0.4666666666666667,0.3090909090909091,0.34,0.3334545454545454,0.4319848484848484,0.452530303030303,105,97
final_portfolio_a0.50_k59,2026-05-08,0.0371018290814097,0.0157181057066204,1.0,0.0203096516025294,-0.0276284076980741,0.8571428571428571,0.0104575843023324,-0.0299923407649946,0.6923076923076923,0.0119396771062627,0.0,46.46153846153846,41,59,0.5,59,final_portfolio,True,0.5242424242424243,0.7454545454545455,0.503030303030303,0.5984848484848485,0.5951212121212122,0.6090909090909091,0.403030303030303,0.5333333333333333,0.5256060606060606,0.5335151515151515,0.306060606060606,0.3575757575757576,0.7454545454545455,0.39,0.367,0.5067878787878788,0.5331803030303031,72,74
final_portfolio_a0.55_k35,2026-04-30,0.0274302518632771,0.0169733545272505,1.0,0.0144067555236333,-0.0100512372966135,0.7142857142857143,0.0104601784052757,-0.0134593930819118,0.6153846153846154,0.0117391458355217,0.0,35.0,35,35,0.55,35,final_portfolio,True,0.993939393939394,0.9272727272727272,0.503030303030303,0.896969696969697,0.9228484848484848,0.993939393939394,0.3939393939393939,0.8878787878787879,0.768030303030303,0.7853333333333332,0.993939393939394,0.5818181818181818,0.987878787878788,0.8487878787878788,0.8573333333333332,0.8309393939393939,0.8511393939393938,5,7
final_portfolio_a0.55_k35,2026-05-06,0.0324409424202869,0.014289206601487,1.0,0.0139946429480333,-0.0231512510820591,0.5714285714285714,0.0116865022615124,-0.0231512510820591,0.5384615384615384,0.0100254963764159,0.0,35.0,35,35,0.55,35,final_portfolio,True,0.4606060606060606,0.0363636363636363,0.503030303030303,0.3184848484848485,0.3248484848484848,0.3151515151515151,0.1878787878787878,0.503030303030303,0.2987878787878787,0.2919393939393939,0.8545454545454545,0.1878787878787878,0.8636363636363636,0.6225757575757576,0.6354545454545455,0.4018333333333333,0.356630303030303,138,138
final_portfolio_a0.55_k35,2026-05-07,0.023553434237182,0.0108844091559517,1.0,0.0106542886405554,-0.0288175004895717,0.5714285714285714,0.0050640847308975,-0.0288175004895717,0.4615384615384615,0.0049932378248957,0.0,35.0,35,35,0.55,35,final_portfolio,True,0.0303030303030303,0.1212121212121212,0.503030303030303,0.133030303030303,0.1075757575757575,0.0303030303030303,0.109090909090909,0.4909090909090909,0.1269696969696969,0.1023636363636363,0.0121212121212121,0.109090909090909,0.3090909090909091,0.0906060606060606,0.0738181818181818,0.1178787878787878,0.1001666666666666,161,161
final_portfolio_a0.55_k35,2026-05-08,0.0389000234042313,0.0137116544832602,1.0,0.0234577998821514,-0.0322630315337314,0.8571428571428571,0.0125862080700507,-0.0354422817781544,0.6153846153846154,0.0106047590349604,0.0015,35.0,35,35,0.55,35,final_portfolio,True,0.9272727272727272,0.4545454545454545,0.503030303030303,0.6981818181818181,0.7288484848484849,0.9696969696969696,0.0424242424242424,0.5333333333333333,0.5796969696969697,0.6200606060606061,0.8424242424242424,0.0303030303030303,0.2909090909090909,0.4754545454545454,0.5192727272727272,0.583969696969697,0.6469575757575758,25,16
final_portfolio_a0.55_k38,2026-04-30,0.0260967995048586,0.0178044148585191,1.0,0.0129767066676297,-0.0115796159292133,0.5714285714285714,0.009791942162892,-0.0115796159292133,0.5384615384615384,0.0109111374975344,0.0,38.0,38,38,0.55,38,final_portfolio,True,0.9575757575757576,0.9696969696969696,0.503030303030303,0.8936363636363636,0.916121212121212,0.9212121212121211,0.2,0.3878787878787879,0.5887878787878789,0.6298787878787879,0.9696969696969696,0.8727272727272727,0.7,0.8953030303030303,0.9107272727272728,0.7721969696969697,0.7865030303030303,18,23
final_portfolio_a0.55_k38,2026-05-06,0.0315503034726617,0.0151630909760149,1.0,0.0136509178889787,-0.0246114127574211,0.5714285714285714,0.0118374169138199,-0.0246114127574211,0.5384615384615384,0.0095734091471982,0.0,38.0,38,38,0.55,38,final_portfolio,True,0.3212121212121212,0.1212121212121212,0.503030303030303,0.2784848484848485,0.2733939393939394,0.1393939393939394,0.0909090909090909,0.503030303030303,0.1769696969696969,0.1597575757575757,0.8909090909090909,0.0909090909090909,0.8636363636363636,0.6068181818181818,0.6241818181818182,0.3363787878787878,0.2748757575757576,151,154
final_portfolio_a0.55_k38,2026-05-07,0.0262560850967875,0.0131200814303846,1.0,0.0120580181331003,-0.0270616415313832,0.5714285714285714,0.0062022858044616,-0.0270616415313832,0.4615384615384615,0.0067095838414597,0.0,38.0,38,38,0.55,38,final_portfolio,True,0.1696969696969697,0.3272727272727272,0.503030303030303,0.2748484848484848,0.255030303030303,0.1333333333333333,0.3666666666666666,0.4909090909090909,0.2686363636363637,0.2460909090909091,0.2121212121212121,0.3666666666666666,0.3090909090909091,0.2807575757575757,0.2728181818181818,0.2741363636363636,0.2536757575757576,136,137
final_portfolio_a0.55_k38,2026-05-08,0.038882104113625,0.0143137254399873,1.0,0.0226317575462072,-0.0316607225314183,0.8571428571428571,0.0127080324692374,-0.0333959285030742,0.6923076923076923,0.0106809587654494,0.0015,38.0,38,38,0.55,38,final_portfolio,True,0.9090909090909092,0.593939393939394,0.503030303030303,0.7378787878787878,0.7644848484848484,0.9151515151515152,0.0666666666666666,0.5333333333333333,0.5609090909090909,0.5969696969696969,0.8606060606060606,0.0606060606060606,0.7454545454545455,0.5633333333333334,0.5850909090909091,0.6147272727272728,0.6606939393939395,14,12
final_portfolio_a0.55_k41,2026-04-30,0.0239286153358358,0.0167698476065203,1.0,0.0133103081021696,-0.0030102355183944,0.5714285714285714,0.0089542748076445,-0.0120156529921712,0.5384615384615384,0.0115451459952093,0.0,41.0,41,41,0.55,41,final_portfolio,True,0.8303030303030303,0.8909090909090909,0.503030303030303,0.8024242424242424,0.8175757575757575,0.9636363636363636,0.993939393939394,0.3878787878787879,0.8878787878787878,0.916060606060606,0.9090909090909092,0.8181818181818182,0.7,0.8459090909090909,0.858181818181818,0.8496515151515152,0.8679848484848484,2,3
final_portfolio_a0.55_k41,2026-05-06,0.031046409138545,0.0165891783412713,1.0,0.0133718510634737,-0.0250082976683934,0.5714285714285714,0.0107132290993009,-0.0250082976683934,0.5384615384615384,0.0094004828599774,0.0,40.92307692307692,40,41,0.55,41,final_portfolio,True,0.2303030303030303,0.4424242424242424,0.503030303030303,0.3454545454545454,0.3275757575757576,0.0424242424242424,0.0787878787878787,0.503030303030303,0.1242424242424242,0.1004848484848484,0.5393939393939394,0.0787878787878787,0.8636363636363636,0.4268181818181819,0.4198181818181818,0.2813787878787879,0.2392212121212121,159,162
final_portfolio_a0.55_k41,2026-05-07,0.0259308973439473,0.0132539792546787,1.0,0.0121079392701939,-0.0270616415313832,0.5714285714285714,0.0063552490958364,-0.0270616415313832,0.4615384615384615,0.006678998679696,0.0,40.76923076923077,38,41,0.55,41,final_portfolio,True,0.1272727272727272,0.3575757575757576,0.503030303030303,0.2642424242424242,0.2408484848484848,0.1515151515151515,0.3666666666666666,0.4909090909090909,0.2777272727272727,0.2564545454545454,0.2787878787878788,0.3666666666666666,0.3090909090909091,0.3140909090909091,0.3108181818181817,0.284590909090909,0.2583666666666667,133,136
final_portfolio_a0.55_k41,2026-05-08,0.0384826735872496,0.01551251481419,1.0,0.0227274023936808,-0.0283425223351659,0.8571428571428571,0.0121585966425721,-0.0296206929319724,0.6153846153846154,0.0128937733714022,0.0,41.0,41,41,0.55,41,final_portfolio,True,0.8484848484848485,0.7212121212121212,0.503030303030303,0.7521212121212121,0.7719393939393939,0.9212121212121211,0.3454545454545454,0.5333333333333333,0.6615151515151515,0.6924242424242424,0.7515151515151515,0.406060606060606,0.2909090909090909,0.5615151515151514,0.5914545454545453,0.6586969696969697,0.7090848484848485,5,3
final_portfolio_a0.55_k44,2026-04-30,0.0237535290706346,0.015598720679546,1.0,0.0129365987435217,-0.0053020147462485,0.5714285714285714,0.0085903563863421,-0.0120156529921712,0.5384615384615384,0.010883336881532,0.0,43.38461538461539,41,44,0.55,44,final_portfolio,True,0.7818181818181819,0.6757575757575758,0.503030303030303,0.7028787878787879,0.7189393939393939,0.9030303030303032,0.8303030303030303,0.3878787878787879,0.8003030303030304,0.8275151515151515,0.8787878787878788,0.8181818181818182,0.7,0.8307575757575758,0.8409090909090908,0.7802121212121212,0.7860939393939393,14,24
final_portfolio_a0.55_k44,2026-05-06,0.0297389109682089,0.0171320281519336,1.0,0.0138231492961043,-0.0177603796108564,0.5714285714285714,0.0104698314818447,-0.0200956246966647,0.5384615384615384,0.0105884700961703,0.0,43.23076923076923,40,44,0.55,44,final_portfolio,True,0.0727272727272727,0.5666666666666667,0.503030303030303,0.3101515151515151,0.2787575757575757,0.2181818181818181,0.8909090909090909,0.503030303030303,0.4963636363636363,0.4686666666666666,0.4242424242424242,0.6575757575757576,0.8636363636363636,0.5718181818181818,0.5451818181818182,0.4631363636363635,0.404180303030303,118,121
final_portfolio_a0.55_k44,2026-05-07,0.0276770693299006,0.0126358349389244,1.0,0.0128539269920552,-0.0270616415313832,0.5714285714285714,0.0064321394768975,-0.0270616415313832,0.4615384615384615,0.007193450821052,0.0,43.07692307692308,38,44,0.55,44,final_portfolio,True,0.3575757575757576,0.2848484848484848,0.503030303030303,0.3539393939393939,0.3481212121212121,0.3272727272727272,0.3666666666666666,0.4909090909090909,0.3656060606060606,0.3566363636363636,0.303030303030303,0.3666666666666666,0.3090909090909091,0.3262121212121212,0.3246363636363636,0.3502878787878788,0.348430303030303,123,117
final_portfolio_a0.55_k44,2026-05-08,0.0381418870767412,0.0152175510549175,1.0,0.0219042988017262,-0.0283425223351659,0.8571428571428571,0.0112990649352139,-0.0307268409194202,0.6153846153846154,0.0124377684730882,0.0,43.15384615384615,41,44,0.55,44,final_portfolio,True,0.793939393939394,0.693939393939394,0.503030303030303,0.7153030303030303,0.7318484848484849,0.8545454545454545,0.3454545454545454,0.5333333333333333,0.6281818181818181,0.6544242424242424,0.6121212121212121,0.2333333333333333,0.2909090909090909,0.4313636363636363,0.4549999999999999,0.5952727272727273,0.655480303030303,20,14
final_portfolio_a0.55_k47,2026-04-30,0.0237752233223961,0.015598720679546,1.0,0.0126471144301939,-0.0052660098401769,0.5714285714285714,0.0082186143160181,-0.0120156529921712,0.5384615384615384,0.010787593226104,0.0,44.53846153846154,41,47,0.55,47,final_portfolio,True,0.8,0.6757575757575758,0.503030303030303,0.7119696969696969,0.7293030303030302,0.8303030303030303,0.8484848484848485,0.3878787878787879,0.7703030303030304,0.7920606060606061,0.806060606060606,0.8181818181818182,0.7,0.7943939393939394,0.7994545454545453,0.7600303030303031,0.7680666666666667,27,30
final_portfolio_a0.55_k47,2026-05-06,0.0298595861993958,0.0171320281519336,1.0,0.013805162279727,-0.0194519724304749,0.5714285714285714,0.0104060189027413,-0.0200956246966647,0.5384615384615384,0.0103547128699535,0.0,44.15384615384615,40,47,0.55,47,final_portfolio,True,0.0848484848484848,0.5666666666666667,0.503030303030303,0.3162121212121211,0.2856666666666667,0.206060606060606,0.6363636363636364,0.503030303030303,0.4012121212121212,0.3777575757575757,0.3878787878787879,0.6575757575757576,0.8636363636363636,0.5536363636363636,0.5244545454545455,0.4214393939393939,0.3629257575757575,134,137
final_portfolio_a0.55_k47,2026-05-07,0.0271159141494872,0.0125278986538663,1.0,0.0127308740053863,-0.0270616415313832,0.5714285714285714,0.0060440770650394,-0.0270616415313832,0.4615384615384615,0.0069865174229956,0.0,44.38461538461539,38,47,0.55,47,final_portfolio,True,0.296969696969697,0.2484848484848484,0.503030303030303,0.3109090909090909,0.3015757575757575,0.2909090909090909,0.3666666666666666,0.4909090909090909,0.3474242424242424,0.3359090909090909,0.1393939393939394,0.3666666666666666,0.3090909090909091,0.2443939393939393,0.2313636363636363,0.3055606060606061,0.3064939393939394,132,129
final_portfolio_a0.55_k47,2026-05-08,0.0376195339142726,0.0152175510549175,1.0,0.0212087508466829,-0.0283425223351659,0.8571428571428571,0.0110609592065543,-0.0307268409194202,0.6153846153846154,0.0121199058617763,0.0,44.46153846153846,41,47,0.55,47,final_portfolio,True,0.6363636363636364,0.693939393939394,0.503030303030303,0.6365151515151515,0.642030303030303,0.7393939393939394,0.3454545454545454,0.5333333333333333,0.5706060606060606,0.5887878787878787,0.5212121212121212,0.2333333333333333,0.2909090909090909,0.3859090909090909,0.4031818181818182,0.534969696969697,0.5822439393939395,50,44
final_portfolio_a0.55_k50,2026-04-30,0.0233920497901961,0.015598720679546,1.0,0.0123484696273735,-0.0052660098401769,0.5714285714285714,0.0079190046574087,-0.0120156529921712,0.4615384615384615,0.0105864721814894,0.0,45.23076923076923,41,50,0.55,50,final_portfolio,True,0.7333333333333333,0.6757575757575758,0.503030303030303,0.6786363636363636,0.6913030303030302,0.7636363636363637,0.8484848484848485,0.3878787878787879,0.7369696969696969,0.7540606060606061,0.7454545454545455,0.8181818181818182,0.2151515151515151,0.6913636363636364,0.7164242424242424,0.7057878787878787,0.7233121212121212,46,44
final_portfolio_a0.55_k50,2026-05-06,0.0308489748650848,0.0171320281519336,1.0,0.0143469018485724,-0.0191803047315446,0.5714285714285714,0.0106977248244272,-0.0200956246966647,0.5384615384615384,0.0107845331947347,0.0,44.69230769230769,40,50,0.55,50,final_portfolio,True,0.2121212121212121,0.5666666666666667,0.503030303030303,0.3798484848484848,0.3582121212121212,0.4666666666666667,0.6818181818181818,0.503030303030303,0.5474242424242424,0.5413030303030303,0.5212121212121212,0.6575757575757576,0.8636363636363636,0.6203030303030302,0.6004545454545456,0.5190151515151514,0.4769393939393939,71,96
final_portfolio_a0.55_k50,2026-05-07,0.0273484877849733,0.0125278986538663,1.0,0.0124624620227686,-0.0270616415313832,0.5714285714285714,0.005883748452594,-0.0270616415313832,0.4615384615384615,0.0069569884419809,0.0,45.0,38,50,0.55,50,final_portfolio,True,0.3272727272727272,0.2484848484848484,0.503030303030303,0.326060606060606,0.3188484848484848,0.2121212121212121,0.3666666666666666,0.4909090909090909,0.308030303030303,0.291,0.0727272727272727,0.3666666666666666,0.3090909090909091,0.211060606060606,0.1933636363636363,0.2843484848484848,0.2874939393939393,134,131
final_portfolio_a0.55_k50,2026-05-08,0.0376364735763867,0.0152175510549175,1.0,0.0209344329286814,-0.0283425223351659,0.8571428571428571,0.010911437816505,-0.0307268409194202,0.6153846153846154,0.0120406214799218,0.0,45.38461538461539,41,50,0.55,50,final_portfolio,True,0.6424242424242425,0.693939393939394,0.503030303030303,0.6395454545454545,0.6454848484848484,0.6848484848484848,0.3454545454545454,0.5333333333333333,0.5433333333333333,0.5576969696969697,0.4545454545454545,0.2333333333333333,0.2909090909090909,0.3525757575757576,0.3651818181818181,0.514969696969697,0.5639348484848484,63,50
final_portfolio_a0.55_k53,2026-04-30,0.0230558835300715,0.015598720679546,1.0,0.0122043983730344,-0.0052660098401769,0.5714285714285714,0.0080407054298621,-0.0120156529921712,0.5384615384615384,0.0104948158750262,0.0,45.61538461538461,41,53,0.55,53,final_portfolio,True,0.6848484848484848,0.6757575757575758,0.503030303030303,0.6543939393939393,0.6636666666666666,0.696969696969697,0.8484848484848485,0.3878787878787879,0.7036363636363637,0.7160606060606061,0.7575757575757576,0.8181818181818182,0.7,0.7701515151515151,0.7718181818181817,0.7088181818181818,0.7034666666666667,44,47
final_portfolio_a0.55_k53,2026-05-06,0.0307195871902021,0.0171320281519336,1.0,0.0141950763649992,-0.0191803047315446,0.5714285714285714,0.0106159726409648,-0.0200956246966647,0.5384615384615384,0.0107090997566389,0.0,45.0,40,53,0.55,53,final_portfolio,True,0.1878787878787878,0.5666666666666667,0.503030303030303,0.3677272727272727,0.3443939393939393,0.4,0.6818181818181818,0.503030303030303,0.514090909090909,0.5033030303030303,0.503030303030303,0.6575757575757576,0.8636363636363636,0.6112121212121212,0.5900909090909092,0.4993181818181817,0.4527575757575758,84,107
final_portfolio_a0.55_k53,2026-05-07,0.0282700545051974,0.0125278986538663,1.0,0.0128574191885789,-0.0270616415313832,0.5714285714285714,0.0060964176957226,-0.0270616415313832,0.4615384615384615,0.0072865953875098,0.0,45.23076923076923,38,53,0.55,53,final_portfolio,True,0.4303030303030303,0.2484848484848484,0.503030303030303,0.3775757575757575,0.3775757575757575,0.3333333333333333,0.3666666666666666,0.4909090909090909,0.3686363636363636,0.360090909090909,0.1515151515151515,0.3666666666666666,0.3090909090909091,0.2504545454545455,0.2382727272727272,0.3358636363636363,0.3488121212121212,127,116
final_portfolio_a0.55_k53,2026-05-08,0.0372831853712043,0.0152175510549175,1.0,0.020895701783012,-0.0283425223351659,0.8571428571428571,0.0107668794667681,-0.0307268409194202,0.6153846153846154,0.0119377774913735,0.0,46.0,41,53,0.55,53,final_portfolio,True,0.5575757575757576,0.693939393939394,0.503030303030303,0.5971212121212122,0.5971212121212122,0.6787878787878788,0.3454545454545454,0.5333333333333333,0.5403030303030303,0.5542424242424243,0.406060606060606,0.2333333333333333,0.2909090909090909,0.3283333333333333,0.3375454545454545,0.4937575757575758,0.538889393939394,89,69
final_portfolio_a0.55_k56,2026-04-30,0.0230558835300715,0.015598720679546,1.0,0.0122043983730344,-0.0052660098401769,0.5714285714285714,0.0080436588847875,-0.0120156529921712,0.5384615384615384,0.0104950683954223,0.0,45.76923076923077,41,55,0.55,56,final_portfolio,True,0.6848484848484848,0.6757575757575758,0.503030303030303,0.6543939393939393,0.6636666666666666,0.696969696969697,0.8484848484848485,0.3878787878787879,0.7036363636363637,0.7160606060606061,0.7727272727272727,0.8181818181818182,0.7,0.7777272727272727,0.7804545454545454,0.7110909090909091,0.7047621212121212,42,45
final_portfolio_a0.55_k56,2026-05-06,0.0307195871902021,0.0171320281519336,1.0,0.0141007483693661,-0.0191803047315446,0.5714285714285714,0.0105651806433162,-0.0200956246966647,0.5384615384615384,0.01068056190996,0.0,45.07692307692308,40,54,0.55,56,final_portfolio,True,0.1878787878787878,0.5666666666666667,0.503030303030303,0.3677272727272727,0.3443939393939393,0.3545454545454545,0.6818181818181818,0.503030303030303,0.4913636363636363,0.4773939393939393,0.4696969696969697,0.6575757575757576,0.8636363636363636,0.5945454545454545,0.5710909090909091,0.4852272727272727,0.4382484848484849,94,109
final_portfolio_a0.55_k56,2026-05-07,0.0289458212145077,0.0125278986538663,1.0,0.013147033492569,-0.0270616415313832,0.5714285714285714,0.0062523638594096,-0.0270616415313832,0.4615384615384615,0.0075282896632013,0.0,45.38461538461539,38,55,0.55,56,final_portfolio,True,0.4757575757575757,0.2484848484848484,0.503030303030303,0.4003030303030302,0.4034848484848485,0.3848484848484848,0.3666666666666666,0.4909090909090909,0.3943939393939394,0.3894545454545454,0.2272727272727272,0.3666666666666666,0.3090909090909091,0.2883333333333333,0.2814545454545454,0.3643484848484848,0.3788666666666667,117,112
final_portfolio_a0.55_k56,2026-05-08,0.0372831853712043,0.0152175510549175,1.0,0.0207030992326384,-0.0283425223351659,0.8571428571428571,0.0106631704011823,-0.0307268409194202,0.6153846153846154,0.011879507812095,0.0,46.23076923076923,41,56,0.55,56,final_portfolio,True,0.5575757575757576,0.693939393939394,0.503030303030303,0.5971212121212122,0.5971212121212122,0.6545454545454545,0.3454545454545454,0.5333333333333333,0.5281818181818182,0.5404242424242424,0.3939393939393939,0.2333333333333333,0.2909090909090909,0.3222727272727272,0.3306363636363636,0.4870909090909091,0.5316348484848484,103,76
final_portfolio_a0.55_k59,2026-04-30,0.0230558835300715,0.015598720679546,1.0,0.0122043983730344,-0.0052660098401769,0.5714285714285714,0.0080436588847875,-0.0120156529921712,0.5384615384615384,0.0104950683954223,0.0,45.76923076923077,41,55,0.55,59,final_portfolio,True,0.6848484848484848,0.6757575757575758,0.503030303030303,0.6543939393939393,0.6636666666666666,0.696969696969697,0.8484848484848485,0.3878787878787879,0.7036363636363637,0.7160606060606061,0.7727272727272727,0.8181818181818182,0.7,0.7777272727272727,0.7804545454545454,0.7110909090909091,0.7047621212121212,42,45
final_portfolio_a0.55_k59,2026-05-06,0.0307195871902021,0.0171320281519336,1.0,0.0141007483693661,-0.0191803047315446,0.5714285714285714,0.0105651806433162,-0.0200956246966647,0.5384615384615384,0.01068056190996,0.0,45.07692307692308,40,54,0.55,59,final_portfolio,True,0.1878787878787878,0.5666666666666667,0.503030303030303,0.3677272727272727,0.3443939393939393,0.3545454545454545,0.6818181818181818,0.503030303030303,0.4913636363636363,0.4773939393939393,0.4696969696969697,0.6575757575757576,0.8636363636363636,0.5945454545454545,0.5710909090909091,0.4852272727272727,0.4382484848484849,94,109
final_portfolio_a0.55_k59,2026-05-07,0.0289458212145077,0.0125278986538663,1.0,0.013147033492569,-0.0270616415313832,0.5714285714285714,0.0062523638594096,-0.0270616415313832,0.4615384615384615,0.0075282896632013,0.0,45.38461538461539,38,55,0.55,59,final_portfolio,True,0.4757575757575757,0.2484848484848484,0.503030303030303,0.4003030303030302,0.4034848484848485,0.3848484848484848,0.3666666666666666,0.4909090909090909,0.3943939393939394,0.3894545454545454,0.2272727272727272,0.3666666666666666,0.3090909090909091,0.2883333333333333,0.2814545454545454,0.3643484848484848,0.3788666666666667,117,112
final_portfolio_a0.55_k59,2026-05-08,0.0372831853712043,0.0152175510549175,1.0,0.0206274603805552,-0.0283425223351659,0.8571428571428571,0.0106224417885221,-0.0307268409194202,0.6153846153846154,0.0118566241501533,0.0,46.46153846153846,41,59,0.55,59,final_portfolio,True,0.5575757575757576,0.693939393939394,0.503030303030303,0.5971212121212122,0.5971212121212122,0.6424242424242425,0.3454545454545454,0.5333333333333333,0.5221212121212121,0.5335151515151515,0.3818181818181818,0.2333333333333333,0.2909090909090909,0.3162121212121212,0.3237272727272727,0.4828484848484848,0.527489393939394,110,78
final_portfolio_a0.60_k35,2026-04-30,0.0271382773495857,0.0169228343380226,1.0,0.0141890513353571,-0.0101426859622156,0.7142857142857143,0.0103595209429949,-0.0137671836580366,0.6153846153846154,0.0115726438837441,0.0,35.0,35,35,0.6,35,final_portfolio,True,0.987878787878788,0.9212121212121211,0.503030303030303,0.8918181818181818,0.9173939393939394,0.987878787878788,0.3757575757575757,0.8878787878787879,0.7586363636363637,0.7758787878787878,0.987878787878788,0.5575757575757576,0.987878787878788,0.8372727272727273,0.8458787878787879,0.8221818181818181,0.8429848484848486,8,8
final_portfolio_a0.60_k35,2026-05-06,0.0317758611449992,0.0141146176358694,1.0,0.013871542519985,-0.022316013029171,0.5714285714285714,0.0117287826229604,-0.022316013029171,0.5384615384615384,0.0099882289477701,0.0,35.0,35,35,0.6,35,final_portfolio,True,0.3333333333333333,0.0242424242424242,0.503030303030303,0.2506060606060606,0.2483030303030303,0.2484848484848484,0.2545454545454545,0.503030303030303,0.2887878787878787,0.2759393939393939,0.8606060606060606,0.2787878787878788,0.8636363636363636,0.6574242424242424,0.6689090909090909,0.3879242424242424,0.323830303030303,145,147
final_portfolio_a0.60_k35,2026-05-07,0.02316896158164,0.0100706607307352,1.0,0.010517911680758,-0.0288492923286463,0.5714285714285714,0.0051235389076212,-0.0288492923286463,0.4615384615384615,0.0047619711250887,0.0,35.0,35,35,0.6,35,final_portfolio,True,0.0242424242424242,0.0666666666666666,0.503030303030303,0.1109090909090909,0.0861212121212121,0.0242424242424242,0.103030303030303,0.4909090909090909,0.1218181818181818,0.0969090909090909,0.0181818181818181,0.103030303030303,0.3090909090909091,0.0915151515151515,0.0752727272727272,0.1094545454545454,0.0893484848484848,162,162
final_portfolio_a0.60_k35,2026-05-08,0.0388851755954493,0.0133376176552516,1.0,0.0234579422012351,-0.0325633773712898,0.8571428571428571,0.0125260439502193,-0.0356754547741506,0.6153846153846154,0.0104907499256812,0.0015,35.0,35,35,0.6,35,final_portfolio,True,0.9151515151515152,0.4303030303030303,0.503030303030303,0.6836363636363636,0.7139393939393939,0.9757575757575756,0.0303030303030303,0.5333333333333333,0.5784848484848485,0.6195151515151515,0.8303030303030303,0.0242424242424242,0.2909090909090909,0.4672727272727273,0.5103636363636364,0.5766666666666667,0.6394121212121212,30,20
final_portfolio_a0.60_k38,2026-04-30,0.0259897076503342,0.0176562934605468,1.0,0.0129488564359113,-0.0114867486791727,0.5714285714285714,0.0097880979567684,-0.0117179121416205,0.5384615384615384,0.010866641390228,0.0,38.0,38,38,0.6,38,final_portfolio,True,0.9515151515151516,0.9575757575757576,0.503030303030303,0.8863636363636362,0.9086666666666668,0.9151515151515152,0.2121212121212121,0.3878787878787879,0.5900000000000001,0.6304242424242423,0.9575757575757576,0.8545454545454545,0.7,0.8828787878787878,0.8978181818181817,0.7667727272727272,0.7818303030303031,22,28
final_portfolio_a0.60_k38,2026-05-06,0.0310432404882264,0.014893128254096,1.0,0.0135811254223567,-0.0236339642313458,0.5714285714285714,0.0118643771905713,-0.0236339642313458,0.5384615384615384,0.0096001018515902,0.0,38.0,38,38,0.6,38,final_portfolio,True,0.2242424242424242,0.0848484848484848,0.503030303030303,0.2172727272727272,0.2061212121212121,0.1212121212121212,0.1696969696969697,0.503030303030303,0.1954545454545454,0.1753939393939393,0.9030303030303032,0.1696969696969697,0.8636363636363636,0.6404545454545455,0.6570909090909092,0.3355,0.2599393939393939,152,157
final_portfolio_a0.60_k38,2026-05-07,0.0255425937742289,0.0120672281410624,1.0,0.0117503980778336,-0.027287372743381,0.5714285714285714,0.0061175602066175,-0.027287372743381,0.4615384615384615,0.0062770878229587,0.0,38.0,38,38,0.6,38,final_portfolio,True,0.0969696969696969,0.2,0.503030303030303,0.1939393939393939,0.1715757575757575,0.0909090909090909,0.2939393939393939,0.4909090909090909,0.2219696969696969,0.1979090909090909,0.1818181818181818,0.2939393939393939,0.3090909090909091,0.2401515151515151,0.2315454545454545,0.2190151515151515,0.1924212121212121,145,146
final_portfolio_a0.60_k38,2026-05-08,0.0388761510067585,0.0138822131441882,1.0,0.0227334135964265,-0.0320191831908869,0.8571428571428571,0.0126355858631376,-0.033862117232837,0.6153846153846154,0.0105546762145053,0.0015,38.0,38,38,0.6,38,final_portfolio,True,0.9030303030303032,0.5151515151515151,0.503030303030303,0.7072727272727273,0.735030303030303,0.9272727272727272,0.0545454545454545,0.5333333333333333,0.5627272727272727,0.5998787878787879,0.8484848484848485,0.0545454545454545,0.2909090909090909,0.486969696969697,0.5307272727272726,0.5833636363636363,0.6420666666666667,26,18
final_portfolio_a0.60_k41,2026-04-30,0.0240953401165769,0.0167466054203372,1.0,0.0132563002675756,-0.00298177680576,0.5714285714285714,0.0090576285848337,-0.01246147436465,0.5384615384615384,0.011557232975907,0.0,41.0,41,41,0.6,41,final_portfolio,True,0.8545454545454545,0.8848484848484849,0.503030303030303,0.8124242424242424,0.8293939393939394,0.9575757575757576,1.0,0.3878787878787879,0.886969696969697,0.9146060606060606,0.9212121212121211,0.7393939393939394,0.7,0.8243939393939395,0.839090909090909,0.8458333333333334,0.8691939393939394,3,1
final_portfolio_a0.60_k41,2026-05-06,0.0306197001226888,0.0161687545230445,1.0,0.0133351841807725,-0.0240219715812402,0.5714285714285714,0.0108689980999141,-0.0240219715812402,0.5384615384615384,0.0094469030197522,0.0,40.92307692307692,40,41,0.6,41,final_portfolio,True,0.1757575757575757,0.3090909090909091,0.503030303030303,0.2715151515151515,0.2524848484848485,0.0303030303030303,0.1212121212121212,0.503030303030303,0.133030303030303,0.1075757575757575,0.6484848484848484,0.1212121212121212,0.8636363636363636,0.4962121212121212,0.4959999999999999,0.283530303030303,0.2238030303030303,158,165
final_portfolio_a0.60_k41,2026-05-07,0.0252805471006921,0.0122257267697548,1.0,0.0118031323954003,-0.027287372743381,0.5714285714285714,0.0062530968926065,-0.027287372743381,0.4615384615384615,0.0062633777394876,0.0,40.76923076923077,38,41,0.6,41,final_portfolio,True,0.0909090909090909,0.206060606060606,0.503030303030303,0.193030303030303,0.1701212121212121,0.103030303030303,0.2939393939393939,0.4909090909090909,0.228030303030303,0.2048181818181818,0.2363636363636363,0.2939393939393939,0.3090909090909091,0.2674242424242424,0.2626363636363636,0.2293484848484848,0.1996121212121212,143,145
final_portfolio_a0.60_k41,2026-05-08,0.0385329525648288,0.0149590608113536,1.0,0.0228223604138877,-0.0290566369722576,0.8571428571428571,0.0121609473063372,-0.0304994004179979,0.6153846153846154,0.0127071967196845,0.0,41.0,41,41,0.6,41,final_portfolio,True,0.8545454545454545,0.6727272727272727,0.503030303030303,0.7381818181818182,0.7593939393939393,0.9333333333333332,0.296969696969697,0.5333333333333333,0.6506060606060605,0.6833333333333332,0.7636363636363637,0.2787878787878788,0.2909090909090909,0.5230303030303031,0.5563636363636363,0.6386060606060605,0.6947121212121211,7,6
final_portfolio_a0.60_k44,2026-04-30,0.0239382286644544,0.0157064488778779,1.0,0.012927184949429,-0.0050136479576212,0.5714285714285714,0.0087313794870931,-0.01246147436465,0.5384615384615384,0.0109700656582056,0.0,43.38461538461539,41,44,0.6,44,final_portfolio,True,0.8363636363636363,0.7181818181818181,0.503030303030303,0.7449999999999999,0.764030303030303,0.896969696969697,0.8666666666666667,0.3878787878787879,0.81,0.8360606060606061,0.8909090909090909,0.7393939393939394,0.7,0.8092424242424242,0.8218181818181817,0.7902727272727272,0.8051121212121212,13,16
final_portfolio_a0.60_k44,2026-05-06,0.0294712725673838,0.0166563837343592,1.0,0.0137364665192385,-0.0176312516783257,0.5714285714285714,0.0106489464882377,-0.0200668761953446,0.5384615384615384,0.0104783422272391,0.0,43.23076923076923,40,44,0.6,44,final_portfolio,True,0.0363636363636363,0.4757575757575757,0.503030303030303,0.2601515151515151,0.228030303030303,0.1757575757575757,0.9030303030303032,0.503030303030303,0.4793939393939394,0.4484848484848485,0.509090909090909,0.693939393939394,0.8636363636363636,0.626969696969697,0.6055454545454546,0.4578939393939394,0.3838621212121212,123,127
final_portfolio_a0.60_k44,2026-05-07,0.0268150371163634,0.011714957673009,1.0,0.0124616573982285,-0.027287372743381,0.5714285714285714,0.0063178023916508,-0.027287372743381,0.4615384615384615,0.006720263925684,0.0,43.07692307692308,38,44,0.6,44,final_portfolio,True,0.2606060606060606,0.1757575757575757,0.503030303030303,0.2672727272727273,0.2568484848484848,0.206060606060606,0.2939393939393939,0.4909090909090909,0.2795454545454545,0.2635454545454545,0.2484848484848484,0.2939393939393939,0.3090909090909091,0.2734848484848485,0.2695454545454545,0.2740454545454545,0.2617666666666666,137,135
final_portfolio_a0.60_k44,2026-05-08,0.0382345571049961,0.0147169964032146,1.0,0.0220923628012201,-0.0290566369722576,0.8571428571428571,0.0113977457184928,-0.0314613410738459,0.6153846153846154,0.0123070958670938,0.0,43.15384615384615,41,44,0.6,44,final_portfolio,True,0.8121212121212121,0.6454545454545455,0.503030303030303,0.7074242424242424,0.7262121212121212,0.8666666666666667,0.296969696969697,0.5333333333333333,0.6172727272727273,0.6453333333333333,0.6363636363636364,0.1787878787878788,0.2909090909090909,0.4243939393939394,0.4508181818181818,0.5864545454545455,0.6485075757575758,22,15
final_portfolio_a0.60_k47,2026-04-30,0.0239547996175303,0.0157064488778779,1.0,0.0126689976888893,-0.004988634306696,0.5714285714285714,0.0083909765767547,-0.01246147436465,0.5384615384615384,0.010882228881507,0.0,44.53846153846154,41,47,0.6,47,final_portfolio,True,0.8424242424242424,0.7181818181818181,0.503030303030303,0.748030303030303,0.7674848484848484,0.8424242424242424,0.8848484848484849,0.3878787878787879,0.7890909090909092,0.810969696969697,0.8303030303030303,0.7393939393939394,0.7,0.7789393939393939,0.7872727272727272,0.7737272727272728,0.790021212121212,15,20
final_portfolio_a0.60_k47,2026-05-06,0.0295813425179606,0.0166563837343592,1.0,0.0137200970036664,-0.019137336722293,0.5714285714285714,0.0105911521009317,-0.0200668761953446,0.5384615384615384,0.0102706443460825,0.0,44.15384615384615,40,47,0.6,47,final_portfolio,True,0.0424242424242424,0.4757575757575757,0.503030303030303,0.2631818181818182,0.2314848484848485,0.1515151515151515,0.696969696969697,0.503030303030303,0.3951515151515151,0.3666666666666667,0.4909090909090909,0.693939393939394,0.8636363636363636,0.6178787878787878,0.5951818181818183,0.4223787878787878,0.3468712121212122,133,140
final_portfolio_a0.60_k47,2026-05-07,0.0263517650632182,0.0116301764571906,1.0,0.0123712000746358,-0.027287372743381,0.5714285714285714,0.0059803083303558,-0.027287372743381,0.4615384615384615,0.0065513887313366,0.0,44.38461538461539,38,47,0.6,47,final_portfolio,True,0.1757575757575757,0.1575757575757575,0.503030303030303,0.2184848484848484,0.2024848484848485,0.1696969696969697,0.2939393939393939,0.4909090909090909,0.2613636363636363,0.2428181818181818,0.109090909090909,0.2939393939393939,0.3090909090909091,0.2037878787878787,0.1900909090909091,0.2312272727272727,0.2187757575757575,142,142
final_portfolio_a0.60_k47,2026-05-08,0.0377713030577046,0.0147169964032146,1.0,0.0214684086207673,-0.0290566369722576,0.8571428571428571,0.0111774908119358,-0.0314613410738459,0.6153846153846154,0.0120225979025146,0.0,44.46153846153846,41,47,0.6,47,final_portfolio,True,0.6787878787878788,0.6454545454545455,0.503030303030303,0.6407575757575757,0.6502121212121212,0.7818181818181819,0.296969696969697,0.5333333333333333,0.5748484848484848,0.5969696969696969,0.5575757575757576,0.1787878787878788,0.2909090909090909,0.385,0.4059090909090909,0.5376666666666667,0.5896075757575758,47,40
final_portfolio_a0.60_k50,2026-04-30,0.0236129876041822,0.0157064488778779,1.0,0.012402799846588,-0.004988634306696,0.5714285714285714,0.0081182447648595,-0.01246147436465,0.5384615384615384,0.0107126974259963,0.0,45.23076923076923,41,50,0.6,50,final_portfolio,True,0.7757575757575758,0.7181818181818181,0.503030303030303,0.7146969696969696,0.7294848484848484,0.7757575757575758,0.8848484848484849,0.3878787878787879,0.7557575757575757,0.772969696969697,0.7818181818181819,0.7393939393939394,0.7,0.7546969696969696,0.7596363636363636,0.7431212121212121,0.7535757575757576,33,37
final_portfolio_a0.60_k50,2026-05-06,0.0304631986048888,0.0166563837343592,1.0,0.0142037803838905,-0.0188996680894035,0.5714285714285714,0.0108515969979754,-0.0200668761953446,0.5384615384615384,0.0106533341516109,0.0,44.69230769230769,40,50,0.6,50,final_portfolio,True,0.1575757575757575,0.4757575757575757,0.503030303030303,0.3207575757575757,0.2971212121212121,0.406060606060606,0.7303030303030303,0.503030303030303,0.5340909090909091,0.5227575757575758,0.6303030303030303,0.693939393939394,0.8636363636363636,0.6875757575757575,0.6746363636363635,0.5161363636363636,0.4552848484848484,74,106
final_portfolio_a0.60_k50,2026-05-07,0.0265778966206721,0.0116301764571906,1.0,0.0121437668879011,-0.027287372743381,0.5714285714285714,0.0058423670555958,-0.027287372743381,0.4615384615384615,0.0065328161350466,0.0,45.0,38,50,0.6,50,final_portfolio,True,0.2242424242424242,0.1575757575757575,0.503030303030303,0.2427272727272727,0.2301212121212121,0.1575757575757575,0.2939393939393939,0.4909090909090909,0.2553030303030302,0.2359090909090909,0.0606060606060606,0.2939393939393939,0.3090909090909091,0.1795454545454545,0.1624545454545454,0.2288030303030303,0.2225757575757575,144,141
final_portfolio_a0.60_k50,2026-05-08,0.037781526775993,0.0147169964032146,1.0,0.021222656121356,-0.0290566369722576,0.8571428571428571,0.0110451514365748,-0.0314613410738459,0.6153846153846154,0.011950578377592,0.0,45.38461538461539,41,50,0.6,50,final_portfolio,True,0.6848484848484848,0.6454545454545455,0.503030303030303,0.6437878787878788,0.6536666666666666,0.7454545454545455,0.296969696969697,0.5333333333333333,0.5566666666666666,0.5762424242424242,0.5151515151515151,0.1787878787878788,0.2909090909090909,0.3637878787878787,0.3817272727272727,0.5249393939393939,0.5780348484848485,58,47
final_portfolio_a0.60_k53,2026-04-30,0.023311693099553,0.0157064488778779,1.0,0.0122736736303183,-0.004988634306696,0.5714285714285714,0.0082182006192466,-0.01246147436465,0.5384615384615384,0.0106194276300177,0.0,45.61538461538461,41,53,0.6,53,final_portfolio,True,0.7212121212121212,0.7181818181818181,0.503030303030303,0.6874242424242424,0.6983939393939393,0.7212121212121212,0.8848484848484849,0.3878787878787879,0.7284848484848485,0.7418787878787879,0.8,0.7393939393939394,0.7,0.7637878787878788,0.7699999999999999,0.7267575757575757,0.7287030303030302,37,41
final_portfolio_a0.60_k53,2026-05-06,0.030350725070324,0.0166563837343592,1.0,0.0140723282414585,-0.0188996680894035,0.5714285714285714,0.0107808150751274,-0.0200668761953446,0.5384615384615384,0.0105879208567929,0.0,45.0,40,53,0.6,53,final_portfolio,True,0.1454545454545454,0.4757575757575757,0.503030303030303,0.3146969696969697,0.2902121212121212,0.3272727272727272,0.7303030303030303,0.503030303030303,0.4946969696969697,0.4778484848484848,0.593939393939394,0.693939393939394,0.8636363636363636,0.6693939393939393,0.653909090909091,0.4931060606060605,0.4292030303030303,87,113
final_portfolio_a0.60_k53,2026-05-07,0.0274150446482647,0.0116301764571906,1.0,0.0125025446140122,-0.027287372743381,0.5714285714285714,0.0060355550619633,-0.027287372743381,0.4615384615384615,0.0068322299466297,0.0,45.23076923076923,38,53,0.6,53,final_portfolio,True,0.3333333333333333,0.1575757575757575,0.503030303030303,0.2972727272727272,0.2923030303030303,0.2303030303030303,0.2939393939393939,0.4909090909090909,0.2916666666666666,0.2773636363636363,0.1272727272727272,0.2939393939393939,0.3090909090909091,0.2128787878787878,0.2004545454545454,0.2697121212121212,0.2718030303030303,138,132
final_portfolio_a0.60_k53,2026-05-08,0.037464541660999,0.0147169964032146,1.0,0.0211848106447799,-0.0290566369722576,0.8571428571428571,0.0109162831518958,-0.0314613410738459,0.6153846153846154,0.0118575801682916,0.0,46.0,41,53,0.6,53,final_portfolio,True,0.6,0.6454545454545455,0.503030303030303,0.6013636363636363,0.6053030303030302,0.7272727272727273,0.296969696969697,0.5333333333333333,0.5475757575757576,0.5658787878787879,0.4606060606060606,0.1787878787878788,0.2909090909090909,0.3365151515151515,0.3506363636363636,0.5003939393939394,0.5493621212121212,80,59
final_portfolio_a0.60_k56,2026-04-30,0.023311693099553,0.0157064488778779,1.0,0.0122736736303183,-0.004988634306696,0.5714285714285714,0.0082169294459607,-0.01246147436465,0.5384615384615384,0.0106193189447018,0.0,45.76923076923077,41,55,0.6,56,final_portfolio,True,0.7212121212121212,0.7181818181818181,0.503030303030303,0.6874242424242424,0.6983939393939393,0.7212121212121212,0.8848484848484849,0.3878787878787879,0.7284848484848485,0.7418787878787879,0.7909090909090909,0.7393939393939394,0.7,0.7592424242424243,0.7648181818181817,0.7253939393939394,0.7279257575757575,38,42
final_portfolio_a0.60_k56,2026-05-06,0.030350725070324,0.0166563837343592,1.0,0.0139890744368413,-0.0188996680894035,0.5714285714285714,0.0107359861034105,-0.0200668761953446,0.5384615384615384,0.0105627333788267,0.0,45.07692307692308,40,54,0.6,56,final_portfolio,True,0.1454545454545454,0.4757575757575757,0.503030303030303,0.3146969696969697,0.2902121212121212,0.306060606060606,0.7303030303030303,0.503030303030303,0.484090909090909,0.4657575757575757,0.5484848484848485,0.693939393939394,0.8636363636363636,0.6466666666666666,0.6279999999999999,0.4820454545454545,0.4198757575757575,98,117
final_portfolio_a0.60_k56,2026-05-07,0.0280311220969967,0.0116301764571906,1.0,0.012766577806326,-0.027287372743381,0.5714285714285714,0.0061777267809015,-0.027287372743381,0.4615384615384615,0.0070525758007383,0.0,45.38461538461539,38,55,0.6,56,final_portfolio,True,0.396969696969697,0.1575757575757575,0.503030303030303,0.3290909090909091,0.3285757575757576,0.306060606060606,0.2939393939393939,0.4909090909090909,0.3295454545454545,0.3205454545454544,0.203030303030303,0.2939393939393939,0.3090909090909091,0.2507575757575758,0.2436363636363636,0.3057727272727273,0.3122212121212121,130,126
final_portfolio_a0.60_k56,2026-05-08,0.037464541660999,0.0147169964032146,1.0,0.0210138427505422,-0.0290566369722576,0.8571428571428571,0.010824223516537,-0.0314613410738459,0.6153846153846154,0.0118058558045964,0.0,46.23076923076923,41,56,0.6,56,final_portfolio,True,0.6,0.6454545454545455,0.503030303030303,0.6013636363636363,0.6053030303030302,0.703030303030303,0.296969696969697,0.5333333333333333,0.5354545454545454,0.552060606060606,0.4303030303030303,0.1787878787878788,0.2909090909090909,0.3213636363636363,0.3333636363636363,0.4909999999999999,0.5405530303030303,96,67
final_portfolio_a0.60_k59,2026-04-30,0.023311693099553,0.0157064488778779,1.0,0.0122736736303183,-0.004988634306696,0.5714285714285714,0.0082169294459607,-0.01246147436465,0.5384615384615384,0.0106193189447018,0.0,45.76923076923077,41,55,0.6,59,final_portfolio,True,0.7212121212121212,0.7181818181818181,0.503030303030303,0.6874242424242424,0.6983939393939393,0.7212121212121212,0.8848484848484849,0.3878787878787879,0.7284848484848485,0.7418787878787879,0.7909090909090909,0.7393939393939394,0.7,0.7592424242424243,0.7648181818181817,0.7253939393939394,0.7279257575757575,38,42
final_portfolio_a0.60_k59,2026-05-06,0.030350725070324,0.0166563837343592,1.0,0.0139890744368413,-0.0188996680894035,0.5714285714285714,0.0107359861034105,-0.0200668761953446,0.5384615384615384,0.0105627333788267,0.0,45.07692307692308,40,54,0.6,59,final_portfolio,True,0.1454545454545454,0.4757575757575757,0.503030303030303,0.3146969696969697,0.2902121212121212,0.306060606060606,0.7303030303030303,0.503030303030303,0.484090909090909,0.4657575757575757,0.5484848484848485,0.693939393939394,0.8636363636363636,0.6466666666666666,0.6279999999999999,0.4820454545454545,0.4198757575757575,98,117
final_portfolio_a0.60_k59,2026-05-07,0.0280311220969967,0.0116301764571906,1.0,0.012766577806326,-0.027287372743381,0.5714285714285714,0.0061777267809015,-0.027287372743381,0.4615384615384615,0.0070525758007383,0.0,45.38461538461539,38,55,0.6,59,final_portfolio,True,0.396969696969697,0.1575757575757575,0.503030303030303,0.3290909090909091,0.3285757575757576,0.306060606060606,0.2939393939393939,0.4909090909090909,0.3295454545454545,0.3205454545454544,0.203030303030303,0.2939393939393939,0.3090909090909091,0.2507575757575758,0.2436363636363636,0.3057727272727273,0.3122212121212121,130,126
final_portfolio_a0.60_k59,2026-05-08,0.037464541660999,0.0147169964032146,1.0,0.0209452691585811,-0.0290566369722576,0.8571428571428571,0.0107872992747118,-0.0314613410738459,0.6153846153846154,0.0117851096555823,0.0,46.46153846153846,41,59,0.6,59,final_portfolio,True,0.6,0.6454545454545455,0.503030303030303,0.6013636363636363,0.6053030303030302,0.6909090909090909,0.296969696969697,0.5333333333333333,0.5293939393939394,0.5451515151515152,0.4181818181818181,0.1787878787878788,0.2909090909090909,0.3153030303030303,0.3264545454545454,0.4867575757575757,0.5364075757575758,104,71
final_portfolio_a0.65_k35,2026-04-30,0.026865172188792,0.0168738373705805,1.0,0.0139841101699576,-0.0102317121466097,0.5714285714285714,0.0102598294763521,-0.0140689977181201,0.5384615384615384,0.011338832917877,0.0,35.0,35,35,0.65,35,final_portfolio,True,0.9818181818181818,0.9090909090909092,0.503030303030303,0.8845454545454545,0.9099393939393938,0.9818181818181818,0.3515151515151515,0.3878787878787879,0.6721212121212121,0.7144242424242424,0.9818181818181818,0.5212121212121212,0.7,0.7783333333333333,0.8016363636363636,0.7677121212121212,0.8057121212121212,20,15
final_portfolio_a0.65_k35,2026-05-06,0.0311416669861953,0.0139440290720826,1.0,0.0137554325381003,-0.0215059580331538,0.5714285714285714,0.011772540756988,-0.0215059580331538,0.6153846153846154,0.0099670034499987,0.0,35.0,35,35,0.65,35,final_portfolio,True,0.2606060606060606,0.0181818181818181,0.503030303030303,0.2121212121212121,0.2048484848484848,0.1818181818181818,0.3878787878787879,0.503030303030303,0.3021212121212121,0.2819393939393939,0.8666666666666667,0.3878787878787879,0.987878787878788,0.7172727272727273,0.7207878787878788,0.3996666666666666,0.316930303030303,141,148
final_portfolio_a0.65_k35,2026-05-07,0.022805410422036,0.0092844969978989,1.0,0.0103916861647497,-0.0288807856527999,0.5714285714285714,0.0051827608742289,-0.0288807856527999,0.4615384615384615,0.004541758803071,0.0,35.0,35,35,0.65,35,final_portfolio,True,0.0181818181818181,0.0181818181818181,0.503030303030303,0.0909090909090909,0.0666666666666666,0.0181818181818181,0.0969696969696969,0.4909090909090909,0.1166666666666666,0.0914545454545454,0.0242424242424242,0.0969696969696969,0.3090909090909091,0.0924242424242424,0.0767272727272727,0.1016666666666666,0.079330303030303,164,163
final_portfolio_a0.65_k35,2026-05-08,0.0388757114221765,0.0129748583195448,1.0,0.0234592023483452,-0.0328578912508373,0.8571428571428571,0.0124679000701076,-0.035902451002041,0.6153846153846154,0.0103810881634525,0.0015,35.0,35,35,0.65,35,final_portfolio,True,0.896969696969697,0.3878787878787879,0.503030303030303,0.6596969696969697,0.6895757575757575,0.987878787878788,0.0181818181818181,0.5333333333333333,0.5803030303030303,0.6224242424242424,0.8181818181818182,0.0181818181818181,0.2909090909090909,0.4590909090909091,0.5014545454545455,0.5677575757575758,0.629639393939394,34,23
final_portfolio_a0.65_k38,2026-04-30,0.0258900578629422,0.0175110482062245,1.0,0.0129244315377442,-0.0113953673051328,0.5714285714285714,0.0097787395290544,-0.0122743847382339,0.5384615384615384,0.0108037084736952,0.0,38.0,38,38,0.65,38,final_portfolio,True,0.9454545454545454,0.9515151515151516,0.503030303030303,0.8812121212121211,0.9032121212121212,0.8909090909090909,0.2181818181818181,0.3878787878787879,0.58,0.6186060606060605,0.9515151515151516,0.7696969696969697,0.7,0.8501515151515151,0.8663636363636363,0.7514090909090908,0.7696121212121212,28,29
final_portfolio_a0.65_k38,2026-05-06,0.0305488846772617,0.0146265827818216,1.0,0.0135136883006057,-0.022675495288301,0.5714285714285714,0.0118921513982396,-0.022675495288301,0.6153846153846154,0.0096385971096379,0.0,38.0,38,38,0.65,38,final_portfolio,True,0.1696969696969697,0.0666666666666666,0.503030303030303,0.1836363636363636,0.169030303030303,0.0848484848484848,0.2181818181818181,0.503030303030303,0.1942424242424242,0.1706666666666667,0.9090909090909092,0.2424242424242424,0.987878787878788,0.6875757575757575,0.6969696969696968,0.339060606060606,0.2489575757575757,150,160
final_portfolio_a0.65_k38,2026-05-07,0.0248577032660855,0.0110384991496951,1.0,0.0114569528938957,-0.0275131039553788,0.5714285714285714,0.0060375869735673,-0.0275131039553788,0.4615384615384615,0.0058583393791601,0.0,38.0,38,38,0.65,38,final_portfolio,True,0.0606060606060606,0.1272727272727272,0.503030303030303,0.1503030303030303,0.1268484848484848,0.0545454545454545,0.2151515151515151,0.4909090909090909,0.1762121212121212,0.1511818181818182,0.1333333333333333,0.2151515151515151,0.3090909090909091,0.1883333333333333,0.1779090909090909,0.1720757575757575,0.1454575757575757,153,153
final_portfolio_a0.65_k38,2026-05-08,0.0388731246980009,0.0134590797279192,1.0,0.0228336055422765,-0.032374278022567,0.8571428571428571,0.0125649140634005,-0.0343208469429237,0.6153846153846154,0.0104423506972402,0.0015,38.0,38,38,0.65,38,final_portfolio,True,0.8909090909090909,0.4424242424242424,0.503030303030303,0.6757575757575758,0.704121212121212,0.9393939393939394,0.0363636363636363,0.5333333333333333,0.5624242424242424,0.6007878787878788,0.8363636363636363,0.0484848484848484,0.2909090909090909,0.4787878787878787,0.5218181818181817,0.5713333333333332,0.6287757575757577,32,24
final_portfolio_a0.65_k41,2026-04-30,0.0242599187801702,0.0167235814706441,1.0,0.0132023742031494,-0.0039533309998968,0.5714285714285714,0.009151833945641,-0.0129072957371288,0.5384615384615384,0.0114195963169035,0.0,41.0,41,41,0.65,41,final_portfolio,True,0.8909090909090909,0.8787878787878788,0.503030303030303,0.8284848484848484,0.848121212121212,0.9454545454545454,0.9818181818181818,0.3878787878787879,0.8745454545454546,0.9016969696969696,0.9272727272727272,0.6727272727272727,0.7,0.8040909090909091,0.8205454545454545,0.8395909090909092,0.8680939393939394,4,2
final_portfolio_a0.65_k41,2026-05-06,0.0301988303625174,0.0157496183734799,1.0,0.0133003024200727,-0.0230449067719007,0.5714285714285714,0.0110245330267205,-0.0230449067719007,0.5384615384615384,0.0094934286395623,0.0,40.92307692307692,40,41,0.65,41,final_portfolio,True,0.1333333333333333,0.2484848484848484,0.503030303030303,0.229090909090909,0.2083030303030303,0.0242424242424242,0.2,0.503030303030303,0.1575757575757575,0.1301212121212121,0.7151515151515152,0.2,0.8636363636363636,0.5571212121212121,0.56,0.2988939393939394,0.2258757575757576,157,163
final_portfolio_a0.65_k41,2026-05-07,0.0246504143610024,0.0112104901390704,1.0,0.0115096234025249,-0.0275131039553788,0.5714285714285714,0.0061555783016213,-0.0275131039553788,0.4615384615384615,0.0058573785634107,0.0,40.76923076923077,38,41,0.65,41,final_portfolio,True,0.0545454545454545,0.1333333333333333,0.503030303030303,0.1493939393939393,0.1253939393939394,0.0606060606060606,0.2151515151515151,0.4909090909090909,0.1792424242424242,0.1546363636363636,0.1878787878787878,0.2151515151515151,0.3090909090909091,0.2156060606060606,0.209,0.1811969696969697,0.1510939393939394,149,152
final_portfolio_a0.65_k41,2026-05-08,0.0385825801037786,0.0144108035597176,1.0,0.0229145500356946,-0.0297707516093493,0.8571428571428571,0.012161143241758,-0.0313726669907972,0.6153846153846154,0.0125205325128594,0.0,41.0,41,41,0.65,41,final_portfolio,True,0.8606060606060606,0.6121212121212121,0.503030303030303,0.72,0.7428484848484848,0.9454545454545454,0.2484848484848484,0.5333333333333333,0.6396969696969697,0.6742424242424242,0.7696969696969697,0.2,0.2909090909090909,0.4984848484848485,0.5338181818181817,0.6214242424242424,0.6806212121212121,13,8
final_portfolio_a0.65_k44,2026-04-30,0.0241211782214207,0.0158141770762097,1.0,0.0129170590540576,-0.0047270667218646,0.5714285714285714,0.0088644258988232,-0.0129072957371288,0.5384615384615384,0.0110552656109861,0.0,43.38461538461539,41,44,0.65,44,final_portfolio,True,0.8666666666666667,0.7606060606060606,0.503030303030303,0.7749999999999999,0.7953030303030303,0.8848484848484849,0.9454545454545454,0.3878787878787879,0.8315151515151515,0.8551515151515152,0.9030303030303032,0.6727272727272727,0.7,0.791969696969697,0.8067272727272726,0.8026969696969697,0.8239484848484848,10,10
final_portfolio_a0.65_k44,2026-05-06,0.029205724429122,0.0161807393167848,1.0,0.013651412782498,-0.0175037582765865,0.5714285714285714,0.0108287172455837,-0.0200381276940244,0.5384615384615384,0.0103689221258483,0.0,43.23076923076923,40,44,0.65,44,final_portfolio,True,0.0242424242424242,0.3303030303030303,0.503030303030303,0.2031818181818181,0.1731212121212121,0.1454545454545454,0.9212121212121211,0.503030303030303,0.4706060606060606,0.4372121212121213,0.6242424242424243,0.7303030303030303,0.8636363636363636,0.6972727272727273,0.6831818181818181,0.4583787878787878,0.3684712121212121,122,133
final_portfolio_a0.65_k44,2026-05-07,0.0259778841507469,0.0107969008581376,1.0,0.012081775861809,-0.0275131039553788,0.5714285714285714,0.0062090474505692,-0.0275131039553788,0.4615384615384615,0.0062567766084307,0.0,43.07692307692308,38,44,0.65,44,final_portfolio,True,0.1333333333333333,0.1151515151515151,0.503030303030303,0.1824242424242424,0.1643030303030303,0.1454545454545454,0.2151515151515151,0.4909090909090909,0.2216666666666666,0.203,0.2181818181818181,0.2151515151515151,0.3090909090909091,0.2307575757575757,0.2262727272727272,0.2126212121212121,0.1910121212121212,146,147
final_portfolio_a0.65_k44,2026-05-08,0.0383253899950929,0.0142164417515116,1.0,0.022277105351328,-0.0297707516093493,0.8571428571428571,0.0114940688082611,-0.0321958412282715,0.6153846153846154,0.0121749508590368,0.0,43.15384615384615,41,44,0.65,44,final_portfolio,True,0.8181818181818182,0.5727272727272728,0.503030303030303,0.685,0.7056666666666667,0.8727272727272727,0.2484848484848484,0.5333333333333333,0.6033333333333333,0.6327878787878787,0.6787878787878788,0.1303030303030303,0.2909090909090909,0.4286363636363636,0.459,0.5754242424242424,0.6358712121212121,31,21
final_portfolio_a0.65_k47,2026-04-30,0.024133400863184,0.0158141770762097,1.0,0.0126904073457416,-0.004711258773215,0.5714285714285714,0.0085582860705146,-0.0129072957371288,0.5384615384615384,0.0109760887351791,0.0,44.53846153846154,41,47,0.65,47,final_portfolio,True,0.8787878787878788,0.7606060606060606,0.503030303030303,0.781060606060606,0.8022121212121212,0.8484848484848485,0.9636363636363636,0.3878787878787879,0.8196969696969697,0.8404242424242424,0.8545454545454545,0.6727272727272727,0.7,0.7677272727272727,0.779090909090909,0.7925151515151514,0.815939393939394,12,13
final_portfolio_a0.65_k47,2026-05-06,0.0293043878278044,0.0161807393167848,1.0,0.0136367057555028,-0.0188236646763106,0.5714285714285714,0.0107771866987589,-0.0200381276940244,0.5384615384615384,0.0101872330662111,0.0,44.15384615384615,40,47,0.65,47,final_portfolio,True,0.0303030303030303,0.3303030303030303,0.503030303030303,0.2062121212121211,0.1765757575757576,0.1272727272727272,0.7515151515151515,0.503030303030303,0.4021212121212121,0.3708484848484848,0.5818181818181818,0.7303030303030303,0.8636363636363636,0.676060606060606,0.659,0.425530303030303,0.3363621212121212,131,143
final_portfolio_a0.65_k47,2026-05-07,0.0256020324356199,0.0107324542605149,1.0,0.0120184303191146,-0.0275131039553788,0.5714285714285714,0.0059198949810965,-0.0275131039553788,0.4615384615384615,0.0061216047986545,0.0,44.38461538461539,38,47,0.65,47,final_portfolio,True,0.103030303030303,0.0969696969696969,0.503030303030303,0.1609090909090909,0.141030303030303,0.1272727272727272,0.2151515151515151,0.4909090909090909,0.2125757575757575,0.1926363636363636,0.0848484848484848,0.2151515151515151,0.3090909090909091,0.1640909090909091,0.1502727272727272,0.182530303030303,0.1656393939393939,148,148
final_portfolio_a0.65_k47,2026-05-08,0.0379210169838464,0.0142164417515116,1.0,0.021726304204831,-0.0297707516093493,0.8571428571428571,0.0112938925935608,-0.0321958412282715,0.6153846153846154,0.0119243582520393,0.0,44.46153846153846,41,47,0.65,47,final_portfolio,True,0.7212121212121212,0.5727272727272728,0.503030303030303,0.6365151515151515,0.6503939393939394,0.8242424242424242,0.2484848484848484,0.5333333333333333,0.5790909090909091,0.6051515151515151,0.6060606060606061,0.1303030303030303,0.2909090909090909,0.3922727272727273,0.4175454545454545,0.5402727272727272,0.5951075757575757,45,37
final_portfolio_a0.65_k50,2026-04-30,0.0238332919685621,0.0158141770762097,1.0,0.0124568585873998,-0.004711258773215,0.5714285714285714,0.008314290347767,-0.0129072957371288,0.5384615384615384,0.0108268970163957,0.0,45.23076923076923,41,50,0.65,50,final_portfolio,True,0.8242424242424242,0.7606060606060606,0.503030303030303,0.7537878787878787,0.7711212121212121,0.8,0.9636363636363636,0.3878787878787879,0.7954545454545455,0.8127878787878788,0.8121212121212121,0.6727272727272727,0.7,0.7465151515151515,0.7549090909090909,0.7682727272727272,0.787439393939394,19,22
final_portfolio_a0.65_k50,2026-05-06,0.0300780635786585,0.0161807393167848,1.0,0.0140617194538838,-0.0186190314472625,0.5714285714285714,0.0110060402286564,-0.0200381276940244,0.5384615384615384,0.0105226021623604,0.0,44.69230769230769,40,50,0.65,50,final_portfolio,True,0.1212121212121212,0.3303030303030303,0.503030303030303,0.2516666666666666,0.2283939393939394,0.3212121212121212,0.7909090909090909,0.503030303030303,0.5128787878787878,0.4943939393939394,0.703030303030303,0.7303030303030303,0.8636363636363636,0.7366666666666667,0.7280909090909091,0.5016515151515152,0.4230484848484848,81,115
final_portfolio_a0.65_k50,2026-05-07,0.0258161160706565,0.0107324542605149,1.0,0.0118288477305846,-0.0275131039553788,0.5714285714285714,0.0058030188772789,-0.0275131039553788,0.4615384615384615,0.0061117950266086,0.0,45.0,38,50,0.65,50,final_portfolio,True,0.1212121212121212,0.0969696969696969,0.503030303030303,0.1699999999999999,0.1513939393939394,0.109090909090909,0.2151515151515151,0.4909090909090909,0.2034848484848485,0.1822727272727272,0.0545454545454545,0.2151515151515151,0.3090909090909091,0.1489393939393939,0.133,0.1770757575757575,0.162530303030303,150,149
final_portfolio_a0.65_k50,2026-05-08,0.0379258261976624,0.0142164417515116,1.0,0.0215096558984035,-0.0297707516093493,0.8571428571428571,0.0111785854523736,-0.0321958412282715,0.6153846153846154,0.0118600257016191,0.0,45.38461538461539,41,50,0.65,50,final_portfolio,True,0.7333333333333333,0.5727272727272728,0.503030303030303,0.6425757575757576,0.6573030303030303,0.793939393939394,0.2484848484848484,0.5333333333333333,0.563939393939394,0.5878787878787879,0.5636363636363636,0.1303030303030303,0.2909090909090909,0.371060606060606,0.3933636363636363,0.5296666666666666,0.5864712121212122,55,41
final_portfolio_a0.65_k53,2026-04-30,0.0235675026690345,0.0158141770762097,1.0,0.0123429488876022,-0.004711258773215,0.5714285714285714,0.008394700581106,-0.0129072957371288,0.5384615384615384,0.0107439542930558,0.0,45.61538461538461,41,53,0.65,53,final_portfolio,True,0.7515151515151515,0.7606060606060606,0.503030303030303,0.7174242424242423,0.7296666666666666,0.7515151515151515,0.9636363636363636,0.3878787878787879,0.7712121212121211,0.7851515151515152,0.8363636363636363,0.6727272727272727,0.7,0.7586363636363636,0.7687272727272726,0.7513030303030303,0.7604939393939394,29,33
final_portfolio_a0.65_k53,2026-05-06,0.029981862950446,0.0161807393167848,1.0,0.0139497300335855,-0.0186190314472625,0.5714285714285714,0.0109457382331112,-0.0200381276940244,0.5384615384615384,0.0104667873122023,0.0,45.0,40,53,0.65,53,final_portfolio,True,0.0969696969696969,0.3303030303030303,0.503030303030303,0.2395454545454545,0.2145757575757576,0.296969696969697,0.7909090909090909,0.503030303030303,0.5007575757575757,0.4805757575757575,0.6727272727272727,0.7303030303030303,0.8636363636363636,0.7215151515151516,0.7108181818181818,0.4886212121212121,0.4087121212121212,91,119
final_portfolio_a0.65_k53,2026-05-07,0.0265639671881461,0.0107324542605149,1.0,0.0121493553523659,-0.0275131039553788,0.5714285714285714,0.0059755999043919,-0.0275131039553788,0.4615384615384615,0.0063792709642013,0.0,45.23076923076923,38,53,0.65,53,final_portfolio,True,0.2121212121212121,0.0969696969696969,0.503030303030303,0.2154545454545454,0.2032121212121211,0.1636363636363636,0.2151515151515151,0.4909090909090909,0.2307575757575757,0.2133636363636364,0.103030303030303,0.2151515151515151,0.3090909090909091,0.1731818181818182,0.1606363636363636,0.2088939393939393,0.2013939393939394,147,144
final_portfolio_a0.65_k53,2026-05-08,0.0376458979507936,0.0142164417515116,1.0,0.0214736245666408,-0.0297707516093493,0.8571428571428571,0.0110655280232275,-0.0321958412282715,0.6153846153846154,0.0117772936145439,0.0,46.0,41,53,0.65,53,final_portfolio,True,0.6545454545454545,0.5727272727272728,0.503030303030303,0.6031818181818182,0.6123939393939394,0.7878787878787878,0.2484848484848484,0.5333333333333333,0.5609090909090909,0.5844242424242424,0.5272727272727272,0.1303030303030303,0.2909090909090909,0.3528787878787878,0.3726363636363636,0.5111818181818182,0.5638439393939394,68,51
final_portfolio_a0.65_k56,2026-04-30,0.0235675026690345,0.0158141770762097,1.0,0.0123429488876022,-0.004711258773215,0.5714285714285714,0.0083902000071338,-0.0129072957371288,0.5384615384615384,0.0107435694939812,0.0,45.76923076923077,41,55,0.65,56,final_portfolio,True,0.7515151515151515,0.7606060606060606,0.503030303030303,0.7174242424242423,0.7296666666666666,0.7515151515151515,0.9636363636363636,0.3878787878787879,0.7712121212121211,0.7851515151515152,0.8212121212121212,0.6727272727272727,0.7,0.751060606060606,0.7600909090909089,0.7490303030303029,0.7591984848484848,30,35
final_portfolio_a0.65_k56,2026-05-06,0.029981862950446,0.0161807393167848,1.0,0.0138774005043164,-0.0186190314472625,0.5714285714285714,0.0109067915635047,-0.0200381276940244,0.5384615384615384,0.0104449048476935,0.0,45.07692307692308,40,54,0.65,56,final_portfolio,True,0.0969696969696969,0.3303030303030303,0.503030303030303,0.2395454545454545,0.2145757575757576,0.2575757575757575,0.7909090909090909,0.503030303030303,0.481060606060606,0.4581212121212121,0.6636363636363637,0.7303030303030303,0.8636363636363636,0.7169696969696969,0.7056363636363636,0.4793787878787878,0.397830303030303,102,123
final_portfolio_a0.65_k56,2026-05-07,0.0271164229794857,0.0107324542605149,1.0,0.0123861221200829,-0.0275131039553788,0.5714285714285714,0.0061030897023934,-0.0275131039553788,0.4615384615384615,0.0065768619382752,0.0,45.38461538461539,38,55,0.65,56,final_portfolio,True,0.306060606060606,0.0969696969696969,0.503030303030303,0.2624242424242424,0.2567575757575757,0.1848484848484848,0.2151515151515151,0.4909090909090909,0.2413636363636363,0.2254545454545454,0.1606060606060606,0.2151515151515151,0.3090909090909091,0.2019696969696969,0.1934545454545454,0.2358636363636363,0.2331757575757576,140,139
final_portfolio_a0.65_k56,2026-05-08,0.0376458979507936,0.0142164417515116,1.0,0.0213242405026117,-0.0297707516093493,0.8571428571428571,0.0109850904502888,-0.0321958412282715,0.6153846153846154,0.0117320991896342,0.0,46.23076923076923,41,56,0.65,56,final_portfolio,True,0.6545454545454545,0.5727272727272728,0.503030303030303,0.6031818181818182,0.6123939393939394,0.7636363636363637,0.2484848484848484,0.5333333333333333,0.5487878787878788,0.5706060606060606,0.4969696969696969,0.1303030303030303,0.2909090909090909,0.3377272727272727,0.3553636363636363,0.5017878787878789,0.5550348484848485,77,55
final_portfolio_a0.65_k59,2026-04-30,0.0235675026690345,0.0158141770762097,1.0,0.0123429488876022,-0.004711258773215,0.5714285714285714,0.0083902000071338,-0.0129072957371288,0.5384615384615384,0.0107435694939812,0.0,45.76923076923077,41,55,0.65,59,final_portfolio,True,0.7515151515151515,0.7606060606060606,0.503030303030303,0.7174242424242423,0.7296666666666666,0.7515151515151515,0.9636363636363636,0.3878787878787879,0.7712121212121211,0.7851515151515152,0.8212121212121212,0.6727272727272727,0.7,0.751060606060606,0.7600909090909089,0.7490303030303029,0.7591984848484848,30,35
final_portfolio_a0.65_k59,2026-05-06,0.029981862950446,0.0161807393167848,1.0,0.0138774005043164,-0.0186190314472625,0.5714285714285714,0.0109067915635047,-0.0200381276940244,0.5384615384615384,0.0104449048476935,0.0,45.07692307692308,40,54,0.65,59,final_portfolio,True,0.0969696969696969,0.3303030303030303,0.503030303030303,0.2395454545454545,0.2145757575757576,0.2575757575757575,0.7909090909090909,0.503030303030303,0.481060606060606,0.4581212121212121,0.6636363636363637,0.7303030303030303,0.8636363636363636,0.7169696969696969,0.7056363636363636,0.4793787878787878,0.397830303030303,102,123
final_portfolio_a0.65_k59,2026-05-07,0.0271164229794857,0.0107324542605149,1.0,0.0123861221200829,-0.0275131039553788,0.5714285714285714,0.0061030897023934,-0.0275131039553788,0.4615384615384615,0.0065768619382752,0.0,45.38461538461539,38,55,0.65,59,final_portfolio,True,0.306060606060606,0.0969696969696969,0.503030303030303,0.2624242424242424,0.2567575757575757,0.1848484848484848,0.2151515151515151,0.4909090909090909,0.2413636363636363,0.2254545454545454,0.1606060606060606,0.2151515151515151,0.3090909090909091,0.2019696969696969,0.1934545454545454,0.2358636363636363,0.2331757575757576,140,139
final_portfolio_a0.65_k59,2026-05-08,0.0376458979507936,0.0142164417515116,1.0,0.0212630779366069,-0.0297707516093493,0.8571428571428571,0.0109521567609016,-0.0321958412282715,0.6153846153846154,0.0117135951610114,0.0,46.46153846153846,41,59,0.65,59,final_portfolio,True,0.6545454545454545,0.5727272727272728,0.503030303030303,0.6031818181818182,0.6123939393939394,0.7515151515151515,0.2484848484848484,0.5333333333333333,0.5427272727272727,0.5636969696969696,0.4787878787878787,0.1303030303030303,0.2909090909090909,0.3286363636363636,0.345,0.4966363636363636,0.5503712121212121,85,58
final_portfolio_a0.70_k35,2026-04-30,0.0266091948510855,0.016826295758607,1.0,0.0137908273912639,-0.0103184108490589,0.5714285714285714,0.0101613480099211,-0.0143650076616636,0.5384615384615384,0.0111886701444655,0.0,35.0,35,35,0.7,35,final_portfolio,True,0.9757575757575756,0.9030303030303032,0.503030303030303,0.8793939393939394,0.9044848484848484,0.9757575757575756,0.3333333333333333,0.3878787878787879,0.6627272727272727,0.7049696969696969,0.9757575757575756,0.509090909090909,0.7,0.771060606060606,0.794181818181818,0.7602272727272726,0.7981575757575756,26,17
final_portfolio_a0.70_k35,2026-05-06,0.0305360541874416,0.0137773049741422,1.0,0.0136457180007291,-0.0207199640766223,0.5714285714285714,0.0118175208696381,-0.0207199640766223,0.6153846153846154,0.0099382469751438,0.0,35.0,35,35,0.7,35,final_portfolio,True,0.1636363636363636,0.0121212121212121,0.503030303030303,0.1615151515151515,0.1475757575757575,0.1333333333333333,0.4181818181818181,0.503030303030303,0.2884848484848484,0.2643030303030302,0.8787878787878788,0.4484848484848485,0.987878787878788,0.7445454545454545,0.7476969696969696,0.3872121212121212,0.2901212121212121,146,149
final_portfolio_a0.70_k35,2026-05-07,0.0224608886105866,0.0085245387228239,1.0,0.0102746249844271,-0.0289119846468212,0.5714285714285714,0.005241584932285,-0.0289119846468212,0.4615384615384615,0.0043317192011454,0.0,35.0,35,35,0.7,35,final_portfolio,True,0.0121212121212121,0.0121212121212121,0.503030303030303,0.0857575757575757,0.0612121212121212,0.0121212121212121,0.0848484848484848,0.4909090909090909,0.1093939393939394,0.084,0.0303030303030303,0.0848484848484848,0.3090909090909091,0.0912121212121212,0.0761818181818181,0.0968484848484848,0.0737121212121212,165,164
final_portfolio_a0.70_k35,2026-05-08,0.0388709907197899,0.0126228740136114,1.0,0.0234614111752634,-0.0331467414019321,0.8571428571428571,0.0124116155354834,-0.0361235126880257,0.6153846153846154,0.0102754673504255,0.0015,35.0,35,35,0.7,35,final_portfolio,True,0.8787878787878788,0.3454545454545454,0.503030303030303,0.6357575757575757,0.6652121212121211,0.993939393939394,0.0121212121212121,0.5333333333333333,0.5812121212121212,0.6238787878787878,0.8,0.0121212121212121,0.2909090909090909,0.4478787878787879,0.4890909090909091,0.5575757575757576,0.6186939393939394,39,30
final_portfolio_a0.70_k38,2026-04-30,0.0257972659327032,0.0173685961298699,1.0,0.012903137275966,-0.0113054364290936,0.5714285714285714,0.0097644978372296,-0.0128256566563743,0.5384615384615384,0.0107431353718687,0.0,38.0,38,38,0.7,38,final_portfolio,True,0.9393939393939394,0.9454545454545454,0.503030303030303,0.876060606060606,0.8977575757575758,0.8727272727272727,0.2303030303030303,0.3878787878787879,0.5751515151515152,0.6122424242424243,0.9454545454545454,0.703030303030303,0.7,0.8237878787878787,0.8409090909090908,0.7400151515151514,0.7607484848484848,36,32
final_portfolio_a0.70_k38,2026-05-06,0.0300666505933934,0.0143633900827834,1.0,0.0134484433137093,-0.0217354584403149,0.5714285714285714,0.0119206437687056,-0.0217354584403149,0.6153846153846154,0.0096657343566801,0.0,38.0,38,38,0.7,38,final_portfolio,True,0.1151515151515151,0.0484848484848484,0.503030303030303,0.15,0.1319393939393939,0.0545454545454545,0.3575757575757576,0.503030303030303,0.2278787878787879,0.1993939393939394,0.9212121212121211,0.3575757575757576,0.987878787878788,0.733939393939394,0.7418787878787878,0.3563333333333334,0.2537848484848485,149,158
final_portfolio_a0.70_k38,2026-05-07,0.0241993234647046,0.0100330746985854,1.0,0.011176623542404,-0.0277388351673766,0.5714285714285714,0.0059619418501711,-0.0277388351673766,0.4615384615384615,0.0054524458402152,0.0,38.0,38,38,0.7,38,final_portfolio,True,0.0484848484848484,0.0606060606060606,0.503030303030303,0.1209090909090909,0.0979393939393939,0.0424242424242424,0.1545454545454545,0.4909090909090909,0.1489393939393939,0.1242727272727272,0.0969696969696969,0.1545454545454545,0.3090909090909091,0.1489393939393939,0.1371818181818181,0.140530303030303,0.1156757575757575,158,159
final_portfolio_a0.70_k38,2026-05-08,0.0388727721646508,0.0130440834927323,1.0,0.0229322230217366,-0.0327260542109605,0.8571428571428571,0.0124958143816881,-0.0347722952290407,0.6153846153846154,0.0103322927231476,0.0015,38.0,38,38,0.7,38,final_portfolio,True,0.8848484848484849,0.4,0.503030303030303,0.6578787878787878,0.6866666666666666,0.9515151515151516,0.0242424242424242,0.5333333333333333,0.5642424242424242,0.6036969696969697,0.8242424242424242,0.0424242424242424,0.2909090909090909,0.4706060606060606,0.5129090909090909,0.5642424242424242,0.6217666666666667,37,28
final_portfolio_a0.70_k41,2026-04-30,0.0244224339088191,0.0167007726980509,1.0,0.0131485394422593,-0.0049487341740861,0.5714285714285714,0.0092375432458099,-0.0133531171096076,0.5384615384615384,0.0112772730079444,0.0,41.0,41,41,0.7,41,final_portfolio,True,0.9090909090909092,0.8727272727272727,0.503030303030303,0.8354545454545454,0.8564848484848484,0.9393939393939394,0.9030303030303032,0.3878787878787879,0.843939393939394,0.8722424242424243,0.9333333333333332,0.6060606060606061,0.7,0.7837878787878788,0.8019999999999999,0.8233484848484849,0.8554030303030303,7,6
final_portfolio_a0.70_k41,2026-05-06,0.0297835867200841,0.0153317639858407,1.0,0.013267064950604,-0.0220769734093775,0.5714285714285714,0.0111797742417747,-0.0220769734093775,0.5384615384615384,0.0095399948286671,0.0,40.92307692307692,40,41,0.7,41,final_portfolio,True,0.0787878787878787,0.1515151515151515,0.503030303030303,0.1678787878787878,0.1452121212121212,0.0181818181818181,0.303030303030303,0.503030303030303,0.1906060606060606,0.1606666666666666,0.7636363636363637,0.3151515151515151,0.8636363636363636,0.6216666666666667,0.6256363636363635,0.3131060606060606,0.224230303030303,156,164
final_portfolio_a0.70_k41,2026-05-07,0.0240392518559886,0.0102080237804702,1.0,0.0112267618233873,-0.0277388351673766,0.5714285714285714,0.0060623945087722,-0.0277388351673766,0.4615384615384615,0.0054604919636194,0.0,40.76923076923077,38,41,0.7,41,final_portfolio,True,0.0424242424242424,0.0787878787878787,0.503030303030303,0.1242424242424242,0.1004848484848484,0.0484848484848484,0.1545454545454545,0.4909090909090909,0.1519696969696969,0.1277272727272727,0.1454545454545454,0.1545454545454545,0.3090909090909091,0.1731818181818181,0.1648181818181818,0.1500151515151515,0.1223939393939394,156,156
final_portfolio_a0.70_k41,2026-05-08,0.0386316055010575,0.0138676702076296,1.0,0.0230040390804879,-0.030484866246441,0.8571428571428571,0.0121592322821663,-0.0322405430291965,0.6153846153846154,0.0108338013663988,0.0015,41.0,41,41,0.7,41,final_portfolio,True,0.8666666666666667,0.509090909090909,0.503030303030303,0.686969696969697,0.7123030303030302,0.9575757575757576,0.1272727272727272,0.5333333333333333,0.6033333333333333,0.6411515151515151,0.7575757575757576,0.109090909090909,0.2909090909090909,0.4606060606060606,0.4969090909090908,0.5856060606060606,0.6464757575757576,24,17
final_portfolio_a0.70_k44,2026-04-30,0.0243024463704299,0.0159219052745415,1.0,0.0129062421207613,-0.0049024353072371,0.5714285714285714,0.0089899004916197,-0.0133531171096076,0.5384615384615384,0.011070658012568,0.0,43.38461538461539,41,44,0.7,44,final_portfolio,True,0.896969696969697,0.8090909090909091,0.503030303030303,0.8071212121212121,0.8285757575757575,0.8787878787878788,0.9242424242424242,0.3878787878787879,0.821060606060606,0.8446969696969697,0.9151515151515152,0.6060606060606061,0.7,0.7746969696969697,0.7916363636363636,0.802969696969697,0.8302893939393938,9,9
final_portfolio_a0.70_k44,2026-05-06,0.0289421955250838,0.0157050948992104,1.0,0.0135679105698649,-0.0173778685654353,0.5714285714285714,0.0110091040647155,-0.0200093791927042,0.5384615384615384,0.0102601749010245,0.0,43.23076923076923,40,44,0.7,44,final_portfolio,True,0.0121212121212121,0.2272727272727272,0.503030303030303,0.161060606060606,0.1322121212121212,0.109090909090909,0.9393939393939394,0.503030303030303,0.4587878787878788,0.4224848484848485,0.7090909090909091,0.7666666666666667,0.8636363636363636,0.7524242424242423,0.7435454545454545,0.457560606060606,0.3545348484848485,125,139
final_portfolio_a0.70_k44,2026-05-07,0.0251642761705696,0.0098816515564616,1.0,0.011713669472148,-0.0277388351673766,0.5714285714285714,0.0061055647035535,-0.0277388351673766,0.4615384615384615,0.0058024992373356,0.0,43.07692307692308,38,44,0.7,44,final_portfolio,True,0.0848484848484848,0.0545454545454545,0.503030303030303,0.1369696969696969,0.1166666666666666,0.0787878787878787,0.1545454545454545,0.4909090909090909,0.1671212121212121,0.145,0.1696969696969697,0.1545454545454545,0.3090909090909091,0.1853030303030303,0.1786363636363636,0.163530303030303,0.1387121212121212,154,155
final_portfolio_a0.70_k44,2026-05-08,0.0384144577916653,0.0137158870998087,1.0,0.0224586668584235,-0.030484866246441,0.8571428571428571,0.0115880854290654,-0.0329303413826971,0.6153846153846154,0.0105413902690271,0.0015,43.15384615384615,41,44,0.7,44,final_portfolio,True,0.8303030303030303,0.4757575757575757,0.503030303030303,0.6571212121212121,0.6805757575757575,0.8787878787878788,0.1272727272727272,0.5333333333333333,0.563939393939394,0.5962424242424242,0.6848484848484848,0.0818181818181818,0.2909090909090909,0.4146969696969697,0.4464545454545454,0.5471212121212121,0.6060075757575757,41,33
final_portfolio_a0.70_k47,2026-04-30,0.0243110502748211,0.0159219052745415,1.0,0.0127113541314059,-0.0049024353072371,0.5714285714285714,0.0087207367224253,-0.0133531171096076,0.5384615384615384,0.0109996174312334,0.0,44.53846153846154,41,47,0.7,47,final_portfolio,True,0.9030303030303032,0.8090909090909091,0.503030303030303,0.8101515151515151,0.832030303030303,0.8545454545454545,0.9242424242424242,0.3878787878787879,0.808939393939394,0.8308787878787878,0.8848484848484849,0.6060606060606061,0.7,0.7595454545454545,0.7743636363636363,0.7944848484848486,0.8228621212121212,11,11
final_portfolio_a0.70_k47,2026-05-06,0.0290286978083372,0.0157050948992104,1.0,0.0135549359529246,-0.0185109518720592,0.5714285714285714,0.0109640943826706,-0.0200093791927042,0.5384615384615384,0.0101044582335126,0.0,44.15384615384615,40,47,0.7,47,final_portfolio,True,0.0181818181818181,0.2272727272727272,0.503030303030303,0.1640909090909091,0.1356666666666666,0.0909090909090909,0.8121212121212121,0.503030303030303,0.4051515151515151,0.3701212121212121,0.6848484848484848,0.7666666666666667,0.8636363636363636,0.7403030303030302,0.7297272727272728,0.4333787878787878,0.330280303030303,130,145
final_portfolio_a0.70_k47,2026-05-07,0.0248661509153719,0.0098347320638392,1.0,0.0116723157260206,-0.0277388351673766,0.5714285714285714,0.0058627045951302,-0.0277388351673766,0.4615384615384615,0.0056969615309725,0.0,44.38461538461539,38,47,0.7,47,final_portfolio,True,0.0666666666666666,0.0363636363636363,0.503030303030303,0.1215151515151515,0.1003030303030303,0.0727272727272727,0.1545454545454545,0.4909090909090909,0.1640909090909091,0.1415454545454545,0.0666666666666666,0.1545454545454545,0.3090909090909091,0.1337878787878788,0.1199090909090909,0.1422272727272727,0.1218030303030303,157,157
final_portfolio_a0.70_k47,2026-05-08,0.0380687246264429,0.0137158870998087,1.0,0.0219825096140026,-0.030484866246441,0.8571428571428571,0.0114101797024276,-0.0329303413826971,0.6153846153846154,0.0103252178345349,0.0015,44.46153846153846,41,47,0.7,47,final_portfolio,True,0.7757575757575758,0.4757575757575757,0.503030303030303,0.6298484848484849,0.6494848484848484,0.8606060606060606,0.1272727272727272,0.5333333333333333,0.5548484848484848,0.5858787878787879,0.6484848484848484,0.0818181818181818,0.2909090909090909,0.3965151515151515,0.4257272727272727,0.5298484848484848,0.585798484848485,53,42
final_portfolio_a0.70_k50,2026-04-30,0.0240529687486102,0.0159219052745415,1.0,0.0125106483634979,-0.0049024353072371,0.5714285714285714,0.0085072153392717,-0.0133531171096076,0.5384615384615384,0.0108710377355293,0.0,45.23076923076923,41,50,0.7,50,final_portfolio,True,0.8484848484848485,0.8090909090909091,0.503030303030303,0.7828787878787878,0.8009393939393938,0.8121212121212121,0.9242424242424242,0.3878787878787879,0.7877272727272727,0.8066969696969697,0.8484848484848485,0.6060606060606061,0.7,0.7413636363636363,0.7536363636363635,0.7723636363636363,0.7964348484848485,17,18
final_portfolio_a0.70_k50,2026-05-06,0.0296935668449537,0.0157050948992104,1.0,0.0139207029730273,-0.0183383948051215,0.5714285714285714,0.0111610458550336,-0.0200093791927042,0.5384615384615384,0.0103923316898448,0.0,44.69230769230769,40,50,0.7,50,final_portfolio,True,0.0666666666666666,0.2272727272727272,0.503030303030303,0.1883333333333333,0.1633030303030302,0.2787878787878788,0.8454545454545455,0.503030303030303,0.5107575757575757,0.4882121212121212,0.7515151515151515,0.7666666666666667,0.8636363636363636,0.7736363636363636,0.7677272727272726,0.4928939393939394,0.4001757575757576,88,122
final_portfolio_a0.70_k50,2026-05-07,0.0250629363583959,0.0098347320638392,1.0,0.0115176146465917,-0.0277388351673766,0.5714285714285714,0.0057656555076748,-0.0277388351673766,0.4615384615384615,0.0056938500881311,0.0,45.0,38,50,0.7,50,final_portfolio,True,0.0727272727272727,0.0363636363636363,0.503030303030303,0.1245454545454545,0.1037575757575757,0.0666666666666666,0.1545454545454545,0.4909090909090909,0.161060606060606,0.1380909090909091,0.0484848484848484,0.1545454545454545,0.3090909090909091,0.1246969696969697,0.1095454545454545,0.1391969696969697,0.1200757575757575,159,158
final_portfolio_a0.70_k50,2026-05-08,0.0380693788208202,0.0137158870998087,1.0,0.0217954753664095,-0.030484866246441,0.8571428571428571,0.0113117577598407,-0.0329303413826971,0.6153846153846154,0.0102689776302541,0.0015,45.38461538461539,41,50,0.7,50,final_portfolio,True,0.7818181818181819,0.4757575757575757,0.503030303030303,0.6328787878787878,0.6529393939393939,0.8424242424242424,0.1272727272727272,0.5333333333333333,0.5457575757575758,0.5755151515151515,0.6181818181818182,0.0818181818181818,0.2909090909090909,0.3813636363636363,0.4084545454545454,0.5225757575757576,0.5799257575757577,60,46
final_portfolio_a0.70_k53,2026-04-30,0.0238233122385161,0.0159219052745415,1.0,0.0124122241448862,-0.0049024353072371,0.5714285714285714,0.0085702145305099,-0.0133531171096076,0.5384615384615384,0.0107988166700048,0.0,45.61538461538461,41,53,0.7,53,final_portfolio,True,0.8121212121212121,0.8090909090909091,0.503030303030303,0.7646969696969697,0.7802121212121211,0.7878787878787878,0.9242424242424242,0.3878787878787879,0.7756060606060605,0.7928787878787878,0.8727272727272727,0.6060606060606061,0.7,0.7534848484848484,0.7674545454545453,0.7656969696969697,0.7839984848484848,23,25
final_portfolio_a0.70_k53,2026-05-06,0.029613000830568,0.0157050948992104,1.0,0.0138272810536937,-0.0183383948051215,0.5714285714285714,0.0111107417446232,-0.0200093791927042,0.5384615384615384,0.0103456989148156,0.0,45.0,40,53,0.7,53,final_portfolio,True,0.0545454545454545,0.2272727272727272,0.503030303030303,0.1822727272727272,0.1563939393939394,0.2242424242424242,0.8454545454545455,0.503030303030303,0.4834848484848484,0.4571212121212121,0.7454545454545455,0.7666666666666667,0.8636363636363636,0.7706060606060606,0.7642727272727272,0.4792575757575757,0.3829030303030303,104,129
final_portfolio_a0.70_k53,2026-05-07,0.0257167857137601,0.0098347320638392,1.0,0.0117978357988907,-0.0277388351673766,0.5714285714285714,0.0059165438204511,-0.0277388351673766,0.4615384615384615,0.0059277054174612,0.0,45.23076923076923,38,53,0.7,53,final_portfolio,True,0.1151515151515151,0.0363636363636363,0.503030303030303,0.1457575757575757,0.1279393939393939,0.0969696969696969,0.1545454545454545,0.4909090909090909,0.1762121212121212,0.1553636363636363,0.0787878787878787,0.1545454545454545,0.3090909090909091,0.1398484848484848,0.1268181818181818,0.1561666666666666,0.1401121212121212,155,154
final_portfolio_a0.70_k53,2026-05-08,0.0378272542405883,0.0137158870998087,1.0,0.0217621520564767,-0.030484866246441,0.8571428571428571,0.0112146186619304,-0.0329303413826971,0.6153846153846154,0.0101969204040922,0.0015,46.0,41,53,0.7,53,final_portfolio,True,0.696969696969697,0.4757575757575757,0.503030303030303,0.5904545454545455,0.6045757575757575,0.8303030303030303,0.1272727272727272,0.5333333333333333,0.5396969696969697,0.5686060606060606,0.5818181818181818,0.0818181818181818,0.2909090909090909,0.3631818181818181,0.3877272727272727,0.501969696969697,0.5543621212121213,76,57
final_portfolio_a0.70_k56,2026-04-30,0.0238233122385161,0.0159219052745415,1.0,0.0124122241448862,-0.0049024353072371,0.5714285714285714,0.0085634705683069,-0.0133531171096076,0.5384615384615384,0.0107982400612365,0.0,45.76923076923077,41,55,0.7,56,final_portfolio,True,0.8121212121212121,0.8090909090909091,0.503030303030303,0.7646969696969697,0.7802121212121211,0.7878787878787878,0.9242424242424242,0.3878787878787879,0.7756060606060605,0.7928787878787878,0.8636363636363636,0.6060606060606061,0.7,0.7489393939393939,0.7622727272727272,0.7643333333333333,0.7832212121212121,24,26
final_portfolio_a0.70_k56,2026-05-06,0.029613000830568,0.0157050948992104,1.0,0.0137657265717915,-0.0183383948051215,0.5714285714285714,0.011077597023599,-0.0200093791927042,0.5384615384615384,0.0103270763165602,0.0,45.07692307692308,40,54,0.7,56,final_portfolio,True,0.0545454545454545,0.2272727272727272,0.503030303030303,0.1822727272727272,0.1563939393939394,0.1909090909090909,0.8454545454545455,0.503030303030303,0.4668181818181818,0.4381212121212121,0.7303030303030303,0.7666666666666667,0.8636363636363636,0.7630303030303031,0.7556363636363637,0.4703181818181818,0.3730575757575757,109,131
final_portfolio_a0.70_k56,2026-05-07,0.0262017238619747,0.0098347320638392,1.0,0.0120056664338398,-0.0277388351673766,0.5714285714285714,0.0060284526238853,-0.0277388351673766,0.4615384615384615,0.0061011480758121,0.0,45.38461538461539,38,55,0.7,56,final_portfolio,True,0.1545454545454545,0.0363636363636363,0.503030303030303,0.1654545454545454,0.1503939393939393,0.1181818181818181,0.1545454545454545,0.4909090909090909,0.1868181818181818,0.1674545454545454,0.1181818181818181,0.1545454545454545,0.3090909090909091,0.1595454545454545,0.1492727272727272,0.1722272727272727,0.1579030303030303,151,150
final_portfolio_a0.70_k56,2026-05-08,0.0378272542405883,0.0137158870998087,1.0,0.0216342973360317,-0.030484866246441,0.8571428571428571,0.01114577381246,-0.0329303413826971,0.6153846153846154,0.0101582394336683,0.0015,46.23076923076923,41,56,0.7,56,final_portfolio,True,0.696969696969697,0.4757575757575757,0.503030303030303,0.5904545454545455,0.6045757575757575,0.806060606060606,0.1272727272727272,0.5333333333333333,0.5275757575757576,0.5547878787878787,0.5393939393939394,0.0818181818181818,0.2909090909090909,0.341969696969697,0.3635454545454545,0.4907575757575757,0.5445166666666666,98,63
final_portfolio_a0.70_k59,2026-04-30,0.0238233122385161,0.0159219052745415,1.0,0.0124122241448862,-0.0049024353072371,0.5714285714285714,0.0085634705683069,-0.0133531171096076,0.5384615384615384,0.0107982400612365,0.0,45.76923076923077,41,55,0.7,59,final_portfolio,True,0.8121212121212121,0.8090909090909091,0.503030303030303,0.7646969696969697,0.7802121212121211,0.7878787878787878,0.9242424242424242,0.3878787878787879,0.7756060606060605,0.7928787878787878,0.8636363636363636,0.6060606060606061,0.7,0.7489393939393939,0.7622727272727272,0.7643333333333333,0.7832212121212121,24,26
final_portfolio_a0.70_k59,2026-05-06,0.029613000830568,0.0157050948992104,1.0,0.0137657265717915,-0.0183383948051215,0.5714285714285714,0.011077597023599,-0.0200093791927042,0.5384615384615384,0.0103270763165602,0.0,45.07692307692308,40,54,0.7,59,final_portfolio,True,0.0545454545454545,0.2272727272727272,0.503030303030303,0.1822727272727272,0.1563939393939394,0.1909090909090909,0.8454545454545455,0.503030303030303,0.4668181818181818,0.4381212121212121,0.7303030303030303,0.7666666666666667,0.8636363636363636,0.7630303030303031,0.7556363636363637,0.4703181818181818,0.3730575757575757,109,131
final_portfolio_a0.70_k59,2026-05-07,0.0262017238619747,0.0098347320638392,1.0,0.0120056664338398,-0.0277388351673766,0.5714285714285714,0.0060284526238853,-0.0277388351673766,0.4615384615384615,0.0061011480758121,0.0,45.38461538461539,38,55,0.7,59,final_portfolio,True,0.1545454545454545,0.0363636363636363,0.503030303030303,0.1654545454545454,0.1503939393939393,0.1181818181818181,0.1545454545454545,0.4909090909090909,0.1868181818181818,0.1674545454545454,0.1181818181818181,0.1545454545454545,0.3090909090909091,0.1595454545454545,0.1492727272727272,0.1722272727272727,0.1579030303030303,151,150
final_portfolio_a0.70_k59,2026-05-08,0.0378272542405883,0.0137158870998087,1.0,0.0215808867146328,-0.030484866246441,0.8571428571428571,0.0111170142470913,-0.0329303413826971,0.6153846153846154,0.0101420806664404,0.0015,46.46153846153846,41,59,0.7,59,final_portfolio,True,0.696969696969697,0.4757575757575757,0.503030303030303,0.5904545454545455,0.6045757575757575,0.8,0.1272727272727272,0.5333333333333333,0.5245454545454545,0.5513333333333332,0.5333333333333333,0.0818181818181818,0.2909090909090909,0.3389393939393939,0.3600909090909091,0.4886363636363636,0.5424439393939394,102,65
