candidate,round,model0_weight,model1_weight,top_k,internal_max_weight,risk_filter_enabled,weighting,score_combination,windows,mean_excess,sum_excess,hit_rate,worst_window,best_window,std_excess,mean_3w,sum_3w,hit_3w,worst_3w,best_3w,std_3w,mean_7w,sum_7w,hit_7w,worst_7w,best_7w,std_7w,mean_13w,sum_13w,hit_13w,worst_13w,best_13w,std_13w,raw_score_3w,raw_score_7w,raw_score_13w,raw_penalty,raw_combined_score,audit_kind,score_3w,rank_3w,score_7w,rank_7w,score_13w,rank_13w,rank_spread_3_7_13,final_penalty,final_score
stable_compact_current,robustness,0.5465,0.4535,31,0.031758,True,rank,rank_average,13,0.009603093935345784,0.1248402211594952,0.5384615384615384,-0.016028045344480595,0.03827953262484307,0.017950436300978288,0.025358169655405226,0.07607450896621568,1.0,0.016568274464532483,0.03335156830692443,0.006874859664163794,0.012827875688589788,0.08979512982012852,0.5714285714285714,-0.01079446554250689,0.03335156830692443,0.01694600272760193,0.009603093935345784,0.1248402211594952,0.5384615384615384,-0.016028045344480595,0.03827953262484307,0.017950436300978288,0.020921687276876696,0.004321144084897477,0.0007229701179300385,0.0,0.01042163526664405,exact,0.943761316872428,3.0,0.7770493827160494,151.0,0.8870946502057613,3.0,148.0,0.0,0.8602409465020576
stable_compact_current,robustness,0.55,0.44999999999999996,31,0.031758,True,rank,rank_average,13,0.009484104334867056,0.12329335635327174,0.5384615384615384,-0.016028045344480595,0.03827953262484307,0.017999560519606165,0.025358169655405226,0.07607450896621568,1.0,0.016568274464532483,0.03335156830692443,0.006874859664163794,0.012827875688589788,0.08979512982012852,0.5714285714285714,-0.01079446554250689,0.03335156830692443,0.01694600272760193,0.009484104334867056,0.12329335635327174,0.5384615384615384,-0.016028045344480595,0.03827953262484307,0.017999560519606165,0.020921687276876696,0.004321144084897477,0.000655146045657164,0.0,0.010411461655803119,neighbor,0.943761316872428,3.0,0.7770493827160494,151.0,0.886156378600823,4.0,148.0,0.0,0.8601002057613168
stable_compact_current,robustness,0.5465,0.4535,31,0.030758,True,rank,rank_average,13,0.009474312741477961,0.12316606563921349,0.5384615384615384,-0.01609623879213396,0.03811912568345732,0.017834004476246536,0.025084344417689225,0.07525303325306767,1.0,0.016807718668374785,0.03265476272084649,0.006488772252540054,0.012666115935200733,0.08866281154640514,0.5714285714285714,-0.010792356381241437,0.03265476272084649,0.01675419174815846,0.009474312741477961,0.12316606563921349,0.5384615384615384,-0.01609623879213396,0.03811912568345732,0.017834004476246536,0.02084462347864654,0.004229637048683315,0.0006270609996997684,0.0,0.010335245213321072,neighbor,0.9454156378600823,1.0,0.7761358024691358,153.0,0.8776131687242799,13.0,152.0,0.0,0.859069341563786
stable_compact_current,robustness,0.55,0.44999999999999996,31,0.030758,True,rank,rank_average,13,0.009354692047589675,0.12161099661866577,0.5384615384615384,-0.01609623879213396,0.03811912568345732,0.017885634771511522,0.025084344417689225,0.07525303325306767,1.0,0.016807718668374785,0.03265476272084649,0.006488772252540054,0.012666115935200733,0.08866281154640514,0.5714285714285714,-0.010792356381241437,0.03265476272084649,0.01675419174815846,0.009354692047589675,0.12161099661866577,0.5384615384615384,-0.01609623879213396,0.03811912568345732,0.017885634771511522,0.02084462347864654,0.004229637048683315,0.0005588772041834452,0.0,0.010325017643993623,neighbor,0.9454156378600823,1.0,0.7761358024691358,153.0,0.8762057613168724,17.0,152.0,0.0,0.8588582304526748
stable_compact_current,robustness,0.5465,0.4535,31,0.032,True,rank,rank_average,13,0.009626774415043187,0.12514806739556142,0.5384615384615384,-0.01603316812375547,0.03835597424756902,0.01795798991296082,0.025272858405745197,0.07581857521723559,1.0,0.01635434296594197,0.03343015828011608,0.006991921720277772,0.012791387057414052,0.08953970940189837,0.5714285714285714,-0.010805130112147239,0.03343015828011608,0.016939196941040527,0.009626774415043187,0.12514806739556142,0.5384615384615384,-0.01603316812375547,0.03835597424756902,0.01795798991296082,0.020802462470035612,0.004296826257145991,0.0007347774741968488,0.0,0.01036477342485947,neighbor,0.9373909465020576,8.0,0.7727283950617283,156.0,0.8856625514403292,5.0,151.0,0.0,0.8555335390946502
stable_compact_current,robustness,0.55,0.44999999999999996,31,0.032,True,rank,rank_average,13,0.0095084682903118,0.1236100877740534,0.5384615384615384,-0.01603316812375547,0.03835597424756902,0.018005125649586645,0.025272858405745197,0.07581857521723559,1.0,0.01635434296594197,0.03343015828011608,0.006991921720277772,0.012791387057414052,0.08953970940189837,0.5714285714285714,-0.010805130112147239,0.03343015828011608,0.016939196941040527,0.0095084682903118,0.1236100877740534,0.5384615384615384,-0.01603316812375547,0.03835597424756902,0.018005125649586645,0.020802462470035612,0.004296826257145991,0.0006673429830999583,0.0,0.010354658251194936,rounded,0.9373909465020576,8.0,0.7727283950617283,156.0,0.8847242798353908,7.0,149.0,0.0,0.8553927983539095
stable_compact_current,robustness,0.5965,0.40349999999999997,31,0.031758,True,rank,rank_average,13,0.009245716157106676,0.12019431004238679,0.5384615384615384,-0.016028045344480595,0.03827953262484307,0.01783075912438297,0.024634368798898566,0.0739031063966957,1.0,0.01639593284172023,0.031352507360216705,0.0061999063681493875,0.012517675321515502,0.08762372725060852,0.5714285714285714,-0.01079446554250689,0.031352507360216705,0.016605403414704695,0.009245716157106676,0.12019431004238679,0.5384615384615384,-0.016028045344480595,0.03827953262484307,0.01783075912438297,0.02045224805313986,0.004144329875665134,0.0005192647843337471,0.0,0.010123737382955317,neighbor,0.9365761316872429,10.0,0.7716543209876543,161.0,0.882872427983539,9.0,152.0,0.0,0.8543057613168725
stable_compact_current,robustness,0.5965,0.40349999999999997,31,0.032,True,rank,rank_average,13,0.009264759704767025,0.12044187616197133,0.5384615384615384,-0.01603316812375547,0.03835597424756902,0.01784039616544106,0.024574462917991476,0.07372338875397443,1.0,0.01629414106467836,0.03139517371811853,0.00625076769258538,0.012492074705519602,0.0874445229386372,0.5714285714285714,-0.010805130112147239,0.03139517371811853,0.01659450970836347,0.009264759704767025,0.12044187616197133,0.5384615384615384,-0.01603316812375547,0.03835597424756902,0.01784039616544106,0.020384510414599002,0.004126218216566155,0.0005284290893394361,0.0,0.010089866726695287,neighbor,0.9324526748971192,13.0,0.7687407407407407,165.0,0.8814403292181069,11.0,154.0,0.0,0.8511304526748971
stable_compact_current,robustness,0.5715,0.4285,31,0.031758,True,rank,rank_average,13,0.00945036714558972,0.12285477289266637,0.5384615384615384,-0.016028045344480595,0.03827953262484307,0.01754632108805298,0.024073130928721084,0.07221939278616325,1.0,0.016428645500439282,0.02963608109096521,0.005589196753099778,0.012277144805725155,0.08594001364007609,0.5714285714285714,-0.01079446554250689,0.030886621299611464,0.016337138663448776,0.00945036714558972,0.12285477289266637,0.5384615384615384,-0.016028045344480595,0.03827953262484307,0.01754632108805298,0.02014313764451598,0.004007227481664636,0.000635915847769082,0.0,0.00995589480172084,neighbor,0.9284279835390946,16.0,0.7664938271604939,167.0,0.8847489711934156,6.0,161.0,0.0,0.8490057613168724
stable_compact_current,robustness,0.5465,0.4535,31,0.03,True,rank,rank_average,13,0.009053442642982688,0.11769475435877495,0.5384615384615384,-0.016059272429072072,0.03823685110945775,0.01783846951325444,0.024614177003452423,0.07384253101035727,1.0,0.016735117817621232,0.03135401520329203,0.006022259184856674,0.01217432866371907,0.08522030064603349,0.5714285714285714,-0.011089014763899618,0.03135401520329203,0.01677701252434909,0.009053442642982688,0.11769475435877495,0.5384615384615384,-0.016059272429072072,0.03823685110945775,0.01783846951325444,0.020552669771782887,0.0038514210376615664,0.0003993639433678859,0.0,0.010014111967166043,neighbor,0.9422551440329218,5.0,0.7541111111111112,187.0,0.8767242798353908,15.0,182.0,0.0,0.8477606995884774
stable_compact_current,robustness,0.5565,0.4435,31,0.031758,True,rank,rank_average,13,0.00917666103834475,0.11929659349848176,0.5384615384615384,-0.016028045344480595,0.03827953262484307,0.01762726080823695,0.024025915370475232,0.0720777461114257,1.0,0.016428645500439286,0.029494434416227656,0.005542405918726416,0.012256909566476935,0.08579836696533855,0.5714285714285714,-0.01079446554250689,0.030886621299611464,0.016315698944285056,0.00917666103834475,0.11929659349848176,0.5384615384615384,-0.016028045344480595,0.03827953262484307,0.01762726080823695,0.020116224776315847,0.00399569339529315,0.00047990336663944965,0.0,0.009916537443404172,neighbor,0.9268230452674896,18.0,0.7655555555555555,169.0,0.8819341563786007,10.0,159.0,0.0,0.847519341563786
stable_compact_current,robustness,0.5965,0.40349999999999997,31,0.030758,True,rank,rank_average,13,0.009137811101962953,0.11879154432551839,0.46153846153846156,-0.01609623879213396,0.03811912568345732,0.017780369200402133,0.02447939293260513,0.07343817879781539,1.0,0.01628740648957849,0.03136022044439049,0.006222903043667223,0.012406851013021835,0.08684795709115285,0.5714285714285714,-0.010792356381241437,0.03136022044439049,0.016519834290929163,0.009137811101962953,0.11879154432551839,0.46153846153846156,-0.01609623879213396,0.03811912568345732,0.017780369200402133,0.02032809811314583,0.004081856043041343,0.0003583319882531368,0.0,0.010021824262864907,neighbor,0.9312427983539094,14.0,0.7702716049382716,164.0,0.8443127572016461,80.0,150.0,0.0,0.8457662551440329
stable_compact_current,robustness,0.5715,0.4285,31,0.032,True,rank,rank_average,13,0.00947570461547358,0.12318416000115653,0.5384615384615384,-0.01603316812375547,0.03835597424756902,0.01756190446153607,0.024022128830444064,0.0720663864913322,1.0,0.016285716999845695,0.029746595520308963,0.005676545608769364,0.012255360096570711,0.08578752067599497,0.5714285714285714,-0.010805130112147239,0.03088447481333989,0.01633392342033637,0.00947570461547358,0.12318416000115653,0.5384615384615384,-0.01603316812375547,0.03835597424756902,0.01756190446153607,0.020066900043302194,0.003991290889465288,0.0006486676884421731,0.0,0.009920141070846584,neighbor,0.920514403292181,24.0,0.762641975308642,172.0,0.8837860082304526,8.0,164.0,0.0,0.8439625514403292
stable_compact_current,robustness,0.5715,0.4285,31,0.030758,True,rank,rank_average,13,0.009369448909691951,0.12180283582599537,0.5384615384615384,-0.01609623879213396,0.03811912568345732,0.01748396755069303,0.023948203898072114,0.07184461169421634,1.0,0.016408813083948686,0.029645246746421244,0.005558565675034264,0.012179198569650542,0.0852543899875538,0.5714285714285714,-0.010792356381241437,0.03060141840418959,0.016251860376247696,0.009369448909691951,0.12180283582599537,0.5384615384615384,-0.01609623879213396,0.03811912568345732,0.01748396755069303,0.020065384539604172,0.003952094150319706,0.0005672886155817424,0.0,0.0098896894758228,neighbor,0.9210452674897119,23.0,0.7632345679012346,171.0,0.8766748971193415,16.0,155.0,0.0,0.8433748971193415
stable_compact_current,robustness,0.55,0.44999999999999996,31,0.03,True,rank,rank_average,13,0.00894521492856314,0.11628779407132082,0.46153846153846156,-0.016059272429072072,0.03823685110945775,0.017890265099326664,0.024614177003452423,0.07384253101035727,1.0,0.016735117817621232,0.03135401520329203,0.006022259184856674,0.01217432866371907,0.08522030064603349,0.5714285714285714,-0.011089014763899618,0.03135401520329203,0.01677701252434909,0.00894521492856314,0.11628779407132082,0.46153846153846156,-0.016059272429072072,0.03823685110945775,0.017890265099326664,0.020552669771782887,0.0038514210376615664,0.00026075106922566647,0.0,0.009993320036044709,neighbor,0.9422551440329218,5.0,0.7541111111111112,187.0,0.8438930041152263,84.0,182.0,0.0,0.8428360082304527
stable_compact_current,robustness,0.5565,0.4435,31,0.032,True,rank,rank_average,13,0.009212249388808458,0.11975924205450995,0.5384615384615384,-0.01603316812375547,0.03835597424756902,0.017641024219538767,0.023989243165897386,0.07196772949769216,1.0,0.016285716999845695,0.02964793852666893,0.005643476517162187,0.01224126624033642,0.08568886368235494,0.5714285714285714,-0.010805130112147239,0.03088447481333989,0.016318860505785005,0.009212249388808458,0.11975924205450995,0.5384615384615384,-0.01603316812375547,0.03835597424756902,0.017641024219538767,0.020048155214510588,0.003983257391411741,0.0004984982092430531,0.0,0.009886502643325978,neighbor,0.9181687242798354,28.0,0.7612345679012346,176.0,0.8805020576131687,12.0,164.0,0.0,0.8418983539094651
stable_compact_current,robustness,0.5565,0.4435,31,0.030758,True,rank,rank_average,13,0.00906106385607157,0.11779383012893041,0.5384615384615384,-0.01609623879213396,0.03811912568345732,0.0175502188496133,0.023811955587777437,0.07143586676333231,1.0,0.01640881308394869,0.02923650181553722,0.005420549293591707,0.012120806436667112,0.08484564505666978,0.5714285714285714,-0.010792356381241437,0.03060141840418959,0.016189615928753526,0.00906106385607157,0.11779383012893041,0.5384615384615384,-0.01609623879213396,0.03811912568345732,0.0175502188496133,0.019987723002736206,0.00391881063451915,0.00039150913501812565,0.0,0.009817280356880821,neighbor,0.9189711934156378,27.0,0.7599506172839506,180.0,0.8733909465020576,24.0,156.0,0.0,0.8405748971193416
stable_compact_current,robustness,0.5715,0.4285,31,0.03,True,rank,rank_average,13,0.008995246161298324,0.1169382000968782,0.5384615384615384,-0.016059272429072072,0.03823685110945775,0.017564202724300093,0.023803751364719534,0.0714112540941586,1.0,0.016735117817621232,0.028922738287093352,0.005163033000601399,0.011827003389976401,0.08278902372983481,0.5714285714285714,-0.011089014763899618,0.030421707053578696,0.016397218622727982,0.008995246161298324,0.1169382000968782,0.5384615384615384,-0.016059272429072072,0.03823685110945775,0.017564202724300093,0.02009072715770514,0.0036534456316282453,0.0003661919488077977,0.0,0.009735270189635936,neighbor,0.9223168724279834,22.0,0.7421481481481481,218.0,0.8753168724279835,20.0,198.0,0.0,0.8341909465020575
stable_compact_current,robustness,0.5965,0.40349999999999997,31,0.03,True,rank,rank_average,13,0.008739792475043081,0.11361730217556004,0.46153846153846156,-0.016059272429072072,0.03823685110945775,0.017822811756714872,0.024081278863068902,0.0722438365892067,1.0,0.016096050146447594,0.030394388453315088,0.005955815441734278,0.011945943746411846,0.08362160622488292,0.5714285714285714,-0.011089014763899618,0.030421707053578696,0.016598628306768993,0.008739792475043081,0.11361730217556004,0.46153846153846156,-0.016059272429072072,0.03823685110945775,0.017822811756714872,0.02003802550027698,0.003721241634796449,0.0001436602707192325,0.0,0.009711317976377079,neighbor,0.9193909465020577,26.0,0.7463703703703704,207.0,0.8401399176954732,90.0,181.0,0.0,0.8296440329218108
stable_compact_current,robustness,0.5965,0.40349999999999997,31,0.032758,True,rank,rank_average,13,0.00898237653419202,0.11677089494449627,0.5384615384615384,-0.016723577003612378,0.03833602666097921,0.01783300967807224,0.024292667526658457,0.07287800257997537,1.0,0.014329794123859943,0.03282614149205239,0.007618447066384299,0.0118783943072312,0.0831487601506184,0.5714285714285714,-0.010354167218412369,0.03282614149205239,0.01636672879023346,0.00898237653419202,0.11677089494449627,0.5384615384615384,-0.016723577003612378,0.03833602666097921,0.01783300967807224,0.019575652551069102,0.003925238144474272,0.00013963575175890473,0.0,0.0096175635482049,neighbor,0.8923786008230451,57.0,0.7570617283950617,185.0,0.8472181069958847,74.0,128.0,0.0,0.8247119341563786
stable_compact_current,robustness,0.5465,0.4535,31,0.032758,True,rank,rank_average,13,0.009041941384362439,0.1175452379967117,0.5384615384615384,-0.016723577003612378,0.03833602666097921,0.017741789406669966,0.024109780749868723,0.07232934224960617,1.0,0.014329327823683614,0.03227794746185953,0.007415651774291963,0.0118000142600356,0.0826000998202492,0.5714285714285714,-0.010354167218412369,0.03227794746185953,0.01626730746821996,0.009041941384362439,0.1175452379967117,0.5384615384615384,-0.016723577003612378,0.03833602666097921,0.017741789406669966,0.019471253209240764,0.003880561517572781,0.00017358771635604382,0.0,0.009560792124057464,neighbor,0.8884526748971194,59.0,0.7535432098765431,189.0,0.8490946502057614,68.0,130.0,0.0,0.8218397119341563
stable_compact_current,robustness,0.55,0.44999999999999996,31,0.032758,True,rank,rank_average,13,0.00897942511394267,0.11673252648125472,0.5384615384615384,-0.016723577003612378,0.03833602666097921,0.017762676763173828,0.024109780749868723,0.07232934224960617,1.0,0.014329327823683614,0.03227794746185953,0.007415651774291963,0.0118000142600356,0.0826000998202492,0.5714285714285714,-0.010354167218412369,0.03227794746185953,0.01626730746821996,0.00897942511394267,0.11673252648125472,0.5384615384615384,-0.016723577003612378,0.03833602666097921,0.017762676763173828,0.019471253209240764,0.003880561517572781,0.00013795344221677558,0.0,0.009555446982936573,neighbor,0.8884526748971194,59.0,0.7535432098765431,189.0,0.8467489711934156,75.0,130.0,0.0,0.8214878600823045
stable_compact_current,robustness,0.5565,0.4435,31,0.03,True,rank,rank_average,13,0.008679621602529391,0.11283508083288209,0.46153846153846156,-0.016059272429072072,0.03823685110945775,0.017578532575485566,0.023463272590639513,0.07038981777191854,1.0,0.016735117817621232,0.02790130196485329,0.004837659410580097,0.011681083915370679,0.08176758740759475,0.5714285714285714,-0.011089014763899618,0.030421707053578696,0.01624830244091919,0.008679621602529391,0.11283508083288209,0.46153846153846156,-0.016059272429072072,0.03823685110945775,0.017578532575485566,0.01989665425647953,0.0035702715311029835,0.00010936287338642959,0.0,0.00958168832259612,neighbor,0.9082427983539094,35.0,0.7355802469135803,232.0,0.8368559670781893,95.0,197.0,0.0,0.8198366255144033
stable_compact_current,robustness,0.5715,0.4285,31,0.032758,True,rank,rank_average,13,0.00900559991160694,0.11707279885089023,0.5384615384615384,-0.016723577003612378,0.03833602666097921,0.017569754494249787,0.023602968931225973,0.07080890679367792,1.0,0.014331221774594775,0.030755618055020112,0.006870620090826,0.011582809194902994,0.08107966436432096,0.5714285714285714,-0.010354167218412369,0.030755618055020112,0.01600011406642186,0.00900559991160694,0.11707279885089023,0.5384615384615384,-0.016723577003612378,0.03833602666097921,0.017569754494249787,0.019182995476415082,0.0037567546304471955,0.0001528730768854096,0.0,0.009386668735800083,neighbor,0.8707366255144032,77.0,0.7458024691358024,209.0,0.8486255144032923,69.0,140.0,0.0,0.8111995884773663
stable_compact_current,robustness,0.5565,0.4435,31,0.032758,True,rank,rank_average,13,0.00886236463896193,0.11521074030650508,0.5384615384615384,-0.016723577003612378,0.03833602666097921,0.01761299706509927,0.023602518691618845,0.07080755607485653,1.0,0.014331221774594775,0.030754267336198716,0.006870151383050477,0.011582616235071366,0.08107831364549956,0.5714285714285714,-0.010354167218412369,0.030754267336198716,0.015999882849507763,0.00886236463896193,0.11521074030650508,0.5384615384615384,-0.016723577003612378,0.03833602666097921,0.01761299706509927,0.019182738839839016,0.003756644643343167,7.122897147775339e-05,0.0,0.009374269971161696,neighbor,0.8702674897119341,78.0,0.7453333333333333,212.0,0.8439341563786008,83.0,134.0,0.0,0.8100971193415638
stable_compact_current,robustness,0.5965,0.40349999999999997,32,0.031758,True,rank,rank_average,13,0.008620736383155225,0.11206957298101793,0.5384615384615384,-0.016168041013698255,0.036579612581426946,0.01770132293214477,0.02371932283192245,0.07115796849576735,1.0,0.015085970339639269,0.030564145515430755,0.006444253556504387,0.011817776742895953,0.08272443720027167,0.5714285714285714,-0.01151941104505097,0.03086010723890239,0.016694989973312924,0.008620736383155225,0.11206957298101793,0.5384615384615384,-0.016168041013698255,0.036579612581426946,0.01770132293214477,0.019498384226276755,0.0035061556700124443,0.00011682774233959128,0.0,0.009394647903367241,neighbor,0.8938847736625514,54.0,0.7194074074074074,269.0,0.8576131687242797,46.0,223.0,0.0,0.8099292181069958
stable_compact_current,robustness,0.5965,0.40349999999999997,32,0.032,True,rank,rank_average,13,0.008628579820651405,0.11217153766846827,0.5384615384615384,-0.016374357709061607,0.03684771461159672,0.01771215592429728,0.02376691977945643,0.0713007593383693,1.0,0.014648144898908137,0.031150117222741018,0.0068477706554610765,0.011725497646029306,0.08207848352220515,0.5714285714285714,-0.011250051443282276,0.031150117222741018,0.01658714148599562,0.008628579820651405,0.11217153766846827,0.5384615384615384,-0.016374357709061607,0.03684771461159672,0.01771215592429728,0.01938103209092985,0.0035424452533821243,5.321399224250819e-05,0.0,0.009354495299230273,neighbor,0.8872181069958848,63.0,0.7257777777777777,253.0,0.8483045267489712,71.0,190.0,0.0,0.8087329218106996
stable_compact_current,robustness,0.5715,0.4285,32,0.031758,True,rank,rank_average,13,0.008778542981217944,0.11412105875583327,0.5384615384615384,-0.016168041013698255,0.036579612581426946,0.017689153386111427,0.023676192217900294,0.07102857665370088,1.0,0.014257834183874728,0.03126288982912883,0.007062068360986878,0.011799292194029318,0.08259504535820522,0.5714285714285714,-0.01151941104505097,0.03126288982912883,0.01678866671904977,0.008778542981217944,0.11412105875583327,0.5384615384615384,-0.016168041013698255,0.036579612581426946,0.017689153386111427,0.019200514844881826,0.003495619477158462,0.0002067775032353411,0.0,0.00928425132815934,neighbor,0.8729218106995885,71.0,0.7175308641975309,274.0,0.8646502057613169,32.0,242.0,0.0,0.8017551440329219
stable_compact_current,robustness,0.5465,0.4535,32,0.031758,True,rank,rank_average,13,0.008766168980078296,0.11396019674101784,0.5384615384615384,-0.016168041013698255,0.036579612581426946,0.01787889928695191,0.023982276105217307,0.07194682831565193,1.0,0.013370467161083623,0.033068508513870984,0.008113722783376963,0.011930471002879464,0.08351329702015625,0.5714285714285714,-0.01151941104505097,0.033068508513870984,0.017083270631504204,0.008766168980078296,0.11396019674101784,0.5384615384615384,-0.016168041013698255,0.036579612581426946,0.01787889928695191,0.019082151543131462,0.003570391398203045,0.00019972432258574173,0.0,0.009269495394831816,neighbor,0.8645020576131687,84.0,0.7233950617283951,262.0,0.8641810699588478,34.0,228.0,0.0,0.8009557613168724
stable_compact_current,robustness,0.55,0.44999999999999996,32,0.031758,True,rank,rank_average,13,0.008724584249700741,0.11341959524610964,0.5384615384615384,-0.016168041013698255,0.036579612581426946,0.01789386668756174,0.023982276105217307,0.07194682831565193,1.0,0.013370467161083623,0.033068508513870984,0.008113722783376963,0.011930471002879464,0.08351329702015625,0.5714285714285714,-0.01151941104505097,0.033068508513870984,0.017083270631504204,0.008724584249700741,0.11341959524610964,0.5384615384615384,-0.016168041013698255,0.036579612581426946,0.01789386668756174,0.019082151543131462,0.003570391398203045,0.00017602102627053593,0.0,0.009265939900384535,neighbor,0.8645020576131687,84.0,0.7233950617283951,262.0,0.8618353909465021,38.0,224.0,0.0,0.8006039094650206
stable_compact_current,robustness,0.5965,0.40349999999999997,30,0.030758,True,rank,rank_average,13,0.008652643603434719,0.11248436684465134,0.5384615384615384,-0.017938051228580512,0.038511608462537164,0.018007391099250192,0.02420451550534977,0.0726135465160493,1.0,0.013078340469733357,0.03404500692139238,0.00860774892373189,0.011240980519419321,0.07868686363593524,0.5714285714285714,-0.009220579037037331,0.03404500692139238,0.015959603975180234,0.008652643603434719,0.11248436684465134,0.5384615384615384,-0.017938051228580512,0.038511608462537164,0.018007391099250192,0.019112426193061374,0.003935996385275265,-0.0004490885130122418,0.0,0.009348805573646583,neighbor,0.8625267489711934,89.0,0.7437037037037036,217.0,0.7921316872427984,173.0,128.0,0.0,0.7984971193415639
stable_compact_current,robustness,0.5965,0.40349999999999997,30,0.031758,True,rank,rank_average,13,0.008563063001918138,0.1113198190249358,0.5384615384615384,-0.017466123047472974,0.03860036955440285,0.0179665768540263,0.02421701699862247,0.07265105099586741,1.0,0.012942331529060214,0.033620186168844865,0.008544797562261184,0.01124033052791595,0.07868231369541165,0.5714285714285714,-0.009582047591379456,0.033620186168844865,0.016115715103706314,0.008563063001918138,0.1113198190249358,0.5384615384615384,-0.017466123047472974,0.03860036955440285,0.0179665768540263,0.019074669093804678,0.003816341267185442,-0.00034441315611120503,0.0,0.00929555923433864,neighbor,0.8602798353909465,96.0,0.7386172839506173,226.0,0.8097119341563787,141.0,130.0,0.0,0.7979465020576132
stable_compact_current,robustness,0.5715,0.4285,32,0.032,True,rank,rank_average,13,0.008731161619806353,0.11350510105748259,0.5384615384615384,-0.016374357709061607,0.03684771461159672,0.01766600209786674,0.02359620373408285,0.07078861120224855,1.0,0.013947260053701605,0.03133885393182681,0.007226910383507351,0.011652333626583486,0.0815663353860844,0.5714285714285714,-0.011250051443282276,0.03133885393182681,0.01660317365636511,0.008731161619806353,0.11350510105748259,0.5384615384615384,-0.016374357709061607,0.03684771461159672,0.01766600209786674,0.019052431946148755,0.0035007417622980068,0.00011168561776082853,0.0,0.00921305941415773,neighbor,0.8612427983539094,93.0,0.7224938271604938,264.0,0.8534650205761316,57.0,207.0,0.0,0.7976390946502058
stable_compact_current,robustness,0.5465,0.4535,32,0.032,True,rank,rank_average,13,0.00870686685667979,0.11318926913683727,0.5384615384615384,-0.016374357709061607,0.03684771461159672,0.017812452022812498,0.023806330758845473,0.07141899227653642,1.0,0.01319629800386032,0.03272019705595597,0.00806033059862599,0.011742388065767469,0.08219671646037228,0.5714285714285714,-0.011250051443282276,0.03272019705595597,0.016831152180542843,0.00870686685667979,0.11318926913683727,0.5384615384615384,-0.016374357709061607,0.03684771461159672,0.017812452022812498,0.018924386873815827,0.0035520727926328767,9.783760277868767e-05,0.0,0.00918286314662793,neighbor,0.8548477366255144,101.0,0.7269506172839506,248.0,0.8515884773662551,60.0,188.0,0.0,0.7968051440329218
stable_compact_current,robustness,0.55,0.44999999999999996,32,0.032,True,rank,rank_average,13,0.00867167312020337,0.11273175056264381,0.5384615384615384,-0.016374357709061607,0.03684771461159672,0.017824669957525546,0.023806330758845473,0.07141899227653642,1.0,0.01319629800386032,0.03272019705595597,0.00806033059862599,0.011742388065767469,0.08219671646037228,0.5714285714285714,-0.011250051443282276,0.03272019705595597,0.016831152180542843,0.00867167312020337,0.11273175056264381,0.5384615384615384,-0.016374357709061607,0.03684771461159672,0.017824669957525546,0.018924386873815827,0.0035520727926328767,7.7777172987128e-05,0.0,0.009179854082159196,neighbor,0.8548477366255144,101.0,0.7269506172839506,248.0,0.8501810699588477,62.0,186.0,0.0,0.7965940329218107
stable_compact_current,robustness,0.5965,0.40349999999999997,30,0.032,True,rank,rank_average,13,0.00849546302473649,0.11044101932157438,0.5384615384615384,-0.017448803925763014,0.03832525269434896,0.017915970252921867,0.024224342083590162,0.07267302625077049,1.0,0.012797671912729423,0.03376747298891212,0.008663868628478006,0.011221191859196547,0.07854834301437583,0.5714285714285714,-0.009773748239220587,0.03376747298891212,0.016220882230582608,0.00849546302473649,0.11044101932157438,0.5384615384615384,-0.017448803925763014,0.03832525269434896,0.017915970252921867,0.019031106718847102,0.003742171012227809,-0.0003772298329404563,0.0,0.009239835168100287,neighbor,0.8542304526748971,103.0,0.7338765432098765,235.0,0.8102057613168724,140.0,132.0,0.0,0.7934674897119341
stable_compact_current,robustness,0.5965,0.40349999999999997,30,0.032758,True,rank,rank_average,13,0.008652118508349793,0.11247754060854731,0.5384615384615384,-0.017467670140302913,0.03850969769471496,0.017942210629052182,0.024017100228311782,0.07205130068493534,1.0,0.012665600670108933,0.03412780621574608,0.008805727046823556,0.011180987055376247,0.07826690938763373,0.5714285714285714,-0.00968804896971262,0.03412780621574608,0.016128950575373856,0.008652118508349793,0.11247754060854731,0.5384615384615384,-0.017467670140302913,0.03850969769471496,0.017942210629052182,0.018869395351273664,0.0037475350329878674,-0.0002941620580790416,0.0,0.00919002459664215,neighbor,0.8427736625514403,122.0,0.7324938271604938,237.0,0.8120329218106996,136.0,115.0,0.0,0.7885366255144033
stable_compact_current,robustness,0.5965,0.40349999999999997,33,0.031758,True,rank,rank_average,13,0.008568712977974893,0.11139326871367361,0.5384615384615384,-0.015882367725228826,0.03625443150899428,0.01760042009775382,0.02337018278166217,0.0701105483449865,1.0,0.013216458420589595,0.031894944623306415,0.00771196476796704,0.011488757025552092,0.08042129917886465,0.5714285714285714,-0.011300722477246922,0.031894944623306415,0.016638493777406112,0.008568712977974893,0.11139326871367361,0.5384615384615384,-0.015882367725228826,0.03625443150899428,0.01760042009775382,0.018682435464342003,0.003390781658501779,0.00018144658658171434,0.0,0.009026042920049859,neighbor,0.8343786008230453,130.0,0.7146666666666667,279.0,0.871761316872428,26.0,253.0,0.0,0.7861156378600823
stable_compact_current,robustness,0.5565,0.4435,32,0.031758,True,rank,rank_average,13,0.008585683068820467,0.11161387989466606,0.5384615384615384,-0.016168041013698255,0.036579612581426946,0.017710428590186112,0.023380370988069443,0.07014111296420833,1.0,0.013370433370497675,0.031262826953013335,0.007457840199620489,0.011672511666958953,0.08170758166871267,0.5714285714285714,-0.01151941104505097,0.031262826953013335,0.016772956152273748,0.008585683068820467,0.11161387989466606,0.5384615384615384,-0.016168041013698255,0.036579612581426946,0.017710428590186112,0.018739054475463816,0.0034233545767283543,9.684735316877922e-05,0.0,0.009050658452688602,neighbor,0.8404032921810699,123.0,0.7128395061728395,283.0,0.8562057613168724,49.0,234.0,0.0,0.7853699588477367
stable_compact_current,robustness,0.5565,0.4435,32,0.032,True,rank,rank_average,13,0.00856540719533624,0.11135029353937112,0.5384615384615384,-0.016374357709061607,0.03684771461159672,0.017684553966540277,0.02334584508442124,0.07003753525326373,1.0,0.013196241462812223,0.03133879657373137,0.007562029613051275,0.011545037062442797,0.08081525943709958,0.5714285714285714,-0.011250051443282276,0.03133879657373137,0.016590409217878743,0.00856540719533624,0.11135029353937112,0.5384615384615384,-0.016374357709061607,0.03684771461159672,0.017684553966540277,0.01866189138084814,0.003439582720737814,1.7205595812865037e-05,0.0,0.009015149616043204,neighbor,0.8326255144032921,132.0,0.7201481481481482,266.0,0.8454897119341563,78.0,188.0,0.0,0.7839403292181071
stable_compact_current,robustness,0.5965,0.40349999999999997,33,0.032,True,rank,rank_average,13,0.008398818254491984,0.1091846373083958,0.5384615384615384,-0.015898267782342268,0.03670692074534128,0.017633992626787165,0.023287319118697147,0.06986195735609144,1.0,0.013162975029546845,0.03158893350378151,0.007631982883633772,0.01129460059636522,0.07906220417455653,0.5714285714285714,-0.011526525240307159,0.03158893350378151,0.01664454360049122,0.008398818254491984,0.1091846373083958,0.5384615384615384,-0.015898267782342268,0.03670692074534128,0.017633992626787165,0.01861755365740783,0.003205597582055383,7.935957534902004e-05,0.0,0.008901444311190408,neighbor,0.8297366255144033,134.0,0.6940493827160493,312.0,0.8628230452674897,37.0,275.0,0.0,0.773640329218107
stable_compact_current,robustness,0.5965,0.40349999999999997,30,0.03,True,rank,rank_average,13,0.008335049009130794,0.10835563711870032,0.5384615384615384,-0.017631448011290657,0.03771577323245559,0.01785640943807235,0.02371680253506253,0.0711504076051876,1.0,0.012445313818805218,0.03356711944163833,0.008681300408604738,0.01092815194458276,0.07649706361207932,0.5714285714285714,-0.009540277469434963,0.03356711944163833,0.016131528707665467,0.008335049009130794,0.10835563711870032,0.5384615384615384,-0.017631448011290657,0.03771577323245559,0.01785640943807235,0.018625531005191362,0.003652183614927206,-0.0005289383700598265,0.0,0.009014354273284814,neighbor,0.8285020576131686,138.0,0.7175308641975309,274.0,0.7894650205761317,176.0,136.0,0.0,0.7727094650205761
stable_compact_current,robustness,0.5715,0.4285,33,0.031758,True,rank,rank_average,13,0.008594626606884823,0.1117301458895027,0.5384615384615384,-0.015882367725228826,0.03625443150899428,0.017536232623973087,0.02310584193187729,0.06931752579563187,1.0,0.012796109739355747,0.03152227075518562,0.007761259555579116,0.011375468089929999,0.07962827662951,0.5714285714285714,-0.011300722477246922,0.03152227075518562,0.01656778235299497,0.008594626606884823,0.1117301458895027,0.5384615384615384,-0.015882367725228826,0.03625443150899428,0.017536232623973087,0.01839304611515745,0.003326206965197186,0.00019621735506037427,0.0,0.008883444183660771,neighbor,0.8061069958847736,167.0,0.7062222222222222,289.0,0.8726995884773662,25.0,264.0,0.0,0.7711477366255144
stable_compact_current,robustness,0.5715,0.4285,32,0.032758,True,rank,rank_average,13,0.008468403046116863,0.11008923959951922,0.5384615384615384,-0.01647436804646136,0.038080780450513524,0.017848466098778867,0.023706631861104947,0.07111989558331484,1.0,0.013137729256670911,0.03231668273824857,0.007951347442593674,0.011190202385868738,0.07833141670108117,0.5714285714285714,-0.011610393423678242,0.03231668273824857,0.016759829040711154,0.008468403046116863,0.11008923959951922,0.5384615384615384,-0.01647436804646136,0.038080780450513524,0.017848466098778867,0.01884823081553122,0.0031184141015599314,-7.109018058409856e-05,0.0,0.008931915144826844,neighbor,0.8505761316872428,115.0,0.677679012345679,342.0,0.8380576131687242,93.0,249.0,0.0,0.7708946502057613
stable_compact_current,robustness,0.5715,0.4285,30,0.031758,True,rank,rank_average,13,0.00837245867152731,0.10884196272985504,0.5384615384615384,-0.017466123047472974,0.03860036955440285,0.017716280774309236,0.023376142513925197,0.07012842754177559,1.0,0.01280595800732301,0.031233936236490248,0.0077638217920326935,0.010879955748759976,0.07615969024131983,0.5714285714285714,-0.009582047591379456,0.031233936236490248,0.015654965145620404,0.00837245867152731,0.10884196272985504,0.5384615384615384,-0.017466123047472974,0.03860036955440285,0.017716280774309236,0.018550367375353954,0.0036109276430665365,-0.00045305762443397684,0.0,0.008977105745856428,neighbor,0.8213292181069959,149.0,0.7114074074074074,284.0,0.8012674897119342,155.0,135.0,0.0,0.7688551440329219
stable_compact_current,robustness,0.5715,0.4285,30,0.032,True,rank,rank_average,13,0.008316976530577416,0.10812069489750639,0.5384615384615384,-0.017448803925763014,0.03832525269434896,0.01766267091151899,0.023427472149261424,0.07028241644778427,1.0,0.012818763424377703,0.031355771674277604,0.007801436355922548,0.010879676173055654,0.07615773321138958,0.5714285714285714,-0.009773748239220587,0.031355771674277604,0.015757701829890957,0.008316976530577416,0.10812069489750639,0.5384615384615384,-0.017448803925763014,0.03832525269434896,0.01766267091151899,0.018583851055123654,0.0035475070711275007,-0.0004789671346111293,0.0,0.008958073533865168,neighbor,0.8242181069958847,142.0,0.7071358024691358,287.0,0.7994156378600822,158.0,145.0,0.0,0.7678106995884774
stable_compact_current,robustness,0.5965,0.40349999999999997,32,0.032758,True,rank,rank_average,13,0.008191722402455212,0.10649239123191775,0.5384615384615384,-0.01647436804646136,0.038080780450513524,0.01781375092777613,0.023507344984931105,0.07052203495479331,1.0,0.01382948313207235,0.03102706823432559,0.007184817557931106,0.011104793724651377,0.07773355607255963,0.5714285714285714,-0.011610393423678242,0.03102706823432559,0.016546635568236247,0.008191722402455212,0.10649239123191775,0.5384615384615384,-0.01647436804646136,0.038080780450513524,0.01781375092777613,0.018962916074994604,0.003069731164666036,-0.00022879814747124008,0.0,0.008932225731976872,neighbor,0.853761316872428,104.0,0.6687654320987655,357.0,0.8192921810699588,128.0,253.0,0.0,0.7653427983539094
stable_compact_current,robustness,0.5715,0.4285,33,0.032,True,rank,rank_average,13,0.00851836770064908,0.11073878010843803,0.5384615384615384,-0.015898267782342268,0.03670692074534128,0.017621715742451857,0.023219150778112357,0.06965745233433707,1.0,0.012679772297748946,0.031867631213825034,0.007946701789936004,0.011265385593257451,0.07885769915280216,0.5714285714285714,-0.011526525240307159,0.031867631213825034,0.01668659584095387,0.00851836770064908,0.11073878010843803,0.5384615384615384,-0.015898267782342268,0.03670692074534128,0.017621715742451857,0.018419240801781193,0.0031889450302839554,0.00014750275965856477,0.0,0.008824846998289042,neighbor,0.8089465020576131,162.0,0.6907654320987654,318.0,0.8679835390946502,29.0,289.0,0.0,0.7646205761316872
stable_compact_current,robustness,0.5465,0.4535,30,0.032,True,rank,rank_average,13,0.008242804379951778,0.10715645693937312,0.5384615384615384,-0.017448803925763014,0.03832525269434896,0.017561182716975213,0.02317142903279695,0.06951428709839085,1.0,0.013219081559939276,0.030187324189322615,0.007231753067178765,0.010769943408856595,0.07538960386199617,0.5714285714285714,-0.009773748239220587,0.030187324189322615,0.015553040230598492,0.008242804379951778,0.10715645693937312,0.5384615384615384,-0.017448803925763014,0.03832525269434896,0.017561182716975213,0.01857001146347422,0.0034849593955340362,-0.0005212452604677432,0.0,0.008918049524309845,neighbor,0.8237613168724279,144.0,0.6951728395061728,310.0,0.794724279835391,167.0,166.0,0.0,0.7615409465020576
stable_compact_current,robustness,0.55,0.44999999999999996,30,0.032,True,rank,rank_average,13,0.008242081719878218,0.10714706235841684,0.5384615384615384,-0.017448803925763014,0.03832525269434896,0.017561426079318973,0.02317142903279695,0.06951428709839085,1.0,0.013219081559939276,0.030187324189322615,0.007231753067178765,0.010769943408856595,0.07538960386199617,0.5714285714285714,-0.009773748239220587,0.030187324189322615,0.015553040230598492,0.008242081719878218,0.10714706235841684,0.5384615384615384,-0.017448803925763014,0.03832525269434896,0.017561426079318973,0.01857001146347422,0.0034849593955340362,-0.0005216571767096724,0.0,0.008917987736873554,neighbor,0.8237613168724279,144.0,0.6951728395061728,310.0,0.7942551440329219,168.0,166.0,0.0,0.7614705761316872
stable_compact_current,robustness,0.5465,0.4535,30,0.031758,True,rank,rank_average,13,0.008304228700539495,0.10795497310701344,0.5384615384615384,-0.017466123047472974,0.03860036955440285,0.017590584913627236,0.02306511198129078,0.06919533594387234,1.0,0.013254040417269748,0.029852762228640257,0.007105640894688047,0.01074665694905951,0.07522659864341658,0.5714285714285714,-0.009582047591379456,0.029852762228640257,0.015413495076557624,0.008304228700539495,0.10795497310701344,0.5384615384615384,-0.017466123047472974,0.03860036955440285,0.017590584913627236,0.018520947167034764,0.0035349473272372712,-0.000491948707897032,0.0,0.008925312857886123,neighbor,0.8179588477366254,152.0,0.6956913580246914,307.0,0.7961069958847736,164.0,155.0,0.0,0.7596606995884773
stable_compact_current,robustness,0.55,0.44999999999999996,30,0.031758,True,rank,rank_average,13,0.008303419815708738,0.10794445760421359,0.5384615384615384,-0.017466123047472974,0.03860036955440285,0.017590861586160876,0.02306511198129078,0.06919533594387234,1.0,0.013254040417269748,0.029852762228640257,0.007105640894688047,0.01074665694905951,0.07522659864341658,0.5714285714285714,-0.009582047591379456,0.029852762228640257,0.015413495076557624,0.008303419815708738,0.10794445760421359,0.5384615384615384,-0.017466123047472974,0.03860036955440285,0.017590861586160876,0.018520947167034764,0.0035349473272372712,-0.0004924097722505634,0.0,0.008925243698233092,neighbor,0.8179588477366254,152.0,0.6956913580246914,307.0,0.7956378600823045,165.0,155.0,0.0,0.759590329218107
stable_compact_current,robustness,0.5565,0.4435,30,0.032,True,rank,rank_average,13,0.008256899429095648,0.10733969257824341,0.5384615384615384,-0.017448803925763014,0.03832525269434896,0.017610741760256194,0.02323563910607247,0.0697069173182174,1.0,0.012818763424377703,0.03078027254471074,0.007608823128318437,0.01079746201168896,0.07558223408182271,0.5714285714285714,-0.009773748239220587,0.03078027254471074,0.015651800916518504,0.008256899429095648,0.10733969257824341,0.5384615384615384,-0.017448803925763014,0.03832525269434896,0.017610741760256194,0.01847450622050595,0.0035006449991484842,-0.0005132110824557374,0.0,0.008888111075450837,neighbor,0.814835390946502,155.0,0.6982222222222222,302.0,0.7951934156378601,166.0,147.0,0.0,0.7594131687242798
stable_compact_current,robustness,0.5465,0.4535,32,0.032758,True,rank,rank_average,13,0.008451694280445655,0.10987202564579351,0.5384615384615384,-0.01647436804646136,0.038080780450513524,0.01785036888455882,0.023593395909856808,0.07078018772957043,1.0,0.012668096993367343,0.03244660714780773,0.008206401017619875,0.011141672692476682,0.07799170884733678,0.5714285714285714,-0.011610393423678242,0.03244660714780773,0.016776362977549003,0.008451694280445655,0.10987202564579351,0.5384615384615384,-0.01647436804646136,0.038080780450513524,0.01785036888455882,0.0186287076764296,0.00309075217632646,-8.061417701668691e-05,0.0,0.008830229423366245,neighbor,0.8269958847736626,139.0,0.6718148148148148,350.0,0.837119341563786,94.0,256.0,0.0,0.7586829218106996
stable_compact_current,robustness,0.55,0.44999999999999996,32,0.032758,True,rank,rank_average,13,0.00842968711396417,0.1095859324815342,0.5384615384615384,-0.01647436804646136,0.038080780450513524,0.017856282030435603,0.023593395909856808,0.07078018772957043,1.0,0.012668096993367343,0.03244660714780773,0.008206401017619875,0.011141672692476682,0.07799170884733678,0.5714285714285714,-0.011610393423678242,0.03244660714780773,0.016776362977549003,0.00842968711396417,0.1095859324815342,0.5384615384615384,-0.01647436804646136,0.038080780450513524,0.017856282030435603,0.0186287076764296,0.00309075217632646,-9.315826191113403e-05,0.0,0.008828347810632077,neighbor,0.8269958847736626,139.0,0.6718148148148148,350.0,0.8366502057613169,97.0,253.0,0.0,0.7586125514403292
stable_compact_current,robustness,0.5715,0.4285,30,0.032758,True,rank,rank_average,13,0.008460157664725205,0.10998204964142767,0.5384615384615384,-0.017467670140302913,0.03850969769471496,0.017667465417728897,0.023136410577838346,0.06940923173351504,1.0,0.012600299382395607,0.031551038552039105,0.007880699929256434,0.010803548633744777,0.07562484043621344,0.5714285714285714,-0.00968804896971262,0.031551038552039105,0.015621400004022243,0.008460157664725205,0.10998204964142767,0.5384615384615384,-0.017467670140302913,0.03850969769471496,0.017667465417728897,0.01834585282555841,0.0035323951326579296,-0.0004035797389450568,0.0,0.008867381979077674,neighbor,0.8009341563786008,172.0,0.7010617283950616,297.0,0.8049958847736625,146.0,151.0,0.0,0.7566008230452675
stable_compact_current,robustness,0.5565,0.4435,30,0.031758,True,rank,rank_average,13,0.008311059700707711,0.10804377610920024,0.5384615384615384,-0.017466123047472974,0.03860036955440285,0.017633784666802956,0.023098218149619664,0.06929465444885899,1.0,0.01280595800732301,0.03040016314357364,0.007487567567148572,0.010760845306914747,0.07532591714840323,0.5714285714285714,-0.009582047591379456,0.03040016314357364,0.015502074515248715,0.008311059700707711,0.10804377610920024,0.5384615384615384,-0.017466123047472974,0.03860036955440285,0.017633784666802956,0.0183919504876998,0.003543034691214756,-0.0004880550378011482,0.0,0.00887793755045639,neighbor,0.8058477366255143,168.0,0.6978024691358025,305.0,0.7965761316872428,163.0,142.0,0.0,0.7558366255144032
stable_compact_current,robustness,0.5565,0.4435,30,0.032758,True,rank,rank_average,13,0.008425173409739788,0.10952725432661724,0.5384615384615384,-0.017467670140302913,0.03850969769471496,0.017635722714636343,0.023022344613182325,0.06906703383954697,1.0,0.012600299382395607,0.031208840658071037,0.007759626804774224,0.010754663220320764,0.07528264254224536,0.5714285714285714,-0.00968804896971262,0.031208840658071037,0.015556798434871082,0.008425173409739788,0.10952725432661724,0.5384615384615384,-0.017467670140302913,0.03850969769471496,0.017635722714636343,0.018280835225704475,0.0035045304470062424,-0.0004235207642867446,0.0,0.008825844676791587,neighbor,0.7924897119341563,186.0,0.6954320987654321,309.0,0.8035884773662552,148.0,161.0,0.0,0.7504786008230452
stable_compact_current,robustness,0.5565,0.4435,32,0.032758,True,rank,rank_average,13,0.008374253552437733,0.10886529618169052,0.5384615384615384,-0.01647436804646136,0.038080780450513524,0.01778260310975948,0.023353183809908917,0.07005955142972675,1.0,0.012668104605770298,0.031725963235561094,0.007950284757477315,0.01103872464964187,0.07727107254749309,0.5714285714285714,-0.011610393423678242,0.031725963235561094,0.016647020769239365,0.008374253552437733,0.10886529618169052,0.5384615384615384,-0.01647436804646136,0.038080780450513524,0.01778260310975948,0.01849178929155228,0.003032071791910617,-0.00012475539198120286,0.0,0.00874243471418351,neighbor,0.8154403292181068,154.0,0.6645432098765433,362.0,0.8324279835390945,101.0,261.0,0.0,0.7500847736625513
stable_compact_current,robustness,0.5465,0.4535,33,0.031758,True,rank,rank_average,13,0.008334038770539488,0.10834250401701334,0.5384615384615384,-0.015882367725228826,0.03625443150899428,0.017636871216108435,0.02289446736386104,0.06868340209158312,1.0,0.011490394811863227,0.03219386197862939,0.008582176883749114,0.01128487898935161,0.07899415292546126,0.5714285714285714,-0.011300722477246922,0.03219386197862939,0.016677141292821364,0.008334038770539488,0.10834250401701334,0.5384615384615384,-0.015882367725228826,0.03625443150899428,0.017636871216108435,0.01784167668531566,0.003274571177867504,4.768228834353303e-05,0.0,0.008617380047418171,neighbor,0.7608230452674897,227.0,0.7012962962962963,295.0,0.8609711934156378,40.0,255.0,0.0,0.7490582304526748
stable_compact_current,robustness,0.55,0.44999999999999996,33,0.031758,True,rank,rank_average,13,0.008313178518049509,0.10807132073464362,0.5384615384615384,-0.015882367725228826,0.03625443150899428,0.01764369019621738,0.02289446736386104,0.06868340209158312,1.0,0.011490394811863227,0.03219386197862939,0.008582176883749114,0.01128487898935161,0.07899415292546126,0.5714285714285714,-0.011300722477246922,0.03219386197862939,0.016677141292821364,0.008313178518049509,0.10807132073464362,0.5384615384615384,-0.015882367725228826,0.03625443150899428,0.01764369019621738,0.01784167668531566,0.003274571177867504,3.5791944424245375e-05,0.0,0.008615596495830278,neighbor,0.7608230452674897,227.0,0.7012962962962963,295.0,0.8581563786008229,43.0,252.0,0.0,0.7486360082304526
stable_compact_current,robustness,0.5715,0.4285,30,0.030758,True,rank,rank_average,13,0.008379211688904067,0.10892975195575287,0.5384615384615384,-0.017938051228580512,0.038511608462537164,0.017693810070294306,0.023014020404634437,0.06904206121390331,1.0,0.012406862734068314,0.03114499935491144,0.007847633902285668,0.010730768333398463,0.07511537833378924,0.5714285714285714,-0.009220579037037331,0.03114499935491144,0.01537748926841686,0.008379211688904067,0.10892975195575287,0.5384615384615384,-0.017938051228580512,0.038511608462537164,0.017693810070294306,0.018212256332884175,0.0036451754392433757,-0.0006049447042947136,0.0,0.008834489775168982,neighbor,0.7875390946502057,194.0,0.6981975308641976,303.0,0.7799341563786009,182.0,121.0,0.0,0.7461946502057614
stable_compact_current,robustness,0.5715,0.4285,32,0.03,True,rank,rank_average,13,0.00800908241873462,0.10411807144355006,0.5384615384615384,-0.016396878533271538,0.034970193564418925,0.017806331070565364,0.023154600611759567,0.0694638018352787,1.0,0.012830128415434607,0.03173847817603638,0.007816805610228447,0.011245465447477546,0.07871825813234282,0.5714285714285714,-0.011833845700714135,0.03173847817603638,0.016996656019522875,0.00800908241873462,0.10411807144355006,0.5384615384615384,-0.016396878533271538,0.034970193564418925,0.017806331070565364,0.018432064725796372,0.0030761747952551075,-0.0003073313988393361,0.0,0.008711004838357447,neighbor,0.8104279835390946,160.0,0.6626913580246914,366.0,0.8151687242798354,132.0,234.0,0.0,0.7446576131687244
stable_compact_current,robustness,0.5715,0.4285,30,0.03,True,rank,rank_average,13,0.008023536091998048,0.10430596919597462,0.5384615384615384,-0.017631448011290657,0.03771577323245559,0.017523661092301815,0.022784573395201343,0.06835372018560402,1.0,0.01348239246678358,0.0297333533740764,0.006839946618922853,0.010528625170356536,0.07370037619249575,0.5714285714285714,-0.009540277469434963,0.0297333533740764,0.015426328577116507,0.008023536091998048,0.10430596919597462,0.5384615384615384,-0.017631448011290657,0.03771577323245559,0.017523661092301815,0.018436396349303347,0.003424453353618259,-0.0007065007328254913,0.0,0.008809587438925733,neighbor,0.8071316872427984,165.0,0.676716049382716,343.0,0.7730452674897118,189.0,178.0,0.0,0.7433316872427983
stable_compact_current,robustness,0.5965,0.40349999999999997,32,0.03,True,rank,rank_average,13,0.00797372785523885,0.10365846211810506,0.5384615384615384,-0.016396878533271538,0.034970193564418925,0.017599383603744252,0.02283359955910864,0.06850079867732592,1.0,0.014141841524870295,0.02946376190864792,0.006422769062072963,0.011107893567770009,0.07775525497439006,0.5714285714285714,-0.011833845700714135,0.030492569975874538,0.016647146137578124,0.00797372785523885,0.10365846211810506,0.5384615384615384,-0.016396878533271538,0.034970193564418925,0.017599383603744252,0.01868195945189912,0.002997758823821811,-0.000327483500031925,0.0,0.008772652726474674,neighbor,0.8209465020576131,150.0,0.6504938271604938,382.0,0.8123539094650206,135.0,247.0,0.0,0.7429539094650206
stable_compact_current,robustness,0.5715,0.4285,32,0.030758,True,rank,rank_average,13,0.008033897396113654,0.1044406661494775,0.5384615384615384,-0.016339856977517848,0.034734427314878046,0.017823863134265337,0.02333037349902652,0.06999112049707956,1.0,0.012390352630927602,0.032588021808138204,0.008331036074760278,0.011332356055853532,0.07932649239097472,0.5714285714285714,-0.01212897258435093,0.032588021808138204,0.017207669847347066,0.008033897396113654,0.1044406661494775,0.5384615384615384,-0.016339856977517848,0.034734427314878046,0.017823863134265337,0.018387129262651226,0.003028310570429277,-0.0002743697483345691,0.0,0.00867643599950348,neighbor,0.8066995884773662,166.0,0.6594567901234568,369.0,0.8215884773662551,122.0,247.0,0.0,0.7426736625514403
stable_compact_current,robustness,0.5965,0.40349999999999997,32,0.030758,True,rank,rank_average,13,0.00793987211387351,0.10321833748035564,0.5384615384615384,-0.016339856977517848,0.034734427314878046,0.017563564374879565,0.0228928291940562,0.0686784875821686,1.0,0.014005680204672844,0.029660061319482012,0.006564320104651213,0.011144837068009106,0.07801385947606375,0.5714285714285714,-0.01212897258435093,0.030640603873024107,0.016744337748030552,0.00793987211387351,0.10321833748035564,0.5384615384615384,-0.016339856977517848,0.034734427314878046,0.017563564374879565,0.018670787108154074,0.0029214247473579548,-0.0003279641592114508,0.0,0.008733761355690992,neighbor,0.8235390946502057,146.0,0.6425679012345679,388.0,0.8150205761316872,133.0,255.0,0.0,0.740824279835391
stable_compact_current,robustness,0.5465,0.4535,33,0.032,True,rank,rank_average,13,0.008285652795508755,0.10771348634161382,0.5384615384615384,-0.015898267782342268,0.03670692074534128,0.01768247029148649,0.022948730719913563,0.0688461921597407,1.0,0.011490024711841993,0.03224611862513561,0.00861035541622779,0.011149491282600826,0.07804643897820578,0.5714285714285714,-0.011526525240307159,0.03224611862513561,0.016745114220508697,0.008285652795508755,0.10771348634161382,0.5384615384615384,-0.015898267782342268,0.03670692074534128,0.01768247029148649,0.01787248466525859,0.0031228852732096786,1.4855263728579698e-05,0.0,0.008556520528607078,neighbor,0.763156378600823,225.0,0.6802098765432099,334.0,0.8543786008230452,54.0,280.0,0.0,0.7395137860082304
stable_compact_current,robustness,0.5565,0.4435,33,0.031758,True,rank,rank_average,13,0.008260633394687538,0.10738823413093798,0.5384615384615384,-0.015882367725228826,0.03625443150899428,0.01757336930663811,0.022666771829292495,0.06800031548787748,1.0,0.011490394784483184,0.0315107754023038,0.008338020729548156,0.011187295188822234,0.07831106632175563,0.5714285714285714,-0.011300722477246922,0.0315107754023038,0.016556069020015083,0.008260633394687538,0.10738823413093798,0.5384615384615384,-0.015882367725228826,0.03625443150899428,0.01757336930663811,0.01771189022157617,0.00321894841156576,5.841224107921484e-06,0.0,0.00853415905745125,neighbor,0.7493909465020576,245.0,0.6921481481481481,317.0,0.854872427983539,51.0,266.0,0.0,0.7394539094650204
stable_compact_current,robustness,0.55,0.44999999999999996,33,0.032,True,rank,rank_average,13,0.008266645251037853,0.10746638826349209,0.5384615384615384,-0.015898267782342268,0.03670692074534128,0.01768820629064344,0.022948730719913563,0.0688461921597407,1.0,0.011490024711841993,0.03224611862513561,0.00861035541622779,0.011149491282600826,0.07804643897820578,0.5714285714285714,-0.011526525240307159,0.03224611862513561,0.016745114220508697,0.008266645251037853,0.10746638826349209,0.5384615384615384,-0.015898267782342268,0.03670692074534128,0.01768820629064344,0.01787248466525859,0.0031228852732096786,4.020963380165659e-06,0.0,0.008554895383554816,neighbor,0.763156378600823,225.0,0.6802098765432099,334.0,0.853440329218107,58.0,276.0,0.0,0.7393730452674897
stable_compact_current,robustness,0.5715,0.4285,33,0.032758,True,rank,rank_average,13,0.008178632300740868,0.10632221990963128,0.5384615384615384,-0.015877649871985006,0.03723558139237644,0.017795557234144745,0.02367094924184664,0.07101284772553992,1.0,0.01256788711921249,0.03286760034684125,0.008396244855375311,0.01100646754411067,0.0770452728087747,0.5714285714285714,-0.012488480027628757,0.03286760034684125,0.017228792758393063,0.008178632300740868,0.10632221990963128,0.5384615384615384,-0.015877649871985006,0.03723558139237644,0.017795557234144745,0.018639843817192706,0.0027239166624541634,-3.9342507871218866e-05,0.0,0.008675798648800774,neighbor,0.8289958847736625,137.0,0.6221975308641975,433.0,0.8506748971193415,61.0,372.0,0.0,0.7391884773662551
stable_compact_current,robustness,0.5465,0.4535,31,0.034758,True,rank,rank_average,13,0.0076149617790695024,0.09899450312790353,0.5384615384615384,-0.01608378308859734,0.03895768430265584,0.01817187318275738,0.02483112079103295,0.07449336237309885,1.0,0.014564122734850863,0.03361558484881204,0.007848056339512355,0.0106545374039778,0.0745817618278446,0.5714285714285714,-0.013631726044222775,0.03361558484881204,0.01786692380475022,0.0076149617790695024,0.09899450312790353,0.5384615384615384,-0.01608378308859734,0.03895768430265584,0.01817187318275738,0.019959899353389567,0.002146045297102401,-0.00042865866670596783,0.0,0.008885381325046012,neighbor,0.9063168724279834,37.0,0.5634938271604938,515.0,0.8025761316872427,152.0,478.0,0.0,0.736485390946502
stable_compact_current,robustness,0.55,0.44999999999999996,31,0.034758,True,rank,rank_average,13,0.007592397599088128,0.09870116878814567,0.5384615384615384,-0.01608378308859734,0.03895768430265584,0.018177997291996716,0.02483112079103295,0.07449336237309885,1.0,0.014564122734850863,0.03361558484881204,0.007848056339512355,0.0106545374039778,0.0745817618278446,0.5714285714285714,-0.013631726044222775,0.03361558484881204,0.01786692380475022,0.007592397599088128,0.09870116878814567,0.5384615384615384,-0.01608378308859734,0.03895768430265584,0.018177997291996716,0.019959899353389567,0.002146045297102401,-0.0004415202492953511,0.0,0.008883452087657605,neighbor,0.9063168724279834,37.0,0.5634938271604938,515.0,0.8006995884773662,157.0,478.0,0.0,0.7362039094650206
stable_compact_current,robustness,0.5215,0.47850000000000004,31,0.031758,True,rank,rank_average,13,0.00887290181455876,0.11534772358926389,0.5384615384615384,-0.016028045344480595,0.03827953262484307,0.017625790760857907,0.02219400379866145,0.06658201139598435,1.0,0.010254634349506894,0.03335156830692442,0.009445475240647542,0.01147180460712817,0.08030263224989719,0.5714285714285714,-0.01079446554250689,0.03335156830692442,0.01654131082065668,0.00887290181455876,0.11534772358926389,0.5384615384615384,-0.016028045344480595,0.03827953262484307,0.017625790760857907,0.017034611500574302,0.0035481835684643536,0.0003067606090814348,0.0,0.008456541297400895,neighbor,0.6811934156378601,336.0,0.736,231.0,0.8753662551440329,19.0,317.0,0.0,0.734982304526749
stable_compact_current,robustness,0.5565,0.4435,30,0.030758,True,rank,rank_average,13,0.008285153681426398,0.10770699785854318,0.5384615384615384,-0.017938051228580512,0.038511608462537164,0.017602255588598258,0.02268054743400692,0.06804164230202076,1.0,0.012406862734068318,0.030144580443028868,0.007508984145626102,0.010587851345986669,0.07411495942190668,0.5714285714285714,-0.009220579037037331,0.030144580443028868,0.01519061048793546,0.008285153681426398,0.10770699785854318,0.5384615384615384,-0.017938051228580512,0.038511608462537164,0.017602255588598258,0.01802217673962649,0.0035637127564186527,-0.0006585577685569846,0.0,0.008713757770955443,neighbor,0.7718600823045267,213.0,0.6878765432098766,325.0,0.7724279835390946,190.0,135.0,0.0,0.7341526748971193
stable_compact_capacity,robustness,0.978,0.02200000000000002,33,0.030303,True,equal,rank_average,13,0.006137682711883082,0.07978987525448007,0.5384615384615384,-0.019856832010414285,0.02838799011738926,0.014047085503726766,0.020241978265774875,0.060725934797324625,1.0,0.01441371049789604,0.02838799011738926,0.005935715399130602,0.011442370542911237,0.08009659380037866,0.7142857142857143,-0.008317140708467268,0.02838799011738926,0.013362558656792157,0.006137682711883082,0.07978987525448007,0.5384615384615384,-0.019856832010414285,0.02838799011738926,0.014047085503726766,0.017294452075797374,0.004491780489950921,-0.00251581387920182,0.0,0.008561709968916592,exact,0.7142427983539094,297.0,0.7930082304526748,135.0,0.6010082304526748,360.0,225.0,0.0,0.7327020576131686
recent_compact_capacity,robustness,0.055,0.945,31,0.030758,True,rank,rank_average,13,0.00420774587078284,0.05470069632017692,0.6923076923076923,-0.03660849419902046,0.023585013450243178,0.016138063779144996,0.019929866999221155,0.059789600997663464,1.0,0.01637931090409943,0.023585013450243178,0.002942645255863749,0.013558908190649421,0.09491235733454595,1.0,0.0023422165718223567,0.023585013450243178,0.007266993020319555,0.00420774587078284,0.05470069632017692,0.6923076923076923,-0.03660849419902046,0.023585013450243178,0.016138063779144996,0.017765196787908867,0.009501509137371546,-0.008990080247022842,0.0,0.010033245789927318,exact,0.7394650205761317,258.0,0.9635267489711934,1.0,0.35393827160493824,895.0,894.0,0.05,0.7324637860082305
stable_compact_current,robustness,0.5465,0.4535,30,0.032758,True,rank,rank_average,13,0.008333533768285032,0.10833593898770541,0.5384615384615384,-0.017467670140302913,0.03850969769471496,0.017540402379194815,0.022625239500211707,0.06787571850063512,1.0,0.012334897554881312,0.030282927146673487,0.007560030557697302,0.010584475314761931,0.07409132720333352,0.5714285714285714,-0.00968804896971262,0.030282927146673487,0.015380718822008217,0.008333533768285032,0.10833593898770541,0.5384615384615384,-0.017467670140302913,0.03850969769471496,0.017540402379194815,0.017966902708231508,0.003407523340837707,-0.00047575535991595545,0.0,0.008648783282682178,neighbor,0.7643539094650206,223.0,0.6801851851851851,336.0,0.7972551440329217,160.0,176.0,0.0,0.7314131687242799
stable_compact_current,robustness,0.55,0.44999999999999996,30,0.032758,True,rank,rank_average,13,0.008333533768285032,0.10833593898770541,0.5384615384615384,-0.017467670140302913,0.03850969769471496,0.017540402379194815,0.022625239500211707,0.06787571850063512,1.0,0.012334897554881312,0.030282927146673487,0.007560030557697302,0.010584475314761931,0.07409132720333352,0.5714285714285714,-0.00968804896971262,0.030282927146673487,0.015380718822008217,0.008333533768285032,0.10833593898770541,0.5384615384615384,-0.017467670140302913,0.03850969769471496,0.017540402379194815,0.017966902708231508,0.003407523340837707,-0.00047575535991595545,0.0,0.008648783282682178,neighbor,0.7643539094650206,223.0,0.6801851851851851,336.0,0.7972551440329217,160.0,176.0,0.0,0.7314131687242799
stable_compact_current,robustness,0.5565,0.4435,33,0.032,True,rank,rank_average,13,0.008218766933947004,0.10684397014131106,0.5384615384615384,-0.015898267782342268,0.03670692074534128,0.017623959717372666,0.022741258012519888,0.06822377403755966,1.0,0.011490024711841993,0.031623700502954585,0.008388468379961775,0.011060574408003537,0.07742402085602476,0.5714285714285714,-0.011526525240307159,0.031623700502954585,0.01663413944830714,0.008218766933947004,0.10684397014131106,0.5384615384615384,-0.015898267782342268,0.03670692074534128,0.017623959717372666,0.017754225222044194,0.0030722026546892243,-2.326967736161875e-05,0.0,0.008480690831823585,neighbor,0.75119341563786,242.0,0.6738765432098766,348.0,0.849687242798354,63.0,285.0,0.0,0.7311748971193416
stable_compact_current,robustness,0.5215,0.47850000000000004,31,0.032,True,rank,rank_average,13,0.008904433537082432,0.11575763598207162,0.5384615384615384,-0.01603316812375547,0.03835597424756902,0.017649132707830223,0.022142714601248597,0.06642814380374579,1.0,0.010071420723732204,0.03348663999451407,0.009573049742501418,0.011449896855486938,0.08014927798840857,0.5714285714285714,-0.010805130112147239,0.03348663999451407,0.01655815342899416,0.008904433537082432,0.11575763598207162,0.5384615384615384,-0.01603316812375547,0.03835597424756902,0.017649132707830223,0.016944916161543328,0.0035321768420475365,0.0003230431737592188,0.0,0.008415902519602607,neighbor,0.6713909465020576,350.0,0.731679012345679,239.0,0.874872427983539,21.0,329.0,0.0,0.7290427983539094
stable_compact_current,robustness,0.5565,0.4435,30,0.03,True,rank,rank_average,13,0.00789165156200148,0.10259147030601924,0.5384615384615384,-0.017631448011290657,0.03771577323245559,0.0174561681244865,0.022457508888707126,0.06737252666612138,1.0,0.01348239246678358,0.028752159854593756,0.006515628407412095,0.010388454667573302,0.07271918267301311,0.5714285714285714,-0.009540277469434963,0.028752159854593756,0.015254691972373708,0.00789165156200148,0.10259147030601924,0.5384615384615384,-0.017631448011290657,0.03771577323245559,0.0174561681244865,0.01824996958060164,0.0033445561670318157,-0.0007816749149235353,0.0,0.008687786870166444,neighbor,0.7930576131687243,182.0,0.6584197530864198,371.0,0.7641316872427982,205.0,189.0,0.0,0.7281316872427983
stable_compact_current,robustness,0.5465,0.4535,30,0.030758,True,rank,rank_average,13,0.008211872321304981,0.10675434017696477,0.5384615384615384,-0.017938051228580512,0.038511608462537164,0.01746360652697716,0.02236299487348078,0.06708898462044234,1.0,0.013102755765021786,0.02849602973049699,0.0066619704625946585,0.010451757391475467,0.07316230174032827,0.5714285714285714,-0.009220579037037331,0.02849602973049699,0.014911194356232114,0.008211872321304981,0.10675434017696477,0.5384615384615384,-0.017938051228580512,0.038511608462537164,0.01746360652697716,0.018070816480341235,0.0034861392023472684,-0.0007003281438261918,0.0,0.008692040011618836,neighbor,0.7749958847736625,207.0,0.6707530864197531,353.0,0.7670329218106995,197.0,156.0,0.0,0.7268921810699589
stable_compact_current,robustness,0.55,0.44999999999999996,30,0.030758,True,rank,rank_average,13,0.008211872321304981,0.10675434017696477,0.5384615384615384,-0.017938051228580512,0.038511608462537164,0.01746360652697716,0.02236299487348078,0.06708898462044234,1.0,0.013102755765021786,0.02849602973049699,0.0066619704625946585,0.010451757391475467,0.07316230174032827,0.5714285714285714,-0.009220579037037331,0.02849602973049699,0.014911194356232114,0.008211872321304981,0.10675434017696477,0.5384615384615384,-0.017938051228580512,0.038511608462537164,0.01746360652697716,0.018070816480341235,0.0034861392023472684,-0.0007003281438261918,0.0,0.008692040011618836,neighbor,0.7749958847736625,207.0,0.6707530864197531,353.0,0.7670329218106995,197.0,156.0,0.0,0.7268921810699589
stable_compact_current,robustness,0.5715,0.4285,31,0.034758,True,rank,rank_average,13,0.0075157506362102606,0.09770475827073338,0.5384615384615384,-0.01608378308859734,0.03895768430265584,0.018059351663988983,0.024471500183675166,0.0734145005510255,1.0,0.01456412273556907,0.03253672302602048,0.007452012725598716,0.010500414286538749,0.07350290000577124,0.5714285714285714,-0.013631726044222775,0.03253672302602048,0.017671780709065776,0.0075157506362102606,0.09770475827073338,0.5384615384615384,-0.01608378308859734,0.03895768430265584,0.018059351663988983,0.019754915607432637,0.002058195120162142,-0.00048520901813573576,0.0,0.008755372694325659,neighbor,0.9033415637860082,40.0,0.5444938271604938,550.0,0.7969465020576131,162.0,510.0,0.0,0.7259008230452675
stable_compact_capacity,robustness,0.988,0.01200000000000001,33,0.030303,True,equal,rank_average,13,0.0055010530193072915,0.07151368925099479,0.5384615384615384,-0.019856832010414285,0.02838799011738926,0.013979927415797861,0.020241978265774875,0.060725934797324625,1.0,0.01441371049789604,0.02838799011738926,0.005935715399130602,0.011442370542911237,0.08009659380037866,0.7142857142857143,-0.008317140708467268,0.02838799011738926,0.013362558656792157,0.0055010530193072915,0.07151368925099479,0.5384615384615384,-0.019856832010414285,0.02838799011738926,0.013979927415797861,0.017294452075797374,0.004491780489950921,-0.0028786928039700203,0.0,0.008507278130201362,neighbor,0.7142427983539094,297.0,0.7930082304526748,135.0,0.553156378600823,471.0,336.0,0.0,0.7255242798353909
stable_compact_current,robustness,0.5215,0.47850000000000004,31,0.030758,True,rank,rank_average,13,0.008728434473173147,0.11346964815125091,0.5384615384615384,-0.01609623879213396,0.03811912568345732,0.01749751517674137,0.021874045333707504,0.06562213600112252,1.0,0.010411223591711646,0.03264214079418385,0.00908901913924963,0.011290273470637142,0.07903191429445999,0.5714285714285714,-0.010792356381241437,0.03264214079418385,0.0163222416034339,0.008728434473173147,0.11346964815125091,0.5384615384615384,-0.01609623879213396,0.03811912568345732,0.01749751517674137,0.016903909625478122,0.0034454068438820673,0.00020191038676602385,0.0,0.008342283487953083,neighbor,0.6667736625514402,352.0,0.7261728395061728,252.0,0.864477366255144,33.0,319.0,0.0,0.7231588477366254
recent_compact_capacity,robustness,0.055,0.945,31,0.031758,True,rank,rank_average,13,0.004205496829344851,0.054671458781483065,0.6923076923076923,-0.03593855066982045,0.023440605980731173,0.01588174775049546,0.019711988475106787,0.05913596542532036,1.0,0.016116661719168833,0.023440605980731173,0.002991472848456867,0.013312732347423315,0.0931891264319632,1.0,0.0020748934072495565,0.023440605980731173,0.0072502138160714805,0.004205496829344851,0.054671458781483065,0.6923076923076923,-0.03593855066982045,0.023440605980731173,0.01588174775049546,0.017554331798136584,0.009272972262423643,-0.008770280836006492,0.0,0.009879028111944299,neighbor,0.7264526748971193,279.0,0.9501440329218105,7.0,0.3595185185185185,888.0,881.0,0.05,0.7220736625514402
recent_compact_capacity,robustness,0.05,0.95,31,0.030758,True,rank,rank_average,13,0.003717884087824799,0.04833249314172239,0.6923076923076923,-0.03660849419902046,0.0231006854419524,0.016577454175448585,0.019904940751090755,0.059714822253272265,1.0,0.016229182980688137,0.0231006854419524,0.0028257383620554845,0.013539409044991305,0.09477586331493913,1.0,0.0023422165718223567,0.0231006854419524,0.007233563277913597,0.003717884087824799,0.04833249314172239,0.6923076923076923,-0.03660849419902046,0.0231006854419524,0.016577454175448585,0.017701446611748814,0.009490394624346421,-0.009269301463308925,0.0,0.009960861006159076,neighbor,0.7347242798353909,269.0,0.9625884773662552,2.0,0.29904938271604936,970.0,968.0,0.05,0.7219119341563786
stable_compact_current,robustness,0.5565,0.4435,31,0.034758,True,rank,rank_average,13,0.007471766309810031,0.09713296202753041,0.5384615384615384,-0.01608378308859734,0.03895768430265584,0.018009325006372548,0.0243083852041612,0.0729251556124836,1.0,0.014564122734850863,0.032047378088196785,0.007276990404455021,0.01043050786674705,0.07301355506722934,0.5714285714285714,-0.013631726044222775,0.032047378088196785,0.01758522663997431,0.007471766309810031,0.09713296202753041,0.5384615384615384,-0.01608378308859734,0.03895768430265584,0.018009325006372548,0.019661940068872667,0.002018348460880874,-0.000510280084183866,0.0,0.00869649082231788,neighbor,0.9004526748971192,45.0,0.5374567901234568,559.0,0.7941316872427984,170.0,514.0,0.0,0.721156378600823
stable_compact_current,robustness,0.5465,0.4535,33,0.032758,True,rank,rank_average,13,0.008005002922766017,0.10406503799595823,0.5384615384615384,-0.015877649871985006,0.03723558139237644,0.01780786441759915,0.02338578766004309,0.07015736298012927,1.0,0.011656011637082988,0.0329239910835601,0.008819825405600558,0.010884255437623436,0.07618978806336406,0.5714285714285714,-0.012488480027628757,0.0329239910835601,0.017230235616959997,0.008005002922766017,0.10406503799595823,0.5384615384615384,-0.015877649871985006,0.03723558139237644,0.01780786441759915,0.018176382806461947,0.0026542557617564395,-0.00013831125331688376,0.0,0.008444221527377645,neighbor,0.7939835390946501,180.0,0.6139876543209877,449.0,0.8441069958847737,81.0,368.0,0.0,0.7205039094650205
stable_compact_current,robustness,0.55,0.44999999999999996,33,0.032758,True,rank,rank_average,13,0.007990434695196771,0.10387565103755803,0.5384615384615384,-0.015877649871985006,0.03723558139237644,0.01781142336170915,0.02338578766004309,0.07015736298012927,1.0,0.011656011637082988,0.0329239910835601,0.008819825405600558,0.010884255437623436,0.07618978806336406,0.5714285714285714,-0.012488480027628757,0.0329239910835601,0.017230235616959997,0.007990434695196771,0.10387565103755803,0.5384615384615384,-0.015877649871985006,0.03723558139237644,0.01781142336170915,0.018176382806461947,0.0026542557617564395,-0.0001466151430313537,0.0,0.008442975943920475,neighbor,0.7939835390946501,180.0,0.6139876543209877,449.0,0.8426995884773661,86.0,363.0,0.0,0.7202927983539095
stable_compact_current,robustness,0.5965,0.40349999999999997,33,0.032758,True,rank,rank_average,13,0.007797226644821505,0.10136394638267957,0.5384615384615384,-0.015877649871985006,0.03723558139237644,0.01767231709394913,0.0231442014721412,0.0694326044164236,1.0,0.012875258623438829,0.030979985533498587,0.007588828648537097,0.010780718499951198,0.07546502949965839,0.5714285714285714,-0.012488480027628757,0.030979985533498587,0.016901179178758392,0.007797226644821505,0.10136394638267957,0.5384615384615384,-0.015877649871985006,0.03723558139237644,0.01767231709394913,0.0184410301848553,0.002595239707283264,-0.00025674373174525524,0.0,0.0085057583824578,neighbor,0.8126748971193415,158.0,0.6010864197530864,467.0,0.8286255144032922,106.0,361.0,0.0,0.7198526748971193
stable_compact_current,robustness,0.5965,0.40349999999999997,33,0.030758,True,rank,rank_average,13,0.008212954079922268,0.10676840303898948,0.5384615384615384,-0.015036538736994879,0.034246679124910834,0.017449704446181064,0.02251520733020414,0.06754562199061243,1.0,0.012229069643494694,0.031012904011653804,0.007772043888818428,0.011167591949549948,0.07817314364684964,0.5714285714285714,-0.012190540655769896,0.03149013992835167,0.01694940845184918,0.008212954079922268,0.10676840303898948,0.5384615384615384,-0.015036538736994879,0.034246679124910834,0.017449704446181064,0.01786926116056961,0.0029140775662679754,0.00025778758080892037,0.0,0.008497707506169771,neighbor,0.7575884773662551,234.0,0.6399012345679013,393.0,0.8579094650205761,45.0,348.0,0.0,0.719677366255144
recent_compact_capacity,robustness,0.065,0.935,31,0.030758,True,rank,rank_average,13,0.00433748142045306,0.05638725846588978,0.6923076923076923,-0.03660849419902046,0.02346249825646079,0.016172562886093242,0.019406491503509742,0.05821947451052922,1.0,0.015053254313172615,0.02346249825646079,0.0034394869165922356,0.013463012080091517,0.09424108456064062,1.0,0.0023422165718223567,0.02346249825646079,0.007239357344644004,0.00433748142045306,0.05638725846588978,0.6923076923076923,-0.03660849419902046,0.02346249825646079,0.016172562886093242,0.017029274080347517,0.00944684835435354,-0.008916130983710815,0.0,0.009725371744041478,neighbor,0.7022057613168723,309.0,0.9621193415637861,3.0,0.36566666666666664,878.0,875.0,0.05,0.7186860082304526
stable_compact_current,robustness,0.5715,0.4285,33,0.030758,True,rank,rank_average,13,0.008240089081468052,0.10712115805908468,0.5384615384615384,-0.015036538736994879,0.034246679124910834,0.01755469970223999,0.022632611908237798,0.06789783572471339,1.0,0.011436119681502446,0.032158067707747026,0.008541820826827376,0.011217908197278659,0.07852535738095061,0.5714285714285714,-0.012190540655769896,0.032158067707747026,0.017140880290617996,0.008240089081468052,0.10712115805908468,0.5384615384615384,-0.015036538736994879,0.034246679124910834,0.01755469970223999,0.01767450828259135,0.0029427578274733406,0.0002732545316900169,0.0,0.008435032515153047,neighbor,0.7425020576131687,255.0,0.6445925925925926,385.0,0.8593168724279835,42.0,343.0,0.0,0.7159650205761316
stable_compact_capacity,robustness,0.978,0.02200000000000002,34,0.03,True,equal,rank_average,13,0.00537073679582968,0.06981957834578584,0.5384615384615384,-0.020058536552754164,0.02474016494899693,0.013518709627794464,0.019450027432031673,0.05835008229609502,1.0,0.016579392693517006,0.02474016494899693,0.0037452232886393943,0.010962504802580961,0.07673753361806673,0.7142857142857143,-0.007593433882722857,0.02474016494899693,0.012567066690703175,0.00537073679582968,0.06981957834578584,0.5384615384615384,-0.020058536552754164,0.02474016494899693,0.013518709627794464,0.01755771522511867,0.0044570802704583185,-0.0030195355503244187,0.0,0.008575841879205048,neighbor,0.7297119341563786,274.0,0.7610205761316872,177.0,0.5380205761316872,502.0,325.0,0.0,0.7150471193415637
recent_compact_capacity,robustness,0.05,0.95,31,0.031758,True,rank,rank_average,13,0.0037491859009541554,0.04873941671240402,0.6923076923076923,-0.03593855066982045,0.023271076596538022,0.016254322782158277,0.019606562839397327,0.058819688518191984,1.0,0.016071578545444234,0.023271076596538022,0.002940609512589872,0.013270635961310668,0.09289445172917467,1.0,0.0020748934072495565,0.023271076596538022,0.007202769165168248,0.0037491859009541554,0.04873941671240402,0.6923076923076923,-0.03593855066982045,0.023271076596538022,0.016254322782158277,0.017479361738453075,0.009248977322339435,-0.009030378065189188,0.0,0.009799227780655598,neighbor,0.7227489711934156,286.0,0.9487366255144032,9.0,0.31025925925925923,951.0,942.0,0.05,0.7125699588477366
stable_compact_current,robustness,0.5565,0.4435,33,0.032758,True,rank,rank_average,13,0.007953738625525503,0.10339860213183154,0.5384615384615384,-0.015877649871985006,0.03723558139237644,0.017760434519554582,0.023226771358134262,0.06968031407440278,1.0,0.011656011643412137,0.03244694217150446,0.008649071209995498,0.010816105593948222,0.07571273915763756,0.5714285714285714,-0.012488480027628757,0.03244694217150446,0.017143654123543513,0.007953738625525503,0.10339860213183154,0.5384615384615384,-0.015877649871985006,0.03723558139237644,0.017760434519554582,0.018085743516462534,0.0026154103508615675,-0.00016753190274397653,0.0,0.008386102279061123,neighbor,0.7852427983539094,196.0,0.6048395061728395,464.0,0.841761316872428,88.0,376.0,0.0,0.7125390946502058
stable_compact_current,robustness,0.55,0.44999999999999996,30,0.03,True,rank,rank_average,13,0.007813954674474724,0.10158141076817141,0.5384615384615384,-0.017631448011290657,0.03771577323245559,0.017365156323315766,0.022120822376091184,0.06636246712827355,1.0,0.01348239246678358,0.027742100316745927,0.006200119433958716,0.010244160447880754,0.07170912313516528,0.5714285714285714,-0.009540277469434963,0.027742100316745927,0.015084130703549766,0.007813954674474724,0.10158141076817141,0.5384615384615384,-0.017631448011290657,0.03771577323245559,0.017365156323315766,0.018058058268410556,0.0032623084618070633,-0.0008259621408137858,0.0,0.008567367794055333,neighbor,0.7693662551440329,215.0,0.6427037037037037,386.0,0.7566255144032922,216.0,171.0,0.0,0.7104569958847736
stable_compact_current,robustness,0.5465,0.4535,30,0.03,True,rank,rank_average,13,0.00781224311114261,0.10155916044485393,0.5384615384615384,-0.017631448011290657,0.03771577323245559,0.01736592380112511,0.022120822376091184,0.06636246712827355,1.0,0.01348239246678358,0.027742100316745927,0.006200119433958716,0.010244160447880754,0.07170912313516528,0.5714285714285714,-0.009540277469434963,0.027742100316745927,0.015084130703549766,0.00781224311114261,0.10155916044485393,0.5384615384615384,-0.017631448011290657,0.03771577323245559,0.01736592380112511,0.018058058268410556,0.0032623084618070633,-0.000826937731913091,0.0,0.008567221455390437,neighbor,0.7693662551440329,215.0,0.6427037037037037,386.0,0.7561563786008229,217.0,171.0,0.0,0.7103866255144032
stable_compact_current,robustness,0.5465,0.4535,32,0.034758,True,rank,rank_average,13,0.007338495800603791,0.09540044540784928,0.5384615384615384,-0.016329643788675546,0.03864212383063917,0.018107538801516748,0.02435113323278588,0.07305339969835764,1.0,0.01445629938060327,0.032891190197991915,0.0075867368994570385,0.01036096863232169,0.07252678042625182,0.5714285714285714,-0.013853639398950499,0.032891190197991915,0.01778156364304058,0.007338495800603791,0.09540044540784928,0.5384615384615384,-0.016329643788675546,0.03864212383063917,0.018107538801516748,0.01965072473828703,0.0019054796901982688,-0.0006673783054572307,0.0,0.00861764901008545,neighbor,0.8972181069958848,48.0,0.5203086419753086,582.0,0.7765761316872427,184.0,534.0,0.0,0.7095125514403292
stable_compact_current,robustness,0.55,0.44999999999999996,32,0.034758,True,rank,rank_average,13,0.007327661991448366,0.09525960588882876,0.5384615384615384,-0.016329643788675546,0.03864212383063917,0.018110725950651798,0.02435113323278588,0.07305339969835764,1.0,0.01445629938060327,0.032891190197991915,0.0075867368994570385,0.01036096863232169,0.07252678042625182,0.5714285714285714,-0.013853639398950499,0.032891190197991915,0.01778156364304058,0.007327661991448366,0.09525960588882876,0.5384615384615384,-0.016329643788675546,0.03864212383063917,0.018110725950651798,0.01965072473828703,0.0019054796901982688,-0.0006735535766758232,0.0,0.008616722719402661,neighbor,0.8972181069958848,48.0,0.5203086419753086,582.0,0.7761069958847736,185.0,534.0,0.0,0.7094421810699588
stable_compact_capacity,robustness,0.988,0.01200000000000001,34,0.03,True,equal,rank_average,13,0.004922697535310033,0.06399506795903043,0.5384615384615384,-0.020058536552754164,0.024740164948996925,0.013425452885271088,0.019450027432031673,0.058350082296095014,1.0,0.016579392693517006,0.024740164948996925,0.0037452232886393917,0.010962504802580961,0.07673753361806673,0.7142857142857143,-0.007593433882722857,0.024740164948996925,0.012567066690703175,0.004922697535310033,0.06399506795903043,0.5384615384615384,-0.020058536552754164,0.024740164948996925,0.013425452885271088,0.01755771522511867,0.0044570802704583185,-0.0032749179288206177,0.0,0.008537534522430619,neighbor,0.7297119341563786,274.0,0.7610205761316872,177.0,0.49861316872427974,593.0,416.0,0.0,0.7091360082304525
stable_compact_current,robustness,0.5365,0.4635,31,0.031758,True,rank,rank_average,13,0.008873904254474149,0.11536075530816392,0.5384615384615384,-0.016028045344480595,0.03827953262484307,0.017827273847111864,0.02212580291260768,0.06637740873782304,1.0,0.006993517801543277,0.033229224741521,0.011083076713915311,0.011442575655962267,0.08009802959173587,0.5714285714285714,-0.01079446554250689,0.033229224741521,0.01695278274368961,0.008873904254474149,0.11536075530816392,0.5384615384615384,-0.016028045344480595,0.03827953262484307,0.017827273847111864,0.015919568534695658,0.0035315230662997894,0.00030733199983320645,0.0,0.00800311259368815,neighbor,0.6143045267489711,433.0,0.7327160493827161,236.0,0.875835390946502,18.0,415.0,0.0,0.706819341563786
stable_compact_current,robustness,0.5715,0.4285,32,0.034758,True,rank,rank_average,13,0.007291779356292564,0.09479313163180333,0.5384615384615384,-0.016329643788675546,0.03864212383063917,0.01803280635446274,0.024175603723740457,0.07252681117122137,1.0,0.014719968401117726,0.032100932650341196,0.007177783214311387,0.010285741699873651,0.07200019189911556,0.5714285714285714,-0.013853639398950499,0.032100932650341196,0.017649333141000353,0.007291779356292564,0.09479313163180333,0.5384615384615384,-0.016329643788675546,0.03864212383063917,0.01803280635446274,0.01963768369490091,0.0018626003387028874,-0.0006940066787146304,0.0,0.00858914262856947,neighbor,0.9009711934156378,43.0,0.5116296296296295,598.0,0.7742304526748971,186.0,555.0,0.0,0.706756378600823
balanced_medium_current,robustness,0.0,1.0,49,0.03,True,equal,rank_average,13,0.008988627150208085,0.1168521529527051,0.7692307692307693,-0.026802727051429748,0.03849543478165335,0.01567832746747329,0.017937832757399328,0.05381349827219799,1.0,0.014747511573535883,0.021744264317666864,0.002889444149262472,0.010485754190328529,0.0734002793322997,0.8571428571428571,-0.0021299618600080393,0.021744264317666864,0.007655022437708529,0.008988627150208085,0.1168521529527051,0.7692307692307693,-0.026802727051429748,0.03849543478165335,0.01567832746747329,0.01609124349098446,0.006131135331827466,-0.0029521516821224393,0.0,0.008752685543397778,exact,0.6433662551440328,388.0,0.7584279835390947,183.0,0.7183292181069959,238.0,205.0,0.0,0.7063884773662551
recent_compact_capacity,robustness,0.065,0.935,31,0.031758,True,rank,rank_average,13,0.00430734544125403,0.05599549073630239,0.6923076923076923,-0.03593855066982045,0.023267272689791105,0.01593673799187455,0.019153609919594708,0.057460829758784124,1.0,0.01463848662704223,0.023267272689791105,0.0035341066898090974,0.013191940826887325,0.09234358578821128,1.0,0.0020748934072495565,0.023267272689791105,0.007208322002224012,0.00430734544125403,0.05599549073630239,0.6923076923076923,-0.03593855066982045,0.023267272689791105,0.01593673799187455,0.01674825824109292,0.009204121095718127,-0.00871222712721826,0.0,0.009534323720427586,neighbor,0.6863539094650205,329.0,0.9473292181069959,10.0,0.37030864197530866,868.0,858.0,0.05,0.7063860082304525
stable_compact_current,robustness,0.5215,0.47850000000000004,32,0.031758,True,rank,rank_average,13,0.00859866447813053,0.11178263821569691,0.5384615384615384,-0.016168041013698255,0.036579612581426946,0.01760746833560113,0.022135696805579173,0.06640709041673752,1.0,0.01026540263409793,0.03306853632477599,0.009332911030239583,0.011139079874463123,0.07797355912124186,0.5714285714285714,-0.01151941104505097,0.03306853632477599,0.016814096653506597,0.00859866447813053,0.11178263821569691,0.5384615384615384,-0.016168041013698255,0.036579612581426946,0.01760746833560113,0.017004930048432444,0.0031192984550057305,0.00010424675647551613,0.0,0.008221293337596884,neighbor,0.6772427983539094,344.0,0.6795308641975308,339.0,0.8571440329218106,47.0,297.0,0.0,0.7052576131687243
recent_compact_capacity,robustness,0.055,0.945,31,0.03,True,rank,rank_average,13,0.0038011616230820377,0.04941510110006649,0.6923076923076923,-0.038397378765180006,0.022496247484798407,0.016452971489856964,0.0193029527827065,0.0579088583481195,1.0,0.01530974233101113,0.022496247484798407,0.002987904838533799,0.013241144004095654,0.09268800802866958,1.0,0.002172125944808505,0.022496247484798407,0.007156944225984076,0.0038011616230820377,0.04941510110006649,0.6923076923076923,-0.038397378765180006,0.022496247484798407,0.016452971489856964,0.017054898055376376,0.00926425364412133,-0.009812165175044948,0.0,0.009519048585748407,neighbor,0.7033168724279836,307.0,0.9526131687242798,6.0,0.300679012345679,964.0,958.0,0.05,0.7051045267489712
short_aggressive_wide_capacity,robustness,0.5935,0.4065,30,0.036,True,rank,rank_average,13,0.005903750994335244,0.07674876292635817,0.5384615384615384,-0.01821365829564972,0.0370915964730851,0.01925422885704181,0.02349281660738441,0.07047844982215323,1.0,0.0168298604366908,0.03565992247610094,0.008616439985117328,0.009774683288632874,0.06842278302043012,0.5714285714285714,-0.01129976362337323,0.03565992247610094,0.018406258689288836,0.005903750994335244,0.07674876292635817,0.5384615384615384,-0.01821365829564972,0.0370915964730851,0.01925422885704181,0.01994475941031708,0.0024140760502361427,-0.0021069076323317814,0.0,0.008748201841883328,exact,0.910440329218107,31.0,0.5501604938271606,533.0,0.6197860082304526,340.0,502.0,0.0,0.704716255144033
stable_compact_current,robustness,0.5365,0.4635,32,0.031758,True,rank,rank_average,13,0.008405772637733015,0.10927504429052919,0.5384615384615384,-0.016168041013698255,0.036579612581426946,0.017829606426473247,0.022420541065685654,0.06726162319705696,1.0,0.008685263839056488,0.03306850671730316,0.010190984672274233,0.01126115598593733,0.07882809190156131,0.5714285714285714,-0.01151941104505097,0.03306850671730316,0.017105507779617238,0.008405772637733015,0.10927504429052919,0.5384615384615384,-0.016168041013698255,0.036579612581426946,0.017829606426473247,0.016645845474329464,0.003188881838546029,-5.701592551068751e-06,0.0,0.008092479778194838,neighbor,0.6645514403292181,358.0,0.6921975308641976,316.0,0.8491687242798355,67.0,291.0,0.0,0.7046847736625514
stable_compact_capacity,robustness,0.978,0.02200000000000002,35,0.03,True,equal,rank_average,13,0.005295476604522735,0.06884119585879556,0.5384615384615384,-0.021310346488127463,0.024070166694218048,0.01323737226047798,0.018682093717318795,0.05604628115195639,1.0,0.01640596071749404,0.02312520643725406,0.0031420711419015757,0.011065691854597853,0.07745984298218497,0.7142857142857143,-0.007269366979209898,0.024070166694218048,0.011771097107750983,0.005295476604522735,0.06884119585879556,0.5384615384615384,-0.021310346488127463,0.024070166694218048,0.01323737226047798,0.017062760455644747,0.004622838968267224,-0.003475531138042566,0.0,0.008384052047271764,neighbor,0.7004773662551439,314.0,0.772514403292181,158.0,0.5086378600823045,565.0,407.0,0.0,0.7041181069958847
stable_compact_current,robustness,0.5365,0.4635,31,0.032,True,rank,rank_average,13,0.008901646540502479,0.11572140502653222,0.5384615384615384,-0.01603316812375547,0.03835597424756902,0.017859660118411943,0.02209498271815515,0.06628494815446545,1.0,0.006824364588121849,0.03342650959516606,0.011211775347632801,0.011429440334161175,0.08000608233912823,0.5714285714285714,-0.010805130112147239,0.03342650959516606,0.01698036919428926,0.008901646540502479,0.11572140502653222,0.5384615384615384,-0.01603316812375547,0.03835597424756902,0.017859660118411943,0.015846180463428644,0.0035205166248918514,0.000321454585708645,0.0,0.007970922854429088,neighbor,0.6101316872427983,440.0,0.7274567901234568,247.0,0.8744032921810699,22.0,418.0,0.0,0.7025687242798353
recent_compact_capacity,robustness,0.045,0.955,31,0.031758,True,rank,rank_average,13,0.003571351964440479,0.04642757553772622,0.6923076923076923,-0.03593855066982045,0.02105676333471187,0.0160377457847314,0.018938924945631937,0.05681677483689581,1.0,0.01624098152681186,0.02105676333471187,0.00200837081394722,0.012963750427864887,0.0907462529950542,1.0,0.0020748934072495565,0.02105676333471187,0.0068005564266787775,0.003571351964440479,0.04642757553772622,0.6923076923076923,-0.03593855066982045,0.02105676333471187,0.0160377457847314,0.01715471112285812,0.009074052568275339,-0.009131743409001985,0.0,0.009575446593516853,neighbor,0.7057119341563786,305.0,0.9435761316872426,12.0,0.2966543209876543,972.0,960.0,0.05,0.7013921810699587
recent_compact_capacity,robustness,0.065,0.935,31,0.03,True,rank,rank_average,13,0.003923525901512589,0.051005836719663654,0.6923076923076923,-0.038397378765180006,0.02282349737102017,0.01663924003587715,0.019163479367472643,0.05749043810241793,1.0,0.014659001637248426,0.02282349737102017,0.003386205528235443,0.01327145895173775,0.09290021266216425,1.0,0.002172125944808505,0.02282349737102017,0.007239725567019075,0.003923525901512589,0.051005836719663654,0.6923076923076923,-0.038397378765180006,0.02282349737102017,0.01663924003587715,0.016760653779751385,0.009281533164277322,-0.009742417536339533,0.0,0.00941958880537442,neighbor,0.6876378600823044,324.0,0.953551440329218,4.0,0.31334567901234567,948.0,944.0,0.05,0.7011551440329218
recent_compact_capacity,robustness,0.045,0.955,31,0.030758,True,rank,rank_average,13,0.0034570760062467096,0.044941988081207224,0.6923076923076923,-0.03660849419902046,0.020856473226797956,0.016214947196709316,0.018963424986850844,0.05689027496055253,1.0,0.015932200638589182,0.020856473226797956,0.0021654404895847584,0.013076607367746544,0.0915362515742258,1.0,0.0023422165718223567,0.020856473226797956,0.006750290431577322,0.0034570760062467096,0.044941988081207224,0.6923076923076923,-0.03660849419902046,0.020856473226797956,0.016214947196709316,0.017066778453239412,0.009226597668316908,-0.009417962069808435,0.0,0.009565986021567108,neighbor,0.699119341563786,315.0,0.9532057613168725,5.0,0.27934567901234564,999.0,994.0,0.05,0.7004921810699588
stable_compact_capacity,robustness,0.988,0.01200000000000001,35,0.03,True,equal,rank_average,13,0.004941974435949159,0.06424566766733907,0.5384615384615384,-0.021310346488127463,0.024070166694218048,0.013387104186252607,0.0186820937173188,0.056046281151956395,1.0,0.01640596071749404,0.02312520643725407,0.003142071141901579,0.011065691854597853,0.07745984298218497,0.7142857142857143,-0.007269366979209898,0.024070166694218048,0.011771097107750983,0.004941974435949159,0.06424566766733907,0.5384615384615384,-0.021310346488127463,0.024070166694218048,0.013387104186252607,0.017062760455644747,0.004622838968267224,-0.003677027374129505,0.0,0.008353827611858725,neighbor,0.7009465020576132,311.0,0.772514403292181,158.0,0.4772057613168724,641.0,483.0,0.0,0.6995909465020576
stable_compact_current,robustness,0.5215,0.47850000000000004,31,0.03,True,rank,rank_average,13,0.008330913891024062,0.1083018805833128,0.5384615384615384,-0.016059272429072072,0.03823685110945775,0.017454885313507612,0.021504911979139174,0.06451473593741752,1.0,0.010915251409519537,0.03077743103547919,0.008162013280965061,0.010841786510441962,0.07589250557309374,0.5714285714285714,-0.011089014763899618,0.03077743103547919,0.0162385335578318,0.008330913891024062,0.1083018805833128,0.5384615384615384,-0.016059272429072072,0.03823685110945775,0.017454885313507612,0.016859832793250776,0.0030918720102936156,-1.2477445248530532e-05,0.0,0.008133403905145158,neighbor,0.6659588477366255,355.0,0.6783456790123457,340.0,0.849514403292181,64.0,291.0,0.0,0.699066255144033
stable_compact_current,robustness,0.5715,0.4285,30,0.034758,True,rank,rank_average,13,0.007453229017201308,0.096891977223617,0.5384615384615384,-0.016241846589600394,0.039018383743983254,0.018249602053066125,0.024535658416150297,0.07360697524845089,1.0,0.012873960578899925,0.034080343100204274,0.00878593472272873,0.010355713697836574,0.07248999588485602,0.5714285714285714,-0.013670073784673928,0.034080343100204274,0.01793527335870584,0.007453229017201308,0.096891977223617,0.5384615384615384,-0.016241846589600394,0.039018383743983254,0.018249602053066125,0.019233732288242645,0.0019630610302530218,-0.0005730072963018466,0.0,0.008490919284465642,neighbor,0.8635390946502057,86.0,0.5229382716049382,576.0,0.7867489711934156,179.0,490.0,0.0,0.6987502057613169
recent_compact_capacity,robustness,0.055,0.945,32,0.031758,True,rank,rank_average,13,0.0039672761735038385,0.0515745902555499,0.6923076923076923,-0.03471729346625582,0.02175793222966481,0.015191119619360878,0.01860501546141898,0.05581504638425694,1.0,0.01621943520030423,0.02175793222966481,0.002325272933433992,0.012616266934775609,0.08831386854342926,1.0,0.0020212000290737706,0.02175793222966481,0.006711334554906948,0.0039672761735038385,0.0515745902555499,0.6923076923076923,-0.03471729346625582,0.02175793222966481,0.015191119619360878,0.016957272429109212,0.00885826816241644,-0.008503051732659542,0.0,0.009493671884832152,neighbor,0.6912921810699588,318.0,0.9371810699588476,13.0,0.3352469135802469,920.0,907.0,0.05,0.6985353909465021
stable_compact_current,robustness,0.5365,0.4635,32,0.030758,True,rank,rank_average,13,0.007834355127435879,0.10184661665666642,0.5384615384615384,-0.016339856977517848,0.034734427314878046,0.01777853371818215,0.02268664547062008,0.06805993641186024,1.0,0.010825619832853624,0.032221570520992865,0.008888371970138904,0.011056472615107912,0.07739530830575539,0.5714285714285714,-0.01212897258435093,0.032221570520992865,0.01713762739271817,0.007834355127435879,0.10184661665666642,0.5384615384615384,-0.016339856977517848,0.034734427314878046,0.01777853371818215,0.01750384246309514,0.0028710570092042734,-0.00038810884148090077,0.0,0.008235296313157845,neighbor,0.7283292181069959,277.0,0.6355308641975308,410.0,0.807045267489712,145.0,265.0,0.0,0.6983773662551441
stable_compact_current,robustness,0.5565,0.4435,32,0.03,True,rank,rank_average,13,0.007837681563791325,0.10188986032928724,0.5384615384615384,-0.016396878533271538,0.034970193564418925,0.017723420689591634,0.022416144890123956,0.06724843467037186,1.0,0.011140071359108387,0.031213168067455777,0.0083801977247056,0.010928984423919428,0.076502890967436,0.5714285714285714,-0.011833845700714135,0.031213168067455777,0.016893568588890507,0.007837681563791325,0.10188986032928724,0.5384615384615384,-0.016396878533271538,0.034970193564418925,0.017723420689591634,0.017453426135876422,0.0028957806118269803,-0.00040502988615701474,0.0,0.00822371724674916,neighbor,0.7239094650205761,282.0,0.6392345679012346,396.0,0.803440329218107,150.0,246.0,0.0,0.6977353909465022
stable_compact_current,robustness,0.5565,0.4435,32,0.030758,True,rank,rank_average,13,0.007886714191074309,0.10252728448396602,0.5384615384615384,-0.016339856977517848,0.034734427314878046,0.017782009232509294,0.02269257961052269,0.06807773883156806,1.0,0.010615358135684871,0.03244963463786944,0.009063527159316796,0.011059015817923318,0.07741311072546322,0.5714285714285714,-0.01212897258435093,0.03244963463786944,0.017178621116416177,0.007886714191074309,0.10252728448396602,0.5384615384615384,-0.016339856977517848,0.034734427314878046,0.017782009232509294,0.01743783856277394,0.0028725066348090546,-0.00035826417520699557,0.0,0.0082140237844926,neighbor,0.722551440329218,287.0,0.636,407.0,0.8117366255144033,138.0,269.0,0.0,0.6969810699588478
stable_compact_current,robustness,0.55,0.44999999999999996,32,0.030758,True,rank,rank_average,13,0.007879007358183483,0.10242709565638528,0.5384615384615384,-0.016339856977517848,0.034734427314878046,0.0177587493763138,0.022659183334662446,0.06797755000398734,1.0,0.010750414036962336,0.032214389909011244,0.008919267839104883,0.011044703128268926,0.07731292189788248,0.5714285714285714,-0.01212897258435093,0.032214389909011244,0.017136524954493734,0.007879007358183483,0.10242709565638528,0.5384615384615384,-0.016339856977517848,0.034734427314878046,0.0177587493763138,0.017463371132955166,0.002864348401706052,-0.000362657069954766,0.0,0.008219906673456576,neighbor,0.7235020576131687,284.0,0.6348271604938271,414.0,0.8103292181069959,139.0,275.0,0.0,0.6966224279835391
stable_compact_current,robustness,0.5715,0.4285,33,0.034758,True,rank,rank_average,13,0.007217214386305204,0.09382378702196766,0.5384615384615384,-0.016248554926998206,0.03827004930487843,0.017955424502675777,0.023922537581484406,0.07176761274445322,1.0,0.014785935851053155,0.03158917804606963,0.006938195089906849,0.01016225908238698,0.07113581357670887,0.5714285714285714,-0.013893701511146758,0.03158917804606963,0.017625427582856137,0.007217214386305204,0.09382378702196766,0.5384615384615384,-0.016248554926998206,0.03827004930487843,0.017955424502675777,0.019515205252293652,0.0017789947497107194,-0.0007097493872539037,0.0,0.008500167330199199,neighbor,0.8940329218106995,53.0,0.49582716049382713,620.0,0.7721810699588477,191.0,567.0,0.0,0.6965625514403292
stable_compact_current,robustness,0.5465,0.4535,32,0.030758,True,rank,rank_average,13,0.007844210520467361,0.10197473676607569,0.5384615384615384,-0.016339856977517848,0.034734427314878046,0.017770888841864445,0.022659183334662446,0.06797755000398734,1.0,0.010750414036962336,0.032214389909011244,0.008919267839104883,0.011044703128268926,0.07731292189788248,0.5714285714285714,-0.01212897258435093,0.032214389909011244,0.017136524954493734,0.007844210520467361,0.10197473676607569,0.5384615384615384,-0.016339856977517848,0.034734427314878046,0.017770888841864445,0.017463371132955166,0.002864348401706052,-0.0003824912674529555,0.0,0.008216931543831848,neighbor,0.7235020576131687,284.0,0.6348271604938271,414.0,0.8079835390946501,144.0,270.0,0.0,0.6962705761316872
stable_compact_current,robustness,0.55,0.44999999999999996,32,0.03,True,rank,rank_average,13,0.007833274874648018,0.10183257337042423,0.5384615384615384,-0.016396878533271538,0.034970193564418925,0.017717614313500697,0.02239704923716962,0.06719114771150886,1.0,0.011140071359108387,0.031155881108592763,0.008360171851692596,0.010920800572653282,0.07644560400857298,0.5714285714285714,-0.011833845700714135,0.031155881108592763,0.016883751243017338,0.007833274874648018,0.10183257337042423,0.5384615384615384,-0.016396878533271538,0.034970193564418925,0.017717614313500697,0.01744254161369245,0.002891115816605277,-0.0004075416989686992,0.0,0.00821688750810405,neighbor,0.7217983539094649,288.0,0.6380617283950617,400.0,0.8025020576131686,153.0,247.0,0.0,0.6962224279835391
stable_compact_current,robustness,0.5565,0.4435,32,0.034758,True,rank,rank_average,13,0.007239711146555237,0.09411624490521808,0.5384615384615384,-0.016329643788675546,0.03864212383063917,0.017988733998383282,0.023970012904915655,0.07191003871474697,1.0,0.014456299380603783,0.031747829214380734,0.007165159005143534,0.010197631348948738,0.07138341944264116,0.5714285714285714,-0.013853639398950499,0.031747829214380734,0.017577941564121877,0.007239711146555237,0.09411624490521808,0.5384615384615384,-0.016329643788675546,0.03864212383063917,0.017988733998383282,0.019433486151401173,0.0018123774386756871,-0.0007236855582649068,0.0,0.008480411474224792,neighbor,0.8856625514403291,65.0,0.502716049382716,611.0,0.7709465020576132,194.0,546.0,0.0,0.6961292181069958
stable_compact_current,robustness,0.5365,0.4635,31,0.030758,True,rank,rank_average,13,0.008681651913781367,0.11286147487915776,0.5384615384615384,-0.01609623879213396,0.03811912568345732,0.017733950271367278,0.021856733838851557,0.06557020151655467,1.0,0.007103678038418597,0.032675971614289666,0.010804065372903694,0.011282854258556019,0.07897997980989213,0.5714285714285714,-0.010792356381241437,0.032675971614289666,0.016759487138456805,0.008681651913781367,0.11286147487915776,0.5384615384615384,-0.01609623879213396,0.03811912568345732,0.017733950271367278,0.015802552040823526,0.0034411778929958276,0.00017524432791270943,0.0,0.007895837517364439,neighbor,0.6009958847736625,454.0,0.7247654320987654,255.0,0.8630699588477365,36.0,418.0,0.0,0.6960032921810699
stable_compact_current,robustness,0.5465,0.4535,32,0.03,True,rank,rank_average,13,0.007802330217298878,0.10143029282488542,0.5384615384615384,-0.016396878533271538,0.034970193564418925,0.01772992676766776,0.02239704923716962,0.06719114771150886,1.0,0.011140071359108387,0.031155881108592763,0.008360171851692596,0.010920800572653282,0.07644560400857298,0.5714285714285714,-0.011833845700714135,0.031155881108592763,0.016883751243017338,0.007802330217298878,0.10143029282488542,0.5384615384615384,-0.016396878533271538,0.034970193564418925,0.01772992676766776,0.01744254161369245,0.002891115816605277,-0.0004251801536577091,0.0,0.008214241739900699,neighbor,0.7217983539094649,288.0,0.6380617283950617,400.0,0.7992181069958847,159.0,241.0,0.0,0.6957298353909465
stable_compact_current,robustness,0.5465,0.4535,30,0.034758,True,rank,rank_average,13,0.007489860234583633,0.09736818304958723,0.5384615384615384,-0.016241846589600394,0.039018383743983254,0.0181858605348882,0.024387136391129768,0.0731614091733893,1.0,0.012873959386792446,0.03363477821725016,0.008625635700653245,0.010292061401399202,0.07204442980979442,0.5714285714285714,-0.013670073784673928,0.03363477821725016,0.01785155715685778,0.007489860234583633,0.09736818304958723,0.5384615384615384,-0.016241846589600394,0.039018383743983254,0.0181858605348882,0.019149074340585475,0.0019267792212837194,-0.0005521275023939214,0.0,0.008443861260452774,neighbor,0.8613539094650206,91.0,0.5166049382716049,590.0,0.7895637860082304,175.0,499.0,0.0,0.695448353909465
stable_compact_current,robustness,0.55,0.44999999999999996,30,0.034758,True,rank,rank_average,13,0.007489859675053828,0.09736817577569976,0.5384615384615384,-0.016241846589600394,0.039018383743983254,0.018185860632730453,0.024387136391129768,0.0731614091733893,1.0,0.012873959386792446,0.03363477821725016,0.008625635700653245,0.010292061401399202,0.07204442980979442,0.5714285714285714,-0.013670073784673928,0.03363477821725016,0.01785155715685778,0.007489859675053828,0.09736817577569976,0.5384615384615384,-0.016241846589600394,0.039018383743983254,0.018185860632730453,0.019149074340585475,0.0019267792212837194,-0.0005521278213259099,0.0,0.008443861212612976,neighbor,0.8613539094650206,91.0,0.5166049382716049,590.0,0.7890946502057613,177.0,499.0,0.0,0.6953779835390947
stable_compact_current,robustness,0.5965,0.40349999999999997,33,0.03,True,rank,rank_average,13,0.00839698017902629,0.10916074232734177,0.5384615384615384,-0.013926454697390352,0.033735753752732786,0.017421183156139594,0.0221082911639844,0.0663248734919532,1.0,0.010558973572289403,0.03222181586068045,0.008901902790262428,0.011112442889823595,0.07778710022876517,0.5714285714285714,-0.01212464570479669,0.03222181586068045,0.017104434015691103,0.00839698017902629,0.10916074232734177,0.5384615384615384,-0.013926454697390352,0.033735753752732786,0.017421183156139594,0.017086187242326613,0.0029043879360451125,0.0007290101903677078,0.0,0.008250800996706102,neighbor,0.6825020576131687,334.0,0.6411851851851852,391.0,0.890872427983539,1.0,390.0,0.0,0.6951650205761317
stable_compact_current,robustness,0.5365,0.4635,32,0.03,True,rank,rank_average,13,0.007815633408446857,0.10160323430980914,0.5384615384615384,-0.016396878533271538,0.034970193564418925,0.01778207033585353,0.02245469639881086,0.06736408919643258,1.0,0.010752080265234942,0.031716813687389926,0.008731057126710708,0.010945506499070957,0.0766185454934967,0.5714285714285714,-0.011833845700714135,0.031716813687389926,0.016980741964311513,0.007815633408446857,0.10160323430980914,0.5384615384615384,-0.016396878533271538,0.034970193564418925,0.01778207033585353,0.01734736343484972,0.0029051981946633517,-0.0004175973347033613,0.0,0.008183644961332892,neighbor,0.7139588477366254,299.0,0.6397037037037037,394.0,0.8010946502057613,156.0,238.0,0.0,0.693614403292181
balanced_medium_current,robustness,0.0,1.0,50,0.03,True,equal,rank_average,13,0.00873034255861094,0.11349445326194224,0.7692307692307693,-0.02706396297220846,0.03937010096401826,0.015633944681376622,0.01777900835080645,0.05333702505241934,1.0,0.0144760403675099,0.022134934547244932,0.003214156785541332,0.010380712860137418,0.07266499002096193,0.8571428571428571,-0.0017548629364873966,0.022134934547244932,0.0074655255521902265,0.00873034255861094,0.11349445326194224,0.7692307692307693,-0.02706396297220846,0.03937010096401826,0.015633944681376622,0.015911128081237944,0.0061950444183803445,-0.0031855817531897873,0.0,0.008674383957787864,rounded,0.630872427983539,408.0,0.7441563786008231,216.0,0.7086995884773662,249.0,192.0,0.0,0.693524279835391
short_aggressive_wide_capacity,robustness,0.6035,0.39649999999999996,30,0.036,True,rank,rank_average,13,0.005661971318449259,0.07360562713984037,0.5384615384615384,-0.01821365829564972,0.03717594252465756,0.019033236542844674,0.02363712687373179,0.07091138062119537,1.0,0.0168298604366908,0.036092853275143076,0.008820224798737142,0.009316886720333,0.065218207042331,0.5714285714285714,-0.01129976362337323,0.036092853275143076,0.01799390004488486,0.005661971318449259,0.07360562713984037,0.5384615384615384,-0.01821365829564972,0.03717594252465756,0.019033236542844674,0.020027016262135086,0.0021531320063052145,-0.0022447220475867924,0.0,0.008643007600553362,neighbor,0.9195884773662552,25.0,0.521074074074074,577.0,0.6043045267489712,357.0,552.0,0.0,0.692964403292181
recent_compact_capacity,robustness,0.05,0.95,32,0.031758,True,rank,rank_average,13,0.003527640746100288,0.045859329699303744,0.6923076923076923,-0.03471729346625582,0.02175789120309654,0.015587071228153067,0.018600832860381736,0.05580249858114521,1.0,0.01620695302680751,0.02175789120309654,0.0023295292424087566,0.012614475138301325,0.08830132596810927,1.0,0.0020212000290737706,0.02175789120309654,0.006710368186614191,0.003527640746100288,0.045859329699303744,0.6923076923076923,-0.03471729346625582,0.02175789120309654,0.015587071228153067,0.016950769229264067,0.008857246838426099,-0.008753643926279565,0.0,0.009453022180055436,neighbor,0.6905514403292182,320.0,0.9367119341563785,14.0,0.2972469135802469,971.0,957.0,0.05,0.6923279835390946
recent_compact_capacity,robustness,0.045,0.955,32,0.031758,True,rank,rank_average,13,0.003459919473937961,0.04497895316119349,0.6923076923076923,-0.03471729346625582,0.021821304673897216,0.015538236782485297,0.018630693852221363,0.05589208155666409,1.0,0.016233112368235436,0.021821304673897216,0.00234927576912433,0.012488703292706183,0.08742092304894328,1.0,0.0020212000290737706,0.021821304673897216,0.0066696830560417615,0.003459919473937961,0.04497895316119349,0.6923076923076923,-0.03471729346625582,0.021821304673897216,0.015538236782485297,0.01697642257728387,0.008785556886436868,-0.008792245051412092,0.0,0.009425232872098326,neighbor,0.6937119341563786,316.0,0.9343662551440328,15.0,0.290679012345679,981.0,966.0,0.05,0.691551440329218
stable_compact_current,robustness,0.5565,0.4435,30,0.034758,True,rank,rank_average,13,0.00746399776372589,0.09703197092843657,0.5384615384615384,-0.016241846589600394,0.039018383743983254,0.01814886326700812,0.024275068108708702,0.0728252043261261,1.0,0.012873959386792446,0.03329857336998696,0.00850611398750548,0.010244032137504461,0.07170822496253122,0.5714285714285714,-0.013670073784673928,0.03329857336998696,0.017789032204528845,0.00746399776372589,0.09703197092843657,0.5384615384615384,-0.016241846589600394,0.039018383743983254,0.01814886326700812,0.019085195419605468,0.001899402540863717,-0.0005668691107828348,0.0,0.008403778944613435,neighbor,0.8587736625514403,97.0,0.5102716049382716,601.0,0.7876872427983538,178.0,504.0,0.0,0.6912847736625514
short_aggressive_wide_capacity,robustness,0.6,0.4,30,0.036,True,rank,rank_average,13,0.005615898577728213,0.07300668151046677,0.5384615384615384,-0.01821365829564972,0.03717594252465756,0.01906800865683989,0.02349281660738441,0.07047844982215323,1.0,0.0168298604366908,0.03565992247610094,0.008616439985117328,0.00933487676542325,0.06534413735796275,0.5714285714285714,-0.01129976362337323,0.03565992247610094,0.017974762972585778,0.005615898577728213,0.07300668151046677,0.5384615384615384,-0.01821365829564972,0.03717594252465756,0.01906800865683989,0.01994475941031708,0.0021633863320066563,-0.002270983509797789,0.0,0.008610780087060158,neighbor,0.910440329218107,31.0,0.5234197530864197,575.0,0.6019588477366254,358.0,544.0,0.0,0.6900088477366255
stable_compact_current,robustness,0.5715,0.4285,33,0.03,True,rank,rank_average,13,0.008339867545528153,0.10841827809186598,0.5384615384615384,-0.013926454697390352,0.033735753752732786,0.017349833097103706,0.021902752571534793,0.06570825771460438,1.0,0.010625337240512279,0.03153883641510874,0.008616421868356157,0.011024354921630902,0.07717048445141632,0.5714285714285714,-0.01212464570479669,0.031937585217348775,0.016985036243723228,0.008339867545528153,0.10841827809186598,0.5384615384615384,-0.013926454697390352,0.033735753752732786,0.017349833097103706,0.016990930255143883,0.002854177794175277,0.0006964559892737697,0.0,0.008185220507827494,neighbor,0.6740329218106996,347.0,0.6346172839506173,417.0,0.8885267489711934,2.0,415.0,0.0,0.6884699588477368
stable_compact_current,robustness,0.5365,0.4635,32,0.032,True,rank,rank_average,13,0.008325397887018108,0.10823017253123542,0.5384615384615384,-0.016374357709061607,0.03684771461159672,0.017765252068116855,0.022153298556978188,0.06645989567093456,1.0,0.00823728942745629,0.03272010902675814,0.010271804860224668,0.011033945693538631,0.07723761985477041,0.5714285714285714,-0.011250051443282276,0.03272010902675814,0.016859370946379258,0.008325397887018108,0.10823017253123542,0.5384615384615384,-0.016374357709061607,0.03684771461159672,0.017765252068116855,0.016345685688538142,0.003148260640462439,-0.00011959970992847112,0.0,0.007937051607134083,neighbor,0.63919341563786,398.0,0.6826172839506173,332.0,0.8332921810699588,99.0,299.0,0.0,0.6878489711934156
stable_compact_current,robustness,0.5215,0.47850000000000004,32,0.032,True,rank,rank_average,13,0.008476452006264236,0.11019387608143508,0.5384615384615384,-0.016374357709061607,0.03684771461159672,0.0175493735916553,0.0218088544766062,0.0654265634298186,1.0,0.00957458097978827,0.03272019705595597,0.009495349582668807,0.010886326801950638,0.07620428761365447,0.5714285714285714,-0.011250051443282276,0.03272019705595597,0.0165652269225548,0.008476452006264236,0.11019387608143508,0.5384615384615384,-0.016374357709061607,0.03684771461159672,0.0175493735916553,0.016590658774995663,0.0030641178722572836,-3.349886195817776e-05,0.0,0.008010091723220317,neighbor,0.644082304526749,385.0,0.6741728395061728,346.0,0.8431440329218106,85.0,300.0,0.0,0.687482304526749
stable_extra_wide_capacity,robustness,0.285,0.7150000000000001,46,0.03,False,equal,rank_average,13,0.00782217235007023,0.101688240550913,0.7692307692307693,-0.023449085755843327,0.027633806328675792,0.015143415312070493,0.01796277128919901,0.05388831386759703,1.0,0.013389694130643677,0.023841780608454974,0.004365823484076867,0.014537879728714632,0.10176515810100242,0.8571428571428571,-0.01271536593474114,0.027633806328675792,0.013011998883768462,0.00782217235007023,0.101688240550913,0.7692307692307693,-0.023449085755843327,0.027633806328675792,0.015143415312070493,0.01565737869795585,0.004947663544045621,-0.0025103292906574976,0.0,0.008112850680404245,exact,0.6160082304526749,429.0,0.7473662551440329,205.0,0.6965144032921812,261.0,224.0,0.0,0.6871952674897119
stable_compact_current,robustness,0.5365,0.4635,31,0.03,True,rank,rank_average,13,0.008413817519534116,0.10937962775394351,0.5384615384615384,-0.016059272429072072,0.03823685110945775,0.017752416346570096,0.021842468135175278,0.06552740440552583,1.0,0.007905873144052592,0.03186813327202922,0.01016592369483995,0.010986453434457435,0.07690517404120205,0.5714285714285714,-0.011089014763899618,0.03186813327202922,0.01680902899712852,0.008413817519534116,0.10937962775394351,0.5384615384615384,-0.016059272429072072,0.03823685110945775,0.017752416346570096,0.016059144974587262,0.003174332156982435,3.4777623002199575e-05,0.0,0.007857324103927331,neighbor,0.6135637860082305,435.0,0.6924197530864198,313.0,0.8556131687242797,50.0,385.0,0.0,0.685356378600823
stable_compact_current,robustness,0.5465,0.4535,33,0.034758,True,rank,rank_average,13,0.0071247204013249014,0.09262136521722372,0.5384615384615384,-0.016248554926998206,0.03827004930487843,0.018016344890396187,0.023838892564092096,0.07151667769227629,1.0,0.013889498274426364,0.03223468057051951,0.00756953092917963,0.010126411217790279,0.07088487852453196,0.5714285714285714,-0.013893701511146758,0.03223468057051951,0.0177086490009458,0.0071247204013249014,0.09262136521722372,0.5384615384615384,-0.016248554926998206,0.03827004930487843,0.018016344890396187,0.019171703192093194,0.0017585614668905994,-0.0007624709586926763,0.0,0.008345663293134147,neighbor,0.8698353909465021,79.0,0.48996296296296293,627.0,0.7684279835390946,196.0,548.0,0.0,0.6836816872427983
stable_compact_current,robustness,0.55,0.44999999999999996,33,0.034758,True,rank,rank_average,13,0.007116191459462896,0.09251048897301764,0.5384615384615384,-0.016248554926998206,0.03827004930487843,0.01801890987793265,0.023838892564092096,0.07151667769227629,1.0,0.013889498274426364,0.03223468057051951,0.00756953092917963,0.010126411217790279,0.07088487852453196,0.5714285714285714,-0.013893701511146758,0.03223468057051951,0.0177086490009458,0.007116191459462896,0.09251048897301764,0.5384615384615384,-0.016248554926998206,0.03827004930487843,0.01801890987793265,0.019171703192093194,0.0017585614668905994,-0.0007673324555540192,0.0,0.008344934068604946,neighbor,0.8698353909465021,79.0,0.48996296296296293,627.0,0.7665514403292181,200.0,548.0,0.0,0.6834002057613169
stable_compact_capacity,robustness,0.928,0.07199999999999995,33,0.030303,True,equal,rank_average,13,0.006499822188859924,0.08449768845517901,0.5384615384615384,-0.019267911112863183,0.025335789974913127,0.013741899229577888,0.018410644889955127,0.05523193466986538,1.0,0.01436176742562639,0.022945933062199664,0.0035213086063387218,0.010600051666898218,0.07420036166828753,0.7142857142857143,-0.008317140708467268,0.025335789974913127,0.012617577050682586,0.006499822188859924,0.08449768845517901,0.5384615384615384,-0.019267911112863183,0.025335789974913127,0.013741899229577888,0.01623345083773113,0.0040116587306235,-0.0021150504811331557,0.0,0.007981369191703055,neighbor,0.6526748971193416,370.0,0.7238106995884773,260.0,0.6390205761316872,317.0,110.0,0.0,0.6826378600823045
recent_compact_capacity,robustness,0.045,0.955,32,0.030758,True,rank,rank_average,13,0.0033158568055105583,0.04310613847163726,0.6923076923076923,-0.03425235007896725,0.022600412761849764,0.01526001057329534,0.0184293428135748,0.0552880284407244,1.0,0.01596385009280136,0.022600412761849764,0.002965663082042032,0.012216265867572565,0.08551386107300796,1.0,0.002144009519767078,0.022600412761849764,0.006610284848088599,0.0033158568055105583,0.04310613847163726,0.6923076923076923,-0.03425235007896725,0.022600412761849764,0.01526001057329534,0.016772795934362084,0.008670794686039497,-0.008720929454610483,0.0,0.009302836564271035,neighbor,0.6792181069958848,340.0,0.9312057613168725,17.0,0.2789012345679012,1002.0,985.0,0.05,0.6825650205761317
recent_compact_capacity,robustness,0.055,0.945,32,0.030758,True,rank,rank_average,13,0.0037481296208939693,0.0487256850716216,0.6923076923076923,-0.03425235007896725,0.02044199894637562,0.014821910656028399,0.017715683393878464,0.053147050181635395,1.0,0.016074839736534154,0.02044199894637562,0.0019410833431189592,0.012210630933989755,0.08547441653792828,1.0,0.002144009519767078,0.02044199894637562,0.0062843042650479785,0.0037481296208939693,0.0487256850716216,0.6923076923076923,-0.03425235007896725,0.02044199894637562,0.014821910656028399,0.016402636647566995,0.008667582773897297,-0.008474533949841939,0.0,0.009190286814804292,neighbor,0.6549958847736626,368.0,0.9307366255144032,18.0,0.32065432098765434,938.0,920.0,0.05,0.6789279835390946
stable_extra_wide_capacity,robustness,0.275,0.725,46,0.03,False,equal,rank_average,13,0.007099957786246473,0.09229945122120414,0.6923076923076923,-0.023449085755843327,0.027633806328675792,0.015722521391165842,0.01796277128919901,0.05388831386759703,1.0,0.013389694130643677,0.023841780608454974,0.004365823484076867,0.014564529267883822,0.10195170487518676,0.8571428571428571,-0.01271536593474114,0.027633806328675792,0.013087167330037511,0.007099957786246473,0.09229945122120414,0.6923076923076923,-0.023449085755843327,0.027633806328675792,0.015722521391165842,0.01565737869795585,0.004962853781372059,-0.0029989146689601166,0.0,0.00804639848045575,neighbor,0.6160082304526749,429.0,0.747835390946502,203.0,0.6384814814814814,319.0,226.0,0.0,0.6787014403292181
short_aggressive_wide_capacity,robustness,0.5935,0.4065,31,0.036,True,rank,rank_average,13,0.005591603233413137,0.07269084203437078,0.5384615384615384,-0.01843945242963735,0.0369985446145822,0.019119193981478672,0.023076659817024035,0.06922997945107211,1.0,0.016110703956481866,0.03528623071693396,0.008662056362704963,0.009458013923000814,0.0662060974610057,0.5714285714285714,-0.011217433623240933,0.03528623071693396,0.018032267351947323,0.005591603233413137,0.07269084203437078,0.5384615384615384,-0.01843945242963735,0.0369985446145822,0.019119193981478672,0.019470228401342715,0.002260743411869527,-0.0023593439202732993,0.0,0.008451524307837379,neighbor,0.8725514403292182,73.0,0.534283950617284,562.0,0.5949218106995885,368.0,489.0,0.0,0.6786866255144033
recent_compact_capacity,robustness,0.05,0.95,31,0.03,True,rank,rank_average,13,0.003196255801691722,0.041551325421992386,0.6923076923076923,-0.038397378765180006,0.0224962474847984,0.016848154518338366,0.01888315497923587,0.05664946493770761,1.0,0.013996222680131079,0.0224962474847984,0.0035851179696721066,0.0130790821803727,0.0915535752626089,1.0,0.002172125944808505,0.0224962474847984,0.007136239981579389,0.003196255801691722,0.041551325421992386,0.6923076923076923,-0.038397378765180006,0.0224962474847984,0.016848154518338366,0.016382151822607702,0.009171878404599244,-0.01015696149323743,0.0,0.009156661787127126,rounded,0.6625514403292181,361.0,0.9493292181069959,8.0,0.2415679012345679,1053.0,1045.0,0.05,0.6784539094650206
stable_compact_current,robustness,0.5565,0.4435,33,0.034758,True,rank,rank_average,13,0.007067575006329481,0.09187847508228325,0.5384615384615384,-0.016248554926998206,0.03827004930487843,0.01793031425067769,0.023628221267180633,0.0708846638015419,1.0,0.014177078816651097,0.03131508613756037,0.007106913547982668,0.010036123519113937,0.07025286463379755,0.5714285714285714,-0.013893701511146758,0.03131508613756037,0.017556228597096945,0.007067575006329481,0.09187847508228325,0.5384615384615384,-0.016248554926998206,0.03827004930487843,0.01793031425067769,0.019146522131787823,0.0017070974786450846,-0.0007950438338400664,0.0,0.008307546143029408,neighbor,0.8671934156378601,81.0,0.4812839506172839,638.0,0.7646748971193414,203.0,557.0,0.0,0.6781563786008231
recent_compact_capacity,robustness,0.045,0.955,32,0.03,True,rank,rank_average,13,0.003173462310707601,0.04125501003919881,0.6923076923076923,-0.03563009469880854,0.022292175012505522,0.015695481206825727,0.018441224459870818,0.05532367337961245,1.0,0.015845295783591888,0.022292175012505522,0.002777513622006583,0.012322227123035828,0.0862555898612508,1.0,0.0019721777654914886,0.022292175012505522,0.006621858172448698,0.003173462310707601,0.04125501003919881,0.6923076923076923,-0.03563009469880854,0.022292175012505522,0.015695481206825727,0.016740445550711688,0.008674488122742612,-0.009256750041195796,0.0,0.009211185369339483,neighbor,0.678798353909465,341.0,0.9283662551440328,21.0,0.25707407407407407,1033.0,1012.0,0.05,0.6778452674897119
short_aggressive_wide_capacity,robustness,0.5935,0.4065,30,0.037,True,rank,rank_average,13,0.00579076111261984,0.07527989446405792,0.5384615384615384,-0.019408375528131634,0.03871373071265631,0.019530019219317962,0.023444602876546945,0.07033380862964084,1.0,0.01619259431745013,0.03551593564935034,0.008593303379760105,0.009670087922563146,0.06769061545794203,0.5714285714285714,-0.011756090519548503,0.03551593564935034,0.018123240296058163,0.00579076111261984,0.07527989446405792,0.5384615384615384,-0.019408375528131634,0.03871373071265631,0.019530019219317962,0.0197069797643903,0.0022038688158385585,-0.002565568551628593,0.0,0.008489697590139185,neighbor,0.8947860082304527,51.0,0.5111975308641975,599.0,0.5842181069958848,384.0,548.0,0.0,0.6755860082304527
stable_compact_current,robustness,0.5215,0.47850000000000004,32,0.030758,True,rank,rank_average,13,0.008226757610649473,0.10694784893844314,0.5384615384615384,-0.016339856977517848,0.034734427314878046,0.01755410500149039,0.022080199728018668,0.066240599184056,1.0,0.010750414036962336,0.0322101165527389,0.008801873739483306,0.010796567296850164,0.07557597107795115,0.5714285714285714,-0.01212897258435093,0.0322101165527389,0.016943643750097635,0.008226757610649473,0.10694784893844314,0.5384615384615384,-0.016339856977517848,0.034734427314878046,0.01755410500149039,0.017133350477168213,0.0027229109777973572,-0.00016443942604915174,0.0,0.008053984216968723,neighbor,0.6871440329218107,325.0,0.6120740740740741,453.0,0.828156378600823,110.0,343.0,0.0,0.6745144032921812
recent_compact_capacity,robustness,0.03,0.97,32,0.030758,True,rank,rank_average,13,0.0032509741282444136,0.042262663667177375,0.6923076923076923,-0.03425235007896725,0.02130548255073096,0.015181084828183613,0.01810817882562099,0.05432453647686297,1.0,0.01603944547353732,0.02130548255073096,0.0022931840949138933,0.012102323920723235,0.08471626744506265,1.0,0.002144009519767078,0.02130548255073096,0.006369952110044619,0.0032509741282444136,0.042262663667177375,0.6923076923076923,-0.03425235007896725,0.02130548255073096,0.015181084828183613,0.01661467893687128,0.00860584777633538,-0.008757912580652186,0.0,0.009204816187001606,neighbor,0.6662304526748971,354.0,0.9251069958847735,24.0,0.2728024691358024,1012.0,988.0,0.05,0.6737106995884773
stable_compact_capacity,robustness,0.953,0.04700000000000004,32,0.03125,True,equal,rank_average,13,0.006321459345911472,0.08217897149684913,0.5384615384615384,-0.019066457231269568,0.02660916409352153,0.014471042337068354,0.020129116248412605,0.060387348745237816,1.0,0.01656484000523136,0.025890364072984978,0.004111882203374603,0.010965939591405682,0.07676157713983978,0.7142857142857143,-0.01363744901918226,0.02660916409352153,0.014366868063246576,0.006321459345911472,0.08217897149684913,0.5384615384615384,-0.019066457231269568,0.02660916409352153,0.014471042337068354,0.017939993463321535,0.0024645131050568068,-0.0021502375206878806,0.0,0.007962492654500995,neighbor,0.7496995884773662,244.0,0.6172181069958848,443.0,0.6343168724279835,324.0,199.0,0.0,0.6727755144032921
recent_compact_capacity,robustness,0.05,0.95,32,0.030758,True,rank,rank_average,13,0.0033103637633034545,0.04303472892294491,0.6923076923076923,-0.03425235007896725,0.020278021909634618,0.01520918922219454,0.01769496416892053,0.05308489250676159,1.0,0.015987171385248744,0.020278021909634618,0.0018578511089294045,0.012198766309150344,0.08539136416405241,1.0,0.002144009519767078,0.020278021909634618,0.006264004628061732,0.0033103637633034545,0.04303472892294491,0.6923076923076923,-0.03425235007896725,0.020278021909634618,0.01520918922219454,0.01636189613341679,0.008660819937738831,-0.008724060488668531,0.0,0.009133518352048911,neighbor,0.6502057613168725,373.0,0.929798353909465,20.0,0.27843209876543207,1003.0,983.0,0.05,0.6702563786008231
stable_compact_capacity,robustness,0.953,0.04700000000000004,33,0.030303,True,equal,rank_average,13,0.006100307590910015,0.07930399868183019,0.5384615384615384,-0.019856832010414285,0.025335789974913127,0.013333915333535158,0.018181876355206423,0.054545629065619265,1.0,0.014413710497896033,0.022207684385683907,0.0031870876839653578,0.010559469724096184,0.07391628806867329,0.7142857142857143,-0.008317140708467268,0.025335789974913127,0.012381940647415764,0.006100307590910015,0.07930399868183019,0.5384615384615384,-0.019856832010414285,0.025335789974913127,0.013333915333535158,0.016120193986773352,0.0039885270232263405,-0.0025371176981564686,0.0,0.007862347100437725,neighbor,0.6433292181069958,391.0,0.719119341563786,271.0,0.5953786008230453,367.0,120.0,0.0,0.6702421810699588
recent_compact_capacity,robustness,0.055,0.945,32,0.03,True,rank,rank_average,13,0.0036386816331519206,0.04730286123097497,0.6923076923076923,-0.03563009469880854,0.02012950202570505,0.015151019403993576,0.017677478429782612,0.05303243528934783,1.0,0.015764191648576925,0.02012950202570505,0.0018223906805464787,0.012249622840674912,0.08574735988472439,1.0,0.0019721777654914886,0.02012950202570505,0.006297947603564061,0.0036386816331519206,0.04730286123097497,0.6923076923076923,-0.03563009469880854,0.02012950202570505,0.015151019403993576,0.016278345949006474,0.00863310368179689,-0.008991575027402533,0.0,0.00904749878230081,neighbor,0.6459341563786009,383.0,0.9250823045267489,25.0,0.3021111111111111,960.0,935.0,0.05,0.669977366255144
stable_compact_capacity,robustness,0.968,0.03200000000000003,35,0.03,True,equal,rank_average,13,0.00557065296803467,0.07241848858445071,0.5384615384615384,-0.021310346488127463,0.024070166694218048,0.013318873335374553,0.01751651425697384,0.05254954277092151,1.0,0.01640596071749404,0.019628468056219185,0.001494041553913018,0.0105661578001643,0.0739631046011501,0.7142857142857143,-0.007269366979209898,0.024070166694218048,0.01131404685872331,0.00557065296803467,0.07241848858445071,0.5384615384615384,-0.021310346488127463,0.024070166694218048,0.013318873335374553,0.01639838016324812,0.004338104557240098,-0.003318680610840763,0.0,0.008013697024431178,neighbor,0.6535637860082304,369.0,0.7267736625514404,250.0,0.5288106995884774,523.0,273.0,0.0,0.667795267489712
short_aggressive_wide_capacity,robustness,0.6035,0.39649999999999996,30,0.037,True,rank,rank_average,13,0.005633176050439226,0.07323128865570994,0.5384615384615384,-0.019408375528131634,0.03878120755395516,0.019340563424224872,0.023560051089694816,0.07068015326908444,1.0,0.01619259431745013,0.035862280288793943,0.008755498110005016,0.009303850667701301,0.06512695467390911,0.5714285714285714,-0.011756090519548503,0.035862280288793943,0.017806605764663596,0.005633176050439226,0.07323128865570994,0.5384615384615384,-0.019408375528131634,0.03878120755395516,0.019340563424224872,0.019772785245884588,0.0019951135805673067,-0.002655392037071543,0.0,0.008408606404048393,neighbor,0.9006502057613169,44.0,0.49149382716049383,625.0,0.5738971193415637,416.0,581.0,0.0,0.6675168724279835
stable_compact_capacity,robustness,0.968,0.03200000000000003,33,0.030303,True,equal,rank_average,13,0.005774214037507732,0.07506478248760051,0.5384615384615384,-0.019856832010414285,0.025335789974913127,0.013595067286501925,0.018181876355206423,0.05454562906561927,1.0,0.01441371049789604,0.022207684385683907,0.003187087683965355,0.010559469724096188,0.07391628806867331,0.7142857142857143,-0.008317140708467268,0.025335789974913127,0.012381940647415764,0.005774214037507732,0.07506478248760051,0.5384615384615384,-0.019856832010414285,0.025335789974913127,0.013595067286501925,0.016120193986773355,0.003988527023226342,-0.0027229910235957696,0.0,0.00783446610162183,neighbor,0.643872427983539,387.0,0.7195884773662551,268.0,0.5695761316872427,428.0,160.0,0.0,0.6668002057613167
recent_compact_capacity,robustness,0.045,0.955,31,0.03,True,rank,rank_average,13,0.003005654192621806,0.03907350450408348,0.6923076923076923,-0.038397378765180006,0.020454345610867397,0.016747108376163795,0.01828880496285269,0.05486641488855806,1.0,0.014216915528951733,0.020454345610867397,0.0028812043519778415,0.012824360744779911,0.08977052521345938,1.0,0.002172125944808505,0.020454345610867397,0.006790054919682439,0.003005654192621806,0.03907350450408348,0.6923076923076923,-0.038397378765180006,0.020454345610867397,0.016747108376163795,0.016116200953380105,0.009026687186311354,-0.01026560441040728,0.0,0.00896864895363106,neighbor,0.6427736625514403,393.0,0.9465144032921811,11.0,0.21858024691358025,1082.0,1071.0,0.05,0.6658279835390946
short_aggressive_wide_capacity,robustness,0.6,0.4,30,0.037,True,rank,rank_average,13,0.005596317857841294,0.07275213215193682,0.5384615384615384,-0.019408375528131634,0.03878120755395516,0.019366559883923353,0.023444602876546945,0.07033380862964084,1.0,0.01619259431745013,0.03551593564935034,0.008593303379760105,0.009318242703782223,0.06522769892647556,0.5714285714285714,-0.011756090519548503,0.03551593564935034,0.01778978267838282,0.005596317857841294,0.07275213215193682,0.5384615384615384,-0.019408375528131634,0.03878120755395516,0.019366559883923353,0.0197069797643903,0.002003317041133432,-0.002676401206852364,0.0,0.00838282439323831,neighbor,0.8947860082304527,51.0,0.49383950617283956,622.0,0.5710823045267489,424.0,571.0,0.0,0.6658045267489713
short_aggressive_wide_capacity,robustness,0.5935,0.4065,30,0.035,True,rank,rank_average,13,0.005676032293668397,0.07378841981768916,0.5384615384615384,-0.01803056452855733,0.03568781986037015,0.018776309491553587,0.022881558015907622,0.06864467404772287,1.0,0.01604987287804253,0.03568781986037015,0.009062152633800285,0.009576639120741843,0.0670364738451929,0.5714285714285714,-0.011642497291410724,0.03568781986037015,0.018223391155671842,0.005676032293668397,0.07378841981768916,0.5384615384615384,-0.01803056452855733,0.03568781986037015,0.018776309491553587,0.01933894611882138,0.0021880887640858826,-0.0021762863485713943,0.0,0.00839377543908149,neighbor,0.8579465020576131,98.0,0.5123827160493827,597.0,0.6104526748971193,351.0,499.0,0.0,0.6653187242798354
stable_compact_capacity,robustness,0.968,0.03200000000000003,34,0.03,True,equal,rank_average,13,0.005207721529672347,0.06770037988574051,0.5384615384615384,-0.020058536552754164,0.023919021651649865,0.0131997470082298,0.018076543054577458,0.054229629163732376,1.0,0.016579392693517003,0.020619711816634287,0.0018076984493316474,0.01037386864081487,0.07261708048570409,0.7142857142857143,-0.007593433882722857,0.023919021651649865,0.011991249410332755,0.005207721529672347,0.06770037988574051,0.5384615384615384,-0.020058536552754164,0.023919021651649865,0.0131997470082298,0.016774829129969762,0.004121557658251646,-0.0031124542520340986,0.0,0.00809776446039603,neighbor,0.67840329218107,342.0,0.6983909465020576,301.0,0.5248847736625515,530.0,229.0,0.0,0.6643699588477365
stable_extra_wide_capacity,robustness,0.335,0.665,47,0.03,False,equal,rank_average,13,0.0077493574172547205,0.10074164642431137,0.7692307692307693,-0.022171889302824026,0.027763307338212896,0.014627003151868434,0.016514567149784536,0.049543701449353605,1.0,0.012651750698588454,0.023129160521156995,0.004699165621776239,0.013819681677513754,0.09673777174259628,0.8571428571428571,-0.012522318318158473,0.027763307338212896,0.012935172297336853,0.0077493574172547205,0.10074164642431137,0.7692307692307693,-0.022171889302824026,0.027763307338212896,0.014627003151868434,0.014588381005911373,0.004601996368333401,-0.002130358972865969,0.0,0.007586696922184685,neighbor,0.5460699588477366,524.0,0.7506502057613169,193.0,0.7111934156378601,245.0,331.0,0.0,0.6628995884773663
short_aggressive_wide_capacity,robustness,0.6,0.4,31,0.036,True,rank,rank_average,13,0.005482534646413763,0.07127295040337892,0.5384615384615384,-0.018598016728771725,0.03705999673790959,0.018879000496337107,0.023007252267602835,0.0690217568028085,1.0,0.015902481308218256,0.03528623071693396,0.008718247249179382,0.009093934096811739,0.06365753867768217,0.5714285714285714,-0.011217433623240933,0.03528623071693396,0.01769997517024908,0.005482534646413763,0.07127295040337892,0.5384615384615384,-0.018598016728771725,0.03705999673790959,0.018879000496337107,0.01936195262424564,0.002053217910941754,-0.0024738392335772867,0.0,0.008297653224585453,neighbor,0.8625761316872428,88.0,0.5103580246913579,600.0,0.5875267489711934,378.0,512.0,0.0,0.6628205761316872
stable_compact_current,robustness,0.5365,0.4635,32,0.032758,True,rank,rank_average,13,0.008138569796299386,0.10580140735189202,0.5384615384615384,-0.01647436804646136,0.038080780450513524,0.01780931578984423,0.02223652314522298,0.06670956943566894,1.0,0.008597474849587004,0.03244661099768657,0.010033731477480618,0.010560155793347894,0.07392109055343526,0.5714285714285714,-0.011610393423678242,0.03244661099768657,0.016783922943076013,0.008138569796299386,0.10580140735189202,0.5384615384615384,-0.01647436804646136,0.038080780450513524,0.01780931578984423,0.016511984893140808,0.002759287543823051,-0.00025909513298006043,0.0,0.007807609082029689,neighbor,0.6497860082304526,375.0,0.6218518518518519,435.0,0.8174156378600822,131.0,304.0,0.0,0.6623600823045268
stable_extra_wide_capacity,robustness,0.31,0.69,47,0.03,False,equal,rank_average,13,0.007597054763071558,0.09876171191993026,0.7692307692307693,-0.022171889302824023,0.027763307338212896,0.014650988939590673,0.016617338214866408,0.04985201464459922,1.0,0.012651750698588454,0.023129160521156995,0.004640870094563227,0.013966185001387188,0.09776329500971032,0.8571428571428571,-0.012522318318158475,0.027763307338212896,0.012953347252915538,0.007597054763071558,0.09876171191993026,0.7692307692307693,-0.022171889302824023,0.027763307338212896,0.014650988939590673,0.014646960513008043,0.004685503262941257,-0.002217171485750371,0.0,0.007634684950664228,neighbor,0.5484156378600823,520.0,0.7505020576131687,194.0,0.7016131687242799,256.0,326.0,0.0,0.6623341563786008
stable_compact_current,robustness,0.5215,0.47850000000000004,32,0.03,True,rank,rank_average,13,0.008122639690619587,0.10559431597805463,0.5384615384615384,-0.016396878533271538,0.034970193564418925,0.01748169169460343,0.021666556124879527,0.06499966837463858,1.0,0.010745981472876608,0.031155881108592763,0.008393543450960233,0.010607732095957528,0.0742541246717027,0.5714285714285714,-0.011833845700714135,0.031155881108592763,0.016680696888962315,0.008122639690619587,0.10559431597805463,0.5384615384615384,-0.016396878533271538,0.034970193564418925,0.01748169169460343,0.01689611087723061,0.0027126667848886973,-0.00024260375386490494,0.0,0.007942753841012421,neighbor,0.6650205761316872,356.0,0.6073333333333333,458.0,0.8193909465020576,126.0,332.0,0.0,0.6622168724279834
stable_compact_current,robustness,0.5365,0.4635,31,0.034758,True,rank,rank_average,13,0.007453668771355874,0.09689769402762637,0.5384615384615384,-0.01608378308859734,0.03895768430265584,0.01798614708583911,0.023531360174756544,0.07059408052426963,1.0,0.01142947339666973,0.032850952338163944,0.008963846365721043,0.010097497139859338,0.07068247997901536,0.5714285714285714,-0.013631726044222775,0.032850952338163944,0.01766030056054835,0.007453668771355874,0.09689769402762637,0.5384615384615384,-0.01608378308859734,0.03895768430265584,0.01798614708583911,0.018184601520512243,0.0018285323465548782,-0.0005205956811027357,0.0,0.008018590811989183,neighbor,0.7919588477366255,188.0,0.49851851851851847,618.0,0.79319341563786,172.0,446.0,0.0,0.6600958847736625
short_aggressive_wide_capacity,robustness,0.5935,0.4065,31,0.035,True,rank,rank_average,13,0.00552152032101234,0.07177976417316043,0.5384615384615384,-0.017574804577257748,0.035479067073195994,0.01879334991532515,0.0228091537897774,0.0684274613693322,1.0,0.015973086294183328,0.035479067073195994,0.008968319762545317,0.009397009771243355,0.06577906839870348,0.5714285714285714,-0.01170070806004156,0.035479067073195994,0.01819072414447594,0.00552152032101234,0.07177976417316043,0.5384615384615384,-0.017574804577257748,0.035479067073195994,0.01879334991532515,0.019272336137253616,0.0020664904812235686,-0.0021139573890564855,0.0,0.008321761563093581,neighbor,0.8521316872427983,110.0,0.5011728395061729,614.0,0.620156378600823,338.0,504.0,0.0,0.6594039094650206
stable_compact_capacity,robustness,0.928,0.07199999999999995,32,0.03125,True,equal,rank_average,13,0.006123810577735333,0.07960953751055933,0.5384615384615384,-0.01903519625857858,0.02660916409352153,0.014809670096301995,0.01971773628673628,0.05915320886020884,1.0,0.01656484000523136,0.024656224187956002,0.003536370792437583,0.010835613783064283,0.07584929648144997,0.7142857142857143,-0.01363744901918226,0.02660916409352153,0.014185262817415282,0.006123810577735333,0.07960953751055933,0.5384615384615384,-0.01903519625857858,0.02660916409352153,0.014809670096301995,0.01770550688516603,0.002390227394302209,-0.0022525811975602538,0.0,0.007819917901868367,neighbor,0.7365637860082305,264.0,0.6031440329218106,465.0,0.6198600823045267,339.0,201.0,0.0,0.6590193415637859
stable_compact_current,robustness,0.5365,0.4635,33,0.031758,True,rank,rank_average,13,0.008037232762863613,0.10448402591722696,0.5384615384615384,-0.015882367725228826,0.03625443150899428,0.017613707756629907,0.021608307997265583,0.06482492399179675,1.0,0.007631916754705054,0.03219386193600119,0.01031004755850677,0.01073366783223927,0.07513567482567489,0.5714285714285714,-0.011300722477246922,0.03219386193600119,0.01672493583279958,0.008037232762863613,0.10448402591722696,0.5384615384615384,-0.015882367725228826,0.03625443150899428,0.017613707756629907,0.01583526808749405,0.0029603808183134702,-0.00012149713603171566,0.0,0.007648054032833925,neighbor,0.5960576131687242,461.0,0.6508641975308642,381.0,0.8459588477366254,77.0,384.0,0.0,0.6582057613168724
stable_compact_current,robustness,0.5965,0.40349999999999997,31,0.034758,True,rank,rank_average,13,0.006919462544548565,0.08995301307913134,0.46153846153846156,-0.01608378308859734,0.03895768430265584,0.017916934591648122,0.02326101541731908,0.06978304625195725,1.0,0.013018159369805687,0.0304512320927156,0.00743715722987016,0.009981635100957568,0.06987144570670298,0.5714285714285714,-0.013631726044222775,0.0304512320927156,0.017264416143040404,0.006919462544548565,0.08995301307913134,0.46153846153846156,-0.01608378308859734,0.03895768430265584,0.017916934591648122,0.018554771379907756,0.0017624909843808694,-0.0009020163073059791,0.0,0.008079727048838596,neighbor,0.8227736625514402,148.0,0.48632098765432097,633.0,0.7340905349794239,228.0,485.0,0.0,0.6580674897119341
recent_compact_capacity,robustness,0.065,0.935,32,0.031758,True,rank,rank_average,13,0.003857063325915347,0.050141823236899516,0.6923076923076923,-0.03471729346625582,0.021757890282540847,0.015130662181621476,0.01730905349695155,0.05192716049085465,1.0,0.014492295561681218,0.021757890282540847,0.003182763756254374,0.012072392703729463,0.08450674892610624,1.0,0.0020212000290737706,0.021757890282540847,0.006396086105409777,0.003857063325915347,0.050141823236899516,0.6923076923076923,-0.03471729346625582,0.021757890282540847,0.015130662181621476,0.015648618028617185,0.008548259850720137,-0.008565873055784982,0.0,0.00882128318590319,neighbor,0.6152674897119342,432.0,0.9179465020576132,33.0,0.3258641975308642,928.0,895.0,0.05,0.6580625514403293
stable_compact_current,robustness,0.5365,0.4635,31,0.032758,True,rank,rank_average,13,0.00842089006500353,0.1094715708450459,0.5384615384615384,-0.016723577003612378,0.03833602666097921,0.017687167845426476,0.021418558365980122,0.06425567509794036,1.0,0.006254702829718609,0.03227890530415872,0.011051543430610159,0.010646633238369058,0.0745264326685834,0.5714285714285714,-0.010354167218412369,0.03227890530415872,0.016333389611143636,0.00842089006500353,0.1094715708450459,0.5384615384615384,-0.016723577003612378,0.03833602666097921,0.017687167845426476,0.015272630202415809,0.003223134335222852,-0.0001804115356785341,0.0,0.0075324008014648275,neighbor,0.5744526748971193,488.0,0.6740246913580247,347.0,0.8289218106995885,105.0,383.0,0.0,0.6574304526748971
stable_compact_current,robustness,0.5365,0.4635,33,0.032,True,rank,rank_average,13,0.008015207687854888,0.10419769994211353,0.5384615384615384,-0.015898267782342268,0.03670692074534128,0.017658262338546164,0.021776801900570877,0.06533040570171263,1.0,0.007974238255810383,0.032246118623139156,0.010185412622134588,0.010647236074311103,0.07453065252017772,0.5714285714285714,-0.011526525240307159,0.032246118623139156,0.01678005788526059,0.008015207687854888,0.10419769994211353,0.5384615384615384,-0.015898267782342268,0.03670692074534128,0.017658262338546164,0.016044275707742826,0.0028365998044845367,-0.0001392984476341249,0.0,0.007673285427970054,neighbor,0.6092921810699587,443.0,0.6372839506172839,404.0,0.8421810699588477,87.0,356.0,0.0,0.6568218106995884
stable_compact_current,robustness,0.5365,0.4635,32,0.034758,True,rank,rank_average,13,0.0072487680970440855,0.09423398526157312,0.5384615384615384,-0.016329643788675546,0.03864212383063917,0.018002181824452842,0.023524259336691316,0.07057277801007394,1.0,0.01217086365768432,0.03269600423262717,0.008520174059636242,0.010006594105424019,0.07004615873796813,0.5714285714285714,-0.013853639398950499,0.03269600423262717,0.01768839768055019,0.0072487680970440855,0.09423398526157312,0.5384615384615384,-0.016329643788675546,0.03864212383063917,0.018002181824452842,0.018425212828949877,0.0017034862098665967,-0.0007185230964862633,0.0,0.008028875461546979,neighbor,0.8115884773662552,159.0,0.4806666666666667,640.0,0.7714156378600823,193.0,481.0,0.0,0.6566477366255145
recent_compact_capacity,robustness,0.03,0.97,32,0.03,True,rank,rank_average,13,0.0031065872645237623,0.04038563443880891,0.6923076923076923,-0.03563009469880854,0.021022487323482927,0.015523533477548987,0.017713359548385075,0.05314007864515523,1.0,0.01529135097137932,0.021022487323482927,0.0024223564732602197,0.012080018857523248,0.08456013200266274,1.0,0.0019721777654914886,0.021022487323482927,0.006302184566860017,0.0031065872645237623,0.04038563443880891,0.6923076923076923,-0.03563009469880854,0.021022487323482927,0.015523533477548987,0.01614276076313467,0.008536429411400443,-0.009294868817520584,0.0,0.00890426721775598,neighbor,0.6426502057613168,394.0,0.9156995884773662,36.0,0.24769135802469136,1045.0,1009.0,0.05,0.6562786008230452
stable_compact_current,robustness,0.5215,0.47850000000000004,32,0.032758,True,rank,rank_average,13,0.008240573568440547,0.10712745638972712,0.5384615384615384,-0.01647436804646136,0.038080780450513524,0.017652002255989348,0.02192811229372918,0.06578433688118754,1.0,0.009457339640391683,0.03244660283016296,0.009486309770756651,0.010427979714136268,0.07299585799895388,0.5714285714285714,-0.011610393423678242,0.03244660283016296,0.016554670253401377,0.008240573568440547,0.10712745638972712,0.5384615384615384,-0.01647436804646136,0.038080780450513524,0.017652002255989348,0.016619946088754885,0.002683947178672424,-0.00020095298285959862,0.0,0.007825611718475607,neighbor,0.6494897119341564,376.0,0.6049629629629629,463.0,0.8225761316872428,121.0,342.0,0.0,0.6554156378600823
stable_compact_current,robustness,0.5215,0.47850000000000004,31,0.032758,True,rank,rank_average,13,0.008386968089497982,0.10903058516347376,0.5384615384615384,-0.016723577003612378,0.03833602666097921,0.017484289096628743,0.021117422622223322,0.06335226786666996,1.0,0.007973789429346106,0.03227687324031673,0.010020402721392069,0.010517575062473283,0.07362302543731299,0.5714285714285714,-0.010354167218412369,0.03227687324031673,0.015959616334610353,0.008386968089497982,0.10903058516347376,0.5384615384615384,-0.016723577003612378,0.03833602666097921,0.017484289096628743,0.015668281406351507,0.0031495711749622603,-0.0001997470617166973,0.0,0.007654657532016116,neighbor,0.5860329218106995,474.0,0.6576049382716049,373.0,0.8265761316872428,116.0,358.0,0.0,0.6543218106995885
stable_compact_current,robustness,0.5215,0.47850000000000004,33,0.031758,True,rank,rank_average,13,0.008180022923848408,0.1063402980100293,0.5384615384615384,-0.015882367725228826,0.03625443150899428,0.01738660733185898,0.021185317322358607,0.06355595196707582,1.0,0.008674909898870525,0.03183388601815026,0.009545832469697792,0.010552386114421995,0.07386670280095396,0.5714285714285714,-0.011300722477246922,0.03183388601815026,0.01641101265496287,0.008180022923848408,0.1063402980100293,0.5384615384615384,-0.015882367725228826,0.03625443150899428,0.01738660733185898,0.01593835114037168,0.002857050239157624,-4.010674427038245e-05,0.0,0.007654997052129045,neighbor,0.6023539094650205,453.0,0.6349135802469136,413.0,0.8492427983539094,66.0,387.0,0.0,0.6540390946502058
short_aggressive_wide_capacity,robustness,0.6035,0.39649999999999996,31,0.036,True,rank,rank_average,13,0.005460583056076925,0.07098757972900002,0.5384615384615384,-0.018598016728771725,0.03705999673790959,0.018820319985289997,0.022928140794816237,0.0687844223844487,1.0,0.015349725878928109,0.0356016517278643,0.009018689029482494,0.008977720585739922,0.06284404410017945,0.5714285714285714,-0.011217433623240933,0.0356016517278643,0.01766364095122284,0.005460583056076925,0.07098757972900002,0.5384615384615384,-0.018598016728771725,0.03705999673790959,0.018820319985289997,0.01913444979309153,0.0019869762096308185,-0.0024863516400692844,0.0,0.008174966465560088,neighbor,0.853514403292181,105.0,0.49769135802469133,619.0,0.5842427983539095,383.0,514.0,0.0,0.6530032921810699
stable_compact_current,robustness,0.55,0.44999999999999996,33,0.030758,True,rank,rank_average,13,0.007711268705056862,0.1002464931657392,0.5384615384615384,-0.015036538736994879,0.034246679124910834,0.017600317234661877,0.02178033104980781,0.06534099314942343,1.0,0.00888010588694817,0.03215723892701133,0.00966890473749977,0.010852644972237233,0.07596851480566064,0.5714285714285714,-0.012190540655769896,0.03215723892701133,0.017159410220766037,0.007711268705056862,0.1002464931657392,0.5384615384615384,-0.015036538736994879,0.034246679124910834,0.017600317234661877,0.01634522364108335,0.0027345577891997276,-2.8173082864360924e-05,0.0,0.007764414499143563,neighbor,0.6284526748971192,410.0,0.6152716049382716,445.0,0.8274156378600822,114.0,331.0,0.0,0.6523656378600822
stable_compact_current,robustness,0.5465,0.4535,33,0.030758,True,rank,rank_average,13,0.007696045568740701,0.10004859239362911,0.5384615384615384,-0.015036538736994879,0.034246679124910834,0.017605243720341716,0.02178033104980781,0.06534099314942343,1.0,0.00888010588694817,0.03215723892701133,0.00966890473749977,0.010852644972237233,0.07596851480566064,0.5714285714285714,-0.012190540655769896,0.03215723892701133,0.017159410220766037,0.007696045568740701,0.10004859239362911,0.5384615384615384,-0.015036538736994879,0.034246679124910834,0.017605243720341716,0.01634522364108335,0.0027345577891997276,-3.685027056457254e-05,0.0,0.007763112920988532,neighbor,0.6284526748971192,410.0,0.6152716049382716,445.0,0.826477366255144,117.0,328.0,0.0,0.6522248971193415
recent_compact_capacity,robustness,0.08,0.92,30,0.030758,True,rank,rank_average,13,0.0034984669816323344,0.04548007076122035,0.6923076923076923,-0.0346887824654922,0.02249502314443354,0.015409702668686565,0.017631871950458063,0.052895615851374186,1.0,0.013753566886088933,0.02249502314443354,0.003635996498292088,0.012451551210382805,0.08716085847267964,1.0,0.001673216958502484,0.02249502314443354,0.0069741622708024125,0.0034984669816323344,0.04548007076122035,0.6923076923076923,-0.0346887824654922,0.02249502314443354,0.015409702668686565,0.015588844084170446,0.008649545786224018,-0.008760864341774305,0.0,0.00881370358620284,neighbor,0.6068477366255144,448.0,0.9219465020576132,27.0,0.29660493827160495,973.0,946.0,0.05,0.6521057613168725
recent_compact_capacity,robustness,0.05,0.95,32,0.03,True,rank,rank_average,13,0.003127909922190963,0.040662828988482516,0.6923076923076923,-0.03563009469880854,0.020129502025705057,0.015500730644927138,0.017413648099483082,0.05224094429844924,1.0,0.01494486430543756,0.020129502025705057,0.0021238172881654087,0.012145733481151942,0.08502013436806359,1.0,0.0019721777654914886,0.020129502025705057,0.00624791087339195,0.003127909922190963,0.040662828988482516,0.6923076923076923,-0.03563009469880854,0.020129502025705057,0.015500730644927138,0.015857584637499752,0.008573886746868799,-0.009282714902650278,0.0,0.008808875655693318,neighbor,0.6258353909465021,417.0,0.9203909465020577,30.0,0.24956790123456787,1043.0,1013.0,0.05,0.6519452674897119
stable_compact_current,robustness,0.5215,0.47850000000000004,33,0.032,True,rank,rank_average,13,0.008153004877285503,0.10598906340471154,0.5384615384615384,-0.015898267782342268,0.03670692074534128,0.017453840496871695,0.021394492256745834,0.0641834767702375,1.0,0.008933936789905509,0.03191811404188933,0.009482681936144483,0.01048338908410037,0.07338372358870258,0.5714285714285714,-0.011526525240307159,0.03191811404188933,0.016493501736579205,0.008153004877285503,0.10598906340471154,0.5384615384615384,-0.015898267782342268,0.03670692074534128,0.017453840496871695,0.016143059727013943,0.002743207020064419,-6.075404965867387e-05,0.0,0.007682553942385765,neighbor,0.6167736625514403,427.0,0.6175802469135803,442.0,0.8464032921810699,76.0,366.0,0.0,0.6515810699588477
stable_compact_current,robustness,0.5565,0.4435,33,0.030758,True,rank,rank_average,13,0.007711235386997034,0.10024606003096144,0.5384615384615384,-0.015036538736994879,0.034246679124910834,0.01760033436619454,0.021780186671548556,0.06534056001464567,1.0,0.008879482615946854,0.032157429063234884,0.009669249946010644,0.010852583095840413,0.07596808167088288,0.5714285714285714,-0.012190540655769896,0.032157429063234884,0.01715945418159758,0.007711235386997034,0.10024606003096144,0.5384615384615384,-0.015036538736994879,0.034246679124910834,0.01760033436619454,0.016344935666045137,0.0027345225196535403,-2.819207415846335e-05,0.0,0.007764280589138379,neighbor,0.6273415637860081,414.0,0.614567901234568,447.0,0.8269465020576131,115.0,332.0,0.0,0.6515341563786008
stable_compact_current,robustness,0.5365,0.4635,33,0.030758,True,rank,rank_average,13,0.007695895061242771,0.10004663579615602,0.5384615384615384,-0.015036538736994879,0.034246679124910834,0.017605266565496595,0.02178000267361668,0.06534000802085004,1.0,0.00887908762048759,0.03215727206489852,0.009669369449518551,0.010852504239583892,0.07596752967708724,0.5714285714285714,-0.012190540655769896,0.03215727206489852,0.017159432824002917,0.007695895061242771,0.10004663579615602,0.5384615384615384,-0.015036538736994879,0.034246679124910834,0.017605266565496595,0.016344700438722413,0.0027344775715873234,-3.693605983839281e-05,0.0,0.007762854673727502,neighbor,0.6266008230452674,415.0,0.6140987654320987,448.0,0.8260082304526749,118.0,330.0,0.0,0.6508860082304527
stable_compact_current,robustness,0.5465,0.4535,36,0.031758,True,rank,rank_average,13,0.007737115778447634,0.10058250511981924,0.5384615384615384,-0.014459741717429643,0.034873140595498085,0.017412734387087004,0.022534888082884962,0.06760466424865488,1.0,0.010201315699560964,0.032718538972493494,0.009317473112478096,0.010408256629931853,0.07285779640952297,0.5714285714285714,-0.013147248588441851,0.032718538972493494,0.017295588976321205,0.007737115778447634,0.10058250511981924,0.5384615384615384,-0.014459741717429643,0.034873140595498085,0.017412734387087004,0.017211320388099548,0.0021655428163039163,0.00017690276542490677,0.0,0.007885557837390318,neighbor,0.7007366255144033,312.0,0.5428888888888889,551.0,0.8383292181069958,92.0,459.0,0.0,0.6503440329218106
stable_compact_current,robustness,0.5965,0.40349999999999997,33,0.034758,True,rank,rank_average,13,0.006843079165100219,0.08896002914630285,0.5384615384615384,-0.016248554926998206,0.03827004930487843,0.017826468269196233,0.02308002427475857,0.06924007282427572,1.0,0.013737758881189572,0.03010981509575572,0.006880974260467387,0.009801181950933055,0.06860827365653138,0.5714285714285714,-0.013893701511146758,0.03010981509575572,0.017336481732651537,0.006843079165100219,0.08896002914630285,0.5384615384615384,-0.016248554926998206,0.03827004930487843,0.017826468269196233,0.018689074267404945,0.0015731807847819818,-0.0009230064633407451,0.0,0.00804511009061276,neighbor,0.8294156378600823,136.0,0.4564197530864197,678.0,0.7520082304526748,222.0,542.0,0.0,0.6499563786008231
short_aggressive_wide_capacity,robustness,0.6035,0.39649999999999996,30,0.035,True,rank,rank_average,13,0.005287378092485053,0.0687359152023057,0.5384615384615384,-0.01803056452855733,0.03628309733184232,0.018516937293824066,0.023079983839731675,0.06923995151919503,1.0,0.01604987287804253,0.03628309733184232,0.00934256614033864,0.008977792185827326,0.06284454530079128,0.5714285714285714,-0.011642497291410724,0.03628309733184232,0.017694191687159876,0.005287378092485053,0.0687359152023057,0.5384615384615384,-0.01803056452855733,0.03628309733184232,0.018516937293824066,0.01945204883840109,0.001846746011184608,-0.0023978192432459002,0.0,0.008252182353906625,neighbor,0.8713168724279835,76.0,0.47344444444444445,646.0,0.5804279835390946,393.0,570.0,0.0,0.6486409465020575
recent_compact_capacity,robustness,0.08,0.92,30,0.031758,True,rank,rank_average,13,0.0034899422542910155,0.045369249305783205,0.6923076923076923,-0.03401141728242356,0.02162380305574271,0.015112682258401837,0.017550984711056455,0.052652954133169366,1.0,0.014211151573491482,0.02162380305574271,0.0030702661105865402,0.012153716570634573,0.085076015994442,1.0,0.001511212395368864,0.02162380305574271,0.006883579728110439,0.0034899422542910155,0.045369249305783205,0.6923076923076923,-0.03401141728242356,0.02162380305574271,0.015112682258401837,0.01569374130455437,0.008426318535733432,-0.008542192925946204,0.0,0.00878801092400986,neighbor,0.6128724279835391,436.0,0.9045637860082303,51.0,0.30218518518518517,959.0,908.0,0.05,0.647530452674897
short_aggressive_wide_capacity,robustness,0.6185,0.38149999999999995,30,0.036,True,rank,rank_average,13,0.005357913145360368,0.06965287088968478,0.5384615384615384,-0.019110055796228438,0.03613210974168296,0.018819673638329457,0.02288754254268985,0.06866262762806956,1.0,0.015593925304047879,0.03508003541466019,0.00867664907145766,0.008995636292743598,0.06296945404920519,0.5714285714285714,-0.01129976362337323,0.03508003541466019,0.01770990257268125,0.005357913145360368,0.06965287088968478,0.5384615384615384,-0.019110055796228438,0.03613210974168296,0.018819673638329457,0.019191894599669013,0.001970019262579255,-0.002713846381438437,0.0,0.008156189550812504,neighbor,0.8521316872427983,110.0,0.4938641975308642,621.0,0.5601069958847736,456.0,511.0,0.0,0.6471076131687242
recent_compact_capacity,robustness,0.045,0.955,33,0.031758,True,rank,rank_average,13,0.0032883538337075023,0.04274859983819753,0.6923076923076923,-0.03286295842641447,0.022052620291068484,0.01498678582547093,0.017458599217853196,0.05237579765355959,1.0,0.014204524139214691,0.022052620291068484,0.003341132019088974,0.011962495715650279,0.08373747000955195,1.0,0.0019397012517756746,0.022052620291068484,0.006492426575548902,0.0032883538337075023,0.04274859983819753,0.6923076923076923,-0.03286295842641447,0.022052620291068484,0.01498678582547093,0.01563889452011717,0.00845872397100663,-0.008278106903195808,0.0,0.00882026755952048,neighbor,0.6088477366255144,444.0,0.9104156378600823,45.0,0.2852469135802469,990.0,945.0,0.05,0.6460131687242797
stable_compact_current,robustness,0.5965,0.40349999999999997,32,0.034758,True,rank,rank_average,13,0.006807230875163063,0.08849400137711981,0.46153846153846156,-0.016329643788675546,0.03864212383063917,0.01787472864298578,0.023077245409111238,0.06923173622733371,1.0,0.013388531344072602,0.030137294763498662,0.007085792246495489,0.009815016707889701,0.06870511695522791,0.5714285714285714,-0.013853639398950499,0.030137294763498662,0.017267178560569873,0.006807230875163063,0.08849400137711981,0.46153846153846156,-0.016329643788675546,0.03864212383063917,0.01787472864298578,0.018572245226737366,0.0015942870932720355,-0.001047122389881523,0.0,0.007989258924185135,neighbor,0.8241316872427983,143.0,0.46377777777777773,668.0,0.7174732510288067,239.0,525.0,0.0,0.6459736625514404
stable_compact_current,robustness,0.5465,0.4535,36,0.032,True,rank,rank_average,13,0.007634068351930071,0.09924288857509092,0.5384615384615384,-0.014549894086082224,0.035084459421987034,0.017418052399432886,0.022549055632256856,0.06764716689677057,1.0,0.010490417760107337,0.03260677513207643,0.009139149179973249,0.010302503427217304,0.07211752399052113,0.5714285714285714,-0.013301017332498409,0.03260677513207643,0.01730606078009097,0.007634068351930071,0.09924288857509092,0.5384615384615384,-0.014549894086082224,0.035084459421987034,0.017418052399432886,0.01731479957122183,0.0020545198052179586,8.841545065454515e-05,0.0,0.007863716058434994,neighbor,0.7096255144032921,304.0,0.5280246913580247,568.0,0.8282304526748971,109.0,459.0,0.0,0.6456958847736626
recent_compact_capacity,robustness,0.055,0.945,33,0.031758,True,rank,rank_average,13,0.003498218471883024,0.045476840134479314,0.6923076923076923,-0.03286295842641447,0.021451176393399912,0.014722217715881378,0.01712565179741432,0.05137695539224296,1.0,0.014204524126422306,0.021451176393399912,0.003120655947267228,0.011901676860245899,0.08331173802172129,1.0,0.0019397012517756746,0.021451176393399912,0.006365108602530951,0.003498218471883024,0.045476840134479314,0.6923076923076923,-0.03286295842641447,0.021451176393399912,0.014722217715881378,0.015449114486245523,0.008424057223426134,-0.00815848405943576,0.0,0.008746698936124606,neighbor,0.6003292181069958,457.0,0.9080699588477366,46.0,0.3091728395061728,952.0,906.0,0.05,0.6451390946502057
short_aggressive_wide_capacity,robustness,0.6,0.4,30,0.035,True,rank,rank_average,13,0.005300697591909196,0.06890906869481955,0.5384615384615384,-0.01803056452855733,0.03568781986037015,0.01850229843160719,0.022881558015907622,0.06864467404772287,1.0,0.01604987287804253,0.03568781986037015,0.009062152633800285,0.009002528399043594,0.06301769879330515,0.5714285714285714,-0.011642497291410724,0.03568781986037015,0.017660553258711943,0.005300697591909196,0.06890906869481955,0.5384615384615384,-0.01803056452855733,0.03568781986037015,0.01850229843160719,0.01933894611882138,0.0018608456527178807,-0.0023902271285741387,0.0,0.008214424921965478,rounded,0.8579465020576131,98.0,0.47579012345679006,643.0,0.5827736625514404,388.0,545.0,0.0,0.6447002057613169
stable_compact_current,robustness,0.5215,0.47850000000000004,31,0.034758,True,rank,rank_average,13,0.007259081860959997,0.09436806419247996,0.5384615384615384,-0.01608378308859734,0.03895768430265584,0.017809555287365553,0.023035717862801165,0.0691071535884035,1.0,0.012112577838859506,0.031696861068057296,0.008153670323078111,0.009885079006164175,0.06919555304314923,0.5714285714285714,-0.013631726044222775,0.031696861068057296,0.01732904124580142,0.007259081860959997,0.09436806419247996,0.5384615384615384,-0.01608378308859734,0.03895768430265584,0.017809555287365553,0.0181275098686203,0.0017074540103486347,-0.0006315102200283857,0.0,0.007924631719100747,neighbor,0.7813415637860082,200.0,0.4769382716049383,641.0,0.7828724279835391,181.0,460.0,0.0,0.6445897119341564
stable_extra_wide_capacity,robustness,0.26,0.74,46,0.03,False,equal,rank_average,13,0.005869144225587304,0.07629887493263494,0.6923076923076923,-0.023449085755843327,0.027633806328675792,0.017076228725420396,0.017548077229820117,0.05264423168946035,1.0,0.012145611952506994,0.023841780608454974,0.004816348500820283,0.014386803242435726,0.10070762269705008,0.8571428571428571,-0.01271536593474114,0.027633806328675792,0.013110341930099596,0.005869144225587304,0.07629887493263494,0.6923076923076923,-0.023449085755843327,0.027633806328675792,0.017076228725420396,0.015010455965324774,0.004861549946866644,-0.0037004783985358424,0.0,0.007636808102439522,neighbor,0.5602551440329218,506.0,0.7468971193415638,206.0,0.5620123456790123,449.0,300.0,0.0,0.6445076131687242
stable_compact_current,robustness,0.5215,0.47850000000000004,33,0.030758,True,rank,rank_average,13,0.008005518221785175,0.10407173688320727,0.5384615384615384,-0.015036538736994879,0.034246679124910834,0.017361054435101664,0.021254373211261186,0.06376311963378356,1.0,0.009375018557852569,0.03144329239222842,0.009088283907394749,0.010627234470002968,0.07439064129002078,0.5714285714285714,-0.012190540655769896,0.03149013992835167,0.01687954926332673,0.008005518221785175,0.10407173688320727,0.5384615384615384,-0.015036538736994879,0.034246679124910834,0.017361054435101664,0.01620874885451022,0.0026060738029261964,0.0001395491416707773,0.0,0.007677165124371494,neighbor,0.6177366255144032,425.0,0.5934567901234568,473.0,0.8494650205761317,65.0,408.0,0.0,0.6415699588477366
short_aggressive_wide_capacity,robustness,0.6185,0.38149999999999995,30,0.037,True,rank,rank_average,13,0.005481073519758929,0.07125395575686608,0.5384615384615384,-0.019557045724189828,0.038236328751526036,0.019133364038138447,0.02296445369154895,0.06889336107464684,1.0,0.015887003960827747,0.03438107845097873,0.008149806859025941,0.0090485946399245,0.06334016247947151,0.5714285714285714,-0.011756090519548503,0.03438107845097873,0.01747843839090952,0.005481073519758929,0.07125395575686608,0.5384615384615384,-0.019557045724189828,0.038236328751526036,0.019133364038138447,0.01933244991125606,0.0018496176447345303,-0.0027911516442585163,0.0,0.008146635157994185,neighbor,0.861366255144033,90.0,0.4727283950617285,649.0,0.5603045267489711,455.0,559.0,0.0,0.6413199588477367
stable_extra_wide_capacity,robustness,0.3,0.7,47,0.03,False,equal,rank_average,13,0.007557605360451871,0.09824886968587432,0.7692307692307693,-0.02380895115586534,0.027763307338212896,0.014858642560139957,0.01625435943879491,0.048763078316384725,1.0,0.011468982826730704,0.023222992064800246,0.005040776290014838,0.013810622668785116,0.0966743586814958,0.8571428571428571,-0.012522318318158475,0.027763307338212896,0.012986760707434309,0.007557605360451871,0.09824886968587432,0.7692307692307693,-0.02380895115586534,0.027763307338212896,0.014858642560139957,0.01404974921293423,0.004596832733358075,-0.002779888056747228,0.0,0.007271491206672742,neighbor,0.5077860082304526,578.0,0.7488600823045267,197.0,0.6744897119341564,273.0,381.0,0.0,0.6412748971193416
stable_compact_current,robustness,0.5215,0.47850000000000004,32,0.034758,True,rank,rank_average,13,0.007156266468898404,0.09303146409567925,0.5384615384615384,-0.016329643788675546,0.03864212383063917,0.01783167807468197,0.023044574521605982,0.06913372356481795,1.0,0.012668907019405852,0.03176113813160363,0.007882165163804267,0.00980101489895888,0.06860710429271216,0.5714285714285714,-0.013853639398950499,0.03176113813160363,0.017403819420458534,0.007156266468898404,0.09303146409567925,0.5384615384615384,-0.016329643788675546,0.03864212383063917,0.01783167807468197,0.018316146793719342,0.0015863060621814672,-0.0007712490245293016,0.0,0.007924609091790002,neighbor,0.796477366255144,176.0,0.4600246913580247,675.0,0.7667242798353909,199.0,499.0,0.0,0.6406106995884773
stable_extra_wide_capacity,robustness,0.295,0.7050000000000001,47,0.03,False,equal,rank_average,13,0.007449706854460402,0.09684618910798523,0.7692307692307693,-0.02380895115586534,0.027763307338212896,0.014892105798321769,0.01625435943879491,0.048763078316384725,1.0,0.011468982826730704,0.023222992064800246,0.005040776290014838,0.013810622668785116,0.0966743586814958,0.8571428571428571,-0.012522318318158475,0.027763307338212896,0.012986760707434309,0.007449706854460402,0.09684618910798523,0.7692307692307693,-0.02380895115586534,0.027763307338212896,0.014892105798321769,0.01404974921293423,0.004596832733358075,-0.0028413902051623646,0.0,0.0072622658844104715,neighbor,0.5077860082304526,578.0,0.7488600823045267,197.0,0.6679218106995884,278.0,381.0,0.0,0.6402897119341564
stable_compact_current,robustness,0.5365,0.4635,33,0.034758,True,rank,rank_average,13,0.007054082054635946,0.09170306671026729,0.5384615384615384,-0.016248554926998206,0.03827004930487843,0.017933110126770024,0.023187934135166066,0.0695638024054982,1.0,0.01209028360018222,0.03208101995798555,0.008308728912390479,0.009847429033964836,0.06893200323775385,0.5714285714285714,-0.013893701511146758,0.03208101995798555,0.017637436525589453,0.007054082054635946,0.09170306671026729,0.5384615384615384,-0.016248554926998206,0.03827004930487843,0.017933110126770024,0.01820691604510479,0.001599541622110097,-0.0008027348163053815,0.0,0.007882149925545652,neighbor,0.7920576131687243,187.0,0.46204938271604934,672.0,0.7632674897119341,206.0,485.0,0.0,0.6392353909465021
recent_compact_capacity,robustness,0.05,0.95,33,0.031758,True,rank,rank_average,13,0.00322286752997687,0.04189727788969931,0.6923076923076923,-0.03286295842641447,0.021451176360156664,0.01491255881076575,0.016996223245119537,0.050988669735358615,1.0,0.014204524130979522,0.021451176360156664,0.003183635504292191,0.011846207480690993,0.08292345236483695,1.0,0.0019397012517756746,0.021451176360156664,0.006333192664829364,0.00322286752997687,0.04189727788969931,0.6923076923076923,-0.03286295842641447,0.021451176360156664,0.01491255881076575,0.015375340212941378,0.008392439677079838,-0.00831543409632227,0.0,0.008679418825414138,neighbor,0.5977860082304527,459.0,0.9057242798353908,49.0,0.27774074074074073,1006.0,957.0,0.05,0.6383514403292181
stable_compact_current,robustness,0.5465,0.4535,36,0.032758,True,rank,rank_average,13,0.007361572542654626,0.09570044305451014,0.5384615384615384,-0.014938171700022707,0.03577181864559338,0.01748698435283806,0.022661554679041306,0.06798466403712392,1.0,0.011320954852020587,0.03218778731800861,0.008614914219372377,0.010038797730508942,0.07027158411356259,0.5714285714285714,-0.013698038674400385,0.03218778731800861,0.01737551133138032,0.007361572542654626,0.09570044305451014,0.5384615384615384,-0.014938171700022707,0.03577181864559338,0.01748698435283806,0.01765300126822034,0.0017731905152665402,-0.00019503877323281819,0.0,0.007829880423173157,neighbor,0.7425390946502057,254.0,0.4877283950617284,630.0,0.8092181069958847,143.0,487.0,0.0,0.6378761316872427
stable_compact_current,robustness,0.5365,0.4635,33,0.032758,True,rank,rank_average,13,0.007738803725211957,0.10060444842775544,0.5384615384615384,-0.015877649871985006,0.03723558139237644,0.01769754009759464,0.022232257803975492,0.06669677341192648,1.0,0.00896135649574071,0.03215805665669958,0.00976094283075001,0.01038988549930875,0.07272919849516125,0.5714285714285714,-0.012488480027628757,0.03215805665669958,0.017097965326467592,0.007738803725211957,0.10060444842775544,0.5384615384615384,-0.015877649871985006,0.03723558139237644,0.01769754009759464,0.016629634591860464,0.0023724648969170687,-0.0002900447959226976,0.0,0.007675956320968463,neighbor,0.65719341563786,366.0,0.558395061728395,527.0,0.8244032921810699,119.0,408.0,0.0,0.6378156378600822
short_aggressive_wide_capacity,robustness,0.5935,0.4065,32,0.035,True,rank,rank_average,13,0.005314404128428107,0.06908725366956539,0.5384615384615384,-0.01766792940618941,0.035472786617475535,0.018658235876925378,0.022400505825693518,0.06720151747708056,1.0,0.015507787507818078,0.034691297089273265,0.008712296046806655,0.009004539443824339,0.06303177610677037,0.5714285714285714,-0.011528623662364623,0.034691297089273265,0.017908745720573535,0.005314404128428107,0.06908725366956539,0.5384615384615384,-0.01766792940618941,0.035472786617475535,0.018658235876925378,0.01888585819822527,0.0018995702458281187,-0.0022627448123769467,0.0,0.00806973816805622,neighbor,0.8262551440329218,141.0,0.48277777777777775,637.0,0.5983786008230453,361.0,496.0,0.0,0.6375088477366255
short_aggressive_wide_capacity,robustness,0.6,0.4,31,0.035,True,rank,rank_average,13,0.0053681067899452655,0.06978538826928846,0.5384615384615384,-0.017780689565609086,0.035479067073195994,0.01849494849954712,0.022723415052302774,0.06817024515690832,1.0,0.015715870081759464,0.035479067073195994,0.009034251115515634,0.008947264103837694,0.06263084872686385,0.5714285714285714,-0.01170070806004156,0.035479067073195994,0.017768975027964238,0.0053681067899452655,0.06978538826928846,0.5384615384615384,-0.017780689565609086,0.035479067073195994,0.01849494849954712,0.019138583706793205,0.001810135450802342,-0.0022693451479206595,0.0,0.008129592663390238,neighbor,0.8449711934156378,117.0,0.46364197530864193,670.0,0.5960205761316872,365.0,553.0,0.0,0.636030452674897
stable_extra_wide_capacity,robustness,0.335,0.665,46,0.03,False,equal,rank_average,13,0.007690190642278418,0.09997247834961943,0.7692307692307693,-0.023361267771716737,0.027633806328675792,0.01539056175538739,0.017107829255750624,0.051323487767251874,1.0,0.012439161250530666,0.02428615216917939,0.005151800609195375,0.01341023455566137,0.09387164188962958,0.8571428571428571,-0.015677753245923954,0.027633806328675792,0.014110643307691906,0.007690190642278418,0.09997247834961943,0.7692307692307693,-0.023361267771716737,0.027633806328675792,0.01539056175538739,0.014856385888452974,0.003327317982714932,-0.0025565789293370564,0.0,0.007056360608202351,neighbor,0.5551934156378601,513.0,0.6894650205761317,323.0,0.6864156378600823,268.0,245.0,0.0,0.6352989711934156
stable_compact_current,robustness,0.55,0.44999999999999996,36,0.031758,True,rank,rank_average,13,0.0076554457988294005,0.0995207953847822,0.5384615384615384,-0.014459741717429643,0.034873140595498085,0.017310091212588412,0.022217140113667728,0.06665142034100319,1.0,0.010201315699560964,0.031765295064841804,0.008974718043863824,0.010272078928838755,0.07190455250187128,0.5714285714285714,-0.013147248588441851,0.031765295064841804,0.017122276084539624,0.0076554457988294005,0.0995207953847822,0.5384615384615384,-0.014459741717429643,0.034873140595498085,0.017310091212588412,0.017030204045645723,0.0020879215266808504,0.00013035087704251424,0.0,0.0077711989368210495,neighbor,0.6805637860082304,337.0,0.5288148148148148,567.0,0.8326995884773661,100.0,467.0,0.0,0.6350971193415638
recent_compact_capacity,robustness,0.065,0.935,30,0.03,True,rank,rank_average,13,0.0036272870822744324,0.04715473206956762,0.6923076923076923,-0.03667998629702052,0.021903646396701976,0.01619838932470469,0.016671938456709934,0.05001581537012981,1.0,0.012831075571300862,0.021903646396701976,0.0038322076161461886,0.012583768053013342,0.0880863763710934,1.0,0.0018638376127425131,0.021903646396701976,0.007081139375108547,0.0036272870822744324,0.04715473206956762,0.6923076923076923,-0.03667998629702052,0.021903646396701976,0.01619838932470469,0.014737259858853949,0.008787814202422634,-0.009344534148812653,0.0,0.008447740212309866,neighbor,0.5592427983539094,507.0,0.9270082304526748,22.0,0.2903086419753086,982.0,960.0,0.05,0.6343971193415636
stable_extra_wide_capacity,robustness,0.285,0.7150000000000001,47,0.03,False,equal,rank_average,13,0.007037230547897403,0.09148399712266624,0.6923076923076923,-0.02380895115586534,0.027763307338212896,0.01518458634201909,0.01625435943879491,0.048763078316384725,1.0,0.0114689828267307,0.023222992064800246,0.005040776290014839,0.013803711834361649,0.09662598284053155,0.8571428571428571,-0.012522318318158475,0.027763307338212896,0.012990554073506164,0.007037230547897403,0.09148399712266624,0.6923076923076923,-0.02380895115586534,0.027763307338212896,0.01518458634201909,0.01404974921293423,0.0045928935577367,-0.0031534247768263517,0.0,0.007213688069631255,neighbor,0.5072427983539094,581.0,0.7481563786008231,200.0,0.631,327.0,381.0,0.0,0.6342174897119341
stable_extra_wide_capacity,robustness,0.285,0.7150000000000001,48,0.03,False,equal,rank_average,13,0.006702143843899926,0.08712786997069905,0.7692307692307693,-0.022635024667904787,0.025848078553306585,0.014899147011438914,0.016002276572967034,0.0480068297189011,1.0,0.012115681983299292,0.02211225357828625,0.004373437468635412,0.013329291029174403,0.09330503720422081,0.8571428571428571,-0.012729610700690178,0.025848078553306585,0.012594339676285898,0.006702143843899926,0.08712786997069905,0.7692307692307693,-0.022635024667904787,0.025848078553306585,0.014899147011438914,0.014119472701079976,0.004254067212544507,-0.002880105380154853,0.0,0.007130103519053792,neighbor,0.5146748971193416,562.0,0.735119341563786,233.0,0.6473292181069958,306.0,329.0,0.0,0.6337730452674897
stable_extra_wide_capacity,robustness,0.26,0.74,45,0.03,False,equal,rank_average,13,0.005080322410243774,0.06604419133316906,0.6923076923076923,-0.02382467373488916,0.02595139237794132,0.016023432440599752,0.017381661949435915,0.05214498584830775,1.0,0.01404203704175427,0.023978906873918182,0.004665076751475612,0.012119107754786482,0.08483375428350537,0.8571428571428571,-0.01312124576846281,0.02595139237794132,0.011936884889052146,0.005080322410243774,0.06604419133316906,0.6923076923076923,-0.02382467373488916,0.02595139237794132,0.016023432440599752,0.015541419534957381,0.003435023173778424,-0.004274050866366781,0.0,0.0071212206122282275,neighbor,0.604798353909465,451.0,0.703835390946502,291.0,0.49935802469135804,589.0,298.0,0.0,0.6335489711934157
short_aggressive_wide_capacity,robustness,0.6435,0.35650000000000004,30,0.036,True,rank,rank_average,13,0.005400857007375225,0.07021114109587792,0.5384615384615384,-0.01917785911579025,0.03750881266568547,0.01898177777861066,0.022847756712866273,0.06854327013859882,1.0,0.015773259698608835,0.03478134353062849,0.008486651402061353,0.00872775106603431,0.06109425746224017,0.5714285714285714,-0.01129976362337323,0.03478134353062849,0.017916923058136202,0.005400857007375225,0.07021114109587792,0.5384615384615384,-0.01917785911579025,0.03750881266568547,0.01898177777861066,0.01922839702687469,0.0018173246833549617,-0.002711743475545367,0.0,0.008102393396927804,neighbor,0.8516872427983538,112.0,0.4629012345679012,671.0,0.5615637860082304,451.0,559.0,0.0,0.6332150205761317
stable_compact_current,robustness,0.5215,0.47850000000000004,33,0.032758,True,rank,rank_average,13,0.007865084388057634,0.10224609704474924,0.5384615384615384,-0.015877649871985006,0.03723558139237644,0.017543691601152565,0.02194760599212368,0.06584281797637104,1.0,0.009722014094681042,0.0319066593224078,0.00919755470319286,0.010267891865657975,0.07187524305960583,0.5714285714285714,-0.012488480027628757,0.0319066593224078,0.016878782696845476,0.007865084388057634,0.10224609704474924,0.5384615384615384,-0.015877649871985006,0.03723558139237644,0.017543691601152565,0.01671840006675524,0.0023029285257361266,-0.00021806481810066178,0.0,0.007690968140568255,neighbor,0.6554403292181069,367.0,0.5452592592592592,546.0,0.834724279835391,98.0,448.0,0.0,0.6327514403292182
stable_compact_current,robustness,0.5465,0.4535,36,0.030758,True,rank,rank_average,13,0.008004201402616826,0.10405461823401874,0.5384615384615384,-0.014297314717839002,0.03416898172948568,0.017252622290914194,0.02163414068928751,0.06490242206786252,1.0,0.008984929899631657,0.031946486563987256,0.009518542407170958,0.010390927501641155,0.07273649251148809,0.5714285714285714,-0.012436627917239942,0.031946486563987256,0.016818866292288338,0.008004201402616826,0.10405461823401874,0.5384615384615384,-0.014297314717839002,0.03416898172948568,0.017252622290914194,0.016296487059772324,0.0023901700346748477,0.00038274248106625784,0.0,0.0076515827116725495,neighbor,0.6253045267489712,419.0,0.5629382716049383,518.0,0.8612921810699589,39.0,479.0,0.0,0.6326378600823046
recent_compact_capacity,robustness,0.055,0.945,33,0.033758,True,rank,rank_average,13,0.0030836426641299335,0.040087354633689135,0.6923076923076923,-0.03285403829766765,0.021367014967997526,0.014966109291538217,0.016455332312301296,0.04936599693690388,1.0,0.013965120770917001,0.021367014967997526,0.0034731974887970214,0.011478095667898671,0.0803466696752907,1.0,0.002407203936663887,0.021367014967997526,0.0066687469440342186,0.0030836426641299335,0.040087354633689135,0.6923076923076923,-0.03285403829766765,0.021367014967997526,0.014966109291538217,0.014988029272414348,0.008336891829801324,-0.008391848627368572,0.0,0.00848803573827105,neighbor,0.5781563786008229,481.0,0.913156378600823,39.0,0.26443209876543206,1028.0,989.0,0.05,0.6318477366255143
stable_compact_current,robustness,0.55,0.44999999999999996,36,0.032,True,rank,rank_average,13,0.007555798213921142,0.09822537678097484,0.5384615384615384,-0.014549894086082224,0.035084459421987034,0.017319154763720705,0.02224277847192538,0.06672833541577614,1.0,0.010490417760107337,0.031687943651082,0.008806290910255952,0.010171241787075241,0.07119869250952669,0.5714285714285714,-0.013301017332498409,0.031687943651082,0.01713907018659214,0.007555798213921142,0.09822537678097484,0.5384615384615384,-0.014549894086082224,0.035084459421987034,0.017319154763720705,0.017140221589832888,0.001979700670336983,4.380147198945544e-05,0.0,0.007753524158383217,neighbor,0.691798353909465,317.0,0.5144197530864197,595.0,0.8230699588477366,120.0,475.0,0.0,0.6316687242798354
recent_compact_capacity,robustness,0.03,0.97,33,0.030758,True,rank,rank_average,13,0.003206979291308,0.041690730787004,0.6923076923076923,-0.03169379047372128,0.022294473684227788,0.014466993586943354,0.017284466892147802,0.05185340067644341,1.0,0.01380607177088308,0.022294473684227788,0.0036306672934188155,0.011608635169153213,0.0812604461840725,1.0,0.0016257707549669725,0.022294473684227788,0.006365836812351123,0.003206979291308,0.041690730787004,0.6923076923076923,-0.03169379047372128,0.022294473684227788,0.014466993586943354,0.015408149812915661,0.008153426395556431,-0.007938664967974771,0.0,0.008641502057970443,neighbor,0.5964032921810699,460.0,0.8894773662551441,63.0,0.2838641975308642,993.0,930.0,0.05,0.6314057613168724
recent_compact_capacity,robustness,0.045,0.955,30,0.03,True,rank,rank_average,13,0.0029122639203968312,0.037859430965158807,0.6923076923076923,-0.03667998629702052,0.02146075181384545,0.016386692772501373,0.016813060221912493,0.05043918066573748,1.0,0.013351049659493557,0.02146075181384545,0.0034152790892192104,0.01255736001124416,0.08790152007870912,1.0,0.0018638376127425131,0.02146075181384545,0.006949295787300883,0.0029122639203968312,0.037859430965158807,0.6923076923076923,-0.03667998629702052,0.02146075181384545,0.016386692772501373,0.014989290714122996,0.0087727616186142,-0.009752097351082884,0.0,0.008480644411363156,neighbor,0.5799588477366255,480.0,0.9265390946502057,23.0,0.21290123456790122,1087.0,1064.0,0.05,0.630861316872428
recent_compact_capacity,robustness,0.055,0.945,32,0.033758,True,rank,rank_average,13,0.0030801604083250675,0.04004208530822588,0.6923076923076923,-0.03311003130318351,0.02099508062458172,0.01493768910119522,0.01643389523427376,0.04930168570282128,1.0,0.01399839035282293,0.02099508062458172,0.0032277243695863446,0.011441327145776595,0.08008929002043616,1.0,0.0026423214381198204,0.02099508062458172,0.006617484524324715,0.0030801604083250675,0.04004208530822588,0.6923076923076923,-0.03311003130318351,0.02099508062458172,0.01493768910119522,0.014986789099967611,0.0083935225476722,-0.00847831120499758,0.0,0.008500054105689898,neighbor,0.5779094650205762,482.0,0.913156378600823,39.0,0.2569753086419753,1034.0,995.0,0.05,0.630630452674897
stable_compact_current,robustness,0.5715,0.4285,36,0.031758,True,rank,rank_average,13,0.007760883854523061,0.1008914901087998,0.5384615384615384,-0.014459741717429643,0.034873140595498085,0.017244600421462582,0.022078484752495773,0.06623545425748732,1.0,0.010317925677430836,0.031232719003456068,0.008735057404281725,0.010212655202622201,0.07148858641835541,0.5714285714285714,-0.013147248588441851,0.031232719003456068,0.017027577786428744,0.007760883854523061,0.1008914901087998,0.5384615384615384,-0.014459741717429643,0.034873140595498085,0.017244600421462582,0.016989651782474767,0.0020540500027374153,0.000190450568787901,0.0,0.0077487507995399295,neighbor,0.6741810699588477,346.0,0.5208395061728395,579.0,0.8402057613168724,89.0,490.0,0.0,0.6300810699588477
stable_compact_current,robustness,0.5965,0.40349999999999997,30,0.034758,True,rank,rank_average,13,0.006737552627136752,0.08758818415277778,0.46153846153846156,-0.016241846589600394,0.039018383743983254,0.0179891194884713,0.023126805219846513,0.06938041565953953,1.0,0.012191590327542159,0.03053615376265069,0.007893227140702485,0.009751919470849238,0.06826343629594467,0.5714285714285714,-0.013670073784673928,0.03053615376265069,0.017281646901744805,0.006737552627136752,0.08758818415277778,0.46153846153846156,-0.016241846589600394,0.039018383743983254,0.0179891194884713,0.018205503783401425,0.0016188983208702396,-0.00105786591556172,0.0,0.00785202587041792,neighbor,0.7905514403292181,189.0,0.45772839506172835,676.0,0.7187325102880658,237.0,487.0,0.0,0.6300082304526748
stable_extra_wide_capacity,robustness,0.275,0.725,47,0.03,False,equal,rank_average,13,0.006323982498747587,0.08221177248371864,0.6923076923076923,-0.02380895115586534,0.027763307338212896,0.015831029787991696,0.01625435943879491,0.048763078316384725,1.0,0.0114689828267307,0.023222992064800246,0.005040776290014839,0.013840170124999152,0.09688119087499407,0.8571428571428571,-0.012522318318158475,0.027763307338212896,0.012970778716814887,0.006323982498747587,0.08221177248371864,0.6923076923076923,-0.02380895115586534,0.027763307338212896,0.015831029787991696,0.01404974921293423,0.0046136747834000765,-0.0035599761648417464,0.0,0.007162056912977465,neighbor,0.5072427983539094,581.0,0.7500329218106996,196.0,0.5972222222222221,363.0,385.0,0.0,0.6299952674897119
recent_compact_capacity,robustness,0.065,0.935,33,0.031758,True,rank,rank_average,13,0.0037937222486606323,0.04931838923258822,0.6923076923076923,-0.03286295842641447,0.021451176359410747,0.014512581908122772,0.01647810194922519,0.049434305847675566,1.0,0.013128274670161522,0.021451176359410747,0.0035864440670157296,0.011662887785694687,0.0816402144998628,1.0,0.0019397012517756746,0.021451176359410747,0.00627294112053257,0.0037937222486606323,0.04931838923258822,0.6923076923076923,-0.03286295842641447,0.021451176359410747,0.014512581908122772,0.01472484875221166,0.008287947450931945,-0.007990046906672524,0.0,0.008421008817803161,neighbor,0.5624526748971194,501.0,0.8977489711934155,56.0,0.3349753086419753,921.0,865.0,0.05,0.629214403292181
stable_compact_current,robustness,0.5215,0.47850000000000004,33,0.034758,True,rank,rank_average,13,0.007034359552678757,0.09144667418482384,0.5384615384615384,-0.016248554926998206,0.03827004930487843,0.017797937745189674,0.02285323111712473,0.0685596933513742,1.0,0.012598890337135297,0.03147851997023911,0.007793179129047589,0.009703984883375694,0.06792789418362986,0.5714285714285714,-0.013893701511146758,0.03147851997023911,0.017427611776373517,0.007034359552678757,0.09144667418482384,0.5384615384615384,-0.016248554926998206,0.03827004930487843,0.017797937745189674,0.018183975548015745,0.0015177784562742864,-0.0008139766424209788,0.0,0.007834494028166581,neighbor,0.7831687242798354,198.0,0.4451604938271605,699.0,0.7613909465020575,209.0,501.0,0.0,0.627798353909465
recent_compact_capacity,robustness,0.08,0.92,30,0.03,True,rank,rank_average,13,0.003016941974875074,0.03922024567337596,0.6923076923076923,-0.03667998629702052,0.022645511481306314,0.015876098410737227,0.017049202211963668,0.051147606635891005,1.0,0.0131000173125312,0.022645511481306314,0.00406725777799522,0.012253166561784398,0.08577216593249079,1.0,0.0018638376127425131,0.022645511481306314,0.00690068129519895,0.003016941974875074,0.03922024567337596,0.6923076923076923,-0.03667998629702052,0.022645511481306314,0.015876098410737227,0.015041050973954587,0.008599371352422135,-0.009692430860030287,0.0,0.008432272869167253,neighbor,0.5754403292181071,487.0,0.9190329218106994,31.0,0.22650617283950616,1075.0,1044.0,0.05,0.6277168724279835
stable_compact_current,robustness,0.5365,0.4635,30,0.034758,True,rank,rank_average,13,0.007298183131890312,0.09487638071457405,0.5384615384615384,-0.016241846589600394,0.039018383743983254,0.01796019249212137,0.023182993585189427,0.06954898075556828,1.0,0.01088441151555939,0.0320118976706622,0.008967410134995291,0.009776000198853342,0.06843200139197339,0.5714285714285714,-0.013670073784673928,0.0320118976706622,0.01752319261920311,0.007298183131890312,0.09487638071457405,0.5384615384615384,-0.016241846589600394,0.039018383743983254,0.01796019249212137,0.017806162143692572,0.0016326243358325795,-0.0006613834509291144,0.0,0.007757938290962323,neighbor,0.7563539094650206,236.0,0.4619506172839506,673.0,0.7787736625514403,183.0,490.0,0.0,0.6272353909465022
recent_compact_capacity,robustness,0.045,0.955,33,0.030758,True,rank,rank_average,13,0.0031535706657771084,0.04099641865510241,0.6923076923076923,-0.03169379047372128,0.02284266663392715,0.014556094352985386,0.01727239262215622,0.05181717786646866,1.0,0.013220855408419226,0.02284266663392715,0.004072242126978238,0.011603413980889626,0.08122389786622738,1.0,0.0016257707549669725,0.02284266663392715,0.006474778619929799,0.0031535706657771084,0.04099641865510241,0.6923076923076923,-0.03169379047372128,0.02284266663392715,0.014556094352985386,0.01520814607940739,0.008150450318246186,-0.00796910788452738,0.0,0.008555594892294634,neighbor,0.5854156378600822,475.0,0.8890082304526747,64.0,0.27917283950617283,1000.0,936.0,0.05,0.6260958847736624
stable_compact_current,robustness,0.5715,0.4285,36,0.032,True,rank,rank_average,13,0.007657429920233165,0.09954658896303115,0.5384615384615384,-0.014549894086082224,0.035084459421987034,0.017254529523668953,0.022109128616069187,0.06632738584820756,1.0,0.010602818078436,0.031174593765184756,0.008573905503890379,0.010113963277422588,0.07079774294195812,0.5714285714285714,-0.013301017332498409,0.031174593765184756,0.017048116118119298,0.007657429920233165,0.09954658896303115,0.5384615384615384,-0.014549894086082224,0.035084459421987034,0.017254529523668953,0.017101133277043316,0.001947051919834971,0.00010173154458730882,0.0,0.00773188640643116,neighbor,0.6854156378600823,330.0,0.5055061728395062,607.0,0.8296378600823046,102.0,505.0,0.0,0.6260897119341564
recent_compact_capacity,robustness,0.065,0.935,33,0.033758,True,rank,rank_average,13,0.00341345053565431,0.04437485696350603,0.6923076923076923,-0.03285403829766765,0.021635032624815892,0.01471740529331137,0.016232686824914012,0.04869806047474204,1.0,0.013457561018391857,0.021635032624815892,0.0038205125431612294,0.011308674929674313,0.07916072450772019,1.0,0.002407203936663887,0.021635032624815892,0.006611271280629398,0.00341345053565431,0.04437485696350603,0.6923076923076923,-0.03285403829766765,0.021635032624815892,0.01471740529331137,0.0146936266262703,0.00824032200901344,-0.008203858140599677,0.0,0.008355016833474218,neighbor,0.5615637860082304,503.0,0.9023662551440328,53.0,0.3024320987654321,958.0,905.0,0.05,0.6260551440329217
stable_compact_current,robustness,0.55,0.44999999999999996,36,0.032758,True,rank,rank_average,13,0.007291748111057563,0.09479272544374832,0.5384615384615384,-0.014938171700022707,0.03577181864559338,0.017399022440857507,0.022386497735201943,0.06715949320560582,1.0,0.011320954852020587,0.031362616486490524,0.008314297732213986,0.009920916183149216,0.06944641328204451,0.5714285714285714,-0.013698038674400385,0.031362616486490524,0.01722700949242542,0.007291748111057563,0.09479272544374832,0.5384615384615384,-0.014938171700022707,0.03577181864559338,0.017399022440857507,0.0174962188102319,0.0017059980332714967,-0.00023483869924314398,0.0,0.007730960834178462,neighbor,0.726119341563786,280.0,0.4769382716049383,641.0,0.8049958847736625,146.0,495.0,0.0,0.625819341563786
stable_compact_current,robustness,0.5965,0.40349999999999997,36,0.030758,True,rank,rank_average,13,0.007918550548113773,0.10294115712547905,0.5384615384615384,-0.014297314717839002,0.03416898172948568,0.017109276800445467,0.021319647806778183,0.06395894342033455,1.0,0.009452489349385345,0.030535448466705598,0.00880889947395189,0.01025614483770859,0.07179301386396013,0.5714285714285714,-0.012436627917239942,0.030535448466705598,0.016561815438230258,0.007918550548113773,0.10294115712547905,0.5384615384615384,-0.014297314717839002,0.03416898172948568,0.017109276800445467,0.01627152073516073,0.002313343916233286,0.0003339214939995181,0.0,0.007599701280469199,neighbor,0.6238847736625515,420.0,0.548395061728395,540.0,0.8580082304526749,44.0,496.0,0.0,0.6250329218106996
stable_compact_current,robustness,0.5465,0.4535,36,0.03,True,rank,rank_average,13,0.007995468164556414,0.10394108613923339,0.5384615384615384,-0.01373898211736718,0.0327886927612901,0.017132201370242836,0.021262383602278234,0.0637871508068347,1.0,0.008323640045806685,0.031948602351890044,0.009775483346791732,0.010444064126848908,0.07310844888794235,0.5714285714285714,-0.012514625320836276,0.031948602351890044,0.016888422372122614,0.007995468164556414,0.10394108613923339,0.5384615384615384,-0.01373898211736718,0.0327886927612901,0.017132201370242836,0.0158663598684148,0.002394718767856477,0.0005620142935275244,0.0,0.007508469536930463,neighbor,0.6006131687242798,455.0,0.5644691358024692,514.0,0.8714156378600822,27.0,487.0,0.0,0.6249687242798354
short_aggressive_wide_capacity,robustness,0.5935,0.4065,31,0.037,True,rank,rank_average,13,0.005335028291784357,0.06935536779319665,0.5384615384615384,-0.019489662456039926,0.03860296805504622,0.019174398495724887,0.022325122761364835,0.0669753682840945,1.0,0.014919662256311549,0.03506802650212397,0.009050059692851744,0.009012868103036056,0.06309007672125239,0.5714285714285714,-0.011590317872380428,0.03506802650212397,0.017494364311270307,0.005335028291784357,0.06935536779319665,0.5384615384615384,-0.019489662456039926,0.03860296805504622,0.019174398495724887,0.018648808518560767,0.0018839584922735817,-0.0028521609457145543,0.0,0.007879480587090237,neighbor,0.8132181069958847,157.0,0.4829506172839506,636.0,0.548798353909465,477.0,479.0,0.0,0.6249347736625515
recent_compact_capacity,robustness,0.055,0.945,30,0.03,True,rank,rank_average,13,0.003132798396856491,0.04072637915913438,0.6923076923076923,-0.03667998629702052,0.021460751813845456,0.01624976054640448,0.01630237099759822,0.048907112992794655,1.0,0.013226152374100963,0.021460751813845456,0.0036700323823229083,0.012314333248102787,0.08620033273671951,1.0,0.0018638376127425131,0.021460751813845456,0.006854172999870802,0.003132798396856491,0.04072637915913438,0.6923076923076923,-0.03667998629702052,0.021460751813845456,0.01624976054640448,0.014656981752084304,0.008634236363623617,-0.00962639269950088,0.0,0.008304240159539218,neighbor,0.5606255144032922,505.0,0.9213786008230451,28.0,0.23964197530864195,1059.0,1031.0,0.05,0.6248168724279834
short_aggressive_wide_capacity,robustness,0.5935,0.4065,30,0.033,True,rank,rank_average,13,0.005347142432032283,0.06951285161641968,0.5384615384615384,-0.017311231075338787,0.03545829693728119,0.01792157103003838,0.02183852452437608,0.06551557357312823,1.0,0.014580473339106493,0.03545829693728119,0.009637582763422803,0.008865057219426358,0.0620554005359845,0.5714285714285714,-0.011130669196768327,0.03545829693728119,0.017442518951238675,0.005347142432032283,0.06951285161641968,0.5384615384615384,-0.017311231075338787,0.03545829693728119,0.01792157103003838,0.018259515180799508,0.001951390351568047,-0.00212637353014186,0.0,0.007862975701004147,neighbor,0.7769835390946501,203.0,0.48935802469135803,629.0,0.6221810699588477,334.0,426.0,0.0,0.6243316872427983
short_aggressive_wide_capacity,robustness,0.6035,0.39649999999999996,31,0.035,True,rank,rank_average,13,0.0053326261665094885,0.06932414016462335,0.5384615384615384,-0.017780689565609086,0.035868704792372905,0.018427950760042913,0.02262568911538317,0.06787706734614951,1.0,0.015033054551823733,0.035868704792372905,0.009397736794281254,0.008803706237296064,0.06162594366107245,0.5714285714285714,-0.01170070806004156,0.035868704792372905,0.01772413495144379,0.0053326261665094885,0.06932414016462335,0.5384615384615384,-0.017780689565609086,0.035868704792372905,0.018427950760042913,0.01885755079787024,0.001728307466873613,-0.0022895691032790524,0.0,0.007977323313749363,neighbor,0.8322798353909465,133.0,0.4481604938271605,690.0,0.5927366255144032,372.0,557.0,0.0,0.6234946502057613
stable_compact_current,robustness,0.5565,0.4435,36,0.031758,True,rank,rank_average,13,0.007593225958869909,0.09871193746530882,0.5384615384615384,-0.014459741717429643,0.034873140595498085,0.01722778386065356,0.0219475208071766,0.0658425624215298,1.0,0.010166597120597084,0.030991155724332295,0.008719140730427928,0.010156527797485413,0.0710956945823979,0.5714285714285714,-0.013147248588441851,0.030991155724332295,0.016985038904554262,0.007593225958869909,0.09871193746530882,0.5384615384615384,-0.014459741717429643,0.034873140595498085,0.01722778386065356,0.0168650639098877,0.002022057381809446,9.48855682656038e-05,0.0,0.007670184221009171,neighbor,0.6639341563786008,360.0,0.5152098765432098,594.0,0.8294156378600822,103.0,491.0,0.0,0.621830452674897
stable_compact_current,robustness,0.5715,0.4285,36,0.032758,True,rank,rank_average,13,0.007382654399629653,0.0959745071951855,0.5384615384615384,-0.014938171700022707,0.03577181864559338,0.01733776203683707,0.022264886981763026,0.06679466094528907,1.0,0.011421897697424375,0.030896841380769993,0.00810287456464211,0.009868797288818251,0.06908158102172776,0.5714285714285714,-0.013698038674400385,0.030896841380769993,0.01714603553070139,0.007382654399629653,0.0959745071951855,0.5384615384615384,-0.014938171700022707,0.03577181864559338,0.01733776203683707,0.01746021181975497,0.0016762902635028465,-0.00018302211475705284,0.0,0.0077109620292647105,neighbor,0.7203786008230452,292.0,0.47130864197530864,651.0,0.8096872427983538,142.0,509.0,0.0,0.6216934156378601
stable_compact_current,robustness,0.5715,0.4285,36,0.030758,True,rank,rank_average,13,0.00808011001545483,0.10504143020091278,0.5384615384615384,-0.014297314717839002,0.03416898172948568,0.01712359963085801,0.021278852099154828,0.06383655629746449,1.0,0.009126887630734267,0.030738663062486606,0.009025998640938847,0.010238660963012866,0.07167062674109007,0.5714285714285714,-0.012436627917239942,0.030738663062486606,0.01660020108017541,0.00808011001545483,0.10504143020091278,0.5384615384615384,-0.014297314717839002,0.03416898172948568,0.01712359963085801,0.01614081861466056,0.002303378107656723,0.0004260103903839203,0.0,0.0075567491528673375,neighbor,0.6155390946502057,431.0,0.544641975308642,548.0,0.8659835390946501,31.0,517.0,0.0,0.6212020576131687
short_aggressive_wide_capacity,robustness,0.6185,0.38149999999999995,31,0.036,True,rank,rank_average,13,0.005311203053460085,0.0690456396949811,0.5384615384615384,-0.019066811763804977,0.03675975719288406,0.01868207754886179,0.02238364309432311,0.06715092928296933,1.0,0.01472252195293551,0.03459536255237753,0.008727863700144342,0.008744364428385725,0.061210550998700076,0.5714285714285714,-0.011217433623240933,0.03459536255237753,0.017417062478521934,0.005311203053460085,0.0690456396949811,0.5384615384615384,-0.019066811763804977,0.03675975719288406,0.01868207754886179,0.01861710880823289,0.0018539631999389264,-0.0027262006031218556,0.0,0.007872196872797395,neighbor,0.813514403292181,156.0,0.4700123456790123,655.0,0.5571687242798353,464.0,499.0,0.0,0.6204866255144033
recent_compact_capacity,robustness,0.065,0.935,31,0.033758,True,rank,rank_average,13,0.003327998793732861,0.043263984318527196,0.6923076923076923,-0.033037177438893006,0.020728510092294143,0.014741245782677284,0.015980315317088333,0.047940945951264996,1.0,0.013524857098960216,0.020728510092294143,0.0033581378572270855,0.011253259156977146,0.07877281409884003,1.0,0.002554352571289071,0.020728510092294143,0.006595188182910598,0.003327998793732861,0.043263984318527196,0.6923076923076923,-0.033037177438893006,0.020728510092294143,0.014741245782677284,0.014571982573397223,0.008257294068002366,-0.008313001550099269,0.0,0.008297625127445064,neighbor,0.55240329218107,515.0,0.8992551440329217,55.0,0.28776543209876543,987.0,932.0,0.05,0.6187909465020576
recent_compact_capacity,robustness,0.065,0.935,32,0.033758,True,rank,rank_average,13,0.0033240318255070237,0.043212413731591306,0.6923076923076923,-0.03311003130318351,0.020995080624174225,0.014754991944847976,0.016024328523820363,0.048072985571461085,1.0,0.013323351282458235,0.020995080624174225,0.003519258085261696,0.01124821287667629,0.07873749013673402,1.0,0.0026423214381198204,0.020995080624174225,0.006534618934044338,0.0033240318255070237,0.043212413731591306,0.6923076923076923,-0.03311003130318351,0.020995080624174225,0.014754991944847976,0.014530573181788825,0.008283447414285026,-0.008339304497203865,0.0,0.008288884934563213,neighbor,0.5512674897119342,517.0,0.9009588477366255,54.0,0.28512345679012346,991.0,937.0,0.05,0.6187069958847736
stable_compact_current,robustness,0.5565,0.4435,36,0.032,True,rank,rank_average,13,0.007495824531174974,0.09744571890527466,0.5384615384615384,-0.014549894086082224,0.035084459421987034,0.017239692288081154,0.02198289251335866,0.06594867754007598,1.0,0.010456952533556874,0.030941751001932298,0.008557615423681358,0.010059862090546648,0.07041903463382654,0.5714285714285714,-0.013301017332498409,0.030941751001932298,0.01700660628460823,0.007495824531174974,0.09744571890527466,0.5384615384615384,-0.014549894086082224,0.035084459421987034,0.017239692288081154,0.016981043068688206,0.0019162142433156845,9.616472824139377e-06,0.0,0.007656156107890962,neighbor,0.6736872427983539,349.0,0.5017530864197531,613.0,0.820724279835391,124.0,489.0,0.0,0.6183724279835392
recent_compact_capacity,robustness,0.055,0.945,33,0.030758,True,rank,rank_average,13,0.003266885882547845,0.042469516473121985,0.6923076923076923,-0.03169379047372128,0.02062634233929029,0.014188779652200513,0.016533706805514012,0.049601120416542036,1.0,0.013220423664606868,0.02062634233929029,0.003073266499802156,0.011444172989097879,0.08010921092368516,1.0,0.0016257707549669725,0.02062634233929029,0.006017004381526331,0.003266885882547845,0.042469516473121985,0.6923076923076923,-0.03169379047372128,0.02062634233929029,0.014188779652200513,0.014786952688463254,0.00805968295292489,-0.00790451821096806,0.0,0.008355960672556294,neighbor,0.5677860082304526,492.0,0.882909465020576,70.0,0.29090123456790123,980.0,910.0,0.05,0.6180588477366253
recent_compact_capacity,robustness,0.045,0.955,30,0.030758,True,rank,rank_average,13,0.0032091296026904655,0.04171868483497605,0.6923076923076923,-0.0346887824654922,0.02126250699872445,0.015655688117814582,0.016624746974182782,0.049874240922548344,1.0,0.012128072240562369,0.02126250699872445,0.003730451570723098,0.012273751575785771,0.0859162610305004,1.0,0.001673216958502484,0.02126250699872445,0.006855706594071198,0.0032091296026904655,0.04171868483497605,0.6923076923076923,-0.0346887824654922,0.02126250699872445,0.015655688117814582,0.014478369614669768,0.008548199994503708,-0.008925786647771172,0.0,0.008299169846228902,neighbor,0.5365267489711933,535.0,0.9177242798353908,35.0,0.26423456790123456,1029.0,994.0,0.05,0.6172218106995884
stable_compact_current,robustness,0.55,0.44999999999999996,36,0.030758,True,rank,rank_average,13,0.007904751513617535,0.10276176967702796,0.5384615384615384,-0.014297314717839002,0.03416898172948568,0.017131898699487058,0.021247323183604904,0.06374196955081471,1.0,0.008984929899631657,0.03078603404693945,0.00910625682179795,0.010225148570634326,0.07157603999444029,0.5714285714285714,-0.012436627917239942,0.03078603404693945,0.01661000434089187,0.007904751513617535,0.10276176967702796,0.5384615384615384,-0.014297314717839002,0.03416898172948568,0.017131898699487058,0.01607600108153324,0.0022956760440009556,0.0003260560443366624,0.0,0.007512363059064226,neighbor,0.610761316872428,439.0,0.5427654320987654,552.0,0.8570699588477365,48.0,504.0,0.0,0.6171094650205761
stable_compact_current,robustness,0.5465,0.4535,36,0.034758,True,rank,rank_average,13,0.006714362751887046,0.0872867157745316,0.5384615384615384,-0.01597765654160397,0.036782443737480214,0.01765074311101771,0.022578850545218146,0.06773655163565444,1.0,0.012739341578126936,0.03072728327710119,0.007440265038576182,0.00943737659818802,0.06606163618731614,0.5714285714285714,-0.014032436089822714,0.03072728327710119,0.017553995069539304,0.006714362751887046,0.0872867157745316,0.5384615384615384,-0.01597765654160397,0.036782443737480214,0.01765074311101771,0.018073927531556233,0.001320029322754247,-0.0009069783516921559,0.0,0.007687537455108081,neighbor,0.7733045267489712,210.0,0.4278271604938272,728.0,0.7616625514403291,208.0,520.0,0.0,0.6160934156378601
stable_extra_wide_capacity,robustness,0.31,0.69,48,0.03,False,equal,rank_average,13,0.006983187001958227,0.09078143102545695,0.7692307692307693,-0.022635024667904787,0.025848078553306585,0.014335424018105164,0.015727466702249754,0.04718240010674926,1.0,0.01101582564299956,0.022387680306434135,0.004842690081881018,0.013177553975860973,0.09224287783102682,0.8571428571428571,-0.012729610700690175,0.025848078553306585,0.012661609020255343,0.006983187001958227,0.09078143102545695,0.7692307692307693,-0.022635024667904787,0.025848078553306585,0.014335424018105164,0.013599878482472214,0.004167577092155854,-0.002719910780061621,0.0,0.006907374467449778,neighbor,0.46904526748971187,637.0,0.7319094650205761,238.0,0.6604650205761317,293.0,399.0,0.0,0.6160471193415638
stable_compact_current,robustness,0.5365,0.4635,33,0.03,True,rank,rank_average,13,0.007444533040282679,0.09677892952367483,0.5384615384615384,-0.013926454697390352,0.033735753752732786,0.01740719790338981,0.020779539660106996,0.06233861898032099,1.0,0.007261114628390504,0.031533420292947124,0.010100106760770266,0.010542977959590418,0.07380084571713293,0.5714285714285714,-0.01212464570479669,0.031937585217348775,0.017036090685032503,0.007444533040282679,0.09677892952367483,0.5384615384615384,-0.013926454697390352,0.033735753752732786,0.01740719790338981,0.015240505433629856,0.0025797929258122012,0.00018611532128384874,0.0,0.00728502628826001,neighbor,0.5631440329218107,496.0,0.5900493827160493,477.0,0.8294156378600822,103.0,393.0,0.0,0.6151921810699588
short_aggressive_wide_capacity,robustness,0.6,0.4,30,0.033,True,rank,rank_average,13,0.005277541034502126,0.06860803344852764,0.5384615384615384,-0.017311231075338787,0.03545829693728119,0.01782556356571901,0.02183852452437608,0.06551557357312823,1.0,0.014580473339106493,0.03545829693728119,0.009637582763422803,0.008719406523026612,0.06103584566118629,0.5714285714285714,-0.011130669196768327,0.03545829693728119,0.017302293771214394,0.005277541034502126,0.06860803344852764,0.5384615384615384,-0.017311231075338787,0.03545829693728119,0.01782556356571901,0.018259515180799508,0.001868369454620192,-0.0021660463267340496,0.0,0.007819665377888781,neighbor,0.7769835390946501,203.0,0.47106172839506166,652.0,0.616082304526749,344.0,449.0,0.0,0.6151835390946502
stable_compact_current,robustness,0.5565,0.4435,33,0.03,True,rank,rank_average,13,0.007442471513298061,0.09675212967287479,0.5384615384615384,-0.013926454697390352,0.033735753752732786,0.017393713313384542,0.020769901782935273,0.06230970534880582,1.0,0.007358112401858871,0.031407508887963585,0.010012173700451564,0.010538847440802537,0.07377193208561776,0.5714285714285714,-0.01212464570479669,0.031937585217348775,0.01701134623285915,0.007442471513298061,0.09675212967287479,0.5384615384615384,-0.013926454697390352,0.033735753752732786,0.017393713313384542,0.01526702110888653,0.0025774385301031095,0.0001849402509026167,0.0,0.0072943968197364045,neighbor,0.5635637860082304,495.0,0.5895802469135802,478.0,0.828477366255144,107.0,388.0,0.0,0.6150082304526748
stable_extra_wide_capacity,robustness,0.3,0.7,48,0.03,False,equal,rank_average,13,0.007085125474202625,0.09210663116463413,0.7692307692307693,-0.022635024667904787,0.025848078553306585,0.014323797798679629,0.015635657792867123,0.04690697337860137,1.0,0.011015825642999567,0.02211225357828625,0.004716521078753045,0.013138207300411276,0.09196745110287893,0.8571428571428571,-0.012729610700690178,0.025848078553306585,0.012633323246235157,0.007085125474202625,0.09210663116463413,0.7692307692307693,-0.022635024667904787,0.025848078553306585,0.014323797798679629,0.013547547404124116,0.0041451494871495255,-0.002661805850882315,0.0,0.006885065353234586,neighbor,0.4633909465020576,645.0,0.7308971193415638,240.0,0.668440329218107,276.0,405.0,0.0,0.6145261316872428
short_aggressive_wide_capacity,robustness,0.6435,0.35650000000000004,30,0.035,True,rank,rank_average,13,0.005097556129388085,0.0662682296820451,0.5384615384615384,-0.0193814103977331,0.03604749074577211,0.01874912150629608,0.022845005853780093,0.06853501756134028,1.0,0.015759267736181835,0.035868768515848255,0.009221102863175547,0.00853219181939684,0.059725342735777884,0.5714285714285714,-0.011642497291410724,0.035868768515848255,0.017944129525806173,0.005097556129388085,0.0662682296820451,0.5384615384615384,-0.0193814103977331,0.03604749074577211,0.01874912150629608,0.01922221168959466,0.001592753802319231,-0.002951796899039177,0.0,0.007962854352025641,neighbor,0.8506748971193415,114.0,0.4316913580246914,721.0,0.5328971193415638,515.0,607.0,0.0,0.6144656378600823
recent_compact_capacity,robustness,0.05,0.95,33,0.030758,True,rank,rank_average,13,0.003067827246983216,0.03988175421078181,0.6923076923076923,-0.03169379047372128,0.020625585599814887,0.014400045114412048,0.01653366785943695,0.04960100357831085,1.0,0.013221298133590426,0.020625585599814887,0.0030726361701143056,0.011444142522610284,0.080108997658272,1.0,0.0016257707549669725,0.020625585599814887,0.006016845421176763,0.003067827246983216,0.03988175421078181,0.6923076923076923,-0.03169379047372128,0.020625585599814887,0.014400045114412048,0.014787219063963904,0.008059665587026962,-0.008017981633239897,0.0,0.008339039894761712,neighbor,0.5678600823045267,491.0,0.8824403292181069,71.0,0.2679135802469136,1019.0,948.0,0.05,0.6144292181069958
stable_compact_current,robustness,0.5565,0.4435,36,0.032758,True,rank,rank_average,13,0.007237887817103232,0.09409254162234201,0.5384615384615384,-0.014938171700022707,0.03577181864559338,0.017327937929159053,0.022153103128066506,0.06645930938419951,1.0,0.011290900887402727,0.030692486629702073,0.008089169611265578,0.009820889922948313,0.06874622946063819,0.5714285714285714,-0.013698038674400385,0.030692486629702073,0.017108675044003072,0.007237887817103232,0.09409254162234201,0.5384615384615384,-0.014938171700022707,0.03577181864559338,0.017327937929159053,0.01735326607584081,0.001648983064956982,-0.00026553906679711284,0.0,0.007643517949547398,neighbor,0.7104279835390946,301.0,0.4666172839506173,662.0,0.8017119341563785,154.0,508.0,0.0,0.6144057613168724
stable_compact_current,robustness,0.5965,0.40349999999999997,36,0.03,True,rank,rank_average,13,0.008012892706439241,0.10416760518371014,0.5384615384615384,-0.01373898211736718,0.0327886927612901,0.016971793656717943,0.020898571329520072,0.06269571398856022,1.0,0.00874921139166078,0.030431594187761472,0.00904305795310408,0.010288144581381126,0.07201701206966789,0.5714285714285714,-0.012514625320836276,0.030431594187761472,0.016612362076718686,0.008012892706439241,0.10416760518371014,0.5384615384615384,-0.01373898211736718,0.0327886927612901,0.016971793656717943,0.0157994254170745,0.0023058446269398417,0.0005719462824007364,0.0,0.007443192191312838,neighbor,0.5948724279835391,462.0,0.5452345679012346,547.0,0.873761316872428,23.0,524.0,0.0,0.6143687242798355
stable_compact_current,robustness,0.55,0.44999999999999996,33,0.03,True,rank,rank_average,13,0.0074413698410122344,0.09673780793315905,0.5384615384615384,-0.013926454697390352,0.033735753752732786,0.017392195783091438,0.020765127869696687,0.062295383609090066,1.0,0.007358112401858871,0.031393187148247834,0.010007102565764883,0.010536801477986,0.073757610345902,0.5714285714285714,-0.01212464570479669,0.031937585217348775,0.01700883690201334,0.0074413698410122344,0.09673780793315905,0.5384615384615384,-0.013926454697390352,0.033735753752732786,0.017392195783091438,0.015264299978340539,0.002576272331297683,0.000184312297699696,0.0,0.007292689385075128,neighbor,0.5628600823045267,499.0,0.5888765432098765,479.0,0.8280082304526749,111.0,388.0,0.0,0.6143397119341564
stable_compact_current,robustness,0.5465,0.4535,33,0.03,True,rank,rank_average,13,0.007441207242495683,0.09673569415244389,0.5384615384615384,-0.013926454697390352,0.033735753752732786,0.01739224900738461,0.020765127869696687,0.062295383609090066,1.0,0.007358112401858871,0.031393187148247834,0.010007102565764883,0.010536801477986,0.073757610345902,0.5714285714285714,-0.01212464570479669,0.031937585217348775,0.01700883690201334,0.007441207242495683,0.09673569415244389,0.5384615384615384,-0.013926454697390352,0.033735753752732786,0.01739224900738461,0.015264299978340539,0.002576272331297683,0.0001842196165452618,0.0,0.0072926754829019625,neighbor,0.5628600823045267,499.0,0.5888765432098765,479.0,0.8275390946502057,113.0,386.0,0.0,0.614269341563786
stable_compact_current,robustness,0.5715,0.4285,36,0.034758,True,rank,rank_average,13,0.00680260393084509,0.08843385110098617,0.5384615384615384,-0.01597765654160397,0.036782443737480214,0.017517431214210413,0.022332878341938114,0.06699863502581434,1.0,0.01308830713205784,0.02964040111333019,0.006894784080786733,0.009331959939639435,0.06532371957747604,0.5714285714285714,-0.014032436089822714,0.02964040111333019,0.017379173931558665,0.00680260393084509,0.08843385110098617,0.5384615384615384,-0.01597765654160397,0.036782443737480214,0.017517431214210413,0.018048882008483813,0.0012599418273815533,-0.0008566808796860711,0.0,0.007658024493762314,neighbor,0.772872427983539,211.0,0.42313580246913574,733.0,0.764477366255144,204.0,529.0,0.0,0.6142316872427983
stable_extra_wide_capacity,robustness,0.295,0.7050000000000001,48,0.03,False,equal,rank_average,13,0.007064109979788507,0.09183342973725059,0.7692307692307693,-0.022635024667904787,0.025848078553306585,0.01432641652163121,0.015635657792867123,0.04690697337860137,1.0,0.011015825642999567,0.02211225357828625,0.004716521078753045,0.013108786845468737,0.09176150791828117,0.8571428571428571,-0.012729610700690178,0.025848078553306585,0.012649320710623354,0.007064109979788507,0.09183342973725059,0.7692307692307693,-0.022635024667904787,0.025848078553306585,0.01432641652163121,0.013547547404124116,0.004128379827832278,-0.0026737846826983616,0.0,0.006875722181769418,neighbor,0.4633909465020576,645.0,0.7304279835390947,241.0,0.6665637860082305,282.0,404.0,0.0,0.6140335390946502
stable_compact_current,robustness,0.5565,0.4435,36,0.030758,True,rank,rank_average,13,0.007875846953378472,0.10238601039392015,0.5384615384615384,-0.014297314717839002,0.03416898172948568,0.01709762621937009,0.021122070089235626,0.06336621026770688,1.0,0.008942664470985406,0.03045254019247786,0.009009476994255104,0.010171468673047494,0.07120028071133246,0.5714285714285714,-0.012436627917239942,0.03045254019247786,0.016551778161182272,0.007875846953378472,0.10238601039392015,0.5384615384615384,-0.014297314717839002,0.03416898172948568,0.01709762621937009,0.01599065922628949,0.002265078502376461,0.0003095804450003967,0.0,0.0074619860833352635,neighbor,0.6057860082304527,449.0,0.5404197530864198,555.0,0.8533168724279835,59.0,496.0,0.0,0.6135008230452675
stable_compact_current,robustness,0.5365,0.4635,30,0.031758,True,rank,rank_average,13,0.007882203699518725,0.10246864809374343,0.5384615384615384,-0.017466123047472974,0.03860036955440285,0.01751546050863063,0.021003533950660975,0.06301060185198293,1.0,0.007093129837653289,0.029828938716367305,0.009953966214995046,0.009863123507361024,0.06904186455152717,0.5714285714285714,-0.009582047591379456,0.029828938716367305,0.015416678820202194,0.007882203699518725,0.10246864809374343,0.5384615384615384,-0.017466123047472974,0.03860036955440285,0.01751546050863063,0.015312747198302341,0.0030313332654691343,-0.0007325029584788707,0.0,0.0073793234050102165,neighbor,0.5664032921810699,493.0,0.6011604938271605,466.0,0.7735884773662551,188.0,305.0,0.0,0.6131218106995885
stable_compact_current,robustness,0.5215,0.47850000000000004,30,0.034758,True,rank,rank_average,13,0.007210490718956214,0.09373637934643078,0.5384615384615384,-0.016241846589600394,0.039018383743983254,0.017859482894089854,0.022833722663852456,0.06850116799155737,1.0,0.010946958524452627,0.031522494103781565,0.008698985920725042,0.009626312661137499,0.06738418862796249,0.5714285714285714,-0.013670073784673928,0.031522494103781565,0.017350680431159487,0.007210490718956214,0.09373637934643078,0.5384615384615384,-0.016241846589600394,0.039018383743983254,0.017859482894089854,0.017627718231465268,0.001547302439334548,-0.0007113681263015498,0.0,0.007640668171341422,neighbor,0.7366748971193416,263.0,0.4474074074074075,693.0,0.7736131687242798,187.0,506.0,0.0,0.612045267489712
stable_extra_wide_capacity,robustness,0.335,0.665,48,0.03,False,equal,rank_average,13,0.006992788745952507,0.09090625369738259,0.7692307692307693,-0.022634294643178288,0.025848078553306585,0.014327147056819048,0.01563467623358776,0.04690402870076328,1.0,0.011015825642999563,0.022387680306434135,0.004881647804853445,0.013012245807984763,0.09108572065589333,0.8571428571428571,-0.012860953542318334,0.025848078553306585,0.012757908122030625,0.006992788745952507,0.09090625369738259,0.7692307692307693,-0.022634294643178288,0.025848078553306585,0.014327147056819048,0.013546987915334877,0.004030008298729121,-0.0027141968778251375,0.0,0.006825169368888284,neighbor,0.4622798353909465,649.0,0.7277366255144033,246.0,0.6628230452674897,291.0,403.0,0.0,0.6118168724279835
stable_compact_current,robustness,0.5565,0.4435,36,0.034758,True,rank,rank_average,13,0.006694562050903279,0.08702930666174263,0.5384615384615384,-0.01597765654160397,0.036782443737480214,0.017520948440215307,0.022287677499283867,0.0668630324978516,1.0,0.013120128576778863,0.029472977140646422,0.006821578419380597,0.009312588149930471,0.0651881170495133,0.5714285714285714,-0.014032436089822714,0.029472977140646422,0.017352295226195545,0.006694562050903279,0.08702930666174263,0.5384615384615384,-0.01597765654160397,0.036782443737480214,0.017520948440215307,0.01803361860492883,0.001248899907247444,-0.0009182647512529033,0.0,0.007637712687544948,neighbor,0.7709465020576131,214.0,0.4198518518518518,741.0,0.7597860082304527,211.0,530.0,0.0,0.6112798353909464
recent_compact_capacity,robustness,0.065,0.935,30,0.030758,True,rank,rank_average,13,0.0037540300336132964,0.048802390436972855,0.6923076923076923,-0.0346887824654922,0.02156862014738812,0.015443255122342413,0.015895691352861764,0.04768707405858529,1.0,0.01189723739466022,0.02156862014738812,0.004122039185528964,0.012204265497276592,0.08542985848093615,1.0,0.001673216958502484,0.02156862014738812,0.006985345221404547,0.0037540300336132964,0.048802390436972855,0.6923076923076923,-0.0346887824654922,0.02156862014738812,0.015443255122342413,0.01398663241136908,0.008508592929753476,-0.008615193402145158,0.0,0.008131240772614923,neighbor,0.5022798353909466,592.0,0.9139711934156378,37.0,0.3181851851851851,942.0,905.0,0.05,0.6099267489711935
stable_extra_wide_capacity,robustness,0.26,0.74,47,0.03,False,equal,rank_average,13,0.0053440215095274385,0.0694722796238567,0.6923076923076923,-0.02380895115586534,0.026381951013176974,0.017203682617597447,0.016101802964186476,0.04830540889255942,1.0,0.011011313402905405,0.023222992064800246,0.005188068323864479,0.013577452160876122,0.09504216512613285,0.8571428571428571,-0.012522318318158475,0.026381951013176974,0.012778480670269095,0.0053440215095274385,0.0694722796238567,0.6923076923076923,-0.02380895115586534,0.026381951013176974,0.017203682617597447,0.013811761112545076,0.004463925543849949,-0.004118553928697232,0.0,0.006915687850445924,neighbor,0.4866995884773662,613.0,0.7476872427983539,204.0,0.5221604938271605,540.0,409.0,0.0,0.6094631687242797
stable_compact_current,robustness,0.5365,0.4635,36,0.031758,True,rank,rank_average,13,0.007580387292662546,0.0985450348046131,0.5384615384615384,-0.014459741717429643,0.034873140595498085,0.017343695714475898,0.02190939315026126,0.06572817945078378,1.0,0.008866864559276436,0.03217650531490693,0.00971637930828943,0.010140187373093124,0.07098131161165187,0.5714285714285714,-0.013147248588441851,0.03217650531490693,0.017204234428737048,0.007580387292662546,0.0985450348046131,0.5384615384615384,-0.014459741717429643,0.034873140595498085,0.017343695714475898,0.016414419400210142,0.0020127433399058413,8.756752852740661e-05,0.0,0.007484637392320797,neighbor,0.6347736625514403,403.0,0.5133333333333333,596.0,0.8280082304526749,111.0,485.0,0.0,0.6091106995884774
stable_compact_current,robustness,0.55,0.44999999999999996,36,0.034758,True,rank,rank_average,13,0.006709677108883127,0.08722580241548065,0.5384615384615384,-0.01597765654160397,0.036782443737480214,0.017568915200482843,0.022353176083863207,0.06705952825158962,1.0,0.012739341578126936,0.03005025989303637,0.0071959443740182835,0.009340658971893045,0.06538461280325132,0.5714285714285714,-0.014032436089822714,0.03005025989303637,0.017437908424486438,0.006709677108883127,0.08722580241548065,0.5384615384615384,-0.01597765654160397,0.036782443737480214,0.017568915200482843,0.01794529308858392,0.0012649002757661113,-0.0009096491682043898,0.0,0.007610874984297659,neighbor,0.7601687242798354,230.0,0.42407407407407405,732.0,0.76119341563786,210.0,522.0,0.0,0.6090798353909465
stable_compact_current,robustness,0.5365,0.4635,30,0.032,True,rank,rank_average,13,0.0077862922683095016,0.10122179948802353,0.5384615384615384,-0.017448803925763014,0.03832525269434896,0.01745527056365817,0.02098522297785078,0.06295566893355234,1.0,0.00701122405796413,0.02983656352645926,0.009997674798159491,0.00983299795673681,0.06883098569715766,0.5714285714285714,-0.009773748239220587,0.02983656352645926,0.015500070853532135,0.0077862922683095016,0.10122179948802353,0.5384615384615384,-0.017448803925763014,0.03832525269434896,0.01745527056365817,0.015275281036503108,0.0029509004878257583,-0.0007814571641038404,0.0,0.007320799059507258,neighbor,0.565119341563786,494.0,0.5950123456790123,472.0,0.7661069958847736,201.0,293.0,0.0,0.6087193415637859
stable_compact_current,robustness,0.5365,0.4635,36,0.032,True,rank,rank_average,13,0.0074971177261934675,0.09746253044051507,0.5384615384615384,-0.014549894086082224,0.035084459421987034,0.017369388743783392,0.022007327549347703,0.06602198264804311,1.0,0.009204140756184042,0.03226786788727226,0.009585846008276253,0.010070334248827667,0.07049233974179367,0.5714285714285714,-0.013301017332498409,0.03226786788727226,0.017247313035936684,0.0074971177261934675,0.09746253044051507,0.5384615384615384,-0.014549894086082224,0.035084459421987034,0.017369388743783392,0.016581543152668923,0.0019221833735358653,1.0353593984680832e-05,0.0,0.007499152818256412,neighbor,0.6469218106995884,381.0,0.5022222222222222,612.0,0.8211934156378601,123.0,489.0,0.0,0.6079477366255144
short_aggressive_wide_capacity,robustness,0.5835,0.4165,30,0.036,True,rank,rank_average,13,0.0051807646450691735,0.06734994038589925,0.5384615384615384,-0.01821365829564972,0.03674705436335336,0.018464628748108534,0.02372671278283579,0.07118013834850737,1.0,0.01798866690936149,0.034943762016852155,0.007932356560091372,0.008496516849913755,0.05947561794939628,0.5714285714285714,-0.01129976362337323,0.034943762016852155,0.017191305523456334,0.0051807646450691735,0.06734994038589925,0.5384615384615384,-0.01821365829564972,0.03674705436335336,0.018464628748108534,0.020460486366305694,0.0016855211801662447,-0.002519009851413441,0.0,0.008564827599885071,neighbor,0.927082304526749,17.0,0.4488271604938272,686.0,0.5672427983539094,432.0,669.0,0.05,0.6078915637860082
stable_compact_current,robustness,0.5215,0.47850000000000004,36,0.031758,True,rank,rank_average,13,0.007583212237186947,0.09858175908343031,0.5384615384615384,-0.014459741717429643,0.034873140595498085,0.017246491805466314,0.021707277649106998,0.06512183294732099,1.0,0.009579230950022978,0.03215620810175813,0.009293171251130904,0.010053566444027011,0.07037496510818908,0.5714285714285714,-0.013147248588441851,0.03215620810175813,0.01704432200076518,0.007583212237186947,0.09858175908343031,0.5384615384615384,-0.014459741717429643,0.034873140595498085,0.017246491805466314,0.01653429447349857,0.001963369410338157,8.91777469063153e-05,0.0,0.007510610686087548,neighbor,0.63919341563786,398.0,0.505358024691358,608.0,0.828477366255144,107.0,501.0,0.0,0.6073600823045268
recent_compact_capacity,robustness,0.08,0.92,30,0.033758,True,rank,rank_average,13,0.003145125661843695,0.040886633603968034,0.7692307692307693,-0.032678266272296946,0.018466362038027498,0.014469199001749868,0.016535853794295337,0.04960756138288601,1.0,0.01387670826857837,0.018466362038027498,0.0019432643751135707,0.01105935773099558,0.07741550411696907,1.0,0.0014555019443178371,0.018466362038027498,0.006398617424442903,0.003145125661843695,0.040886633603968034,0.7692307692307693,-0.032678266272296946,0.018466362038027498,0.014469199001749868,0.015004750391379204,0.007784149548292367,-0.008221875473376317,0.0,0.0082714861322768,neighbor,0.5802057613168724,479.0,0.8460205761316872,91.0,0.28945267489711934,983.0,892.0,0.05,0.606209465020576
stable_compact_current,robustness,0.55,0.44999999999999996,36,0.03,True,rank,rank_average,13,0.007872710983393,0.102345242784109,0.5384615384615384,-0.01373898211736718,0.0327886927612901,0.016982536895855407,0.020784910705120268,0.06235473211536081,1.0,0.008323640045806685,0.030516183660416155,0.009263437577182758,0.010239432885209782,0.07167603019646847,0.5714285714285714,-0.012514625320836276,0.030516183660416155,0.016633371671847162,0.007872710983393,0.102345242784109,0.5384615384615384,-0.01373898211736718,0.0327886927612901,0.016982536895855407,0.015594200317034759,0.0022780789601221756,0.000492042700264379,0.0,0.00733662206390854,neighbor,0.5846625514403292,476.0,0.5391358024691357,556.0,0.8634403292181069,35.0,521.0,0.0,0.6059921810699588
recent_compact_capacity,robustness,0.055,0.945,31,0.033758,True,rank,rank_average,13,0.002901314644629004,0.03771709038017705,0.6923076923076923,-0.033037177438893006,0.02072851326450758,0.014868783931427803,0.015980694809308135,0.0479420844279244,1.0,0.013252147860549388,0.02072851326450758,0.0033696788151512014,0.011178694985043423,0.07825086489530396,1.0,0.002554352571289071,0.02072851326450758,0.006525636903741827,0.002901314644629004,0.03771709038017705,0.6923076923076923,-0.033037177438893006,0.02072851326450758,0.014868783931427803,0.014482204835286935,0.008214792490000143,-0.008556211515088468,0.0,0.008206106827351569,neighbor,0.5466255144032921,523.0,0.8922181069958848,60.0,0.2375679012345679,1065.0,1005.0,0.05,0.6057835390946501
short_aggressive_wide_capacity,robustness,0.6435,0.35650000000000004,31,0.036,True,rank,rank_average,13,0.005240368042394528,0.06812478455112886,0.5384615384615384,-0.019421664876899888,0.03775034114610486,0.018785589877990352,0.022188847263727548,0.06656654179118264,1.0,0.014986378684715848,0.033747118328810506,0.008255143829622218,0.008365292085609237,0.058557044599264654,0.5714285714285714,-0.011217433623240933,0.033747118328810506,0.017522645331703543,0.005240368042394528,0.06812478455112886,0.5384615384615384,-0.019421664876899888,0.03775034114610486,0.018785589877990352,0.01859314790628093,0.0016378919645563276,-0.0028836780867505444,0.0,0.007741758833550137,neighbor,0.8048477366255143,170.0,0.4484320987654321,687.0,0.5438600823045266,493.0,517.0,0.0,0.6053125514403292
stable_compact_current,robustness,0.5215,0.47850000000000004,33,0.03,True,rank,rank_average,13,0.007674264611521221,0.09976543994977587,0.5384615384615384,-0.013926454697390352,0.033735753752732786,0.017110008145201947,0.020253917119309905,0.060761751357929716,1.0,0.008208297149166054,0.030026501176817523,0.009051096653376953,0.010317711156391667,0.07222397809474167,0.5714285714285714,-0.01212464570479669,0.031937585217348775,0.016645546374620575,0.007674264611521221,0.09976543994977587,0.5384615384615384,-0.013926454697390352,0.033735753752732786,0.017110008145201947,0.015253470817231444,0.002451390847988914,0.0003170623168898178,0.0,0.007252073556021062,neighbor,0.5630452674897118,498.0,0.5633086419753087,517.0,0.8439588477366254,82.0,435.0,0.0,0.6053008230452674
stable_compact_capacity,robustness,0.928,0.07199999999999995,34,0.03,True,equal,rank_average,13,0.005869602349769715,0.07630483054700629,0.5384615384615384,-0.020579792676920713,0.023919021651649865,0.013160057297649724,0.016795449443154854,0.050386348329464564,1.0,0.01149870687427482,0.021857116801608657,0.004232068786585725,0.010255864475460914,0.0717910513282264,0.7142857142857143,-0.00727140126791833,0.023919021651649865,0.01131848955492134,0.005869602349769715,0.07630483054700629,0.5384615384615384,-0.020579792676920713,0.023919021651649865,0.013160057297649724,0.014367979451108959,0.004160566046885385,-0.00290719670555356,0.0,0.007183366995708973,neighbor,0.5285761316872428,544.0,0.6879588477366255,324.0,0.5618847736625514,450.0,220.0,0.0,0.6052946502057613
stable_compact_current,robustness,0.5715,0.4285,36,0.03,True,rank,rank_average,13,0.00808732955019441,0.10513528415252733,0.5384615384615384,-0.01373898211736718,0.0327886927612901,0.016935851630989766,0.020674276302082673,0.06202282890624802,1.0,0.008498867299369373,0.030009053197740686,0.009008289420356048,0.010192018141050812,0.07134412698735569,0.5714285714285714,-0.012514625320836276,0.03028184529021615,0.016543096129148838,0.00808732955019441,0.10513528415252733,0.5384615384615384,-0.01373898211736718,0.0327886927612901,0.016935851630989766,0.015588963700979015,0.0022510525559515625,0.0006143752833411821,0.0,0.007340715423070987,neighbor,0.5820823045267489,478.0,0.5349135802469136,561.0,0.8770452674897119,14.0,547.0,0.0,0.6051008230452675
short_aggressive_wide_capacity,robustness,0.6,0.4,31,0.037,True,rank,rank_average,13,0.005259539171065032,0.06837400922384541,0.5384615384615384,-0.019489662456039926,0.03865533289543059,0.018974011964129543,0.0222659789100198,0.0667979367300594,1.0,0.014742230702276454,0.03506802650212397,0.009098711521143442,0.008702626878595516,0.060918388150168604,0.5714285714285714,-0.011590317872380428,0.03506802650212397,0.017222993428206136,0.005259539171065032,0.06837400922384541,0.5384615384615384,-0.019489662456039926,0.03865533289543059,0.018974011964129543,0.018556544110462515,0.001707120994342474,-0.00289518974452457,0.0,0.007756543629960435,neighbor,0.8072181069958848,164.0,0.4458888888888889,697.0,0.5436378600823045,495.0,533.0,0.0,0.6050829218106997
short_aggressive_wide_capacity,robustness,0.5935,0.4065,32,0.036,True,rank,rank_average,13,0.005202401924385713,0.06763122501701427,0.5384615384615384,-0.01867183070804363,0.03705204978152418,0.0188717501130592,0.022157467446813045,0.06647240234043914,1.0,0.014744308198632768,0.034698982400318844,0.008917110137412518,0.008848020352548286,0.061936142467838004,0.5714285714285714,-0.011807084058270833,0.034698982400318844,0.017610712531380638,0.005202401924385713,0.06763122501701427,0.5384615384615384,-0.01867183070804363,0.03705204978152418,0.0188717501130592,0.01849537815023225,0.0017184624331517187,-0.0026578734982930043,0.0,0.0077727783302672234,neighbor,0.8004526748971194,174.0,0.44539506172839505,698.0,0.5625761316872427,446.0,524.0,0.0,0.6049952674897119
stable_compact_current,robustness,0.5965,0.40349999999999997,36,0.031758,True,rank,rank_average,13,0.0074487729473582415,0.09683404831565715,0.5384615384615384,-0.014459741717429643,0.034873140595498085,0.017158826341244774,0.021621666746762146,0.06486500024028644,1.0,0.00992593898715588,0.030254251676530133,0.008576992759556845,0.01001687605730779,0.07011813240115453,0.5714285714285714,-0.013147248588441851,0.030254251676530133,0.016857360248954283,0.0074487729473582415,0.09683404831565715,0.5384615384615384,-0.014459741717429643,0.034873140595498085,0.017158826341244774,0.016599909911415862,0.0019424558899082,1.2547351703953735e-05,0.0,0.0075159512177806285,neighbor,0.6407242798353909,396.0,0.5006666666666667,615.0,0.8200329218106995,125.0,490.0,0.0,0.6045946502057614
stable_compact_current,robustness,0.5365,0.4635,36,0.032758,True,rank,rank_average,13,0.007253194327606794,0.09429152625888833,0.5384615384615384,-0.014938171700022707,0.03577181864559338,0.01745870930444415,0.022238367850396287,0.06671510355118886,1.0,0.010165793881979347,0.03207338780211479,0.009082608062505005,0.009857431946803932,0.06900202362762753,0.5714285714285714,-0.013698038674400385,0.03207338780211479,0.017347071075836138,0.007253194327606794,0.09429152625888833,0.5384615384615384,-0.014938171700022707,0.03577181864559338,0.01745870930444415,0.017030581655779066,0.001669812018554685,-0.0002568143558100824,0.0,0.007525125917289723,neighbor,0.6814897119341564,335.0,0.4684938271604938,659.0,0.803119341563786,151.0,508.0,0.0,0.6038860082304527
recent_compact_capacity,robustness,0.055,0.945,36,0.03,True,rank,rank_average,13,0.0031958776380395263,0.04154640929451384,0.6923076923076923,-0.026824326218322984,0.01925249032746923,0.013104903159241104,0.01627353945037625,0.04882061835112875,1.0,0.014615983718164749,0.01925249032746923,0.0021109022133072694,0.010911639351598187,0.07638147546118731,1.0,0.0008485941987579318,0.01925249032746923,0.005907388372642899,0.0031958776380395263,0.04154640929451384,0.6923076923076923,-0.026824326218322984,0.01925249032746923,0.013104903159241104,0.015099192113708831,0.007499670516001084,-0.006338069706056363,0.0,0.008463818121775567,neighbor,0.5905761316872428,466.0,0.8265390946502058,107.0,0.3008518518518518,962.0,855.0,0.05,0.6033008230452674
recent_compact_capacity,robustness,0.065,0.935,32,0.03,True,rank,rank_average,13,0.0033230661713310986,0.04319986022730428,0.6923076923076923,-0.03563009469880854,0.020297801967190533,0.015050235169269061,0.01586455810456035,0.04759367431368105,1.0,0.012983305507791816,0.020297801967190533,0.0031814013977723953,0.011368038907251497,0.07957627235076048,1.0,0.0019721777654914886,0.020297801967190533,0.00583532327306134,0.0033230661713310986,0.04319986022730428,0.6923076923076923,-0.03563009469880854,0.020297801967190533,0.015050235169269061,0.0143272889371707,0.008130600839745542,-0.009171475840640401,0.0,0.008013964576657713,neighbor,0.5303539094650206,539.0,0.8889588477366255,65.0,0.27161728395061724,1016.0,951.0,0.05,0.6029156378600823
stable_compact_current,robustness,0.5215,0.47850000000000004,36,0.032758,True,rank,rank_average,13,0.007255496424810123,0.0943214535225316,0.5384615384615384,-0.014938171700022707,0.03577181864559338,0.01737648095646329,0.022062786600460186,0.06618835980138056,1.0,0.010782450293081888,0.032053954695802044,0.008731769232632818,0.009782182839688462,0.06847527987781923,0.5714285714285714,-0.013698038674400385,0.032053954695802044,0.01721588090205643,0.007255496424810123,0.0943214535225316,0.5384615384615384,-0.014938171700022707,0.03577181864559338,0.01737648095646329,0.01713399695897933,0.0016269200274988663,-0.0002555021604041845,0.0,0.0075473874719055945,neighbor,0.6870205761316872,326.0,0.46098765432098765,674.0,0.803588477366255,149.0,525.0,0.0,0.6027909465020576
short_aggressive_wide_capacity,robustness,0.6035,0.39649999999999996,30,0.033,True,rank,rank_average,13,0.005063122970446783,0.06582059861580818,0.5384615384615384,-0.017311231075338787,0.035424118189966755,0.017593046960729223,0.021827131608604597,0.06548139482581379,1.0,0.014580473339106493,0.035424118189966755,0.009621482384696756,0.008313026254305814,0.058191183780140696,0.5714285714285714,-0.011130669196768327,0.035424118189966755,0.016940845007917576,0.005063122970446783,0.06582059861580818,0.5384615384615384,-0.017311231075338787,0.035424118189966755,0.017593046960729223,0.018253021218809763,0.0016367327014493369,-0.0022882646232455957,0.0,0.0076944985096892675,neighbor,0.7762798353909465,205.0,0.4490123456790124,685.0,0.5982551440329218,362.0,480.0,0.0,0.6023057613168725
stable_compact_current,robustness,0.5215,0.47850000000000004,36,0.030758,True,rank,rank_average,13,0.007886148230373192,0.1025199269948515,0.5384615384615384,-0.014297314717839002,0.03416898172948568,0.017190740250233323,0.021004077206610267,0.0630122316198308,1.0,0.008215539369692647,0.03240634164213041,0.009924382234463819,0.010120900294779482,0.07084630206345638,0.5714285714285714,-0.012436627917239942,0.03240634164213041,0.016741602977636036,0.007886148230373192,0.1025199269948515,0.5384615384615384,-0.014297314717839002,0.03416898172948568,0.017190740250233323,0.015683451999766423,0.0022362545267636943,0.0003154521728873863,0.0,0.007327013162883341,neighbor,0.5872427983539095,470.0,0.5315061728395062,565.0,0.854724279835391,52.0,513.0,0.0,0.6022835390946503
stable_compact_current,robustness,0.5215,0.47850000000000004,36,0.03,True,rank,rank_average,13,0.007895796421623861,0.10264535348111019,0.5384615384615384,-0.01373898211736718,0.0327886927612901,0.01707740656522225,0.02076277353194677,0.06228832059584031,1.0,0.008006456902873813,0.03251623006545463,0.010031169469832495,0.010229945525278282,0.07160961867694797,0.5714285714285714,-0.012514625320836276,0.03251623006545463,0.016817179929448877,0.007895796421623861,0.10264535348111019,0.5384615384615384,-0.01373898211736718,0.0327886927612901,0.01707740656522225,0.015476911691158016,0.0022726711649612204,0.0005052014000559692,0.0,0.007289246910704151,neighbor,0.5754650205761317,486.0,0.5377283950617284,558.0,0.8667242798353908,30.0,528.0,0.0,0.6021724279835391
stable_compact_current,robustness,0.5215,0.47850000000000004,36,0.032,True,rank,rank_average,13,0.007485111989918193,0.0973064558689365,0.5384615384615384,-0.014549894086082224,0.035084459421987034,0.017255595812579964,0.021748684122124783,0.06524605236637435,1.0,0.009890790479897226,0.0320568303188247,0.009115357677894289,0.00995948706573213,0.0697164094601249,0.5714285714285714,-0.013301017332498409,0.0320568303188247,0.017060743095754134,0.007485111989918193,0.0973064558689365,0.5384615384615384,-0.014549894086082224,0.035084459421987034,0.017255595812579964,0.01666071080797721,0.0018590004791714093,3.510324307773858e-06,0.0,0.007501361087464185,neighbor,0.6446748971193416,384.0,0.49143209876543203,626.0,0.8193168724279835,127.0,499.0,0.0,0.6019119341563786
recent_compact_capacity,robustness,0.065,0.935,30,0.031758,True,rank,rank_average,13,0.003654678867819382,0.047510825281651965,0.6923076923076923,-0.03401141728242356,0.02106430099315578,0.01516707911429272,0.015834723553592216,0.04750417066077665,1.0,0.0121654462137374,0.02106430099315578,0.0037967798985594527,0.011876401355259714,0.08313480948681799,1.0,0.001511212395368864,0.02106430099315578,0.0068583532331594,0.003654678867819382,0.047510825281651965,0.6923076923076923,-0.03401141728242356,0.02106430099315578,0.01516707911429272,0.014040389676080903,0.00826824886296976,-0.008448293056235037,0.0,0.008069623900333498,neighbor,0.505440329218107,586.0,0.8947119341563785,59.0,0.3139135802469135,947.0,888.0,0.05,0.6018835390946501
short_aggressive_wide_capacity,robustness,0.6,0.4,32,0.035,True,rank,rank_average,13,0.005140470220231157,0.06682611286300505,0.5384615384615384,-0.018168676151135287,0.03552926834847488,0.018408267006459936,0.02210356932881372,0.06631070798644116,1.0,0.014616978017178681,0.034691297089273265,0.008953984824430945,0.008557529567137196,0.05990270696996037,0.5714285714285714,-0.011528623662364623,0.034691297089273265,0.01755026654529059,0.005140470220231157,0.06682611286300505,0.5384615384615384,-0.018168676151135287,0.03552926834847488,0.018408267006459936,0.018422637263092786,0.0016447746161164466,-0.002527133565881347,0.0,0.007730133447607314,neighbor,0.7925761316872427,185.0,0.4405555555555556,705.0,0.5668600823045268,433.0,520.0,0.0,0.6003094650205761
short_aggressive_wide_capacity,robustness,0.6185,0.38149999999999995,30,0.035,True,rank,rank_average,13,0.004928237919209055,0.06406709294971771,0.5384615384615384,-0.019343650967914256,0.03586877262806811,0.01838474019290147,0.02241545831382909,0.06724637494148727,1.0,0.01447062100410899,0.03586877262806811,0.009564786542747006,0.008692995531869077,0.060850968723083536,0.5714285714285714,-0.011642497291410724,0.03586877262806811,0.017520294988680532,0.004928237919209055,0.06406709294971771,0.5384615384615384,-0.019343650967914256,0.03586877262806811,0.01838474019290147,0.01855211617023855,0.0016844119184284058,-0.0030358476670010056,0.0,0.007723454681338051,neighbor,0.8098106995884774,161.0,0.44107407407407406,704.0,0.5182304526748971,547.0,543.0,0.0,0.6001421810699589
stable_compact_current,robustness,0.5365,0.4635,36,0.034758,True,rank,rank_average,13,0.006642794826007696,0.08635633273810005,0.5384615384615384,-0.01597765654160397,0.036782443737480214,0.0176253194876379,0.022306835168640987,0.06692050550592296,1.0,0.012017156191441027,0.030633422534055627,0.007725785381521101,0.009320798579654952,0.06524559005758467,0.5714285714285714,-0.014032436089822714,0.030633422534055627,0.017520064392447857,0.006642794826007696,0.08635633273810005,0.5384615384615384,-0.01597765654160397,0.036782443737480214,0.0176253194876379,0.017680557589300903,0.0012535798521903982,-0.0009477720694433858,0.0,0.007494168158789533,neighbor,0.7392181069958847,259.0,0.42219753086419753,734.0,0.7588477366255143,214.0,520.0,0.0,0.5995032921810699
stable_extra_wide_capacity,robustness,0.335,0.665,44,0.03,False,equal,rank_average,13,0.007327559666740165,0.09525827566762214,0.7692307692307693,-0.02335699843734798,0.02825270436327175,0.015899804432636507,0.017243392034069507,0.05173017610220852,1.0,0.009440867580612838,0.025107572319612664,0.006396054014050257,0.013557647038303217,0.09490352926812252,0.8571428571428571,-0.016206262206959064,0.02825270436327175,0.01447797637027665,0.007327559666740165,0.09525827566762214,0.7692307692307693,-0.02335699843734798,0.02825270436327175,0.015899804432636507,0.013944219761021854,0.0032369351406791994,-0.0027618697050521713,0.0,0.006620028261956555,neighbor,0.48035390946502055,620.0,0.6826502057613167,331.0,0.6673292181069959,279.0,341.0,0.0,0.5994335390946501
stable_compact_current,robustness,0.5565,0.4435,36,0.03,True,rank,rank_average,13,0.0078296878057339,0.10178594147454069,0.5384615384615384,-0.01373898211736718,0.0327886927612901,0.016930872285121218,0.020598476935264166,0.061795430805792494,1.0,0.00827146919944713,0.030009053197207397,0.009110792827603685,0.010159532698128594,0.07111672888690015,0.5714285714285714,-0.012514625320836276,0.03028184529021615,0.01654661194532012,0.0078296878057339,0.10178594147454069,0.5384615384615384,-0.01373898211736718,0.0327886927612901,0.016930872285121218,0.015470716688918126,0.002232535853485898,0.0004675194889986915,0.0,0.007263055732985709,neighbor,0.576477366255144,485.0,0.5325679012345679,563.0,0.860156378600823,41.0,522.0,0.0,0.5992699588477366
stable_compact_current,robustness,0.5715,0.4285,31,0.037758,True,rank,rank_average,13,0.006266063469242925,0.08145882510015803,0.46153846153846156,-0.017614122481489587,0.04001231787195231,0.018435565318315247,0.024014171174391908,0.07204251352317573,1.0,0.016984628187125626,0.029971126730491515,0.005355689744084239,0.00916733736290013,0.06417136154030091,0.5714285714285714,-0.014984411726450125,0.029971126730491515,0.018144308904282133,0.006266063469242925,0.08145882510015803,0.46153846153846156,-0.017614122481489587,0.04001231787195231,0.018435565318315247,0.020293004871154846,0.0008519549985531031,-0.0017794657798846348,0.0,0.00823366183082814,neighbor,0.9332921810699587,12.0,0.3985185185185185,790.0,0.6435967078189301,313.0,778.0,0.05,0.5991897119341563
recent_compact_capacity,robustness,0.045,0.955,30,0.031758,True,rank,rank_average,13,0.0031479543893914923,0.0409234070620894,0.6923076923076923,-0.03401141728242356,0.021076508085813413,0.01541087767825187,0.016244107948310646,0.04873232384493194,1.0,0.011787253524106919,0.021076508085813413,0.003801608301331529,0.011892446974120254,0.08324712881884178,1.0,0.001511212395368864,0.021076508085813413,0.006826871402727012,0.0031479543893914923,0.0409234070620894,0.6923076923076923,-0.03401141728242356,0.021076508085813413,0.01541087767825187,0.014148935193492352,0.00827739486572027,-0.008737126008938933,0.0,0.008073832865630223,neighbor,0.5159835390946501,560.0,0.8956502057613167,58.0,0.2646543209876543,1026.0,968.0,0.05,0.5991341563786007
stable_compact_current,robustness,0.5215,0.47850000000000004,36,0.034758,True,rank,rank_average,13,0.006646124871058834,0.08639962332376484,0.5384615384615384,-0.01597765654160397,0.036782443737480214,0.0175598338242201,0.022169022426625617,0.06650706727987685,1.0,0.012523100893196717,0.030636214687844415,0.007441472742109495,0.009261735975934078,0.06483215183153855,0.5714285714285714,-0.014032436089822714,0.030636214687844415,0.017423410257857805,0.006646124871058834,0.08639962332376484,0.5384615384615384,-0.01597765654160397,0.036782443737480214,0.0175598338242201,0.01776896607793152,0.0012199141680694998,-0.0009458739437642366,0.0,0.007514666715239248,neighbor,0.742798353909465,253.0,0.4170370370370371,746.0,0.7593168724279834,213.0,533.0,0.0,0.5986835390946502
stable_compact_current,robustness,0.5365,0.4635,36,0.030758,True,rank,rank_average,13,0.007780839798077855,0.10115091737501211,0.5384615384615384,-0.014297314717839002,0.03416898172948568,0.017261546766766483,0.021092632836570938,0.06327789850971281,1.0,0.007360406341505397,0.0319464865639638,0.010241504040538507,0.010158852707619768,0.07111196895333838,0.5714285714285714,-0.012436627917239942,0.0319464865639638,0.016847848789254678,0.007780839798077855,0.10115091737501211,0.5384615384615384,-0.014297314717839002,0.03416898172948568,0.017261546766766483,0.015451734809542216,0.002257887402082657,0.00025542636647904427,0.0,0.007235057209725939,neighbor,0.5739588477366254,489.0,0.538074074074074,557.0,0.8444032921810699,79.0,478.0,0.0,0.5983773662551439
stable_extra_wide_capacity,robustness,0.235,0.765,45,0.03,False,equal,rank_average,13,0.004949467094170734,0.06434307222421953,0.6923076923076923,-0.023824673734889164,0.02595139237794132,0.016272646457767128,0.016453706845457248,0.04936112053637175,1.0,0.011340176620699288,0.023978906873918182,0.005434242604998861,0.012347098579053492,0.08642969005337445,0.8571428571428571,-0.01312124576846281,0.02595139237794132,0.012037099344794902,0.004949467094170734,0.06434307222421953,0.6923076923076923,-0.023824673734889164,0.02595139237794132,0.016272646457767128,0.014120871186741397,0.0035649779436106193,-0.0043486383965284136,0.0,0.006600292789842075,neighbor,0.5100576131687242,575.0,0.7141563786008229,280.0,0.4861481481481481,624.0,344.0,0.0,0.5983156378600822
recent_compact_capacity,robustness,0.055,0.945,30,0.030758,True,rank,rank_average,13,0.0031784971634983878,0.04132046312547904,0.6923076923076923,-0.0346887824654922,0.02210741992755704,0.015772118346526733,0.015898075779222,0.047694227337666,1.0,0.011802939915330782,0.02210741992755704,0.004464525699563975,0.012081141764108549,0.08456799234875985,1.0,0.001673216958502484,0.02210741992755704,0.0069576173861623635,0.0031784971634983878,0.04132046312547904,0.6923076923076923,-0.0346887824654922,0.02210741992755704,0.015772118346526733,0.013956873366215698,0.008438412401847693,-0.008943247138110655,0.0,0.008038547856601144,neighbor,0.5010452674897119,596.0,0.9069341563786009,47.0,0.26235802469135805,1032.0,985.0,0.05,0.5978921810699589
recent_compact_capacity,robustness,0.05,0.95,30,0.030758,True,rank,rank_average,13,0.0030299125270477007,0.03938886285162011,0.6923076923076923,-0.0346887824654922,0.02126250699872445,0.015631358095691834,0.015653456359197366,0.0469603690775921,1.0,0.01266028762415302,0.02126250699872445,0.003969187418579374,0.01196092449209791,0.08372647144468537,1.0,0.001673216958502484,0.02126250699872445,0.006755522546788871,0.0030299125270477007,0.03938886285162011,0.6923076923076923,-0.0346887824654922,0.02126250699872445,0.015631358095691834,0.014100365040712996,0.008369888556801628,-0.009027940380887547,0.0,0.0080524048097128,neighbor,0.5070699588477366,583.0,0.9050576131687242,50.0,0.2440617283950617,1048.0,998.0,0.05,0.5967131687242798
stable_compact_current,robustness,0.5565,0.4435,31,0.037758,True,rank,rank_average,13,0.006245224661751202,0.08118792060276563,0.46153846153846156,-0.017614122481489587,0.04001231787195231,0.0184119263913348,0.02393998937659771,0.07181996812979313,1.0,0.01704216331698856,0.02969104620724599,0.005227164262531545,0.009135545163845476,0.06394881614691833,0.5714285714285714,-0.014984411726450125,0.02969104620724599,0.018102219140771803,0.006245224661751202,0.08118792060276563,0.46153846153846156,-0.017614122481489587,0.04001231787195231,0.0184119263913348,0.020269707839266918,0.0008338334450919509,-0.0017913439001549171,0.0,0.008214406600974907,neighbor,0.9300823045267489,15.0,0.3961728395061729,798.0,0.6407818930041153,314.0,783.0,0.05,0.5964279835390947
stable_compact_current,robustness,0.5365,0.4635,36,0.03,True,rank,rank_average,13,0.007769501496546429,0.10100351945510358,0.5384615384615384,-0.01373898211736718,0.0327886927612901,0.017146345435137135,0.020809517398989726,0.06242855219696918,1.0,0.006965041435921722,0.031948602351909494,0.010377345016880478,0.010249978611153834,0.07174985027807684,0.5714285714285714,-0.012514625320836276,0.031948602351909494,0.01691945367162571,0.007769501496546429,0.10100351945510358,0.5384615384615384,-0.01373898211736718,0.0327886927612901,0.017146345435137135,0.015159888591278311,0.002284090023910285,0.00043321329276183355,0.0,0.007156777941185228,neighbor,0.5610205761316872,504.0,0.5414814814814815,554.0,0.8545267489711933,53.0,501.0,0.0,0.5962539094650205
recent_compact_capacity,robustness,0.05,0.95,31,0.033758,True,rank,rank_average,13,0.0025365739745744046,0.03297546166946726,0.6923076923076923,-0.033037177438893006,0.02072851326450758,0.01510982920495686,0.015879493790560407,0.047638481371681224,1.0,0.013252142338522354,0.02072851326450758,0.0034327721698756805,0.011135322800537539,0.07794725960376277,1.0,0.002554352571289071,0.02072851326450758,0.006507982497198733,0.0025365739745744046,0.03297546166946726,0.6923076923076923,-0.033037177438893006,0.02072851326450758,0.01510982920495686,0.01442451843233181,0.008190070344831789,-0.00876411369701959,0.0,0.008140721973554092,neighbor,0.540724279835391,531.0,0.8875267489711933,66.0,0.20379012345679012,1101.0,1035.0,0.05,0.5962452674897118
stable_compact_current,robustness,0.5965,0.40349999999999997,36,0.032,True,rank,rank_average,13,0.007339034756029816,0.09540745182838761,0.5384615384615384,-0.014549894086082224,0.035084459421987034,0.01717053439316787,0.021592745108099654,0.06477823532429897,1.0,0.009996811880850828,0.030231449438861337,0.00852130824602562,0.009892656059721361,0.06924859241804952,0.5714285714285714,-0.013301017332498409,0.030231449438861337,0.016882208904189105,0.007339034756029816,0.09540745182838761,0.5384615384615384,-0.014549894086082224,0.035084459421987034,0.01717053439316787,0.016606812632297574,0.0018209068057452712,-7.975369900860058e-05,0.0,0.007450170060653112,neighbor,0.6398600823045267,397.0,0.4853333333333334,634.0,0.8118106995884774,137.0,497.0,0.0,0.5961156378600824
short_aggressive_wide_capacity,robustness,0.6035,0.39649999999999996,31,0.037,True,rank,rank_average,13,0.005240833690083561,0.0681308379710863,0.5384615384615384,-0.019489662456039926,0.03865533289543059,0.018929172117179784,0.02219856611090507,0.06659569833271521,1.0,0.014271214433690137,0.035336804373366094,0.009356095130265528,0.008603598535419114,0.060225189747933804,0.5714285714285714,-0.011590317872380428,0.035336804373366094,0.017198352194784623,0.005240833690083561,0.0681308379710863,0.5384615384615384,-0.019489662456039926,0.03865533289543059,0.018929172117179784,0.018362683446333634,0.0016506748387319244,-0.0029058518686840085,0.0,0.007651999275660218,neighbor,0.7896872427983539,191.0,0.44166666666666665,703.0,0.5426995884773662,496.0,512.0,0.0,0.5960298353909464
stable_compact_current,robustness,0.5465,0.4535,31,0.037758,True,rank,rank_average,13,0.006274227801990446,0.0815649614258758,0.46153846153846156,-0.017614122481489587,0.04001231787195231,0.018476219045045757,0.024035810677834984,0.07210743203350495,1.0,0.01636390138850196,0.030656772039444405,0.005882171170649654,0.009176611435804307,0.06423628005063015,0.5714285714285714,-0.014984411726450125,0.030656772039444405,0.01822161066210554,0.006274227801990446,0.0815649614258758,0.46153846153846156,-0.017614122481489587,0.04001231787195231,0.018476219045045757,0.020100499544571587,0.0008572412201084841,-0.0017748121102185484,0.0,0.00815973655034467,neighbor,0.9238600823045267,19.0,0.39922222222222226,787.0,0.6450041152263374,310.0,768.0,0.05,0.5959446502057614
stable_compact_current,robustness,0.55,0.44999999999999996,31,0.037758,True,rank,rank_average,13,0.006267337269729035,0.08147538450647746,0.46153846153846156,-0.017614122481489587,0.04001231787195231,0.018478702730749242,0.024035810677834984,0.07210743203350495,1.0,0.01636390138850196,0.030656772039444405,0.005882171170649654,0.009176611435804307,0.06423628005063015,0.5714285714285714,-0.014984411726450125,0.030656772039444405,0.01822161066210554,0.006267337269729035,0.08147538450647746,0.46153846153846156,-0.017614122481489587,0.04001231787195231,0.018478702730749242,0.020100499544571587,0.0008572412201084841,-0.0017787397136075525,0.0,0.00815914740983632,neighbor,0.9238600823045267,19.0,0.39922222222222226,787.0,0.6440658436213992,312.0,768.0,0.05,0.5958039094650206
balanced_medium_current,robustness,0.025,0.975,49,0.03,True,equal,rank_average,13,0.00789711322488957,0.1026624719235644,0.7692307692307693,-0.021733000206581633,0.02729378438673396,0.014438155988539952,0.017937832757399328,0.05381349827219799,1.0,0.014747511573535883,0.021744264317666864,0.002889444149262472,0.010034626561492526,0.07024238593044768,0.8571428571428571,-0.014546857826489259,0.021744264317666864,0.011417522558710091,0.00789711322488957,0.1026624719235644,0.7692307692307693,-0.021733000206581633,0.02729378438673396,0.014438155988539952,0.01609124349098446,0.0017764169144521406,-0.0019013047607541154,0.0,0.006950689293784131,neighbor,0.6433662551440328,388.0,0.5088600823045267,602.0,0.7291440329218107,231.0,371.0,0.0,0.5957051440329217
balanced_medium_current,robustness,0.0,1.0,48,0.03,True,equal,rank_average,13,0.008639633094985864,0.11231523023481622,0.7692307692307693,-0.026515149226113168,0.03888300514793497,0.015544630406278284,0.015787209834027593,0.04736162950208278,1.0,0.012256356959818231,0.01861692858788993,0.0026435972524817726,0.009296044710668515,0.06507231297467961,0.8571428571428571,-0.0036249282175910384,0.01861692858788993,0.007281757187449292,0.008639633094985864,0.11231523023481622,0.7692307692307693,-0.026515149226113168,0.03888300514793497,0.015544630406278284,0.014043307402135743,0.004959662030418868,-0.003056177611244634,0.0,0.007390744232856093,neighbor,0.5039341563786008,589.0,0.6382057613168725,399.0,0.7101810699588478,248.0,341.0,0.0,0.5952934156378601
stable_extra_wide_capacity,robustness,0.235,0.765,47,0.03,False,equal,rank_average,13,0.00469181326204333,0.06099357240656329,0.6923076923076923,-0.02380895115586534,0.025968427236582728,0.016857578698232643,0.016101802964186476,0.04830540889255942,1.0,0.011011313402905405,0.023222992064800246,0.005188068323864479,0.012797945389993386,0.0895856177299537,0.8571428571428571,-0.012522318318158475,0.025968427236582728,0.01212324073708411,0.00469181326204333,0.06099357240656329,0.6923076923076923,-0.02380895115586534,0.025968427236582728,0.016857578698232643,0.013811761112545076,0.00401960668444679,-0.004490312629763173,0.0,0.006659980558554611,neighbor,0.4866995884773662,613.0,0.7340823045267489,234.0,0.4663333333333333,666.0,432.0,0.0,0.5949668724279835
stable_compact_current,robustness,0.5215,0.47850000000000004,30,0.031758,True,rank,rank_average,13,0.007788711063167151,0.10125324382117296,0.5384615384615384,-0.017466123047472974,0.03860036955440285,0.017400841111100532,0.020493445728221905,0.061480337184665716,1.0,0.007093129837653291,0.030221550664636505,0.009792677960475173,0.009644514269172852,0.06751159988420996,0.5714285714285714,-0.009582047591379456,0.030221550664636505,0.015215188288732667,0.007788711063167151,0.10125324382117296,0.5384615384615384,-0.017466123047472974,0.03860036955440285,0.017400841111100532,0.01502199691151207,0.0029067259997018757,-0.0007857937611992679,0.0,0.007198956400290783,neighbor,0.5497860082304526,519.0,0.5781728395061728,494.0,0.7651440329218108,202.0,317.0,0.0,0.5948637860082305
stable_extra_wide_capacity,robustness,0.275,0.725,45,0.03,False,equal,rank_average,13,0.005724604277261774,0.07441985560440306,0.6923076923076923,-0.02382467373488916,0.025922220735236208,0.01471538028163474,0.016438306024337688,0.04931491807301307,1.0,0.011211969266459596,0.023978906873918182,0.005462938018001694,0.011710644980786512,0.08197451486550558,0.8571428571428571,-0.01312124576846281,0.025922220735236208,0.01190783491395826,0.005724604277261774,0.07441985560440306,0.6923076923076923,-0.02382467373488916,0.025922220735236208,0.01471538028163474,0.014069784291804149,0.0032021993925984414,-0.003906810202166521,0.0,0.00648288191306598,neighbor,0.5049094650205761,587.0,0.6897613168724279,322.0,0.5486172839506173,478.0,265.0,0.0,0.5946489711934155
balanced_medium_current,robustness,0.0,1.0,51,0.03,True,equal,rank_average,13,0.008021335628498657,0.10427736317048254,0.6923076923076923,-0.02665263657116722,0.038540551567669515,0.015419305776320414,0.016508313839869827,0.049524941519609476,1.0,0.010995439204758622,0.020742098763089925,0.00408055519137629,0.009469647683529921,0.06628753378470945,0.8571428571428571,-0.002570846144467352,0.020742098763089925,0.00749030690266259,0.008021335628498657,0.10427736317048254,0.6923076923076923,-0.02665263657116722,0.038540551567669515,0.015419305776320414,0.014038233826296147,0.005406462809080686,-0.0035309010679332566,0.0,0.00751856663441478,neighbor,0.5016008230452675,594.0,0.6533415637860082,377.0,0.6652098765432097,284.0,310.0,0.0,0.5944255144032922
short_aggressive_wide_capacity,robustness,0.5835,0.4165,30,0.037,True,rank,rank_average,13,0.005185719696009603,0.06741435604812485,0.5384615384615384,-0.019408375528131634,0.03830853167487423,0.018903504172070717,0.023631719817021196,0.07089515945106359,1.0,0.017326873506619107,0.03494300728160411,0.008015833583903318,0.008644291122744254,0.060510037859209775,0.5714285714285714,-0.011756090519548503,0.03494300728160411,0.01714926437492667,0.005185719696009603,0.06741435604812485,0.5384615384615384,-0.019408375528131634,0.03830853167487423,0.018903504172070717,0.020187948552886387,0.00161916463994179,-0.0029104421590964275,0.0,0.008367237185263898,neighbor,0.9229218106995883,21.0,0.4305061728395062,724.0,0.5387119341563785,501.0,703.0,0.05,0.59370329218107
balanced_medium_current,robustness,0.01,0.99,49,0.03,True,equal,rank_average,13,0.007741253357108019,0.10063629364240426,0.7692307692307693,-0.021733000206581633,0.02729378438673396,0.014381945285130903,0.017937832757399328,0.05381349827219799,1.0,0.014747511573535883,0.021744264317666864,0.002889444149262472,0.010034626561492526,0.07024238593044768,0.8571428571428571,-0.014546857826489259,0.021744264317666864,0.01141752255871009,0.007741253357108019,0.10063629364240426,0.7692307692307693,-0.021733000206581633,0.02729378438673396,0.014381945285130903,0.01609124349098446,0.0017764169144521406,-0.0019901448853895986,0.0,0.006937363275088808,neighbor,0.6433662551440328,388.0,0.5088600823045267,602.0,0.7150699588477367,242.0,360.0,0.0,0.5935940329218107
recent_compact_capacity,robustness,0.055,0.945,30,0.031758,True,rank,rank_average,13,0.0031602189098346306,0.0410828458278502,0.6923076923076923,-0.03401141728242356,0.02162054374144822,0.015446802821551633,0.015874917497693698,0.047624752493081096,1.0,0.011978732916734076,0.02162054374144822,0.004147807038500778,0.011790923899996447,0.08253646729997513,1.0,0.001511212395368864,0.02162054374144822,0.0068623940522461995,0.0031602189098346306,0.0410828458278502,0.6923076923076923,-0.03401141728242356,0.02162054374144822,0.015446802821551633,0.014001684836207652,0.0082195267134697,-0.008730135232286345,0.0,0.007989940670701474,neighbor,0.5025020576131687,591.0,0.8904897119341564,62.0,0.2660617283950617,1022.0,960.0,0.05,0.5916304526748971
stable_compact_current,robustness,0.5365,0.4635,30,0.032758,True,rank,rank_average,13,0.007856274225858256,0.10213156493615733,0.5384615384615384,-0.017467670140302913,0.03850969769471496,0.017525480990110743,0.02055711481636235,0.061671344449087055,1.0,0.005979991428328127,0.030433459221678602,0.010521914086431852,0.009698136164540778,0.06788695315178545,0.5714285714285714,-0.00968804896971262,0.030433459221678602,0.015466816332079013,0.007856274225858256,0.10213156493615733,0.5384615384615384,-0.017467670140302913,0.03850969769471496,0.017525480990110743,0.014690952616674822,0.0029023100252116504,-0.000747793299099218,0.0,0.00707025156315029,neighbor,0.5377860082304526,534.0,0.5800246913580247,491.0,0.7693415637860082,195.0,339.0,0.0,0.5915267489711934
short_aggressive_wide_capacity,robustness,0.6035,0.39649999999999996,32,0.035,True,rank,rank_average,13,0.005135019952162773,0.06675525937811605,0.5384615384615384,-0.018168676151135287,0.03552926834847488,0.018371052389857066,0.02203085657809087,0.0660925697342726,1.0,0.014108930747611426,0.034981206106671964,0.0092331559549208,0.008478063640839641,0.05934644548587749,0.5714285714285714,-0.011528623662364623,0.034981206106671964,0.01754319441784902,0.005135019952162773,0.06675525937811605,0.5384615384615384,-0.018168676151135287,0.03552926834847488,0.018371052389857066,0.018213535396223567,0.00159947903812684,-0.002530240218680326,0.0,0.007625643692844457,neighbor,0.7751687242798354,206.0,0.43586419753086425,715.0,0.5654526748971193,440.0,509.0,0.0,0.591024279835391
recent_compact_capacity,robustness,0.065,0.935,32,0.030758,True,rank,rank_average,13,0.003425073331347318,0.04452595330751513,0.6923076923076923,-0.03425235007896725,0.02040051945708677,0.014633636737047479,0.015638421537616375,0.046915264612849124,1.0,0.012267150810775049,0.02040051945708677,0.003463016179962104,0.011216531468082607,0.07851572027657826,1.0,0.002144009519767078,0.02040051945708677,0.005779466878244282,0.003425073331347318,0.04452595330751513,0.6923076923076923,-0.03425235007896725,0.02040051945708677,0.014633636737047479,0.0139620600439971,0.008100946078330222,-0.008658676034883529,0.0,0.007931448347614911,neighbor,0.4979094650205761,600.0,0.8838230452674896,69.0,0.2934444444444444,976.0,907.0,0.05,0.5909008230452675
balanced_medium_current,robustness,0.0,1.0,47,0.03,True,equal,rank_average,13,0.008527451476861505,0.11085686919919957,0.7692307692307693,-0.026179958184770764,0.040155861437101176,0.015438146397683015,0.015570119188594342,0.046710357565783026,1.0,0.012881098421333111,0.019602190541370794,0.0029035734854310977,0.009004902497161177,0.06303431748012824,0.8571428571428571,-0.002620023377848957,0.019602190541370794,0.007130307262076689,0.008527451476861505,0.11085686919919957,0.7692307692307693,-0.026179958184770764,0.040155861437101176,0.015438146397683015,0.014125730416538702,0.005125329565834572,-0.003009508089932525,0.0,0.007505264257751159,neighbor,0.5144773662551441,567.0,0.619761316872428,439.0,0.7073168724279835,251.0,316.0,0.0,0.5907810699588477
stable_compact_current,robustness,0.5215,0.47850000000000004,30,0.032,True,rank,rank_average,13,0.007694127297629715,0.1000236548691863,0.5384615384615384,-0.017448803925763014,0.03832525269434896,0.01733284977127631,0.020456300138801817,0.061368900416405456,1.0,0.007011224057964132,0.030187324189322615,0.00981931909342036,0.00960631674000154,0.06724421718001078,0.5714285714285714,-0.009773748239220587,0.030187324189322615,0.015288882711159578,0.007694127297629715,0.1000236548691863,0.5384615384615384,-0.017448803925763014,0.03832525269434896,0.01733284977127631,0.014973795018245199,0.002821692194286655,-0.0008339911973913181,0.0,0.007134180815118377,neighbor,0.5480329218106995,521.0,0.5724938271604938,500.0,0.7595390946502057,212.0,309.0,0.0,0.5907662551440329
stable_extra_wide_capacity,robustness,0.31,0.69,46,0.03,False,equal,rank_average,13,0.00744316350006609,0.09676112550085918,0.7692307692307693,-0.023361267771716737,0.027633806328675792,0.01486401851833343,0.015374954512001132,0.046124863536003397,1.0,0.008688388653214859,0.02428615216917939,0.006559181689499645,0.013428815395629828,0.09400170776940879,0.8571428571428571,-0.01271536593474114,0.027633806328675792,0.013176680830675067,0.00744316350006609,0.09676112550085918,0.7692307692307693,-0.023361267771716737,0.027633806328675792,0.01486401851833343,0.012630892327401548,0.004315496874187282,-0.0026973844003980833,0.0,0.006589722864285184,neighbor,0.39051440329218107,765.0,0.7412674897119341,219.0,0.6709341563786008,274.0,546.0,0.0,0.5904162551440328
stable_compact_current,robustness,0.5565,0.4435,32,0.037758,True,rank,rank_average,13,0.0062613052307944755,0.08139696800032818,0.46153846153846156,-0.017755002307770072,0.03960320555485469,0.018280858015525512,0.023543566710437502,0.07063070013131251,1.0,0.016615101527747908,0.028933828909503412,0.005145374128970915,0.009151782561048408,0.06406247792733885,0.5714285714285714,-0.014531796032369405,0.028933828909503412,0.017927208526401853,0.0062613052307944755,0.08139696800032818,0.46153846153846156,-0.017755002307770072,0.03960320555485469,0.018280858015525512,0.019902816529106186,0.0009924519405442595,-0.0018286683184728114,0.0,0.00813342973711647,neighbor,0.9103045267489712,33.0,0.4019999999999999,778.0,0.6358683127572017,322.0,745.0,0.05,0.5904020576131687
stable_compact_current,robustness,0.5715,0.4285,33,0.037758,True,rank,rank_average,13,0.006341582007965118,0.08244056610354654,0.5384615384615384,-0.017560778024472264,0.039079636956140945,0.018174468414999256,0.02331342580886651,0.06994027742659953,1.0,0.01586161069955164,0.028675688888877816,0.005435980176743116,0.009256395627179103,0.06479476939025372,0.5714285714285714,-0.014310143883475339,0.028675688888877816,0.017856692500083957,0.006341582007965118,0.08244056610354654,0.5384615384615384,-0.017560778024472264,0.039079636956140945,0.018174468414999256,0.019522984241905954,0.001125226597373797,-0.001641893465074192,0.0,0.008069261645819462,neighbor,0.8812674897119341,66.0,0.41195061728395055,754.0,0.6825761316872427,269.0,688.0,0.05,0.5902711934156377
stable_compact_capacity,robustness,0.988,0.01200000000000001,32,0.03125,True,equal,rank_average,13,0.004376916352733893,0.05689991258554061,0.6153846153846154,-0.019066457231269568,0.029758369713390645,0.014868281549156571,0.019923004824583753,0.059769014473751256,1.0,0.012078500093339137,0.029758369713390645,0.007353778646416264,0.010453450769429449,0.07317415538600613,0.7142857142857143,-0.01363744901918226,0.029758369713390645,0.015368082334730894,0.004376916352733893,0.05689991258554061,0.6153846153846154,-0.019066457231269568,0.029758369713390645,0.014868281549156571,0.016342017780814653,0.0021723944765303536,-0.0031817039498760235,0.0,0.007037129034283118,neighbor,0.6440699588477365,386.0,0.5651440329218106,513.0,0.5191810699588477,544.0,158.0,0.0,0.5898199588477365
stable_extra_wide_capacity,robustness,0.3,0.7,45,0.03,False,equal,rank_average,13,0.006811479397147447,0.08854923216291681,0.7692307692307693,-0.02298345684315761,0.025922220735236208,0.014290381298073291,0.01678065191330583,0.050341955739917496,1.0,0.011211969266459593,0.023978906873918182,0.0053379336459301605,0.011453940959308353,0.08017758671515847,0.8571428571428571,-0.01594521158571436,0.025922220735236208,0.012797042947756217,0.006811479397147447,0.08854923216291681,0.7692307692307693,-0.02298345684315761,0.025922220735236208,0.014290381298073291,0.014264921448515988,0.0021239693806628782,-0.0029327667326371973,0.0,0.006221839790809111,rounded,0.5159958847736625,559.0,0.6368353909465021,405.0,0.6443415637860083,311.0,248.0,0.0,0.5896255144032923
stable_extra_wide_capacity,robustness,0.275,0.725,48,0.03,False,equal,rank_average,13,0.006036093127633678,0.07846921065923781,0.6923076923076923,-0.022635024667904787,0.025848078553306585,0.01562172891598333,0.015421186557544873,0.04626355967263462,1.0,0.01037241193703281,0.02211225357828625,0.00493145101610167,0.013080252451136334,0.09156176715795433,0.8571428571428571,-0.01272961070069018,0.025848078553306585,0.012633051258660127,0.006036093127633678,0.07846921065923781,0.6923076923076923,-0.022635024667904787,0.025848078553306585,0.01562172891598333,0.013212972277021406,0.004112115223062807,-0.003336677365349691,0.0,0.006635139156384372,neighbor,0.42990946502057614,690.0,0.7294156378600823,243.0,0.5935185185185186,371.0,447.0,0.0,0.5892286008230453
stable_compact_current,robustness,0.5715,0.4285,32,0.037758,True,rank,rank_average,13,0.006265864876904287,0.08145624339975574,0.46153846153846156,-0.017755002307770072,0.03960320555485469,0.01829286634556833,0.023549886234347863,0.07064965870304359,1.0,0.016400557878376378,0.029167331130606024,0.005323383950024585,0.009154490928438562,0.06408143649906993,0.5714285714285714,-0.014531796032369405,0.029167331130606024,0.01795164150038014,0.006265864876904287,0.08145624339975574,0.46153846153846156,-0.017755002307770072,0.03960320555485469,0.01829286634556833,0.019835619253442488,0.0009939957099566472,-0.001826069320190219,0.0,0.008107635372828954,neighbor,0.9058847736625514,39.0,0.4029382716049382,776.0,0.6363374485596708,321.0,737.0,0.05,0.5891267489711933
stable_compact_current,robustness,0.5965,0.40349999999999997,36,0.034758,True,rank,rank_average,13,0.0065936813102409906,0.08571785703313288,0.5384615384615384,-0.01597765654160397,0.036782443737480214,0.01745645059608901,0.02191813300100871,0.06575439900302613,1.0,0.012539008947901286,0.028945463274698525,0.006901262511550645,0.009154211936383976,0.06407948355468783,0.5714285714285714,-0.014032436089822714,0.028945463274698525,0.017248024295203324,0.0065936813102409906,0.08571785703313288,0.5384615384615384,-0.01597765654160397,0.036782443737480214,0.01745645059608901,0.01763120876338239,0.0011586254655259422,-0.0009757667734304076,0.0,0.0074274999488250695,neighbor,0.7275884773662551,278.0,0.4095308641975308,761.0,0.7579094650205761,215.0,546.0,0.0,0.5890106995884774
stable_compact_current,robustness,0.55,0.44999999999999996,32,0.037758,True,rank,rank_average,13,0.006277033565801508,0.0816014363554196,0.46153846153846156,-0.017755002307770072,0.03960320555485469,0.018337120817361066,0.023628989927908763,0.07088696978372629,1.0,0.016066248695451032,0.029738951394214064,0.005675598444739661,0.009188392511393232,0.06431874757975262,0.5714285714285714,-0.014531796032369405,0.029738951394214064,0.01802496337060818,0.006277033565801508,0.0816014363554196,0.46153846153846156,-0.017755002307770072,0.03960320555485469,0.018337120817361066,0.019770386328406834,0.0010133196122408086,-0.0018197031675188033,0.0,0.008091192881743276,neighbor,0.9022551440329217,41.0,0.4050493827160494,769.0,0.6386831275720165,318.0,728.0,0.05,0.5889767489711933
recent_compact_capacity,robustness,0.055,0.945,36,0.031758,True,rank,rank_average,13,0.002979300553804213,0.03873090719945477,0.6923076923076923,-0.02863133028342498,0.019731464241426917,0.013666142001647605,0.01593651853316075,0.047809555599482245,1.0,0.013975529386753376,0.019731464241426917,0.002683932937053399,0.010866228370928087,0.07606359859649661,1.0,0.001563109789359567,0.019731464241426917,0.00604135753995191,0.002979300553804213,0.03873090719945477,0.6923076923076923,-0.02863133028342498,0.019731464241426917,0.013666142001647605,0.01469574026153024,0.007709576401917667,-0.007057829985554151,0.0,0.008288930987641925,neighbor,0.5580576131687243,509.0,0.8356995884773661,99.0,0.26453086419753086,1027.0,928.0,0.05,0.5889674897119341
stable_extra_wide_capacity,robustness,0.3,0.7,46,0.03,False,equal,rank_average,13,0.007532096496154177,0.0979172544500043,0.7692307692307693,-0.023361267771716734,0.027633806328675792,0.014795960151362772,0.01522683065842633,0.045680491975278986,1.0,0.008688388653214859,0.023841780608454974,0.006358209175071788,0.013365333744097766,0.09355733620868437,0.8571428571428571,-0.01271536593474114,0.027633806328675792,0.013125190051756119,0.007532096496154177,0.0979172544500043,0.7692307692307693,-0.023361267771716734,0.027633806328675792,0.014795960151362772,0.01254646173086391,0.004279312332814007,-0.002646692592627872,0.0,0.006547271353217686,neighbor,0.385119341563786,773.0,0.7393909465020575,223.0,0.6788477366255143,271.0,550.0,0.0,0.5886008230452674
short_aggressive_wide_capacity,robustness,0.6435,0.35650000000000004,30,0.039,True,rank,rank_average,13,0.005571929300235238,0.0724350809030581,0.5384615384615384,-0.020681740371034048,0.04218144255370607,0.019535289129431192,0.021926894104611922,0.06578068231383577,1.0,0.015601327560078843,0.0341690153266621,0.008658097238553378,0.008725917592275128,0.0610814231459259,0.5714285714285714,-0.011931587598777951,0.0341690153266621,0.017012978390461574,0.005571929300235238,0.0724350809030581,0.5384615384615384,-0.020681740371034048,0.04218144255370607,0.019535289129431192,0.018646767734454815,0.0016077776914286696,-0.003110513082845612,0.0,0.007715630092497985,neighbor,0.7970452674897118,175.0,0.4189753086419753,742.0,0.5412181069958848,497.0,567.0,0.0,0.5885397119341564
stable_compact_current,robustness,0.55,0.44999999999999996,33,0.037758,True,rank,rank_average,13,0.006191494086346971,0.08048942312251062,0.46153846153846156,-0.017560778024472264,0.039079636956140945,0.01828892893637577,0.023451957204656742,0.07035587161397022,1.0,0.015787088038060948,0.0291658057377392,0.005633375717170957,0.009315766225374916,0.06521036357762441,0.5714285714285714,-0.014310143883475339,0.0291658057377392,0.017929633621474813,0.006191494086346971,0.08048942312251062,0.46153846153846156,-0.017560778024472264,0.039079636956140945,0.01828892893637577,0.019577354659214456,0.0011590678383454108,-0.0018043666573196128,0.0,0.008081867392343274,neighbor,0.8882551440329217,61.0,0.41593827160493824,747.0,0.6403621399176954,315.0,686.0,0.05,0.5885286008230451
short_aggressive_wide_capacity,robustness,0.5835,0.4165,31,0.036,True,rank,rank_average,13,0.004962129702601149,0.06450768613381494,0.5384615384615384,-0.017974875712704154,0.03662952406230642,0.018335967423370392,0.023073145204747413,0.06921943561424224,1.0,0.017143708218074944,0.03424268261851101,0.007903067790471936,0.008264271239425091,0.05784989867597564,0.5714285714285714,-0.011217433623240933,0.03424268261851101,0.01688161393836238,0.004962129702601149,0.06450768613381494,0.5384615384615384,-0.017974875712704154,0.03662952406230642,0.018335967423370392,0.019809116478670757,0.0015803100822313644,-0.002564833516248178,0.0,0.00825006110103519,neighbor,0.8898106995884772,58.0,0.44327160493827156,701.0,0.5540329218106995,468.0,643.0,0.05,0.588501440329218
stable_extra_wide_capacity,robustness,0.295,0.7050000000000001,45,0.03,False,equal,rank_average,13,0.006704903887931292,0.0871637505431068,0.7692307692307693,-0.02298345684315761,0.025922220735236208,0.014311936953907176,0.01678065191330583,0.050341955739917496,1.0,0.011211969266459596,0.023978906873918182,0.005337933645930159,0.01145394095930835,0.08017758671515846,0.8571428571428571,-0.015945211585714363,0.025922220735236208,0.012797042947756217,0.006704903887931292,0.0871637505431068,0.7692307692307693,-0.02298345684315761,0.025922220735236208,0.014311936953907176,0.014264921448515992,0.0021239693806628765,-0.0029935147728904063,0.0,0.0062127275847711294,neighbor,0.51640329218107,558.0,0.6354526748971193,411.0,0.6396502057613169,316.0,242.0,0.0,0.5884625514403292
short_aggressive_wide_capacity,robustness,0.6435,0.35650000000000004,31,0.037,True,rank,rank_average,13,0.005297559424030003,0.06886827251239004,0.5384615384615384,-0.019913004368535863,0.03938489247311286,0.01897841268780066,0.02186722154809237,0.06560166464427711,1.0,0.015184176720991326,0.0334298083976268,0.008209068829913289,0.008343147420920644,0.058402031946444506,0.5714285714285714,-0.011590317872380428,0.0334298083976268,0.01717967254211525,0.005297559424030003,0.06886827251239004,0.5384615384615384,-0.019913004368535863,0.03938489247311286,0.01897841268780066,0.01847509460033979,0.001502217703467797,-0.003013221031458195,0.0,0.0076140526519776945,neighbor,0.7896131687242798,192.0,0.4271234567901234,729.0,0.5355884773662551,508.0,537.0,0.0,0.5883890946502057
stable_compact_capacity,robustness,0.953,0.04700000000000004,34,0.03,True,equal,rank_average,13,0.005837318932663879,0.07588514612463042,0.5384615384615384,-0.020058536552754164,0.023919021651649865,0.013452217537632429,0.0166629797185898,0.0499889391557694,1.0,0.012338702685554023,0.020619711816634294,0.0033906828237280874,0.009768055782534443,0.0683763904777411,0.7142857142857143,-0.007593433882722864,0.023919021651649865,0.011767469787909478,0.005837318932663879,0.07588514612463042,0.5384615384615384,-0.020058536552754164,0.023919021651649865,0.013452217537632429,0.014569670325829013,0.0037762443290318016,-0.0027535837323289254,0.0,0.007114140518546578,neighbor,0.5435637860082305,528.0,0.6339094650205762,419.0,0.5694526748971194,429.0,109.0,0.0,0.5881026748971194
stable_compact_current,robustness,0.5565,0.4435,30,0.037758,True,rank,rank_average,13,0.0060038652841607355,0.07805024869408957,0.5384615384615384,-0.01738132997038149,0.0397886926336985,0.01849088621156928,0.024071144182992738,0.07221343254897822,1.0,0.016974006893781826,0.030127947087101523,0.0054202249262662655,0.008900732765125643,0.06230512935587951,0.5714285714285714,-0.01601059202584757,0.030127947087101523,0.018296301414006896,0.0060038652841607355,0.07805024869408957,0.5384615384615384,-0.01738132997038149,0.0397886926336985,0.01849088621156928,0.020321974459253864,0.00036135087902048886,-0.0017751741397927347,0.0,0.008025121558291855,neighbor,0.9352921810699588,11.0,0.36402469135802473,876.0,0.6648230452674897,286.0,865.0,0.05,0.5876514403292181
stable_compact_current,robustness,0.5465,0.4535,33,0.037758,True,rank,rank_average,13,0.006055828990627233,0.07872577687815403,0.46153846153846156,-0.017560778024472264,0.039079636956140945,0.018355526519071238,0.023451957204656742,0.07035587161397022,1.0,0.015787088038060948,0.0291658057377392,0.005633375717170957,0.009315766225374916,0.06521036357762441,0.5714285714285714,-0.014310143883475339,0.0291658057377392,0.017929633621474813,0.006055828990627233,0.07872577687815403,0.46153846153846156,-0.017560778024472264,0.039079636956140945,0.018355526519071238,0.019577354659214456,0.0011590678383454108,-0.0018816957618798635,0.0,0.008070268026659238,neighbor,0.8882551440329217,61.0,0.41593827160493824,747.0,0.6305102880658436,328.0,686.0,0.05,0.5870508230452673
stable_compact_current,robustness,0.5465,0.4535,32,0.037758,True,rank,rank_average,13,0.006118808199834425,0.07954450659784752,0.46153846153846156,-0.017755002307770072,0.03960320555485469,0.018403340345203068,0.023628989927908763,0.07088696978372629,1.0,0.016066248695451032,0.029738951394214064,0.005675598444739661,0.009188392511393232,0.06431874757975262,0.5714285714285714,-0.014531796032369405,0.029738951394214064,0.01802496337060818,0.006118808199834425,0.07954450659784752,0.46153846153846156,-0.017755002307770072,0.03960320555485469,0.018403340345203068,0.019770386328406834,0.0010133196122408086,-0.0019098916261200403,0.0,0.008077664612953091,neighbor,0.9022551440329217,41.0,0.4050493827160494,769.0,0.6246090534979424,333.0,728.0,0.05,0.5868656378600822
stable_compact_current,robustness,0.5715,0.4285,30,0.037758,True,rank,rank_average,13,0.005998139292851392,0.0779758108070681,0.46153846153846156,-0.01738132997038149,0.0397886926336985,0.01853689656231163,0.024187244892259416,0.07256173467677825,1.0,0.016972428901831756,0.030477827206851625,0.005552152841314176,0.00895049021195422,0.06265343148367954,0.5714285714285714,-0.01601059202584757,0.030477827206851625,0.01835450932310517,0.005998139292851392,0.0779758108070681,0.46153846153846156,-0.01738132997038149,0.0397886926336985,0.01853689656231163,0.020387631126192345,0.0003897126237127778,-0.0018553610317621374,0.0,0.008052118976383367,neighbor,0.9378353909465019,7.0,0.36918518518518517,866.0,0.6343374485596709,323.0,859.0,0.05,0.5864181069958847
stable_extra_wide_capacity,robustness,0.295,0.7050000000000001,46,0.03,False,equal,rank_average,13,0.0071911073580535135,0.09348439565469567,0.7692307692307693,-0.023449085755843327,0.027633806328675792,0.014925587787535572,0.01522683065842633,0.045680491975278986,1.0,0.008688388653214862,0.023841780608454974,0.006358209175071786,0.013365333744097768,0.09355733620868438,0.8571428571428571,-0.01271536593474114,0.027633806328675792,0.013125190051756117,0.0071911073580535135,0.09348439565469567,0.7692307692307693,-0.023449085755843327,0.027633806328675792,0.014925587787535572,0.012546461730863913,0.0042793123328140085,-0.002870036336107026,0.0,0.0065137697916958165,neighbor,0.38552674897119343,772.0,0.7398600823045268,222.0,0.6580452674897119,295.0,550.0,0.0,0.5858545267489712
stable_compact_current,robustness,0.5965,0.40349999999999997,36,0.032758,True,rank,rank_average,13,0.007078550926918784,0.09202116204994419,0.5384615384615384,-0.014938171700022707,0.03577181864559338,0.017261074828937233,0.021722431119648142,0.06516729335894443,1.0,0.010641535469615698,0.030049836022234024,0.008159118255358913,0.00963631620505473,0.06745421343538312,0.5714285714285714,-0.013698038674400385,0.030049836022234024,0.01699078783258646,0.007078550926918784,0.09202116204994419,0.5384615384615384,-0.014938171700022707,0.03577181864559338,0.017261074828937233,0.01689349244317262,0.0015437760457576398,-0.00035636109420224824,0.0,0.007398642033729649,neighbor,0.6649218106995884,357.0,0.4459753086419753,696.0,0.7942057613168724,169.0,527.0,0.0,0.5857884773662551
recent_compact_capacity,robustness,0.05,0.95,32,0.033758,True,rank,rank_average,13,0.0025616277261851688,0.03330116044040719,0.6923076923076923,-0.03311003130318351,0.02099508062394271,0.015121093144171864,0.015698697458215713,0.04709609237464714,1.0,0.012477132375464106,0.02099508062394271,0.0037742560546436326,0.011143150315604419,0.07800205220923093,1.0,0.0026423214381198204,0.02099508062394271,0.006529801501000074,0.0025616277261851688,0.03330116044040719,0.6923076923076923,-0.03311003130318351,0.02099508062394271,0.015121093144171864,0.014065711235086112,0.008223561754474059,-0.008773874833817322,0.0,0.008010806058475173,neighbor,0.5058106995884774,585.0,0.8915761316872428,61.0,0.20630864197530863,1095.0,1034.0,0.05,0.5844798353909465
stable_compact_capacity,robustness,0.953,0.04700000000000004,35,0.03,True,equal,rank_average,13,0.005429967156245072,0.07058957303118595,0.5384615384615384,-0.021310346488127463,0.024070166694218048,0.013496335658450782,0.01614333844487154,0.04843001533461462,1.0,0.012286433281187139,0.019628468056219192,0.0030088792437751597,0.009977653880691885,0.0698435771648432,0.7142857142857143,-0.007269366979209898,0.024070166694218048,0.011100098363942693,0.005429967156245072,0.07058957303118595,0.5384615384615384,-0.021310346488127463,0.024070166694218048,0.013496335658450782,0.014256225896368532,0.004002657323140822,-0.0033988715235608344,0.0,0.006993855425426658,neighbor,0.5244526748971193,547.0,0.6587489711934157,370.0,0.5189588477366255,545.0,177.0,0.0,0.5840619341563786
recent_compact_capacity,robustness,0.03,0.97,33,0.03,True,rank,rank_average,13,0.0031061784294398745,0.04038031958271837,0.6923076923076923,-0.030029181570691763,0.022916490480895876,0.014049785254831542,0.016478265230230833,0.0494347956906925,1.0,0.011282631166021143,0.022916490480895876,0.004830092841210321,0.011271154102307836,0.07889807871615485,1.0,0.0012510014398347603,0.022916490480895876,0.006452001967140693,0.0031061784294398745,0.04038031958271837,0.6923076923076923,-0.030029181570691763,0.022916490480895876,0.014049785254831542,0.014115879466018551,0.007837388313460937,-0.007446800521239861,0.0,0.008056156449278862,neighbor,0.5096872427983539,576.0,0.8614032921810699,81.0,0.276358024691358,1007.0,926.0,0.05,0.5829600823045267
stable_extra_wide_capacity,robustness,0.235,0.765,46,0.03,False,equal,rank_average,13,0.004728630051264662,0.06147219066644061,0.6923076923076923,-0.02344908575584333,0.026164916881671683,0.016532331513846744,0.01664029506288446,0.04992088518865338,1.0,0.00942226545170003,0.023841780608454974,0.005886754035887218,0.012418181354394502,0.08692726948076152,0.8571428571428571,-0.01271536593474114,0.026164916881671683,0.012100624801560808,0.004728630051264662,0.06147219066644061,0.6923076923076923,-0.02344908575584333,0.026164916881671683,0.016532331513846744,0.013594315784905154,0.003739435470683146,-0.00435057147789975,0.0,0.006467886554084515,neighbor,0.46583539094650195,642.0,0.723440329218107,261.0,0.47219753086419747,651.0,390.0,0.0,0.5827119341563785
stable_compact_current,robustness,0.5365,0.4635,30,0.030758,True,rank,rank_average,13,0.0076194159636273386,0.0990524075271554,0.5384615384615384,-0.017938051228580512,0.038511608462537164,0.01744792796640486,0.020157238025642125,0.06047171407692638,1.0,0.006386435934525491,0.028595079017477328,0.00981958289885821,0.009506433028116046,0.06654503119681232,0.5714285714285714,-0.009220579037037331,0.028595079017477328,0.014943866177862955,0.0076194159636273386,0.0990524075271554,0.5384615384615384,-0.017938051228580512,0.038511608462537164,0.01744792796640486,0.014597149533009422,0.002947304315232398,-0.0010380282677024482,0.0,0.007009442514902981,neighbor,0.5320699588477367,537.0,0.5766913580246914,496.0,0.7316131687242797,229.0,308.0,0.0,0.5820810699588478
stable_compact_current,robustness,0.5565,0.4435,33,0.037758,True,rank,rank_average,13,0.006256359484678826,0.08133267330082473,0.46153846153846156,-0.017560778024472264,0.039079636956140945,0.018174232376178087,0.023218435099282408,0.06965530529784722,1.0,0.015776847310927933,0.02847548014874922,0.0054094355356154224,0.00921568532307163,0.06450979726150141,0.5714285714285714,-0.014310143883475339,0.02847548014874922,0.017821216693541208,0.006256359484678826,0.08133267330082473,0.46153846153846156,-0.017560778024472264,0.039079636956140945,0.018174232376178087,0.01944086761919719,0.0011020217240325376,-0.0017673933802704557,0.0,0.00800714781645295,neighbor,0.8744773662551439,69.0,0.41007407407407415,759.0,0.6459917695473251,309.0,690.0,0.05,0.5812230452674897
short_aggressive_wide_capacity,robustness,0.6185,0.38149999999999995,31,0.035,True,rank,rank_average,13,0.005080470485214957,0.06604611630779444,0.5384615384615384,-0.018903482417495603,0.03506389215556141,0.018329745624907818,0.021986637696572026,0.06595991308971608,1.0,0.013920712932201793,0.03506389215556141,0.009330722583626817,0.008529827057805573,0.059708789404639015,0.5714285714285714,-0.01170070806004156,0.03506389215556141,0.017496741919453714,0.005080470485214957,0.06604611630779444,0.5384615384615384,-0.018903482417495603,0.03506389215556141,0.018329745624907818,0.018126218754672647,0.0015721963345640326,-0.002803819482739486,0.0,0.0075374029300119515,neighbor,0.7692181069958847,217.0,0.4247037037037037,730.0,0.5468971193415638,484.0,513.0,0.0,0.5808384773662552
stable_extra_wide_capacity,robustness,0.285,0.7150000000000001,45,0.03,False,equal,rank_average,13,0.006125822837682362,0.07963569688987071,0.6923076923076923,-0.02382467373488916,0.025922220735236208,0.014678755264623826,0.016780651913305834,0.0503419557399175,1.0,0.0112119692664596,0.023978906873918182,0.005337933645930158,0.01145394095930835,0.08017758671515846,0.8571428571428571,-0.015945211585714363,0.025922220735236208,0.012797042947756217,0.006125822837682362,0.07963569688987071,0.6923076923076923,-0.02382467373488916,0.025922220735236208,0.014678755264623826,0.014264921448515992,0.0021239693806628765,-0.003678115622726785,0.0,0.006110037457295673,neighbor,0.517514403292181,557.0,0.6354526748971193,411.0,0.5814567901234569,392.0,165.0,0.0,0.5801779835390947
stable_compact_current,robustness,0.55,0.44999999999999996,30,0.037758,True,rank,rank_average,13,0.005989848517624964,0.07786803072912453,0.5384615384615384,-0.01738132997038149,0.0397886926336985,0.018521347007533547,0.024010404861337726,0.07203121458401318,1.0,0.016126713543958976,0.030793022471959343,0.0060379039891709525,0.008874701627273497,0.06212291139091448,0.5714285714285714,-0.01601059202584757,0.030793022471959343,0.018357530718173743,0.005989848517624964,0.07786803072912453,0.5384615384615384,-0.01738132997038149,0.0397886926336985,0.018521347007533547,0.020007746240468964,0.00034651313044476557,-0.001783163696718125,0.0,0.007891554850380011,neighbor,0.916156378600823,29.0,0.36050617283950614,883.0,0.6634156378600823,289.0,854.0,0.05,0.5782026748971193
stable_compact_current,robustness,0.5465,0.4535,30,0.037758,True,rank,rank_average,13,0.005988318971446272,0.07784814662880153,0.5384615384615384,-0.01738132997038149,0.0397886926336985,0.018521835023410115,0.024010404861337726,0.07203121458401318,1.0,0.016126713543958976,0.030793022471959343,0.0060379039891709525,0.008874701627273497,0.06212291139091448,0.5714285714285714,-0.01601059202584757,0.030793022471959343,0.018357530718173743,0.005988318971446272,0.07784814662880153,0.5384615384615384,-0.01738132997038149,0.0397886926336985,0.018521835023410115,0.020007746240468964,0.00034651313044476557,-0.0017840355380399791,0.0,0.007891424074181735,neighbor,0.916156378600823,29.0,0.36050617283950614,883.0,0.6620082304526749,292.0,854.0,0.05,0.5779915637860081
recent_compact_capacity,robustness,0.055,0.945,36,0.030758,True,rank,rank_average,13,0.00302574453191156,0.03933467891485028,0.6923076923076923,-0.027944529820590962,0.019176775555293568,0.013331818412214024,0.01589145955826524,0.04767437867479572,1.0,0.013865471403283803,0.019176775555293568,0.0023440588600551955,0.010754067856338806,0.07527847499437164,1.0,0.001145616650587148,0.019176775555293568,0.005882895718468841,0.00302574453191156,0.03933467891485028,0.6923076923076923,-0.027944529820590962,0.019176775555293568,0.013331818412214024,0.01463373751129484,0.007507872172806878,-0.006804712765297736,0.0,0.008211330567486371,neighbor,0.5517860082304527,516.0,0.8132551440329219,117.0,0.27361728395061724,1011.0,894.0,0.05,0.5777218106995885
short_aggressive_wide_capacity,robustness,0.5835,0.4165,30,0.035,True,rank,rank_average,13,0.004963150781401614,0.06452096015822098,0.5384615384615384,-0.01803056452855733,0.0353493009802838,0.017875578074557315,0.023203163972835977,0.06960949191850793,1.0,0.016906981309310183,0.034703103161319894,0.008143905685487668,0.00816624683762126,0.05716372786334883,0.5714285714285714,-0.011642497291410724,0.034703103161319894,0.016853010300059704,0.004963150781401614,0.06452096015822098,0.5384615384615384,-0.01803056452855733,0.0353493009802838,0.017875578074557315,0.019805107296588867,0.0013841651627071506,-0.0025826288105634605,0.0,0.008157522920269247,neighbor,0.8960082304526747,50.0,0.4124567901234568,751.0,0.5536872427983539,470.0,701.0,0.05,0.5770619341563785
stable_compact_current,robustness,0.5215,0.47850000000000004,30,0.032758,True,rank,rank_average,13,0.007786835311278313,0.10122885904661806,0.5384615384615384,-0.017467670140302913,0.03850969769471496,0.017363814771166466,0.019933126034546583,0.05979937810363975,1.0,0.006091449485342562,0.030433459221678595,0.010214590580746627,0.009430712400905447,0.06601498680633813,0.5714285714285714,-0.00968804896971262,0.030433459221678595,0.0151914007572501,0.007786835311278313,0.10122885904661806,0.5384615384615384,-0.017467670140302913,0.03850969769471496,0.017363814771166466,0.014372060169854598,0.0027498784799395116,-0.0007873734804097853,0.0,0.006868163361853152,neighbor,0.5193909465020576,553.0,0.5664197530864198,511.0,0.7627736625514403,207.0,346.0,0.0,0.577061316872428
stable_extra_wide_capacity,robustness,0.31,0.69,44,0.03,False,equal,rank_average,13,0.007014771499169129,0.09119202948919868,0.7692307692307693,-0.02335699843734798,0.025698327580365728,0.01497467534378033,0.017243392034069507,0.05173017610220852,1.0,0.009440867580612838,0.025107572319612664,0.006396054014050257,0.011739107728449378,0.08217375409914564,0.8571428571428571,-0.016206262206959064,0.025698327580365728,0.013143114368747133,0.007014771499169129,0.09119202948919868,0.7692307692307693,-0.02335699843734798,0.025698327580365728,0.01497467534378033,0.013944219761021854,0.002200367734062511,-0.002940158960567661,0.0,0.0061268295406517225,neighbor,0.48035390946502055,620.0,0.638551440329218,397.0,0.650440329218107,304.0,316.0,0.0,0.5770557613168723
stable_compact_current,robustness,0.5365,0.4635,30,0.03,True,rank,rank_average,13,0.007339543364028359,0.09541406373236867,0.5384615384615384,-0.017631448011290657,0.03771577323245559,0.017353813084871994,0.02007245680526277,0.060217370415788306,1.0,0.006641496864278078,0.028437899206766183,0.009592197861665128,0.009366289488954292,0.06556402642268004,0.5714285714285714,-0.009540277469434963,0.028437899206766183,0.01518763435114822,0.007339543364028359,0.09541406373236867,0.5384615384615384,-0.017631448011290657,0.03771577323245559,0.017353813084871994,0.014632994344211545,0.0027619220152189797,-0.0010963765877682143,0.0,0.006931606156367927,neighbor,0.5298106995884774,541.0,0.5688148148148148,506.0,0.7275390946502057,233.0,308.0,0.0,0.5770218106995885
short_aggressive_wide_capacity,robustness,0.6185,0.38149999999999995,31,0.037,True,rank,rank_average,13,0.005147062850824316,0.06691181706071611,0.5384615384615384,-0.01979441075271432,0.03854079193127509,0.018807021669511002,0.02173656828282323,0.06520970484846969,1.0,0.014069407509186779,0.034152617813623935,0.008859939516497972,0.008405599466241183,0.05883919626368828,0.5714285714285714,-0.011590317872380428,0.034152617813623935,0.016928632092078403,0.005147062850824316,0.06691181706071611,0.5384615384615384,-0.01979441075271432,0.03854079193127509,0.018807021669511002,0.018032748399240878,0.0015378153693005037,-0.0030598681849643276,0.0,0.007446136048136929,neighbor,0.7580082304526748,233.0,0.43040740740740735,726.0,0.5269218106995884,526.0,493.0,0.0,0.5759248971193416
stable_compact_current,robustness,0.5215,0.47850000000000004,30,0.030758,True,rank,rank_average,13,0.007690411642890008,0.0999753513575701,0.5384615384615384,-0.017938051228580512,0.038511608462537164,0.017341462277160324,0.01979997078930236,0.05939991236790708,1.0,0.006386435934525491,0.02961950223786848,0.009819419121542569,0.009353318498256146,0.06547322948779302,0.5714285714285714,-0.009220579037037331,0.02961950223786848,0.014835343967056621,0.007690411642890008,0.0999753513575701,0.5384615384615384,-0.017938051228580512,0.038511608462537164,0.017341462277160324,0.014393507208295755,0.002860029033212255,-0.0009975607305227267,0.0,0.006894781838685408,neighbor,0.5203415637860083,551.0,0.5705925925925927,503.0,0.7348971193415638,226.0,325.0,0.0,0.5751378600823046
short_aggressive_wide_capacity,robustness,0.6,0.4,32,0.036,True,rank,rank_average,13,0.005080880256181112,0.06605144333035445,0.5384615384615384,-0.0189200139743542,0.03710040818445633,0.01865181199188598,0.02190323701677292,0.06570971105031875,1.0,0.013981616908512393,0.034698982400318844,0.00913309480697006,0.008465300429680874,0.059257103007766126,0.5714285714285714,-0.011807084058270833,0.034698982400318844,0.017315285453715124,0.005080880256181112,0.06605144333035445,0.5384615384615384,-0.0189200139743542,0.03710040818445633,0.01865181199188598,0.018098778679369654,0.0015003120771172943,-0.002809041327052115,0.0,0.007493295707392826,neighbor,0.7654897119341563,220.0,0.4153703703703704,749.0,0.5454650205761317,488.0,529.0,0.0,0.5749323045267489
short_aggressive_wide_capacity,robustness,0.6435,0.35650000000000004,31,0.035,True,rank,rank_average,13,0.005012368297483905,0.06516078786729076,0.5384615384615384,-0.01943756211726439,0.03596583363084399,0.018579975536408385,0.022007919764554306,0.06602375929366291,1.0,0.014360333507126764,0.03468811778458327,0.009029584312045515,0.0081951865557135,0.057366305889994494,0.5714285714285714,-0.01170070806004156,0.03468811778458327,0.017787866544505693,0.005012368297483905,0.06516078786729076,0.5384615384615384,-0.01943756211726439,0.03596583363084399,0.018579975536408385,0.018283424323147786,0.0013814512483715507,-0.003018884030669885,0.0,0.007482190186425829,neighbor,0.780477366255144,201.0,0.40828395061728395,764.0,0.5245514403292181,534.0,563.0,0.0,0.5746014403292181
short_aggressive_wide_capacity,robustness,0.6435,0.35650000000000004,30,0.037,True,rank,rank_average,13,0.005511176631665186,0.07164529621164742,0.5384615384615384,-0.019408375528131634,0.03937783441373305,0.019166040310879442,0.022813148276808203,0.0684394448304246,1.0,0.01603047147623562,0.03378369469134862,0.007829343206131793,0.008739818670054507,0.061178730690381544,0.5714285714285714,-0.011756090519548503,0.03378369469134862,0.01753087153164958,0.005511176631665186,0.07164529621164742,0.5384615384615384,-0.019408375528131634,0.03937783441373305,0.019166040310879442,0.019293550104938433,0.0016736153419086334,-0.0027249317057727457,0.0,0.008061807189968347,neighbor,0.8531440329218106,106.0,0.43613580246913575,714.0,0.5663909465020576,434.0,608.0,0.05,0.572477366255144
stable_extra_wide_capacity,robustness,0.335,0.665,45,0.03,False,equal,rank_average,13,0.007601331667319137,0.09881731167514878,0.7692307692307693,-0.02298345684315761,0.029025343693534583,0.015685748845088804,0.016138100342404628,0.048414301027213884,1.0,0.006900565213425927,0.024942317349457073,0.0073718848101232285,0.013230519853557844,0.0926136389749049,0.8571428571428571,-0.01594521158571436,0.029025343693534583,0.014710117251368827,0.007601331667319137,0.09881731167514878,0.7692307692307693,-0.02298345684315761,0.029025343693534583,0.015685748845088804,0.012475903715601193,0.003136619350385088,-0.0024825509386393347,0.0,0.006029457553117867,neighbor,0.4028477366255144,742.0,0.6832798353909465,329.0,0.6889094650205762,267.0,475.0,0.0,0.5719514403292181
stable_compact_current,robustness,0.5365,0.4635,31,0.037758,True,rank,rank_average,13,0.006231074854664864,0.08100397311064322,0.5384615384615384,-0.017614122481489587,0.04001231787195231,0.01837627034094245,0.023496420847837346,0.07048926254351204,1.0,0.014902749830905556,0.030499754107047895,0.006465988773844568,0.008945444365805317,0.06261811056063722,0.5714285714285714,-0.014984411726450125,0.030499754107047895,0.018119548386935528,0.006231074854664864,0.08100397311064322,0.5384615384615384,-0.017614122481489587,0.04001231787195231,0.01837627034094245,0.019310867327466123,0.0007254759902090601,-0.0017224862132710532,0.0,0.007792438194589869,neighbor,0.8790946502057613,67.0,0.3769382716049383,849.0,0.6679835390946501,277.0,782.0,0.05,0.5714576131687242
stable_extra_wide_capacity,robustness,0.335,0.665,51,0.03,False,equal,rank_average,13,0.0057776735361067515,0.07510975596938776,0.6923076923076923,-0.02292893393275706,0.02614417207015915,0.014048206631181339,0.014641711177144523,0.04392513353143357,1.0,0.010480224438193311,0.01934665005667304,0.003640044045871969,0.012442146250003857,0.087095023750027,0.8571428571428571,-0.013108183688375784,0.02614417207015915,0.01268192366918143,0.0057776735361067515,0.07510975596938776,0.6923076923076923,-0.02292893393275706,0.02614417207015915,0.014048206631181339,0.012804249435576169,0.0036234656024810457,-0.0035809665899212894,0.0,0.006215114306858746,neighbor,0.404477366255144,740.0,0.7165761316872428,277.0,0.5654814814814815,439.0,463.0,0.0,0.5690724279835391
short_aggressive_wide_capacity,robustness,0.6035,0.39649999999999996,32,0.036,True,rank,rank_average,13,0.005076213857778022,0.06599078015111429,0.5384615384615384,-0.018920013974354204,0.03710040818445633,0.01862261520460762,0.021840981975442802,0.0655229459263284,1.0,0.013546638126247443,0.03494719605859345,0.009375910313679523,0.00839726346949426,0.05878084428645981,0.5714285714285714,-0.011807084058270833,0.03494719605859345,0.017312704297805348,0.005076213857778022,0.06599078015111429,0.5384615384615384,-0.018920013974354204,0.03710040818445633,0.01862261520460762,0.017919750307664052,0.0014615310098109238,-0.0028117011741418774,0.0,0.007403833901359255,neighbor,0.754872427983539,239.0,0.41208641975308646,753.0,0.5437860082304525,494.0,514.0,0.0,0.5689557613168724
short_aggressive_wide_capacity,robustness,0.5935,0.4065,31,0.033,True,rank,rank_average,13,0.00484042416906774,0.06292551419788062,0.5384615384615384,-0.017086635997468298,0.03478618103056897,0.017733357204756824,0.021428785789510917,0.06428635736853275,1.0,0.014460457261905531,0.03478618103056897,0.009448064767690582,0.008498485318539781,0.059489397229778467,0.5714285714285714,-0.012483066753703975,0.03478618103056897,0.01740580833510566,0.00484042416906774,0.06292551419788062,0.5384615384615384,-0.017086635997468298,0.03478618103056897,0.017733357204756824,0.01798635879645005,0.001296153174273934,-0.0023410865643343883,0.0,0.007426649462353132,neighbor,0.758798353909465,232.0,0.39388888888888884,804.0,0.5858847736625514,381.0,572.0,0.0,0.5686520576131687
balanced_medium_current,robustness,0.025,0.975,44,0.03,True,equal,rank_average,13,0.007940939241100583,0.10323221013430758,0.7692307692307693,-0.020381490964133473,0.02495694813898134,0.013236225241134204,0.014861418396588949,0.044584255189766844,1.0,0.013085785636791723,0.018338909518782198,0.0024591419972729836,0.009501192779712885,0.0665083494579902,0.8571428571428571,-0.011150143130629436,0.01974268007778867,0.009748143262515835,0.007940939241100583,0.10323221013430758,0.7692307692307693,-0.020381490964133473,0.02495694813898134,0.013236225241134204,0.013789317746196968,0.0025932755084714875,-0.0014303258815059451,0.0,0.006468152195065065,neighbor,0.4865884773662551,615.0,0.578156378600823,495.0,0.7552551440329218,218.0,397.0,0.0,0.5680940329218107
short_aggressive_wide_capacity,robustness,0.5935,0.4065,30,0.03,True,rank,rank_average,13,0.0049727424500422964,0.06464565185054985,0.5384615384615384,-0.018380039062546455,0.034648418580272455,0.017587088531842276,0.020443674327478706,0.06133102298243612,1.0,0.012846210354245893,0.034648418580272455,0.010052402213808107,0.008310025687571524,0.058170179813000676,0.5714285714285714,-0.010149286806667393,0.034648418580272455,0.01645601244237087,0.0049727424500422964,0.06464565185054985,0.5384615384615384,-0.018380039062546455,0.034648418580272455,0.017587088531842276,0.016892143783564007,0.0019588785671440997,-0.0026924881556546834,0.0,0.007234479645292245,neighbor,0.6832057613168724,332.0,0.471358024691358,650.0,0.5476995884773662,481.0,318.0,0.0,0.567548353909465
recent_compact_capacity,robustness,0.065,0.935,36,0.03,True,rank,rank_average,13,0.0035326801796470094,0.04592484233541112,0.6923076923076923,-0.026824326218322984,0.018496548146759377,0.012622523045250755,0.015461033635218155,0.046383100905654465,1.0,0.013582126173538593,0.018496548146759377,0.0021665934449516346,0.010572639605534435,0.07400847723874104,1.0,0.0008485941987579318,0.018496548146759377,0.005608917333904545,0.0035326801796470094,0.04592484233541112,0.6923076923076923,-0.026824326218322984,0.018496548146759377,0.012622523045250755,0.014294890809342084,0.007306440660744745,-0.006146092257340098,0.0,0.008083940782470954,neighbor,0.5246008230452675,546.0,0.793230452674897,134.0,0.3379135802469136,918.0,784.0,0.05,0.5674810699588476
recent_compact_capacity,robustness,0.065,0.935,36,0.031758,True,rank,rank_average,13,0.0033429975663657506,0.04345896836275476,0.6923076923076923,-0.02863133028342498,0.019234169036247147,0.013253714501715114,0.015435255426114769,0.046305766278344304,1.0,0.013170039970979375,0.019234169036247147,0.002702787185238873,0.010631199042329315,0.0744183932963052,1.0,0.001563109789359567,0.019234169036247147,0.005853738351928084,0.0033429975663657506,0.04345896836275476,0.6923076923076923,-0.02863133028342498,0.019234169036247147,0.013253714501715114,0.01414420878330861,0.007575609684616366,-0.006850522688394075,0.0,0.008039129468141698,neighbor,0.512872427983539,573.0,0.814119341563786,115.0,0.3058148148148148,955.0,840.0,0.05,0.5673748971193414
balanced_medium_current,robustness,0.01,0.99,50,0.03,True,equal,rank_average,13,0.007725256979471415,0.1004283407331284,0.7692307692307693,-0.019572292152947632,0.027195583730045166,0.014227808943112036,0.017779008350806452,0.05333702505241936,1.0,0.014476040367509904,0.022134934547244932,0.00321415678554133,0.009751904201873914,0.0682633294131174,0.8571428571428571,-0.016808483202152554,0.022134934547244932,0.012149176314871243,0.007725256979471415,0.1004283407331284,0.7692307692307693,-0.019572292152947632,0.027195583730045166,0.014227808943112036,0.015911128081237947,0.0008689287955006448,-0.001286229162943243,0.0,0.006562534816028983,neighbor,0.6316131687242797,406.0,0.44778600823045267,691.0,0.7546748971193415,219.0,472.0,0.0,0.5673502057613168
short_aggressive_wide_capacity,robustness,0.6185,0.38149999999999995,32,0.035,True,rank,rank_average,13,0.004985432067013065,0.06481061687116985,0.5384615384615384,-0.018690297211587485,0.035042508730744645,0.018203915275407864,0.021528902784556464,0.06458670835366939,1.0,0.013281295613295378,0.03430297986038481,0.009159494145195167,0.008236937951293476,0.05765856565905433,0.5714285714285714,-0.011528623662364623,0.03430297986038481,0.017336749953812416,0.004985432067013065,0.06481061687116985,0.5384615384615384,-0.018690297211587485,0.035042508730744645,0.018203915275407864,0.01765430213958466,0.0014620373950855268,-0.002787640263164885,0.0,0.007301491644147618,neighbor,0.7365020576131688,265.0,0.42413580246913585,731.0,0.5440082304526749,492.0,466.0,0.0,0.5670631687242799
balanced_medium_current,robustness,0.01,0.99,44,0.03,True,equal,rank_average,13,0.007909743813355031,0.10282666957361541,0.7692307692307693,-0.020381490964133473,0.02495694813898134,0.013237218343971607,0.014861418396588949,0.044584255189766844,1.0,0.013085785636791723,0.018338909518782198,0.0024591419972729836,0.009443258413899718,0.06610280889729803,0.8571428571428571,-0.011150143130629436,0.01974268007778867,0.009759833934526592,0.007909743813355031,0.10282666957361541,0.7692307692307693,-0.020381490964133473,0.02495694813898134,0.013237218343971607,0.013789317746196968,0.0025602529199579825,-0.0014481072753209099,0.0,0.006450624821161743,neighbor,0.4865884773662551,615.0,0.5758106995884773,497.0,0.7538477366255144,221.0,394.0,0.0,0.566827366255144
stable_compact_current,robustness,0.5365,0.4635,33,0.037758,True,rank,rank_average,13,0.006026528489979513,0.07834487036973367,0.46153846153846156,-0.017560778024472264,0.039079636956140945,0.01827414314236633,0.023069081552496856,0.06920724465749056,1.0,0.014750701526073554,0.029053565293246937,0.006067854200060607,0.009151676660163536,0.06406173662114475,0.5714285714285714,-0.014310143883475339,0.029053565293246937,0.017861894852390828,0.006026528489979513,0.07834487036973367,0.46153846153846156,-0.017560778024472264,0.039079636956140945,0.01827414314236633,0.01901710798852748,0.0010655367861749242,-0.0018983970472490636,0.0,0.007801575192102348,neighbor,0.8522057613168724,109.0,0.4039753086419753,774.0,0.6276954732510288,330.0,665.0,0.05,0.5668255144032921
stable_extra_wide_capacity,robustness,0.3,0.7,51,0.03,False,equal,rank_average,13,0.006169532782041963,0.08020392616654551,0.7692307692307693,-0.02383229488386723,0.02614417207015915,0.013799665004957653,0.01367840909227234,0.04103522727681702,1.0,0.009477550298697946,0.018086625467913973,0.003517697323764849,0.012139916569861227,0.08497941598902858,0.8571428571428571,-0.011856238361460974,0.02614417207015915,0.012073268051963739,0.006169532782041963,0.08020392616654551,0.7692307692307693,-0.02383229488386723,0.02614417207015915,0.013799665004957653,0.011924284781165556,0.0038643366426816335,-0.0035787928566814982,0.0,0.005971846473170733,neighbor,0.36104526748971194,816.0,0.7389588477366255,224.0,0.5967119341563787,364.0,592.0,0.0,0.566456378600823
short_aggressive_wide_capacity,robustness,0.6,0.4,30,0.03,True,rank,rank_average,13,0.0049503794779526275,0.06435493321338416,0.5384615384615384,-0.018380039062546455,0.034648418580272455,0.017555497396545904,0.020443674327478706,0.06133102298243612,1.0,0.012846210354245893,0.034648418580272455,0.010052402213808107,0.008250270196979697,0.05775189137885788,0.5714285714285714,-0.010149286806667393,0.034648418580272455,0.016399748043006274,0.0049503794779526275,0.06435493321338416,0.5384615384615384,-0.018380039062546455,0.034648418580272455,0.017555497396545904,0.016892143783564007,0.0019248179375067587,-0.0027052350497457946,0.0,0.007217240327841775,neighbor,0.6832057613168724,332.0,0.4690123456790124,657.0,0.5444156378600823,491.0,325.0,0.0,0.5660002057613168
recent_compact_capacity,robustness,0.05,0.95,36,0.03,True,rank,rank_average,13,0.0029809593688913086,0.03875247179558701,0.6923076923076923,-0.026824326218322984,0.019427289546679855,0.01312291463101379,0.015829928918522203,0.04748978675556661,1.0,0.013030799237715072,0.019427289546679855,0.0026716601021526142,0.010721520552233401,0.07505064386563381,1.0,0.0008485941987579318,0.019427289546679855,0.00583575216131385,0.0029809593688913086,0.03875247179558701,0.6923076923076923,-0.026824326218322984,0.019427289546679855,0.01312291463101379,0.014323223232003631,0.007391302800363156,-0.006460573119470847,0.0,0.008086289585044246,neighbor,0.5307736625514403,538.0,0.8049588477366254,122.0,0.2750493827160494,1010.0,888.0,0.05,0.5657983539094649
recent_compact_capacity,robustness,0.055,0.945,36,0.033758,True,rank,rank_average,13,0.0028947589099244803,0.03763186582901824,0.6923076923076923,-0.031649600187379424,0.021124504340618737,0.014753612522831593,0.01565946351508486,0.04697839054525457,1.0,0.010998581854166432,0.021124504340618737,0.004172815238495978,0.011178775402418725,0.07825142781693108,1.0,0.0019624015860034896,0.021124504340618737,0.006499540553936296,0.0028947589099244803,0.03763186582901824,0.6923076923076923,-0.031649600187379424,0.021124504340618737,0.014753612522831593,0.013555426215473291,0.008019494502759825,-0.008102047790870566,0.0,0.007815635843800652,neighbor,0.46400823045267486,644.0,0.8717736625514403,76.0,0.24850617283950618,1044.0,968.0,0.05,0.5651773662551439
stable_extra_wide_capacity,robustness,0.31,0.69,45,0.03,False,equal,rank_average,13,0.007716207649427679,0.10031069944255983,0.7692307692307693,-0.02298345684315761,0.02902534369353458,0.015517973675728857,0.01566465405414091,0.04699396216242273,1.0,0.006900565213425931,0.024942317349457073,0.007374461520446098,0.013367804820039289,0.09357463374027503,0.8571428571428571,-0.015945211585714363,0.02902534369353458,0.014513626896541924,0.007716207649427679,0.10031069944255983,0.7692307692307693,-0.02298345684315761,0.02902534369353458,0.015517973675728857,0.012206039331290875,0.0032148717812795105,-0.0024170716288374654,0.0,0.00596654728976651,neighbor,0.3791934156378601,783.0,0.6868230452674897,326.0,0.6959465020576132,262.0,521.0,0.0,0.5651397119341565
recent_compact_capacity,robustness,0.055,0.945,31,0.036758,True,rank,rank_average,13,0.002837053682915968,0.036881697877907585,0.6923076923076923,-0.03620808605341869,0.023017828524143295,0.016457247627513168,0.015693637638073372,0.04708091291422012,1.0,0.008613114730712676,0.023017828524143295,0.005883223347256093,0.011692308883383426,0.08184616218368398,1.0,0.0029660623584984646,0.023017828524143295,0.007721957083482998,0.002837053682915968,0.036881697877907585,0.6923076923076923,-0.03620808605341869,0.023017828524143295,0.016457247627513168,0.012787701314837002,0.008643416641833046,-0.009639240106058374,0.0,0.007558731998850916,neighbor,0.40872427983539095,734.0,0.9319465020576132,16.0,0.21144444444444443,1089.0,1073.0,0.05,0.5645823045267488
recent_compact_capacity,robustness,0.065,0.935,33,0.030758,True,rank,rank_average,13,0.0035556735866230354,0.04622375662609946,0.6923076923076923,-0.03169379047372128,0.02062615091512756,0.013816256894279177,0.015532931239557088,0.04659879371867126,1.0,0.01115080022458817,0.02062615091512756,0.0039008377723768867,0.010965739967673324,0.07676017977371327,1.0,0.0016257707549669725,0.02062615091512756,0.005850815018083752,0.0035556735866230354,0.04622375662609946,0.6923076923076923,-0.03169379047372128,0.02062615091512756,0.013816256894279177,0.013533534880661637,0.007786976130712895,-0.0077399092196452,0.0,0.007756566828138679,neighbor,0.4626748971193415,648.0,0.8467860082304526,90.0,0.32186419753086415,931.0,841.0,0.05,0.5644032921810699
short_aggressive_wide_capacity,robustness,0.6435,0.35650000000000004,31,0.039,True,rank,rank_average,13,0.005288845658362016,0.0687549935587062,0.5384615384615384,-0.020779686924052052,0.041660465517857195,0.019234998157944164,0.02114495002062691,0.06343485006188072,1.0,0.014347026491692828,0.033748034501226126,0.0089209378506428,0.008335522017070258,0.05834865411949181,0.5714285714285714,-0.011670213545117287,0.033748034501226126,0.016644952059822266,0.005288845658362016,0.0687549935587062,0.5384615384615384,-0.020779686924052052,0.041660465517857195,0.019234998157944164,0.01778714025401597,0.001471505651269913,-0.0033041931212092904,0.0,0.007281404676496457,neighbor,0.744082304526749,250.0,0.42013580246913584,738.0,0.5170699588477367,552.0,488.0,0.0,0.5642545267489713
recent_compact_capacity,robustness,0.065,0.935,30,0.036758,True,rank,rank_average,13,0.003085709972835256,0.04011422964685833,0.6923076923076923,-0.03457197288230091,0.023228269847786483,0.015735817744433115,0.015709389067928205,0.04712816720378461,1.0,0.00917191110086437,0.023228269847786483,0.005780292317652229,0.011215218979483323,0.07850653285638326,1.0,0.003007772484003829,0.023228269847786483,0.007525161405375444,0.003085709972835256,0.04011422964685833,0.6923076923076923,-0.03457197288230091,0.023228269847786483,0.015735817744433115,0.01298108243200432,0.008385239738026757,-0.008957588674335515,0.0,0.007622152553763442,neighbor,0.42193415637860077,710.0,0.9058971193415637,48.0,0.2518641975308642,1040.0,992.0,0.05,0.5642069958847736
stable_compact_capacity,robustness,0.928,0.07199999999999995,31,0.032258,True,equal,rank_average,13,0.005687303662755975,0.07393494761582768,0.5384615384615384,-0.018192821139724813,0.028536685149114276,0.01509015610792343,0.018782892074635807,0.05634867622390742,1.0,0.012766191843078069,0.028536685149114276,0.006959478522915838,0.009897382528383783,0.06928167769868648,0.7142857142857143,-0.013959878730918612,0.028536685149114276,0.014950713908505487,0.005687303662755975,0.07393494761582768,0.5384615384615384,-0.018192821139724813,0.028536685149114276,0.01509015610792343,0.01591909179075817,0.0017490337742613277,-0.0022234063498767446,0.0,0.006821190962239355,neighbor,0.6276255144032922,413.0,0.4930205761316872,623.0,0.6082057613168724,355.0,268.0,0.0,0.564140329218107
stable_compact_current,robustness,0.5215,0.47850000000000004,31,0.037758,True,rank,rank_average,13,0.006134850544262256,0.07975305707540932,0.5384615384615384,-0.017614122481489587,0.04001231787195231,0.018314709820333206,0.023283303212785808,0.06984990963835742,1.0,0.01530340229972003,0.030055615027129966,0.006082798076664082,0.008854108236497515,0.06197875765548261,0.5714285714285714,-0.014984411726450125,0.030055615027129966,0.01798917112465831,0.006134850544262256,0.07975305707540932,0.5384615384615384,-0.017614122481489587,0.04001231787195231,0.018314709820333206,0.01932160559019552,0.0006734143965036134,-0.0017773340702005396,0.0,0.007765078603974753,neighbor,0.873267489711934,70.0,0.3670864197530864,873.0,0.6642304526748971,287.0,803.0,0.05,0.564130452674897
balanced_extra_wide_capacity,robustness,0.725,0.275,64,0.03,False,equal,rank_average,13,0.005973471401372166,0.07765512821783815,0.6153846153846154,-0.021251577641279912,0.02456446637540366,0.013851473245822372,0.013274628906329517,0.03982388671898855,1.0,0.011290167510435233,0.016594345256904397,0.0023623088616907526,0.010546289286312963,0.07382402500419075,0.8571428571428571,-0.010630855511593401,0.02456446637540366,0.00992388762485078,0.005973471401372166,0.07765512821783815,0.6153846153846154,-0.021251577641279912,0.02456446637540366,0.013851473245822372,0.012292293755051451,0.003360345431515423,-0.002992757307455622,0.0,0.005980159350084178,exact,0.3994156378600823,749.0,0.7003786008230453,298.0,0.5862674897119341,379.0,451.0,0.0,0.5628767489711934
stable_extra_wide_capacity,robustness,0.295,0.7050000000000001,51,0.03,False,equal,rank_average,13,0.005838866856849783,0.07590526913904717,0.7692307692307693,-0.02383229488386723,0.02614417207015915,0.014050020951915432,0.013678409092272343,0.04103522727681703,1.0,0.009477550298697946,0.018086625467913973,0.0035176973237648484,0.012139916569861227,0.08497941598902858,0.8571428571428571,-0.011856238361460974,0.02614417207015915,0.012073268051963742,0.005838866856849783,0.07590526913904717,0.7692307692307693,-0.02383229488386723,0.02614417207015915,0.014050020951915432,0.01192428478116556,0.0038643366426816335,-0.0037672724340410404,0.0,0.005943574536566803,neighbor,0.3615144032921811,814.0,0.7389588477366255,224.0,0.5690329218106996,431.0,590.0,0.0,0.5624921810699588
short_aggressive_wide_capacity,robustness,0.5835,0.4165,31,0.035,True,rank,rank_average,13,0.004823436576944413,0.06270467550027736,0.5384615384615384,-0.01696511627633438,0.035066100266211805,0.017829930618489847,0.022804812209794884,0.06841443662938465,1.0,0.01697530800195287,0.03418997824597225,0.008051304311132802,0.007958492308426159,0.055709446158983114,0.5714285714285714,-0.01170070806004156,0.03418997824597225,0.01679239845153396,0.004823436576944413,0.06270467550027736,0.5384615384615384,-0.01696511627633438,0.035066100266211805,0.017829930618489847,0.01960059460022753,0.0012465355274177668,-0.0023106679838704926,0.0,0.008054578629848434,neighbor,0.8718971193415638,75.0,0.3909259259259259,813.0,0.5850452674897119,382.0,738.0,0.05,0.562432304526749
stable_extra_wide_capacity,robustness,0.31,0.69,51,0.03,False,equal,rank_average,13,0.006442037039029731,0.0837464815073865,0.7692307692307693,-0.02383229488386723,0.026250356063836917,0.014065702108947309,0.014098417288525364,0.04229525186557609,1.0,0.009477550298697946,0.01934665005667304,0.004053391450219725,0.01240767490701233,0.08685372434908631,0.8571428571428571,-0.012924173669747182,0.026250356063836917,0.012724865519466874,0.006442037039029731,0.0837464815073865,0.7692307692307693,-0.02383229488386723,0.026250356063836917,0.014065702108947309,0.012163689453029779,0.0036645402431233144,-0.0034234654301984694,0.0,0.0060009990760876335,neighbor,0.3671440329218107,803.0,0.7180823045267489,273.0,0.6136008230452675,348.0,530.0,0.0,0.5620347736625514
short_aggressive_wide_capacity,robustness,0.5835,0.4165,32,0.035,True,rank,rank_average,13,0.004760184207852985,0.0618823947020888,0.5384615384615384,-0.017436694339666787,0.03516253415293054,0.017871596454581633,0.022636087475260785,0.06790826242578235,1.0,0.01700243287998921,0.033732153616459676,0.007846415058393758,0.007894802362692651,0.05526361653884856,0.5714285714285714,-0.011528623662364623,0.033732153616459676,0.01679556440442138,0.004760184207852985,0.0618823947020888,0.5384615384615384,-0.017436694339666787,0.03516253415293054,0.017871596454581633,0.019513372711295086,0.0012670201095830566,-0.0025023425951523,0.0,0.008000156744557566,neighbor,0.8660082304526748,82.0,0.40208641975308645,777.0,0.5645267489711934,442.0,695.0,0.05,0.5620211934156378
stable_compact_current,robustness,0.5365,0.4635,32,0.037758,True,rank,rank_average,13,0.006082831728029513,0.07907681246438367,0.46153846153846156,-0.017755002307770072,0.03960320555485469,0.018312447141027647,0.023179302381323458,0.06953790714397037,1.0,0.014848091395140615,0.029608046054768578,0.006174064128572844,0.008995669277142388,0.06296968493999672,0.5714285714285714,-0.014531796032369405,0.029608046054768578,0.017941966774132533,0.006082831728029513,0.07907681246438367,0.46153846153846156,-0.017755002307770072,0.03960320555485469,0.018312447141027647,0.019112072517750774,0.0009034673687178284,-0.0019303982150488401,0.0,0.007761829590766007,neighbor,0.8609958847736625,94.0,0.3874567901234568,818.0,0.6213251028806585,335.0,724.0,0.05,0.5619526748971193
recent_compact_capacity,robustness,0.065,0.935,31,0.036758,True,rank,rank_average,13,0.003027097181689762,0.039352263361966906,0.6923076923076923,-0.03620808605341869,0.02337912642352724,0.016157843011915824,0.015716937633025285,0.047150812899075856,1.0,0.008379610097039449,0.02337912642352724,0.006127833963871073,0.011404923269783518,0.07983446288848463,1.0,0.0029660623584984646,0.02337912642352724,0.00745351874598583,0.003027097181689762,0.039352263361966906,0.6923076923076923,-0.03620808605341869,0.02337912642352724,0.016157843011915824,0.01272392578284743,0.008479606842081096,-0.009530915311757312,0.0,0.007475756095311869,neighbor,0.4082798353909465,736.0,0.9178724279835391,34.0,0.23443209876543208,1068.0,1034.0,0.05,0.5615193415637859
balanced_extra_wide_capacity,robustness,0.715,0.28500000000000003,64,0.03,False,equal,rank_average,13,0.005825758221670896,0.07573485688172166,0.6153846153846154,-0.021251577641279912,0.02456446637540366,0.013966662531655516,0.013274628906329517,0.03982388671898855,1.0,0.011290167510435233,0.016594345256904397,0.0023623088616907526,0.010546289286312963,0.07382402500419075,0.8571428571428571,-0.010630855511593401,0.02456446637540366,0.00992388762485078,0.005825758221670896,0.07573485688172166,0.6153846153846154,-0.021251577641279912,0.02456446637540366,0.013966662531655516,0.012292293755051451,0.003360345431515423,-0.0030769538198853457,0.0,0.00596752987321972,neighbor,0.3994156378600823,749.0,0.7003786008230453,298.0,0.575477366255144,406.0,451.0,0.0,0.5612582304526749
stable_compact_capacity,robustness,0.928,0.07199999999999995,35,0.03,True,equal,rank_average,13,0.005773205735122027,0.07505167455658635,0.5384615384615384,-0.02003109609049191,0.02528198283030253,0.013426315478535652,0.015871339801219225,0.04761401940365767,1.0,0.011470437350230199,0.019628468056219185,0.0033614679493271797,0.009603241998542454,0.06722269398979717,0.7142857142857143,-0.007269366979209898,0.024070166694218048,0.011438148940022314,0.005773205735122027,0.07505167455658635,0.5384615384615384,-0.02003109609049191,0.02528198283030253,0.013426315478535652,0.013831908012270924,0.0037892425503156463,-0.0027810729023812373,0.0,0.006820761417193226,neighbor,0.4887242798353909,611.0,0.622156378600823,434.0,0.5659835390946502,438.0,177.0,0.0,0.5603576131687242
stable_compact_current,robustness,0.5365,0.4635,30,0.037758,True,rank,rank_average,13,0.0060056360695335395,0.07807326890393601,0.5384615384615384,-0.01738132997038149,0.0397886926336985,0.01843647362975497,0.023645230937004245,0.07093569281101274,1.0,0.015227340551149323,0.03059687369176855,0.006359667120581459,0.00871819851684486,0.06102738961791403,0.5714285714285714,-0.01601059202584757,0.03059687369176855,0.018275766159129046,0.0060056360695335395,0.07807326890393601,0.5384615384615384,-0.01738132997038149,0.0397886926336985,0.01843647362975497,0.019502804015971695,0.0002573063575004428,-0.0017741647921302364,0.0,0.007650784748444341,neighbor,0.8926255144032921,56.0,0.341037037037037,912.0,0.6652921810699588,283.0,856.0,0.05,0.5603106995884772
stable_extra_wide_capacity,robustness,0.26,0.74,48,0.03,False,equal,rank_average,13,0.004910553381605588,0.06383719396087265,0.6923076923076923,-0.02316847935283376,0.028704074546907682,0.017567188152345963,0.015421186557544873,0.04626355967263462,1.0,0.01037241193703281,0.02211225357828625,0.00493145101610167,0.01329501378937109,0.09306509652559763,0.8571428571428571,-0.014341056311718173,0.028704074546907682,0.013576459285705904,0.004910553381605588,0.06383719396087265,0.6923076923076923,-0.02316847935283376,0.028704074546907682,0.017567188152345963,0.013212972277021406,0.003702752134217381,-0.004154275066612264,0.0,0.006328286111214545,neighbor,0.42990946502057614,690.0,0.6979218106995884,304.0,0.4939259259259259,606.0,386.0,0.0,0.5601174897119342
stable_compact_current,robustness,0.5965,0.40349999999999997,33,0.037758,True,rank,rank_average,13,0.006125720524277802,0.07963436681561142,0.46153846153846156,-0.017560778024472264,0.039079636956140945,0.018086405614877035,0.022779805927690962,0.06833941778307288,1.0,0.015341342577628661,0.027595097367274155,0.005335378759759231,0.009027701392389582,0.06319390974672708,0.5714285714285714,-0.014310143883475339,0.027595097367274155,0.017664576764540856,0.006125720524277802,0.07963436681561142,0.46153846153846156,-0.017560778024472264,0.039079636956140945,0.018086405614877035,0.019047132429401308,0.0009948708835437702,-0.0018418575876990393,0.0,0.007790266231200364,neighbor,0.8429218106995885,121.0,0.3936543209876543,806.0,0.6370781893004115,320.0,685.0,0.05,0.5598748971193416
recent_compact_capacity,robustness,0.05,0.95,30,0.031758,True,rank,rank_average,13,0.0028692390159331723,0.03730010720713124,0.6923076923076923,-0.03401141728242356,0.021076508085813413,0.015244660722456897,0.0149975394942544,0.0449926184827632,1.0,0.011652482508046982,0.021076508085813413,0.004305714731377828,0.011424808112080178,0.07997365678456125,1.0,0.001511212395368864,0.021076508085813413,0.0067012510806401865,0.0028692390159331723,0.03730010720713124,0.6923076923076923,-0.03401141728242356,0.021076508085813413,0.015244660722456897,0.01339391673938051,0.008010840714357426,-0.008895993771810176,0.0,0.00762804595144152,neighbor,0.4546255144032922,659.0,0.8740699588477365,75.0,0.22993827160493827,1072.0,997.0,0.05,0.5596724279835391
recent_compact_capacity,robustness,0.055,0.945,30,0.036758,True,rank,rank_average,13,0.0027534580355735036,0.03579495446245555,0.6923076923076923,-0.03457197288230091,0.022756196526210186,0.016138967674458344,0.015455647618020348,0.046366942854061045,1.0,0.009208740478062354,0.022756196526210186,0.0055806816833278445,0.01143785280093143,0.08006496960652001,1.0,0.003007772484003829,0.022756196526210186,0.007814866970154296,0.0027534580355735036,0.03579495446245555,0.6923076923076923,-0.03457197288230091,0.022756196526210186,0.016138967674458344,0.012848603500032175,0.008512141016252178,-0.009146972278574713,0.0,0.007597859015540144,neighbor,0.40652674897119345,737.0,0.920909465020576,29.0,0.21433333333333335,1086.0,1057.0,0.05,0.5591699588477366
recent_compact_capacity,robustness,0.05,0.95,33,0.033758,True,rank,rank_average,13,0.0024927066040035836,0.03240518585204659,0.6923076923076923,-0.03285403829766765,0.021367014967997526,0.015124276288140932,0.015388290943476768,0.046164872830430304,1.0,0.011369691096560754,0.021367014967997526,0.00431031214966487,0.011038181532494949,0.07726727072746464,1.0,0.002407203936663887,0.021367014967997526,0.00657476181560628,0.0024927066040035836,0.03240518585204659,0.6923076923076923,-0.03285403829766765,0.021367014967997526,0.015124276288140932,0.013523323899646805,0.008086140772621203,-0.008728682181640591,0.0,0.007738790580292175,neighbor,0.4585267489711934,654.0,0.8779711934156378,74.0,0.2029753086419753,1102.0,1028.0,0.05,0.5589440329218106
stable_compact_current,robustness,0.5215,0.47850000000000004,33,0.037758,True,rank,rank_average,13,0.006020409791332463,0.07826532728732202,0.46153846153846156,-0.017560778024472264,0.039079636956140945,0.01816762703429113,0.02282300240468038,0.06846900721404114,1.0,0.015123300601641132,0.028607590280799428,0.005669054186409848,0.009046214168242191,0.06332349917769534,0.5714285714285714,-0.014310143883475339,0.028607590280799428,0.017723447286482456,0.006020409791332463,0.07826532728732202,0.46153846153846156,-0.017560778024472264,0.039079636956140945,0.01816762703429113,0.018999800569209392,0.0010054231657797578,-0.0019018847054778822,0.0,0.007767077946462966,neighbor,0.8430205761316872,120.0,0.3945925925925926,800.0,0.6267572016460906,331.0,680.0,0.05,0.558788477366255
recent_compact_capacity,robustness,0.08,0.92,33,0.031758,True,rank,rank_average,13,0.0031707660689255413,0.041219958896032034,0.7692307692307693,-0.03286295842641447,0.017856497371336412,0.01399959297825723,0.01495879307296528,0.04487637921889584,1.0,0.012486383055188226,0.017856497371336412,0.002212869684512918,0.01078994975338938,0.07552964827372566,1.0,0.0019397012517756746,0.017856497371336412,0.005339162533120435,0.0031707660689255413,0.041219958896032034,0.7692307692307693,-0.03286295842641447,0.017856497371336412,0.01399959297825723,0.013647018459802322,0.007790372772517919,-0.00826820885219845,0.0,0.007724243803724226,neighbor,0.4732427983539095,630.0,0.8358230452674897,98.0,0.2883909465020576,986.0,888.0,0.05,0.5586761316872427
recent_compact_capacity,robustness,0.065,0.935,36,0.030758,True,rank,rank_average,13,0.0033986735544532663,0.044182756207892464,0.6923076923076923,-0.027944529820590962,0.01856436033633982,0.012926145550487041,0.015296596962812062,0.045889790888436185,1.0,0.013522232076140742,0.01856436033633982,0.002313502918157278,0.01051803647059209,0.07362625529414463,1.0,0.001145616650587148,0.01856436033633982,0.005667567501878994,0.0033986735544532663,0.044182756207892464,0.6923076923076923,-0.027944529820590962,0.01856436033633982,0.012926145550487041,0.014181396853929319,0.007373334282931249,-0.006592143222448964,0.0,0.008001737685523445,neighbor,0.5146008230452674,563.0,0.7888600823045266,144.0,0.3163086419753086,945.0,801.0,0.05,0.5582736625514402
recent_compact_capacity,robustness,0.05,0.95,30,0.03,True,rank,rank_average,13,0.002702491396383577,0.0351323881529865,0.6923076923076923,-0.03667998629702052,0.02146075181384545,0.01610380425857598,0.015156626108197084,0.045469878324591255,1.0,0.010709720578116491,0.02146075181384545,0.004581347563276328,0.011847459676794696,0.08293221773756287,1.0,0.0018638376127425131,0.02146075181384545,0.006849720711467246,0.002702491396383577,0.0351323881529865,0.6923076923076923,-0.03667998629702052,0.02146075181384545,0.01610380425857598,0.013173484672450778,0.008368118427978006,-0.009871667689770441,0.0,0.007554297008104848,neighbor,0.4288971193415637,693.0,0.9040205761316871,52.0,0.19460493827160494,1110.0,1058.0,0.05,0.5575588477366253
recent_compact_capacity,robustness,0.055,0.945,32,0.036758,True,rank,rank_average,13,0.0028001232085910796,0.03640160171168404,0.6923076923076923,-0.037190164748950066,0.02289788819112782,0.016598766928706547,0.015544347506810633,0.0466330425204319,1.0,0.008262672261387521,0.02289788819112782,0.0059750179809219895,0.011681840107430346,0.08177288075201243,1.0,0.00293178569041888,0.02289788819112782,0.007547372721913097,0.0028001232085910796,0.03640160171168404,0.6923076923076923,-0.037190164748950066,0.02289788819112782,0.016598766928706547,0.012586959925139942,0.008626138139073529,-0.009984376445948916,0.0,0.007418889665746728,neighbor,0.3965267489711934,753.0,0.9298477366255145,19.0,0.2004074074074074,1107.0,1088.0,0.05,0.5571032921810699
recent_compact_capacity,robustness,0.08,0.92,31,0.033758,True,rank,rank_average,13,0.0027911703456297123,0.03628521449318626,0.7692307692307693,-0.033037177438893006,0.018847181405778873,0.014218477370426455,0.01538178691910636,0.04614536075731908,1.0,0.012747719981523152,0.018847181405778873,0.002558539497044103,0.010483598744759,0.073385191213313,1.0,0.002554352571289071,0.018847181405778873,0.005806232384249643,0.0027911703456297123,0.03628521449318626,0.7692307692307693,-0.033037177438893006,0.018847181405778873,0.014218477370426455,0.013974366137793265,0.007818587633038023,-0.008542070688594987,0.0,0.00782680028669517,neighbor,0.4939094650205761,605.0,0.8284156378600822,104.0,0.24165020576131685,1052.0,948.0,0.05,0.5565983539094649
recent_compact_capacity,robustness,0.045,0.955,33,0.03,True,rank,rank_average,13,0.002918834705578403,0.03794485117251924,0.6923076923076923,-0.030029181570691763,0.022961473619624216,0.014147839418191447,0.016195306205092276,0.04858591861527683,1.0,0.010250284748823987,0.022961473619624216,0.005221704136956851,0.011132452488824555,0.07792716742177189,1.0,0.0012510014398347603,0.022961473619624216,0.00648018837892269,0.002918834705578403,0.03794485117251924,0.6923076923076923,-0.030029181570691763,0.022961473619624216,0.014147839418191447,0.013613918504014513,0.007758328393775466,-0.0075535864438409,0.0,0.007803777212228632,neighbor,0.4671934156378601,640.0,0.8468600823045267,89.0,0.25477777777777777,1037.0,948.0,0.05,0.5561810699588478
short_aggressive_wide_capacity,robustness,0.6,0.4,31,0.033,True,rank,rank_average,13,0.00501119773964414,0.06514557061537382,0.5384615384615384,-0.017136903722948727,0.03478618103056897,0.017383220888267915,0.021224002590910146,0.06367200777273044,1.0,0.013846107666103218,0.03478618103056897,0.009602280634354659,0.008221060133994837,0.05754742093796386,0.5714285714285714,-0.012483066753703975,0.03478618103056897,0.017193387473715363,0.00501119773964414,0.06514557061537382,0.5384615384615384,-0.017136903722948727,0.03478618103056897,0.017383220888267915,0.017666897006632844,0.0011380208190833157,-0.0022603339785143817,0.0,0.007239818074463473,neighbor,0.7340082304526748,271.0,0.38075308641975303,842.0,0.6010823045267489,359.0,571.0,0.0,0.5551045267489711
stable_compact_current,robustness,0.5965,0.40349999999999997,31,0.037758,True,rank,rank_average,13,0.005945396783811281,0.07729015818954665,0.46153846153846156,-0.017614122481489587,0.04001231787195231,0.018314235202130436,0.02318668250502356,0.06956004751507068,1.0,0.015725338372166567,0.028747950537345524,0.005483601237145473,0.008812699361742267,0.061688895532195864,0.5714285714285714,-0.014984411726450125,0.028747950537345524,0.017873089684767526,0.005945396783811281,0.07729015818954665,0.46153846153846156,-0.017614122481489587,0.04001231787195231,0.018314235202130436,0.019405770690678396,0.0006498113378931214,-0.001962245790580672,0.0,0.007760386509736162,neighbor,0.8719835390946501,74.0,0.3628641975308642,879.0,0.615917695473251,345.0,805.0,0.05,0.5544699588477365
stable_compact_capacity,robustness,0.978,0.02200000000000002,32,0.03125,True,equal,rank_average,13,0.0051356481006226175,0.06676342530809402,0.6153846153846154,-0.019066457231269568,0.02660916409352153,0.014376225582274258,0.018633669611115195,0.05590100883334559,1.0,0.012078500093339137,0.02589036407298497,0.005660447543168814,0.009900878535085781,0.06930614974560047,0.7142857142857143,-0.01363744901918226,0.02660916409352153,0.01471989289032692,0.0051356481006226175,0.06676342530809402,0.6153846153846154,-0.019066457231269568,0.02660916409352153,0.014376225582274258,0.015607096709137576,0.0018574283029544633,-0.0027492268535794506,0.0,0.006666297391947622,neighbor,0.6027860082304527,452.0,0.5050946502057613,609.0,0.5717242798353909,421.0,188.0,0.0,0.5541656378600822
stable_compact_current,robustness,0.5965,0.40349999999999997,32,0.037758,True,rank,rank_average,13,0.0060097480757500595,0.07812672498475078,0.46153846153846156,-0.017755002307770072,0.03960320555485469,0.0181858763982459,0.022908640165031552,0.06872592049509466,1.0,0.015793772370611504,0.027850378430421964,0.005156375108078672,0.008879671184445857,0.06215769829112099,0.5714285714285714,-0.014531796032369405,0.027850378430421964,0.017711571500092033,0.0060097480757500595,0.07812672498475078,0.46153846153846156,-0.017755002307770072,0.03960320555485469,0.0181858763982459,0.01926986977636978,0.000837348455880805,-0.0019720558968481286,0.0,0.007788946331167055,neighbor,0.8569958847736626,100.0,0.3752592592592592,855.0,0.6156954732510288,346.0,755.0,0.05,0.554019341563786
short_aggressive_wide_capacity,robustness,0.6185,0.38149999999999995,32,0.036,True,rank,rank_average,13,0.0050050261601073814,0.06506534008139596,0.5384615384615384,-0.01931119791176394,0.03690548758156731,0.01846286532349906,0.02141433163219407,0.06424299489658221,1.0,0.013360271463081923,0.03385361169201277,0.008922513231598116,0.00819215044398774,0.05734505310791417,0.5714285714285714,-0.011807084058270833,0.03385361169201277,0.0170470874404656,0.0050050261601073814,0.06506534008139596,0.5384615384615384,-0.01931119791176394,0.03690548758156731,0.01846286532349906,0.017615058613167655,0.001344616585272207,-0.002981368861159355,0.0,0.007203895579465652,neighbor,0.7350452674897119,268.0,0.40129629629629626,781.0,0.5275637860082304,525.0,513.0,0.0,0.5537360082304527
stable_compact_current,robustness,0.5715,0.4285,36,0.037758,True,rank,rank_average,13,0.006268865348362166,0.08149524952870815,0.5384615384615384,-0.016486124304774516,0.03696568156826892,0.017656609708468676,0.022291972071425987,0.06687591621427796,1.0,0.014289577175142235,0.027099847554801194,0.0056967518528590255,0.00903036191640555,0.06321253341483885,0.5714285714285714,-0.014109883129448268,0.027280960029800086,0.017520948408247302,0.006268865348362166,0.08149524952870815,0.5384615384615384,-0.016486124304774516,0.03696568156826892,0.017656609708468676,0.01842198454850975,0.0010624734310618054,-0.0013287062335476181,0.0,0.007647600928349572,neighbor,0.7960576131687241,177.0,0.3968395061728395,796.0,0.7110205761316872,246.0,619.0,0.05,0.5536539094650205
stable_compact_current,robustness,0.5215,0.47850000000000004,32,0.037758,True,rank,rank_average,13,0.006040830984497255,0.07853080279846432,0.46153846153846156,-0.017755002307770072,0.03960320555485469,0.01823053983397445,0.022943161974520124,0.06882948592356038,1.0,0.015182114055032652,0.02923776874866546,0.005831134506035955,0.008894466245655246,0.06226126371958672,0.5714285714285714,-0.014531796032369405,0.02923776874866546,0.01781270817026375,0.006040830984497255,0.07853080279846432,0.46153846153846156,-0.017755002307770072,0.03960320555485469,0.01823053983397445,0.019087699963637246,0.0008457816407701575,-0.0019543386388622274,0.0,0.007722530927972137,neighbor,0.851267489711934,113.0,0.3766666666666666,851.0,0.6194485596707818,341.0,738.0,0.05,0.5529242798353908
short_aggressive_wide_capacity,robustness,0.6435,0.35650000000000004,32,0.035,True,rank,rank_average,13,0.004917546462965851,0.06392810401855606,0.5384615384615384,-0.01952339818597346,0.0363495037678985,0.018414741361538072,0.021360070668205066,0.0640802120046152,1.0,0.013646236374085338,0.03343154275054064,0.008645088872591796,0.00785503757580328,0.05498526303062296,0.5714285714285714,-0.011528623662364623,0.03343154275054064,0.017481794336837844,0.004917546462965851,0.06392810401855606,0.5384615384615384,-0.01952339818597346,0.0363495037678985,0.018414741361538072,0.01767849828432505,0.0012443541810561148,-0.003101258379019169,0.0,0.007166169938352396,neighbor,0.7378600823045268,260.0,0.40020987654320983,784.0,0.5113168724279835,561.0,524.0,0.0,0.5519360082304526
short_aggressive_wide_capacity,robustness,0.5935,0.4065,32,0.037,True,rank,rank_average,13,0.004933660772074545,0.06413759003696909,0.5384615384615384,-0.019445343777994825,0.038269035102762,0.01883355369340564,0.02135788376702183,0.06407365130106549,1.0,0.013421128088621177,0.03471980311721508,0.00950377785033285,0.008366292858671435,0.058564050010700044,0.5714285714285714,-0.011899115382146044,0.03471980311721508,0.01706673493800282,0.004933660772074545,0.06413759003696909,0.5384615384615384,-0.019445343777994825,0.038269035102762,0.01883355369340564,0.01760296601644743,0.0014135074247630948,-0.0030663152681942637,0.0,0.0072173174574932265,neighbor,0.7344032921810699,270.0,0.4019135802469136,779.0,0.5148971193415638,556.0,509.0,0.0,0.5518569958847737
recent_compact_capacity,robustness,0.08,0.92,32,0.033758,True,rank,rank_average,13,0.002853732423808927,0.03709852150951605,0.7692307692307693,-0.03311003130318351,0.019469412437351112,0.014235629307459707,0.01530257803104258,0.04590773409312774,1.0,0.012401134474793657,0.019469412437351112,0.0030211530736408993,0.01044786653901266,0.07313506577308862,1.0,0.0026423214381198204,0.019469412437351112,0.0057874779020343735,0.002853732423808927,0.03709852150951605,0.7692307692307693,-0.03311003130318351,0.019469412437351112,0.014235629307459707,0.013814843854376178,0.007827250001816756,-0.008530452079248702,0.0,0.007768632230680706,neighbor,0.4813909465020576,618.0,0.826366255144033,108.0,0.24416872427983538,1047.0,939.0,0.05,0.5510465020576132
stable_compact_current,robustness,0.5215,0.47850000000000004,30,0.037758,True,rank,rank_average,13,0.005884490352035186,0.07649837457645742,0.5384615384615384,-0.01738132997038149,0.0397886926336985,0.018374188123052713,0.02337492361790681,0.07012477085372043,1.0,0.01525602588218495,0.030042049555242756,0.006123036013340548,0.008602352522945961,0.060216467660621734,0.5714285714285714,-0.01601059202584757,0.030042049555242756,0.01814654612047254,0.005884490352035186,0.07649837457645742,0.5384615384615384,-0.01738132997038149,0.0397886926336985,0.018374188123052713,0.019358195003327916,0.0001912741409780701,-0.001843217851104298,0.0,0.0075528686871056535,neighbor,0.8769465020576132,68.0,0.3354074074074074,923.0,0.6549711934156378,297.0,855.0,0.05,0.5499576131687243
stable_compact_current,robustness,0.5465,0.4535,36,0.037758,True,rank,rank_average,13,0.005949631235878284,0.07734520606641769,0.46153846153846156,-0.016486124304774516,0.03696568156826892,0.017794526974472927,0.022331623597537525,0.06699487079261257,1.0,0.01449609924899313,0.02701228005928491,0.005575457473387951,0.00904735542759621,0.06333148799317347,0.5714285714285714,-0.014109883129448268,0.027280960029800086,0.01751709947747966,0.005949631235878284,0.07734520606641769,0.46153846153846156,-0.016486124304774516,0.03696568156826892,0.017794526974472927,0.018512738202764122,0.0010721597324404827,-0.0015875927545865075,0.0,0.00764942824751589,neighbor,0.8056748971193416,169.0,0.3982469135802469,792.0,0.6533251028806585,299.0,623.0,0.05,0.5494798353909465
short_aggressive_wide_capacity,robustness,0.6035,0.39649999999999996,30,0.03,True,rank,rank_average,13,0.004740718081725669,0.0616293350624337,0.5384615384615384,-0.018380039062546455,0.03448004828901571,0.017256245249185335,0.020329745169763925,0.06098923550929177,1.0,0.012846210354245893,0.03430663110712811,0.009891414503375136,0.007779146106378031,0.05445402274464622,0.5714285714285714,-0.010149286806667393,0.03430663110712811,0.015953183344516623,0.004740718081725669,0.0616293350624337,0.5384615384615384,-0.018380039062546455,0.03448004828901571,0.017256245249185335,0.016827204163666582,0.0016562772058638091,-0.0028247420455951608,0.0,0.007052495101266073,neighbor,0.680156378600823,338.0,0.43945679012345684,706.0,0.5265884773662551,528.0,368.0,0.0,0.548806378600823
short_aggressive_wide_capacity,robustness,0.6435,0.35650000000000004,32,0.036,True,rank,rank_average,13,0.005032946786894592,0.0654283082296297,0.5384615384615384,-0.019745201389472625,0.03803217952310606,0.018639476943383488,0.021368995603959915,0.06410698681187975,1.0,0.014038868470994857,0.033039006599397375,0.008341752660738432,0.007938188581157713,0.05556732006810399,0.5714285714285714,-0.011807084058270833,0.033039006599397375,0.017200225359481527,0.005032946786894592,0.0654283082296297,0.5384615384615384,-0.019745201389472625,0.03803217952310606,0.018639476943383488,0.017813154089685455,0.0011998583234590916,-0.0031086752515345106,0.0,0.007198896593700597,neighbor,0.7466748971193415,246.0,0.3834691358024691,827.0,0.5171440329218107,551.0,581.0,0.0,0.5488026748971193
short_aggressive_wide_capacity,robustness,0.5835,0.4165,30,0.033,True,rank,rank_average,13,0.004309684445126959,0.05602589778665047,0.5384615384615384,-0.017311231075338787,0.033487265783463754,0.01673099355686879,0.02065287159411865,0.061958614782355946,1.0,0.014713326205742477,0.03176848527987292,0.007866103441362206,0.006926745109410336,0.04848721576587235,0.5714285714285714,-0.011130669196768327,0.03176848527987292,0.015486807481923963,0.004309684445126959,0.05602589778665047,0.5384615384615384,-0.017311231075338787,0.033487265783463754,0.01673099355686879,0.017627534456542648,0.0008465524488589146,-0.002717724582677895,0.0,0.007024303697201887,neighbor,0.7360329218106996,267.0,0.3819259259259259,835.0,0.5471193415637859,483.0,568.0,0.0,0.5483477366255144
short_aggressive_wide_capacity,robustness,0.6435,0.35650000000000004,32,0.037,True,rank,rank_average,13,0.005142763816325937,0.06685592961223719,0.5384615384615384,-0.020237365276026882,0.039583707178702784,0.0189025160618778,0.02117649588598533,0.06352948765795599,1.0,0.014345674535756137,0.03325109302697062,0.008562577512633233,0.008044836090113739,0.05631385263079618,0.5714285714285714,-0.011899115382146044,0.03325109302697062,0.017015514986530186,0.005142763816325937,0.06685592961223719,0.5384615384615384,-0.020237365276026882,0.039583707178702784,0.0189025160618778,0.01780467525181116,0.0012302770666852076,-0.003208493627321549,0.0,0.007194220736634576,neighbor,0.7447489711934157,248.0,0.382679012345679,829.0,0.5158600823045267,555.0,581.0,0.0,0.5474841563786008
recent_compact_capacity,robustness,0.065,0.935,33,0.03,True,rank,rank_average,13,0.0036438811100367795,0.04737045443047813,0.6923076923076923,-0.030029181570691763,0.020840875618195122,0.013302556244750505,0.015507959244662438,0.046523877733987314,1.0,0.010228333865975832,0.020840875618195122,0.004332715896390176,0.010880995954753047,0.07616697168327133,1.0,0.0012510014398347603,0.020840875618195122,0.0059760794205226874,0.0036438811100367795,0.04737045443047813,0.6923076923076923,-0.030029181570691763,0.020840875618195122,0.013302556244750505,0.013214886945229612,0.007614998169354707,-0.007140309993299627,0.0,0.0076416574553065195,neighbor,0.43119341563786007,688.0,0.8304403292181068,103.0,0.3321851851851852,926.0,823.0,0.05,0.5460032921810699
short_aggressive_wide_capacity,robustness,0.5835,0.4165,31,0.037,True,rank,rank_average,13,0.004839302774216659,0.06291093606481657,0.5384615384615384,-0.019038275641273653,0.038288516718425605,0.01860074678281227,0.022488035468939075,0.06746410640681723,1.0,0.01564535367407874,0.03483107320707951,0.008745032690117071,0.008066754348512176,0.05646728043958524,0.5714285714285714,-0.011590317872380428,0.03483107320707951,0.016664307144043385,0.004839302774216659,0.06291093606481657,0.5384615384615384,-0.019038275641273653,0.038288516718425605,0.01860074678281227,0.018981146929741257,0.00134467365219497,-0.002985766841855272,0.0,0.007749696889105949,neighbor,0.832971193415638,131.0,0.4111728395061728,755.0,0.5171810699588477,550.0,624.0,0.05,0.5457934156378601
recent_compact_capacity,robustness,0.08,0.92,30,0.036758,True,rank,rank_average,13,0.0026510037917617,0.0344630492929021,0.6923076923076923,-0.03457197288230091,0.020359109288326342,0.015194315500765835,0.015702772436020664,0.047108317308061996,1.0,0.010980942658970809,0.020359109288326342,0.003828900566688658,0.01050928830061265,0.07356501810428855,1.0,0.003007772484003829,0.020359109288326342,0.0062886897618254015,0.0026510037917617,0.0344630492929021,0.6923076923076923,-0.03457197288230091,0.020359109288326342,0.015194315500765835,0.013574291365992145,0.007982859251070472,-0.009205371197547442,0.0,0.007641197529746454,neighbor,0.46445267489711933,643.0,0.8411563786008229,94.0,0.20823456790123457,1093.0,999.0,0.05,0.5455366255144033
balanced_extra_wide_capacity,robustness,0.675,0.32499999999999996,63,0.03,False,equal,rank_average,13,0.004982303233057868,0.06476994202975228,0.6153846153846154,-0.023704929495538967,0.021596524679696902,0.014384323217809506,0.013625955839729831,0.040877867519189495,1.0,0.011583933199520079,0.017490965889028286,0.002734437311892106,0.010344491077714096,0.07241143754399867,0.8571428571428571,-0.010202939609936096,0.021596524679696902,0.009317714143857167,0.004982303233057868,0.06476994202975228,0.6153846153846154,-0.023704929495538967,0.021596524679696902,0.014384323217809506,0.012589492784487628,0.0033865327001609794,-0.004367329275300259,0.0,0.005904637437572453,neighbor,0.4171440329218107,724.0,0.6800329218106996,338.0,0.47818106995884774,639.0,386.0,0.0,0.5445995884773662
recent_compact_capacity,robustness,0.05,0.95,36,0.030758,True,rank,rank_average,13,0.002776880936792921,0.03609945217830797,0.6923076923076923,-0.027944529820590962,0.019318386520783028,0.013384980410876778,0.015487842767576159,0.04646352830272848,1.0,0.01258125797345272,0.019318386520783028,0.002826953647110395,0.010581089231757771,0.0740676246223044,1.0,0.001145616650587148,0.019318386520783028,0.005825908171913198,0.002776880936792921,0.03609945217830797,0.6923076923076923,-0.027944529820590962,0.019318386520783028,0.013384980410876778,0.013979885508757808,0.007409274356795688,-0.00694656501451536,0.0,0.00788414291188388,neighbor,0.4959835390946502,603.0,0.7977736625514402,131.0,0.24546913580246912,1046.0,915.0,0.05,0.5442119341563785
short_aggressive_wide_capacity,robustness,0.5935,0.4065,32,0.033,True,rank,rank_average,13,0.0047104401129380155,0.061235721468194206,0.5384615384615384,-0.017181062805251182,0.03409713140579622,0.01766108693198111,0.021029098626661514,0.06308729587998455,1.0,0.013976187448040484,0.03409713140579622,0.00925020224425792,0.00816212427308665,0.05713486991160655,0.5714285714285714,-0.012550476120016023,0.03409713140579622,0.01745118091746275,0.0047104401129380155,0.061235721468194206,0.5384615384615384,-0.017181062805251182,0.03409713140579622,0.01766108693198111,0.01759872807505042,0.0010821822874826747,-0.002446338322896684,0.0,0.00715952251095287,neighbor,0.7305020576131688,272.0,0.36697530864197536,874.0,0.5717119341563786,422.0,602.0,0.0,0.5430965020576133
stable_compact_current,robustness,0.5365,0.4635,36,0.037758,True,rank,rank_average,13,0.00594392686647836,0.07727104926421868,0.46153846153846156,-0.016486124304774516,0.03696568156826892,0.017772619684410105,0.022242321262762432,0.0667269637882873,1.0,0.014306807183984548,0.026933665119968205,0.005642272925797415,0.009009082998406883,0.06306358098884818,0.5714285714285714,-0.014109883129448268,0.027280960029800086,0.017497288549990195,0.00594392686647836,0.07727104926421868,0.46153846153846156,-0.016486124304774516,0.03696568156826892,0.017772619684410105,0.018399369490489488,0.0010503444478025656,-0.0015908442451444643,0.0,0.00759377616093528,neighbor,0.7930452674897118,183.0,0.39449382716049386,801.0,0.6523868312757203,300.0,618.0,0.05,0.542598353909465
short_aggressive_wide_capacity,robustness,0.5935,0.4065,30,0.039,True,rank,rank_average,13,0.005098841334825781,0.06628493735273515,0.5384615384615384,-0.020681740371034048,0.04110034269173676,0.019230314764583638,0.021253905570860616,0.06376171671258185,1.0,0.013010362675302652,0.03474101461018438,0.00961514596203233,0.008398251040172715,0.058787757281209004,0.5714285714285714,-0.011931587598777951,0.03474101461018438,0.016691376720320776,0.005098841334825781,0.06628493735273515,0.5384615384615384,-0.020681740371034048,0.04110034269173676,0.019230314764583638,0.017408145858240427,0.0014210077567302947,-0.003380173223129003,0.0,0.007095685850355453,neighbor,0.716440329218107,294.0,0.40114814814814814,782.0,0.5032181069958848,580.0,488.0,0.0,0.5425755144032921
recent_compact_capacity,robustness,0.065,0.935,30,0.033758,True,rank,rank_average,13,0.0031687104042208707,0.04119323525487132,0.6923076923076923,-0.032678266272296946,0.01977172552913732,0.014526797720065482,0.015041393090423858,0.045124179271271575,1.0,0.011480464064347357,0.01977172552913732,0.003484430362387611,0.010797924409275114,0.0755854708649258,1.0,0.0014555019443178371,0.01977172552913732,0.006505253851250928,0.0031687104042208707,0.04119323525487132,0.6923076923076923,-0.032678266272296946,0.01977172552913732,0.014526797720065482,0.013362147202776228,0.007635132554911701,-0.008285355247144405,0.0,0.007537865243749097,neighbor,0.4505267489711934,663.0,0.8235020576131686,111.0,0.2778641975308642,1005.0,894.0,0.05,0.5424662551440329
recent_compact_capacity,robustness,0.055,0.945,33,0.036758,True,rank,rank_average,13,0.002643314911689847,0.03436309385196801,0.6923076923076923,-0.03728894024286471,0.022551291246122263,0.016560618342851833,0.015193921720311527,0.04558176516093458,1.0,0.0080364600778558,0.022551291246122263,0.005927340793992446,0.0114986438039873,0.0804905066279111,1.0,0.0028395876141126142,0.022551291246122263,0.0073824749967066694,0.002643314911689847,0.03436309385196801,0.6923076923076923,-0.03728894024286471,0.022551291246122263,0.016560618342851833,0.012312567206269984,0.008491290880929923,-0.01010635308817445,0.0,0.007230154815700292,neighbor,0.37341563786008225,791.0,0.9224403292181069,26.0,0.18509876543209874,1127.0,1101.0,0.05,0.5422292181069959
stable_compact_current,robustness,0.55,0.44999999999999996,36,0.037758,True,rank,rank_average,13,0.006001033589117629,0.07801343665852918,0.46153846153846156,-0.016486124304774516,0.03696568156826892,0.01769608934086896,0.022142605446720892,0.06642781634016268,1.0,0.01449609924899313,0.02644522560683501,0.005421044521327877,0.008966347648674794,0.06276443354072356,0.5714285714285714,-0.014109883129448268,0.027280960029800086,0.01743495197525894,0.006001033589117629,0.07801343665852918,0.46153846153846156,-0.016486124304774516,0.03696568156826892,0.01769608934086896,0.018404997856798642,0.0010259852984552751,-0.0015582934132400807,0.0,0.007589948515038318,neighbor,0.7930082304526749,184.0,0.3898024691358024,814.0,0.6570781893004115,296.0,630.0,0.05,0.5411761316872428
recent_compact_capacity,robustness,0.08,0.92,32,0.030758,True,rank,rank_average,13,0.0032443602676266972,0.04217668347914706,0.7692307692307693,-0.03425235007896725,0.020377848523936433,0.014444152325965097,0.014480191737238428,0.043440575211715286,1.0,0.011331050687355036,0.020377848523936433,0.004173479111455384,0.010703015423219553,0.07492110796253687,1.0,0.002144009519767078,0.020377848523936433,0.005614083824114159,0.0032443602676266972,0.04217668347914706,0.7692307692307693,-0.03425235007896725,0.020377848523936433,0.014444152325965097,0.012992956017053067,0.007808241932758281,-0.008684759404281206,0.0,0.0074081773659202725,neighbor,0.4258106995884774,699.0,0.8383168724279835,97.0,0.28532921810699585,989.0,892.0,0.05,0.5403662551440328
stable_compact_current,robustness,0.5215,0.47850000000000004,36,0.037758,True,rank,rank_average,13,0.005941473542106992,0.0772391560473909,0.46153846153846156,-0.016486124304774516,0.03696568156826892,0.017695717043525683,0.02208841906885146,0.06626525720655438,1.0,0.01475683497330773,0.026794316900206755,0.005253310959357982,0.00894312491530218,0.06260187440711526,0.5714285714285714,-0.014109883129448268,0.027280960029800086,0.017395371720157128,0.005941473542106992,0.0772391560473909,0.46153846153846156,-0.016486124304774516,0.03696568156826892,0.017695717043525683,0.018460154410436882,0.0010127483404328847,-0.0015922426400361437,0.0,0.007600962121364129,neighbor,0.7957119341563786,178.0,0.3865185185185185,819.0,0.6519176954732511,301.0,641.0,0.05,0.5400057613168724
recent_compact_capacity,robustness,0.065,0.935,32,0.036758,True,rank,rank_average,13,0.0028557811576782615,0.0371251550498174,0.6923076923076923,-0.037190164748950066,0.023190613809352986,0.016336315082700427,0.015267604458920872,0.04580281337676262,1.0,0.007858418636146607,0.023190613809352986,0.006269878423622174,0.011310881251274907,0.07917616875892435,1.0,0.00293178569041888,0.023190613809352986,0.007287232305085747,0.0028557811576782615,0.0371251550498174,0.6923076923076923,-0.037190164748950066,0.023190613809352986,0.016336315082700427,0.012295812691513277,0.008414691591064928,-0.009952651414969222,0.0,0.007212038580339146,neighbor,0.36958847736625516,797.0,0.9134279835390946,38.0,0.20509876543209876,1097.0,1059.0,0.05,0.5396427983539095
recent_compact_capacity,robustness,0.08,0.92,31,0.036758,True,rank,rank_average,13,0.002547071468738402,0.033111929093599224,0.6923076923076923,-0.03620808605341869,0.020118118706015188,0.015542957918098338,0.015358640177787321,0.046075920533361965,1.0,0.010881925951880173,0.020118118706015188,0.0037759573519735128,0.010653889872626951,0.07457722910838865,1.0,0.0029660623584984646,0.020118118706015188,0.006035601780975153,0.002547071468738402,0.033111929093599224,0.6923076923076923,-0.03620808605341869,0.020118118706015188,0.015542957918098338,0.01334546046545923,0.008051517805701854,-0.009804529968139587,0.0,0.007490687703528589,neighbor,0.4398847736625514,677.0,0.8573539094650207,85.0,0.18517283950617283,1126.0,1041.0,0.05,0.5395390946502058
recent_compact_capacity,robustness,0.065,0.935,36,0.033758,True,rank,rank_average,13,0.00314814198528327,0.04092584580868251,0.6923076923076923,-0.031649600187379424,0.020941234546411232,0.01436070483504391,0.015274019889347831,0.045822059668043494,1.0,0.010275631146977146,0.020941234546411232,0.0043798226788024485,0.01083536012790766,0.07584752089535363,1.0,0.0019624015860034896,0.020941234546411232,0.0062812941678620175,0.00314814198528327,0.04092584580868251,0.6923076923076923,-0.031649600187379424,0.020941234546411232,0.01436070483504391,0.013097149615430723,0.007823747796288517,-0.007957619437916055,0.0,0.007565903438814714,neighbor,0.42077366255144033,713.0,0.8422181069958847,93.0,0.28087654320987654,997.0,904.0,0.05,0.5394390946502057
stable_extra_wide_capacity,robustness,0.235,0.765,48,0.03,False,equal,rank_average,13,0.004089856079671197,0.05316812903572556,0.6923076923076923,-0.022635024667904787,0.02589617486800111,0.017038583836199835,0.015421186557544873,0.04626355967263462,1.0,0.01037241193703281,0.02211225357828625,0.00493145101610167,0.0120830317828057,0.0845812224796399,0.8571428571428571,-0.014341056311718173,0.02589617486800111,0.012529427113277798,0.004089856079671197,0.05316812903572556,0.6923076923076923,-0.022635024667904787,0.02589617486800111,0.017038583836199835,0.013212972277021406,0.0030119223904751078,-0.004446032482688306,0.0,0.005973649114119116,neighbor,0.42990946502057614,690.0,0.6697736625514402,355.0,0.44011111111111106,739.0,384.0,0.0,0.5393786008230452
stable_compact_current,robustness,0.5215,0.47850000000000004,30,0.03,True,rank,rank_average,13,0.007122026818983452,0.09258634864678487,0.5384615384615384,-0.017631448011290657,0.03771577323245559,0.017033435901002095,0.018863358809398923,0.05659007642819677,1.0,0.006625447410703514,0.026961760841510495,0.008803145814083797,0.008848104633584071,0.0619367324350885,0.5714285714285714,-0.009540277469434963,0.026961760841510495,0.014618688244438434,0.007122026818983452,0.09258634864678487,0.5384615384615384,-0.017631448011290657,0.03771577323245559,0.017033435901002095,0.013938512166889544,0.002466556647657954,-0.0012203610184438108,0.0,0.006502301205435326,neighbor,0.49341563786008225,608.0,0.520962962962963,578.0,0.7158106995884773,241.0,367.0,0.0,0.5391711934156378
balanced_medium_current,robustness,0.025,0.975,48,0.03,True,equal,rank_average,13,0.007647104098609366,0.09941235328192176,0.7692307692307693,-0.021935403927633865,0.025761309861048035,0.014367235809564187,0.016837627586044474,0.050512882758133426,1.0,0.012256356959818231,0.01963959721042527,0.0032662407740318374,0.009665256764341407,0.06765679735038985,0.8571428571428571,-0.01428933116287815,0.01963959721042527,0.010983027318331123,0.007647104098609366,0.09941235328192176,0.7692307692307693,-0.021935403927633865,0.025761309861048035,0.014367235809564187,0.014642045520785366,0.001650859929067668,-0.0021106031906810672,0.0,0.006283114697792438,neighbor,0.5475637860082304,522.0,0.47531687242798354,645.0,0.7058600823045268,253.0,392.0,0.0,0.5387971193415638
recent_compact_capacity,robustness,0.045,0.955,36,0.03,True,rank,rank_average,13,0.002892368562589349,0.037600791313661536,0.6923076923076923,-0.026824326218322984,0.019789740990932086,0.013077290325063662,0.015561160944639718,0.046683482833919154,1.0,0.01171488903910935,0.019789740990932086,0.003307610229640481,0.010556994769111542,0.0738989633837808,1.0,0.0008485941987579318,0.019789740990932086,0.005862643436991147,0.002892368562589349,0.037600791313661536,0.6923076923076923,-0.026824326218322984,0.019789740990932086,0.013077290325063662,0.013735775121350723,0.007297523103983696,-0.0065110698790629635,0.0,0.007801534963473509,neighbor,0.4809218106995885,619.0,0.7908847736625515,140.0,0.2637901234567901,1030.0,890.0,0.05,0.537835390946502
recent_compact_capacity,robustness,0.08,0.92,33,0.033758,True,rank,rank_average,13,0.002867988732225363,0.03728385351892972,0.7692307692307693,-0.03285403829766765,0.019191208257983476,0.014180798142225764,0.015139088305155897,0.045417264915467694,1.0,0.011843878597385678,0.019191208257983476,0.0030469107988999426,0.010374816023074147,0.07262371216151903,1.0,0.002407203936663887,0.019191208257983476,0.005696501028017849,0.002867988732225363,0.03728385351892972,0.7692307692307693,-0.03285403829766765,0.019191208257983476,0.014180798142225764,0.013537760271076133,0.007708022432251346,-0.0084378482916311,0.0,0.007618036959198894,neighbor,0.4621810699588477,650.0,0.8108847736625515,118.0,0.25256378600823043,1038.0,920.0,0.05,0.5376551440329218
short_aggressive_wide_capacity,robustness,0.5835,0.4165,32,0.036,True,rank,rank_average,13,0.004741349352964507,0.06163754158853859,0.5384615384615384,-0.018293307413637154,0.03676165713777252,0.018236665626114795,0.022427426344285777,0.06728227903285733,1.0,0.016107015887580824,0.03414615140378899,0.008294936325096952,0.00792651831546121,0.055485628208228464,0.5714285714285714,-0.011807084058270833,0.03414615140378899,0.016714323862366744,0.004741349352964507,0.06163754158853859,0.5384615384615384,-0.018293307413637154,0.03676165713777252,0.018236665626114795,0.019098948259144564,0.001193206272012085,-0.0027957607768489537,0.0,0.007757158009535922,neighbor,0.8385020576131686,126.0,0.383,828.0,0.5280082304526749,524.0,702.0,0.05,0.5369520576131686
short_aggressive_wide_capacity,robustness,0.6035,0.39649999999999996,30,0.039,True,rank,rank_average,13,0.005005094951739062,0.0650662343726078,0.5384615384615384,-0.020681740371034048,0.0411512314762177,0.019104287277502838,0.021340972764945315,0.06402291829483595,1.0,0.013010362675302652,0.03500221619243848,0.009737287237444256,0.008122047110456955,0.05685432977319868,0.5714285714285714,-0.011931587598777951,0.03500221619243848,0.016490265386135922,0.005005094951739062,0.0650662343726078,0.5384615384615384,-0.020681740371034048,0.0411512314762177,0.019104287277502838,0.017457774158868705,0.0012635715167923108,-0.0034336086614884325,0.0,0.007036675546880757,neighbor,0.7204279835390947,291.0,0.3851975308641975,823.0,0.4957119341563786,599.0,532.0,0.0,0.5358668724279835
recent_compact_capacity,robustness,0.045,0.955,32,0.033758,True,rank,rank_average,13,0.0025526782068023344,0.033184816688430346,0.6923076923076923,-0.03311003130318351,0.021018841401054,0.014960659665940642,0.01501306710411338,0.04503920131234014,1.0,0.01039648053499851,0.021018841401054,0.004446423244176757,0.010797389205227798,0.07558172443659458,1.0,0.0026423214381198204,0.021018841401054,0.006461138158291932,0.0025526782068023344,0.033184816688430346,0.6923076923076923,-0.03311003130318351,0.021018841401054,0.014960659665940642,0.012988286825894136,0.008026477921559385,-0.008778976059865537,0.0,0.007490383386079548,neighbor,0.4157119341563786,726.0,0.8624897119341564,79.0,0.2044320987654321,1098.0,1019.0,0.05,0.5350699588477367
recent_compact_capacity,robustness,0.05,0.95,36,0.031758,True,rank,rank_average,13,0.002609523629063309,0.03392380717782302,0.6923076923076923,-0.02863133028342498,0.01984778937161867,0.013684786084307817,0.015112106868510528,0.04533632060553158,1.0,0.012412070513515706,0.01984778937161867,0.0033596001909387443,0.010525526113788878,0.07367868279652215,1.0,0.001563109789359567,0.01984778937161867,0.005910709552477994,0.002609523629063309,0.03392380717782302,0.6923076923076923,-0.02863133028342498,0.01984778937161867,0.013684786084307817,0.013709884184511183,0.0075153761153483175,-0.007268602832656466,0.0,0.007775582500812747,neighbor,0.4756378600823045,626.0,0.8000452674897118,128.0,0.22793827160493826,1074.0,946.0,0.05,0.5344662551440328
short_aggressive_wide_capacity,robustness,0.6,0.4,30,0.039,True,rank,rank_average,13,0.004977297731486437,0.06470487050932368,0.5384615384615384,-0.020681740371034048,0.0411512314762177,0.019116562844204377,0.021253905570860616,0.06376171671258185,1.0,0.013010362675302652,0.03474101461018438,0.00961514596203233,0.008132901104334943,0.0569303077303446,0.5714285714285714,-0.011931587598777951,0.03474101461018438,0.01646774604027003,0.004977297731486437,0.06470487050932368,0.5384615384615384,-0.020681740371034048,0.0411512314762177,0.019116562844204377,0.017408145858240427,0.0012697582933027648,-0.0034494530770324285,0.0,0.007017231613727551,neighbor,0.716440329218107,294.0,0.3861358024691358,820.0,0.49289711934156377,610.0,526.0,0.0,0.5342718106995884
recent_compact_capacity,robustness,0.045,0.955,31,0.033758,True,rank,rank_average,13,0.002530932280751054,0.0329021196497637,0.6923076923076923,-0.033037177438893006,0.020107142732968347,0.014904277724242708,0.014798658131986926,0.044395974395960776,1.0,0.011036681516533968,0.020107142732968347,0.0038610949985453213,0.010672107725035672,0.07470475407524971,1.0,0.002554352571289071,0.020107142732968347,0.006291557667959218,0.002530932280751054,0.0329021196497637,0.6923076923076923,-0.033037177438893006,0.020107142732968347,0.014904277724242708,0.013077340035688757,0.007926037751795727,-0.0087673294624989,0.0,0.007482553583208745,neighbor,0.42677366255144034,697.0,0.8495267489711933,88.0,0.20285185185185184,1103.0,1015.0,0.05,0.5334242798353908
recent_compact_capacity,robustness,0.08,0.92,32,0.03,True,rank,rank_average,13,0.0030603560852369154,0.0397846291080799,0.7692307692307693,-0.03563009469880854,0.019513994994894646,0.014764714821811766,0.01433502831235963,0.043005084937078886,1.0,0.011350111543121183,0.019513994994894646,0.0036762879393996213,0.010735306508676334,0.07514714556073433,1.0,0.0019721777654914886,0.019513994994894646,0.005513397205268397,0.0030603560852369154,0.0397846291080799,0.7692307692307693,-0.03563009469880854,0.019513994994894646,0.014764714821811766,0.01291650294727498,0.0077699433725577005,-0.00924429751279101,0.0,0.007276431069642306,neighbor,0.4230699588477366,706.0,0.8345390946502058,100.0,0.2569341563786008,1035.0,935.0,0.05,0.5333106995884774
stable_compact_current,robustness,0.5565,0.4435,36,0.037758,True,rank,rank_average,13,0.006026367786456196,0.07834278122393054,0.46153846153846156,-0.016486124304774516,0.03696568156826892,0.017623771088650902,0.021972158634846084,0.06591647590453825,1.0,0.014468273508385386,0.025961710911818335,0.005309593667403881,0.008893299015014162,0.06225309310509914,0.5714285714285714,-0.014109883129448268,0.027280960029800086,0.017365111710847207,0.006026367786456196,0.07834278122393054,0.46153846153846156,-0.016486124304774516,0.03696568156826892,0.017623771088650902,0.018298660679629444,0.0009843475772687153,-0.0015438529207570978,0.0,0.007530842743509136,neighbor,0.7813909465020575,199.0,0.38135802469135804,837.0,0.6603621399176954,294.0,638.0,0.05,0.5332218106995884
stable_compact_current,robustness,0.5965,0.40349999999999997,30,0.037758,True,rank,rank_average,13,0.005628966623685111,0.07317656610790645,0.46153846153846156,-0.01738132997038149,0.0397886926336985,0.018335533431347247,0.023072574861594124,0.06921772458478237,1.0,0.015387153420408393,0.02871909259627911,0.005630452722506184,0.008472774484526237,0.05930942139168366,0.5714285714285714,-0.01601059202584757,0.02871909259627911,0.017972475528201564,0.005628966623685111,0.07317656610790645,0.46153846153846156,-0.01738132997038149,0.0397886926336985,0.018335533431347247,0.01922912829984342,0.00011741465907882747,-0.0020657894531869174,0.0,0.0074346194985448035,neighbor,0.8608230452674898,95.0,0.3274320987654321,927.0,0.6094732510288067,354.0,832.0,0.05,0.5330946502057613
recent_compact_capacity,robustness,0.08,0.92,33,0.030758,True,rank,rank_average,13,0.00330810582258969,0.04300537569366597,0.7692307692307693,-0.03169379047372128,0.019552175039053543,0.013724641494884494,0.014511494842025902,0.04353448452607771,1.0,0.011498311202352555,0.019552175039053543,0.0035869427458113156,0.010527855608849515,0.0736949892619466,1.0,0.0016257707549669725,0.019552175039053543,0.005429612243742513,0.00330810582258969,0.04300537569366597,0.7692307692307693,-0.03169379047372128,0.019552175039053543,0.013724641494884494,0.013065994756731106,0.007537382046183324,-0.00780409976822113,0.0,0.007447604858241768,neighbor,0.4340082304526749,684.0,0.8026872427983538,125.0,0.308119341563786,953.0,828.0,0.05,0.5310304526748971
short_aggressive_wide_capacity,robustness,0.5685,0.4315,30,0.036,True,rank,rank_average,13,0.003974032455365497,0.05166242191975146,0.5384615384615384,-0.01821365829564972,0.037138896511899624,0.017774177901613182,0.02310550977475706,0.06931652932427118,1.0,0.01798866690936149,0.03332720100706964,0.007227828844291131,0.005975638676530135,0.041829470735710944,0.5714285714285714,-0.01129976362337323,0.03332720100706964,0.016234793999307856,0.003974032455365497,0.05166242191975146,0.5384615384615384,-0.01821365829564972,0.037138896511899624,0.017774177901613182,0.020106400651700815,0.0002486206213375816,-0.003206847199544537,0.0,0.007673412460350558,neighbor,0.8937736625514404,55.0,0.33998765432098765,915.0,0.4673168724279835,664.0,860.0,0.05,0.5306014403292182
short_aggressive_wide_capacity,robustness,0.6185,0.38149999999999995,30,0.039,True,rank,rank_average,13,0.004958041724125205,0.06445454241362766,0.5384615384615384,-0.020681740371034048,0.040754892024868664,0.01898009150861497,0.02104817694278208,0.06314453082834624,1.0,0.013282782013179825,0.033851409388071595,0.00912147514194337,0.00799656318667271,0.05597594230670897,0.5714285714285714,-0.011931587598777951,0.033851409388071595,0.01623746062589284,0.004958041724125205,0.06445454241362766,0.5384615384615384,-0.020681740371034048,0.040754892024868664,0.01898009150861497,0.01738077892173513,0.0011920456802352916,-0.0034604290012283313,0.0,0.006969667774615683,neighbor,0.7189465020576131,293.0,0.3762839506172839,853.0,0.4905514403292181,618.0,560.0,0.0,0.5304890946502058
recent_compact_capacity,robustness,0.055,0.945,33,0.03,True,rank,rank_average,13,0.00278038538084637,0.03614500995100281,0.6923076923076923,-0.030029181570691763,0.02079880063282375,0.01390683779848777,0.015463701450870108,0.046391104352610325,1.0,0.010238419506711692,0.02079880063282375,0.004311956806483856,0.010863555076100642,0.0760448855327045,1.0,0.0012510014398347603,0.02079880063282375,0.005955678715428288,0.00278038538084637,0.03614500995100281,0.6923076923076923,-0.030029181570691763,0.02079880063282375,0.01390683779848777,0.013192988264210819,0.007605056868522837,-0.00763250255893816,0.0,0.00755459551267888,neighbor,0.42865020576131685,694.0,0.8271563786008229,105.0,0.2407037037037037,1055.0,950.0,0.05,0.5297860082304525
stable_compact_current,robustness,0.5965,0.40349999999999997,36,0.037758,True,rank,rank_average,13,0.006101237408553229,0.07931608631119198,0.46153846153846156,-0.016486124304774516,0.03696568156826892,0.017624094058428606,0.021976484443942058,0.06592945333182618,1.0,0.01392517335423428,0.026517788493257352,0.005708683507172318,0.00889515293319815,0.06226607053238706,0.5714285714285714,-0.014109883129448268,0.027280960029800086,0.017420681766657342,0.006101237408553229,0.07931608631119198,0.46153846153846156,-0.016486124304774516,0.03696568156826892,0.017624094058428606,0.018121903339944286,0.0009854043106335886,-0.0015011772361617887,0.0,0.0074670166903385606,neighbor,0.7685514403292181,218.0,0.38229629629629625,830.0,0.6669300411522634,281.0,612.0,0.05,0.52949341563786
balanced_extra_wide_capacity,robustness,0.7,0.30000000000000004,63,0.03,False,equal,rank_average,13,0.005249844008123815,0.0682479721056096,0.6153846153846154,-0.019683671387348937,0.02235270066120721,0.013849116229585151,0.013153439944609782,0.039460319833829346,1.0,0.010539098407728542,0.017118252995459673,0.0028506313633820933,0.010121278112803165,0.07084894678962216,0.8571428571428571,-0.010202939609936089,0.021451581610680524,0.009238602347363895,0.005249844008123815,0.0682479721056096,0.6153846153846154,-0.019683671387348937,0.02235270066120721,0.013849116229585151,0.011975363242977995,0.003259301310161752,-0.0028878158578099604,0.0,0.005823658508092492,neighbor,0.37279835390946503,792.0,0.6551810699588477,375.0,0.5663539094650205,435.0,417.0,0.0,0.5289039094650205
short_aggressive_wide_capacity,robustness,0.6,0.4,32,0.037,True,rank,rank_average,13,0.004844570493357797,0.06297941641365136,0.5384615384615384,-0.019507257594785745,0.03831182155440492,0.01864234838937876,0.021132946272366875,0.06339883881710062,1.0,0.012746315604656323,0.03471980311721508,0.00969502630514515,0.008027670685901855,0.056193694801312984,0.5714285714285714,-0.011899115382146044,0.03471980311721508,0.016822094984710916,0.004844570493357797,0.06297941641365136,0.5384615384615384,-0.019507257594785745,0.03831182155440492,0.01864234838937876,0.017252063524785706,0.0012204927862844342,-0.0031375282866038137,0.0,0.006979417920751706,neighbor,0.7028724279835391,308.0,0.3808024691358024,841.0,0.5070329218106996,571.0,533.0,0.0,0.5285650205761316
stable_compact_capacity,robustness,0.953,0.04700000000000004,31,0.032258,True,equal,rank_average,13,0.0053842170156211296,0.06999482120307468,0.5384615384615384,-0.0235624222443548,0.027224380880328213,0.015382350285810042,0.018345457318373785,0.05503637195512136,1.0,0.012766191843078065,0.027224380880328213,0.0063469475695462855,0.009709910489985776,0.06796937342990043,0.7142857142857143,-0.013959878730918612,0.027224380880328213,0.01472229686060618,0.0053842170156211296,0.06999482120307468,0.5384615384615384,-0.0235624222443548,0.027224380880328213,0.015382350285810042,0.015669753979688818,0.001642174712374464,-0.004168134103271502,0.0,0.006381660096953311,neighbor,0.6077489711934156,447.0,0.47097119341563787,653.0,0.4828106995884773,631.0,206.0,0.0,0.5274582304526748
recent_compact_current,robustness,0.825,0.17500000000000004,37,0.03,True,equal,rank_average,13,0.006329252392094183,0.08228028109722438,0.8461538461538461,-0.01683410943013479,0.022223375113595643,0.008897920165467395,0.009354839580387027,0.02806451874116108,1.0,0.007700082600071897,0.011423645707407469,0.0015480758111266564,0.01040833200848394,0.07285832405938758,1.0,0.0037419737230631363,0.022223375113595643,0.005357859640928698,0.006329252392094183,0.08228028109722438,0.8461538461538461,-0.01683410943013479,0.022223375113595643,0.008897920165467395,0.00887328581884433,0.00816760057344668,-0.0011014284022969499,0.0,0.007059520325244197,exact,0.21588477366255143,1032.0,0.8328971193415637,102.0,0.7716913580246914,192.0,930.0,0.05,0.526911316872428
stable_compact_capacity,robustness,0.968,0.03200000000000003,31,0.032258,True,equal,rank_average,13,0.005136777359835907,0.0667781056778668,0.6153846153846154,-0.0235624222443548,0.027224380880328213,0.01513441325266422,0.018345457318373785,0.05503637195512136,1.0,0.012766191843078069,0.027224380880328213,0.006346947569546284,0.009654093404704816,0.06757865383293371,0.7142857142857143,-0.013959878730918612,0.027224380880328213,0.014962841759742313,0.005136777359835907,0.0667781056778668,0.6153846153846154,-0.0235624222443548,0.027224380880328213,0.01513441325266422,0.015669753979688818,0.001610358973764316,-0.004232251630146002,0.0,0.006357725385547569,neighbor,0.6081563786008229,446.0,0.4658106995884773,664.0,0.4915267489711934,614.0,218.0,0.0,0.5266063786008229
recent_compact_capacity,robustness,0.05,0.95,33,0.03,True,rank,rank_average,13,0.0027724293473003364,0.03604158151490437,0.6923076923076923,-0.030029181570691763,0.02079880063282375,0.013910888015681014,0.015397743868295224,0.04619323160488567,1.0,0.010245378594771887,0.02079880063282375,0.004312003770219708,0.010837582736219898,0.07586307915353928,1.0,0.0012510014398347603,0.02079880063282375,0.005935006061936304,0.0027724293473003364,0.03604158151490437,0.6923076923076923,-0.030029181570691763,0.02079880063282375,0.013910888015681014,0.013157688941202998,0.007590252634790812,-0.0076370374980593994,0.0,0.007533133637428155,neighbor,0.4246995884773663,702.0,0.823872427983539,110.0,0.23882716049382716,1064.0,954.0,0.05,0.5264465020576131
recent_compact_capacity,robustness,0.03,0.97,32,0.031758,True,rank,rank_average,13,0.0025353420926558586,0.03295944720452616,0.6923076923076923,-0.03471729346625582,0.02121049045108974,0.01480387923463879,0.014915554322172802,0.044746662966518407,1.0,0.010817151702635822,0.02121049045108974,0.004518402533226405,0.010753381741200153,0.07527367218840107,1.0,0.0020212000290737706,0.02121049045108974,0.005806472834079186,0.0025353420926558586,0.03295944720452616,0.6923076923076923,-0.03471729346625582,0.02121049045108974,0.01480387923463879,0.013071526025508318,0.007796423602078431,-0.009319254158742891,0.0,0.007339112907327187,neighbor,0.425119341563786,700.0,0.8391316872427983,96.0,0.19028395061728395,1115.0,1019.0,0.05,0.5261995884773663
recent_compact_capacity,robustness,0.065,0.935,33,0.036758,True,rank,rank_average,13,0.0027285891022095954,0.03547165832872474,0.6923076923076923,-0.03728894024286471,0.022797356549031818,0.016252378948299367,0.014961291374119112,0.04488387412235734,1.0,0.007696644275773601,0.022797356549031818,0.006178066944366101,0.011170180836384349,0.07819126585469044,1.0,0.0028395876141126142,0.022797356549031818,0.007143988552731373,0.0027285891022095954,0.03547165832872474,0.6923076923076923,-0.03728894024286471,0.022797356549031818,0.016252378948299367,0.012067828694253182,0.00830406698939624,-0.010057746799578193,0.0,0.007055299602992853,neighbor,0.3596378600823045,818.0,0.8966378600823046,57.0,0.1911975308641975,1113.0,1056.0,0.05,0.5260218106995885
recent_compact_capacity,robustness,0.08,0.92,32,0.036758,True,rank,rank_average,13,0.002503538110384146,0.032545995434993896,0.6923076923076923,-0.037190164748950066,0.02054852676214513,0.015781779689133305,0.015019591098149578,0.04505877329444873,1.0,0.010174868758198216,0.02054852676214513,0.0042625740267521195,0.010706527642861932,0.07494569350003352,1.0,0.00293178569041888,0.02054852676214513,0.00603774261738083,0.002503538110384146,0.032545995434993896,0.6923076923076923,-0.037190164748950066,0.02054852676214513,0.015781779689133305,0.01291887361615067,0.008070210034269533,-0.010153429951926867,0.0,0.00727612946909253,neighbor,0.4099341563786008,732.0,0.8580699588477365,84.0,0.17085185185185187,1131.0,1047.0,0.05,0.5257329218106995
stable_compact_capacity,robustness,0.978,0.02200000000000002,38,0.03,True,equal,rank_average,13,0.004075315228780702,0.052979097974149125,0.5384615384615384,-0.018932138057302497,0.02423129672131586,0.01283271255927879,0.015989409270464078,0.04796822781139223,1.0,0.011483864384490752,0.022364544040655472,0.004634567379766754,0.008878666201854042,0.0621506634129783,0.7142857142857143,-0.007263319346613282,0.02423129672131586,0.011876492929160891,0.004075315228780702,0.052979097974149125,0.5384615384615384,-0.018932138057302497,0.02423129672131586,0.01283271255927879,0.01390363853104647,0.003378230064960135,-0.003386214340043286,0.0,0.006573726790644156,neighbor,0.49751440329218105,601.0,0.5703662551440329,504.0,0.4612057613168724,681.0,177.0,0.0,0.5248514403292182
balanced_extra_wide_capacity,robustness,0.7,0.30000000000000004,62,0.03,False,equal,rank_average,13,0.0056007218731593655,0.07280938435107175,0.6153846153846154,-0.018907255050229478,0.023934261078990965,0.014135360415487625,0.012861350372832514,0.03858405111849754,1.0,0.010104291857555917,0.017410625597313337,0.003240849552071445,0.010155886442127924,0.07109120509489547,0.8571428571428571,-0.010874101855804112,0.022647381481376558,0.009693671734989886,0.0056007218731593655,0.07280938435107175,0.6153846153846154,-0.018907255050229478,0.023934261078990965,0.014135360415487625,0.011665386025507984,0.0030575445167404162,-0.0024315980834902742,0.0,0.00567730973021284,neighbor,0.35374897119341564,832.0,0.6450082304526749,384.0,0.61619341563786,343.0,489.0,0.0,0.524182304526749
balanced_extra_wide_capacity,robustness,0.735,0.265,64,0.03,False,equal,rank_average,13,0.005799393977660526,0.07539212170958684,0.6153846153846154,-0.021251577641279912,0.02316321074719209,0.013510830439016543,0.012952802261146368,0.0388584067834391,1.0,0.011290167510435233,0.01562886532135495,0.0019107332584617916,0.009863954553156988,0.06904768187209892,0.8571428571428571,-0.010630855511593401,0.020753603178861303,0.009126564996494316,0.005799393977660526,0.07539212170958684,0.6153846153846154,-0.021251577641279912,0.02316321074719209,0.013510830439016543,0.012108852567297056,0.0029714146336165172,-0.0030919814389712566,0.0,0.005716880396200567,neighbor,0.3919094650205761,760.0,0.6246131687242799,431.0,0.5750082304526748,413.0,347.0,0.0,0.5240909465020576
recent_compact_current,robustness,0.835,0.16500000000000004,37,0.03,True,equal,rank_average,13,0.006039467225143471,0.07851307392686513,0.8461538461538461,-0.01683410943013479,0.02222337511359564,0.008668909626543344,0.009354839580387032,0.028064518741161094,1.0,0.007700082600071899,0.011423645707407476,0.0015480758111266586,0.010408332008483944,0.07285832405938761,1.0,0.0037419737230631363,0.02222337511359564,0.005357859640928696,0.006039467225143471,0.07851307392686513,0.8461538461538461,-0.01683410943013479,0.02222337511359564,0.008668909626543344,0.008873285818844334,0.008167600573446683,-0.0012666059474588558,0.0,0.007034743693469913,neighbor,0.2166255144032922,1028.0,0.8333662551440328,101.0,0.7487037037037036,223.0,927.0,0.05,0.5239705761316872
balanced_extra_wide_capacity,robustness,0.715,0.28500000000000003,65,0.03,False,equal,rank_average,13,0.005651129254913404,0.07346468031387425,0.6153846153846154,-0.022712380308749197,0.02383880687918398,0.01401344369365892,0.012876401018086974,0.03862920305426092,1.0,0.010572864550034838,0.01627061196433891,0.0024506134622919074,0.010311575975116952,0.07218103182581867,0.8571428571428571,-0.011226933676460063,0.02383880687918398,0.009946287788504862,0.005651129254913404,0.07346468031387425,0.6153846153846154,-0.022712380308749197,0.02383880687918398,0.01401344369365892,0.011828593881821073,0.0030298530497276984,-0.0036585572112019797,0.0,0.005546087843425597,neighbor,0.36748971193415636,802.0,0.6516255144032922,380.0,0.5449958847736625,489.0,422.0,0.0,0.5219767489711934
stable_extra_wide_capacity,robustness,0.3,0.7,44,0.03,False,equal,rank_average,13,0.006162435264345927,0.08011165843649705,0.7692307692307693,-0.02335699843734798,0.025698327580365728,0.014309343795475193,0.015821929307954768,0.0474657879238643,1.0,0.009440867580612838,0.022082771731018136,0.005161735796406063,0.010796874318295928,0.07557812022807149,0.8571428571428571,-0.016206262206959064,0.025698327580365728,0.012633274060868874,0.006162435264345927,0.08011165843649705,0.7692307692307693,-0.02335699843734798,0.025698327580365728,0.014309343795475193,0.013133986007136455,0.0016632946902750442,-0.0034259906144168866,0.0,0.00548817842131582,neighbor,0.4315637860082304,686.0,0.5742798353909465,499.0,0.6049341563786008,356.0,330.0,0.0,0.5217915637860083
balanced_extra_wide_capacity,robustness,0.725,0.275,65,0.03,False,equal,rank_average,13,0.005564071827058172,0.07233293375175624,0.6153846153846154,-0.022712380308749197,0.02383880687918398,0.014078850328690285,0.012876401018086974,0.03862920305426092,1.0,0.010572864550034842,0.01627061196433891,0.0024506134622919065,0.010311575975116954,0.07218103182581868,0.8571428571428571,-0.011226933676460063,0.02383880687918398,0.009946287788504862,0.005564071827058172,0.07233293375175624,0.6153846153846154,-0.022712380308749197,0.02383880687918398,0.014078850328690285,0.011828593881821073,0.0030298530497276993,-0.003708179945079462,0.0,0.005538644433343976,neighbor,0.3681687242798354,801.0,0.6520946502057613,379.0,0.5388971193415637,500.0,422.0,0.0,0.5215446502057612
short_aggressive_wide_capacity,robustness,0.6035,0.39649999999999996,32,0.037,True,rank,rank_average,13,0.004840441766652314,0.06292574296648008,0.5384615384615384,-0.019507257594785745,0.03831182155440492,0.018620863637362078,0.021077864380619194,0.06323359314185759,1.0,0.012361455942123803,0.034939417104504565,0.009909438761457157,0.007967473079478815,0.055772311556351706,0.5714285714285714,-0.011899115382146044,0.034939417104504565,0.016825939193245987,0.004840441766652314,0.06292574296648008,0.5384615384615384,-0.019507257594785745,0.03831182155440492,0.018620863637362078,0.017093663157853795,0.0011861801506233012,-0.003139881660825939,0.0,0.006900264081798113,neighbor,0.6902798353909465,321.0,0.3765802469135803,852.0,0.5060946502057614,574.0,531.0,0.0,0.5214872427983539
short_aggressive_wide_capacity,robustness,0.5935,0.4065,31,0.039,True,rank,rank_average,13,0.00483955792404495,0.06291425301258435,0.5384615384615384,-0.020490344150283876,0.040561944575198045,0.018886329635082705,0.020521620343156948,0.06156486102947085,1.0,0.012181001895688257,0.03404407006482082,0.009648383939213336,0.008055888707467096,0.05639122095226967,0.5714285714285714,-0.011670213545117287,0.03404407006482082,0.016248510595079355,0.00483955792404495,0.06291425301258435,0.5384615384615384,-0.020490344150283876,0.040561944575198045,0.018886329635082705,0.016717054221176586,0.0013121146647961112,-0.0034648040144265205,0.0,0.006757552685464907,neighbor,0.6664279835390946,353.0,0.4041851851851852,773.0,0.4827489711934156,632.0,420.0,0.0,0.5208668724279835
recent_compact_capacity,robustness,0.08,0.92,32,0.031758,True,rank,rank_average,13,0.0029058692678576186,0.03777630048214904,0.7692307692307693,-0.03471729346625582,0.017814454822358015,0.014236544990246479,0.013987768668654983,0.04196330600596495,1.0,0.012031051061749773,0.017814454822358015,0.002706107479888688,0.010427588638618071,0.0729931204703265,1.0,0.0020212000290737706,0.017814454822358015,0.005051801462625666,0.0029058692678576186,0.03777630048214904,0.7692307692307693,-0.03471729346625582,0.017814454822358015,0.014236544990246479,0.012943274991510764,0.007610721533606644,-0.00903113059195481,0.0,0.007247465097934074,neighbor,0.430798353909465,689.0,0.8053539094650204,121.0,0.23940329218106993,1060.0,939.0,0.05,0.5206390946502056
recent_compact_capacity,robustness,0.045,0.955,33,0.033758,True,rank,rank_average,13,0.00246252632984347,0.03201284228796511,0.6923076923076923,-0.03285403829766765,0.021699451808279056,0.015004748751972817,0.014794799452669238,0.04438439835800771,1.0,0.009868155582668604,0.021699451808279056,0.005028537280455254,0.010738574332523749,0.07517002032766625,1.0,0.002407203936663887,0.021699451808279056,0.006583703895137815,0.00246252632984347,0.03201284228796511,0.6923076923076923,-0.03285403829766765,0.021699451808279056,0.015004748751972817,0.012689527030302104,0.007915364668637619,-0.008745884937911856,0.0,0.007325842172320991,neighbor,0.39153909465020575,763.0,0.850761316872428,86.0,0.20109876543209876,1105.0,1019.0,0.05,0.5196230452674897
stable_compact_capacity,robustness,0.968,0.03200000000000003,32,0.03125,True,equal,rank_average,13,0.005519376030922638,0.0717518884019943,0.5384615384615384,-0.019066457231269568,0.02660916409352153,0.014373567010018466,0.018163018677904087,0.05448905603371226,1.0,0.010666547293705812,0.025890364072984978,0.006217240890670675,0.00969917099228102,0.06789419694596714,0.7142857142857143,-0.01363744901918226,0.02660916409352153,0.0146983290517084,0.005519376030922638,0.0717518884019943,0.5384615384615384,-0.019066457231269568,0.02660916409352153,0.014373567010018466,0.014872881253328248,0.0017424550035557492,-0.0026074250102315157,0.0,0.00634214350139666,neighbor,0.5420823045267489,530.0,0.4806995884773662,639.0,0.5747366255144033,414.0,225.0,0.0,0.5193582304526748
balanced_extra_wide_capacity,robustness,0.675,0.32499999999999996,62,0.03,False,equal,rank_average,13,0.005232120569204648,0.06801756739966042,0.6153846153846154,-0.023436254817130284,0.02375946424293795,0.014824007016385775,0.013006083613344382,0.039018250840033145,1.0,0.010104291857555917,0.017844825318848935,0.003444105679478887,0.01026626583724867,0.07186386086074069,0.8571428571428571,-0.010535645811494507,0.022647381481376558,0.009636635873402476,0.005232120569204648,0.06801756739966042,0.6153846153846154,-0.023436254817130284,0.02375946424293795,0.014824007016385775,0.011747883972599751,0.003232151266581411,-0.004136270749821729,0.0,0.005533181046528277,neighbor,0.35890946502057613,820.0,0.6673168724279835,358.0,0.5027489711934157,581.0,462.0,0.0,0.5192687242798354
balanced_medium_current,robustness,0.05,0.95,44,0.03,True,equal,rank_average,13,0.006989032836169495,0.09085742687020343,0.7692307692307693,-0.020381490964133477,0.02495694813898134,0.01322470543301192,0.01486141839658895,0.04458425518976685,1.0,0.013085785636791726,0.018338909518782205,0.002459141997272986,0.008302743063446067,0.05811920144412248,0.8571428571428571,-0.011150143130629436,0.01974268007778867,0.01017344352129824,0.006989032836169495,0.09085742687020343,0.7692307692307693,-0.020381490964133477,0.02495694813898134,0.01322470543301192,0.013789317746196971,0.0019101591701994017,-0.001972912532316666,0.0,0.00607936184522102,neighbor,0.487835390946502,612.0,0.48667489711934153,632.0,0.6938600823045268,263.0,369.0,0.0,0.5182168724279835
recent_compact_capacity,robustness,0.08,0.92,33,0.03,True,rank,rank_average,13,0.003319521243783599,0.04315377616918679,0.6923076923076923,-0.030029181570691763,0.01859154205384763,0.013295629341981755,0.014600100642754582,0.04380030192826374,1.0,0.010942755167927608,0.01859154205384763,0.003131527878158696,0.010497608789170252,0.07348326152419177,1.0,0.0012510014398347603,0.01859154205384763,0.005339334008480772,0.003319521243783599,0.04315377616918679,0.6923076923076923,-0.030029181570691763,0.01859154205384763,0.013295629341981755,0.012933166571786222,0.007396467484972514,-0.007325195117063939,0.0,0.00740289772939253,neighbor,0.4173909465020576,721.0,0.7891563786008231,142.0,0.30075308641975307,963.0,821.0,0.05,0.5171897119341564
balanced_extra_wide_capacity,robustness,0.715,0.28500000000000003,63,0.03,False,equal,rank_average,13,0.005494006483561451,0.07142208428629887,0.6153846153846154,-0.019683671387348937,0.02235270066120721,0.013458106713970273,0.012642392356319919,0.037927177068959754,1.0,0.010269825665771528,0.01711825299545968,0.003166819992583592,0.009902257717821794,0.06931580402475256,0.8571428571428571,-0.010202939609936089,0.021451581610680524,0.009214279352066876,0.005494006483561451,0.07142208428629887,0.6153846153846154,-0.019683671387348937,0.02235270066120721,0.013458106713970273,0.011595206112806958,0.00313445968502237,-0.0027486432468105076,0.0,0.005636292816361274,neighbor,0.35689711934156376,824.0,0.6364156378600824,406.0,0.5860576131687242,380.0,444.0,0.0,0.5170545267489712
short_aggressive_wide_capacity,robustness,0.6185,0.38149999999999995,32,0.037,True,rank,rank_average,13,0.004847807622844215,0.0630214990969748,0.5384615384615384,-0.01985336854152142,0.03813936009074939,0.018494666184902316,0.020823920657923187,0.062471761973769566,1.0,0.012567204176602398,0.03397183770193794,0.00939795957630708,0.007838942350158909,0.054872596451112365,0.5714285714285714,-0.011899115382146044,0.03397183770193794,0.016597498525244506,0.004847807622844215,0.0630214990969748,0.5384615384615384,-0.01985336854152142,0.03813936009074939,0.018494666184902316,0.017016812153295008,0.001112917634910954,-0.0032498997352193282,0.0,0.0068200528367450336,neighbor,0.6879835390946502,323.0,0.3704814814814815,860.0,0.49894650205761315,590.0,537.0,0.0,0.5167520576131688
short_aggressive_wide_capacity,robustness,0.6035,0.39649999999999996,31,0.033,True,rank,rank_average,13,0.00477665837081519,0.06209655882059747,0.5384615384615384,-0.017136903722948727,0.03506792342126973,0.017220914567905872,0.0207742917802551,0.062322875340765305,1.0,0.01221523284343733,0.03506792342126973,0.010172687607390265,0.007785479900169363,0.054498359301185545,0.5714285714285714,-0.012483066753703975,0.03506792342126973,0.016967346747547157,0.00477665837081519,0.06209655882059747,0.5384615384615384,-0.017136903722948727,0.03506792342126973,0.017220914567905872,0.016872373153079726,0.000889740085802796,-0.0023940214187468836,0.0,0.006790229087031117,neighbor,0.6775637860082304,343.0,0.3526049382716049,897.0,0.5795020576131686,394.0,554.0,0.0,0.5166230452674897
balanced_extra_wide_capacity,robustness,0.725,0.275,63,0.03,False,equal,rank_average,13,0.0054663902910949335,0.07106307378423414,0.6153846153846154,-0.019683671387348937,0.02235270066120721,0.013480317994070104,0.012642392356319915,0.03792717706895975,1.0,0.010269825665771528,0.017118252995459673,0.003166819992583589,0.009902257717821791,0.06931580402475254,0.8571428571428571,-0.010202939609936089,0.021451581610680524,0.009214279352066878,0.0054663902910949335,0.07106307378423414,0.6153846153846154,-0.019683671387348937,0.02235270066120721,0.013480317994070104,0.011595206112806955,0.0031344596850223683,-0.0027643844765164226,0.0,0.005633931631905385,neighbor,0.35642798353909466,826.0,0.6359465020576132,408.0,0.5837119341563786,385.0,441.0,0.0,0.5163039094650206
recent_compact_capacity,robustness,0.045,0.955,36,0.030758,True,rank,rank_average,13,0.0027438101024618825,0.03566953133200447,0.6923076923076923,-0.027944529820590962,0.019612021121681263,0.01334963045967148,0.015128296998760367,0.0453848909962811,1.0,0.011515193064298088,0.019612021121681263,0.0033623544114326233,0.010387026525162197,0.07270918567613538,1.0,0.001145616650587148,0.019612021121681263,0.005802049367817993,0.0027438101024618825,0.03566953133200447,0.6923076923076923,-0.027944529820590962,0.019612021121681263,0.01334963045967148,0.013423143000511777,0.007298658614036211,-0.006965415390084052,0.0,0.0076088412680083975,neighbor,0.4551934156378601,657.0,0.772440329218107,160.0,0.24265432098765433,1050.0,890.0,0.05,0.5160736625514403
short_aggressive_wide_capacity,robustness,0.6185,0.38149999999999995,30,0.033,True,rank,rank_average,13,0.004363303332927828,0.05672294332806177,0.5384615384615384,-0.018130071693903477,0.0352735328273715,0.017149115537746635,0.020547456721727086,0.06164237016518126,1.0,0.010892034041069212,0.0352735328273715,0.01057979254314125,0.0077645941599297375,0.054352159119508164,0.5714285714285714,-0.011130669196768327,0.0352735328273715,0.01675908350578395,0.004363303332927828,0.05672294332806177,0.5384615384615384,-0.018130071693903477,0.0352735328273715,0.017149115537746635,0.01630642156493728,0.001324126407654974,-0.0029573792207577476,0.0,0.006674818626305988,neighbor,0.6313662551440329,407.0,0.4152345679012346,750.0,0.5109711934156379,563.0,343.0,0.0,0.5160477366255144
recent_compact_capacity,robustness,0.05,0.95,32,0.036758,True,rank,rank_average,13,0.002361692194985454,0.0307019985348109,0.6923076923076923,-0.037190164748950066,0.023658729370597223,0.016869772107008407,0.014674681168091305,0.04402404350427391,1.0,0.005877372728464864,0.023658729370597223,0.007260409300351983,0.01143838396566233,0.08006868775963631,1.0,0.00293178569041888,0.023658729370597223,0.008014435843748094,0.002361692194985454,0.0307019985348109,0.6923076923076923,-0.037190164748950066,0.023658729370597223,0.016869772107008407,0.01130410126620545,0.008487368138265759,-0.010234282123704122,0.0,0.006805813850146153,neighbor,0.32210699588477365,883.0,0.918119341563786,32.0,0.1595925925925926,1153.0,1121.0,0.05,0.515935390946502
stable_extra_wide_capacity,robustness,0.295,0.7050000000000001,44,0.03,False,equal,rank_average,13,0.005835564895566413,0.07586234364236337,0.7692307692307693,-0.02335699843734798,0.025698327580365728,0.014412716016557059,0.015821929307954768,0.0474657879238643,1.0,0.009440867580612838,0.022082771731018136,0.005161735796406063,0.01076438012727748,0.07535066089094236,0.8571428571428571,-0.016433721544088193,0.025698327580365728,0.012702788626298546,0.005835564895566413,0.07586234364236337,0.7692307692307693,-0.02335699843734798,0.025698327580365728,0.014412716016557059,0.013133986007136455,0.0015697114201419162,-0.0036123067246212094,0.0,0.005418118533225264,neighbor,0.4315637860082304,686.0,0.5692921810699587,505.0,0.5767860082304527,401.0,285.0,0.0,0.5153248971193416
short_aggressive_wide_capacity,robustness,0.6435,0.35650000000000004,32,0.039,True,rank,rank_average,13,0.0049039780666254905,0.06375171486613138,0.5384615384615384,-0.021003244565850798,0.0413635962643957,0.018935879781321836,0.020108119456856727,0.06032435837057018,1.0,0.013098850217421756,0.03284484993478591,0.009021418417240036,0.007808900339684171,0.0546623023777892,0.5714285714285714,-0.011790629365867264,0.03284484993478591,0.016155177951241027,0.0049039780666254905,0.06375171486613138,0.5384615384615384,-0.021003244565850798,0.0413635962643957,0.018935879781321836,0.016784248662157514,0.0011315940743123517,-0.0035973416702926955,0.0,0.00668331554775966,neighbor,0.6797860082304527,339.0,0.38048148148148153,843.0,0.4807736625514403,636.0,504.0,0.0,0.5152471193415638
recent_compact_capacity,robustness,0.05,0.95,36,0.033758,True,rank,rank_average,13,0.0025114070710541806,0.032648291923704345,0.6923076923076923,-0.031649600187379424,0.021752030042744078,0.014839495660933793,0.014789466124278916,0.04436839837283675,1.0,0.009391227715892875,0.021752030042744078,0.005166087769739996,0.010846124527775726,0.07592287169443009,1.0,0.0019624015860034896,0.021752030042744078,0.006603606216337968,0.0025114070710541806,0.032648291923704345,0.6923076923076923,-0.031649600187379424,0.021752030042744078,0.014839495660933793,0.012529100837083633,0.007829883504213316,-0.008320558339026637,0.0,0.00728700416087545,neighbor,0.38292181069958847,776.0,0.8440946502057614,92.0,0.21144444444444443,1089.0,997.0,0.05,0.5147279835390945
recent_compact_capacity,robustness,0.055,0.945,30,0.033758,True,rank,rank_average,13,0.0026440811737159006,0.03437305525830671,0.6923076923076923,-0.032678266272296946,0.019773662257732375,0.01468638619338819,0.014823007891927498,0.044469023675782496,1.0,0.010824943801699845,0.019773662257732375,0.003714876550320124,0.010616479185410413,0.0743153542978729,1.0,0.0014555019443178371,0.019773662257732375,0.006410117324775174,0.0026440811737159006,0.03437305525830671,0.6923076923076923,-0.032678266272296946,0.019773662257732375,0.01468638619338819,0.013021345952959625,0.007531708777308821,-0.008584393908532236,0.0,0.007310148244692985,neighbor,0.4203045267489712,714.0,0.8056748971193415,120.0,0.22250617283950616,1081.0,961.0,0.05,0.514051440329218
balanced_medium_current,robustness,0.0,1.0,44,0.03,True,equal,rank_average,13,0.007808932031645765,0.10151611641139495,0.7692307692307693,-0.02548781281749079,0.03853209072511064,0.015524022918914205,0.014861418396588943,0.04458425518976683,1.0,0.013085785636791723,0.018338909518782198,0.002459141997272984,0.008046205000329366,0.056323435002305564,0.8571428571428571,-0.010630866260375514,0.018338909518782198,0.009072309222502286,0.007808932031645765,0.10151611641139495,0.7692307692307693,-0.02548781281749079,0.03853209072511064,0.015524022918914205,0.013789317746196968,0.001935293841406675,-0.0031906562025031063,0.0,0.005908010896736326,neighbor,0.48588477366255145,617.0,0.48761316872427984,631.0,0.6670699588477366,280.0,351.0,0.0,0.5138403292181071
balanced_extra_wide_capacity,robustness,0.735,0.265,59,0.03,False,equal,rank_average,13,0.005708968033714608,0.0742165844382899,0.6153846153846154,-0.021004184928197205,0.02749209173667258,0.0151339866521309,0.01205030508593242,0.03615091525779726,1.0,0.007806646350759963,0.015840503226249095,0.003295444730460136,0.010396419916130715,0.072774939412915,0.8571428571428571,-0.010138573868873325,0.023252489083494775,0.009636967876462248,0.005708968033714608,0.0742165844382899,0.6153846153846154,-0.021004184928197205,0.02749209173667258,0.0151339866521309,0.010444867194732269,0.0034373728326091662,-0.0030618846317031364,0.0,0.0052654819578115625,neighbor,0.2926378600823045,914.0,0.6904156378600823,319.0,0.5734526748971193,417.0,595.0,0.0,0.5137600823045267
recent_compact_current,robustness,0.825,0.17500000000000004,36,0.03,True,equal,rank_average,13,0.005571646500734304,0.07243140450954595,0.7692307692307693,-0.017226301685507338,0.023629753511583196,0.009092754334366196,0.009032579125755396,0.027097737377266187,1.0,0.007152017381147031,0.011544882266154202,0.0018481771862835933,0.010443708403774855,0.07310595882642398,1.0,0.0045421002025120005,0.023629753511583196,0.005744113529772132,0.005571646500734304,0.07243140450954595,0.7692307692307693,-0.017226301685507338,0.023629753511583196,0.009092754334366196,0.008508735837459095,0.008451806856980628,-0.001739610281568099,0.0,0.006945865878389706,neighbor,0.20183539094650205,1056.0,0.8396872427983539,95.0,0.7009218106995885,258.0,961.0,0.05,0.5137316872427984
short_aggressive_wide_capacity,robustness,0.5685,0.4315,31,0.036,True,rank,rank_average,13,0.003906295453942044,0.05078184090124657,0.5384615384615384,-0.01790973290780236,0.03691500905615104,0.017572416696396195,0.022425209462798672,0.06727562838839601,1.0,0.016377681157244302,0.03306490245349542,0.007546823659399843,0.005911680910185834,0.04138176637130084,0.5714285714285714,-0.011217433623240933,0.03306490245349542,0.01592365356544906,0.003906295453942044,0.05078184090124657,0.5384615384615384,-0.01790973290780236,0.03691500905615104,0.017572416696396195,0.019187004175685862,0.00023933359456498817,-0.0031451619123662755,0.0,0.007310727500973648,neighbor,0.8442798353909464,118.0,0.3442839506172839,909.0,0.47032921810699585,655.0,791.0,0.05,0.5131890946502057
short_aggressive_wide_capacity,robustness,0.5685,0.4315,30,0.035,True,rank,rank_average,13,0.003929754992118128,0.05108681489753566,0.5384615384615384,-0.01803056452855733,0.03596389685688427,0.017306957425116547,0.022630660848038758,0.06789198254411627,1.0,0.016906981309310183,0.032587952249232936,0.007067098152998991,0.006081155862369811,0.04256809103658868,0.5714285714285714,-0.011642497291410724,0.032587952249232936,0.01589778717964837,0.003929754992118128,0.05108681489753566,0.5384615384615384,-0.01803056452855733,0.03596389685688427,0.017306957425116547,0.01947878051545445,0.00019566330681382456,-0.0031716644104550474,0.0,0.007403811032679745,neighbor,0.8631687242798353,87.0,0.32660493827160497,929.0,0.46877366255144026,660.0,842.0,0.05,0.5125557613168724
recent_compact_capacity,robustness,0.055,0.945,36,0.036758,True,rank,rank_average,13,0.0022756742101913735,0.029583764732487854,0.6923076923076923,-0.036472379109921835,0.020980063963078742,0.016242161468568734,0.014884202763094496,0.04465260828928349,1.0,0.007295447686007414,0.020980063963078742,0.00568557999145732,0.011187253325422015,0.0783107732779541,1.0,0.002282249167950239,0.020980063963078742,0.007165453277194959,0.0022756742101913735,0.029583764732487854,0.6923076923076923,-0.036472379109921835,0.020980063963078742,0.016242161468568734,0.01189149331134631,0.008129876620914127,-0.010046443114157432,0.0,0.006908075336826266,neighbor,0.3494897119341564,841.0,0.8861563786008229,68.0,0.1581358024691358,1156.0,1088.0,0.05,0.5122866255144032
short_aggressive_wide_capacity,robustness,0.5685,0.4315,31,0.035,True,rank,rank_average,13,0.003924067500777843,0.05101287751011196,0.5384615384615384,-0.016920445168280868,0.03541875819983667,0.017224652133087673,0.022406601840018792,0.06721980552005638,1.0,0.01697530800195287,0.03273507333702241,0.007306586645920416,0.006070077103162712,0.04249053972213898,0.5714285714285714,-0.01170070806004156,0.03273507333702241,0.015923166753881127,0.003924067500777843,0.05101287751011196,0.5384615384615384,-0.016920445168280868,0.03541875819983667,0.017224652133087673,0.019373614689455157,0.0001701388604176022,-0.0028085668916277783,0.0,0.007404723329225818,neighbor,0.8526625514403292,108.0,0.3196172839506173,932.0,0.5147489711934156,557.0,824.0,0.05,0.5121051440329217
recent_compact_capacity,robustness,0.03,0.97,33,0.031758,True,rank,rank_average,13,0.0025707731770043306,0.0334200513010563,0.6923076923076923,-0.03286295842641447,0.02058003593725198,0.014366713015022022,0.01441243694999178,0.04323731084997534,1.0,0.010724840679507068,0.02058003593725198,0.004388927621373268,0.01058555138687883,0.0740988597081518,1.0,0.0019397012517756746,0.02058003593725198,0.005744142534317368,0.0025707731770043306,0.0334200513010563,0.6923076923076923,-0.03286295842641447,0.02058003593725198,0.014366713015022022,0.012754286485732649,0.007673865703606905,-0.008687127877516616,0.0,0.007251884979288674,neighbor,0.4050452674897119,739.0,0.8184650205761317,113.0,0.21112345679012345,1091.0,978.0,0.05,0.5119958847736625
recent_compact_capacity,robustness,0.08,0.92,36,0.033758,True,rank,rank_average,13,0.0028251731561858406,0.03672725103041593,0.6923076923076923,-0.031649600187379424,0.01890710808478631,0.014078289210651266,0.01487090607108537,0.04461271821325611,1.0,0.010801865170555355,0.01890710808478631,0.003309033037916958,0.010355866184530922,0.07249106329171645,1.0,0.0019624015860034896,0.01890710808478631,0.005621159292691971,0.0028251731561858406,0.03672725103041593,0.6923076923076923,-0.031649600187379424,0.01890710808478631,0.014078289210651266,0.013041031966801928,0.007550436248563776,-0.008141711670501591,0.0,0.007392852347999233,neighbor,0.42344032921810704,705.0,0.791082304526749,139.0,0.24146913580246915,1054.0,915.0,0.05,0.5115835390946503
recent_compact_capacity,robustness,0.05,0.95,33,0.036758,True,rank,rank_average,13,0.002303173077906362,0.029941250012782705,0.6923076923076923,-0.03728894024286471,0.02319085472685662,0.016820328769455925,0.014534711617473833,0.0436041348524215,1.0,0.006031376082620457,0.02319085472685662,0.007006161072067185,0.011361560082705687,0.07953092057893982,1.0,0.0028395876141126142,0.02319085472685662,0.007838897265049903,0.002303173077906362,0.029941250012782705,0.6923076923076923,-0.03728894024286471,0.02319085472685662,0.016820328769455925,0.011275139729224833,0.008413153159799404,-0.010300233933431036,0.0,0.006750939723585009,neighbor,0.31951440329218106,888.0,0.912119341563786,42.0,0.15319753086419752,1161.0,1119.0,0.05,0.5112390946502057
short_aggressive_wide_capacity,robustness,0.5685,0.4315,30,0.03,True,rank,rank_average,13,0.0036662499992523253,0.04766124999028023,0.5384615384615384,-0.018380039062546455,0.03366887605589089,0.016294799059101535,0.02025202207280293,0.06075606621840878,1.0,0.013836394047917769,0.03169032039966521,0.008108065295953888,0.005824202490422813,0.04076941743295969,0.5714285714285714,-0.010149286806667393,0.03169032039966521,0.014585328592170843,0.0036662499992523253,0.04766124999028023,0.5384615384615384,-0.018380039062546455,0.03366887605589089,0.016294799059101535,0.017109662617310534,0.0005419593447693347,-0.003437188852604967,0.0,0.0065721684241796694,neighbor,0.701230452674897,310.0,0.367679012345679,868.0,0.43510699588477364,746.0,558.0,0.0,0.5112137860082304
short_aggressive_wide_capacity,robustness,0.6,0.4,31,0.039,True,rank,rank_average,13,0.00476647498990044,0.061964174868705715,0.5384615384615384,-0.020490344150283876,0.04060411760101096,0.018757951686277766,0.02047398771120122,0.06142196313360365,1.0,0.012038103999821064,0.03404407006482082,0.009689706992025445,0.007806030003219679,0.05464221002253775,0.5714285714285714,-0.011670213545117287,0.03404407006482082,0.016050575111913143,0.00476647498990044,0.061964174868705715,0.5384615384615384,-0.020490344150283876,0.04060411760101096,0.018757951686277766,0.016642747315325647,0.0011696952033750836,-0.0035064612868888913,0.0,0.006657492574615714,neighbor,0.6609465020576132,362.0,0.3887037037037038,815.0,0.477119341563786,642.0,453.0,0.0,0.5108631687242798
recent_compact_capacity,robustness,0.05,0.95,31,0.036758,True,rank,rank_average,13,0.002295428498850123,0.0298405704850516,0.6923076923076923,-0.03620808605341869,0.023956900142042,0.016685228469611325,0.014600470889068087,0.04380141266720426,1.0,0.005669048147570001,0.023956900142042,0.007472030315071711,0.011281189470157655,0.07896832629110358,1.0,0.0029660623584984646,0.023956900142042,0.008153978719182262,0.002295428498850123,0.0298405704850516,0.6923076923076923,-0.03620808605341869,0.023956900142042,0.016685228469611325,0.011193054295466909,0.008409078576294356,-0.009947966460975906,0.0,0.006769112108372838,neighbor,0.3157366255144033,891.0,0.9113045267489712,43.0,0.16171604938271605,1151.0,1108.0,0.05,0.5106390946502058
balanced_extra_wide_capacity,robustness,0.715,0.28500000000000003,62,0.03,False,equal,rank_average,13,0.0058545676755885016,0.07610937978265052,0.6153846153846154,-0.01890725505022948,0.023934261078990965,0.01381587490432068,0.012514939893117347,0.03754481967935204,1.0,0.009367128321169118,0.017410625597313337,0.0035086331711432894,0.010007424807964281,0.07005197365574997,0.8571428571428571,-0.010874101855804112,0.022647381481376558,0.009693706448639488,0.0058545676755885016,0.07610937978265052,0.6153846153846154,-0.01890725505022948,0.023934261078990965,0.01381587490432068,0.011224668085062697,0.0029729213852671397,-0.0022869059761056686,0.0,0.005484645960979441,neighbor,0.328477366255144,874.0,0.6292921810699589,424.0,0.6317983539094649,326.0,548.0,0.0,0.5093421810699589
balanced_extra_wide_capacity,robustness,0.675,0.32499999999999996,64,0.03,False,equal,rank_average,13,0.005132075343819049,0.06671697946964764,0.6153846153846154,-0.021251577641279912,0.021839877777220726,0.013815598076844812,0.012836311813242756,0.03850893543972827,1.0,0.010417238655892579,0.015773020025230663,0.0022169134784469427,0.009887354309445375,0.06921148016611763,0.8571428571428571,-0.010155188640764645,0.020791205945762073,0.008994267316733322,0.005132075343819049,0.06671697946964764,0.6153846153846154,-0.021251577641279912,0.021839877777220726,0.013815598076844812,0.01175438648999292,0.003141722562074387,-0.003472353060260899,0.0,0.005594676789891507,neighbor,0.3622427983539095,812.0,0.634082304526749,418.0,0.5243415637860082,535.0,394.0,0.0,0.5088853909465021
recent_compact_capacity,robustness,0.08,0.92,33,0.036758,True,rank,rank_average,13,0.002422747252893062,0.031495714287609805,0.6923076923076923,-0.03728894024286471,0.020527580351722127,0.015765416714364107,0.014723334825425144,0.044170004476275435,1.0,0.009224269207324255,0.020527580351722127,0.004619600400398445,0.010628714831604113,0.07440100382122879,1.0,0.0028395876141126142,0.020527580351722127,0.006080575818727916,0.002422747252893062,0.031495714287609805,0.6923076923076923,-0.03728894024286471,0.020527580351722127,0.015765416714364107,0.012436309688909335,0.007995431366671506,-0.010232076653688619,0.0,0.00703765649251262,neighbor,0.3786502057613169,785.0,0.8506625514403292,87.0,0.16304938271604935,1146.0,1059.0,0.05,0.5087156378600823
balanced_extra_wide_capacity,robustness,0.725,0.275,62,0.03,False,equal,rank_average,13,0.005828144959327311,0.07576588447125504,0.6153846153846154,-0.01890725505022948,0.023934261078990965,0.013835846836333753,0.012514939893117345,0.03754481967935203,1.0,0.009367128321169114,0.017410625597313337,0.0035086331711432902,0.010007424807964281,0.07005197365574997,0.8571428571428571,-0.010874101855804112,0.022647381481376558,0.009693706448639488,0.005828144959327311,0.07576588447125504,0.6153846153846154,-0.01890725505022948,0.023934261078990965,0.013835846836333753,0.011224668085062693,0.0029729213852671397,-0.0023019669243745473,0.0,0.005482386818739108,neighbor,0.3274650205761317,875.0,0.6292921810699589,424.0,0.6294526748971192,329.0,546.0,0.0,0.508585390946502
short_aggressive_wide_capacity,robustness,0.5835,0.4165,31,0.039,True,rank,rank_average,13,0.004416992632161463,0.05742090421809901,0.5384615384615384,-0.020326543315736058,0.040308695176577425,0.018504104868066876,0.02066411750803153,0.06199235252409459,1.0,0.0127655573279407,0.033887006127192115,0.00940887010007631,0.00729875745547491,0.05109130218832437,0.5714285714285714,-0.011670213545117287,0.033887006127192115,0.015633387731180517,0.004416992632161463,0.05742090421809901,0.5384615384615384,-0.020326543315736058,0.040308695176577425,0.018504104868066876,0.0169911808977984,0.0008805498511605646,-0.003651611955399327,0.0,0.006644977998831716,neighbor,0.6869958847736625,327.0,0.36383950617283956,877.0,0.46316872427983535,676.0,550.0,0.0,0.5080014403292181
recent_compact_capacity,robustness,0.08,0.92,31,0.031758,True,rank,rank_average,13,0.002546831354143889,0.033108807603870555,0.7692307692307693,-0.03593855066982045,0.01513821291262818,0.014329921123582954,0.013585339210895884,0.04075601763268765,1.0,0.011849345807286367,0.01513821291262818,0.0013489035863894696,0.010338753691133582,0.07237127583793507,1.0,0.0020748934072495565,0.01513821291262818,0.004676985873061293,0.002546831354143889,0.033108807603870555,0.7692307692307693,-0.03593855066982045,0.01513821291262818,0.014329921123582954,0.012653927466615155,0.0075778044283384945,-0.009638797079947962,0.0,0.007025763417406191,neighbor,0.42265020576131684,707.0,0.7957983539094651,133.0,0.20127983539094652,1104.0,971.0,0.05,0.5073613168724279
recent_compact_capacity,robustness,0.08,0.92,36,0.031758,True,rank,rank_average,13,0.0030118435134646104,0.03915396567503993,0.6923076923076923,-0.02863133028342498,0.018083179575749064,0.013021621527862117,0.014809456198219564,0.04442836859465869,1.0,0.011525632848664695,0.018083179575749064,0.002677116767039983,0.010121417858263438,0.07084992500784407,1.0,0.001563109789359567,0.018083179575749064,0.0054847532946212365,0.0030118435134646104,0.03915396567503993,0.6923076923076923,-0.02863133028342498,0.018083179575749064,0.013021621527862117,0.013244848873044501,0.007285034409698817,-0.007039280498547724,0.0,0.00752031295880011,neighbor,0.4442798353909465,673.0,0.7531316872427984,192.0,0.26922222222222225,1017.0,825.0,0.05,0.5070045267489712
short_aggressive_wide_capacity,robustness,0.6,0.4,32,0.033,True,rank,rank_average,13,0.0046051132280289005,0.05986647196437571,0.5384615384615384,-0.017269119115651224,0.03409713140579622,0.017324692609009082,0.02052359396803868,0.06157078190411604,1.0,0.012459673472171983,0.03409713140579622,0.009654422323202204,0.007659971270228364,0.05361979889159855,0.5714285714285714,-0.012550476120016023,0.03409713140579622,0.01710458431525616,0.0046051132280289005,0.05986647196437571,0.5384615384615384,-0.017269119115651224,0.03409713140579622,0.017324692609009082,0.0168101408075988,0.000795955075853451,-0.0025354332297268926,0.0,0.00670192112271454,neighbor,0.6739588477366255,348.0,0.3397654320987654,917.0,0.5624897119341564,447.0,569.0,0.0,0.5068514403292181
short_aggressive_wide_capacity,robustness,0.6435,0.35650000000000004,30,0.042,True,rank,rank_average,13,0.004965975099429916,0.0645576762925889,0.5384615384615384,-0.02333094862221101,0.04484168549185655,0.019371402273471595,0.01946507152509697,0.05839521457529091,1.0,0.012794067330494256,0.03216872623545356,0.008986619909799192,0.007961993031482888,0.05573395122038021,0.5714285714285714,-0.011682750559779471,0.03216872623545356,0.015114603312882875,0.004965975099429916,0.0645576762925889,0.5384615384615384,-0.02333094862221101,0.04484168549185655,0.019371402273471595,0.01631713298836838,0.001254456914646591,-0.004330145700193042,0.0,0.0064418369519093615,neighbor,0.650082304526749,374.0,0.3940370370370371,803.0,0.4540699588477366,700.0,429.0,0.0,0.5054600823045268
balanced_extra_wide_capacity,robustness,0.675,0.32499999999999996,65,0.03,False,equal,rank_average,13,0.004761280685046985,0.06189664890561081,0.6153846153846154,-0.0227123803087492,0.02033920203847292,0.013952088783947953,0.01296981128674105,0.03890943386022315,1.0,0.010592033355636382,0.017315408901829372,0.003077356052987869,0.0099414851260322,0.0695903958822254,0.8571428571428571,-0.010318917698077953,0.02005992415124637,0.00908022503170404,0.004761280685046985,0.06189664890561081,0.6153846153846154,-0.0227123803087492,0.02033920203847292,0.013952088783947953,0.011888163440802405,0.0031185465386154862,-0.00416577089602584,0.0,0.005533745684294054,neighbor,0.37129218106995887,793.0,0.6357860082304526,409.0,0.47193415637860087,652.0,384.0,0.0,0.5054106995884774
balanced_extra_wide_capacity,robustness,0.675,0.32499999999999996,59,0.03,False,equal,rank_average,13,0.005477600410320422,0.07120880533416549,0.6153846153846154,-0.021004184928197205,0.023252489083494775,0.014507548031930138,0.012156907359929926,0.036470722079789776,1.0,0.007341030492323097,0.018393575916442514,0.004622674323772877,0.010396944504279292,0.07277861152995505,0.8571428571428571,-0.010454708573825806,0.023252489083494775,0.009969962473371407,0.005477600410320422,0.07120880533416549,0.6153846153846154,-0.021004184928197205,0.023252489083494775,0.014507548031930138,0.010351977257626679,0.0033333473952195363,-0.0031937641770378227,0.0,0.00516173260434379,neighbor,0.28548971193415634,925.0,0.6828724279835391,330.0,0.5584403292181069,460.0,595.0,0.0,0.5052545267489712
short_aggressive_wide_capacity,robustness,0.6035,0.39649999999999996,31,0.039,True,rank,rank_average,13,0.00476480177111527,0.061942423024498504,0.5384615384615384,-0.020490344150283876,0.04060411760101096,0.018731029851961217,0.020419695523994724,0.06125908657198417,1.0,0.011658762038543491,0.03426053546447891,0.009901653992919372,0.00772627563287627,0.05408392943013389,0.5714285714285714,-0.011670213545117287,0.03426053546447891,0.01604284746105283,0.00476480177111527,0.061942423024498504,0.5384615384615384,-0.020490344150283876,0.04060411760101096,0.018731029851961217,0.016486617921396343,0.0011242352122793405,-0.0035074150215964376,0.0,0.006574440760844775,neighbor,0.6518106995884774,371.0,0.38448148148148154,824.0,0.47665020576131684,643.0,453.0,0.0,0.5052384773662553
recent_compact_capacity,robustness,0.08,0.92,31,0.030758,True,rank,rank_average,13,0.0024598120168396946,0.03197755621891603,0.7692307692307693,-0.03660849419902046,0.014978251839960603,0.014497515391646747,0.013472878578614933,0.040418635735844796,1.0,0.011245563161987195,0.014978251839960603,0.0016070970823916658,0.010414146363526508,0.07289902454468555,1.0,0.0023422165718223567,0.014978251839960603,0.004620577527827133,0.0024598120168396946,0.03197755621891603,0.7692307692307693,-0.03660849419902046,0.014978251839960603,0.014497515391646747,0.012390576633266287,0.007708994895911487,-0.009909479466847356,0.0,0.006938856436439581,neighbor,0.4021810699588477,745.0,0.813872427983539,116.0,0.18678600823045266,1122.0,1006.0,0.05,0.5051329218106996
balanced_medium_current,robustness,0.01,0.99,48,0.03,True,equal,rank_average,13,0.00756063166201546,0.09828821160620098,0.7692307692307693,-0.021935403927633865,0.025761309861048035,0.014005834292192015,0.015787209834027597,0.047361629502082794,1.0,0.012256356959818231,0.018616928587889936,0.0026435972524817748,0.00907061579030552,0.06349431053213864,0.8571428571428571,-0.01428933116287815,0.018616928587889936,0.010707383662202584,0.00756063166201546,0.09828821160620098,0.7692307692307693,-0.021935403927633865,0.025761309861048035,0.014005834292192015,0.014043307402135746,0.0013119145738672128,-0.002159892479539594,0.0,0.005883700647163606,neighbor,0.5044032921810699,588.0,0.43919341563786,707.0,0.7011687242798355,257.0,450.0,0.0,0.5045736625514403
balanced_extra_wide_capacity,robustness,0.735,0.265,63,0.03,False,equal,rank_average,13,0.00539974921543029,0.07019673980059377,0.6153846153846154,-0.019683671387348937,0.02235270066120721,0.013397816510587567,0.012353614361773124,0.03706084308531937,1.0,0.010269825665771528,0.015264579353597513,0.002121329232468981,0.00977849572015888,0.06844947004111217,0.8571428571428571,-0.010202939609936089,0.021451581610680524,0.009048517556867421,0.00539974921543029,0.07019673980059377,0.6153846153846154,-0.019683671387348937,0.02235270066120721,0.013397816510587567,0.011430602655915285,0.0030639153463545093,-0.0028023698896452696,0.0,0.005530647484778853,neighbor,0.34516872427983536,846.0,0.6209341563786007,438.0,0.5766748971193415,402.0,444.0,0.0,0.5039890946502057
recent_compact_capacity,robustness,0.045,0.955,36,0.031758,True,rank,rank_average,13,0.002553373930377137,0.033193861094902785,0.6923076923076923,-0.02863133028342498,0.0200889930316306,0.01355947743692498,0.0145330663259921,0.0435991989779763,1.0,0.011523202884377252,0.0200889930316306,0.003933193682831948,0.010244531496851216,0.07171172047795851,1.0,0.001563109789359567,0.0200889930316306,0.005852326347209039,0.002553373930377137,0.033193861094902785,0.6923076923076923,-0.02863133028342498,0.0200889930316306,0.01355947743692498,0.013086504757659989,0.00735520918369385,-0.007300608160907583,0.0,0.00744935481159009,neighbor,0.4355637860082304,682.0,0.7676748971193414,166.0,0.22418518518518518,1077.0,911.0,0.05,0.5033069958847736
stable_compact_current,robustness,0.4965,0.5035000000000001,30,0.03,True,rank,rank_average,13,0.006581222358189101,0.08555589065645831,0.5384615384615384,-0.02296414249007472,0.03771577323245559,0.019165267060489825,0.02302613846201529,0.06907841538604587,1.0,0.0170656652517568,0.029009881958306297,0.004876233813980693,0.007818327873451669,0.054728295114161676,0.5714285714285714,-0.02296414249007472,0.029009881958306297,0.0189835389399736,0.006581222358189101,0.08555589065645831,0.5384615384615384,-0.02296414249007472,0.03771577323245559,0.019165267060489825,0.01975656845642846,-0.0025502915624286355,-0.0032884087390953323,0.0,0.006261734868614199,neighbor,0.8862551440329217,64.0,0.24792592592592588,1018.0,0.5779094650205762,400.0,954.0,0.05,0.5027551440329218
short_aggressive_wide_capacity,robustness,0.5685,0.4315,30,0.037,True,rank,rank_average,13,0.00391292880738233,0.050868074495970285,0.5384615384615384,-0.019408375528131634,0.03862200539357773,0.018115101460497805,0.02292026096313605,0.06876078288940815,1.0,0.016485745753573408,0.03364975847299437,0.007637014594634957,0.005833008156549454,0.040831057095846175,0.5714285714285714,-0.011756090519548503,0.03364975847299437,0.016179339842266913,0.00391292880738233,0.050868074495970285,0.5384615384615384,-0.019408375528131634,0.03862200539357773,0.018115101460497805,0.019504844847666774,1.6733349210753526e-05,-0.0036359329656139735,0.0,0.0072640780013694525,neighbor,0.8726748971193415,72.0,0.30853086419753084,940.0,0.4317489711934156,757.0,868.0,0.05,0.5026711934156377
recent_compact_capacity,robustness,0.08,0.92,36,0.030758,True,rank,rank_average,13,0.0031032506168997246,0.04034225801969642,0.6923076923076923,-0.027944529820590962,0.017267530039198002,0.012782207212553692,0.0145722102201997,0.0437166306605991,1.0,0.011528355917656413,0.017267530039198002,0.00235593394276497,0.01013021856303328,0.07091152994123295,1.0,0.001145616650587148,0.017267530039198002,0.005376843502320045,0.0031032506168997246,0.04034225801969642,0.6923076923076923,-0.027944529820590962,0.017267530039198002,0.012782207212553692,0.013110517278340447,0.0071522780756227275,-0.006760534296854482,0.0,0.007448651900838234,neighbor,0.43798353909465015,678.0,0.7447613168724281,214.0,0.2815925925925926,996.0,782.0,0.05,0.5025748971193416
stable_extra_wide_capacity,robustness,0.235,0.765,44,0.03,False,equal,rank_average,13,0.004617906038436545,0.06003277849967509,0.6923076923076923,-0.02739590698288757,0.025698327580365728,0.016780230297655022,0.015242608379997588,0.04572782513999277,1.0,0.00875436446549703,0.022082771731018136,0.005446986660913191,0.011496850637933351,0.08047795446553346,0.8571428571428571,-0.016433721544088193,0.025698327580365728,0.012900972995081098,0.004617906038436545,0.06003277849967509,0.6923076923076923,-0.02739590698288757,0.025698327580365728,0.016780230297655022,0.012577227050212643,0.0019872196112157626,-0.005716135170136375,0.0,0.005067719369611695,neighbor,0.3875884773662551,771.0,0.6293415637860083,423.0,0.4275432098765432,764.0,348.0,0.0,0.5023705761316873
short_aggressive_wide_capacity,robustness,0.6185,0.38149999999999995,31,0.039,True,rank,rank_average,13,0.004741910940681209,0.06164484222885572,0.5384615384615384,-0.0206841752871488,0.04051186984464414,0.018680122585843294,0.020213344000617705,0.06064003200185311,1.0,0.011884523920762152,0.03341571901212918,0.009441459766001152,0.0076378392657146885,0.05346487486000282,0.5714285714285714,-0.011670213545117287,0.03341571901212918,0.015853179363372404,0.004741910940681209,0.06164484222885572,0.5384615384615384,-0.0206841752871488,0.04051186984464414,0.018680122585843294,0.0164434989742036,0.0010738264829972387,-0.0035844270701092767,0.0,0.006522957446513806,neighbor,0.6485761316872428,380.0,0.3802592592592593,845.0,0.47116872427983536,654.0,465.0,0.0,0.5012224279835391
recent_compact_capacity,robustness,0.045,0.955,33,0.036758,True,rank,rank_average,13,0.002420809202251112,0.031470519629264455,0.6923076923076923,-0.03728894024286471,0.023413424170079238,0.016919453769527453,0.014264308675756824,0.04279292602727047,1.0,0.004958700648565462,0.023413424170079238,0.007534921919458809,0.011313094997394404,0.07919166498176083,1.0,0.0028395876141126142,0.023413424170079238,0.008092888448141851,0.002420809202251112,0.031470519629264455,0.6923076923076923,-0.03728894024286471,0.023413424170079238,0.016919453769527453,0.010767027159207992,0.008385528061171973,-0.010233181342554529,0.0,0.006545321289827407,neighbor,0.29116872427983537,921.0,0.9111810699588478,44.0,0.16258024691358022,1147.0,1103.0,0.05,0.5008860082304527
recent_compact_capacity,robustness,0.105,0.895,30,0.036758,True,rank,rank_average,13,0.0019804424717790705,0.025745752133127915,0.6923076923076923,-0.03457197288230091,0.020481138815246665,0.01540862528293687,0.015984455033092124,0.04795336509927638,1.0,0.00837734913836511,0.020481138815246665,0.005408726000598847,0.010147129145357394,0.07102990401750175,1.0,0.003007772484003829,0.020481138815246665,0.006665898694204026,0.0019804424717790705,0.025745752133127915,0.6923076923076923,-0.03457197288230091,0.020481138815246665,0.01540862528293687,0.012875664584522998,0.007776428532574978,-0.009587591149937541,0.0,0.007211520000977309,neighbor,0.4216131687242798,711.0,0.7994032921810699,129.0,0.14912345679012345,1166.0,1037.0,0.05,0.5007452674897118
short_aggressive_compact_capacity,robustness,0.9455,0.05449999999999999,31,0.032258,True,equal,rank_average,13,0.006867885708925121,0.08928251421602657,0.6153846153846154,-0.02450736355722585,0.044738843878811385,0.017370170423031746,0.012536470946397926,0.03760941283919378,1.0,0.004841239979529635,0.018694612307168575,0.005759106675803586,0.0112557633767503,0.0787903436372521,0.8571428571428571,-0.007251281099084489,0.026358728890743328,0.009874594255896034,0.006867885708925121,0.08928251421602657,0.6153846153846154,-0.02450736355722585,0.044738843878811385,0.017370170423031746,0.009743397632691598,0.0048800052191926456,-0.003557350504412597,0.0,0.00555975882605144,exact,0.25065020576131686,955.0,0.8041069958847736,123.0,0.5877366255144032,376.0,832.0,0.05,0.5002687242798354
short_aggressive_medium_capacity,robustness,0.9455,0.05449999999999999,31,0.032258,True,equal,rank_average,13,0.006867885708925121,0.08928251421602657,0.6153846153846154,-0.02450736355722585,0.044738843878811385,0.017370170423031746,0.012536470946397926,0.03760941283919378,1.0,0.004841239979529635,0.018694612307168575,0.005759106675803586,0.0112557633767503,0.0787903436372521,0.8571428571428571,-0.007251281099084489,0.026358728890743328,0.009874594255896034,0.006867885708925121,0.08928251421602657,0.6153846153846154,-0.02450736355722585,0.044738843878811385,0.017370170423031746,0.009743397632691598,0.0048800052191926456,-0.003557350504412597,0.0,0.00555975882605144,exact,0.25065020576131686,955.0,0.8041069958847736,123.0,0.5877366255144032,376.0,832.0,0.05,0.5002687242798354
stable_extra_wide_capacity,robustness,0.285,0.7150000000000001,51,0.03,False,equal,rank_average,13,0.005194329771491336,0.06752628702938737,0.7692307692307693,-0.02383229488386723,0.02614417207015915,0.015189940041598017,0.013564627365747211,0.04069388209724163,1.0,0.009136205119122547,0.018086625467913973,0.0036545928579045333,0.012091152972779027,0.08463807080945318,0.8571428571428571,-0.011856238361460974,0.02614417207015915,0.012084606815996754,0.005194329771491336,0.06752628702938737,0.7692307692307693,-0.02383229488386723,0.02614417207015915,0.015189940041598017,0.01174678528778635,0.00383654139234478,-0.004134658572695355,0.0,0.005804958955765388,neighbor,0.3507860082304527,837.0,0.7366131687242798,229.0,0.522119341563786,541.0,608.0,0.05,0.5001082304526749
recent_compact_capacity,robustness,0.105,0.895,31,0.033758,True,rank,rank_average,13,0.00231550347566963,0.03010154518370519,0.6923076923076923,-0.033037177438893006,0.02151752680802684,0.014748653289206696,0.016113722565858298,0.04834116769757489,1.0,0.007895327660803551,0.02151752680802684,0.005906635695066884,0.010152617239838941,0.07106832067887259,1.0,0.002554352571289071,0.02151752680802684,0.006865702989075388,0.00231550347566963,0.03010154518370519,0.6923076923076923,-0.033037177438893006,0.02151752680802684,0.014748653289206696,0.012790279990604402,0.007629928175233589,-0.00889012388139531,0.0,0.007216061092887579,neighbor,0.4176625514403292,720.0,0.7890082304526749,143.0,0.18502469135802468,1128.0,985.0,0.05,0.4998724279835391
short_aggressive_wide_capacity,robustness,0.5435,0.4565,30,0.036,True,rank,rank_average,13,0.0037829810257893,0.0491787533352609,0.5384615384615384,-0.018987586808640593,0.037515047527259246,0.01776259889292219,0.022365236248656554,0.06709570874596966,1.0,0.016382841075887063,0.03272420076072111,0.007354172442612567,0.005549433185709925,0.038846032299969475,0.5714285714285714,-0.01129976362337323,0.03272420076072111,0.015942474934468414,0.0037829810257893,0.0491787533352609,0.5384615384615384,-0.018987586808640593,0.037515047527259246,0.01776259889292219,0.019154522216776965,5.683491570062033e-06,-0.003571142923689957,0.0,0.0071286950193638204,neighbor,0.8396625514403292,124.0,0.330604938271605,925.0,0.4322304526748971,756.0,801.0,0.05,0.4994718106995885
stable_compact_current,robustness,0.4965,0.5035000000000001,30,0.032,True,rank,rank_average,13,0.006840425960952624,0.0889255374923841,0.5384615384615384,-0.02354555935561606,0.03832525269434896,0.01950400340158413,0.02339635953803661,0.07018907861410983,1.0,0.014487617622547369,0.031531108822443754,0.006979467339511587,0.008031606661669178,0.05622124663168424,0.5714285714285714,-0.02354555935561606,0.031531108822443754,0.01967443212589216,0.006840425960952624,0.0889255374923841,0.5384615384615384,-0.02354555935561606,0.03832525269434896,0.01950400340158413,0.0191168387521215,-0.002620590218773298,-0.0033325302511487674,0.0,0.005967590364728301,neighbor,0.8659835390946502,83.0,0.25837037037037036,1014.0,0.5782551440329218,397.0,931.0,0.05,0.499398353909465
short_aggressive_wide_capacity,robustness,0.5685,0.4315,32,0.035,True,rank,rank_average,13,0.0038315408207761567,0.04981003067009004,0.5384615384615384,-0.017212800812904015,0.035424928448744536,0.017147212758430556,0.021946732016154217,0.06584019604846265,1.0,0.016613242954107016,0.03222452021436643,0.00726923035289086,0.005907860592658263,0.04135502414860784,0.5714285714285714,-0.011528623662364623,0.03222452021436643,0.015780551557293784,0.0038315408207761567,0.04981003067009004,0.5384615384615384,-0.017212800812904015,0.035424928448744536,0.017147212758430556,0.01899200742406322,0.00013446330066345488,-0.0029577844619543777,0.0,0.007213643785630687,neighbor,0.8185514403292181,151.0,0.3256172839506173,930.0,0.49892181069958846,591.0,779.0,0.05,0.4987866255144034
recent_compact_capacity,robustness,0.045,0.955,32,0.036758,True,rank,rank_average,13,0.0024291095761080814,0.03157842448940506,0.6923076923076923,-0.037190164748950066,0.023672733256899434,0.01697985913717341,0.0142398333624564,0.0427195000873692,1.0,0.004681452106513051,0.023672733256899434,0.007753665761531477,0.011299823013645538,0.07909876109551876,1.0,0.00293178569041888,0.023672733256899434,0.008203755837044219,0.0024291095761080814,0.03157842448940506,0.6923076923076923,-0.037190164748950066,0.023672733256899434,0.01697985913717341,0.010661584211749453,0.008408388395616188,-0.010195854216464226,0.0,0.006519030330257433,neighbor,0.28173662551440326,927.0,0.9124897119341564,41.0,0.1661604938271605,1139.0,1098.0,0.05,0.4982390946502057
stable_compact_current,robustness,0.4965,0.5035000000000001,30,0.031758,True,rank,rank_average,13,0.006948957404428201,0.09033644625756662,0.5384615384615384,-0.023154541562451683,0.03860036955440285,0.019502307618161283,0.023266969035043415,0.06980090710513025,1.0,0.014334812584371411,0.03130043783838291,0.006955278076419816,0.008096987907463613,0.056678915352245285,0.5714285714285714,-0.023154541562451683,0.03130043783838291,0.019495501862813937,0.006948957404428201,0.09033644625756662,0.5384615384615384,-0.023154541562451683,0.03860036955440285,0.019502307618161283,0.01899266050281731,-0.0024542870369262254,-0.0031416314566234432,0.0,0.006021390316016607,neighbor,0.8528477366255144,107.0,0.26313580246913576,1011.0,0.5906748971193415,375.0,904.0,0.05,0.49815144032921804
recent_compact_capacity,robustness,0.045,0.955,30,0.033758,True,rank,rank_average,13,0.0025265431918669525,0.03284506149427038,0.6923076923076923,-0.032678266272296946,0.019773662257732375,0.014835116431439128,0.01438604503778478,0.04315813511335434,1.0,0.01082718142441258,0.019773662257732375,0.003874543813182957,0.01042904389944468,0.07300330729611275,1.0,0.0014555019443178371,0.019773662257732375,0.006330721395961155,0.0025265431918669525,0.03284506149427038,0.6923076923076923,-0.032678266272296946,0.019773662257732375,0.014835116431439128,0.012773015541593474,0.007424870664308353,-0.008651390558186138,0.0,0.0071526894318482285,neighbor,0.40865020576131683,735.0,0.7845637860082304,148.0,0.20796296296296296,1094.0,946.0,0.05,0.4977082304526749
stable_compact_capacity,robustness,0.988,0.01200000000000001,38,0.03,True,equal,rank_average,13,0.004246722723660709,0.05520739540758922,0.5384615384615384,-0.018932138057302497,0.02423129672131586,0.01310286941563643,0.015653862080645824,0.04696158624193747,1.0,0.010477222815035991,0.022364544040655472,0.004972730083260566,0.008659672841891548,0.06061770989324084,0.7142857142857143,-0.007263319346613282,0.02423129672131586,0.011879913948476593,0.004246722723660709,0.05520739540758922,0.5384615384615384,-0.018932138057302497,0.02423129672131586,0.01310286941563643,0.013380184914929996,0.0032534038497815127,-0.0032885120679616822,0.0,0.006322828888179427,neighbor,0.44642798353909463,669.0,0.5473786008230452,541.0,0.4846625514403292,628.0,128.0,0.0,0.4975909465020576
recent_compact_capacity,robustness,0.05,0.95,30,0.033758,True,rank,rank_average,13,0.002301793086246404,0.02992331012120325,0.6923076923076923,-0.032678266272296946,0.019773662257732375,0.014738575615201626,0.014483287746631837,0.04344986323989551,1.0,0.010822203834297165,0.019773662257732375,0.003831717880015213,0.010470516969333394,0.07329361878533376,1.0,0.0014555019443178371,0.019773662257732375,0.006345558377603281,0.002301793086246404,0.02992331012120325,0.6923076923076923,-0.032678266272296946,0.019773662257732375,0.014738575615201626,0.012826801280898213,0.00744851031414492,-0.00877949811838985,0.0,0.007165625435966023,neighbor,0.4097119341563786,733.0,0.7887860082304525,145.0,0.18966666666666665,1116.0,971.0,0.05,0.4972884773662551
recent_compact_capacity,robustness,0.065,0.935,36,0.036758,True,rank,rank_average,13,0.0024072562030242307,0.031294330639315,0.6923076923076923,-0.036472379109921835,0.02078152754833757,0.015875620370763763,0.014557959734414339,0.04367387920324302,1.0,0.006749922427864881,0.02078152754833757,0.005836916608622299,0.010871204502586943,0.0760984315181086,1.0,0.002282249167950239,0.02078152754833757,0.006933662436643898,0.0024072562030242307,0.031294330639315,0.6923076923076923,-0.036472379109921835,0.02078152754833757,0.015875620370763763,0.011525511449811583,0.007949728791898137,-0.009971441378242704,0.0,0.006691866329542389,neighbor,0.3313909465020576,871.0,0.8612921810699588,82.0,0.16892592592592592,1133.0,1051.0,0.05,0.4954767489711935
stable_compact_capacity,robustness,0.988,0.01200000000000001,31,0.032258,True,equal,rank_average,13,0.003345164546614048,0.043487139105982626,0.6153846153846154,-0.0235624222443548,0.028404038789478475,0.015175260961949374,0.018401784560894797,0.05520535368268439,1.0,0.011755515661490835,0.028404038789478475,0.007199088309549432,0.009678233651499533,0.06774763556049673,0.7142857142857143,-0.013959878730918612,0.028404038789478475,0.01514113896544373,0.003345164546614048,0.043487139105982626,0.6153846153846154,-0.0235624222443548,0.028404038789478475,0.015175260961949374,0.01536833736800201,0.0016241189144373055,-0.005253470933682462,0.0,0.006090167818645223,neighbor,0.5865514403292181,472.0,0.4676872427983539,660.0,0.3343662551440329,922.0,450.0,0.0,0.4952347736625515
balanced_extra_wide_capacity,robustness,0.735,0.265,62,0.03,False,equal,rank_average,13,0.005618363815178616,0.07303872959732201,0.6153846153846154,-0.01890725505022948,0.023934261078990965,0.013635404310844465,0.012043446170166214,0.03613033851049864,1.0,0.009367128321169114,0.015996144428459938,0.0028528142654353863,0.009805356069556653,0.06863749248689657,0.8571428571428571,-0.010874101855804112,0.022647381481376558,0.009550969818572378,0.005618363815178616,0.07303872959732201,0.6153846153846154,-0.01890725505022948,0.023934261078990965,0.013635404310844465,0.010955916662980549,0.0028577422043747918,-0.002421542176539303,0.0,0.00530511933067998,neighbor,0.32042798353909463,886.0,0.6098230452674896,454.0,0.6167860082304526,342.0,544.0,0.0,0.4951094650205761
balanced_extra_wide_capacity,robustness,0.7,0.30000000000000004,64,0.03,False,equal,rank_average,13,0.005048033543444019,0.06562443606477225,0.6153846153846154,-0.021251577641279912,0.023163210747192096,0.013835466526914716,0.01268857330484748,0.03806571991454244,1.0,0.010417238655892579,0.016594345256904397,0.0027740103897179245,0.00970531723483539,0.06793722064384773,0.8571428571428571,-0.010630855511593401,0.020435828819506764,0.009130079072784372,0.005048033543444019,0.06562443606477225,0.6153846153846154,-0.021251577641279912,0.023163210747192096,0.013835466526914716,0.011670175540207613,0.0028809913621732066,-0.003520256886474665,0.0,0.005436477796089788,neighbor,0.3613045267489712,815.0,0.6063168724279835,461.0,0.5182427983539094,546.0,354.0,0.0,0.4951008230452675
balanced_medium_current,robustness,0.01,0.99,47,0.03,True,equal,rank_average,13,0.007522724702205142,0.09779542112866685,0.7692307692307693,-0.022279022657121964,0.02394513611074877,0.013996966748551705,0.015570119188594342,0.046710357565783026,1.0,0.012881098421333111,0.019602190541370787,0.002903573485431094,0.008848484308341165,0.06193939015838816,0.8571428571428571,-0.014764243698124343,0.019602190541370787,0.010957687610288211,0.007522724702205142,0.09779542112866685,0.7692307692307693,-0.022279022657121964,0.02394513611074877,0.013996966748551705,0.014125730416538702,0.0010285784925162882,-0.0022948936273625483,0.0,0.005768918444143429,neighbor,0.5144773662551441,567.0,0.4092921810699588,762.0,0.6968477366255144,260.0,502.0,0.0,0.4944995884773663
short_aggressive_wide_capacity,robustness,0.5835,0.4165,30,0.03,True,rank,rank_average,13,0.003915146941295927,0.05089691023684705,0.5384615384615384,-0.018380039062546455,0.034413459300890056,0.016442520682269073,0.019112667503660193,0.05733800251098058,1.0,0.012641301788056794,0.03086030667500602,0.008321151000212213,0.0063198493895091174,0.044238945726563825,0.5714285714285714,-0.010149286806667393,0.03086030667500602,0.014484563538665436,0.003915146941295927,0.05089691023684705,0.5384615384615384,-0.018380039062546455,0.034413459300890056,0.016442520682269073,0.016065850067145053,0.0008244780772485281,-0.003295317595640114,0.0,0.006303057522273842,neighbor,0.6319835390946502,405.0,0.38222222222222224,833.0,0.45903292181069955,685.0,428.0,0.0,0.49364835390946504
recent_compact_capacity,robustness,0.045,0.955,36,0.033758,True,rank,rank_average,13,0.0024777223365894034,0.03221039037566224,0.6923076923076923,-0.031649600187379424,0.02193902654955243,0.014866144942345482,0.014239001158575645,0.04271700347572693,1.0,0.008546610447515944,0.02193902654955243,0.005648725521066729,0.010629028066056336,0.07440319646239435,1.0,0.0019624015860034896,0.02193902654955243,0.006657958722014811,0.0024777223365894034,0.03221039037566224,0.6923076923076923,-0.031649600187379424,0.02193902654955243,0.014866144942345482,0.01193661210806838,0.007706138521033263,-0.008339758637671559,0.0,0.0069914433820415876,neighbor,0.3513415637860082,836.0,0.8253292181069958,109.0,0.20862962962962964,1092.0,983.0,0.05,0.49322921810699577
short_aggressive_wide_capacity,robustness,0.6035,0.39649999999999996,32,0.033,True,rank,rank_average,13,0.004532268652072267,0.058919492476939464,0.5384615384615384,-0.017269119115651224,0.03459067248414718,0.017312726094380695,0.020399807789451944,0.061199423368355835,1.0,0.011594773858060816,0.03459067248414718,0.01013108148763085,0.0075246884863089,0.052672819404162304,0.5714285714285714,-0.012550476120016023,0.03459067248414718,0.017105996947515686,0.004532268652072267,0.058919492476939464,0.5384615384615384,-0.017269119115651224,0.03459067248414718,0.017312726094380695,0.016454165813147677,0.0007188438890193564,-0.002576954638022174,0.0,0.006518602879614455,neighbor,0.6489711934156379,377.0,0.33085185185185184,924.0,0.5596748971193416,457.0,547.0,0.0,0.4924230452674897
short_aggressive_wide_capacity,robustness,0.5835,0.4165,32,0.037,True,rank,rank_average,13,0.0045450887006991065,0.05908615310908838,0.5384615384615384,-0.019004933591432994,0.038012102076525056,0.018334859817698848,0.0216806182587107,0.0650418547761321,1.0,0.01454868006768201,0.03456045461322086,0.009124930322608292,0.0075869170297022115,0.05310841920791548,0.5714285714285714,-0.011899115382146044,0.03456045461322086,0.016373430915451546,0.0045450887006991065,0.05908615310908838,0.5384615384615384,-0.019004933591432994,0.038012102076525056,0.018334859817698848,0.018159016829800163,0.0009692632022506367,-0.003142465987312859,0.0,0.007228405274835923,neighbor,0.7676131687242799,219.0,0.3564074074074074,890.0,0.4997119341563786,588.0,671.0,0.05,0.4923853909465021
short_aggressive_wide_capacity,robustness,0.5685,0.4315,30,0.033,True,rank,rank_average,13,0.003886728391395314,0.050527469088139085,0.5384615384615384,-0.017311231075338787,0.03329180891446373,0.016468939637285546,0.021357116719376967,0.0640713501581309,1.0,0.015476803296740546,0.032321046658569635,0.007759488869493207,0.006016475443541157,0.0421153281047881,0.5714285714285714,-0.011130669196768327,0.032321046658569635,0.015331236663013623,0.003886728391395314,0.050527469088139085,0.5384615384615384,-0.017311231075338787,0.03329180891446373,0.016468939637285546,0.01828090161796925,0.000327698739313483,-0.0029588095333049325,0.0,0.007016003649883028,neighbor,0.7720946502057612,212.0,0.35143209876543213,900.0,0.4983292181069959,595.0,688.0,0.05,0.4917316872427984
short_aggressive_wide_capacity,robustness,0.5435,0.4565,30,0.035,True,rank,rank_average,13,0.0037182918474307353,0.04833779401659956,0.5384615384615384,-0.0186707036100145,0.03561126762836264,0.01723944875692796,0.022196738700407073,0.06659021610122122,1.0,0.016906981309310183,0.03128618429177965,0.006455932280585066,0.005745389889603826,0.04021772922722679,0.5714285714285714,-0.011642497291410724,0.03128618429177965,0.015602544431362277,0.0037182918474307353,0.04833779401659956,0.5384615384615384,-0.0186707036100145,0.03561126762836264,0.01723944875692796,0.01923144489130439,4.27670233721345e-06,-0.003503444299807728,0.0,0.0071689858276023435,neighbor,0.8378353909465021,128.0,0.31440740740740747,935.0,0.43336625514403293,753.0,807.0,0.05,0.4916224279835391
stable_compact_current,robustness,0.4965,0.5035000000000001,30,0.032758,True,rank,rank_average,13,0.007037242253760605,0.09148414929888787,0.5384615384615384,-0.023368500472198805,0.03850969769471496,0.019502341432865857,0.023075750169826048,0.06922725050947814,1.0,0.01421117103825634,0.03174161007460321,0.007158151074129469,0.008038611008372564,0.056270277058607945,0.5714285714285714,-0.023368500472198805,0.03174161007460321,0.019516067026105956,0.007037242253760605,0.09148414929888787,0.5384615384615384,-0.023368500472198805,0.03850969769471496,0.019502341432865857,0.01884286403942544,-0.0025581683096246727,-0.003161915532720522,0.0,0.0059116825465309955,neighbor,0.8378600823045267,127.0,0.2595802469135803,1013.0,0.5912181069958847,373.0,886.0,0.05,0.49063786008230453
balanced_extra_wide_capacity,robustness,0.725,0.275,59,0.03,False,equal,rank_average,13,0.0055362271803667965,0.07197095334476836,0.6153846153846154,-0.021004184928197205,0.02749209173667258,0.015123939634119234,0.011301761388091905,0.03390528416427571,1.0,0.00798463766121817,0.01739374431414748,0.0043133671829954185,0.010075615474199065,0.07052930831939346,0.8571428571428571,-0.010138573868873325,0.023252489083494775,0.009760460345286538,0.0055362271803667965,0.07197095334476836,0.6153846153846154,-0.021004184928197205,0.02749209173667258,0.015123939634119234,0.010076934419414381,0.0032545143007081264,-0.003160346918111389,0.0,0.005021253165367701,neighbor,0.2774156378600823,932.0,0.6556995884773662,374.0,0.5621934156378601,448.0,558.0,0.0,0.4903600823045267
stable_extra_wide_capacity,robustness,0.275,0.725,51,0.03,False,equal,rank_average,13,0.004545926024563148,0.05909703831932092,0.6923076923076923,-0.02383229488386723,0.02614417207015915,0.015575007594482977,0.013564627365747211,0.04069388209724163,1.0,0.009136205119122547,0.018086625467913973,0.0036545928579045333,0.012091152972779027,0.08463807080945318,0.8571428571428571,-0.011856238361460974,0.02614417207015915,0.012084606815996754,0.004545926024563148,0.05909703831932092,0.6923076923076923,-0.02383229488386723,0.02614417207015915,0.015575007594482977,0.01174678528778635,0.00383654139234478,-0.004581171785367499,0.0,0.005737981973864566,neighbor,0.3507860082304527,837.0,0.7366131687242798,229.0,0.4570493827160494,691.0,608.0,0.05,0.4903477366255145
balanced_medium_current,robustness,0.05,0.95,48,0.03,True,equal,rank_average,13,0.00716319104828155,0.09312148362766015,0.7692307692307693,-0.021935403927633865,0.025761309861048035,0.014339402483787586,0.016660873850367595,0.049982621551102786,1.0,0.011257862905681863,0.020107830057530987,0.0038686855863751123,0.00876656109944689,0.06136592769612824,0.8571428571428571,-0.01428933116287815,0.020107830057530987,0.01106334833768043,0.00716319104828155,0.09312148362766015,0.7692307692307693,-0.021935403927633865,0.025761309861048035,0.014339402483787586,0.014211792853584544,0.0011386034000777944,-0.0023864336293679227,0.0,0.005839123627063637,neighbor,0.5145761316872428,565.0,0.4049465020576131,771.0,0.6795884773662552,270.0,501.0,0.0,0.48999465020576133
short_aggressive_wide_capacity,robustness,0.6435,0.35650000000000004,30,0.033,True,rank,rank_average,13,0.004512647651141195,0.058664419464835534,0.5384615384615384,-0.019595779508121518,0.03533248517207927,0.017814218477369713,0.02053167958841737,0.061595038765252116,1.0,0.010785750296432303,0.03533248517207927,0.010639529407103906,0.007307108048785736,0.05114975634150015,0.5714285714285714,-0.011605265598177,0.03533248517207927,0.01719029263381078,0.004512647651141195,0.058664419464835534,0.5384615384615384,-0.019595779508121518,0.03533248517207927,0.017814218477369713,0.016262354963220562,0.0009067425118380313,-0.003355936538068082,0.0,0.006409585634905127,neighbor,0.6277119341563786,412.0,0.3700740740740741,863.0,0.4820082304526749,634.0,451.0,0.0,0.489919341563786
stable_compact_current,robustness,0.4965,0.5035000000000001,30,0.030758,True,rank,rank_average,13,0.006992805210027999,0.09090646773036398,0.5384615384615384,-0.022960690852080707,0.038511608462537164,0.01950968966470373,0.02292516046286752,0.06877548138860255,1.0,0.01421240652140682,0.031169100671682624,0.006930474195581773,0.008082059200522549,0.05657441440365785,0.5714285714285714,-0.022960690852080707,0.031169100671682624,0.019281336467187056,0.006992805210027999,0.09090646773036398,0.5384615384615384,-0.022960690852080707,0.038511608462537164,0.01950968966470373,0.018757435615898738,-0.0023988256654602098,-0.003052667473009136,0.0,0.00596560257595103,neighbor,0.8296872427983538,135.0,0.2632098765432098,1010.0,0.5960082304526748,366.0,875.0,0.05,0.48972057613168724
balanced_extra_wide_capacity,robustness,0.675,0.32499999999999996,66,0.03,False,equal,rank_average,13,0.004660544570921168,0.060587079421975186,0.6153846153846154,-0.022467073833618526,0.0211556587676512,0.014082094845696187,0.012624407333363017,0.03787322200008905,1.0,0.010093319403913774,0.016633502960503005,0.002867272839510844,0.009766957009844071,0.0683686990689085,0.8571428571428571,-0.010245803178021338,0.019273308505743374,0.008869962381343532,0.004660544570921168,0.060587079421975186,0.6153846153846154,-0.022467073833618526,0.0211556587676512,0.014082094845696187,0.011526707583308465,0.0030431933040069355,-0.004142239344284432,0.0,0.005358784118483842,neighbor,0.3499835390946502,840.0,0.6178353909465021,441.0,0.469119341563786,659.0,399.0,0.0,0.48838724279835394
recent_compact_capacity,robustness,0.05,0.95,30,0.036758,True,rank,rank_average,13,0.0021112458426666585,0.02744619595466656,0.6923076923076923,-0.03457197288230091,0.023433914119113372,0.016336966920617303,0.014092792695497977,0.04227837808649393,1.0,0.005362010969765824,0.023433914119113372,0.007390435565420963,0.010876107727974373,0.07613275409582061,1.0,0.003007772484003829,0.023433914119113372,0.008209595224281161,0.0021112458426666585,0.02744619595466656,0.6923076923076923,-0.03457197288230091,0.023433914119113372,0.016336966920617303,0.010802355456456567,0.008191946324666657,-0.009513033228531616,0.0,0.0065803630444028795,neighbor,0.29558847736625515,911.0,0.8800946502057614,73.0,0.1575679012345679,1157.0,1084.0,0.05,0.48791316872427987
recent_compact_capacity,robustness,0.08,0.92,36,0.03,True,rank,rank_average,13,0.003140967823589281,0.04083258170666065,0.6923076923076923,-0.026824326218322984,0.016788194284679803,0.012436265755199724,0.014221768593468137,0.04266530578040441,1.0,0.011120960863529768,0.016788194284679803,0.002344291902321504,0.010023643333529637,0.07016550333470746,1.0,0.0008485941987579318,0.016788194284679803,0.00518696595363392,0.003140967823589281,0.04083258170666065,0.6923076923076923,-0.026824326218322984,0.016788194284679803,0.012436265755199724,0.01277632518324166,0.00699351278570201,-0.0063693683002930025,0.0,0.0073022055818186184,neighbor,0.412798353909465,729.0,0.7298971193415638,242.0,0.29428395061728396,975.0,733.0,0.05,0.48771563786008226
short_aggressive_wide_capacity,robustness,0.5935,0.4065,31,0.03,True,rank,rank_average,13,0.003911040501805094,0.05084352652346622,0.5384615384615384,-0.017575599224292852,0.03363674484289372,0.017206747297224868,0.019686825957510312,0.059060477872530937,1.0,0.012253087266031085,0.03363674484289372,0.009871192298153943,0.007621656461583813,0.05335159523108669,0.5714285714285714,-0.012187061271588848,0.03363674484289372,0.016439650096049245,0.003911040501805094,0.05084352652346622,0.5384615384615384,-0.017575599224292852,0.03363674484289372,0.017206747297224868,0.016265009593571137,0.000894042534907025,-0.0030321931195261996,0.0,0.006453494010207687,neighbor,0.6417860082304526,395.0,0.3510740740740741,901.0,0.4835637860082304,629.0,506.0,0.0,0.4872323045267489
stable_compact_capacity,robustness,0.968,0.03200000000000003,38,0.03,True,equal,rank_average,13,0.004190782443977888,0.05448017177171255,0.5384615384615384,-0.018932138057302497,0.02423129672131586,0.01234175573826184,0.014807891341975582,0.04442367402592674,1.0,0.011483864384490755,0.018819990255189982,0.003034223454733436,0.008372301375358973,0.05860610962751281,0.7142857142857143,-0.007263319346613282,0.02423129672131586,0.011354821352074199,0.004190782443977888,0.05448017177171255,0.5384615384615384,-0.018932138057302497,0.02423129672131586,0.01234175573826184,0.013230173311808032,0.003089602113857945,-0.00332039802738089,0.0,0.006184330571852156,neighbor,0.4405514403292181,675.0,0.5323662551440329,564.0,0.47574897119341564,644.0,111.0,0.0,0.4871477366255144
short_aggressive_wide_capacity,robustness,0.6435,0.35650000000000004,31,0.042,True,rank,rank_average,13,0.004770806499049323,0.0620204844876412,0.5384615384615384,-0.02312399845860358,0.04443879499332748,0.01908793450071824,0.018798742259739962,0.05639622677921989,1.0,0.011846903241966113,0.03165180672596475,0.009098604173084612,0.0076469811662515,0.0535288681637605,0.5714285714285714,-0.01137982414447652,0.03165180672596475,0.014779181318673012,0.004770806499049323,0.0620204844876412,0.5384615384615384,-0.02312399845860358,0.04443879499332748,0.01908793450071824,0.015624761157900596,0.0011748658685146747,-0.004373098248419528,0.0,0.006122629366728914,neighbor,0.6053415637860082,450.0,0.3978395061728395,793.0,0.4390205761316872,741.0,343.0,0.0,0.48701748971193415
balanced_medium_current,robustness,0.025,0.975,50,0.03,True,equal,rank_average,13,0.007161766746039703,0.09310296769851614,0.6923076923076923,-0.019572292152947632,0.027195583730045166,0.014254166688731147,0.016684284549439505,0.05005285364831852,1.0,0.011191868963409065,0.022134934547244925,0.004467585430356689,0.008926939365311139,0.062488575557177975,0.8571428571428571,-0.016808483202152554,0.022134934547244925,0.012202439046914558,0.007161766746039703,0.09310296769851614,0.6923076923076923,-0.019572292152947632,0.027195583730045166,0.014254166688731147,0.01420335895110551,0.00039869883865986287,-0.0016843416729223966,0.0,0.005608106806900782,neighbor,0.514082304526749,570.0,0.3882057613168724,816.0,0.7079012345679012,250.0,566.0,0.0,0.48651069958847737
recent_compact_current,robustness,0.815,0.18500000000000005,39,0.03,True,equal,rank_average,13,0.0064300067009255045,0.08359008711203156,0.8461538461538461,-0.007629135884589182,0.02475054857609075,0.007824994992670474,0.007657237947540839,0.022971713842622518,1.0,0.006355960110646873,0.008461153777061726,0.0009286143146509346,0.009586010010701135,0.06710207007490794,1.0,0.0035175051370221304,0.02475054857609075,0.0065266266450114095,0.0064300067009255045,0.08359008711203156,0.8461538461538461,-0.007629135884589182,0.02475054857609075,0.007824994992670474,0.007462092466611746,0.007624802401316949,0.0019936428237669534,0.0,0.006715044490802369,neighbor,0.18110699588477364,1100.0,0.7458230452674897,208.0,0.85420987654321,55.0,1045.0,0.05,0.4861946502057613
recent_compact_current,robustness,0.825,0.17500000000000004,38,0.03,True,equal,rank_average,13,0.005988575072316196,0.07785147594011055,0.8461538461538461,-0.010598861284003565,0.025307626398346286,0.007926402477823247,0.008065485284140085,0.024196455852420255,1.0,0.006032890632395586,0.009094028299169006,0.001437296239617562,0.009760816025296989,0.06832571217707892,1.0,0.0031983928127259607,0.025307626398346286,0.006645232272811128,0.005988575072316196,0.07785147594011055,0.8461538461538461,-0.010598861284003565,0.025307626398346286,0.007926402477823247,0.007588180520650392,0.00761913476261885,0.0007620174136529011,0.0,0.006578185463486574,neighbor,0.17804526748971194,1110.0,0.7596131687242798,181.0,0.818604938271605,130.0,980.0,0.05,0.4858347736625514
recent_compact_current,robustness,0.835,0.16500000000000004,38,0.03,True,equal,rank_average,13,0.005988575072316197,0.07785147594011056,0.8461538461538461,-0.010598861284003565,0.025307626398346293,0.007926402477823247,0.008065485284140084,0.02419645585242025,1.0,0.006032890632395585,0.009094028299168999,0.001437296239617562,0.00976081602529699,0.06832571217707893,1.0,0.0031983928127259607,0.025307626398346293,0.00664523227281113,0.005988575072316197,0.07785147594011056,0.8461538461538461,-0.010598861284003565,0.025307626398346293,0.007926402477823247,0.00758818052065039,0.007619134762618851,0.0007620174136529016,0.0,0.006578185463486574,neighbor,0.1771687242798354,1114.0,0.7600823045267489,179.0,0.8190740740740741,129.0,985.0,0.05,0.48576563786008226
balanced_extra_wide_capacity,robustness,0.7,0.30000000000000004,65,0.03,False,equal,rank_average,13,0.005009730900368881,0.06512650170479545,0.6153846153846154,-0.022712380308749197,0.02194139733550026,0.013840493571878155,0.012876401018086977,0.03862920305426093,1.0,0.010572864550034838,0.01627061196433892,0.0024506134622919104,0.00971471163008254,0.06800298141057778,0.8571428571428571,-0.011226933676460063,0.019660756463943087,0.009215111470982357,0.005009730900368881,0.06512650170479545,0.6153846153846154,-0.022712380308749197,0.02194139733550026,0.013840493571878155,0.011828593881821073,0.0026896403730580836,-0.004024154273292358,0.0,0.005338152579610713,rounded,0.3681934156378601,800.0,0.5868847736625514,483.0,0.4957366255144033,598.0,317.0,0.0,0.4857360082304527
recent_compact_capacity,robustness,0.05,0.95,36,0.036758,True,rank,rank_average,13,0.0019536108908427777,0.025396941580956112,0.6923076923076923,-0.036472379109921835,0.021348811315845893,0.016372200329969385,0.01421104380191456,0.04263313140574368,1.0,0.005980107660508965,0.021348811315845893,0.006321683649548968,0.010986855679848025,0.07690798975893617,1.0,0.002282249167950239,0.021348811315845893,0.007366438362553192,0.0019536108908427777,0.025396941580956112,0.6923076923076923,-0.036472379109921835,0.021348811315845893,0.016372200329969385,0.011073730495059258,0.008015649962936952,-0.01023001920618613,0.0,0.006502031800417413,neighbor,0.3077119341563786,902.0,0.8716131687242799,77.0,0.13420987654320987,1183.0,1106.0,0.05,0.4854421810699588
recent_compact_capacity,robustness,0.105,0.895,30,0.03,True,rank,rank_average,13,0.002132421264008838,0.027721476432114894,0.6923076923076923,-0.03667998629702052,0.01994203703420935,0.01545846720704727,0.014686828028098287,0.04406048408429486,1.0,0.007874756530073815,0.01994203703420935,0.005047948778491948,0.01072465485626938,0.07507258399388567,1.0,0.0018638376127425131,0.01994203703420935,0.006346766528355645,0.002132421264008838,0.027721476432114894,0.6923076923076923,-0.03667998629702052,0.01994203703420935,0.01545846720704727,0.011970161630940383,0.007728119680278576,-0.01019660766522404,0.0,0.006736227358717907,neighbor,0.35218106995884774,835.0,0.8266131687242797,106.0,0.1415925925925926,1176.0,1070.0,0.05,0.48408724279835397
recent_compact_capacity,robustness,0.105,0.895,32,0.033758,True,rank,rank_average,13,0.0021824248943681196,0.028371523626785557,0.6923076923076923,-0.03311003130318351,0.019287528998836546,0.014490027539228515,0.015565829099200852,0.046697487297602557,1.0,0.008966307113323434,0.019287528998836546,0.00467926634367285,0.009860803023407519,0.06902562116385264,1.0,0.0026423214381198204,0.019287528998836546,0.00617541529078092,0.0021824248943681196,0.028371523626785557,0.6923076923076923,-0.03311003130318351,0.019287528998836546,0.014490027539228515,0.012831403933941218,0.007492623797921825,-0.00899002044795304,0.0,0.007155739215448352,neighbor,0.4105020576131687,731.0,0.7616255144032922,175.0,0.16877777777777778,1135.0,960.0,0.05,0.48224897119341564
recent_compact_current,robustness,0.815,0.18500000000000005,38,0.03,True,equal,rank_average,13,0.006309889467971239,0.0820285630836261,0.8461538461538461,-0.010598861284003565,0.025307626398346286,0.00858343029009641,0.007509513177737512,0.022528539533212537,1.0,0.006032890632395586,0.009094028299169006,0.0012520307663195787,0.009594327811182515,0.06716029467827761,1.0,0.0031983928127259607,0.025307626398346286,0.0066899455269347815,0.006309889467971239,0.0820285630836261,0.8461538461538461,-0.010598861284003565,0.025307626398346286,0.00858343029009641,0.007271276420000925,0.0075242364805736,0.0009451666191762756,0.0,0.006436191977134932,neighbor,0.17288477366255145,1122.0,0.7455390946502058,211.0,0.8476913580246914,72.0,1050.0,0.05,0.48180020576131694
balanced_extra_wide_capacity,robustness,0.725,0.275,69,0.03,False,equal,rank_average,13,0.005757527298454656,0.07484785487991052,0.6153846153846154,-0.022111125723404408,0.026072856961748644,0.014027129369535797,0.01147096136599488,0.03441288409798464,1.0,0.009383028565551423,0.015104156331704477,0.0025785916180109,0.009587611098298199,0.06711327768808739,0.8571428571428571,-0.009864215219760358,0.02045964493602004,0.008782865235610362,0.005757527298454656,0.07484785487991052,0.6153846153846154,-0.022111125723404408,0.026072856961748644,0.014027129369535797,0.010634847405249052,0.0030668901606519115,-0.003399496313219686,0.0,0.005124115087410029,neighbor,0.30929218106995887,899.0,0.6083415637860082,456.0,0.5605884773662551,454.0,445.0,0.0,0.48155884773662555
balanced_extra_wide_capacity,robustness,0.715,0.28500000000000003,69,0.03,False,equal,rank_average,13,0.005779486849596551,0.07513332904475516,0.6153846153846154,-0.0224397522081278,0.026072856961748644,0.01405040966619673,0.011470961365994877,0.03441288409798463,1.0,0.009383028565551423,0.015104156331704463,0.0025785916180108923,0.00959942819166319,0.06719599734164233,0.8571428571428571,-0.009864215219760358,0.020542364589574993,0.008797528703387222,0.005779486849596551,0.07513332904475516,0.6153846153846154,-0.0224397522081278,0.026072856961748644,0.01405040966619673,0.010634847405249049,0.0030736259038699567,-0.0034954261090275256,0.0,0.005112756702486972,neighbor,0.30858847736625517,901.0,0.6092798353909464,455.0,0.5596131687242798,458.0,446.0,0.0,0.4815532921810699
recent_compact_capacity,robustness,0.045,0.955,31,0.036758,True,rank,rank_average,13,0.002268780378478245,0.029494144920217184,0.6923076923076923,-0.03620808605341869,0.023664669952184574,0.016749893729347782,0.01373552698411233,0.04120658095233699,1.0,0.004192977788026742,0.023664669952184574,0.00795398390713046,0.010974437651994864,0.07682106356396405,1.0,0.0029660623584984646,0.023664669952184574,0.008297653925299657,0.002268780378478245,0.029494144920217184,0.6923076923076923,-0.03620808605341869,0.023664669952184574,0.016749893729347782,0.010212933050992853,0.008234230039941566,-0.009963155889587875,0.0,0.006296103354932665,neighbor,0.2704526748971193,938.0,0.8873786008230453,67.0,0.15890123456790123,1154.0,1087.0,0.05,0.4813366255144034
short_aggressive_wide_capacity,robustness,0.5935,0.4065,32,0.039,True,rank,rank_average,13,0.004503443077163043,0.058544760003119554,0.5384615384615384,-0.020831088217543065,0.0402085693170863,0.018576531839619378,0.019614672006217238,0.05884401601865172,1.0,0.011389386945529392,0.03307397085475981,0.00959518872761079,0.007582947001835991,0.05308062901285194,0.5714285714285714,-0.011790629365867264,0.03307397085475981,0.015760126875444626,0.004503443077163043,0.058544760003119554,0.5384615384615384,-0.020831088217543065,0.0402085693170863,0.018576531839619378,0.015938860735568525,0.001002800671738889,-0.003768835019344739,0.0,0.0062614793436081995,neighbor,0.6178353909465021,424.0,0.3673456790123457,871.0,0.45513168724279834,698.0,447.0,0.0,0.48070946502057615
recent_compact_capacity,robustness,0.08,0.92,31,0.03,True,rank,rank_average,13,0.002116658322893287,0.027516558197612735,0.7692307692307693,-0.038397378765180006,0.015058111545552328,0.01501497055302383,0.01323895340371943,0.03971686021115829,1.0,0.010493637945534935,0.014729343473160537,0.0019436098078359375,0.010295975787627493,0.07207183051339246,1.0,0.002172125944808505,0.015058111545552328,0.004742851106654928,0.002116658322893287,0.027516558197612735,0.7692307692307693,-0.038397378765180006,0.015058111545552328,0.01501497055302383,0.012009103962146602,0.007585507760734477,-0.01069540897922946,0.0,0.006612808730304736,neighbor,0.3741316872427983,790.0,0.7963909465020576,132.0,0.14853909465020576,1168.0,1036.0,0.05,0.4803094650205761
short_aggressive_wide_capacity,robustness,0.5435,0.4565,30,0.03,True,rank,rank_average,13,0.0029490543198002275,0.03833770615740296,0.5384615384615384,-0.01924155214675963,0.03307225480399559,0.016410386577950554,0.019896817818327306,0.05969045345498192,1.0,0.013836394047917769,0.031901934215294914,0.008489030694685531,0.005010276580918495,0.035071936066429464,0.5714285714285714,-0.010149286806667393,0.031901934215294914,0.014552498446485151,0.0029490543198002275,0.03833770615740296,0.5384615384615384,-0.01924155214675963,0.03307225480399559,0.016410386577950554,0.01690719619225943,7.80215763518733e-05,-0.00413028970768301,0.0,0.006178444730109664,neighbor,0.6890329218106995,322.0,0.3423456790123457,911.0,0.33724279835390947,919.0,597.0,0.0,0.4802551440329218
short_aggressive_wide_capacity,robustness,0.5935,0.4065,35,0.033,True,rank,rank_average,13,0.004227878080774877,0.054962415050073404,0.5384615384615384,-0.017135030076923304,0.03262497297266384,0.017574159864804272,0.019934051470482057,0.05980215441144617,1.0,0.012583968267465946,0.0319134057063762,0.00854320005025709,0.007195642867377503,0.050369500071642516,0.5714285714285714,-0.013394065136952554,0.0319134057063762,0.01729231703544453,0.004227878080774877,0.054962415050073404,0.5384615384615384,-0.017135030076923304,0.03262497297266384,0.017574159864804272,0.016515118866438534,0.0002529035106394052,-0.0027062078808814723,0.0,0.006313922944230926,neighbor,0.6581069958847736,363.0,0.2995679012345679,951.0,0.5461316872427983,487.0,588.0,0.0,0.47996810699588477
short_aggressive_wide_capacity,robustness,0.5835,0.4165,30,0.039,True,rank,rank_average,13,0.0046631921533465785,0.060621497993505524,0.5384615384615384,-0.020681740371034048,0.04079475508406785,0.018910122409687674,0.02156661878418305,0.06469985635254916,1.0,0.013705942655988325,0.03498357426946601,0.00953374994393496,0.007698170367259792,0.053887192570818546,0.5714285714285714,-0.011931587598777951,0.03498357426946601,0.016160576666436246,0.0046631921533465785,0.060621497993505524,0.5384615384615384,-0.020681740371034048,0.04079475508406785,0.018910122409687674,0.017815933783460487,0.001021961773169928,-0.0036284932565721485,0.0,0.00704198232282484,neighbor,0.743761316872428,252.0,0.3612716049382716,881.0,0.4656872427983539,671.0,629.0,0.05,0.4799298353909465
recent_compact_current,robustness,0.815,0.18500000000000005,36,0.03,True,equal,rank_average,13,0.00521542191591343,0.06780048490687458,0.7692307692307693,-0.017226301685507338,0.0236297535115832,0.00905950171590603,0.0088202211773042,0.0264606635319126,1.0,0.0065149435357934465,0.011544882266154195,0.00207476629442489,0.009914889736591678,0.06940422815614175,1.0,0.0045421002025120005,0.0236297535115832,0.005943106145525523,0.00521542191591343,0.06780048490687458,0.7692307692307693,-0.017226301685507338,0.0236297535115832,0.00905950171590603,0.008177457437875232,0.008150380216686216,-0.0019426582949159978,0.0,0.00664725532842149,neighbor,0.1902798353909465,1086.0,0.7833909465020577,149.0,0.675119341563786,272.0,937.0,0.05,0.4799057613168725
short_aggressive_wide_capacity,robustness,0.5835,0.4165,32,0.039,True,rank,rank_average,13,0.004167767981743827,0.05418098376266975,0.5384615384615384,-0.020404692768642672,0.039992333292110216,0.018208697156798754,0.01988958348199236,0.05966875044597708,1.0,0.012348229811906957,0.03293986241570761,0.009265168697606857,0.006928433536743564,0.04849903475720495,0.5714285714285714,-0.011790629365867264,0.03293986241570761,0.015203494515380542,0.004167767981743827,0.05418098376266975,0.5384615384615384,-0.020404692768642672,0.039992333292110216,0.018208697156798754,0.016411978422664942,0.0006297279966362057,-0.003819459325596562,0.0,0.006275250068712785,neighbor,0.6489218106995884,378.0,0.3434197530864198,910.0,0.4353292181069959,745.0,532.0,0.0,0.47940699588477376
stable_extra_wide_capacity,robustness,0.285,0.7150000000000001,44,0.03,False,equal,rank_average,13,0.00518156282733694,0.06736031675538022,0.6923076923076923,-0.02739590698288757,0.025698327580365728,0.01516439425926057,0.015479637720164868,0.0464389131604946,1.0,0.008413992817243147,0.022082771731018136,0.005589831034558881,0.01061768373251038,0.07432378612757266,0.8571428571428571,-0.016433721544088193,0.025698327580365728,0.012723139035469788,0.00518156282733694,0.06736031675538022,0.6923076923076923,-0.02739590698288757,0.025698327580365728,0.01516439425926057,0.012600011130184212,0.0014860944751246686,-0.00539485080046315,0.0,0.004899519345810313,neighbor,0.3946502057613168,756.0,0.5563909465020576,530.0,0.4735185185185185,649.0,226.0,0.0,0.4792637860082304
recent_compact_current,robustness,0.775,0.22499999999999998,37,0.03,True,equal,rank_average,13,0.006615842295277865,0.08600594983861225,0.8461538461538461,-0.01683410943013479,0.022223375113595643,0.00895840513950397,0.008456061974587623,0.02536818592376287,1.0,0.0059395330339453295,0.011423645707407476,0.002261483402985275,0.009684130428162293,0.06778891299713605,1.0,0.0037419737230631363,0.022223375113595643,0.005671293013780712,0.006615842295277865,0.08600594983861225,0.8461538461538461,-0.01683410943013479,0.022223375113595643,0.00895840513950397,0.007780001226716903,0.007754805672663342,-0.0009380721574822516,0.0,0.006460952219762927,neighbor,0.1776872427983539,1111.0,0.7550205761316873,186.0,0.7857654320987655,180.0,931.0,0.05,0.4786989711934156
balanced_medium_current,robustness,0.025,0.975,47,0.03,True,equal,rank_average,13,0.0070535930291037545,0.09169670937834881,0.7692307692307693,-0.022279022657121967,0.02394513611074877,0.014150421820716855,0.015570119188594344,0.04671035756578303,1.0,0.012881098421333115,0.019602190541370794,0.0029035734854310964,0.008535002604206112,0.05974501822944278,0.8571428571428571,-0.014764243698124343,0.019602190541370794,0.010793324190447264,0.0070535930291037545,0.09169670937834881,0.7692307692307693,-0.022279022657121967,0.02394513611074877,0.014150421820716855,0.014125730416538706,0.0008498939211593074,-0.002562298681030341,0.0,0.0056483996289826205,neighbor,0.5155884773662551,561.0,0.38208230452674896,834.0,0.6696995884773663,275.0,559.0,0.0,0.47862736625514407
recent_compact_capacity,robustness,0.105,0.895,31,0.036758,True,rank,rank_average,13,0.0018311167725293333,0.023804518042881334,0.6923076923076923,-0.03620808605341869,0.019902105608258218,0.015612225597317541,0.015353100274219067,0.046059300822657204,1.0,0.008146323067341713,0.019902105608258218,0.0051541193417412425,0.010088059131103735,0.07061641391772615,1.0,0.0029660623584984646,0.019902105608258218,0.006180508854068631,0.0018311167725293333,0.023804518042881334,0.6923076923076923,-0.03620808605341869,0.019902105608258218,0.015612225597317541,0.012439553768527633,0.007728994283033623,-0.010212624144978756,0.0,0.00692197531302937,neighbor,0.38020576131687245,779.0,0.7926131687242799,137.0,0.12840740740740741,1189.0,1052.0,0.05,0.47801934156378606
short_aggressive_compact_capacity,robustness,0.9355,0.0645,31,0.032258,True,equal,rank_average,13,0.005670367576094145,0.07371477848922389,0.6153846153846154,-0.02450736355722585,0.044738843878811385,0.01729250405895683,0.012536470946397926,0.03760941283919378,1.0,0.004841239979529635,0.018694612307168575,0.005759106675803586,0.009868444018509196,0.06907910812956437,0.8571428571428571,-0.007251281099084489,0.018694612307168575,0.008194526763654958,0.005670367576094145,0.07371477848922389,0.6153846153846154,-0.02450736355722585,0.044738843878811385,0.01729250405895683,0.009743397632691598,0.004089233184995217,-0.004239935840126253,0.0,0.005101523610305549,neighbor,0.25065020576131686,955.0,0.6652427983539094,360.0,0.5122057613168723,559.0,595.0,0.0,0.4764502057613169
short_aggressive_medium_capacity,robustness,0.9355,0.0645,31,0.032258,True,equal,rank_average,13,0.005670367576094145,0.07371477848922389,0.6153846153846154,-0.02450736355722585,0.044738843878811385,0.01729250405895683,0.012536470946397926,0.03760941283919378,1.0,0.004841239979529635,0.018694612307168575,0.005759106675803586,0.009868444018509196,0.06907910812956437,0.8571428571428571,-0.007251281099084489,0.018694612307168575,0.008194526763654958,0.005670367576094145,0.07371477848922389,0.6153846153846154,-0.02450736355722585,0.044738843878811385,0.01729250405895683,0.009743397632691598,0.004089233184995217,-0.004239935840126253,0.0,0.005101523610305549,neighbor,0.25065020576131686,955.0,0.6652427983539094,360.0,0.5122057613168723,559.0,595.0,0.0,0.4764502057613169
balanced_extra_wide_capacity,robustness,0.735,0.265,69,0.03,False,equal,rank_average,13,0.005699192262367767,0.07408949941078097,0.6153846153846154,-0.022111125723404408,0.026072856961748644,0.01399409102639932,0.011218176209618359,0.033654528628855075,1.0,0.00938302856555142,0.014521001432252836,0.0023402634325665706,0.00947927460270826,0.06635492221895782,0.8571428571428571,-0.009864215219760358,0.02045964493602004,0.008731774425400723,0.005699192262367767,0.07408949941078097,0.6153846153846154,-0.022111125723404408,0.026072856961748644,0.01399409102639932,0.010490759866114432,0.003005138358165646,-0.003432747283789213,0.0,0.005033704115051932,neighbor,0.3003045267489712,908.0,0.6055267489711934,462.0,0.5573045267489711,461.0,447.0,0.0,0.4762045267489712
short_aggressive_wide_capacity,robustness,0.6185,0.38149999999999995,31,0.033,True,rank,rank_average,13,0.0045206624971701765,0.05876861246321229,0.5384615384615384,-0.018250926872192614,0.03506781298781055,0.017211847414220036,0.02023308520944098,0.06069925562832294,1.0,0.010591723564454144,0.03506781298781055,0.010645751177866217,0.007553534226963312,0.05287473958874318,0.5714285714285714,-0.012483066753703975,0.03506781298781055,0.016916203831918834,0.0045206624971701765,0.05876861246321229,0.5384615384615384,-0.018250926872192614,0.03506781298781055,0.017211847414220036,0.016028127345651226,0.0007575310520753469,-0.002907566705975024,0.0,0.006316004905798143,neighbor,0.6116872427983538,438.0,0.3399382716049383,916.0,0.5164279835390947,553.0,478.0,0.0,0.47511131687242797
recent_compact_capacity,robustness,0.105,0.895,30,0.033758,True,rank,rank_average,13,0.0023287814172421864,0.03027415842414842,0.6923076923076923,-0.032678266272296946,0.021820520186803638,0.014663848269129146,0.0159060063983021,0.0477180191949063,1.0,0.007582214983708389,0.021820520186803638,0.006057270990240493,0.010086886678242316,0.07060820674769622,1.0,0.0014555019443178371,0.021820520186803638,0.0070267014913303946,0.0023287814172421864,0.03027415842414842,0.6923076923076923,-0.032678266272296946,0.021820520186803638,0.014663848269129146,0.012568554591655963,0.007229841048223006,-0.008764114769722255,0.0,0.006966233092904401,neighbor,0.4010205761316872,747.0,0.7451563786008231,213.0,0.19201234567901235,1112.0,899.0,0.05,0.4745304526748971
recent_compact_capacity,robustness,0.045,0.955,36,0.036758,True,rank,rank_average,13,0.002011591122782674,0.026150684596174763,0.6923076923076923,-0.036472379109921835,0.021588916961598946,0.016420507115311532,0.01389104031799985,0.041673120953999554,1.0,0.005117154813945965,0.021588916961598946,0.006767475322602282,0.010911536129273588,0.07638075290491511,1.0,0.002282249167950239,0.021588916961598946,0.007559762408553664,0.002011591122782674,0.026150684596174763,0.6923076923076923,-0.036472379109921835,0.021588916961598946,0.016420507115311532,0.010606554069862082,0.007972717819109524,-0.010196970473980391,0.0,0.006300799075447059,neighbor,0.2857119341563786,924.0,0.8650452674897118,78.0,0.13749382716049383,1180.0,1102.0,0.05,0.47417921810699587
recent_compact_capacity,robustness,0.08,0.92,36,0.036758,True,rank,rank_average,13,0.002177081617557443,0.028302061028246762,0.6923076923076923,-0.036472379109921835,0.019737919793394752,0.015574992810633657,0.014351016120426573,0.04305304836127972,1.0,0.00735404458805701,0.019737919793394752,0.005182298727994025,0.01048105457942757,0.073367382055993,1.0,0.002282249167950239,0.019737919793394752,0.0063250644403344365,0.002177081617557443,0.028302061028246762,0.6923076923076923,-0.036472379109921835,0.019737919793394752,0.015574992810633657,0.011606913902701958,0.007727343335697294,-0.010102640891958772,0.0,0.00660467392835075,neighbor,0.3322057613168724,869.0,0.8200082304526748,112.0,0.14828395061728394,1169.0,1057.0,0.05,0.47412860082304525
stable_extra_wide_capacity,robustness,0.275,0.725,44,0.03,False,equal,rank_average,13,0.004737411058159994,0.06158634375607992,0.6923076923076923,-0.02739590698288757,0.025698327580365728,0.015478370930000852,0.015479637720164868,0.0464389131604946,1.0,0.008413992817243147,0.022082771731018136,0.005589831034558881,0.01061768373251038,0.07432378612757266,0.8571428571428571,-0.016433721544088193,0.025698327580365728,0.012723139035469788,0.004737411058159994,0.06158634375607992,0.6923076923076923,-0.02739590698288757,0.025698327580365728,0.015478370930000852,0.012600011130184212,0.0014860944751246686,-0.00564801730889401,0.0,0.004861544369545685,neighbor,0.3946502057613168,756.0,0.5563909465020576,530.0,0.4350493827160494,747.0,226.0,0.0,0.47349341563786007
recent_compact_current,robustness,0.825,0.17500000000000004,39,0.03,True,equal,rank_average,13,0.006277995105483246,0.0816139363712822,0.8461538461538461,-0.007629135884589182,0.02475054857609075,0.007633818102266555,0.007657237947540837,0.02297171384262251,1.0,0.006355960110646873,0.008461153777061726,0.000928614314650934,0.009123224759226127,0.0638625733145829,1.0,0.0035175051370221304,0.02475054857609075,0.00656741980803071,0.006277995105483246,0.0816139363712822,0.8461538461538461,-0.007629135884589182,0.02475054857609075,0.007633818102266555,0.007462092466611745,0.0073610148079761946,0.001906996214364866,0.0,0.006583343082388715,neighbor,0.18040329218106993,1105.0,0.7200205761316871,267.0,0.8476419753086419,73.0,1032.0,0.05,0.47331687242798354
short_aggressive_wide_capacity,robustness,0.5685,0.4315,31,0.037,True,rank,rank_average,13,0.003744272050591891,0.04867553665769458,0.5384615384615384,-0.019038275641273653,0.03853178538556609,0.017879389270170114,0.02193591375419025,0.06580774126257075,1.0,0.014992603490707503,0.03382745824620426,0.008447946689402148,0.005707861513789114,0.0399550305965238,0.5714285714285714,-0.011590317872380428,0.03382745824620426,0.015793942268408974,0.003744272050591891,0.04867553665769458,0.5384615384615384,-0.019038275641273653,0.03853178538556609,0.017879389270170114,0.018451029991821917,1.0473640282512332e-07,-0.00360993435432139,0.0,0.006838968974961831,neighbor,0.7903786008230452,190.0,0.3178148148148148,934.0,0.4238230452674897,776.0,744.0,0.05,0.47274156378600823
short_aggressive_wide_capacity,robustness,0.5835,0.4165,32,0.033,True,rank,rank_average,13,0.004186734439870132,0.05442754771831171,0.5384615384615384,-0.016748932226243907,0.03246428561925689,0.01670744157139123,0.02107569072096681,0.06322707216290044,1.0,0.015013977026147839,0.03246428561925689,0.008058538536467773,0.006898181554754672,0.048287270883282704,0.5714285714285714,-0.012550476120016023,0.03246428561925689,0.01614682200497771,0.004186734439870132,0.05442754771831171,0.5384615384615384,-0.016748932226243907,0.03246428561925689,0.01670744157139123,0.01796775612957987,0.00036173493803344655,-0.0026022474654729764,0.0,0.006959546054126052,neighbor,0.7552674897119341,237.0,0.30692592592592594,943.0,0.5449465020576132,490.0,706.0,0.05,0.47196563786008233
short_aggressive_wide_capacity,robustness,0.5435,0.4565,31,0.036,True,rank,rank_average,13,0.0035213414888433424,0.04577743935496345,0.5384615384615384,-0.019397865341370047,0.03724528293404944,0.017666247496814794,0.021856822590909847,0.06557046777272954,1.0,0.014990579547940534,0.03274684344713271,0.007787353758167256,0.005282821544047253,0.03697975080833077,0.5714285714285714,-0.011217433623240933,0.03274684344713271,0.015772996265536104,0.0035213414888433424,0.04577743935496345,0.5384615384615384,-0.019397865341370047,0.03724528293404944,0.017666247496814794,0.01840528012763899,-0.000119116244134003,-0.003855669375549872,0.0,0.006730159334862814,neighbor,0.7858847736625515,195.0,0.32739506172839505,928.0,0.39892181069958843,825.0,733.0,0.05,0.4715199588477366
recent_compact_capacity,robustness,0.105,0.895,33,0.036758,True,rank,rank_average,13,0.0017978757264303022,0.02337238444359393,0.6923076923076923,-0.03728894024286471,0.019199107608173054,0.01563496820934254,0.014884219189011496,0.04465265756703449,1.0,0.008642736243950608,0.019199107608173054,0.004519813340191743,0.01007384283254106,0.07051689982778742,1.0,0.0028395876141126142,0.019199107608173054,0.005707223011416353,0.0017978757264303022,0.02337238444359393,0.6923076923076923,-0.03728894024286471,0.019199107608173054,0.01563496820934254,0.012336107898240252,0.007679154327205566,-0.010588253423772391,0.0,0.006801824592972747,neighbor,0.37548971193415637,789.0,0.7863909465020575,147.0,0.11566666666666667,1198.0,1051.0,0.05,0.4714218106995885
recent_compact_capacity,robustness,0.105,0.895,33,0.033758,True,rank,rank_average,13,0.002145376425048586,0.027889893525631617,0.6923076923076923,-0.03285403829766765,0.018513913864061128,0.014305207471692727,0.015282221259660481,0.045846663778981445,1.0,0.009401041493939076,0.018513913864061128,0.004165408933269027,0.009727018307338091,0.06808912815136664,1.0,0.002407203936663887,0.018513913864061128,0.005871768371330963,0.002145376425048586,0.027889893525631617,0.6923076923076923,-0.03285403829766765,0.018513913864061128,0.014305207471692727,0.012813209811006369,0.0073387777342817945,-0.00892666038364494,0.0,0.007088734847282614,neighbor,0.4022304526748971,744.0,0.7409835390946502,220.0,0.17295061728395061,1130.0,910.0,0.05,0.4702773662551441
short_aggressive_wide_capacity,robustness,0.6,0.4,31,0.03,True,rank,rank_average,13,0.0044479595986314175,0.05782347478220843,0.5384615384615384,-0.017575599224292852,0.03363674484289372,0.016688923298692638,0.01925813226990874,0.057774396809726215,1.0,0.01096700620322636,0.03363674484289372,0.010206938211204478,0.0073520574790531526,0.05146440235337207,0.5714285714285714,-0.012187061271588848,0.03363674484289372,0.01631156508009109,0.0044479595986314175,0.05782347478220843,0.5384615384615384,-0.017575599224292852,0.03363674484289372,0.016688923298692638,0.015596247440912678,0.0007403711148645483,-0.002726149234335195,0.0,0.006162743592903839,neighbor,0.5917860082304526,465.0,0.3388765432098766,919.0,0.5379835390946501,503.0,454.0,0.0,0.469906378600823
short_aggressive_wide_capacity,robustness,0.5685,0.4315,32,0.036,True,rank,rank_average,13,0.003749653091318467,0.04874549018714007,0.5384615384615384,-0.018099205949039868,0.03698631330286335,0.017488885442116835,0.021796222864638153,0.06538866859391446,1.0,0.015504207664548054,0.032855349187878885,0.00784472389087144,0.00577608266495539,0.04043257865468773,0.5714285714285714,-0.011807084058270833,0.032855349187878885,0.01572671093302781,0.003749653091318467,0.04874549018714007,0.5384615384615384,-0.018099205949039868,0.03698631330286335,0.017488885442116835,0.018540235562144604,-3.254204877623152e-05,-0.0032969741626700925,0.0,0.0069069041785080245,neighbor,0.7889218106995884,193.0,0.3032469135802469,946.0,0.44865020576131687,719.0,753.0,0.05,0.4693273662551441
recent_compact_current,robustness,0.85,0.15000000000000002,39,0.03,True,equal,rank_average,13,0.006130817978904244,0.07970063372575517,0.8461538461538461,-0.007629135884589178,0.023735061078270205,0.007417682722880762,0.007235804649294272,0.021707413947882816,1.0,0.006355960110646873,0.008059624389947399,0.0006966453318745341,0.009107877398020608,0.06375514178614426,1.0,0.0035175051370221304,0.023735061078270205,0.006129897654879002,0.006130817978904244,0.07970063372575517,0.8461538461538461,-0.007629135884589178,0.023735061078270205,0.007417682722880762,0.007221875486611203,0.007352266812089049,0.0018231052522148365,0.0,0.006470736047916779,neighbor,0.1747736625514403,1117.0,0.7190823045267489,272.0,0.8367283950617284,96.0,1021.0,0.05,0.4690057613168724
recent_compact_capacity,robustness,0.03,0.97,36,0.03,True,rank,rank_average,13,0.0026119099497137485,0.033954829346278734,0.6923076923076923,-0.026824326218322984,0.019567826866497176,0.012808780855968694,0.014329860501020864,0.04298958150306259,1.0,0.01034564705335771,0.019567826866497176,0.003867908341783969,0.009986028937337965,0.06990220256136576,1.0,0.0008485941987579318,0.019567826866497176,0.00557002447156992,0.0026119099497137485,0.033954829346278734,0.6923076923076923,-0.026824326218322984,0.019567826866497176,0.012808780855968694,0.012582084013189936,0.006972072579872757,-0.006670931288402056,0.0,0.007169626572958408,neighbor,0.3910946502057613,764.0,0.7256748971193416,254.0,0.23892592592592593,1062.0,808.0,0.05,0.46883045267489715
short_aggressive_wide_capacity,robustness,0.5435,0.4565,30,0.037,True,rank,rank_average,13,0.003710306350503183,0.04823398255654138,0.5384615384615384,-0.019605665281626203,0.03901066777109685,0.018190371353854526,0.02229186925401611,0.06687560776204833,1.0,0.014670479642305174,0.03357984945690279,0.008143462884169842,0.0054765410974520964,0.038335787682164675,0.5714285714285714,-0.011756090519548503,0.03357984945690279,0.01602112366655543,0.003710306350503183,0.04823398255654138,0.5384615384615384,-0.019605665281626203,0.03901066777109685,0.018190371353854526,0.01854762375674989,-0.00018645287447473994,-0.003816533384688295,0.0,0.006762665701483079,neighbor,0.8075390946502058,163.0,0.29914814814814816,952.0,0.40526748971193416,816.0,789.0,0.05,0.4684224279835392
short_aggressive_wide_capacity,robustness,0.6185,0.38149999999999995,30,0.03,True,rank,rank_average,13,0.004065518755335542,0.05285174381936205,0.5384615384615384,-0.018380039062546455,0.03374492879109517,0.01689695079934711,0.018810821526766962,0.056432464580300885,1.0,0.008851141741287948,0.03374492879109517,0.010754343462900154,0.007128178830807905,0.04989725181565533,0.5714285714285714,-0.010149286806667393,0.03374492879109517,0.015695998341358385,0.004065518755335542,0.05285174381936205,0.5384615384615384,-0.018380039062546455,0.03374492879109517,0.01689695079934711,0.014643045044882192,0.0012852258587888372,-0.0032096056616375333,0.0,0.005954128805162224,neighbor,0.5288724279835391,543.0,0.4122469135802469,752.0,0.4735761316872428,647.0,209.0,0.0,0.4680965020576131
stable_compact_current,robustness,0.4965,0.5035000000000001,31,0.032758,True,rank,rank_average,13,0.007186955979311554,0.0934304277310502,0.5384615384615384,-0.02529362567611429,0.03833602666097921,0.019489703943419902,0.02298701153856363,0.06896103461569089,1.0,0.012908645440647043,0.032950783978036725,0.008182570014687592,0.007811501710609424,0.05468051197426597,0.5714285714285714,-0.02529362567611429,0.032950783978036725,0.020048408802849763,0.007186955979311554,0.0934304277310502,0.5384615384615384,-0.02529362567611429,0.03833602666097921,0.019489703943419902,0.018362449572394794,-0.0033229119266417733,-0.003711870026448593,0.0,0.005292888958001831,neighbor,0.8037119341563786,171.0,0.24555555555555553,1023.0,0.5714156378600823,423.0,852.0,0.05,0.4676971193415638
recent_compact_capacity,robustness,0.105,0.895,32,0.036758,True,rank,rank_average,13,0.0017598152146403464,0.022877597790324503,0.6923076923076923,-0.037190164748950066,0.019366863369223303,0.015659558003208902,0.014862547887350227,0.04458764366205068,1.0,0.008402442709060334,0.019366863369223303,0.004684973504422394,0.010012868645714506,0.07009008052000154,1.0,0.00293178569041888,0.019366863369223303,0.005756428014031726,0.0017598152146403464,0.022877597790324503,0.6923076923076923,-0.037190164748950066,0.019366863369223303,0.015659558003208902,0.012244458389779538,0.007674824405895499,-0.010577352002500835,0.0,0.006764851538189665,neighbor,0.3696131687242798,796.0,0.7825390946502058,150.0,0.11314814814814815,1201.0,1051.0,0.05,0.46696008230452685
recent_compact_current,robustness,0.835,0.16500000000000004,39,0.03,True,equal,rank_average,13,0.00621707196434153,0.08082193553643989,0.8461538461538461,-0.007629135884589178,0.023735061078270198,0.007428585405018584,0.007657237947540839,0.022971713842622518,1.0,0.006355960110646871,0.008461153777061733,0.0009286143146509367,0.008978155116680335,0.06284708581676235,1.0,0.0035175051370221304,0.023735061078270198,0.0062227946761824375,0.00621707196434153,0.08082193553643989,0.8461538461538461,-0.007629135884589178,0.023735061078270198,0.007428585405018584,0.007462092466611745,0.007278325111725094,0.0018722700239140891,0.0,0.006540923790508103,neighbor,0.18056378600823045,1104.0,0.7064156378600823,288.0,0.8395432098765432,91.0,1013.0,0.05,0.4660440329218108
recent_compact_current,robustness,0.85,0.15000000000000002,35,0.03,True,equal,rank_average,13,0.005293018271672215,0.0688092375317388,0.7692307692307693,-0.01747190594173827,0.02706018632113666,0.009754597751612895,0.007471265500099293,0.02241379650029788,1.0,0.0028767245424223993,0.011867933840856812,0.0036733115251734593,0.010268269405573797,0.07187788583901658,1.0,0.0028767245424223993,0.02706018632113666,0.007518798318822801,0.005293018271672215,0.0688092375317388,0.7692307692307693,-0.01747190594173827,0.02706018632113666,0.009754597751612895,0.0062079404340559885,0.007802232660176455,-0.0019794777766896977,0.0,0.005697259204198346,neighbor,0.13089711934156378,1169.0,0.8090576131687242,119.0,0.6639958847736626,288.0,1050.0,0.05,0.46603415637860074
recent_compact_current,robustness,0.815,0.18500000000000005,37,0.03,True,equal,rank_average,13,0.005902022768092636,0.07672629598520427,0.8461538461538461,-0.01683410943013479,0.022223375113595643,0.00879306319203518,0.008247773963193048,0.024743321889579145,1.0,0.005619593582099774,0.011423645707407476,0.0024009344903252908,0.00961490556390964,0.06730433894736748,1.0,0.0037419737230631363,0.022223375113595643,0.005607491979731462,0.005902022768092636,0.07672629598520427,0.8461538461538461,-0.01683410943013479,0.022223375113595643,0.00879306319203518,0.007555697041112962,0.007715347500039329,-0.0013449492879778315,0.0,0.006292442798266209,neighbor,0.17036625514403292,1126.0,0.7503292181069958,195.0,0.7341604938271604,227.0,931.0,0.05,0.46591872427983544
balanced_extra_wide_capacity,robustness,0.725,0.275,66,0.03,False,equal,rank_average,13,0.005441150461362844,0.07073495599771698,0.6153846153846154,-0.022691003815197248,0.023125809229109208,0.014007641413849909,0.011954311438892367,0.0358629343166771,1.0,0.010093319403913774,0.014623215277091053,0.0019355499247490186,0.009806637272987492,0.06864646091091245,0.8571428571428571,-0.011810254375971274,0.023125809229109208,0.009858354634026229,0.005441150461362844,0.07073495599771698,0.6153846153846154,-0.022691003815197248,0.023125809229109208,0.014007641413849909,0.011144752923460195,0.0025495421586752063,-0.003771190880653656,0.0,0.005039516508689873,neighbor,0.33356378600823045,862.0,0.5608600823045268,520.0,0.531477366255144,520.0,342.0,0.0,0.4655341563786008
short_aggressive_wide_capacity,robustness,0.6185,0.38149999999999995,32,0.033,True,rank,rank_average,13,0.0043737726039180195,0.05685904385093425,0.5384615384615384,-0.01848446660457486,0.03447315433318421,0.017253399581952416,0.020073626188318806,0.06022087856495642,1.0,0.01073374720562437,0.03447315433318421,0.010330856690039561,0.0073406294883649244,0.05138440641855447,0.5714285714285714,-0.012550476120016023,0.03447315433318421,0.017011689125929663,0.0043737726039180195,0.05685904385093425,0.5384615384615384,-0.01848446660457486,0.03447315433318421,0.017253399581952416,0.01598410350519776,0.0006139302601912905,-0.0030683620568148946,0.0,0.006209655710642951,neighbor,0.6098600823045267,441.0,0.3238148148148148,931.0,0.5052427983539094,577.0,490.0,0.0,0.4654471193415638
balanced_extra_wide_capacity,robustness,0.735,0.265,66,0.03,False,equal,rank_average,13,0.005356331003015245,0.06963230303919818,0.6153846153846154,-0.022691003815197248,0.02290146097405967,0.013907360589538901,0.012043677508019443,0.03613103252405833,1.0,0.010093319403913774,0.014891313484472285,0.0020589669714724305,0.009804928280231618,0.06863449796162133,0.8571428571428571,-0.011810254375971274,0.022845748072436854,0.009824042298191529,0.005356331003015245,0.06963230303919818,0.6153846153846154,-0.022691003815197248,0.02290146097405967,0.013907360589538901,0.011195691582862627,0.002548568032804359,-0.003819537971911788,0.0,0.005052201552120245,neighbor,0.33637860082304527,859.0,0.5599218106995885,521.0,0.5253786008230452,529.0,338.0,0.0,0.4653230452674897
stable_extra_wide_capacity,robustness,0.26,0.74,51,0.03,False,equal,rank_average,13,0.0038178335883833734,0.04963183664898385,0.6923076923076923,-0.02383229488386723,0.027356936917946013,0.016176477128046294,0.012455133124826096,0.03736539937447829,1.0,0.009136205119122547,0.018086625467913973,0.004003204671753309,0.011808827138610414,0.0826617899702729,0.8571428571428571,-0.011856238361460974,0.027356936917946013,0.012289497548854337,0.0038178335883833734,0.04963183664898385,0.6923076923076923,-0.02383229488386723,0.027356936917946013,0.016176477128046294,0.011114373570461314,0.0036756156668686702,-0.00499618447398997,0.0,0.005350348807176932,neighbor,0.32240329218106994,882.0,0.7279341563786008,245.0,0.39137037037037037,833.0,637.0,0.05,0.46523724279835393
short_aggressive_wide_capacity,robustness,0.6,0.4,32,0.039,True,rank,rank_average,13,0.004390902287351607,0.057081729735570894,0.5384615384615384,-0.020831088217543065,0.040244578592972716,0.018462285519836436,0.01942536356882153,0.058276090706464584,1.0,0.010821461633342258,0.03307397085475981,0.009759792713544371,0.007297961012759855,0.05108572708931899,0.5714285714285714,-0.011790629365867264,0.03307397085475981,0.015570121949529486,0.004390902287351607,0.057081729735570894,0.5384615384615384,-0.020831088217543065,0.040244578592972716,0.018462285519836436,0.015643539573231217,0.0008403586579654912,-0.0038329832695372565,0.0,0.00606062973494637,neighbor,0.5933415637860082,463.0,0.354679012345679,893.0,0.45184773662551436,711.0,430.0,0.0,0.46471934156378597
recent_compact_current,robustness,0.775,0.22499999999999998,38,0.03,True,equal,rank_average,13,0.006823411747082615,0.088704352712074,0.8461538461538461,-0.010598861284003565,0.025307626398346293,0.008170727920971161,0.00668293952140023,0.02004881856420069,1.0,0.004921899632636111,0.009094028299168992,0.0017641970923715767,0.009247310763063187,0.0647311753414423,1.0,0.0031983928127259607,0.025307626398346293,0.007052044788972535,0.006823411747082615,0.088704352712074,0.8461538461538461,-0.010598861284003565,0.025307626398346293,0.008170727920971161,0.006433502405968047,0.007326436763145583,0.0012378743182697599,0.0,0.006055978653543195,neighbor,0.14052674897119344,1152.0,0.7281810699588478,244.0,0.8711481481481482,28.0,1124.0,0.05,0.4645644032921811
recent_compact_capacity,robustness,0.03,0.97,33,0.036758,True,rank,rank_average,13,0.0019576673775404518,0.02544967590802587,0.6923076923076923,-0.03728894024286471,0.02367959703068081,0.017285912624906315,0.013085029720848393,0.03925508916254518,1.0,0.002820350975851052,0.02367959703068081,0.008518945801091018,0.010965185224835755,0.07675629657385029,1.0,0.002820350975851052,0.02367959703068081,0.008568877333594006,0.0019576673775404518,0.02544967590802587,0.6923076923076923,-0.03728894024286471,0.02367959703068081,0.017285912624906315,0.009389182762914429,0.008180871400187226,-0.010497172182639606,0.0,0.005862489407854083,neighbor,0.2480082304526749,967.0,0.8806748971193417,72.0,0.12598765432098766,1190.0,1118.0,0.05,0.46440514403292193
short_aggressive_wide_capacity,robustness,0.5685,0.4315,31,0.03,True,rank,rank_average,13,0.0036041715214883327,0.046854229779348326,0.5384615384615384,-0.01595399843106695,0.031010714099090383,0.01575169441710865,0.018822789814116125,0.05646836944234837,1.0,0.01288370090450804,0.030414022774234203,0.008197076531294008,0.0060080135421987785,0.04205609479539145,0.5714285714285714,-0.012187061271588848,0.030414022774234203,0.014754216760117702,0.0036041715214883327,0.046854229779348326,0.5384615384615384,-0.01595399843106695,0.031010714099090383,0.01575169441710865,0.015980611492533842,-2.5733929142445064e-05,-0.0026719801765422058,0.0,0.005979867302418107,neighbor,0.6368971193415637,401.0,0.29149382716049377,965.0,0.522082304526749,542.0,564.0,0.0,0.46424341563786004
short_aggressive_wide_capacity,robustness,0.6435,0.35650000000000004,32,0.033,True,rank,rank_average,13,0.004367708906403158,0.05678021578324106,0.5384615384615384,-0.019806161315933248,0.034003649312911874,0.017752978744084238,0.020078251594762845,0.06023475478428854,1.0,0.011516089517691317,0.033704688240449386,0.009740589852078973,0.006896954389811154,0.04827868072867808,0.5714285714285714,-0.012550476120016023,0.033704688240449386,0.017308163196840375,0.004367708906403158,0.05678021578324106,0.5384615384615384,-0.019806161315933248,0.034003649312911874,0.017752978744084238,0.016244912949852957,0.0003610354540156417,-0.0035079776191466335,0.0,0.006134234491376227,neighbor,0.6374897119341564,400.0,0.30645679012345683,944.0,0.4693415637860082,658.0,544.0,0.0,0.4633026748971194
short_aggressive_wide_capacity,robustness,0.6035,0.39649999999999996,32,0.039,True,rank,rank_average,13,0.004426374663468699,0.057542870625093084,0.5384615384615384,-0.020831088217543065,0.040244578592972716,0.018484564969877562,0.019476993135896424,0.05843097940768927,1.0,0.010497561958712945,0.033552759230613814,0.010078525107220893,0.007289292746494031,0.05102504922545822,0.5714285714285714,-0.011790629365867264,0.033552759230613814,0.01564955984764875,0.004426374663468699,0.057542870625093084,0.5384615384615384,-0.020831088217543065,0.040244578592972716,0.018484564969877562,0.015566081533836231,0.0008354177461939716,-0.0038127640151505147,0.0,0.006030455997049203,neighbor,0.5869218106995885,471.0,0.3542098765432099,894.0,0.4537242798353909,703.0,423.0,0.0,0.4622218106995885
short_aggressive_wide_capacity,robustness,0.5935,0.4065,35,0.035,True,rank,rank_average,13,0.004206563151181513,0.05468532096535966,0.5384615384615384,-0.018478373766236886,0.035512545548610996,0.01797075810759797,0.019769695828459274,0.05930908748537782,1.0,0.011799541595856559,0.032464044654581435,0.009073548831046987,0.0071425765860722145,0.0499980361025055,0.5714285714285714,-0.013338101803877993,0.032464044654581435,0.01679479047521139,0.004206563151181513,0.05468532096535966,0.5384615384615384,-0.018478373766236886,0.035512545548610996,0.01797075810759797,0.01616257534885445,0.0002411236302099953,-0.003161660808223172,0.0,0.006099286651902803,neighbor,0.6335390946502057,404.0,0.30033333333333334,950.0,0.4900329218106996,619.0,546.0,0.0,0.4620705761316873
balanced_extra_wide_capacity,robustness,0.715,0.28500000000000003,66,0.03,False,equal,rank_average,13,0.0053702868024608,0.06981372843199041,0.6153846153846154,-0.022691003815197248,0.02290146097405967,0.014014861441999135,0.011954311438892367,0.0358629343166771,1.0,0.010093319403913774,0.014623215277091053,0.0019355499247490182,0.009762616582514138,0.06833831607759897,0.8571428571428571,-0.011810254375971274,0.022817664395795724,0.009799293072731382,0.0053702868024608,0.06981372843199041,0.6153846153846154,-0.022691003815197248,0.02290146097405967,0.014014861441999135,0.011144752923460195,0.0025244503651053944,-0.0038115831662278213,0.0,0.005022166358747333,neighbor,0.33356378600823045,862.0,0.5542921810699588,532.0,0.5267860082304526,527.0,335.0,0.0,0.4618748971193415
short_aggressive_compact_capacity,robustness,0.95,0.050000000000000044,31,0.032,True,equal,rank_average,13,0.006581089905921788,0.08555416877698324,0.6153846153846154,-0.02450736355722585,0.046823913843853135,0.01764372376127279,0.012536470946397925,0.03760941283919377,1.0,0.004841239979529635,0.018694612307168568,0.005759106675803582,0.010419839882529782,0.07293887917770847,0.8571428571428571,-0.007251281099084489,0.02635872889074333,0.009942092703010639,0.006581089905921788,0.08555416877698324,0.6153846153846154,-0.02450736355722585,0.046823913843853135,0.01764372376127279,0.009743397632691598,0.004403528827486951,-0.003720824112124496,0.0,0.005320823408627094,rounded,0.24877366255144032,961.0,0.7243539094650205,256.0,0.5750699588477366,409.0,705.0,0.05,0.4617292181069958
short_aggressive_compact_capacity,robustness,0.95,0.050000000000000044,31,0.032258,True,equal,rank_average,13,0.006581089905921788,0.08555416877698324,0.6153846153846154,-0.02450736355722585,0.046823913843853135,0.01764372376127279,0.012536470946397925,0.03760941283919377,1.0,0.004841239979529635,0.018694612307168568,0.005759106675803582,0.010419839882529782,0.07293887917770847,0.8571428571428571,-0.007251281099084489,0.02635872889074333,0.009942092703010639,0.006581089905921788,0.08555416877698324,0.6153846153846154,-0.02450736355722585,0.046823913843853135,0.01764372376127279,0.009743397632691598,0.004403528827486951,-0.003720824112124496,0.0,0.005320823408627094,neighbor,0.24877366255144032,961.0,0.7243539094650205,256.0,0.5750699588477366,409.0,705.0,0.05,0.4617292181069958
short_aggressive_medium_capacity,robustness,0.95,0.050000000000000044,31,0.032,True,equal,rank_average,13,0.006581089905921788,0.08555416877698324,0.6153846153846154,-0.02450736355722585,0.046823913843853135,0.01764372376127279,0.012536470946397925,0.03760941283919377,1.0,0.004841239979529635,0.018694612307168568,0.005759106675803582,0.010419839882529782,0.07293887917770847,0.8571428571428571,-0.007251281099084489,0.02635872889074333,0.009942092703010639,0.006581089905921788,0.08555416877698324,0.6153846153846154,-0.02450736355722585,0.046823913843853135,0.01764372376127279,0.009743397632691598,0.004403528827486951,-0.003720824112124496,0.0,0.005320823408627094,rounded,0.24877366255144032,961.0,0.7243539094650205,256.0,0.5750699588477366,409.0,705.0,0.05,0.4617292181069958
short_aggressive_medium_capacity,robustness,0.95,0.050000000000000044,31,0.032258,True,equal,rank_average,13,0.006581089905921788,0.08555416877698324,0.6153846153846154,-0.02450736355722585,0.046823913843853135,0.01764372376127279,0.012536470946397925,0.03760941283919377,1.0,0.004841239979529635,0.018694612307168568,0.005759106675803582,0.010419839882529782,0.07293887917770847,0.8571428571428571,-0.007251281099084489,0.02635872889074333,0.009942092703010639,0.006581089905921788,0.08555416877698324,0.6153846153846154,-0.02450736355722585,0.046823913843853135,0.01764372376127279,0.009743397632691598,0.004403528827486951,-0.003720824112124496,0.0,0.005320823408627094,neighbor,0.24877366255144032,961.0,0.7243539094650205,256.0,0.5750699588477366,409.0,705.0,0.05,0.4617292181069958
short_aggressive_wide_capacity,robustness,0.5435,0.4565,31,0.035,True,rank,rank_average,13,0.003466912775459801,0.04506986608097741,0.5384615384615384,-0.018997916010998556,0.03570114881030001,0.017186572344876465,0.021613374292517376,0.06484012287755213,1.0,0.01629605892676312,0.03156875594883614,0.007044977538112411,0.0052542068612655,0.0367794480288585,0.5714285714285714,-0.01170070806004156,0.03156875594883614,0.015549848835947728,0.003466912775459801,0.04506986608097741,0.5384615384615384,-0.018997916010998556,0.03570114881030001,0.017186572344876465,0.018697322792566733,-0.0002949071774638087,-0.0037547104631558983,0.0,0.006783014317694595,neighbor,0.7947983539094651,179.0,0.29475308641975306,958.0,0.4042798353909465,819.0,779.0,0.05,0.461200205761317
recent_compact_capacity,robustness,0.105,0.895,30,0.030758,True,rank,rank_average,13,0.0021981062314812747,0.02857538100925657,0.6923076923076923,-0.0346887824654922,0.020336441098573004,0.014991708883661282,0.014374846861090895,0.04312454058327268,1.0,0.006218357095573869,0.020336441098573004,0.005968989236779025,0.010458277001391254,0.07320793900973878,1.0,0.001673216958502484,0.020336441098573004,0.006549393213075598,0.0021981062314812747,0.02857538100925657,0.6923076923076923,-0.0346887824654922,0.020336441098573004,0.014991708883661282,0.011245720552361189,0.007513379487098834,-0.00950206996936041,0.0,0.00645399849473489,neighbor,0.3188230452674897,889.0,0.7980946502057613,130.0,0.16196296296296298,1148.0,1018.0,0.05,0.46096625514403294
recent_compact_current,robustness,0.8,0.19999999999999996,36,0.03,True,equal,rank_average,13,0.005701506443378649,0.07411958376392244,0.9230769230769231,-0.017226301685507338,0.022133623970798717,0.008413344979360048,0.007990003248093897,0.023970009744281692,1.0,0.005910183942334042,0.011544882266154202,0.0025257747545725903,0.009345349261103766,0.06541744482772636,1.0,0.0045421002025120005,0.022133623970798717,0.005605077201784474,0.005701506443378649,0.07411958376392244,0.9230769230769231,-0.017226301685507338,0.022133623970798717,0.008413344979360048,0.007504662552383755,0.007825742145658107,-0.0015117439604146687,0.0,0.00629668739243745,neighbor,0.17506995884773663,1115.0,0.7406995884773662,221.0,0.7150617283950617,243.0,894.0,0.05,0.4606020576131687
short_aggressive_wide_capacity,robustness,0.6435,0.35650000000000004,31,0.033,True,rank,rank_average,13,0.004375054474328551,0.05687570816627116,0.5384615384615384,-0.019930069337648685,0.03417034379888696,0.017700685898016155,0.02006487509672454,0.06019462529017362,1.0,0.010984562415228417,0.03417034379888696,0.01011053112243964,0.006981300223221206,0.048869101562548437,0.5714285714285714,-0.012483066753703975,0.03417034379888696,0.017228994803238838,0.004375054474328551,0.05687570816627116,0.5384615384615384,-0.019930069337648685,0.03417034379888696,0.017700685898016155,0.016061884402158364,0.00043135766994234644,-0.0035446802925952546,0.0,0.006087162668448114,neighbor,0.6162551440329217,428.0,0.3192962962962963,933.0,0.46795884773662544,663.0,505.0,0.0,0.46037921810699584
balanced_medium_current,robustness,0.0,1.0,54,0.03,True,equal,rank_average,13,0.006783635476739135,0.08818726119760875,0.6923076923076923,-0.025924876351722737,0.037663285225879806,0.014940446606651395,0.014326096832634876,0.04297829049790463,1.0,0.007860188331291705,0.020190338037506306,0.00505170932102186,0.007797378524922842,0.054581649674459894,0.8571428571428571,-0.004961158786658575,0.020190338037506306,0.0076399167447089855,0.006783635476739135,0.08818726119760875,0.6923076923076923,-0.025924876351722737,0.037663285225879806,0.014940446606651395,0.011759737343928142,0.0036644662167515467,-0.003996229282019504,0.0,0.005753470342806527,neighbor,0.3397366255144033,853.0,0.5236625514403292,573.0,0.5907160493827159,374.0,479.0,0.0,0.4601502057613168
recent_compact_current,robustness,0.8,0.19999999999999996,37,0.03,True,equal,rank_average,13,0.005956886117437178,0.0774395195266833,0.8461538461538461,-0.01683410943013479,0.02222337511359564,0.00872917578373652,0.007904295493863775,0.023712886481591325,1.0,0.005619593582099774,0.011423645707407476,0.002525209244153553,0.009328376337946503,0.06529863436562552,1.0,0.0037419737230631363,0.02222337511359564,0.005716915069716989,0.005956886117437178,0.0774395195266833,0.8461538461538461,-0.01683410943013479,0.02222337511359564,0.00872917578373652,0.007359914313595277,0.007552025841240342,-0.0013136771788514428,0.0,0.0061453257771685475,rounded,0.16848971193415638,1131.0,0.7371934156378601,228.0,0.7397901234567901,224.0,907.0,0.05,0.4601014403292181
short_aggressive_wide_capacity,robustness,0.6185,0.38149999999999995,32,0.039,True,rank,rank_average,13,0.00440593570254421,0.05727716413307473,0.5384615384615384,-0.020831088217543065,0.040099434226331276,0.01839014984856054,0.019247207898527963,0.05774162369558389,1.0,0.01069032787353041,0.03267063760369097,0.009610618547578387,0.007174235679025419,0.050219649753177935,0.5714285714285714,-0.011790629365867264,0.03267063760369097,0.015432476363810944,0.00440593570254421,0.05727716413307473,0.5384615384615384,-0.020831088217543065,0.040099434226331276,0.01839014984856054,0.015498716700425973,0.000769835217736863,-0.003824414222877473,0.0,0.005972250394720357,neighbor,0.5829711934156377,477.0,0.3518641975308642,898.0,0.4523168724279835,709.0,421.0,0.0,0.45937489711934154
short_aggressive_wide_capacity,robustness,0.5685,0.4315,31,0.033,True,rank,rank_average,13,0.0038568507926783177,0.05013906030481813,0.5384615384615384,-0.015697120179565593,0.032365414841704146,0.016209613187498105,0.020630411146957166,0.0618912334408715,1.0,0.015039719076058243,0.031769294197688716,0.007876398851382586,0.006039819009518547,0.042278733066629826,0.5714285714285714,-0.012483066753703975,0.031769294197688716,0.015334214229529904,0.0038568507926783177,0.05013906030481813,0.5384615384615384,-0.015697120179565593,0.032365414841704146,0.016209613187498105,0.017722441648864808,-0.00010528662186816916,-0.002443183168968466,0.0,0.006675120204359977,neighbor,0.7416748971193415,256.0,0.28833333333333333,970.0,0.5515884773662552,472.0,714.0,0.05,0.45915823045267495
recent_compact_capacity,robustness,0.03,0.97,36,0.033758,True,rank,rank_average,13,0.0022896260921040396,0.029765139197352512,0.6923076923076923,-0.031649600187379424,0.02217004770484672,0.014879230901553601,0.013483734687469426,0.04045120406240828,1.0,0.007102249654473598,0.02217004770484672,0.006363636724908066,0.010341122266927322,0.07238785586849125,1.0,0.0019624015860034896,0.02217004770484672,0.006808833317005319,0.0022896260921040396,0.029765139197352512,0.6923076923076923,-0.031649600187379424,0.02217004770484672,0.014879230901553601,0.01102947115783386,0.007542032215529725,-0.008446973497028217,0.0,0.006538656935567688,neighbor,0.31220576131687244,893.0,0.7896748971193415,141.0,0.19220987654320987,1111.0,970.0,0.05,0.4590674897119342
recent_compact_capacity,robustness,0.105,0.895,36,0.036758,True,rank,rank_average,13,0.0016864896350845641,0.021924365256099334,0.6923076923076923,-0.036472379109921835,0.018187478018682195,0.01532173473284492,0.014705642264051655,0.04411692679215497,1.0,0.00871031978537494,0.018187478018682195,0.004257725815405306,0.009987081096950165,0.06990956767865115,1.0,0.002282249167950239,0.018187478018682195,0.005661614787061126,0.0016864896350845641,0.021924365256099334,0.6923076923076923,-0.036472379109921835,0.018187478018682195,0.01532173473284492,0.012256621619683175,0.0074457784506851725,-0.010382278321968313,0.0,0.00669590720238635,neighbor,0.36867489711934154,799.0,0.7651193415637858,170.0,0.11262962962962964,1203.0,1033.0,0.05,0.45866810699588473
stable_extra_wide_capacity,robustness,0.235,0.765,41,0.03,False,equal,rank_average,13,0.004308237630048449,0.056007089190629834,0.6923076923076923,-0.027251653948326363,0.026275856938091695,0.017631147208002212,0.014216674697563882,0.04265002409269165,1.0,0.007655897357192978,0.021750917106355336,0.005795292406306777,0.011228727902353089,0.07860109531647162,0.8571428571428571,-0.0182833620059115,0.026275856938091695,0.013914004267434603,0.004308237630048449,0.056007089190629834,0.6923076923076923,-0.027251653948326363,0.026275856938091695,0.017631147208002212,0.011629950705485097,0.0012240082995333217,-0.005845042661512391,0.0,0.004326027617757176,neighbor,0.3328230452674897,866.0,0.5833662551440328,486.0,0.4133456790123456,793.0,380.0,0.0,0.4576458847736625
short_aggressive_wide_capacity,robustness,0.5435,0.4565,30,0.033,True,rank,rank_average,13,0.0031316486064575442,0.040711431883948074,0.5384615384615384,-0.018871789892009556,0.03220852136239771,0.016477164014674413,0.0210240877082284,0.0630722631246852,1.0,0.015476803296740546,0.031504525424549144,0.0074150284467109605,0.005245926695214398,0.036721486866500785,0.5714285714285714,-0.011130669196768327,0.031504525424549144,0.015124095994487538,0.0031316486064575442,0.040711431883948074,0.5384615384615384,-0.018871789892009556,0.03220852136239771,0.016477164014674413,0.018091075081614567,-0.00011151404723276962,-0.003904189420220816,0.0,0.006600620298357958,neighbor,0.7589588477366255,231.0,0.32891358024691353,926.0,0.371119341563786,866.0,695.0,0.05,0.4572625514403292
short_aggressive_wide_capacity,robustness,0.6435,0.35650000000000004,32,0.042,True,rank,rank_average,13,0.00456239104655473,0.0593110836052115,0.5384615384615384,-0.022827047561968655,0.04371659105962994,0.01875356717775867,0.01820045997418136,0.05460137992254408,1.0,0.010986135971296142,0.031174146760706914,0.009192991521208876,0.007317880043006576,0.051225160301046034,0.5714285714285714,-0.01140475932917969,0.031174146760706914,0.01450158303028844,0.00456239104655473,0.0593110836052115,0.5384615384615384,-0.022827047561968655,0.04371659105962994,0.01875356717775867,0.0149996870558111,0.0009790496173130222,-0.004393901260451922,0.0,0.005781361961047511,neighbor,0.5541316872427984,514.0,0.3801851851851852,846.0,0.4291440329218107,760.0,332.0,0.0,0.45710761316872434
balanced_extra_wide_capacity,robustness,0.735,0.265,65,0.03,False,equal,rank_average,13,0.005064996918522488,0.06584495994079234,0.6153846153846154,-0.022712380308749194,0.02194139733550026,0.013536463831231207,0.01184170412427186,0.03552511237281558,1.0,0.0095793473266692,0.015372900496111543,0.002529661371363282,0.009291476688934461,0.06504033682254123,0.8571428571428571,-0.011226933676460063,0.019802202557351878,0.009108647534937713,0.005064996918522488,0.06584495994079234,0.6153846153846154,-0.022712380308749194,0.02194139733550026,0.013536463831231207,0.010910955968635797,0.0024483964566036787,-0.003992652642944801,0.0,0.004867262896484254,neighbor,0.32279835390946504,881.0,0.5615514403292181,519.0,0.5007736625514403,585.0,362.0,0.0,0.45693353909465023
recent_compact_capacity,robustness,0.03,0.97,33,0.033758,True,rank,rank_average,13,0.0022043944627866056,0.028657128016225872,0.6923076923076923,-0.03285403829766765,0.021753094149963362,0.014785117733816418,0.01344008981114173,0.04032026943342519,1.0,0.007037491574778641,0.021753094149963362,0.0061576228310893325,0.010157107198048085,0.07109975038633659,1.0,0.002407203936663887,0.021753094149963362,0.006669671376589758,0.0022043944627866056,0.028657128016225872,0.6923076923076923,-0.03285403829766765,0.021753094149963362,0.014785117733816418,0.010983223412027739,0.007583928401986491,-0.00889302010213427,0.0,0.006472104130384876,neighbor,0.30998353909465015,897.0,0.7874279835390947,146.0,0.1781111111111111,1129.0,983.0,0.05,0.45505267489711937
recent_compact_capacity,robustness,0.03,0.97,36,0.030758,True,rank,rank_average,13,0.002448487868535169,0.0318303422909572,0.6923076923076923,-0.027944529820590962,0.01944569694453232,0.013097131061675116,0.013825316640046789,0.041475949920140365,1.0,0.010405922208077106,0.01944569694453232,0.004005216259639774,0.00980221314610107,0.06861549202270749,1.0,0.001145616650587148,0.01944569694453232,0.0055364114319331435,0.002448487868535169,0.0318303422909572,0.6923076923076923,-0.027944529820590962,0.01944569694453232,0.013097131061675116,0.012314384813492115,0.006965314987971368,-0.007133749063422279,0.0,0.00699008331047062,neighbor,0.38173662551440324,777.0,0.7109835390946502,286.0,0.21591358024691357,1083.0,797.0,0.05,0.455024279835391
short_aggressive_wide_capacity,robustness,0.5835,0.4165,31,0.033,True,rank,rank_average,13,0.004058996887794699,0.052766959541331086,0.5384615384615384,-0.017086656996968812,0.03196131710663197,0.016487061301469142,0.020402455602643223,0.06120736680792967,1.0,0.014460475479970869,0.031707172251900555,0.007997138849859534,0.006697727260910135,0.04688409082637095,0.5714285714285714,-0.012483066753703975,0.031707172251900555,0.015621892383293822,0.004058996887794699,0.052766959541331086,0.5384615384615384,-0.017086656996968812,0.03196131710663197,0.016487061301469142,0.017401356601897025,0.0002697210814250363,-0.0027865070444951915,0.0,0.006663941070725798,neighbor,0.7206008230452675,290.0,0.3061604938271605,945.0,0.5227489711934157,537.0,655.0,0.05,0.4544248971193416
short_aggressive_wide_capacity,robustness,0.5435,0.4565,32,0.035,True,rank,rank_average,13,0.0033032864537152645,0.04294272389829844,0.5384615384615384,-0.018776592546338185,0.03531447689876256,0.017129818739040507,0.02145747554918959,0.06437242664756877,1.0,0.015529881123660983,0.031840112643918575,0.007366205126540082,0.005037712803004595,0.035263989621032166,0.5714285714285714,-0.011528623662364623,0.031840112643918575,0.015617774271215103,0.0033032864537152645,0.04294272389829844,0.5384615384615384,-0.018776592546338185,0.03531447689876256,0.017129818739040507,0.018355621833846193,-0.0003615209394391358,-0.003774940723212363,0.0,0.006613323202309012,neighbor,0.7777366255144033,202.0,0.29887654320987656,953.0,0.3917860082304527,832.0,751.0,0.05,0.4543569958847737
recent_compact_capacity,robustness,0.03,0.97,36,0.036758,True,rank,rank_average,13,0.0016973488077498048,0.022065534500747462,0.6923076923076923,-0.036472379109921835,0.023420519515595015,0.01698356671026346,0.01302772553266591,0.03908317659799773,1.0,0.003405284341236152,0.02183903854664135,0.00754737350414119,0.010864638829582543,0.0760524718070778,1.0,0.002282249167950239,0.023420519515595015,0.008209720411264214,0.0016973488077498048,0.022065534500747462,0.6923076923076923,-0.036472379109921835,0.023420519515595015,0.01698356671026346,0.0095495473862275,0.007945986358285629,-0.010376088593549125,0.0,0.005839099526687165,neighbor,0.24978600823045266,959.0,0.8603539094650205,83.0,0.11450617283950618,1200.0,1117.0,0.05,0.45424958847736624
recent_compact_capacity,robustness,0.105,0.895,33,0.03,True,rank,rank_average,13,0.0023371168551609175,0.030382519117091927,0.6923076923076923,-0.030029181570691763,0.015827821736585028,0.012853426113591717,0.01396425148556267,0.04189275445668801,1.0,0.01174140837968423,0.015827821736585028,0.0016875033370913452,0.009227830233528645,0.06459481163470052,1.0,0.0012510014398347603,0.015827821736585028,0.004736919336075084,0.0023371168551609175,0.030382519117091927,0.6923076923076923,-0.030029181570691763,0.015827821736585028,0.012853426113591717,0.012834288112066519,0.006672693708256798,-0.007885165618578868,0.0,0.006953652570755337,neighbor,0.4248971193415638,701.0,0.6746872427983539,345.0,0.20082716049382715,1106.0,761.0,0.05,0.45369218106995884
balanced_extra_wide_capacity,robustness,0.7,0.30000000000000004,69,0.03,False,equal,rank_average,13,0.004995855228002546,0.0649461179640331,0.6153846153846154,-0.02235528829613305,0.026072856961748644,0.014174090642430444,0.01147096136599488,0.03441288409798464,1.0,0.009383028565551427,0.01510415633170447,0.0025785916180108954,0.00896499864263971,0.06275499049847798,0.8571428571428571,-0.009864215219760358,0.01610135774641063,0.008119511807684453,0.004995855228002546,0.0649461179640331,0.6153846153846154,-0.02235528829613305,0.026072856961748644,0.014174090642430444,0.010634847405249052,0.0027120010609265736,-0.0039142230423778405,0.0,0.004887205983159903,neighbor,0.30969958847736623,898.0,0.566119341563786,512.0,0.5003045267489712,587.0,386.0,0.0,0.45367921810699585
recent_compact_capacity,robustness,0.105,0.895,30,0.031758,True,rank,rank_average,13,0.002211208748579934,0.02874571373153914,0.6923076923076923,-0.03401141728242356,0.01982770688079845,0.014774409006531028,0.014569849517530523,0.04370954855259157,1.0,0.007142489271754121,0.01982770688079845,0.005401156883181695,0.010234807044632286,0.071643649312426,1.0,0.001511212395368864,0.01982770688079845,0.006414191832359656,0.002211208748579934,0.02874571373153914,0.6923076923076923,-0.03401141728242356,0.01982770688079845,0.014774409006531028,0.011661835684671256,0.007332540105912127,-0.009271071024201522,0.0,0.006573716667898731,neighbor,0.3362057613168724,860.0,0.7624156378600822,173.0,0.17035802469135802,1132.0,959.0,0.05,0.45312304526748964
short_aggressive_wide_capacity,robustness,0.6435,0.35650000000000004,30,0.03,True,rank,rank_average,13,0.004220467675543287,0.05486607978206273,0.5384615384615384,-0.020039299815825997,0.03571851865734685,0.01770949112337676,0.018807890905153554,0.056423672715460664,1.0,0.008252826429369996,0.0343344522381729,0.011213076799247457,0.006884236875918311,0.04818965813142818,0.5714285714285714,-0.010529039758695664,0.0343344522381729,0.016365271832965742,0.004220467675543287,0.05486607978206273,0.5384615384615384,-0.020039299815825997,0.03571851865734685,0.01770949112337676,0.014443930537629626,0.0010208604703324396,-0.0036688408257013676,0.0,0.005686633302846243,neighbor,0.5188971193415637,554.0,0.3944691358024691,802.0,0.45311934156378597,707.0,248.0,0.0,0.4530378600823045
recent_compact_capacity,robustness,0.03,0.97,32,0.036758,True,rank,rank_average,13,0.0020072588573769893,0.02609436514590086,0.6923076923076923,-0.037190164748950066,0.02398991119471927,0.0171811265878049,0.01292276500176174,0.03876829500528522,1.0,0.002440519816468964,0.02398991119471927,0.008807218595554733,0.010833294884740972,0.0758330641931868,1.0,0.002440519816468964,0.02398991119471927,0.00861658352998151,0.0020072588573769893,0.02609436514590086,0.6923076923076923,-0.037190164748950066,0.02398991119471927,0.0171811265878049,0.009171347590438951,0.007980349623737112,-0.010436309126140948,0.0,0.005694249997936138,neighbor,0.23951440329218104,988.0,0.861440329218107,80.0,0.13050617283950616,1188.0,1108.0,0.05,0.4530298353909465
balanced_extra_wide_capacity,robustness,0.675,0.32499999999999996,69,0.03,False,equal,rank_average,13,0.0047249252557673765,0.0614240283249759,0.6153846153846154,-0.022355288296133046,0.022193712785339846,0.01372674749752252,0.011328095989245321,0.03398428796773596,1.0,0.008455754207080664,0.015602834559926552,0.003081690765022791,0.009082812547564947,0.06357968783295463,0.8571428571428571,-0.008839120548936485,0.016329556540312096,0.007870385630839742,0.0047249252557673765,0.0614240283249759,0.6153846153846154,-0.022355288296133046,0.022193712785339846,0.01372674749752252,0.010247413602206452,0.0031174362281058358,-0.004068653126551885,0.0,0.004891513774547424,neighbor,0.28860082304526746,923.0,0.5907983539094651,476.0,0.47571193415637864,645.0,447.0,0.0,0.4526563786008231
short_aggressive_wide_capacity,robustness,0.5685,0.4315,31,0.039,True,rank,rank_average,13,0.0034034639045417,0.0442450307590421,0.5384615384615384,-0.02012681114510298,0.04020442233994412,0.017932180126507276,0.020219455724341195,0.060658367173023586,1.0,0.012239852482272589,0.03307872562178923,0.009180523530167307,0.005243751681253715,0.036706261768776005,0.5714285714285714,-0.011670213545117287,0.03307872562178923,0.014937387503737277,0.0034034639045417,0.0442450307590421,0.5384615384615384,-0.02012681114510298,0.04020442233994412,0.017932180126507276,0.016564241082024436,-0.0002908034401455158,-0.004163411713833676,0.0,0.005870323127669241,neighbor,0.6574650205761317,364.0,0.2981604938271605,955.0,0.36608230452674895,877.0,591.0,0.0,0.45207057613168716
short_aggressive_wide_capacity,robustness,0.5685,0.4315,32,0.033,True,rank,rank_average,13,0.0037712190960591464,0.049025848248768905,0.5384615384615384,-0.01601195515848506,0.032788374822076194,0.01633783843279484,0.020748009779049954,0.06224402933714986,1.0,0.015013977026147839,0.03115156261255376,0.007369248287172888,0.005913873827795541,0.04139711679456879,0.5714285714285714,-0.012550476120016023,0.03115156261255376,0.015472914501771748,0.0037712190960591464,0.049025848248768905,0.5384615384615384,-0.01601195515848506,0.032788374822076194,0.01633783843279484,0.017780977992687262,-0.0001993204663332576,-0.002595888779084818,0.0,0.006633313670362216,neighbor,0.744477366255144,249.0,0.2754938271604938,1001.0,0.5344526748971193,512.0,752.0,0.05,0.45193106995884774
recent_compact_current,robustness,0.835,0.16500000000000004,35,0.03,True,equal,rank_average,13,0.004796511249856518,0.062354646248134735,0.7692307692307693,-0.018837826244969224,0.022886137183963876,0.009291645759578634,0.007471265500099293,0.02241379650029788,1.0,0.0028767245424223993,0.011867933840856812,0.0036733115251734593,0.010196811328452984,0.07137767929917088,1.0,0.0028767245424223993,0.022886137183963876,0.005986306638371749,0.004796511249856518,0.062354646248134735,0.7692307692307693,-0.018837826244969224,0.022886137183963876,0.009291645759578634,0.0062079404340559885,0.007761501556217592,-0.0027132404791908597,0.0,0.005568865802041683,neighbor,0.13089711934156378,1169.0,0.8006131687242799,126.0,0.5819958847736626,389.0,1043.0,0.05,0.44993415637860085
short_aggressive_wide_capacity,robustness,0.5835,0.4165,35,0.033,True,rank,rank_average,13,0.004152748622103636,0.05398573208734728,0.5384615384615384,-0.016889364498226478,0.03276493109921054,0.017057248780581652,0.020735954273388004,0.06220786282016401,1.0,0.014644014982347405,0.032259067400212574,0.00815253559112798,0.006677936691613214,0.0467455568412925,0.5714285714285714,-0.013394065136952554,0.032259067400212574,0.016709968136568967,0.004152748622103636,0.05398573208734728,0.5384615384615384,-0.016889364498226478,0.03276493109921054,0.017057248780581652,0.017652018880005806,-4.218900954623922e-05,-0.002667962031354127,0.0,0.006641628193003396,neighbor,0.7372921810699589,262.0,0.27658024691358024,998.0,0.5361316872427984,507.0,736.0,0.05,0.44979773662551437
stable_compact_current,robustness,0.4965,0.5035000000000001,31,0.03,True,rank,rank_average,13,0.006844559978216013,0.08897927971680816,0.5384615384615384,-0.02626562368518247,0.03823685110945775,0.019149953033721162,0.022505198975556705,0.06751559692667011,1.0,0.013916112398772131,0.03077743103547919,0.0068872497718989465,0.007226453097474513,0.050585171682321586,0.5714285714285714,-0.02626562368518247,0.03077743103547919,0.019884080879656322,0.006844559978216013,0.08897927971680816,0.5384615384615384,-0.02626562368518247,0.03823685110945775,0.019149953033721162,0.018420280507662125,-0.003977148979121172,-0.00422779509006555,0.0,0.0049442258989504904,neighbor,0.8008477366255143,173.0,0.21516049382716046,1051.0,0.5490452674897119,476.0,878.0,0.05,0.44951810699588474
recent_compact_capacity,robustness,0.03,0.97,36,0.031758,True,rank,rank_average,13,0.002341097949493862,0.030434273343420207,0.6923076923076923,-0.02863133028342498,0.020144214273159072,0.01337422669581878,0.013527549709616596,0.04058264912884979,1.0,0.009827105725594233,0.020144214273159072,0.004689629626233562,0.009792731242084265,0.06854911869458985,1.0,0.001563109789359567,0.020144214273159072,0.005779625417019315,0.002341097949493862,0.030434273343420207,0.6923076923076923,-0.02863133028342498,0.020144214273159072,0.01337422669581878,0.011953648223927558,0.007097683038476688,-0.007421605470011051,0.0,0.006862175836383875,neighbor,0.3628477366255144,811.0,0.7193539094650205,270.0,0.20401234567901233,1100.0,830.0,0.05,0.44945020576131683
recent_compact_current,robustness,0.8,0.19999999999999996,38,0.03,True,equal,rank_average,13,0.00590529380721962,0.07676881949385506,0.8461538461538461,-0.010598861284003565,0.025307626398346286,0.008099795149921414,0.00668293952140023,0.02004881856420069,1.0,0.004921899632636111,0.009094028299168992,0.0017641970923715767,0.009057030008843418,0.06339921006190392,1.0,0.0031983928127259607,0.025307626398346286,0.0069386704911532345,0.00590529380721962,0.07676881949385506,0.8461538461538461,-0.010598861284003565,0.025307626398346286,0.008099795149921414,0.006433502405968047,0.007217976733240315,0.0007145470925478528,0.0,0.005928672556227539,neighbor,0.14052674897119344,1152.0,0.7141069958847737,281.0,0.8125061728395062,134.0,1018.0,0.05,0.44943477366255147
short_aggressive_compact_capacity,robustness,0.95,0.050000000000000044,32,0.03125,True,equal,rank_average,13,0.00600951902051503,0.0781237472666954,0.6923076923076923,-0.024081084480881164,0.04381388624647173,0.016460841314795287,0.011008591512324957,0.03302577453697487,1.0,0.005707719106045228,0.017173758200542504,0.0047207179244600625,0.00913273147043972,0.06392912029307804,0.8571428571428571,-0.007393763706912401,0.023378310337902535,0.0090331219986755,0.00600951902051503,0.0781237472666954,0.6923076923076923,-0.024081084480881164,0.04381388624647173,0.016460841314795287,0.00915844446702015,0.0036228577720124047,-0.0038290243446895246,0.0,0.004719310132510214,neighbor,0.22847736625514403,1004.0,0.6066748971193415,459.0,0.5606666666666666,452.0,552.0,0.0,0.44849465020576135
short_aggressive_medium_capacity,robustness,0.95,0.050000000000000044,32,0.03125,True,equal,rank_average,13,0.00600951902051503,0.0781237472666954,0.6923076923076923,-0.024081084480881164,0.04381388624647173,0.016460841314795287,0.011008591512324957,0.03302577453697487,1.0,0.005707719106045228,0.017173758200542504,0.0047207179244600625,0.00913273147043972,0.06392912029307804,0.8571428571428571,-0.007393763706912401,0.023378310337902535,0.0090331219986755,0.00600951902051503,0.0781237472666954,0.6923076923076923,-0.024081084480881164,0.04381388624647173,0.016460841314795287,0.00915844446702015,0.0036228577720124047,-0.0038290243446895246,0.0,0.004719310132510214,neighbor,0.22847736625514403,1004.0,0.6066748971193415,459.0,0.5606666666666666,452.0,552.0,0.0,0.44849465020576135
stable_compact_current,robustness,0.4965,0.5035000000000001,31,0.031758,True,rank,rank_average,13,0.0072780579843586025,0.09461475379666183,0.5384615384615384,-0.02681770792953209,0.03827953262484307,0.019463111746232158,0.022869333353944494,0.06860800006183349,1.0,0.012214427989985493,0.033417763332294945,0.008656552822974152,0.007606917188846642,0.05324842032192649,0.5714285714285714,-0.02681770792953209,0.033417763332294945,0.02037473709536087,0.0072780579843586025,0.09461475379666183,0.5384615384615384,-0.02681770792953209,0.03827953262484307,0.019463111746232158,0.018066281248443575,-0.003942472247674433,-0.004162889027199648,0.0,0.004827966633843988,neighbor,0.7744032921810698,209.0,0.22920987654320987,1035.0,0.5693168724279835,430.0,826.0,0.05,0.44830329218106996
recent_compact_current,robustness,0.835,0.16500000000000004,36,0.03,True,equal,rank_average,13,0.004981854710904667,0.06476411124176067,0.7692307692307693,-0.017226301685507338,0.0216406640091739,0.00880928440316933,0.007621491277907244,0.022864473833721734,1.0,0.0029187538376025876,0.011544882266154195,0.003564459621103668,0.009899143455383902,0.06929400418768732,1.0,0.0029187538376025876,0.0216406640091739,0.005613989846006232,0.004981854710904667,0.06476411124176067,0.7692307692307693,-0.017226301685507338,0.0216406640091739,0.00880928440316933,0.006307438794815983,0.007605700535977678,-0.0020757916017709924,0.0,0.0056341720188507,neighbor,0.13261316872427983,1168.0,0.7716008230452673,162.0,0.6535390946502058,298.0,1006.0,0.05,0.4482965020576131
balanced_extra_wide_capacity,robustness,0.775,0.22499999999999998,62,0.03,False,equal,rank_average,13,0.004192693864947654,0.05450502024431951,0.5384615384615384,-0.01890725505022948,0.023934261078990965,0.014202350314885082,0.013307393697302113,0.03992218109190634,1.0,0.011920149866986734,0.015996144428459945,0.001901556042823034,0.008037087724480852,0.05625961407136597,0.7142857142857143,-0.010874101855804112,0.021836138685631203,0.011042997817433663,0.004192693864947654,0.05450502024431951,0.5384615384615384,-0.01890725505022948,0.023934261078990965,0.014202350314885082,0.012518863863567826,0.001706972104824442,-0.0033110971250940283,0.0,0.005279018423834025,neighbor,0.41790946502057613,719.0,0.4650082304526749,665.0,0.47811934156378594,640.0,79.0,0.0,0.44813539094650207
short_aggressive_wide_capacity,robustness,0.6435,0.35650000000000004,35,0.035,True,rank,rank_average,13,0.004217881199646316,0.054832455595402105,0.5384615384615384,-0.020057429654707026,0.03600318210802768,0.018050721580710992,0.019482598655262542,0.05844779596578763,1.0,0.011935481346101184,0.03146681338474662,0.00856870694014098,0.006767159516805439,0.04737011661763807,0.5714285714285714,-0.013338101803877993,0.03146681338474662,0.016844111369359687,0.004217881199646316,0.054832455595402105,0.5384615384615384,-0.020057429654707026,0.03600318210802768,0.018050721580710992,0.01604379007771304,2.713590072793274e-05,-0.0036762979637933817,0.0,0.005878282491843779,neighbor,0.6305020576131687,409.0,0.2829753086419753,980.0,0.4523786008230452,708.0,571.0,0.0,0.44739650205761317
short_aggressive_wide_capacity,robustness,0.6,0.4,35,0.033,True,rank,rank_average,13,0.00403101209928942,0.05240315729076246,0.5384615384615384,-0.01770384256725182,0.032665229042757996,0.017363824010881723,0.019557424593438486,0.058672273780315455,1.0,0.01145408763633523,0.0319134057063762,0.008877299165470354,0.006759830603940403,0.04731881422758282,0.5714285714285714,-0.013394065136952554,0.0319134057063762,0.016968816003260077,0.00403101209928942,0.05240315729076246,0.5384615384615384,-0.01770384256725182,0.032665229042757996,0.017363824010881723,0.01592758093825056,4.490520480258725e-06,-0.003006129612136593,0.0,0.005922133667695851,neighbor,0.6179835390946502,423.0,0.2803333333333333,985.0,0.4906625514403292,617.0,562.0,0.0,0.4469427983539095
short_aggressive_wide_capacity,robustness,0.6435,0.35650000000000004,35,0.036,True,rank,rank_average,13,0.0042744140932200895,0.055567383211861165,0.5384615384615384,-0.020387123416140192,0.03710405416034057,0.018183059703928618,0.019324446358305766,0.05797333907491729,1.0,0.011625731771943332,0.031786422375170584,0.008893063064030962,0.006866569188585803,0.04806598432010062,0.5714285714285714,-0.013216153302450769,0.031786422375170584,0.016638239854241954,0.0042744140932200895,0.055567383211861165,0.5384615384615384,-0.020387123416140192,0.03710405416034057,0.018183059703928618,0.015851425908975585,0.00012404241911372483,-0.003752873155729275,0.0,0.00583345847883202,neighbor,0.6176131687242797,426.0,0.29080246913580243,966.0,0.4510205761316872,714.0,540.0,0.0,0.4455594650205761
short_aggressive_wide_capacity,robustness,0.6035,0.39649999999999996,35,0.033,True,rank,rank_average,13,0.004075128673953475,0.052976672761395185,0.5384615384615384,-0.01770384256725182,0.032665229042757996,0.01742025766619238,0.019541331208215232,0.058623993624645696,1.0,0.011091988491479365,0.03222722469556231,0.009133667542835478,0.0068152766493942765,0.047706936545759936,0.5714285714285714,-0.013394065136952554,0.03222722469556231,0.017082831931652658,0.004075128673953475,0.052976672761395185,0.5384615384615384,-0.01770384256725182,0.032665229042757996,0.01742025766619238,0.015798914990870872,3.6094766388966365e-05,-0.002980983164578081,0.0,0.005888661166536672,neighbor,0.608551440329218,445.0,0.28361728395061725,978.0,0.4944156378600823,605.0,533.0,0.0,0.44521069958847737
stable_compact_current,robustness,0.4965,0.5035000000000001,31,0.032,True,rank,rank_average,13,0.007319601136448291,0.09515481477382778,0.5384615384615384,-0.02675851739437543,0.03835597424756902,0.01948208538903659,0.022801264827573133,0.0684037944827194,1.0,0.012052891508525922,0.03348081988869396,0.008748050473519637,0.00760593875246333,0.05324157126724331,0.5714285714285714,-0.02675851739437543,0.03348081988869396,0.02036354452054465,0.007319601136448291,0.09515481477382778,0.5384615384615384,-0.02675851739437543,0.03835597424756902,0.01948208538903659,0.01797417514953024,-0.003923497079811224,-0.0041196765539068285,0.0,0.004806144890811021,neighbor,0.7653662551440329,221.0,0.22901234567901232,1036.0,0.5717366255144033,420.0,815.0,0.05,0.44496255144032926
stable_compact_current,robustness,0.4965,0.5035000000000001,33,0.031758,True,rank,rank_average,13,0.006814901092798471,0.08859371420638013,0.5384615384615384,-0.025753474030942372,0.03625443150899428,0.0195471194359528,0.02259439145164906,0.06778317435494718,1.0,0.012088374783669968,0.03264764352122218,0.008399390041024813,0.007796916904612715,0.054578418332289005,0.5714285714285714,-0.025753474030942372,0.03264764352122218,0.02066776648767134,0.006814901092798471,0.08859371420638013,0.5384615384615384,-0.025753474030942372,0.03625443150899428,0.0195471194359528,0.01786796680605105,-0.0034829752231531645,-0.004075691268854317,0.0,0.0049684941816733495,neighbor,0.7570699588477365,235.0,0.24232098765432097,1025.0,0.5491440329218106,475.0,790.0,0.05,0.44424403292181064
stable_extra_wide_capacity,robustness,0.235,0.765,51,0.03,False,equal,rank_average,13,0.002954297845493742,0.03840587199141865,0.6923076923076923,-0.023939317314273515,0.02456813698425204,0.01607003725270051,0.013097296822007512,0.039291890466022536,1.0,0.010142568787441759,0.018086625467913973,0.0035479298068394572,0.010627950847091132,0.07439565592963793,0.8571428571428571,-0.011431947905341341,0.02456813698425204,0.010683915728231524,0.002954297845493742,0.03840587199141865,0.6923076923076923,-0.023939317314273515,0.02456813698425204,0.01607003725270051,0.011812506888400062,0.003142532031222159,-0.005523717249471135,0.0,0.005310584581989327,neighbor,0.36173662551440333,813.0,0.6778847736625514,341.0,0.29600000000000004,974.0,633.0,0.05,0.44414279835390946
stable_compact_current,robustness,0.4965,0.5035000000000001,33,0.03,True,rank,rank_average,13,0.006404138844721487,0.08325380498137934,0.5384615384615384,-0.02571809921822826,0.033735753752732786,0.019541026323139137,0.022549990133689454,0.06764997040106836,1.0,0.011923552135213029,0.0331994652339092,0.008685870425653395,0.007956490727134016,0.055695435089938114,0.5714285714285714,-0.02571809921822826,0.0331994652339092,0.02127099162299215,0.006404138844721487,0.08325380498137934,0.5384615384615384,-0.02571809921822826,0.033735753752732786,0.019541026323139137,0.01778826658082329,-0.003380344456120366,-0.0042981520620625395,0.0,0.00494942881776577,neighbor,0.7531440329218108,240.0,0.24962962962962962,1017.0,0.5297119341563786,521.0,777.0,0.05,0.4430477366255145
balanced_extra_wide_capacity,robustness,0.775,0.22499999999999998,64,0.03,False,equal,rank_average,13,0.004369553241860921,0.056804192144191974,0.5384615384615384,-0.02119179763171511,0.02316321074719209,0.013868095163644508,0.01305209555306564,0.03915628665919692,1.0,0.011588047386193047,0.01562886532135495,0.0018276878686792708,0.008048407366666675,0.05633885156666673,0.7142857142857143,-0.010630855511593401,0.020753603178861303,0.010502187115519456,0.004369553241860921,0.056804192144191974,0.5384615384615384,-0.02119179763171511,0.02316321074719209,0.013868095163644508,0.01226375010269112,0.0017936955944598966,-0.003964186332143723,0.0,0.005118035108761843,neighbor,0.406156378600823,738.0,0.4755761316872428,644.0,0.4436625514403292,731.0,94.0,0.0,0.44302119341563784
short_aggressive_compact_capacity,robustness,0.9355,0.0645,32,0.03125,True,equal,rank_average,13,0.006072105617062933,0.07893737302181814,0.6923076923076923,-0.024081084480881164,0.0518920836561287,0.017833487489113016,0.011177233761512187,0.03353170128453656,1.0,0.005707719106045228,0.01682395505135805,0.004539913878876056,0.008772376041252828,0.06140663228876979,0.8571428571428571,-0.005053120984562509,0.01682395505135805,0.006532718518151713,0.006072105617062933,0.07893737302181814,0.6923076923076923,-0.024081084480881164,0.0518920836561287,0.017833487489113016,0.009254570549056873,0.004189867275751341,-0.003793349984657219,0.0,0.00501826599601227,neighbor,0.23832921810699587,990.0,0.5829958847736625,487.0,0.5662962962962963,436.0,554.0,0.0,0.4426242798353909
short_aggressive_medium_capacity,robustness,0.9355,0.0645,32,0.03125,True,equal,rank_average,13,0.006072105617062933,0.07893737302181814,0.6923076923076923,-0.024081084480881164,0.0518920836561287,0.017833487489113016,0.011177233761512187,0.03353170128453656,1.0,0.005707719106045228,0.01682395505135805,0.004539913878876056,0.008772376041252828,0.06140663228876979,0.8571428571428571,-0.005053120984562509,0.01682395505135805,0.006532718518151713,0.006072105617062933,0.07893737302181814,0.6923076923076923,-0.024081084480881164,0.0518920836561287,0.017833487489113016,0.009254570549056873,0.004189867275751341,-0.003793349984657219,0.0,0.00501826599601227,neighbor,0.23832921810699587,990.0,0.5829958847736625,487.0,0.5662962962962963,436.0,554.0,0.0,0.4426242798353909
balanced_medium_current,robustness,0.05,0.95,47,0.03,True,equal,rank_average,13,0.006986915334287343,0.09082989934573546,0.7692307692307693,-0.022279022657121967,0.02394513611074877,0.014423129857371902,0.015966351126596386,0.047899053379789155,1.0,0.008639457158313749,0.019657405680104614,0.005180945447485347,0.008545594282872849,0.05981915998010994,0.8571428571428571,-0.014764243698124343,0.019657405680104614,0.011220544324217568,0.006986915334287343,0.09082989934573546,0.7692307692307693,-0.022279022657121967,0.02394513611074877,0.014423129857371902,0.012951841004403476,0.0008559311779993475,-0.002600304967075695,0.0,0.005175859686799743,neighbor,0.4240082304526749,703.0,0.3834897119341564,826.0,0.665008230452675,285.0,541.0,0.0,0.4419248971193416
stable_compact_current,robustness,0.4965,0.5035000000000001,31,0.030758,True,rank,rank_average,13,0.007166494303122337,0.09316442594059038,0.5384615384615384,-0.02674875860763949,0.03811912568345732,0.01935682816279151,0.022614458486538657,0.06784337545961597,1.0,0.012375689033109354,0.032898914811279587,0.008378634119118919,0.007473734074549358,0.05231613852184551,0.5714285714285714,-0.02674875860763949,0.032898914811279587,0.02022080690514656,0.007166494303122337,0.09316442594059038,0.5384615384615384,-0.02674875860763949,0.03811912568345732,0.01935682816279151,0.01797421871825312,-0.003995633346599325,-0.00420372704927976,0.0,0.004761093423939588,neighbor,0.7651440329218108,222.0,0.2236543209876543,1043.0,0.5649711934156378,441.0,821.0,0.05,0.44144773662551445
short_aggressive_wide_capacity,robustness,0.5685,0.4315,35,0.033,True,rank,rank_average,13,0.003676746969383939,0.04779771060199121,0.5384615384615384,-0.01692764773605321,0.03267659747989775,0.016674532488039302,0.021115305709195096,0.06334591712758529,1.0,0.015304780437604026,0.03160440532004973,0.0074312958140162165,0.005772842734734668,0.04040989914314268,0.5714285714285714,-0.013394065136952554,0.03160440532004973,0.016111816666003333,0.003676746969383939,0.04779771060199121,0.5384615384615384,-0.01692764773605321,0.03267659747989775,0.016674532488039302,0.018086301798650534,-0.0005580925649670105,-0.0029519164418871755,0.0,0.006540591598941983,neighbor,0.7606131687242798,229.0,0.2517160493827161,1015.0,0.48867489711934153,620.0,786.0,0.05,0.44081872427983537
stable_compact_capacity,robustness,0.953,0.04700000000000004,38,0.03,True,equal,rank_average,13,0.004354820121800631,0.0566126615834082,0.5384615384615384,-0.018932138057302497,0.02423129672131586,0.012675119854361505,0.013887303135982763,0.04166190940794829,1.0,0.008722099766512295,0.01881999025518999,0.004125723850454141,0.007977763572790623,0.055844345009534356,0.7142857142857143,-0.007263319346613282,0.02423129672131586,0.011287633495959253,0.004354820121800631,0.0566126615834082,0.5384615384615384,-0.018932138057302497,0.02423129672131586,0.012675119854361505,0.011794055710459234,0.002864715566393986,-0.003226896551021927,0.0,0.005522709806407699,neighbor,0.34689711934156375,843.0,0.5070329218106996,604.0,0.4916995884773663,613.0,239.0,0.0,0.4406786008230453
balanced_extra_wide_capacity,robustness,0.7,0.30000000000000004,66,0.03,False,equal,rank_average,13,0.004859877169771981,0.06317840320703574,0.6153846153846154,-0.022467073833618522,0.02290146097405967,0.013861588171591534,0.011954311438892367,0.0358629343166771,1.0,0.010093319403913774,0.01462321527709106,0.0019355499247490217,0.009211190628696008,0.06447833440087206,0.8571428571428571,-0.011810254375971274,0.018957682719068808,0.009135249522338537,0.004859877169771981,0.06317840320703574,0.6153846153846154,-0.022467073833618522,0.02290146097405967,0.013861588171591534,0.011144752923460195,0.002210137571429061,-0.004028619762939468,0.0,0.004848170112086235,neighbor,0.33356378600823045,862.0,0.5191069958847736,584.0,0.4872181069958848,622.0,278.0,0.0,0.440106378600823
recent_compact_capacity,robustness,0.105,0.895,36,0.033758,True,rank,rank_average,13,0.0019253856586026225,0.025030013561834093,0.6923076923076923,-0.031649600187379424,0.016938279486800406,0.013847208126375929,0.014288895429314155,0.04286668628794246,1.0,0.009391398896487373,0.016938279486800406,0.003466925529192225,0.009379539864616291,0.06565677905231404,1.0,0.0019624015860034896,0.016938279486800406,0.005226262798288125,0.0019253856586026225,0.025030013561834093,0.6923076923076923,-0.031649600187379424,0.016938279486800406,0.013847208126375929,0.012243832030549899,0.006993930246212437,-0.008654590544124026,0.0,0.006746612841396954,neighbor,0.3695884773662551,798.0,0.7052304526748971,290.0,0.16406172839506172,1143.0,853.0,0.05,0.4397983539094651
short_aggressive_compact_capacity,robustness,0.9455,0.05449999999999999,32,0.03125,True,equal,rank_average,13,0.006233088472289623,0.0810301501397651,0.6923076923076923,-0.024081084480881164,0.04250340915879257,0.01627478077246686,0.011008591512324957,0.03302577453697487,1.0,0.005707719106045228,0.017173758200542504,0.0047207179244600625,0.010044066419897227,0.07030846493928058,0.8571428571428571,-0.005053120984562509,0.023378310337902535,0.008249691198973485,0.006233088472289623,0.0810301501397651,0.6923076923076923,-0.024081084480881164,0.04250340915879257,0.01627478077246686,0.00915844446702015,0.004914730791578649,-0.003701589757178007,0.0,0.005319768179441752,neighbor,0.22847736625514403,1004.0,0.6923045267489712,314.0,0.5780246913580247,398.0,690.0,0.05,0.4396316872427984
short_aggressive_medium_capacity,robustness,0.9455,0.05449999999999999,32,0.03125,True,equal,rank_average,13,0.006233088472289623,0.0810301501397651,0.6923076923076923,-0.024081084480881164,0.04250340915879257,0.01627478077246686,0.011008591512324957,0.03302577453697487,1.0,0.005707719106045228,0.017173758200542504,0.0047207179244600625,0.010044066419897227,0.07030846493928058,0.8571428571428571,-0.005053120984562509,0.023378310337902535,0.008249691198973485,0.006233088472289623,0.0810301501397651,0.6923076923076923,-0.024081084480881164,0.04250340915879257,0.01627478077246686,0.00915844446702015,0.004914730791578649,-0.003701589757178007,0.0,0.005319768179441752,neighbor,0.22847736625514403,1004.0,0.6923045267489712,314.0,0.5780246913580247,398.0,690.0,0.05,0.4396316872427984
short_aggressive_wide_capacity,robustness,0.6035,0.39649999999999996,30,0.042,True,rank,rank_average,13,0.004292909707112837,0.05580782619246689,0.5384615384615384,-0.02333094862221101,0.04355183129142007,0.018871278729625678,0.01873344541519679,0.05620033624559037,1.0,0.01004154059151614,0.03272637464473114,0.009990864788030717,0.00709882313042529,0.04969176191297703,0.5714285714285714,-0.011682750559779471,0.03272637464473114,0.01452498010490348,0.004292909707112837,0.05580782619246689,0.5384615384615384,-0.02333094862221101,0.04355183129142007,0.018871278729625678,0.014991772281862496,0.0007624500710437605,-0.0047137929738137775,0.0,0.005632742498642623,neighbor,0.5459835390946501,525.0,0.35556790123456794,891.0,0.4080946502057613,808.0,366.0,0.0,0.43961316872427986
short_aggressive_wide_capacity,robustness,0.5935,0.4065,30,0.042,True,rank,rank_average,13,0.004355143607721008,0.0566168669003731,0.5384615384615384,-0.02333094862221101,0.04351206815279646,0.018859299574904537,0.018511434265967738,0.05553430279790321,1.0,0.01004154059151614,0.03206034119704397,0.009680019861282132,0.007248650441412113,0.050740553089884795,0.5714285714285714,-0.011682750559779471,0.03206034119704397,0.014533139217893625,0.004355143607721008,0.0566168669003731,0.5384615384615384,-0.02333094862221101,0.04351206815279646,0.018859299574904537,0.014865225926801937,0.0008478516383062498,-0.0046783196504671205,0.0,0.005625875660388519,neighbor,0.5387119341563786,532.0,0.3602592592592593,886.0,0.41231687242798354,796.0,354.0,0.0,0.4394489711934157
recent_compact_capacity,robustness,0.105,0.895,36,0.031758,True,rank,rank_average,13,0.0021886891406848377,0.02845295882890289,0.6923076923076923,-0.02863133028342498,0.017574597784427944,0.012995123942382232,0.014496719787963566,0.043490159363890696,1.0,0.009988065213737296,0.017574597784427944,0.003258241890257334,0.009214606442404674,0.06450224509683272,1.0,0.001563109789359567,0.017574597784427944,0.005437522942973156,0.0021886891406848377,0.02845295882890289,0.6923076923076923,-0.02863133028342498,0.017574597784427944,0.012995123942382232,0.01255919179967254,0.006768151902659321,-0.007508478491032194,0.0,0.006943073302410882,neighbor,0.38437860082304526,774.0,0.6813539094650205,333.0,0.189,1118.0,785.0,0.05,0.43871069958847736
stable_compact_current,robustness,0.4965,0.5035000000000001,33,0.032,True,rank,rank_average,13,0.00674054765716592,0.08762711954315697,0.5384615384615384,-0.025651992794062137,0.03670692074534128,0.01958031602379246,0.02252336000289479,0.06757008000868438,1.0,0.011887397628360923,0.0323512564418808,0.008373852450816307,0.007659572222524417,0.05361700555767092,0.5714285714285714,-0.025651992794062137,0.0323512564418808,0.020682452497617024,0.00674054765716592,0.08762711954315697,0.5384615384615384,-0.025651992794062137,0.03670692074534128,0.01958031602379246,0.017761156419009133,-0.003527772883773016,-0.004084583918994392,0.0,0.004904277182056637,neighbor,0.7501810699588477,243.0,0.2367654320987654,1029.0,0.5464032921810699,486.0,786.0,0.05,0.43857736625514404
stable_compact_current,robustness,0.4965,0.5035000000000001,32,0.032,True,rank,rank_average,13,0.00694400381143424,0.09027204954864512,0.5384615384615384,-0.02623218048403366,0.03684771461159672,0.01957210082505317,0.022450513649999948,0.06735154094999984,1.0,0.011845578874177615,0.03237417668174786,0.008394598675267333,0.007668778019467306,0.05368144613627114,0.5714285714285714,-0.02623218048403366,0.03237417668174786,0.020602062507156373,0.00694400381143424,0.09027204954864512,0.5384615384615384,-0.02623218048403366,0.03684771461159672,0.01957210082505317,0.017705833808978583,-0.003713987517206172,-0.004160075848752052,0.0,0.004787027763535848,neighbor,0.7458106995884773,247.0,0.23634567901234566,1030.0,0.5538106995884774,469.0,783.0,0.05,0.4377514403292181
recent_compact_capacity,robustness,0.045,0.955,30,0.036758,True,rank,rank_average,13,0.001961318917223871,0.025497145923910326,0.6923076923076923,-0.03457197288230091,0.02343391411910803,0.016240850919749396,0.012713665639406109,0.038140996918218324,1.0,0.0034333713659928378,0.02343391411910803,0.00822842750031675,0.010300881048227475,0.07210616733759233,1.0,0.003007772484003829,0.02343391411910803,0.00836953749138136,0.001961318917223871,0.025497145923910326,0.6923076923076923,-0.03457197288230091,0.02343391411910803,0.016240850919749396,0.009379801965239118,0.007864067117210924,-0.009598491576034004,0.0,0.005850977252435463,neighbor,0.24376131687242797,975.0,0.817230452674897,114.0,0.1481851851851852,1170.0,1056.0,0.05,0.4374860082304527
short_aggressive_wide_capacity,robustness,0.6,0.4,35,0.035,True,rank,rank_average,13,0.004080710858663744,0.053049241162628664,0.5384615384615384,-0.01889507275216922,0.03554452289785377,0.017803403301571596,0.01947052283036815,0.058411568491104446,1.0,0.01090202260158318,0.032464044654581435,0.009342227102195743,0.00679638976456645,0.04757472835196515,0.5714285714285714,-0.013338101803877993,0.032464044654581435,0.016557382117763447,0.004080710858663744,0.053049241162628664,0.5384615384615384,-0.01889507275216922,0.03554452289785377,0.017803403301571596,0.015695865471832295,4.379714195170922e-05,-0.0033709072803159708,0.0,0.005792418810563792,neighbor,0.5978600823045267,458.0,0.2848518518518518,977.0,0.46614403292181067,667.0,519.0,0.0,0.4372489711934156
recent_compact_capacity,robustness,0.105,0.895,31,0.03,True,rank,rank_average,13,0.0016796091789676045,0.02183491932657886,0.6923076923076923,-0.038397378765180006,0.018073068810798894,0.015432274977610634,0.013897520640371442,0.04169256192111433,1.0,0.00831345123124879,0.018073068810798894,0.0041069439477270245,0.009806978153563337,0.06864884707494336,1.0,0.002172125944808505,0.018073068810798894,0.005150783802109967,0.0016796091789676045,0.02183491932657886,0.6923076923076923,-0.038397378765180006,0.018073068810798894,0.015432274977610634,0.011665025671323822,0.007306779109317908,-0.011021450068190176,0.0,0.006300843357494061,neighbor,0.3407736625514403,849.0,0.7457242798353909,210.0,0.10129629629629629,1211.0,1001.0,0.05,0.4370798353909465
short_aggressive_wide_capacity,robustness,0.5935,0.4065,31,0.042,True,rank,rank_average,13,0.0042011250687929835,0.05461462589430878,0.5384615384615384,-0.02312399845860358,0.04265669667398618,0.018560192800649685,0.018126360079056207,0.05437908023716862,1.0,0.009752832737476708,0.03172873068840289,0.009703629016216424,0.007118088413649389,0.049826618895545724,0.5714285714285714,-0.01137982414447652,0.03172873068840289,0.014260897374203026,0.0042011250687929835,0.05461462589430878,0.5384615384615384,-0.02312399845860358,0.04265669667398618,0.018560192800649685,0.014550460048429352,0.0008733969995314715,-0.004697816663665641,0.0,0.005508540169611057,neighbor,0.518798353909465,555.0,0.3757901234567901,854.0,0.4005514403292181,822.0,299.0,0.0,0.43670761316872425
recent_compact_capacity,robustness,0.03,0.97,32,0.033758,True,rank,rank_average,13,0.0020810385966967527,0.027053501757057785,0.6923076923076923,-0.03311003130318351,0.020878736154529856,0.014671778917691159,0.012984074091985648,0.038952222275956946,1.0,0.006367560395035304,0.020878736154529856,0.005992706840490268,0.009887808155781197,0.06921465709046838,1.0,0.0026423214381198204,0.020878736154529856,0.006461835752241362,0.0020810385966967527,0.027053501757057785,0.6923076923076923,-0.03311003130318351,0.020878736154529856,0.014671778917691159,0.01050221716279347,0.007508016723374822,-0.00904781063762572,0.0,0.0062223227949922,neighbor,0.29447736625514404,912.0,0.7658477366255143,168.0,0.16174074074074074,1150.0,982.0,0.05,0.4366835390946502
short_aggressive_wide_capacity,robustness,0.5685,0.4315,32,0.037,True,rank,rank_average,13,0.003565724380390438,0.046354416945075694,0.5384615384615384,-0.018938697981709253,0.03821087291181155,0.01768719393339609,0.021122143298388227,0.06336642989516468,1.0,0.014015328606076901,0.03341838119385855,0.00872991780477414,0.0055442282179149665,0.03880959752540476,0.5714285714285714,-0.011899115382146044,0.03341838119385855,0.015499908406381527,0.003565724380390438,0.046354416945075694,0.5384615384615384,-0.018938697981709253,0.03821087291181155,0.01768719393339609,0.017664680120086665,-0.0001950694204680924,-0.003678845898679965,0.0,0.0064262639240220305,neighbor,0.7360823045267489,266.0,0.2888518518518518,969.0,0.4138106995884774,792.0,703.0,0.05,0.4364878600823045
short_aggressive_wide_capacity,robustness,0.5435,0.4565,31,0.037,True,rank,rank_average,13,0.0033762814329638324,0.04389165862852982,0.5384615384615384,-0.019924780621870204,0.0383437954436332,0.017881776030854807,0.021367012776678313,0.06410103833003494,1.0,0.01355692632911639,0.03355643247525957,0.008732276576587093,0.005135753192189953,0.03595027234532967,0.5714285714285714,-0.011590317872380428,0.03355643247525957,0.01566485821887815,0.0033762814329638324,0.04389165862852982,0.5384615384615384,-0.019924780621870204,0.0383437954436332,0.017881776030854807,0.017652982971315047,-0.00032599700690869667,-0.0041122356499662446,0.0,0.006297659187922169,neighbor,0.7377860082304527,261.0,0.30233333333333334,947.0,0.3683045267489712,873.0,686.0,0.05,0.43641008230452677
stable_compact_current,robustness,0.4965,0.5035000000000001,31,0.034758,True,rank,rank_average,13,0.005401040620637932,0.07021352806829312,0.5384615384615384,-0.02786271924097784,0.03895768430265584,0.020023399847210358,0.023432324271893474,0.07029697281568043,1.0,0.013770397018932817,0.031228861115260922,0.007248413766052365,0.006259384732614224,0.04381569312829957,0.5714285714285714,-0.02786271924097784,0.031228861115260922,0.02166161224658971,0.005401040620637932,0.07021352806829312,0.5384615384615384,-0.02786271924097784,0.03895768430265584,0.020023399847210358,0.01890065585122711,-0.0050554194805040075,-0.005577642657297527,0.0,0.004448677175669411,neighbor,0.8487242798353908,116.0,0.17780246913580244,1063.0,0.4449711934156378,727.0,947.0,0.05,0.4362465020576131
short_aggressive_wide_capacity,robustness,0.5935,0.4065,35,0.036,True,rank,rank_average,13,0.0041026113550914605,0.05333394761618898,0.5384615384615384,-0.01893517944085991,0.036601168580143145,0.0179019555970561,0.019171922781557636,0.0575157683446729,1.0,0.010934306914571451,0.03202027650229808,0.009205024208936657,0.0068837194375582994,0.0481860360629081,0.5714285714285714,-0.013216153302450769,0.03202027650229808,0.01628643881821385,0.0041026113550914605,0.05333394761618898,0.5384615384615384,-0.01893517944085991,0.036601168580143145,0.0179019555970561,0.015536317267296432,0.0001338180610280478,-0.0033716592046201008,0.0,0.005768996153688179,neighbor,0.5883539094650206,468.0,0.29174074074074074,964.0,0.46381069958847737,674.0,496.0,0.0,0.4361965020576132
short_aggressive_wide_capacity,robustness,0.6185,0.38149999999999995,30,0.042,True,rank,rank_average,13,0.004257967299477179,0.055353574893203326,0.5384615384615384,-0.02333094862221101,0.04354413052145248,0.018809359024195334,0.018448462937714717,0.05534538881314415,1.0,0.010254401794750866,0.03165856600905019,0.009430626310009304,0.006976687782932972,0.0488368144805308,0.5714285714285714,-0.011682750559779471,0.03165856600905019,0.014264984974854879,0.004257967299477179,0.055353574893203326,0.5384615384615384,-0.02333094862221101,0.04354413052145248,0.018809359024195334,0.014899576466765173,0.0006928329229731387,-0.004733710146166103,0.0,0.0055615488801190665,neighbor,0.5434650205761318,529.0,0.3508765432098766,903.0,0.4057489711934157,815.0,374.0,0.0,0.4361427983539095
recent_compact_current,robustness,0.85,0.15000000000000002,36,0.03,True,equal,rank_average,13,0.0048567060077484535,0.0631371781007299,0.7692307692307693,-0.017061997116598962,0.026123325704801553,0.009496767154188134,0.007621491277907247,0.02286447383372174,1.0,0.0029187538376025876,0.011544882266154195,0.0035644596211036684,0.009658424300052303,0.06760897010036612,1.0,0.0029187538376025876,0.026123325704801553,0.007420433748862164,0.0048567060077484535,0.0631371781007299,0.7692307692307693,-0.017061997116598962,0.026123325704801553,0.009496767154188134,0.006307438794815984,0.0074684906174386665,-0.00209290585483027,0.0,0.005569860417549253,neighbor,0.13308230452674896,1161.0,0.7443909465020575,215.0,0.6477736625514403,305.0,946.0,0.05,0.4353748971193416
balanced_extra_wide_capacity,robustness,0.75,0.25,64,0.03,False,equal,rank_average,13,0.004481632947259699,0.058261228314376086,0.5384615384615384,-0.021251577641279912,0.02316321074719209,0.013824477212153833,0.012952802261146368,0.0388584067834391,1.0,0.011290167510435233,0.01562886532135495,0.0019107332584617916,0.007979295205034506,0.05585506643524154,0.7142857142857143,-0.010630855511593401,0.020753603178861303,0.010479021385866072,0.004481632947259699,0.058261228314376086,0.5384615384615384,-0.021251577641279912,0.02316321074719209,0.013824477212153833,0.012108852567297056,0.0017543016623295597,-0.003920028303222804,0.0,0.005044972529483704,neighbor,0.3919094650205761,760.0,0.469477366255144,656.0,0.4476008230452675,721.0,104.0,0.0,0.4351687242798354
short_aggressive_wide_capacity,robustness,0.6035,0.39649999999999996,35,0.035,True,rank,rank_average,13,0.004115754793954187,0.05350481232140444,0.5384615384615384,-0.01889507275216922,0.03554452289785377,0.01784605189439457,0.01945773907381718,0.05837321722145154,1.0,0.010614389685889198,0.03271332630062252,0.009546085827382032,0.0068404332480824,0.0478830327365768,0.5714285714285714,-0.013338101803877993,0.03271332630062252,0.016648088531768263,0.004115754793954187,0.05350481232140444,0.5384615384615384,-0.01889507275216922,0.03554452289785377,0.01784605189439457,0.015593659868419228,6.890192755580073e-05,-0.003350932237200418,0.0,0.00576582997918774,neighbor,0.589045267489712,467.0,0.2862592592592593,976.0,0.46989711934156375,656.0,509.0,0.0,0.4349193415637861
short_aggressive_wide_capacity,robustness,0.6,0.4,30,0.042,True,rank,rank_average,13,0.004217618384192248,0.05482903899449922,0.5384615384615384,-0.02333094862221101,0.04355183129142007,0.018821720932990553,0.018511434265967738,0.05553430279790321,1.0,0.01004154059151614,0.03206034119704397,0.009680019861282132,0.007041313080339189,0.049289191562374324,0.5714285714285714,-0.011682750559779471,0.03206034119704397,0.01438343097599257,0.004217618384192248,0.05482903899449922,0.5384615384615384,-0.02333094862221101,0.04355183129142007,0.018821720932990553,0.014865225926801937,0.0007296693424946831,-0.004756709027878513,0.0,0.005560935220661605,neighbor,0.5387119341563786,532.0,0.3527530864197531,896.0,0.40152674897119345,821.0,364.0,0.0,0.43445267489711936
short_aggressive_wide_capacity,robustness,0.5835,0.4165,31,0.03,True,rank,rank_average,13,0.0033799464434105834,0.043939303764337585,0.5384615384615384,-0.017753752564378805,0.031010714099090383,0.015861803355080292,0.018562117047025383,0.055686351141076146,1.0,0.012101682603235808,0.030414022774234203,0.008391917642769586,0.005884369675343648,0.04119058772740553,0.5714285714285714,-0.012187061271588848,0.030414022774234203,0.014697505914192385,0.0033799464434105834,0.043939303764337585,0.5384615384615384,-0.017753752564378805,0.031010714099090383,0.015861803355080292,0.015573961975872283,-9.621093324986931e-05,-0.003393707335039435,0.0,0.005677233770130557,neighbor,0.6004526748971193,456.0,0.28774074074074074,972.0,0.42771193415637854,763.0,516.0,0.0,0.43382119341563785
stable_compact_capacity,robustness,0.978,0.02200000000000002,31,0.032258,True,equal,rank_average,13,0.004278045273775232,0.05561458855907801,0.6153846153846154,-0.0235624222443548,0.027224380880328213,0.01542909402486956,0.016801770466970012,0.050405311400910036,1.0,0.008135131288866743,0.027224380880328213,0.007891448482400006,0.00899251332553177,0.06294759327872239,0.7142857142857143,-0.013959878730918612,0.027224380880328213,0.014912912461069888,0.004278045273775232,0.05561458855907801,0.6153846153846154,-0.0235624222443548,0.027224380880328213,0.01542909402486956,0.013261602491498933,0.0012332583286356806,-0.004721728919200587,0.0,0.005151347906605541,neighbor,0.4467489711934156,668.0,0.4217119341563786,736.0,0.43053909465020573,759.0,91.0,0.0,0.43305082304526743
short_aggressive_wide_capacity,robustness,0.5835,0.4165,30,0.042,True,rank,rank_average,13,0.003976695481887836,0.05169704126454186,0.5384615384615384,-0.02333094862221101,0.04254738550534515,0.01854458300434106,0.018744588848474717,0.056233766545424155,1.0,0.01055147469208459,0.03224987084399647,0.00962183088102794,0.00669682985975182,0.04687780901826274,0.5714285714285714,-0.011682750559779471,0.03224987084399647,0.014186440218659136,0.003976695481887836,0.05169704126454186,0.5384615384615384,-0.02333094862221101,0.04254738550534515,0.01854458300434106,0.015166402292018502,0.0005333139067598823,-0.004894035082192028,0.0,0.005572446912520544,neighbor,0.5630699588477367,497.0,0.3372716049382716,922.0,0.37197119341563784,863.0,425.0,0.0,0.43279588477366254
short_aggressive_wide_capacity,robustness,0.5835,0.4165,35,0.037,True,rank,rank_average,13,0.0038729343101756787,0.050348146032283825,0.5384615384615384,-0.01950398474364352,0.037596049608473,0.01758227492161307,0.019113704883675278,0.05734111465102583,1.0,0.011615272500531428,0.03196799737633024,0.00913134822473218,0.006309757180579163,0.04416830026405414,0.5714285714285714,-0.013039007832666885,0.03196799737633024,0.015411925289491342,0.0038729343101756787,0.050348146032283825,0.5384615384615384,-0.01950398474364352,0.037596049608473,0.01758227492161307,0.01572785170887028,-0.00013488242042137871,-0.003690280870140687,0.0,0.0056769014638373885,neighbor,0.609366255144033,442.0,0.27813580246913583,992.0,0.4248724279835391,770.0,550.0,0.0,0.4326384773662552
balanced_extra_wide_capacity,robustness,0.75,0.25,63,0.03,False,equal,rank_average,13,0.004256069132997846,0.055328898728971995,0.5384615384615384,-0.019683671387348937,0.02235270066120721,0.01388380630978645,0.01262284110743875,0.03786852332231625,1.0,0.011077505902768407,0.015264579353597513,0.001876960440481415,0.007848103402648637,0.054936723818540464,0.7142857142857143,-0.010202939609936089,0.021451581610680524,0.010596222012095247,0.004256069132997846,0.055328898728971995,0.5384615384615384,-0.019683671387348937,0.02235270066120721,0.01388380630978645,0.011850596379153661,0.0018207345825165275,-0.00353119061355484,0.0,0.005029890521760676,neighbor,0.38020576131687245,779.0,0.4686131687242798,658.0,0.4638106995884773,675.0,121.0,0.0,0.4325298353909465
recent_compact_current,robustness,0.815,0.18500000000000005,35,0.03,True,equal,rank_average,13,0.004619014911719065,0.060047193852347844,0.7692307692307693,-0.018837826244969224,0.023577620290363144,0.00916082462460018,0.008614307893980133,0.025842923681940397,1.0,0.006305851724064924,0.011867933840856812,0.002367023278148468,0.009046748527878045,0.06332723969514632,1.0,0.003900593966127054,0.023577620290363144,0.006413244287791664,0.004619014911719065,0.060047193852347844,0.7692307692307693,-0.018837826244969224,0.023577620290363144,0.00916082462460018,0.0079910865685101,0.007443842669712414,-0.0028144133919292083,0.0,0.006124001819985245,neighbor,0.18481069958847737,1095.0,0.715156378600823,278.0,0.5697983539094651,425.0,817.0,0.05,0.4312144032921811
short_aggressive_wide_capacity,robustness,0.5685,0.4315,32,0.039,True,rank,rank_average,13,0.003250965041722062,0.04226254554238681,0.5384615384615384,-0.020404692768642672,0.03990330033160025,0.017672133013503222,0.0194195683685696,0.058258705105708804,1.0,0.011899358751374954,0.031978688135971337,0.00893822610142057,0.005120144494932444,0.03584101146452711,0.5714285714285714,-0.011790629365867264,0.031978688135971337,0.014473184458632734,0.003250965041722062,0.04226254554238681,0.5384615384615384,-0.020404692768642672,0.03990330033160025,0.017672133013503222,0.015995942358038407,-0.0004009967571961331,-0.0043420370014089675,0.0,0.005566622852265758,neighbor,0.6254650205761317,418.0,0.2866543209876543,973.0,0.3438477366255144,908.0,555.0,0.0,0.43075761316872435
short_aggressive_wide_capacity,robustness,0.5835,0.4165,35,0.035,True,rank,rank_average,13,0.004158579362462755,0.05406153171201581,0.5384615384615384,-0.0182832296801763,0.03555939605083151,0.017624536778255463,0.02051451303734102,0.061543539112023066,1.0,0.013335487041587133,0.03316255083549611,0.008970718374914267,0.006775928695403421,0.047431500867823946,0.5714285714285714,-0.013338101803877993,0.03316255083549611,0.016448059158671265,0.004158579362462755,0.05406153171201581,0.5384615384615384,-0.0182832296801763,0.03555939605083151,0.017624536778255463,0.017093983155008135,3.213433252878257e-05,-0.0031246140193928705,0.0,0.006383361608732276,neighbor,0.7007242798353909,313.0,0.2834444444444445,979.0,0.4858600823045267,625.0,666.0,0.05,0.4307187242798354
stable_compact_current,robustness,0.4965,0.5035000000000001,30,0.034758,True,rank,rank_average,13,0.005467802153073625,0.07108142798995712,0.5384615384615384,-0.026690164203179375,0.039018383743983254,0.020037962158726597,0.023282802651473117,0.06984840795441935,1.0,0.012946159351525953,0.030870533239570223,0.007571357678454106,0.006389891038784117,0.04472923727148882,0.5714285714285714,-0.026690164203179375,0.030870533239570223,0.021567857580871198,0.005467802153073625,0.07108142798995712,0.5384615384615384,-0.026690164203179375,0.039018383743983254,0.020037962158726597,0.01854343009734324,-0.004594087723513676,-0.00515264542133569,0.0,0.004577135750155789,neighbor,0.8228230452674897,147.0,0.18318518518518515,1061.0,0.46023045267489715,682.0,914.0,0.05,0.4305971193415638
stable_compact_current,robustness,0.4965,0.5035000000000001,32,0.032758,True,rank,rank_average,13,0.006740732967009254,0.0876295285711203,0.5384615384615384,-0.025468113894481594,0.038080780450513524,0.0196429327864102,0.022418861378782944,0.06725658413634883,1.0,0.011710968082818012,0.031665221642897916,0.008211581978619459,0.007410209119934196,0.051871463839539375,0.5714285714285714,-0.025468113894481594,0.031665221642897916,0.020515154150495925,0.006740732967009254,0.0876295285711203,0.5384615384615384,-0.025468113894481594,0.038080780450513524,0.0196429327864102,0.01764337045323622,-0.0036092298153878634,-0.004023798255522113,0.0,0.004829625026041633,neighbor,0.7414897119341564,257.0,0.22464197530864194,1041.0,0.5476872427983539,482.0,784.0,0.05,0.42983786008230457
short_aggressive_wide_capacity,robustness,0.6,0.4,31,0.042,True,rank,rank_average,13,0.0041258365066120985,0.053635874585957276,0.5384615384615384,-0.02312399845860358,0.04269127855515277,0.018481665230013784,0.018087301320852508,0.05426190396255753,1.0,0.009635656462865613,0.03172873068840289,0.00973743222913699,0.006913204276166508,0.04839242993316556,0.5714285714285714,-0.01137982414447652,0.03172873068840289,0.014122556317285765,0.0041258365066120985,0.053635874585957276,0.5384615384615384,-0.02312399845860358,0.04269127855515277,0.018481665230013784,0.01448952838563158,0.0007566130411662297,-0.004740731144108746,0.0,0.0054251775511611235,neighbor,0.5144773662551441,567.0,0.3673456790123457,871.0,0.3902304526748971,835.0,304.0,0.0,0.4296310699588478
short_aggressive_compact_capacity,robustness,0.9555,0.044499999999999984,32,0.03125,True,equal,rank_average,13,0.006117354164476462,0.07952560413819401,0.6923076923076923,-0.024081084480881164,0.04355001719714728,0.016014526206427796,0.010528463030492046,0.03158538909147614,1.0,0.005707719106045228,0.015733372755043773,0.004101960530762263,0.008796319701133893,0.06157423790793724,0.8571428571428571,-0.007393763706912401,0.020502347111215055,0.008135124558151971,0.006117354164476462,0.07952560413819401,0.6923076923076923,-0.024081084480881164,0.04355001719714728,0.016014526206427796,0.008884771232375393,0.003431103063508083,-0.003767558312631508,0.0,0.004532771124634068,neighbor,0.21581069958847734,1033.0,0.5724279835390946,501.0,0.5695802469135802,426.0,607.0,0.0,0.42935390946502056
short_aggressive_medium_capacity,robustness,0.9555,0.044499999999999984,32,0.03125,True,equal,rank_average,13,0.006117354164476462,0.07952560413819401,0.6923076923076923,-0.024081084480881164,0.04355001719714728,0.016014526206427796,0.010528463030492046,0.03158538909147614,1.0,0.005707719106045228,0.015733372755043773,0.004101960530762263,0.008796319701133893,0.06157423790793724,0.8571428571428571,-0.007393763706912401,0.020502347111215055,0.008135124558151971,0.006117354164476462,0.07952560413819401,0.6923076923076923,-0.024081084480881164,0.04355001719714728,0.016014526206427796,0.008884771232375393,0.003431103063508083,-0.003767558312631508,0.0,0.004532771124634068,neighbor,0.21581069958847734,1033.0,0.5724279835390946,501.0,0.5695802469135802,426.0,607.0,0.0,0.42935390946502056
short_aggressive_wide_capacity,robustness,0.6435,0.35650000000000004,35,0.037,True,rank,rank_average,13,0.004121882724343023,0.053584475416459304,0.5384615384615384,-0.02073352632058543,0.03805188603243917,0.018167182329611814,0.01875666338549323,0.056269990156479696,1.0,0.011212234743729347,0.031299910638586184,0.008930092248345125,0.006721576728461469,0.04705103709923028,0.5714285714285714,-0.013039007832666885,0.031299910638586184,0.016099887847195765,0.004121882724343023,0.053584475416459304,0.5384615384615384,-0.02073352632058543,0.03805188603243917,0.018167182329611814,0.015391335595161825,9.985472187153577e-05,-0.003954128994456131,0.0,0.005608349513738502,neighbor,0.5862798353909465,473.0,0.29080246913580243,966.0,0.4239835390946502,772.0,493.0,0.0,0.4289705761316872
stable_compact_current,robustness,0.4965,0.5035000000000001,33,0.034758,True,rank,rank_average,13,0.005128412193013401,0.06666935850917421,0.5384615384615384,-0.029168538595722243,0.03827004930487843,0.02024891077743198,0.02327526275488255,0.06982578826464765,1.0,0.013905708586050381,0.03143779663459747,0.007208152852581,0.006090216059741917,0.04263151241819342,0.5714285714285714,-0.029168538595722243,0.03143779663459747,0.022144190731528596,0.005128412193013401,0.06666935850917421,0.5384615384615384,-0.029168538595722243,0.03827004930487843,0.02024891077743198,0.01885578360367968,-0.005582766011106876,-0.006163961248109163,0.0,0.004105474549257404,neighbor,0.843267489711934,119.0,0.17530864197530863,1064.0,0.41581069958847733,786.0,945.0,0.05,0.42856748971193415
recent_compact_capacity,robustness,0.105,0.895,33,0.031758,True,rank,rank_average,13,0.001997951898166632,0.02597337467616622,0.6923076923076923,-0.03286295842641447,0.015450627051610308,0.013669991093316179,0.013404014508483067,0.0402120435254492,1.0,0.00972717353869191,0.015450627051610308,0.0026054703440980755,0.009211363452080215,0.0644795441645615,1.0,0.0019397012517756746,0.015450627051610308,0.0047175598808687404,0.001997951898166632,0.02597337467616622,0.6923076923076923,-0.03286295842641447,0.015450627051610308,0.013669991093316179,0.011850255537603677,0.006890578580771695,-0.009013636006454105,0.0,0.006488817175420618,neighbor,0.35921810699588475,819.0,0.6903909465020577,320.0,0.1604567901234568,1152.0,832.0,0.05,0.4284316872427984
short_aggressive_wide_capacity,robustness,0.6035,0.39649999999999996,31,0.042,True,rank,rank_average,13,0.004160074168436805,0.05408096418967846,0.5384615384615384,-0.02312399845860358,0.04269127855515277,0.018513887306373492,0.018176696941826758,0.05453009082548027,1.0,0.009324596054618002,0.03230797795957324,0.010098226513774726,0.006905197927263587,0.04833638549084511,0.5714285714285714,-0.01137982414447652,0.03230797795957324,0.01423008126152887,0.004160074168436805,0.05408096418967846,0.5384615384615384,-0.02312399845860358,0.04269127855515277,0.018513887306373492,0.014437833954865191,0.0007520494222915646,-0.0047212156768686635,0.0,0.005405373470446981,neighbor,0.510082304526749,574.0,0.3668765432098766,875.0,0.3939835390946502,829.0,301.0,0.0,0.42822489711934164
stable_compact_current,robustness,0.4965,0.5035000000000001,32,0.034758,True,rank,rank_average,13,0.005213194125157712,0.06777152362705026,0.5384615384615384,-0.028730317333737276,0.03864212383063917,0.02016470986150778,0.023230789730859902,0.0696923691925797,1.0,0.013770942766233498,0.031217748012537738,0.007198370377147213,0.006081374876115232,0.04256962413280663,0.5714285714285714,-0.028730317333737276,0.031217748012537738,0.021933339860690924,0.005213194125157712,0.06777152362705026,0.5384615384615384,-0.028730317333737276,0.03864212383063917,0.02016470986150778,0.018785961259447197,-0.005443192469319048,-0.005971022530331867,0.0,0.004169294513035526,neighbor,0.8386748971193415,125.0,0.1751111111111111,1065.0,0.42593415637860077,769.0,940.0,0.05,0.42816008230452673
short_aggressive_wide_capacity,robustness,0.5435,0.4565,32,0.036,True,rank,rank_average,13,0.003248738941384814,0.04223360623800258,0.5384615384615384,-0.019350672344431198,0.03674810831681058,0.017472812378740772,0.021270848539096925,0.06381254561729077,1.0,0.014178374258944443,0.03260505961685881,0.008098556728003628,0.0049854455451167085,0.03489811881581696,0.5714285714285714,-0.011807084058270833,0.03260505961685881,0.015607351076750629,0.003248738941384814,0.04223360623800258,0.5384615384615384,-0.019350672344431198,0.03674810831681058,0.017472812378740772,0.017803247172736916,-0.00048320520708428007,-0.003995479138611413,0.0,0.0063045346551151285,neighbor,0.744082304526749,250.0,0.2774444444444445,996.0,0.3685020576131687,872.0,746.0,0.05,0.42775823045267497
short_aggressive_compact_capacity,robustness,0.9555,0.044499999999999984,31,0.032258,True,equal,rank_average,13,0.0062457479544953485,0.08119472340843953,0.6153846153846154,-0.02450736355722585,0.04682391384385312,0.016655925632257585,0.010625279987477185,0.031875839962431554,1.0,0.004841239979529635,0.014073560552495569,0.004115075124622237,0.008928701808534403,0.06250091265974082,0.8571428571428571,-0.007251281099084489,0.021515996571301085,0.008302480538909881,0.0062457479544953485,0.08119472340843953,0.6153846153846154,-0.02450736355722585,0.04682391384385312,0.016655925632257585,0.008654018786106775,0.0035535801253095854,-0.003911969024437567,0.0,0.0044739232171663885,neighbor,0.19576131687242798,1068.0,0.591119341563786,474.0,0.5558353909465019,465.0,603.0,0.0,0.4276835390946502
short_aggressive_medium_capacity,robustness,0.9555,0.044499999999999984,31,0.032258,True,equal,rank_average,13,0.0062457479544953485,0.08119472340843953,0.6153846153846154,-0.02450736355722585,0.04682391384385312,0.016655925632257585,0.010625279987477185,0.031875839962431554,1.0,0.004841239979529635,0.014073560552495569,0.004115075124622237,0.008928701808534403,0.06250091265974082,0.8571428571428571,-0.007251281099084489,0.021515996571301085,0.008302480538909881,0.0062457479544953485,0.08119472340843953,0.6153846153846154,-0.02450736355722585,0.04682391384385312,0.016655925632257585,0.008654018786106775,0.0035535801253095854,-0.003911969024437567,0.0,0.0044739232171663885,neighbor,0.19576131687242798,1068.0,0.591119341563786,474.0,0.5558353909465019,465.0,603.0,0.0,0.4276835390946502
stable_compact_current,robustness,0.4965,0.5035000000000001,33,0.032758,True,rank,rank_average,13,0.006282919570925806,0.08167795442203549,0.5384615384615384,-0.026221125739157004,0.03723558139237644,0.01970681262523399,0.022657600202711792,0.06797280060813538,1.0,0.011828678528678579,0.0319299775201746,0.008279801850964719,0.007175774145157616,0.05023041901610331,0.5714285714285714,-0.026221125739157004,0.0319299775201746,0.021090740588506435,0.006282919570925806,0.08167795442203549,0.5384615384615384,-0.026221125739157004,0.03723558139237644,0.01970681262523399,0.017818296030009652,-0.003991351659753399,-0.004533245800032564,0.0,0.004651223295109947,neighbor,0.755119341563786,238.0,0.21503703703703703,1052.0,0.5235884773662551,536.0,814.0,0.05,0.42735267489711937
short_aggressive_compact_capacity,robustness,0.9455,0.05449999999999999,30,0.033333,True,equal,rank_average,13,0.006463441558744238,0.0840247402636751,0.6153846153846154,-0.021352763268459956,0.049277879877374614,0.01879102094571108,0.011126808204134057,0.03338042461240217,1.0,0.002215299443198364,0.015928575856780727,0.00630771836623984,0.010519468088183223,0.07363627661728256,0.8571428571428571,-0.011107791108276963,0.026818965428325892,0.01108913148005227,0.006463441558744238,0.0840247402636751,0.6153846153846154,-0.021352763268459956,0.049277879877374614,0.01879102094571108,0.008073329492611872,0.0031876686016758956,-0.0027468655747229552,0.0,0.004251752831590459,neighbor,0.1905020576131687,1081.0,0.6836625514403293,327.0,0.6205761316872427,336.0,754.0,0.05,0.42693539094650207
short_aggressive_medium_capacity,robustness,0.9455,0.05449999999999999,30,0.033333,True,equal,rank_average,13,0.006463441558744238,0.0840247402636751,0.6153846153846154,-0.021352763268459956,0.049277879877374614,0.01879102094571108,0.011126808204134057,0.03338042461240217,1.0,0.002215299443198364,0.015928575856780727,0.00630771836623984,0.010519468088183223,0.07363627661728256,0.8571428571428571,-0.011107791108276963,0.026818965428325892,0.01108913148005227,0.006463441558744238,0.0840247402636751,0.6153846153846154,-0.021352763268459956,0.049277879877374614,0.01879102094571108,0.008073329492611872,0.0031876686016758956,-0.0027468655747229552,0.0,0.004251752831590459,neighbor,0.1905020576131687,1081.0,0.6836625514403293,327.0,0.6205761316872427,336.0,754.0,0.05,0.42693539094650207
short_aggressive_wide_capacity,robustness,0.6185,0.38149999999999995,31,0.042,True,rank,rank_average,13,0.00418282837667983,0.05437676889683779,0.5384615384615384,-0.02312399845860358,0.04333789075555576,0.018564716582039675,0.017946677225645136,0.05384003167693541,1.0,0.009563206840741113,0.03137930802490527,0.009595348990938186,0.0068066180489000355,0.047646326342300246,0.5714285714285714,-0.01137982414447652,0.03137930802490527,0.014001483690810028,0.00418282837667983,0.05437676889683779,0.5384615384615384,-0.02312399845860358,0.04333789075555576,0.018564716582039675,0.014385464276062295,0.0006958588916243398,-0.004708245778170139,0.0,0.005361085344930351,neighbor,0.5086995884773663,577.0,0.36218518518518517,880.0,0.39726748971193415,826.0,303.0,0.0,0.42605329218106996
stable_compact_current,robustness,0.4965,0.5035000000000001,32,0.031758,True,rank,rank_average,13,0.006927214639561136,0.09005379031429477,0.5384615384615384,-0.026716246408566423,0.036579612581426946,0.019596600865544433,0.02231030482770927,0.06693091448312781,1.0,0.011458768955463064,0.03239899406980115,0.008565812208838975,0.007595907899981704,0.05317135529987192,0.5714285714285714,-0.026716246408566423,0.03239899406980115,0.020779105581021837,0.006927214639561136,0.09005379031429477,0.5384615384615384,-0.026716246408566423,0.036579612581426946,0.019596600865544433,0.017498267507097095,-0.003915265240408777,-0.0043293874318155335,0.0,0.004588029529882558,neighbor,0.7247489711934156,281.0,0.22935802469135802,1034.0,0.5514403292181069,473.0,753.0,0.05,0.4258267489711934
balanced_extra_wide_capacity,robustness,0.775,0.22499999999999998,63,0.03,False,equal,rank_average,13,0.0039851200216523925,0.051806560281481104,0.5384615384615384,-0.020451643875254145,0.02235270066120721,0.013997671425556473,0.012622841107438748,0.037868523322316244,1.0,0.011077505902768403,0.015264579353597506,0.0018769604404814126,0.007885409585958448,0.05519786710170914,0.7142857142857143,-0.010202939609936089,0.021451581610680524,0.01060943876273463,0.0039851200216523925,0.051806560281481104,0.5384615384615384,-0.020451643875254145,0.02235270066120721,0.013997671425556473,0.011850596379153658,0.0018419991070031197,-0.003939062528030466,0.0,0.004978278770608298,neighbor,0.3794650205761317,781.0,0.47002057613168724,654.0,0.4156872427983539,788.0,134.0,0.0,0.42564835390946504
recent_compact_current,robustness,0.8,0.19999999999999996,35,0.03,True,equal,rank_average,13,0.004629940886117385,0.060189231519526,0.8461538461538461,-0.018837826244969224,0.023577620290363144,0.009063474527506691,0.008324550122746473,0.024973650368239418,1.0,0.006305851724064924,0.010998660527155826,0.001971088918767319,0.008922566625920763,0.06245796638144534,1.0,0.003900593966127054,0.023577620290363144,0.006365653842902194,0.004629940886117385,0.060189231519526,0.8461538461538461,-0.018837826244969224,0.023577620290363144,0.009063474527506691,0.007825924638906915,0.007373058985596763,-0.002731262509599089,0.0,0.006038557022641446,neighbor,0.18387242798353912,1096.0,0.701551440329218,294.0,0.5745061728395062,415.0,802.0,0.05,0.4254230452674897
stable_compact_current,robustness,0.4965,0.5035000000000001,33,0.030758,True,rank,rank_average,13,0.0064773298857211895,0.08420528851437546,0.5384615384615384,-0.026255997652631844,0.034246679124910834,0.019663061120776693,0.02222953501384113,0.0666886050415234,1.0,0.011305557881289608,0.03243823847653122,0.008642193379083929,0.007789079028136099,0.05452355319695269,0.5714285714285714,-0.026255997652631844,0.03243823847653122,0.021315880544955663,0.0064773298857211895,0.08420528851437546,0.5384615384615384,-0.026255997652631844,0.034246679124910834,0.019663061120776693,0.017401669058715014,-0.0036532756079023614,-0.004433939652045893,0.0,0.004651602652123059,neighbor,0.7153909465020576,296.0,0.24076543209876541,1027.0,0.5319588477366255,518.0,731.0,0.05,0.4242946502057613
short_aggressive_wide_capacity,robustness,0.5835,0.4165,31,0.042,True,rank,rank_average,13,0.003817720981970064,0.04963037276561083,0.5384615384615384,-0.022825901394355246,0.04181771509877852,0.018193839568938486,0.018208685591290786,0.054626056773872354,1.0,0.010128601703035978,0.03159993825954735,0.009536280153113318,0.006482445574317549,0.045377119020222845,0.5714285714285714,-0.01137982414447652,0.03159993825954735,0.013823577416360585,0.003817720981970064,0.04963037276561083,0.5384615384615384,-0.022825901394355246,0.04181771509877852,0.018193839568938486,0.01472138934903762,0.0005110805811123227,-0.004817984961952755,0.0,0.00539584425682268,neighbor,0.5303539094650206,539.0,0.34904938271604946,905.0,0.3631440329218107,883.0,366.0,0.0,0.4236853909465021
short_aggressive_compact_capacity,robustness,0.9955,0.0044999999999999485,33,0.030303,True,equal,rank_average,13,0.005041853827772406,0.06554409976104128,0.6923076923076923,-0.02388676695900376,0.030705017154489714,0.01394770328049279,0.010933714976379835,0.032801144929139506,1.0,0.00514085256838049,0.014348339668379857,0.004117965974403297,0.008822713342873096,0.061758993400111664,0.8571428571428571,-0.00525789685016903,0.018875923196942115,0.007381423777919945,0.005041853827772406,0.06554409976104128,0.6923076923076923,-0.02388676695900376,0.030705017154489714,0.01394770328049279,0.008928698884102068,0.004150983502024741,-0.004316468722333277,0.0,0.004791951821201969,neighbor,0.2136625514403292,1038.0,0.585835390946502,484.0,0.4934567901234567,607.0,554.0,0.0,0.4231094650205761
short_aggressive_medium_capacity,robustness,0.9955,0.0044999999999999485,33,0.030303,True,equal,rank_average,13,0.005041853827772406,0.06554409976104128,0.6923076923076923,-0.02388676695900376,0.030705017154489714,0.01394770328049279,0.010933714976379835,0.032801144929139506,1.0,0.00514085256838049,0.014348339668379857,0.004117965974403297,0.008822713342873096,0.061758993400111664,0.8571428571428571,-0.00525789685016903,0.018875923196942115,0.007381423777919945,0.005041853827772406,0.06554409976104128,0.6923076923076923,-0.02388676695900376,0.030705017154489714,0.01394770328049279,0.008928698884102068,0.004150983502024741,-0.004316468722333277,0.0,0.004791951821201969,neighbor,0.2136625514403292,1038.0,0.585835390946502,484.0,0.4934567901234567,607.0,554.0,0.0,0.4231094650205761
short_aggressive_wide_capacity,robustness,0.6185,0.38149999999999995,35,0.035,True,rank,rank_average,13,0.0041089381913480254,0.053416196487524326,0.5384615384615384,-0.01931820193145962,0.03540039789476909,0.01776799223758384,0.019132846295696462,0.05739853888708939,1.0,0.01036285204882514,0.031990185603324416,0.009290324049018644,0.006726417275892085,0.0470849209312446,0.5714285714285714,-0.013338101803877993,0.031990185603324416,0.016504210737687767,0.0041089381913480254,0.053416196487524326,0.5384615384615384,-0.01931820193145962,0.03540039789476909,0.01776799223758384,0.015325463564659279,3.912823407321289e-06,-0.0034944503298517623,0.0,0.005607778646919242,neighbor,0.5696378600823045,490.0,0.2820370370370371,981.0,0.4545020576131687,699.0,491.0,0.0,0.4229471193415638
recent_compact_current,robustness,0.8,0.19999999999999996,39,0.03,True,equal,rank_average,13,0.006292642969233538,0.081804358600036,0.8461538461538461,-0.007629135884589182,0.024750548576090752,0.007797732863275876,0.005746785683912178,0.017240357051736533,1.0,0.0024232431640279356,0.008461153777061726,0.002502320423711717,0.008767244754860279,0.06137071328402195,1.0,0.0024232431640279356,0.024750548576090752,0.006997363236926131,0.006292642969233538,0.081804358600036,0.8461538461538461,-0.007629135884589182,0.024750548576090752,0.007797732863275876,0.00507533808395916,0.006796999754399578,0.0019153454967025326,0.0,0.0053760869475688545,neighbor,0.11197119341563785,1189.0,0.6668106995884773,359.0,0.8485802469135804,70.0,1119.0,0.05,0.422140329218107
recent_compact_capacity,robustness,0.105,0.895,33,0.030758,True,rank,rank_average,13,0.001964609654067526,0.025539925502877835,0.6923076923076923,-0.03169379047372128,0.014083100391048996,0.013037507436951033,0.012978763386211853,0.03893629015863556,1.0,0.01148262843956762,0.014083100391048996,0.0010971912057654441,0.008768663372466975,0.06138064360726883,1.0,0.0016257707549669725,0.014083100391048996,0.004218010055903972,0.001964609654067526,0.025539925502877835,0.6923076923076923,-0.03169379047372128,0.014083100391048996,0.013037507436951033,0.01218716251519807,0.006534642471445276,-0.00864681566120184,0.0,0.006518431769049327,neighbor,0.39919341563786004,751.0,0.6384897119341564,398.0,0.16658024691358025,1137.0,739.0,0.05,0.4219847736625515
stable_compact_current,robustness,0.4965,0.5035000000000001,36,0.03,True,rank,rank_average,13,0.0063680207004324085,0.08278426910562131,0.5384615384615384,-0.023846880397340713,0.03355867645312743,0.01908048025872084,0.02117450466643761,0.06352351399931283,1.0,0.00819920391867354,0.03355867645312743,0.010361395880636155,0.007366650274575629,0.051566551922029406,0.5714285714285714,-0.023846880397340713,0.03355867645312743,0.020660715085176067,0.0063680207004324085,0.08278426910562131,0.5384615384615384,-0.023846880397340713,0.03355867645312743,0.01908048025872084,0.015775204953031707,-0.0030990513031857563,-0.003701237193414425,0.0,0.004360323315766928,neighbor,0.5932674897119341,464.0,0.22525925925925924,1040.0,0.550230452674897,474.0,576.0,0.0,0.42120823045267486
short_aggressive_wide_capacity,robustness,0.5935,0.4065,32,0.042,True,rank,rank_average,13,0.004077785753834621,0.053011214799850076,0.5384615384615384,-0.022827047561968655,0.041976635475502705,0.018278631175887516,0.01771344256484394,0.053140327694531815,1.0,0.009363957638122748,0.03133527286586804,0.009713663658945854,0.006931321797830324,0.04851925258481227,0.5714285714285714,-0.01140475932917969,0.03133527286586804,0.014060967943800975,0.004077785753834621,0.053011214799850076,0.5384615384615384,-0.022827047561968655,0.041976635475502705,0.018278631175887516,0.014186768282541552,0.0007587114175625581,-0.0046701262773023835,0.0,0.005315608509324414,neighbor,0.4934650205761316,607.0,0.36751851851851847,870.0,0.38786008230452673,840.0,263.0,0.0,0.420948353909465
recent_compact_capacity,robustness,0.105,0.895,31,0.030758,True,rank,rank_average,13,0.001762675258525238,0.022914778360828093,0.6923076923076923,-0.03660849419902046,0.01734381534484474,0.01492507689837048,0.013332838447293006,0.039998515341879017,1.0,0.007443638789850909,0.01734381534484474,0.004254344015774935,0.009580102527236487,0.06706071769065541,1.0,0.0023422165718223567,0.01734381534484474,0.005008945946214588,0.001762675258525238,0.022914778360828093,0.6923076923076923,-0.03660849419902046,0.01734381534484474,0.01492507689837048,0.011056118715607813,0.007233589909226175,-0.010383770496009675,0.0,0.006119997370993452,neighbor,0.31435390946502056,892.0,0.7266131687242798,251.0,0.11796296296296296,1197.0,946.0,0.05,0.4204119341563786
stable_extra_wide_capacity,robustness,0.26,0.74,44,0.03,False,equal,rank_average,13,0.0036895012008648295,0.047963515611242784,0.6923076923076923,-0.02739590698288757,0.025698327580365728,0.016419820164074072,0.014343424302528275,0.04303027290758483,1.0,0.00841399281724315,0.022082771731018136,0.005725133246747184,0.010158441161252267,0.07110908812876587,0.8571428571428571,-0.016433721544088193,0.025698327580365728,0.012568997761564928,0.0036895012008648295,0.047963515611242784,0.6923076923076923,-0.02739590698288757,0.025698327580365728,0.016419820164074072,0.011952369482131357,0.001224326209507545,-0.006245325927552253,0.0,0.0043950956979981,neighbor,0.3540082304526749,830.0,0.5031440329218106,610.0,0.34544444444444444,906.0,296.0,0.0,0.41983477366255145
short_aggressive_wide_capacity,robustness,0.5435,0.4565,31,0.039,True,rank,rank_average,13,0.003166004111113407,0.04115805344447429,0.5384615384615384,-0.021157881902913102,0.04018986929153033,0.01793969142792545,0.019761280440438955,0.059283841321316866,1.0,0.01108360241924618,0.03286044983310891,0.00942408122074155,0.004782993301442303,0.03348095311009612,0.5714285714285714,-0.011670213545117287,0.03286044983310891,0.014848135638006523,0.003166004111113407,0.04115805344447429,0.5384615384615384,-0.021157881902913102,0.04018986929153033,0.01793969142792545,0.015921518649401445,-0.000553435716638021,-0.004639017146165144,0.0,0.005423708815348698,neighbor,0.6126995884773663,437.0,0.2793950617283951,987.0,0.32242798353909463,930.0,550.0,0.0,0.41917181069958853
recent_compact_capacity,robustness,0.105,0.895,31,0.031758,True,rank,rank_average,13,0.0017507883048315637,0.02276024796281033,0.6923076923076923,-0.03593855066982045,0.016376615703244227,0.014687234799430085,0.01318845708484564,0.03956537125453692,1.0,0.00803427699344643,0.016376615703244227,0.0036785489993992975,0.009361548809506846,0.06553084166654792,1.0,0.0020748934072495565,0.016376615703244227,0.004866063189341372,0.0017507883048315637,0.02276024796281033,0.6923076923076923,-0.03593855066982045,0.016376615703244227,0.014687234799430085,0.011168731946199335,0.007020797645811255,-0.010169464694979065,0.0,0.00610143201484794,neighbor,0.3229465020576131,880.0,0.7113539094650205,285.0,0.12260493827160493,1193.0,908.0,0.05,0.41767860082304525
short_aggressive_compact_capacity,robustness,0.9955,0.0044999999999999485,32,0.03125,True,equal,rank_average,13,0.005199428919171612,0.06759257594923096,0.6923076923076923,-0.024081084480881164,0.02898924083485302,0.013953727413048483,0.010988835335711454,0.03296650600713436,1.0,0.005707719106045228,0.014877963214671372,0.0038709661093259116,0.008791148114928503,0.06153803680449952,0.8571428571428571,-0.008811081726008349,0.020502347111215055,0.008544494185736341,0.005199428919171612,0.06759257594923096,0.6923076923076923,-0.024081084480881164,0.02898924083485302,0.013953727413048483,0.009147183446350453,0.002960440313069348,-0.004290775702455272,0.0,0.0043474551640530976,neighbor,0.22660082304526746,1013.0,0.5593415637860082,523.0,0.5010864197530864,582.0,490.0,0.0,0.4175069958847737
short_aggressive_medium_capacity,robustness,0.9955,0.0044999999999999485,32,0.03125,True,equal,rank_average,13,0.005199428919171612,0.06759257594923096,0.6923076923076923,-0.024081084480881164,0.02898924083485302,0.013953727413048483,0.010988835335711454,0.03296650600713436,1.0,0.005707719106045228,0.014877963214671372,0.0038709661093259116,0.008791148114928503,0.06153803680449952,0.8571428571428571,-0.008811081726008349,0.020502347111215055,0.008544494185736341,0.005199428919171612,0.06759257594923096,0.6923076923076923,-0.024081084480881164,0.02898924083485302,0.013953727413048483,0.009147183446350453,0.002960440313069348,-0.004290775702455272,0.0,0.0043474551640530976,neighbor,0.22660082304526746,1013.0,0.5593415637860082,523.0,0.5010864197530864,582.0,490.0,0.0,0.4175069958847737
recent_compact_capacity,robustness,0.03,0.97,30,0.036758,True,rank,rank_average,13,0.0019511974977432533,0.025365567470662292,0.6923076923076923,-0.03457197288230091,0.02344200042060124,0.01638831063017844,0.012526260007185869,0.03757878002155761,1.0,0.002012937928433073,0.02344200042060124,0.008753004634995025,0.01032229111137752,0.07225603777964265,1.0,0.002012937928433073,0.02344200042060124,0.0087184922228474,0.0019511974977432533,0.025365567470662292,0.6923076923076923,-0.03457197288230091,0.02344200042060124,0.01638831063017844,0.00880423772047886,0.0075479754498681,-0.009604260785137956,0.0,0.005477644922861496,neighbor,0.22220576131687242,1023.0,0.7916625514403293,138.0,0.14630864197530863,1172.0,1034.0,0.05,0.41707674897119346
short_aggressive_wide_capacity,robustness,0.5685,0.4315,35,0.035,True,rank,rank_average,13,0.0035205979008117515,0.04576777271055277,0.5384615384615384,-0.018216042460095304,0.035489228372068124,0.017143828976254646,0.02070935970096432,0.06212807910289296,1.0,0.014440056879493745,0.032642520988459385,0.008441638642345595,0.005516181728642754,0.03861327210049928,0.5714285714285714,-0.013338101803877993,0.032642520988459385,0.015760740273549487,0.0035205979008117515,0.04576777271055277,0.5384615384615384,-0.018216042460095304,0.035489228372068124,0.017143828976254646,0.0175695537997826,-0.0006859214385247973,-0.0034660916699072136,0.0,0.006199243122090799,neighbor,0.7300329218106995,273.0,0.24685185185185185,1021.0,0.426156378600823,766.0,748.0,0.05,0.4170199588477366
recent_compact_capacity,robustness,0.03,0.97,31,0.036758,True,rank,rank_average,13,0.0019320449326022165,0.025116584123828816,0.6923076923076923,-0.03620808605341869,0.0239751528266414,0.016839071160914133,0.012418722597955045,0.03725616779386513,1.0,0.0016782175292571477,0.0239751528266414,0.00912095138729002,0.010472622477862011,0.07330835734503408,1.0,0.0016782175292571477,0.0239751528266414,0.008731551211794293,0.0019320449326022165,0.025116584123828816,0.6923076923076923,-0.03620808605341869,0.0239751528266414,0.016839071160914133,0.008632483665489233,0.0075232065970362045,-0.010155095093737212,0.0,0.005315172170801403,neighbor,0.21635390946502056,1029.0,0.8002551440329218,127.0,0.134037037037037,1184.0,1057.0,0.05,0.4167619341563786
short_aggressive_wide_capacity,robustness,0.6185,0.38149999999999995,35,0.033,True,rank,rank_average,13,0.0039491544825472425,0.051339008273114155,0.5384615384615384,-0.018417748082342044,0.03229912631976563,0.017345669502555644,0.019024989358757256,0.05707496807627177,1.0,0.010026353285914603,0.031743834352753145,0.009248142580536328,0.006625741344909489,0.046380189414366425,0.5714285714285714,-0.013394065136952554,0.031743834352753145,0.016977909049006288,0.0039491544825472425,0.051339008273114155,0.5384615384615384,-0.018417748082342044,0.03229912631976563,0.017345669502555644,0.015152940518843454,-7.194035716736268e-05,-0.0032883772736594084,0.0,0.005535546455763158,neighbor,0.5557613168724279,512.0,0.275641975308642,1000.0,0.46129218106995884,680.0,488.0,0.0,0.4155372427983539
stable_compact_current,robustness,0.4965,0.5035000000000001,32,0.03,True,rank,rank_average,13,0.0064975771489994985,0.08446850293699348,0.5384615384615384,-0.02599749376969488,0.034970193564418925,0.019526083638755312,0.02170107171821462,0.06510321515464386,1.0,0.012059326636513608,0.02994608272496105,0.007368724919052926,0.007580097069287638,0.053060679485013466,0.5714285714285714,-0.02599749376969488,0.031401121457098696,0.020725887489214605,0.0064975771489994985,0.08446850293699348,0.5384615384615384,-0.02599749376969488,0.034970193564418925,0.019526083638755312,0.017349188669431824,-0.0036870890430767854,-0.004337092430608058,0.0,0.004629921533796968,neighbor,0.7041810699588477,306.0,0.22985185185185183,1033.0,0.5339835390946501,513.0,727.0,0.05,0.41520329218106994
short_aggressive_wide_capacity,robustness,0.5835,0.4165,32,0.042,True,rank,rank_average,13,0.0037426544951050097,0.048654508436365124,0.5384615384615384,-0.02246475077532127,0.04123435144196175,0.01793363042485362,0.017915643879330218,0.05374693163799066,1.0,0.010084509928488698,0.03122132451896093,0.009457597610521026,0.006361749131689144,0.044532243921824005,0.5714285714285714,-0.01140475932917969,0.03122132451896093,0.013647706899223499,0.0037426544951050097,0.048654508436365124,0.5384615384615384,-0.02246475077532127,0.04123435144196175,0.01793363042485362,0.014539805287619494,0.0004340549978620854,-0.004741593155184625,0.0,0.005300007890808043,neighbor,0.5140329218106996,571.0,0.345,908.0,0.3612921810699588,887.0,337.0,0.0,0.4150569958847736
short_aggressive_wide_capacity,robustness,0.6,0.4,35,0.036,True,rank,rank_average,13,0.003974942591645776,0.05167425369139509,0.5384615384615384,-0.019314049000319064,0.03663068969821218,0.0177658592179756,0.018895729738392347,0.05668718921517704,1.0,0.01010572778507559,0.03202027650229808,0.00945702808871555,0.006564123777704427,0.04594886644393099,0.5714285714285714,-0.013216153302450769,0.03202027650229808,0.01607643686573552,0.003974942591645776,0.05167425369139509,0.5384615384615384,-0.019314049000319064,0.03663068969821218,0.0177658592179756,0.015105456119958581,-4.8351465088659505e-05,-0.0035694573544056605,0.0,0.005485005685532687,neighbor,0.5572921810699588,510.0,0.27813580246913583,992.0,0.44130452674897114,738.0,482.0,0.0,0.4142736625514404
short_aggressive_wide_capacity,robustness,0.5685,0.4315,30,0.039,True,rank,rank_average,13,0.0034810723765584155,0.0452539408952594,0.5384615384615384,-0.020681740371034048,0.04077900362850516,0.018303261309724334,0.02103006023186338,0.06309018069559014,1.0,0.013071592142215469,0.034008249126279845,0.009255056244578333,0.005283187889346998,0.03698231522542898,0.5714285714285714,-0.011931587598777951,0.034008249126279845,0.015432714460176964,0.0034810723765584155,0.0452539408952594,0.5384615384615384,-0.020681740371034048,0.04077900362850516,0.018303261309724334,0.01730075973909323,-0.0003545782392403642,-0.004302301529341401,0.0,0.006115398458577919,neighbor,0.7097860082304527,303.0,0.2787037037037037,990.0,0.36529218106995887,879.0,687.0,0.05,0.4141248971193416
short_aggressive_wide_capacity,robustness,0.6035,0.39649999999999996,35,0.036,True,rank,rank_average,13,0.004013034002733414,0.05216944203553438,0.5384615384615384,-0.019314049000319064,0.03663068969821218,0.017804565174730485,0.018883927922561963,0.05665178376768589,1.0,0.009840188412181289,0.03225041042770123,0.009646038666909662,0.006604784211037267,0.04623348947726087,0.5714285714285714,-0.013216153302450769,0.03225041042770123,0.016160992613769094,0.004013034002733414,0.05216944203553438,0.5384615384615384,-0.019314049000319064,0.03663068969821218,0.017804565174730485,0.015011101091880145,-2.5175018088940395e-05,-0.0035477452500857066,0.0,0.0054609498910991785,neighbor,0.5503045267489711,518.0,0.27954320987654324,986.0,0.44599588477366253,725.0,468.0,0.0,0.4128156378600823
short_aggressive_wide_capacity,robustness,0.6435,0.35650000000000004,35,0.033,True,rank,rank_average,13,0.003777746140142061,0.04911069982184679,0.5384615384615384,-0.01955828916350514,0.0326534969036459,0.017512791452307313,0.019091480457264345,0.057274441371793036,1.0,0.01066067744078358,0.03130898349340543,0.008844676684871215,0.0062617928583548746,0.04383255000848412,0.5714285714285714,-0.013394065136952554,0.03130898349340543,0.017155174506016377,0.003777746140142061,0.04911069982184679,0.5384615384615384,-0.01955828916350514,0.0326534969036459,0.017512791452307313,0.015400167416099259,-0.0002793909945034928,-0.0037624585856141832,0.0,0.005469972231071004,neighbor,0.5765267489711934,484.0,0.265320987654321,1008.0,0.41460082304526746,790.0,524.0,0.0,0.4121952674897119
balanced_medium_current,robustness,0.01,0.99,51,0.03,True,equal,rank_average,13,0.00744480410347441,0.09678245334516733,0.6923076923076923,-0.01966114674153774,0.02966786111426018,0.01446093816183766,0.01582410444837552,0.047472313345126554,1.0,0.010995439204758619,0.020742098763089925,0.003979558425982302,0.008604301101408682,0.06023010770986077,0.8571428571428571,-0.01643454574280717,0.020742098763089925,0.011614097592606194,0.00744480410347441,0.09678245334516733,0.6923076923076923,-0.01966114674153774,0.02966786111426018,0.01446093816183766,0.01364823447314439,0.00033819438981943855,-0.0015523323934193485,0.0,0.005378631405663603,neighbor,0.4712674897119341,632.0,0.3678847736625514,867.0,0.7202098765432099,236.0,631.0,0.05,0.4120866255144033
balanced_extra_wide_capacity,robustness,0.75,0.25,62,0.03,False,equal,rank_average,13,0.004670595709856704,0.06071774422813715,0.5384615384615384,-0.018907255050229478,0.023934261078990965,0.014213792185442735,0.012456386515362903,0.03736915954608871,1.0,0.009367128321169114,0.015996144428459938,0.0027249680285866625,0.007876697523047019,0.055136882661329135,0.7142857142857143,-0.010874101855804112,0.022647381481376558,0.011134393199499173,0.004670595709856704,0.06071774422813715,0.5384615384615384,-0.018907255050229478,0.023934261078990965,0.014213792185442735,0.011191292659742662,0.0016155496900071575,-0.003038693073495868,0.0,0.004747710463375906,neighbor,0.3255884773662551,878.0,0.45515637860082303,679.0,0.5113045267489712,562.0,316.0,0.0,0.4117514403292181
recent_compact_capacity,robustness,0.105,0.895,36,0.030758,True,rank,rank_average,13,0.002099200910447402,0.027289611835816227,0.6923076923076923,-0.027944529820590962,0.01661588906196637,0.012554540653787728,0.013677141615452254,0.04103142484635676,1.0,0.010000188669839094,0.01661588906196637,0.002750828170905785,0.008864650836977876,0.06205255585884513,1.0,0.001145616650587148,0.01661588906196637,0.005074458074918808,0.002099200910447402,0.027289611835816227,0.6923076923076923,-0.027944529820590962,0.01661588906196637,0.012554540653787728,0.012096032981854684,0.006430904471771148,-0.0073328426295323065,0.0,0.0066323938106090455,neighbor,0.36709465020576126,804.0,0.6373292181069958,403.0,0.18541975308641975,1124.0,721.0,0.05,0.41144897119341567
balanced_extra_wide_capacity,robustness,0.7,0.30000000000000004,59,0.03,False,equal,rank_average,13,0.005739685535990872,0.07461591196788134,0.6153846153846154,-0.021004184928197202,0.027492091736672587,0.014930036204498317,0.011017917163018967,0.0330537514890569,1.0,0.004923891503885246,0.01739374431414748,0.005094694386520754,0.009953967949167806,0.06967777564417464,0.8571428571428571,-0.010138573868873325,0.023252489083494775,0.009906479377103629,0.005739685535990872,0.07461591196788134,0.6153846153846154,-0.021004184928197202,0.027492091736672587,0.014930036204498317,0.008905096979202942,0.0031851752114403086,-0.0030443756554056644,0.0,0.004538711288518467,neighbor,0.21462551440329217,1036.0,0.6423292181069958,389.0,0.5760082304526748,405.0,647.0,0.05,0.4112995884773662
short_aggressive_wide_capacity,robustness,0.5935,0.4065,35,0.037,True,rank,rank_average,13,0.003917399968875113,0.050926199595376476,0.5384615384615384,-0.019765429298981285,0.03755556915695403,0.017849576608631342,0.018467627627860608,0.055402882883581826,1.0,0.010280574190618792,0.03136446391879887,0.009229270191957907,0.006625469558252851,0.04637828690776996,0.5714285714285714,-0.013039007832666885,0.03136446391879887,0.015687630343935784,0.003917399968875113,0.050926199595376476,0.5384615384615384,-0.019765429298981285,0.03755556915695403,0.017849576608631342,0.014919137230784748,4.507363485262389e-05,-0.0037512121479434716,0.0,0.0054252562058060595,neighbor,0.545835390946502,526.0,0.2865802469135802,974.0,0.4239835390946502,772.0,448.0,0.0,0.41089279835390946
recent_compact_current,robustness,0.85,0.15000000000000002,38,0.03,True,equal,rank_average,13,0.005602197312564213,0.07282856506333477,0.8461538461538461,-0.010598861284003565,0.025307626398346297,0.008180231681798707,0.006610614596948968,0.019831843790846904,1.0,0.002331348508300482,0.009512714848681797,0.0030892766073916753,0.00865979572184883,0.060618570052941814,1.0,0.002331348508300482,0.025307626398346297,0.007189798484289049,0.005602197312564213,0.07282856506333477,0.8461538461538461,-0.010598861284003565,0.025307626398346297,0.008180231681798707,0.00553739532800007,0.0067054285691929925,0.0005417820905942709,0.0,0.005313668300926016,neighbor,0.11376131687242798,1184.0,0.6526748971193415,378.0,0.7937407407407406,171.0,1013.0,0.05,0.40826934156378597
balanced_extra_wide_capacity,robustness,0.715,0.28500000000000003,59,0.03,False,equal,rank_average,13,0.005457774514969897,0.07095106869460865,0.6153846153846154,-0.021004184928197205,0.027492091736672587,0.015339079795711624,0.011017917163018963,0.03305375148905689,1.0,0.004923891503885242,0.01739374431414748,0.005094694386520755,0.009953967949167806,0.06967777564417464,0.8571428571428571,-0.010138573868873325,0.023252489083494775,0.009906479377103629,0.005457774514969897,0.07095106869460865,0.6153846153846154,-0.021004184928197205,0.027492091736672587,0.015339079795711624,0.008905096979202939,0.0031851752114403086,-0.003205064937387622,0.0,0.004514607896221171,neighbor,0.21388477366255143,1037.0,0.6423292181069958,389.0,0.5556255144032921,467.0,648.0,0.05,0.4079458847736625
short_aggressive_wide_capacity,robustness,0.6,0.4,32,0.042,True,rank,rank_average,13,0.0039718663314026745,0.05163426230823477,0.5384615384615384,-0.022827047561968655,0.042007231592268934,0.01819150921688623,0.017552592258560002,0.05265777677568001,1.0,0.00888140671927094,0.03133527286586804,0.009853580148186804,0.006689176839791777,0.04682423787854244,0.5714285714285714,-0.01140475932917969,0.03133527286586804,0.013924262123701955,0.0039718663314026745,0.05163426230823477,0.5384615384615384,-0.022827047561968655,0.042007231592268934,0.01819150921688623,0.01393584180473861,0.0006206887914805865,-0.004730500348088594,0.0,0.005144071625848419,neighbor,0.479440329218107,622.0,0.35391358024691355,895.0,0.37613168724279833,853.0,273.0,0.0,0.4074569958847737
short_aggressive_wide_capacity,robustness,0.6035,0.39649999999999996,32,0.042,True,rank,rank_average,13,0.004010134872437473,0.052131753341687154,0.5384615384615384,-0.022827047561968655,0.042007231592268934,0.018225831418487597,0.017631684510498,0.052895053531494,1.0,0.008606197845402896,0.03184775849555008,0.010173468202738305,0.006696907642946241,0.046878353500623686,0.5714285714285714,-0.01140475932917969,0.03184775849555008,0.014031043349830572,0.004010134872437473,0.052131753341687154,0.5384615384615384,-0.022827047561968655,0.042007231592268934,0.018225831418487597,0.013890105459966814,0.0006250953492786305,-0.004708687279698758,0.0,0.005131031999207296,neighbor,0.4760082304526748,625.0,0.35485185185185186,892.0,0.38129218106995877,850.0,267.0,0.0,0.4072804526748971
short_aggressive_wide_capacity,robustness,0.6035,0.39649999999999996,31,0.03,True,rank,rank_average,13,0.004137575397907386,0.05378848017279601,0.5384615384615384,-0.017575599224292852,0.03363674484289372,0.016511234880004316,0.01812010638607602,0.05436031915822806,1.0,0.007552928551728205,0.03363674484289372,0.011209051057600816,0.006715223348919839,0.04700656344243888,0.5714285714285714,-0.012187061271588848,0.03363674484289372,0.016104419014964472,0.004137575397907386,0.05378848017279601,0.5384615384615384,-0.017575599224292852,0.03363674484289372,0.016511234880004316,0.013820927062133639,0.00037737566068855974,-0.002903068228747893,0.0,0.005262729637851124,neighbor,0.47460082304526746,628.0,0.31260493827160496,936.0,0.5074897119341564,568.0,368.0,0.0,0.40663600823045265
stable_compact_current,robustness,0.4965,0.5035000000000001,36,0.037758,True,rank,rank_average,13,0.0041987172610153094,0.05458332439319902,0.46153846153846156,-0.028312063892451386,0.03696568156826892,0.019978468113324658,0.022534462947264244,0.06760338884179273,1.0,0.015844070045425936,0.02704521346332691,0.004825593860828522,0.005736036193655766,0.04015225335559036,0.5714285714285714,-0.028312063892451386,0.028211079120002022,0.02182652968092243,0.0041987172610153094,0.05458332439319902,0.46153846153846156,-0.028312063892451386,0.03696568156826892,0.019978468113324658,0.019073186994931178,-0.005502011882696599,-0.00648817378419177,0.0,0.004180143383130236,neighbor,0.8375637860082304,129.0,0.1625185185185185,1072.0,0.3202880658436214,940.0,943.0,0.05,0.40620205761316874
recent_compact_capacity,robustness,0.005,0.995,33,0.03,True,rank,rank_average,13,0.0022423620339391097,0.029150706441208426,0.6923076923076923,-0.030029181570691763,0.02296651901742694,0.013548752092590386,0.013203946020506627,0.03961183806151988,1.0,0.005481630791372864,0.02296651901742694,0.007282504966866878,0.009678409012785102,0.06774886308949571,1.0,0.0012510014398347603,0.02296651901742694,0.006420243724361493,0.0022423620339391097,0.029150706441208426,0.6923076923076923,-0.030029181570691763,0.02296651901742694,0.013548752092590386,0.010335187392841824,0.006929523612432978,-0.007939175866675299,0.0,0.006061484202730276,neighbor,0.28240329218106996,926.0,0.699551440329218,300.0,0.1895679012345679,1117.0,817.0,0.05,0.4061946502057613
stable_compact_current,robustness,0.4965,0.5035000000000001,32,0.030758,True,rank,rank_average,13,0.0064800148514241275,0.08424019306851366,0.5384615384615384,-0.026563769961004253,0.034734427314878046,0.019707837711798206,0.021787179089258115,0.06536153726777434,1.0,0.011113174190534335,0.030968294482885246,0.008174268153245769,0.00757460626960411,0.05302224388722877,0.5714285714285714,-0.026563769961004253,0.03205635429223215,0.02116518605244951,0.0064800148514241275,0.08424019306851366,0.5384615384615384,-0.026563769961004253,0.034734427314878046,0.019707837711798206,0.017086039563753458,-0.0038770899420284893,-0.004533974083358113,0.0,0.0044096292390848465,neighbor,0.684156378600823,331.0,0.22802469135802467,1039.0,0.5316131687242798,519.0,708.0,0.05,0.40601563786008227
short_aggressive_wide_capacity,robustness,0.6185,0.38149999999999995,32,0.042,True,rank,rank_average,13,0.00404417926704694,0.052574330471610226,0.5384615384615384,-0.022827047561968655,0.0425229175124448,0.01824466437820894,0.01745551720386039,0.05236655161158117,1.0,0.008899331209629595,0.03102612321141055,0.009704192809468245,0.006607321758194233,0.04625125230735963,0.5714285714285714,-0.01140475932917969,0.03102612321141055,0.013818892329689338,0.00404417926704694,0.052574330471610226,0.5384615384615384,-0.022827047561968655,0.0425229175124448,0.01824466437820894,0.013886424105378187,0.0005740313949699866,-0.004689281974771362,0.0,0.005109491473672065,neighbor,0.47502057613168724,627.0,0.3506296296296296,904.0,0.38457613168724275,847.0,277.0,0.0,0.40547798353909464
recent_compact_current,robustness,0.775,0.22499999999999998,39,0.03,True,equal,rank_average,13,0.0064226628542445215,0.08349461710517878,0.8461538461538461,-0.007629135884589182,0.024928992202254096,0.007939015063011411,0.005409617286223924,0.01622885185867177,1.0,0.0024232431640279356,0.008461153777061726,0.002465397296375276,0.008138241058603514,0.05696768741022459,1.0,0.0024232431640279356,0.024928992202254096,0.007290190238346214,0.0064226628542445215,0.08349461710517878,0.8461538461538461,-0.007629135884589182,0.024928992202254096,0.007939015063011411,0.004883152097276855,0.006438467647533221,0.001989456831158793,0.0,0.005148989804974511,neighbor,0.11103292181069958,1191.0,0.6283415637860081,428.0,0.8537407407407407,56.0,1135.0,0.05,0.40522798353909456
short_aggressive_wide_capacity,robustness,0.5435,0.4565,35,0.033,True,rank,rank_average,13,0.0029974811916749088,0.038967255491773815,0.5384615384615384,-0.018042204753338814,0.03225395668028086,0.016511748875106366,0.020821022310358556,0.06246306693107567,1.0,0.015304780437604026,0.030979744437979448,0.00719215272784092,0.004754765077472689,0.03328335554230882,0.5714285714285714,-0.013394065136952554,0.030979744437979448,0.015756909239975823,0.0029974811916749088,0.038967255491773815,0.5384615384615384,-0.018042204753338814,0.03225395668028086,0.016511748875106366,0.017918560261313707,-0.0011383968296063386,-0.003706901750885573,0.0,0.0060991102685697945,neighbor,0.7531069958847737,241.0,0.21653086419753087,1048.0,0.3717860082304527,864.0,807.0,0.05,0.40444958847736634
short_aggressive_compact_capacity,robustness,0.9555,0.044499999999999984,30,0.033333,True,equal,rank_average,13,0.007118979115959942,0.09254672850747925,0.6153846153846154,-0.02135276326845996,0.0492778798773746,0.017610887066537545,0.011126808204134059,0.033380424612402176,1.0,0.002215299443198364,0.015928575856780727,0.006307718366239841,0.009958732694351038,0.06971112886045727,0.8571428571428571,-0.011107791108276963,0.024533685283683184,0.010584550538495626,0.007118979115959942,0.09254672850747925,0.6153846153846154,-0.02135276326845996,0.0492778798773746,0.017610887066537545,0.008073329492611872,0.00286804942719155,-0.0023732091671100045,0.0,0.004163972664214446,neighbor,0.19237860082304525,1070.0,0.6212674897119342,436.0,0.6517860082304526,302.0,768.0,0.05,0.40428971193415647
short_aggressive_medium_capacity,robustness,0.9555,0.044499999999999984,30,0.033333,True,equal,rank_average,13,0.007118979115959942,0.09254672850747925,0.6153846153846154,-0.02135276326845996,0.0492778798773746,0.017610887066537545,0.011126808204134059,0.033380424612402176,1.0,0.002215299443198364,0.015928575856780727,0.006307718366239841,0.009958732694351038,0.06971112886045727,0.8571428571428571,-0.011107791108276963,0.024533685283683184,0.010584550538495626,0.007118979115959942,0.09254672850747925,0.6153846153846154,-0.02135276326845996,0.0492778798773746,0.017610887066537545,0.008073329492611872,0.00286804942719155,-0.0023732091671100045,0.0,0.004163972664214446,neighbor,0.19237860082304525,1070.0,0.6212674897119342,436.0,0.6517860082304526,302.0,768.0,0.05,0.40428971193415647
short_aggressive_wide_capacity,robustness,0.6185,0.38149999999999995,35,0.036,True,rank,rank_average,13,0.003997567892451129,0.05196838260186468,0.5384615384615384,-0.0197046769527944,0.03649763516637894,0.017751635469156115,0.0186133336539329,0.055840000961798704,1.0,0.00964933320919107,0.03162948282480426,0.00941971960853719,0.006512101549117999,0.04558471084382599,0.5714285714285714,-0.013216153302450769,0.03162948282480426,0.016036743354559263,0.003997567892451129,0.05196838260186468,0.5384615384615384,-0.0197046769527944,0.03649763516637894,0.017751635469156115,0.014793880141774806,-7.800413538292341e-05,-0.003685468157263471,0.0,0.005329629972198087,neighbor,0.5363292181069959,536.0,0.2767283950617284,997.0,0.4315637860082304,758.0,461.0,0.0,0.4037940329218107
short_aggressive_wide_capacity,robustness,0.6185,0.38149999999999995,31,0.03,True,rank,rank_average,13,0.004307669450722861,0.05599970285939719,0.5384615384615384,-0.01810283320020374,0.03421340822523075,0.01692130712663489,0.017981761186016052,0.05394528355804816,1.0,0.007552928551728209,0.03322170924271382,0.011017613148841629,0.00665593254889414,0.04659152784225898,0.5714285714285714,-0.012187061271588848,0.03322170924271382,0.016005655472637846,0.004307669450722861,0.05599970285939719,0.5384615384615384,-0.01810283320020374,0.03421340822523075,0.01692130712663489,0.013742070298099457,0.0003435799046739112,-0.002980101830693666,0.0,0.0052044238017389935,neighbor,0.47018106995884773,635.0,0.30979012345679013,938.0,0.5084279835390947,566.0,372.0,0.0,0.40374218106995885
short_aggressive_wide_capacity,robustness,0.5835,0.4165,35,0.036,True,rank,rank_average,13,0.004041266676948877,0.0525364668003354,0.5384615384615384,-0.018980105321703196,0.036644420420598886,0.017614639799940775,0.01986068766958495,0.05958206300875485,1.0,0.01235574877105534,0.03266512930989614,0.009098764804465647,0.006545730760032703,0.04582011532022892,0.5714285714285714,-0.013216153302450769,0.03266512930989614,0.015978670546255392,0.004041266676948877,0.0525364668003354,0.5384615384615384,-0.018980105321703196,0.036644420420598886,0.017614639799940775,0.016397989066111684,-5.883548516154194e-05,-0.003421451211839657,0.0,0.006019501976346032,neighbor,0.6487242798353909,379.0,0.2776666666666666,994.0,0.45689711934156374,692.0,615.0,0.05,0.40297427983539097
balanced_medium_current,robustness,0.05,0.95,50,0.03,True,equal,rank_average,13,0.007064405176242546,0.0918372672911531,0.7692307692307693,-0.019572292152947632,0.027195583730045166,0.01414432456918872,0.015998612157859336,0.04799583647357801,1.0,0.010488897580271696,0.02078088875564179,0.004233056035483998,0.008525102471278603,0.05967571729895022,0.8571428571428571,-0.016808483202152554,0.02078088875564179,0.012048073733067386,0.007064405176242546,0.0918372672911531,0.7692307692307693,-0.019572292152947632,0.027195583730045166,0.01414432456918872,0.01358054513146948,0.00016965180906131745,-0.001662914690783699,0.0,0.00525912416304783,neighbor,0.46667489711934157,641.0,0.35161316872427983,899.0,0.7171440329218107,240.0,659.0,0.05,0.4024674897119342
recent_compact_capacity,robustness,0.105,0.895,32,0.031758,True,rank,rank_average,13,0.0016565423916947955,0.021535051092032343,0.6923076923076923,-0.03471729346625582,0.01446404261056361,0.013948827866813836,0.012576913667079604,0.03773074100123881,1.0,0.009673692628634933,0.01446404261056361,0.00208345795836668,0.00880844494947573,0.0616591146463301,1.0,0.0020212000290737706,0.01446404261056361,0.004201000622663705,0.0016565423916947955,0.021535051092032343,0.6923076923076923,-0.03471729346625582,0.01446404261056361,0.013948827866813836,0.011361159357684902,0.006687809630795509,-0.009820169988290696,0.0,0.006080952578688336,neighbor,0.3407736625514403,849.0,0.6580452674897119,372.0,0.11991358024691358,1195.0,823.0,0.05,0.4004168724279835
recent_compact_capacity,robustness,0.105,0.895,36,0.03,True,rank,rank_average,13,0.002043566446078098,0.026566363799015277,0.6923076923076923,-0.026824326218322984,0.015048660168380617,0.012104477168600674,0.012979047582287373,0.03893714274686212,1.0,0.01056711207096555,0.015048660168380617,0.001845527399997797,0.008579946256231772,0.060059623793622396,1.0,0.0008485941987579318,0.015048660168380617,0.004671767087508708,0.002043566446078098,0.026566363799015277,0.6923076923076923,-0.026824326218322984,0.015048660168380617,0.012104477168600674,0.011885204105322435,0.006170605451642227,-0.006994887085474377,0.0,0.00648162103254682,neighbor,0.37032921810699587,794.0,0.6074526748971194,457.0,0.1887283950617284,1119.0,662.0,0.05,0.3997946502057614
short_aggressive_wide_capacity,robustness,0.5435,0.4565,32,0.039,True,rank,rank_average,13,0.00296933224362057,0.03860131916706741,0.5384615384615384,-0.02104510549134221,0.039626873952494535,0.017709142604878617,0.019230291565036098,0.05769087469510829,1.0,0.010912099082175483,0.0323981173945703,0.009418119183362024,0.004617953102538876,0.032325671717772134,0.5714285714285714,-0.011790629365867264,0.0323981173945703,0.014571736415460477,0.00296933224362057,0.03860131916706741,0.5384615384615384,-0.02104510549134221,0.039626873952494535,0.017709142604878617,0.015562258889188486,-0.0006872458508604669,-0.004713903894817666,0.0,0.005208557338565535,neighbor,0.5882798353909465,469.0,0.26554320987654323,1007.0,0.29919341563786006,969.0,538.0,0.0,0.39968539094650213
recent_compact_capacity,robustness,0.105,0.895,32,0.03,True,rank,rank_average,13,0.001453929301547949,0.018901080920123336,0.6923076923076923,-0.03563009469880854,0.013370968142574057,0.013857591134515644,0.01202173578087302,0.03606520734261906,1.0,0.011091704594136602,0.013370968142574057,0.0009765783121449142,0.008541246656375808,0.05978872659463066,1.0,0.0019721777654914886,0.013370968142574057,0.00374273193205779,0.001453929301547949,0.018901080920123336,0.6923076923076923,-0.03563009469880854,0.013370968142574057,0.013857591134515644,0.0115126519111627,0.006519329256746402,-0.010236883856416797,0.0,0.006003226351538442,neighbor,0.36667489711934154,806.0,0.6332798353909466,421.0,0.11023456790123456,1204.0,783.0,0.05,0.39818106995884783
stable_medium_capacity,robustness,0.7725,0.22750000000000004,93,0.03,True,equal,rank_average,13,0.0031236362731438196,0.040607271550869656,0.6153846153846154,-0.013303858888565397,0.02229485953391984,0.010442255987905654,0.01159146568760508,0.03477439706281524,1.0,0.008555732056978665,0.015107839734975627,0.0026963914359346597,0.005088680203015397,0.03562076142110778,0.8571428571428571,-0.0022754863088468302,0.015107839734975627,0.00600405021979219,0.0031236362731438196,0.040607271550869656,0.6153846153846154,-0.013303858888565397,0.02229485953391984,0.010442255987905654,0.010430527020737854,0.0030067800909421793,-0.001994416142149989,0.0,0.005226099427896624,exact,0.2962551440329218,910.0,0.44202057613168727,702.0,0.537724279835391,504.0,406.0,0.0,0.39806995884773666
recent_compact_capacity,robustness,0.105,0.895,32,0.030758,True,rank,rank_average,13,0.0015422012052211725,0.020048615667875243,0.6923076923076923,-0.03425235007896725,0.013755129137428782,0.01349814696158104,0.011982465391057401,0.035947396173172205,1.0,0.010951093353046747,0.013755129137428782,0.0012590444042174776,0.008433759441684417,0.05903631609179092,1.0,0.002144009519767078,0.013755129137428782,0.003740222380879376,0.0015422012052211725,0.020048615667875243,0.6923076923076923,-0.03425235007896725,0.013755129137428782,0.01349814696158104,0.011443866079408144,0.006514766023283254,-0.009731913146775432,0.0,0.006049404170224408,neighbor,0.35976131687242796,817.0,0.6347119341563785,416.0,0.12220987654320987,1194.0,778.0,0.05,0.39785637860082307
stable_compact_current,robustness,0.4965,0.5035000000000001,36,0.034758,True,rank,rank_average,13,0.004834062436996337,0.06284281168095238,0.5384615384615384,-0.028596030095243075,0.036782443737480214,0.01998071989311426,0.022472328249295324,0.06741698474788597,1.0,0.013133465400321832,0.030935767648728428,0.0072940736673873146,0.0059016272512552315,0.04131139075878662,0.5714285714285714,-0.028596030095243075,0.030935767648728428,0.02201580878785533,0.004834062436996337,0.06284281168095238,0.5384615384615384,-0.028596030095243075,0.036782443737480214,0.01998071989311426,0.018143270684204536,-0.005501333826786163,-0.006142812803880765,0.0,0.0038602861310459264,neighbor,0.784156378600823,197.0,0.16693827160493824,1069.0,0.39272427983539093,830.0,872.0,0.05,0.3976934156378601
short_aggressive_compact_capacity,robustness,0.9555,0.044499999999999984,33,0.030303,True,equal,rank_average,13,0.005455603894547273,0.07092285062911455,0.6923076923076923,-0.023886766959003762,0.04073041154655639,0.015474240332403813,0.008924054001276585,0.026772162003829758,1.0,0.00514085256838049,0.014348339668379853,0.003933982102313649,0.00842838453777041,0.058998691764392874,0.8571428571428571,-0.0052578968501690235,0.022144604486533062,0.007918628561766849,0.005455603894547273,0.07092285062911455,0.6923076923076923,-0.023886766959003762,0.04073041154655639,0.015474240332403813,0.007783192128293215,0.003926216083116213,-0.004080631184271604,0.0,0.004267979411078841,neighbor,0.1690946502057613,1127.0,0.557440329218107,528.0,0.5248641975308641,531.0,599.0,0.0,0.3972156378600823
short_aggressive_medium_capacity,robustness,0.9555,0.044499999999999984,33,0.030303,True,equal,rank_average,13,0.005455603894547273,0.07092285062911455,0.6923076923076923,-0.023886766959003762,0.04073041154655639,0.015474240332403813,0.008924054001276585,0.026772162003829758,1.0,0.00514085256838049,0.014348339668379853,0.003933982102313649,0.00842838453777041,0.058998691764392874,0.8571428571428571,-0.0052578968501690235,0.022144604486533062,0.007918628561766849,0.005455603894547273,0.07092285062911455,0.6923076923076923,-0.023886766959003762,0.04073041154655639,0.015474240332403813,0.007783192128293215,0.003926216083116213,-0.004080631184271604,0.0,0.004267979411078841,neighbor,0.1690946502057613,1127.0,0.557440329218107,528.0,0.5248641975308641,531.0,599.0,0.0,0.3972156378600823
balanced_medium_current,robustness,0.025,0.975,51,0.03,True,equal,rank_average,13,0.006918816212870527,0.08994461076731686,0.7692307692307693,-0.01966114674153774,0.02966786111426018,0.014179168243927117,0.01582410444837552,0.047472313345126554,1.0,0.010995439204758622,0.020742098763089925,0.003979558425982301,0.008102205741827618,0.05671544019279332,0.8571428571428571,-0.01643454574280717,0.020742098763089925,0.011836874469065568,0.006918816212870527,0.08994461076731686,0.7692307692307693,-0.01966114674153774,0.02966786111426018,0.014179168243927117,0.01364823447314439,5.200003485823226e-05,-0.001775222414140484,0.0,0.005216410442822889,neighbor,0.4718106995884773,631.0,0.3383292181069959,921.0,0.7064650205761317,252.0,669.0,0.05,0.3969421810699589
stable_compact_capacity,robustness,0.928,0.07199999999999995,38,0.03,True,equal,rank_average,13,0.0048674829661714825,0.06327727856022927,0.5384615384615384,-0.020272155704267013,0.026157978218626934,0.013335755521855017,0.012606395963064107,0.03781918788919232,1.0,0.0048793782477563365,0.018819990255189982,0.0057909701909569225,0.007614908968729027,0.05330436278110319,0.7142857142857143,-0.007064625305278724,0.02423129672131586,0.01109712206483036,0.0048674829661714825,0.06327727856022927,0.5384615384615384,-0.020272155704267013,0.026157978218626934,0.013335755521855017,0.009795840520706131,0.0027234574757192802,-0.0033768845532288305,0.0,0.0046373593893718045,neighbor,0.2548724279835391,951.0,0.4916625514403292,624.0,0.4913909465020576,615.0,336.0,0.0,0.39690576131687244
recent_compact_capacity,robustness,0.03,0.97,30,0.030758,True,rank,rank_average,13,0.0018821667310950677,0.02446816750423588,0.6923076923076923,-0.0346887824654922,0.01796802708994615,0.014995442265248744,0.011228212732447534,0.0336846381973426,1.0,0.004901903445626625,0.015699619187671585,0.004599142289420272,0.010022031803560311,0.07015422262492217,1.0,0.001673216958502484,0.01796802708994615,0.00616896978899478,0.0018821667310950677,0.02446816750423588,0.6923076923076923,-0.0346887824654922,0.01796802708994615,0.014995442265248744,0.00901770939455188,0.007264719724335196,-0.009682155484580547,0.0,0.005423884311084508,neighbor,0.22257613168724277,1022.0,0.7478971193415638,202.0,0.1403827160493827,1177.0,975.0,0.05,0.39664156378600823
short_aggressive_wide_capacity,robustness,0.5435,0.4565,31,0.033,True,rank,rank_average,13,0.002794382942675151,0.03632697825477696,0.5384615384615384,-0.019227486408325757,0.03175041725057037,0.016133781018444256,0.02010825896077985,0.060324776882339545,1.0,0.015039719076058243,0.030202996645172286,0.007138078401575651,0.004644629591738973,0.03251240714217281,0.5714285714285714,-0.012483066753703975,0.030202996645172286,0.014840478125234978,0.002794382942675151,0.03632697825477696,0.5384615384615384,-0.019227486408325757,0.03175041725057037,0.016133781018444256,0.017424814902743734,-0.0009005445900025263,-0.004213810698961125,0.0,0.005932609290752188,neighbor,0.7238477366255144,283.0,0.24141975308641975,1026.0,0.32156378600823043,935.0,743.0,0.05,0.3964125514403292
short_aggressive_wide_capacity,robustness,0.5435,0.4565,32,0.033,True,rank,rank_average,13,0.002809769935680906,0.03652700916385178,0.5384615384615384,-0.018396628642257835,0.03154768749776435,0.016066117213150016,0.02026371789675974,0.060791153690279216,1.0,0.015013977026147839,0.029698686994984395,0.0066856701586361506,0.00456983972347619,0.03198887806433333,0.5714285714285714,-0.012550476120016023,0.029698686994984395,0.01499976525826904,0.002809769935680906,0.03652700916385178,0.5384615384615384,-0.018396628642257835,0.03154768749776435,0.016066117213150016,0.01750493161978184,-0.0009654199057952883,-0.003930857050145431,0.0,0.005977905132783042,neighbor,0.7294650205761317,276.0,0.2281111111111111,1038.0,0.34287242798353906,911.0,762.0,0.05,0.3958668724279835
short_aggressive_wide_capacity,robustness,0.5435,0.4565,32,0.037,True,rank,rank_average,13,0.0031349846288106875,0.04075480017453894,0.5384615384615384,-0.01997095390732396,0.037741178715739246,0.017626074142772584,0.02065730364672014,0.06197191094016043,1.0,0.01284226036031557,0.03319693048461563,0.008956167940532464,0.004844689878269115,0.0339128291478838,0.5714285714285714,-0.011899115382146044,0.03319693048461563,0.015410677074563445,0.0031349846288106875,0.04075480017453894,0.5384615384615384,-0.01997095390732396,0.037741178715739246,0.017626074142772584,0.01701260899753462,-0.0005938062740662279,-0.004265012012533276,0.0,0.005898078973804054,neighbor,0.6908724279835391,319.0,0.2630493827160494,1012.0,0.3400082304526749,915.0,693.0,0.05,0.3957224279835391
recent_compact_capacity,robustness,0.005,0.995,33,0.036758,True,rank,rank_average,13,0.0018555307071221492,0.02412189919258794,0.6923076923076923,-0.03728894024286471,0.023610636154993463,0.017215514222963132,0.011595479466605182,0.034786438399815545,1.0,0.00148250668108426,0.021735256636611737,0.008268172270683539,0.010341015513626138,0.07238710859538297,1.0,0.00148250668108426,0.023610636154993463,0.008356685971789518,0.0018555307071221492,0.02412189919258794,0.6923076923076923,-0.03728894024286471,0.023610636154993463,0.017215514222963132,0.00809865050072276,0.007383606047524705,-0.010555390084778038,0.0,0.004978774408958515,neighbor,0.19921810699588477,1063.0,0.7735884773662551,155.0,0.11895061728395062,1196.0,1041.0,0.05,0.39564465020576134
short_aggressive_wide_capacity,robustness,0.5685,0.4315,35,0.036,True,rank,rank_average,13,0.003400115014329404,0.044201495186282254,0.5384615384615384,-0.01893004167890036,0.03636950669551453,0.017149185413673336,0.020040567850350223,0.06012170355105067,1.0,0.013375474838803907,0.03218504378444339,0.008601073533348994,0.005328777694578272,0.03730144386204791,0.5714285714285714,-0.013216153302450769,0.03218504378444339,0.01533333944058028,0.003400115014329404,0.044201495186282254,0.5384615384615384,-0.01893004167890036,0.03636950669551453,0.017149185413673336,0.016837030371504916,-0.0007524987324705674,-0.003770386657407821,0.0,0.005830629720379039,neighbor,0.68640329218107,328.0,0.24717283950617283,1020.0,0.39902057613168723,824.0,692.0,0.05,0.39564218106995885
stable_extra_wide_capacity,robustness,0.3,0.7,41,0.03,False,equal,rank_average,13,0.005347112669499629,0.06951246470349517,0.7692307692307693,-0.027641257246642827,0.023383315073523904,0.015399201747734514,0.014922972520976687,0.04476891756293006,1.0,0.004913480526027388,0.021750917106355336,0.007232634401961281,0.009756389945792096,0.06829472962054467,0.8571428571428571,-0.0180830447441394,0.021750917106355336,0.013033270314894697,0.005347112669499629,0.06951246470349517,0.7692307692307693,-0.027641257246642827,0.023383315073523904,0.015399201747734514,0.01112754291054575,0.00045088036067834957,-0.005304529900546576,0.0,0.003858233841441571,neighbor,0.3120205761316872,895.0,0.4348724279835391,718.0,0.5006378600823045,586.0,309.0,0.0,0.39559650205761315
stable_compact_capacity,robustness,1.0,0.0,34,0.03,True,equal,rank_average,13,0.003723856073720173,0.04841012895836225,0.5384615384615384,-0.022730591811347935,0.027167763977915378,0.01295392102454368,0.012456698873391873,0.03737009662017562,1.0,0.0016113374995822063,0.019179366427076405,0.007741936163957597,0.008885865199004049,0.062201056393028344,0.7142857142857143,-0.007593433882722857,0.027167763977915378,0.011904902884491447,0.003723856073720173,0.04841012895836225,0.5384615384615384,-0.022730591811347935,0.027167763977915378,0.01295392102454368,0.008632059732695496,0.0032733956964194786,-0.004840035797262781,0.0,0.004199846586877547,neighbor,0.21768724279835389,1026.0,0.5675020576131687,509.0,0.35316872427983537,896.0,517.0,0.0,0.39542613168724283
balanced_medium_current,robustness,0.05,0.95,51,0.03,True,equal,rank_average,13,0.0068829581513062225,0.0894784559669809,0.6923076923076923,-0.019661146741537742,0.02966786111426018,0.014247620072303712,0.015824104448375512,0.04747231334512654,1.0,0.010995439204758619,0.020742098763089925,0.003979558425982302,0.008131610254798551,0.056921271783589855,0.8571428571428571,-0.01643454574280717,0.020742098763089925,0.011817121373853134,0.0068829581513062225,0.0894784559669809,0.6923076923076923,-0.019661146741537742,0.02966786111426018,0.014247620072303712,0.013648234473144387,6.876060725166373e-05,-0.0018725845861552158,0.0,0.005209348374597722,neighbor,0.47056378600823046,633.0,0.3402057613168724,914.0,0.6911851851851851,265.0,649.0,0.05,0.39499588477366254
short_aggressive_wide_capacity,robustness,0.6,0.4,35,0.037,True,rank,rank_average,13,0.0037810151038714106,0.04915319635032834,0.5384615384615384,-0.0197951032331821,0.03758319869077706,0.01774073856637807,0.018209131828007385,0.05462739548402215,1.0,0.009505086791059113,0.03136446391879887,0.009462859308192642,0.006326352191729952,0.04428446534210966,0.5714285714285714,-0.013039007832666885,0.03136446391879887,0.015497287891122752,0.0037810151038714106,0.04915319635032834,0.5384615384615384,-0.0197951032331821,0.03758319869077706,0.01774073856637807,0.014515883783013717,-0.00012542326406542897,-0.003838743919281851,0.0,0.005174101456483766,neighbor,0.5196872427983539,552.0,0.27907407407407403,989.0,0.409835390946502,805.0,437.0,0.0,0.3949335390946502
recent_compact_capacity,robustness,0.03,0.97,31,0.030758,True,rank,rank_average,13,0.0016666960015588642,0.021667048020265235,0.6923076923076923,-0.03660849419902046,0.020749240288511085,0.015033688031833484,0.01172917723307496,0.03518753169922488,1.0,0.005015034747185142,0.020749240288511085,0.006627179302386275,0.009726516531049513,0.06808561571734659,1.0,0.0023422165718223567,0.020749240288511085,0.005984599684939371,0.0016666960015588642,0.021667048020265235,0.6923076923076923,-0.03660849419902046,0.020749240288511085,0.015033688031833484,0.009340592489423823,0.0073170458913996,-0.010438478672480508,0.0,0.0054631358460272735,neighbor,0.2399835390946502,987.0,0.7383415637860082,227.0,0.10951851851851852,1205.0,978.0,0.05,0.39467489711934156
short_aggressive_compact_capacity,robustness,0.9705,0.02949999999999997,31,0.032258,True,equal,rank_average,13,0.005112351488676763,0.06646056935279793,0.6153846153846154,-0.02450736355722585,0.02704906792047647,0.013554241893741893,0.011539230554306092,0.034617691662918275,1.0,0.004841239979529635,0.0163247594185274,0.004879271600161547,0.008766225582676436,0.061363579078735055,0.8571428571428571,-0.011130466380576978,0.021515996571301082,0.009675755165947791,0.005112351488676763,0.06646056935279793,0.6153846153846154,-0.02450736355722585,0.02704906792047647,0.013554241893741893,0.009174970609199251,0.002180837533678022,-0.00455800500995416,0.0,0.003967664382341687,neighbor,0.22813168724279836,1008.0,0.5176378600823045,587.0,0.4685761316872428,661.0,421.0,0.0,0.39447613168724277
short_aggressive_medium_capacity,robustness,0.9705,0.02949999999999997,31,0.032258,True,equal,rank_average,13,0.005112351488676763,0.06646056935279793,0.6153846153846154,-0.02450736355722585,0.02704906792047647,0.013554241893741893,0.011539230554306092,0.034617691662918275,1.0,0.004841239979529635,0.0163247594185274,0.004879271600161547,0.008766225582676436,0.061363579078735055,0.8571428571428571,-0.011130466380576978,0.021515996571301082,0.009675755165947791,0.005112351488676763,0.06646056935279793,0.6153846153846154,-0.02450736355722585,0.02704906792047647,0.013554241893741893,0.009174970609199251,0.002180837533678022,-0.00455800500995416,0.0,0.003967664382341687,neighbor,0.22813168724279836,1008.0,0.5176378600823045,587.0,0.4685761316872428,661.0,421.0,0.0,0.39447613168724277
short_aggressive_wide_capacity,robustness,0.6035,0.39649999999999996,35,0.037,True,rank,rank_average,13,0.0038471051904767125,0.050012367476197264,0.5384615384615384,-0.019795103233182103,0.03758319869077706,0.017812846375975876,0.018298954926278477,0.05489686477883543,1.0,0.009256562020839767,0.0318824579838315,0.009779197413975517,0.006407636727305249,0.04485345709113674,0.5714285714285714,-0.013039007832666885,0.0318824579838315,0.015647113673467494,0.0038471051904767125,0.050012367476197264,0.5384615384615384,-0.019795103233182103,0.03758319869077706,0.017812846375975876,0.014485069774855853,-7.909107878750917e-05,-0.0038010725699168294,0.0,0.005188276039000438,neighbor,0.5145020576131687,566.0,0.28048148148148144,984.0,0.41613168724279836,785.0,418.0,0.0,0.3944372427983539
recent_compact_capacity,robustness,0.005,0.995,36,0.036758,True,rank,rank_average,13,0.0015364786946720271,0.019974223030736354,0.6923076923076923,-0.036472379109921835,0.023549117487096195,0.01698646998324007,0.011676879705978804,0.03503063911793641,1.0,0.0015000628271905278,0.021466061098221335,0.008155691987502694,0.01030407604264538,0.07212853229851766,1.0,0.0015000628271905278,0.023549117487096195,0.008361840002428149,0.0015364786946720271,0.019974223030736354,0.6923076923076923,-0.036472379109921835,0.023549117487096195,0.01698646998324007,0.00815084216538079,0.007368344077280741,-0.010467784558003458,0.0,0.0050059240172281305,neighbor,0.20183539094650205,1056.0,0.7710452674897119,163.0,0.10653086419753086,1207.0,1044.0,0.05,0.3936841563786008
balanced_extra_wide_capacity,robustness,0.75,0.25,69,0.03,False,equal,rank_average,13,0.004260372678442603,0.055384844819753844,0.5384615384615384,-0.022111125723404405,0.026072856961748644,0.014096802714652202,0.011218176209618359,0.033654528628855075,1.0,0.00938302856555142,0.014521001432252836,0.0023402634325665706,0.007653248000768365,0.053572736005378555,0.7142857142857143,-0.009864215219760358,0.020605760359965405,0.009952857751051362,0.004260372678442603,0.055384844819753844,0.5384615384615384,-0.022111125723404405,0.026072856961748644,0.014096802714652202,0.010490759866114432,0.001821446052202764,-0.004329797523549631,0.0,0.004366485041404572,neighbor,0.3003045267489712,908.0,0.4644650205761317,666.0,0.4238724279835391,775.0,242.0,0.0,0.3927119341563786
balanced_extra_wide_capacity,robustness,0.75,0.25,65,0.03,False,equal,rank_average,13,0.0039963304250895965,0.05195229552616476,0.5384615384615384,-0.022712380308749197,0.021941397335500268,0.013805332215050436,0.012433409657583867,0.0373002289727516,1.0,0.010572864550034838,0.015372900496111543,0.0021028836057035124,0.007616856131693471,0.053317992921854296,0.7142857142857143,-0.011226933676460063,0.019802202557351878,0.010481357100271807,0.0039963304250895965,0.05195229552616476,0.5384615384615384,-0.022712380308749197,0.021941397335500268,0.013805332215050436,0.0115760888063343,0.0013510055961191718,-0.0046787156211246265,0.0,0.004536580697618654,neighbor,0.354119341563786,829.0,0.4303415637860082,727.0,0.3819341563786008,849.0,122.0,0.0,0.39259156378600824
recent_compact_capacity,robustness,0.03,0.97,31,0.031758,True,rank,rank_average,13,0.0017655755226698448,0.022952481794707984,0.6923076923076923,-0.03593855066982045,0.020903890084592744,0.014849212487299769,0.011772528993230594,0.035317586979691784,1.0,0.005267132187510654,0.020903890084592744,0.006648248676911891,0.009600324905393285,0.067202274337753,1.0,0.0020748934072495565,0.020903890084592744,0.006011783544041581,0.0017655755226698448,0.022952481794707984,0.6923076923076923,-0.03593855066982045,0.020903890084592744,0.014849212487299769,0.009448495148019955,0.007156900020466525,-0.010161035980811245,0.0,0.005475847671296231,neighbor,0.24860082304526748,965.0,0.7202674897119341,265.0,0.12541975308641976,1191.0,926.0,0.05,0.3923736625514403
balanced_extra_wide_capacity,robustness,0.775,0.22499999999999998,65,0.03,False,equal,rank_average,13,0.00389004488150023,0.050570583459502993,0.5384615384615384,-0.022712380308749197,0.021941397335500268,0.013779249902598543,0.01245849655721173,0.03737548967163519,1.0,0.010572864550034838,0.015372900496111543,0.0020902735126505667,0.007627607660105411,0.05339325362073788,0.7142857142857143,-0.011226933676460063,0.019802202557351878,0.010485223422912682,0.00389004488150023,0.050570583459502993,0.5384615384615384,-0.022712380308749197,0.021941397335500268,0.013779249902598543,0.011590388339122182,0.0013571339673139778,-0.004739298380970565,0.0,0.004535970863794578,neighbor,0.35599588477366256,827.0,0.4312798353909465,722.0,0.37114403292181064,865.0,143.0,0.0,0.3921458847736626
short_aggressive_compact_capacity,robustness,0.95,0.050000000000000044,30,0.033333,True,equal,rank_average,13,0.007000093337681124,0.09100121338985462,0.6153846153846154,-0.021352763268459956,0.049277879877374614,0.017758079236830343,0.011126808204134057,0.03338042461240217,1.0,0.002215299443198364,0.015928575856780727,0.00630771836623984,0.009737944820404661,0.06816561374283263,0.8571428571428571,-0.011107791108276963,0.02681896542832589,0.011087494226131782,0.007000093337681124,0.09100121338985462,0.6153846153846154,-0.021352763268459956,0.049277879877374614,0.017758079236830343,0.008073329492611872,0.0027422003390421153,-0.0024409740607289304,0.0,0.004097175840504362,neighbor,0.1905020576131687,1081.0,0.596872427983539,469.0,0.6463786008230452,307.0,774.0,0.05,0.3917502057613168
short_aggressive_medium_capacity,robustness,0.95,0.050000000000000044,30,0.033333,True,equal,rank_average,13,0.007000093337681124,0.09100121338985462,0.6153846153846154,-0.021352763268459956,0.049277879877374614,0.017758079236830343,0.011126808204134057,0.03338042461240217,1.0,0.002215299443198364,0.015928575856780727,0.00630771836623984,0.009737944820404661,0.06816561374283263,0.8571428571428571,-0.011107791108276963,0.02681896542832589,0.011087494226131782,0.007000093337681124,0.09100121338985462,0.6153846153846154,-0.021352763268459956,0.049277879877374614,0.017758079236830343,0.008073329492611872,0.0027422003390421153,-0.0024409740607289304,0.0,0.004097175840504362,neighbor,0.1905020576131687,1081.0,0.596872427983539,469.0,0.6463786008230452,307.0,774.0,0.05,0.3917502057613168
stable_extra_wide_capacity,robustness,0.275,0.725,41,0.03,False,equal,rank_average,13,0.00375989668185668,0.04887865686413684,0.6923076923076923,-0.027641257246642827,0.02540222680880888,0.0163851597804171,0.014216674697563882,0.04265002409269165,1.0,0.007655897357192978,0.021750917106355336,0.005795292406306777,0.009965910253176415,0.0697613717722349,0.8571428571428571,-0.0182833620059115,0.02540222680880888,0.013242286951464661,0.00375989668185668,0.04887865686413684,0.6923076923076923,-0.027641257246642827,0.02540222680880888,0.0163851597804171,0.011629950705485097,0.0005042022395026175,-0.006286166090426134,0.0,0.003935946376406297,neighbor,0.3328230452674897,866.0,0.4571687242798354,677.0,0.3520617283950617,899.0,222.0,0.0,0.3916644032921811
recent_compact_capacity,robustness,0.03,0.97,31,0.03,True,rank,rank_average,13,0.0015437490603681073,0.020068737784785396,0.6923076923076923,-0.038397378765180006,0.020848942819998537,0.015688370604153172,0.011642036680737563,0.03492611004221269,1.0,0.004330501524837223,0.020848942819998537,0.006875514481542296,0.00983876580040712,0.06887136060284985,1.0,0.002172125944808505,0.020848942819998537,0.006365217432485828,0.0015437490603681073,0.020068737784785396,0.6923076923076923,-0.038397378765180006,0.020848942819998537,0.015688370604153172,0.009065026411216693,0.007324898068018865,-0.01109889033579189,0.0,0.005257381144726383,neighbor,0.22576131687242798,1018.0,0.7485390946502057,199.0,0.09660493827160493,1213.0,1014.0,0.05,0.39163786008230456
recent_compact_capacity,robustness,0.005,0.995,30,0.036758,True,rank,rank_average,13,0.0021774793705073986,0.02830723181659618,0.6923076923076923,-0.03457197288230091,0.023802514007564786,0.016526572902456,0.011538775003036766,0.0346163250091103,1.0,0.001755407584277148,0.02179269350329096,0.008186951833672044,0.010008853498067032,0.07006197448646923,1.0,0.001755407584277148,0.023802514007564786,0.008557562528733005,0.0021774793705073986,0.02830723181659618,0.6923076923076923,-0.03457197288230091,0.023802514007564786,0.016526572902456,0.008156386254542415,0.0072843309967096665,-0.009475280117662395,0.0,0.005119211432686958,neighbor,0.201761316872428,1058.0,0.7479835390946501,201.0,0.1617901234567901,1149.0,948.0,0.05,0.3915656378600823
short_aggressive_wide_capacity,robustness,0.6435,0.35650000000000004,35,0.039,True,rank,rank_average,13,0.004006353545560059,0.05208259609228076,0.5384615384615384,-0.021095384587066557,0.04002356887899132,0.018115393080169313,0.017675409066275696,0.05302622719882709,1.0,0.010004834823571576,0.030333512954167856,0.009017404563973975,0.006521723576855973,0.04565206503799181,0.5714285714285714,-0.012717945927003626,0.030333512954167856,0.015062274377674554,0.004006353545560059,0.05208259609228076,0.5384615384615384,-0.021095384587066557,0.04002356887899132,0.018115393080169313,0.014376578659555765,9.188885432527875e-05,-0.004139393854301191,0.0,0.005171072370123503,neighbor,0.5034156378600823,590.0,0.2864320987654321,975.0,0.4058106995884773,814.0,385.0,0.0,0.39113230452674896
balanced_extra_wide_capacity,robustness,0.75,0.25,59,0.03,False,equal,rank_average,13,0.004226277039599629,0.05494160151479517,0.5384615384615384,-0.02100418492819721,0.027492091736672587,0.015128077025716455,0.01205030508593242,0.03615091525779726,1.0,0.00780664635075996,0.015840503226249095,0.0032954447304601375,0.0076758811017488765,0.05373116771224214,0.7142857142857143,-0.010138573868873325,0.019428926225866214,0.010676168111666638,0.004226277039599629,0.05494160151479517,0.5384615384615384,-0.02100418492819721,0.027492091736672587,0.015128077025716455,0.010444867194732265,0.0017438085655543756,-0.0039839415752717525,0.0,0.004365069496101612,neighbor,0.2922304526748971,916.0,0.46444032921810696,667.0,0.4345761316872428,749.0,249.0,0.0,0.39107674897119343
short_aggressive_compact_capacity,robustness,0.95,0.050000000000000044,33,0.030303,True,equal,rank_average,13,0.0052104158905952195,0.06773540657773786,0.6923076923076923,-0.023886766959003762,0.03971551890330334,0.015243885243655244,0.008924054001276585,0.026772162003829758,1.0,0.00514085256838049,0.014348339668379857,0.0039339821023136505,0.008212710244595698,0.057488971712169885,0.8571428571428571,-0.0052578968501690235,0.021664736022820884,0.007873721295164997,0.0052104158905952195,0.06773540657773786,0.6923076923076923,-0.023886766959003762,0.03971551890330334,0.015243885243655244,0.007783192128293215,0.0038032817360066262,-0.004220388346524275,0.0,0.0041916953805416265,neighbor,0.1690946502057613,1127.0,0.547119341563786,542.0,0.507037037037037,569.0,585.0,0.0,0.3898971193415638
short_aggressive_medium_capacity,robustness,0.95,0.050000000000000044,33,0.030303,True,equal,rank_average,13,0.0052104158905952195,0.06773540657773786,0.6923076923076923,-0.023886766959003762,0.03971551890330334,0.015243885243655244,0.008924054001276585,0.026772162003829758,1.0,0.00514085256838049,0.014348339668379857,0.0039339821023136505,0.008212710244595698,0.057488971712169885,0.8571428571428571,-0.0052578968501690235,0.021664736022820884,0.007873721295164997,0.0052104158905952195,0.06773540657773786,0.6923076923076923,-0.023886766959003762,0.03971551890330334,0.015243885243655244,0.007783192128293215,0.0038032817360066262,-0.004220388346524275,0.0,0.0041916953805416265,neighbor,0.1690946502057613,1127.0,0.547119341563786,542.0,0.507037037037037,569.0,585.0,0.0,0.3898971193415638
stable_extra_wide_capacity,robustness,0.26,0.74,41,0.03,False,equal,rank_average,13,0.003317775460285437,0.043131080983710685,0.6923076923076923,-0.027251653948326363,0.02597517184565986,0.017039313573862604,0.014216674697563882,0.04265002409269165,1.0,0.007655897357192978,0.021750917106355336,0.005795292406306777,0.010047759544155125,0.07033431680908588,0.8571428571428571,-0.0182833620059115,0.02597517184565986,0.013338862870362542,0.003317775460285437,0.043131080983710685,0.6923076923076923,-0.027251653948326363,0.02597517184565986,0.017039313573862604,0.011629950705485097,0.0005508563353604827,-0.006409606098277308,0.0,0.0039384247183646606,neighbor,0.3328230452674897,866.0,0.4660823045267489,663.0,0.31060493827160496,950.0,287.0,0.0,0.38945699588477367
short_aggressive_wide_capacity,robustness,0.5835,0.4165,35,0.039,True,rank,rank_average,13,0.003623263334910194,0.04710242335383252,0.5384615384615384,-0.02008764664637297,0.03853859357893795,0.017405226433765176,0.01794443153840411,0.05383329461521233,1.0,0.010211778463032808,0.03093363673109186,0.00924021491964806,0.005998812343196185,0.041991686402373295,0.5714285714285714,-0.012717945927003626,0.03093363673109186,0.014377496924607604,0.003623263334910194,0.04710242335383252,0.5384615384615384,-0.02008764664637297,0.03853859357893795,0.017405226433765176,0.014598212869691169,-0.00020617054886080022,-0.004025201753942731,0.0,0.005142728137797698,neighbor,0.5209958847736625,549.0,0.27282716049382716,1005.0,0.3855267489711934,846.0,456.0,0.0,0.38899958847736626
stable_medium_capacity,robustness,0.75,0.25,95,0.03,True,equal,rank_average,13,0.003062447145902157,0.03981181289672804,0.6153846153846154,-0.014983569329674373,0.02190559306011116,0.010649671988977408,0.011197086955978111,0.03359126086793433,1.0,0.007984864521443674,0.015119173838041858,0.002955505936003116,0.005270544055210163,0.03689380838647114,0.8571428571428571,-0.0015077236052723902,0.015119173838041858,0.005587871829950402,0.003062447145902157,0.03981181289672804,0.6153846153846154,-0.014983569329674373,0.02190559306011116,0.010649671988977408,0.010017344856983936,0.003363804178872761,-0.002583598390243699,0.0,0.005133110064749762,neighbor,0.2743415637860082,936.0,0.4516255144032922,682.0,0.5047366255144032,578.0,358.0,0.0,0.3886786008230453
recent_compact_capacity,robustness,0.005,0.995,31,0.036758,True,rank,rank_average,13,0.002020717562799881,0.02626932831639845,0.6923076923076923,-0.03620808605341869,0.023491999304478192,0.016857361103856768,0.011339449856695076,0.034018349570085225,1.0,0.001657109901235243,0.021141185005311376,0.007954788372396904,0.010082853371372377,0.07057997359960663,1.0,0.001657109901235243,0.023491999304478192,0.008252921086794335,0.002020717562799881,0.02626932831639845,0.6923076923076923,-0.03620808605341869,0.023491999304478192,0.016857361103856768,0.008010332685723823,0.0072940726890898845,-0.010104551694524544,0.0,0.004970783030201297,neighbor,0.1959094650205761,1067.0,0.7532427983539094,191.0,0.14013580246913582,1178.0,987.0,0.05,0.38834341563786007
short_aggressive_wide_capacity,robustness,0.5835,0.4165,32,0.03,True,rank,rank_average,13,0.003460120325759477,0.0449815642348732,0.5384615384615384,-0.01655630154750244,0.030647414069402773,0.016002819221015895,0.019282673504980346,0.05784802051494104,1.0,0.012820921055145151,0.030647414069402773,0.008061241948801754,0.00576969534126947,0.04038786738888629,0.5714285714285714,-0.01389325978794707,0.030647414069402773,0.015852188007046145,0.003460120325759477,0.0449815642348732,0.5384615384615384,-0.01655630154750244,0.030647414069402773,0.016002819221015895,0.016222027846036696,-0.0007246208140703639,-0.002952849386531366,0.0,0.00571980436410331,neighbor,0.646156378600823,382.0,0.23983950617283953,1028.0,0.4793168724279835,638.0,646.0,0.05,0.38828786008230454
balanced_medium_current,robustness,0.05,0.95,49,0.03,True,equal,rank_average,13,0.006838644672858227,0.08890238074715695,0.7692307692307693,-0.021733000206581633,0.02729378438673396,0.014176748792263088,0.015566744739639057,0.04670023421891717,1.0,0.010678998525333633,0.018699513312588296,0.0035016305015794914,0.007982952296881214,0.055880666078168495,0.8571428571428571,-0.014546857826489259,0.018699513312588296,0.011014950286215934,0.006838644672858227,0.08890238074715695,0.7692307692307693,-0.021733000206581633,0.02729378438673396,0.014176748792263088,0.013397114014954359,0.0006069625836236933,-0.0025046318354119803,0.0,0.005256283993300609,neighbor,0.4489958847736625,665.0,0.35099588477366256,902.0,0.6629958847736626,290.0,612.0,0.05,0.38699588477366254
stable_medium_capacity,robustness,0.7825,0.21750000000000003,94,0.03,True,equal,rank_average,13,0.0030921920060232493,0.04019849607830224,0.6153846153846154,-0.013496048386006085,0.021478840900436412,0.010329708303171032,0.01128267044491373,0.03384801133474119,1.0,0.007867420127787128,0.015026209582453508,0.0029317681554842006,0.005057584436254703,0.03540309105378292,0.8571428571428571,-0.0022992242262961787,0.015026209582453508,0.005852922571805621,0.0030921920060232493,0.04019849607830224,0.6153846153846154,-0.013496048386006085,0.021478840900436412,0.010329708303171032,0.010027370795770579,0.0029812219911302985,-0.002075761908564141,0.0,0.0050411339280322445,neighbor,0.2743662551440329,935.0,0.43844032921810705,710.0,0.5326748971193416,516.0,419.0,0.0,0.38694588477366254
recent_compact_capacity,robustness,0.005,0.995,32,0.036758,True,rank,rank_average,13,0.0018929755315469769,0.0246086819101107,0.6923076923076923,-0.037190164748950066,0.023441078230260252,0.017114888784843324,0.011280352586181083,0.03384105775854325,1.0,0.0015458250789503122,0.021338937451418405,0.008083752603246673,0.010166834351255705,0.07116784045878993,1.0,0.0015458250789503122,0.023441078230260252,0.008228776672284584,0.0018929755315469769,0.0246086819101107,0.6923076923076923,-0.037190164748950066,0.023441078230260252,0.017114888784843324,0.00793992325017682,0.007305217856269354,-0.010501450621864054,0.0,0.00488809974211233,neighbor,0.19146502057613168,1078.0,0.7589465020576132,182.0,0.12346913580246913,1192.0,1010.0,0.05,0.386632304526749
recent_compact_capacity,robustness,0.03,0.97,31,0.033758,True,rank,rank_average,13,0.0017798820112527726,0.023138466146286042,0.6923076923076923,-0.033037177438893006,0.02000003847031749,0.014526058128846294,0.011696859722551982,0.03509057916765595,1.0,0.004804977203891121,0.02000003847031749,0.006283114382073404,0.009280876055718954,0.06496613239003268,1.0,0.002554352571289071,0.02000003847031749,0.006366892911393144,0.0017798820112527726,0.023138466146286042,0.6923076923076923,-0.033037177438893006,0.02000003847031749,0.014526058128846294,0.0092528525191387,0.007133035700285196,-0.00919542811611292,0.0,0.005531692855366881,neighbor,0.23000823045267488,1003.0,0.7172304526748972,276.0,0.14374074074074072,1174.0,898.0,0.05,0.38631810699588476
short_aggressive_wide_capacity,robustness,0.6185,0.38149999999999995,35,0.037,True,rank,rank_average,13,0.0038212231871421567,0.04967590143284804,0.5384615384615384,-0.0201607014534085,0.03745866971192889,0.017747466342549468,0.017996269282751092,0.05398880784825328,1.0,0.00907793598526805,0.03115302708882107,0.009497388888313257,0.0062997085339890424,0.0440979597379233,0.5714285714285714,-0.013039007832666885,0.03115302708882107,0.015493108979031923,0.0038212231871421567,0.04967590143284804,0.5384615384615384,-0.0201607014534085,0.03745866971192889,0.017747466342549468,0.014253592366306578,-0.00014061014897774724,-0.003936472724492238,0.0,0.0050476914708088095,neighbor,0.5005267489711934,597.0,0.2776666666666666,994.0,0.40447736625514397,818.0,397.0,0.0,0.385832304526749
stable_extra_wide_capacity,robustness,0.295,0.7050000000000001,41,0.03,False,equal,rank_average,13,0.00487432196602688,0.06336618555834944,0.6923076923076923,-0.027641257246642827,0.02216008830754223,0.015425344673502659,0.014922972520976687,0.04476891756293006,1.0,0.004913480526027384,0.021750917106355336,0.007232634401961283,0.009727773194110365,0.06809441235877256,0.8571428571428571,-0.0182833620059115,0.021750917106355336,0.013094441453950572,0.00487432196602688,0.06336618555834944,0.6923076923076923,-0.027641257246642827,0.02216008830754223,0.015425344673502659,0.011127542910545747,0.00036846411583496953,-0.005650943678449119,0.0,0.0037691844645766676,neighbor,0.3117489711934156,896.0,0.4308971193415637,723.0,0.44729629629629625,723.0,173.0,0.0,0.3856977366255143
short_aggressive_wide_capacity,robustness,0.5435,0.4565,30,0.039,True,rank,rank_average,13,0.003374864344165041,0.04387323647414553,0.5384615384615384,-0.020857242263715138,0.040731376634542155,0.018282392779422233,0.020547416412170106,0.06164224923651032,1.0,0.011676383732830267,0.03395552607658523,0.009644647792763913,0.005010610141724163,0.03507427099206914,0.5714285714285714,-0.011931587598777951,0.03395552607658523,0.01533926128168905,0.003374864344165041,0.04387323647414553,0.5384615384615384,-0.020857242263715138,0.040731376634542155,0.018282392779422233,0.01656523398677095,-0.00050994755538538,-0.004420755732390384,0.0,0.005733503834926401,neighbor,0.6572427983539094,365.0,0.26744444444444443,1006.0,0.3493662551440329,902.0,641.0,0.05,0.38565205761316873
stable_compact_current,robustness,0.4965,0.5035000000000001,36,0.032758,True,rank,rank_average,13,0.005441947867337627,0.07074532227538916,0.5384615384615384,-0.026726611052581565,0.03577181864559338,0.019627195170824292,0.022269068809947053,0.06680720642984116,1.0,0.011036195254991037,0.032419056362353496,0.008763034818869427,0.006419433692378825,0.044936035846651776,0.5714285714285714,-0.026726611052581565,0.032419056362353496,0.021513428831776496,0.005441947867337627,0.07074532227538916,0.5384615384615384,-0.026726611052581565,0.03577181864559338,0.019627195170824292,0.017335313655816864,-0.004589275871267416,-0.005179409824507931,0.0,0.004092039846580219,neighbor,0.7112674897119341,300.0,0.18358024691358024,1060.0,0.4559341563786008,695.0,760.0,0.05,0.3855082304526749
recent_compact_capacity,robustness,0.03,0.97,30,0.03,True,rank,rank_average,13,0.001749026211864376,0.022737340754236886,0.6923076923076923,-0.03667998629702052,0.01956268238556641,0.01555614901381732,0.010758800460587725,0.03227640138176317,1.0,0.0038398119236936618,0.01603280883337085,0.005111866144249619,0.01013404741304623,0.0709383318913236,1.0,0.0018638376127425131,0.01956268238556641,0.00666636044432413,0.001749026211864376,0.022737340754236886,0.6923076923076923,-0.03667998629702052,0.01956268238556641,0.01555614901381732,0.00839965419735391,0.00739147343764138,-0.010415142844946384,0.0,0.005123753299138228,neighbor,0.1882798353909465,1088.0,0.7623415637860083,174.0,0.1129753086419753,1202.0,1028.0,0.05,0.38531193415637865
short_aggressive_wide_capacity,robustness,0.5935,0.4065,32,0.03,True,rank,rank_average,13,0.0034189091748539463,0.0444458192731013,0.5384615384615384,-0.01741091079152254,0.030862262207313404,0.016487354070334647,0.017917212950200573,0.05375163885060172,1.0,0.01006845558814316,0.030862262207313404,0.009222246354642225,0.006012905999620052,0.042090341997340366,0.5714285714285714,-0.01389325978794707,0.030862262207313404,0.016358952457950767,0.0034189091748539463,0.0444458192731013,0.5384615384615384,-0.01741091079152254,0.030862262207313404,0.016487354070334647,0.014535401725701568,-0.0005859907388105318,-0.003258360793074151,0.0,0.005061710738854766,neighbor,0.5139588477366255,572.0,0.2473456790123457,1019.0,0.45153909465020575,712.0,447.0,0.0,0.3846199588477366
recent_compact_capacity,robustness,0.03,0.97,30,0.031758,True,rank,rank_average,13,0.0019260083172261736,0.025038108123940257,0.6923076923076923,-0.03401141728242356,0.017458848105699278,0.01473222318469152,0.011226089846977419,0.033678269540932254,1.0,0.005034160258950468,0.01621750080841533,0.0046438281758994695,0.009764496546231712,0.06835147582362198,1.0,0.001511212395368864,0.017458848105699278,0.006119574442094774,0.0019260083172261736,0.025038108123940257,0.6923076923076923,-0.03401141728242356,0.017458848105699278,0.01473222318469152,0.009060144098230784,0.0070644631218238,-0.009433635270073164,0.0,0.005388020753602049,neighbor,0.22618106995884774,1017.0,0.7136255144032921,282.0,0.1487777777777778,1167.0,885.0,0.05,0.38392057613168723
stable_compact_current,robustness,0.4965,0.5035000000000001,36,0.031758,True,rank,rank_average,13,0.005907062927241001,0.07679181805413302,0.5384615384615384,-0.025175895121593055,0.034873140595498085,0.01932612302819319,0.02201853554669632,0.06605560664008896,1.0,0.010091236293716645,0.03257797645083243,0.009230985793160146,0.006923516926388195,0.048464618484717364,0.5714285714285714,-0.025175895121593055,0.03257797645083243,0.02104026475955772,0.005907062927241001,0.07679181805413302,0.5384615384615384,-0.025175895121593055,0.034873140595498085,0.01932612302819319,0.016880673238543396,-0.0037902121706558656,-0.004402557983136798,0.0,0.0043862901211517,neighbor,0.6644279835390946,359.0,0.207358024691358,1054.0,0.4933415637860082,609.0,695.0,0.05,0.38308353909465026
short_aggressive_wide_capacity,robustness,0.5435,0.4565,35,0.035,True,rank,rank_average,13,0.002960946364123556,0.03849230273360622,0.5384615384615384,-0.01910138916456393,0.0348650010749285,0.017024265111756375,0.020456069783360984,0.061368209350082956,1.0,0.013971596968952688,0.03235111114619044,0.008422482783625188,0.004699104829084995,0.03289373380359496,0.5714285714285714,-0.013338101803877993,0.03235111114619044,0.015580072960335332,0.002960946364123556,0.03849230273360622,0.5384615384615384,-0.01910138916456393,0.0348650010749285,0.017024265111756375,0.01727058677627015,-0.00115165527127272,-0.004077257458294132,0.0,0.0057784012196912165,neighbor,0.7102551440329218,302.0,0.21635802469135804,1049.0,0.34082304526748974,913.0,747.0,0.05,0.3825866255144033
short_aggressive_wide_capacity,robustness,0.5685,0.4315,35,0.039,True,rank,rank_average,13,0.003108604814392971,0.040411862587108625,0.5384615384615384,-0.02008764664637297,0.038305433667738586,0.017113155973922742,0.018206131871085243,0.054618395613255724,1.0,0.011076628842296255,0.03085388734987181,0.008967471627881729,0.004993714675747844,0.03495600273023491,0.5714285714285714,-0.012717945927003626,0.03085388734987181,0.01398133919195017,0.003108604814392971,0.040411862587108625,0.5384615384615384,-0.02008764664637297,0.038305433667738586,0.017113155973922742,0.015032782684476352,-0.0007790762193063546,-0.004318557110637548,0.0,0.0050147452085070494,neighbor,0.5584032921810699,508.0,0.24233333333333332,1024.0,0.3334526748971193,923.0,516.0,0.0,0.38242921810699587
stable_compact_current,robustness,0.4965,0.5035000000000001,36,0.032,True,rank,rank_average,13,0.00577982792180791,0.07513776298350283,0.5384615384615384,-0.025539745360605104,0.035084459421987034,0.019375064218848347,0.02204870550460365,0.06614611651381094,1.0,0.010384312257950917,0.0324633726882076,0.00905695271767236,0.006777976069546314,0.0474458324868242,0.5714285714285714,-0.025539745360605104,0.0324633726882076,0.021126380924795806,0.00577982792180791,0.07513776298350283,0.5384615384615384,-0.025539745360605104,0.035084459421987034,0.019375064218848347,0.016994585182747882,-0.003993241037929714,-0.004595152515107637,0.0,0.004311602728764637,neighbor,0.6748724279835391,345.0,0.199037037037037,1057.0,0.48474897119341553,627.0,712.0,0.05,0.38222798353909465
balanced_extra_wide_capacity,robustness,0.775,0.22499999999999998,59,0.03,False,equal,rank_average,13,0.0039207844249198555,0.05097019752395812,0.5384615384615384,-0.018872317652332306,0.027492091736672587,0.0147759247488478,0.01205030508593242,0.03615091525779726,1.0,0.007806646350759963,0.015840503226249095,0.0032954447304601358,0.007065143393131565,0.049456003751920954,0.7142857142857143,-0.010138573868873325,0.019428926225866214,0.010368479391017366,0.0039207844249198555,0.05097019752395812,0.5384615384615384,-0.018872317652332306,0.027492091736672587,0.0147759247488478,0.010444867194732269,0.001395688071642508,-0.003454556164603805,0.0,0.004287823085441465,neighbor,0.2926378600823045,914.0,0.43769958847736623,713.0,0.4510699588477366,713.0,201.0,0.0,0.38168045267489714
recent_compact_current,robustness,0.85,0.15000000000000002,37,0.03,True,equal,rank_average,13,0.004652164035651057,0.060478132463463743,0.7692307692307693,-0.01683410943013479,0.0248240223855238,0.009143011740994413,0.007048072376088858,0.021144217128266574,1.0,0.00202048882078721,0.011423645707407469,0.0038664090021390055,0.00873706446181521,0.06115945123270647,1.0,0.00202048882078721,0.0248240223855238,0.007221095029230577,0.004652164035651057,0.060478132463463743,0.7692307692307693,-0.01683410943013479,0.0248240223855238,0.009143011740994413,0.005684162565230428,0.006646888054094449,-0.0021342918423926088,0.0,0.004944620874075782,neighbor,0.11363786008230452,1187.0,0.6460329218106995,383.0,0.6337489711934157,325.0,862.0,0.05,0.38123230452674894
short_aggressive_compact_capacity,robustness,0.9355,0.0645,33,0.030303,True,equal,rank_average,13,0.005425553067879855,0.07053218988243812,0.6923076923076923,-0.023886766959003762,0.049264595029242936,0.016890150553717658,0.009276565450590293,0.02782969635177088,1.0,0.00514085256838049,0.015405874016320976,0.004421423914207153,0.00777550791285518,0.05442855538998626,0.8571428571428571,-0.0052578968501690235,0.015405874016320976,0.006184095182641843,0.005425553067879855,0.07053218988243812,0.6923076923076923,-0.023886766959003762,0.049264595029242936,0.016890150553717658,0.007984123654402028,0.0035540764069145318,-0.004097760155472033,0.0,0.004178319821551546,neighbor,0.17378600823045268,1118.0,0.5185020576131687,585.0,0.5225185185185185,538.0,580.0,0.0,0.38121810699588476
short_aggressive_medium_capacity,robustness,0.9355,0.0645,33,0.030303,True,equal,rank_average,13,0.005425553067879855,0.07053218988243812,0.6923076923076923,-0.023886766959003762,0.049264595029242936,0.016890150553717658,0.009276565450590293,0.02782969635177088,1.0,0.00514085256838049,0.015405874016320976,0.004421423914207153,0.00777550791285518,0.05442855538998626,0.8571428571428571,-0.0052578968501690235,0.015405874016320976,0.006184095182641843,0.005425553067879855,0.07053218988243812,0.6923076923076923,-0.023886766959003762,0.049264595029242936,0.016890150553717658,0.007984123654402028,0.0035540764069145318,-0.004097760155472033,0.0,0.004178319821551546,neighbor,0.17378600823045268,1118.0,0.5185020576131687,585.0,0.5225185185185185,538.0,580.0,0.0,0.38121810699588476
short_aggressive_wide_capacity,robustness,0.5685,0.4315,32,0.042,True,rank,rank_average,13,0.0030420493643587908,0.03954664173666428,0.5384615384615384,-0.02246475077532127,0.04115870252126702,0.017652516377267294,0.017710204098412962,0.05313061229523888,1.0,0.009703116216925559,0.0309863988877723,0.009453999013353347,0.004908402732758923,0.03435881912931246,0.5714285714285714,-0.01140475932917969,0.0309863988877723,0.013310549844592541,0.0030420493643587908,0.03954664173666428,0.5384615384615384,-0.02246475077532127,0.04115870252126702,0.017652516377267294,0.014296844687680822,-0.00039435244952814035,-0.005140938079709971,0.0,0.00477013856082817,neighbor,0.501761316872428,593.0,0.3009012345679012,949.0,0.29232921810699586,979.0,386.0,0.0,0.37995946502057615
short_aggressive_wide_capacity,robustness,0.5685,0.4315,31,0.042,True,rank,rank_average,13,0.003011104700211146,0.0391443611027449,0.5384615384615384,-0.022825901394355246,0.041732211372739234,0.017849111757082693,0.017914900134229837,0.05374470040268951,1.0,0.009697523729588122,0.031149659861812368,0.00944913180194751,0.004813378641334078,0.03369365048933855,0.5714285714285714,-0.01137982414447652,0.031149659861812368,0.01344233655164266,0.003011104700211146,0.0391443611027449,0.5384615384615384,-0.022825901394355246,0.041732211372739234,0.017849111757082693,0.014411675907275087,-0.0004402875706882557,-0.005277756242555339,0.0,0.004774877519717019,neighbor,0.5075884773662551,580.0,0.2983827160493827,954.0,0.28010699588477367,998.0,418.0,0.0,0.3793236625514403
recent_compact_current,robustness,0.775,0.22499999999999998,36,0.03,True,equal,rank_average,13,0.005851685925619174,0.07607191703304926,0.8461538461538461,-0.017226301685507338,0.022133623970798714,0.00895378300912307,0.0057897875901719445,0.017369362770515834,1.0,0.0007598679551640434,0.010889229112304978,0.004135586563196806,0.008828659417066774,0.06180061591946742,1.0,0.0007598679551640434,0.022133623970798714,0.006275474747890026,0.005851685925619174,0.07607191703304926,0.8461538461538461,-0.017226301685507338,0.022133623970798714,0.00895378300912307,0.004550935351602142,0.0062830922929321955,-0.0015030647324606465,0.0,0.0044223059625912485,neighbor,0.09465020576131687,1198.0,0.6284773662551439,427.0,0.7229876543209877,234.0,964.0,0.05,0.3791230452674897
stable_medium_capacity,robustness,0.7725,0.22750000000000004,94,0.03,True,equal,rank_average,13,0.0029864472518065714,0.03882381427348543,0.6153846153846154,-0.013496048386006085,0.022269297806964676,0.010242182639267471,0.011098066421209432,0.033294199263628296,1.0,0.007867420127787128,0.015026209582453508,0.0029638874275211063,0.004876586315304725,0.034136104207133075,0.8571428571428571,-0.0022992242262961857,0.015026209582453508,0.0058429421844743475,0.0029864472518065714,0.03882381427348543,0.6153846153846154,-0.013496048386006085,0.022269297806964676,0.010242182639267471,0.00992214650225913,0.0028780530621888086,-0.0021360364184676473,0.0,0.004943577016118469,neighbor,0.2659218106995885,942.0,0.43232921810699587,720.0,0.5204773662551441,543.0,399.0,0.0,0.3789884773662551
short_aggressive_compact_capacity,robustness,0.9705,0.02949999999999997,32,0.03125,True,equal,rank_average,13,0.006230484562674401,0.0809962993147672,0.6923076923076923,-0.024081084480881164,0.038589815883114664,0.014843412807343238,0.010988835335711454,0.03296650600713436,1.0,0.005707719106045228,0.014877963214671372,0.0038709661093259116,0.008791148114928503,0.06153803680449952,0.8571428571428571,-0.008811081726008349,0.020502347111215055,0.008544494185736341,0.006230484562674401,0.0809962993147672,0.6923076923076923,-0.024081084480881164,0.038589815883114664,0.014843412807343238,0.009147183446350453,0.002960440313069348,-0.0037030739856586834,0.0,0.004435610421572586,neighbor,0.22660082304526746,1013.0,0.5593415637860082,523.0,0.5766172839506173,403.0,610.0,0.05,0.3788366255144033
short_aggressive_medium_capacity,robustness,0.9705,0.02949999999999997,32,0.03125,True,equal,rank_average,13,0.006230484562674401,0.0809962993147672,0.6923076923076923,-0.024081084480881164,0.038589815883114664,0.014843412807343238,0.010988835335711454,0.03296650600713436,1.0,0.005707719106045228,0.014877963214671372,0.0038709661093259116,0.008791148114928503,0.06153803680449952,0.8571428571428571,-0.008811081726008349,0.020502347111215055,0.008544494185736341,0.006230484562674401,0.0809962993147672,0.6923076923076923,-0.024081084480881164,0.038589815883114664,0.014843412807343238,0.009147183446350453,0.002960440313069348,-0.0037030739856586834,0.0,0.004435610421572586,neighbor,0.22660082304526746,1013.0,0.5593415637860082,523.0,0.5766172839506173,403.0,610.0,0.05,0.3788366255144033
stable_medium_capacity,robustness,0.7825,0.21750000000000003,95,0.03,True,equal,rank_average,13,0.002988521474029598,0.038850779162384774,0.6153846153846154,-0.01379616977445032,0.02112345675259899,0.010217142832698246,0.011045736236931841,0.03313720871079552,1.0,0.006646121666464961,0.015455882065517429,0.0035965773315497656,0.0051192672863335864,0.035834871004335106,0.8571428571428571,-0.0015077236052723833,0.015455882065517429,0.00573445233305747,0.002988521474029598,0.038850779162384774,0.6153846153846154,-0.01379616977445032,0.02112345675259899,0.010217142832698246,0.009489289804984587,0.003277576420613114,-0.00223389416998712,0.0,0.004935541185771669,neighbor,0.24769958847736626,969.0,0.4474156378600823,692.0,0.5175390946502056,549.0,420.0,0.0,0.3780477366255144
stable_medium_capacity,robustness,0.7725,0.22750000000000004,95,0.03,True,equal,rank_average,13,0.003082881978646032,0.04007746572239841,0.6153846153846154,-0.01317362857824212,0.02146213791411744,0.010030023413630334,0.01098421954359449,0.03295265863078347,1.0,0.007009554056817243,0.015455882065517429,0.0034660610446005337,0.0050929029891890075,0.035650320924323055,0.8571428571428571,-0.0015077236052723833,0.015455882065517429,0.0056725059170086006,0.003082881978646032,0.04007746572239841,0.6153846153846154,-0.01317362857824212,0.02146213791411744,0.010030023413630334,0.00957415797859855,0.003262548771240704,-0.0019746700876070466,0.0,0.005001609625356679,neighbor,0.24348971193415636,980.0,0.44506995884773665,700.0,0.533440329218107,514.0,466.0,0.0,0.37769341563786013
stable_compact_capacity,robustness,1.0,0.0,35,0.03,True,equal,rank_average,13,0.0034318280161978604,0.044613764210572185,0.5384615384615384,-0.02337111275796786,0.02580111434154947,0.012992786929752918,0.011777163425309158,0.035331490275927475,1.0,0.00023613146696969955,0.018689398091463735,0.00821381298211616,0.008763314325947099,0.061343200281629685,0.7142857142857143,-0.005025832969717439,0.02580111434154947,0.011238792787909175,0.0034318280161978604,0.044613764210572185,0.5384615384615384,-0.02337111275796786,0.02580111434154947,0.012992786929752918,0.00779090653652622,0.004050850000068805,-0.005217863702435076,0.0,0.00415656555927619,neighbor,0.18660082304526748,1092.0,0.5671687242798354,510.0,0.31884773662551436,941.0,582.0,0.0,0.3776934156378601
balanced_extra_wide_capacity,robustness,0.775,0.22499999999999998,69,0.03,False,equal,rank_average,13,0.004182780319926338,0.05437614415904239,0.5384615384615384,-0.022111125723404405,0.026072856961748644,0.014023161903669073,0.010887999419055189,0.032663998257165566,1.0,0.009052092897541972,0.01452100143225283,0.002568969221942616,0.007469615599841416,0.05228730919888991,0.7142857142857143,-0.009864215219760358,0.02031086392516627,0.009872474584508567,0.004182780319926338,0.05437614415904239,0.5384615384615384,-0.022111125723404405,0.026072856961748644,0.014023161903669073,0.010193350325050306,0.0017167755836744027,-0.004374025167903904,0.0,0.0041937853674880185,neighbor,0.27788477366255143,931.0,0.4546131687242798,680.0,0.4121440329218107,797.0,251.0,0.0,0.37755144032921806
stable_compact_current,robustness,0.4965,0.5035000000000001,36,0.030758,True,rank,rank_average,13,0.006379693511159994,0.08293601564507992,0.5384615384615384,-0.023907331008443108,0.03416898172948568,0.01918266315249747,0.021407919997135084,0.06422375999140525,1.0,0.008844180882937655,0.03298922850045985,0.009881622961908915,0.007302137202675608,0.05111496041872926,0.5714285714285714,-0.023907331008443108,0.03298922850045985,0.020584949732521205,0.006379693511159994,0.08293601564507992,0.5384615384615384,-0.023907331008443108,0.03416898172948568,0.01918266315249747,0.016121094089736422,-0.0031557724558325577,-0.0037145323929634907,0.0,0.004471160171825394,neighbor,0.6139835390946502,434.0,0.22076543209876542,1046.0,0.5466255144032922,485.0,612.0,0.05,0.3769316872427984
stable_medium_capacity,robustness,0.7625,0.23750000000000004,94,0.03,True,equal,rank_average,13,0.003017325295858225,0.03922522884615692,0.6153846153846154,-0.013496048386006085,0.022269297806964676,0.010403867338852008,0.011020559294264686,0.03306167788279406,1.0,0.0076348987469528895,0.015026209582453508,0.0030491703162053535,0.0048433689751855484,0.033903582826298836,0.8571428571428571,-0.0022992242262961787,0.015026209582453508,0.005826482526639815,0.003017325295858225,0.03922522884615692,0.6153846153846154,-0.013496048386006085,0.022269297806964676,0.010403867338852008,0.009801235384225324,0.0028591191783208804,-0.002118435933358205,0.0,0.004889332393930795,neighbor,0.2598971193415638,946.0,0.4304650205761317,725.0,0.5246995884773662,533.0,413.0,0.0,0.37637304526748966
short_aggressive_wide_capacity,robustness,0.5685,0.4315,30,0.042,True,rank,rank_average,13,0.0029752540387024537,0.038678302503131895,0.5384615384615384,-0.02333094862221101,0.04244907111651948,0.01815326295716552,0.018308380992848233,0.0549251429785447,1.0,0.0100558101233118,0.0314369118458898,0.009385063204843625,0.004735519766971391,0.033148638368799735,0.5714285714285714,-0.011682750559779471,0.0314369118458898,0.01371394424583783,0.0029752540387024537,0.038678302503131895,0.5384615384615384,-0.02333094862221101,0.04244907111651948,0.01815326295716552,0.014754194506616386,-0.0005846328461249623,-0.005464856704807696,0.0,0.004818864516169166,neighbor,0.5296378600823045,542.0,0.27581481481481485,999.0,0.268761316872428,1018.0,476.0,0.0,0.37628600823045266
short_aggressive_compact_capacity,robustness,0.9455,0.05449999999999999,33,0.030303,True,equal,rank_average,13,0.005662242693487663,0.07360915501533961,0.6923076923076923,-0.023886766959003762,0.03971551890330334,0.015314951933959892,0.009276565450590293,0.027829696351770877,1.0,0.00514085256838049,0.015405874016320976,0.004421423914207153,0.009051817164253089,0.06336272014977162,0.8571428571428571,-0.0052578968501690235,0.021664736022820884,0.00778878754681325,0.005662242693487663,0.07360915501533961,0.6923076923076923,-0.023886766959003762,0.03971551890330334,0.015314951933959892,0.007984123654402028,0.0042815726802113395,-0.0039628470688755826,0.0,0.004525930107524577,neighbor,0.17378600823045268,1118.0,0.612798353909465,451.0,0.5398765432098764,498.0,667.0,0.05,0.37625514403292176
short_aggressive_medium_capacity,robustness,0.9455,0.05449999999999999,33,0.030303,True,equal,rank_average,13,0.005662242693487663,0.07360915501533961,0.6923076923076923,-0.023886766959003762,0.03971551890330334,0.015314951933959892,0.009276565450590293,0.027829696351770877,1.0,0.00514085256838049,0.015405874016320976,0.004421423914207153,0.009051817164253089,0.06336272014977162,0.8571428571428571,-0.0052578968501690235,0.021664736022820884,0.00778878754681325,0.005662242693487663,0.07360915501533961,0.6923076923076923,-0.023886766959003762,0.03971551890330334,0.015314951933959892,0.007984123654402028,0.0042815726802113395,-0.0039628470688755826,0.0,0.004525930107524577,neighbor,0.17378600823045268,1118.0,0.612798353909465,451.0,0.5398765432098764,498.0,667.0,0.05,0.37625514403292176
short_aggressive_compact_capacity,robustness,0.9205,0.07950000000000002,32,0.03125,True,equal,rank_average,13,0.006877685522090434,0.08940991178717564,0.6923076923076923,-0.024081084480881164,0.054283865857361724,0.017663036304385888,0.011302261656181914,0.03390678496854574,1.0,0.005707719106045228,0.017199038735367232,0.00469617688399988,0.00812030653395519,0.05684214573768633,0.8571428571428571,-0.007969637587780243,0.017199038735367232,0.007574288242574008,0.006877685522090434,0.08940991178717564,0.6923076923076923,-0.024081084480881164,0.054283865857361724,0.017663036304385888,0.009325836449018614,0.002855737177529835,-0.0033341694387915444,0.0,0.00451529089367714,neighbor,0.24348971193415636,980.0,0.5246748971193416,570.0,0.6132098765432099,349.0,631.0,0.05,0.3754810699588478
short_aggressive_medium_capacity,robustness,0.9205,0.07950000000000002,32,0.03125,True,equal,rank_average,13,0.006877685522090434,0.08940991178717564,0.6923076923076923,-0.024081084480881164,0.054283865857361724,0.017663036304385888,0.011302261656181914,0.03390678496854574,1.0,0.005707719106045228,0.017199038735367232,0.00469617688399988,0.00812030653395519,0.05684214573768633,0.8571428571428571,-0.007969637587780243,0.017199038735367232,0.007574288242574008,0.006877685522090434,0.08940991178717564,0.6923076923076923,-0.024081084480881164,0.054283865857361724,0.017663036304385888,0.009325836449018614,0.002855737177529835,-0.0033341694387915444,0.0,0.00451529089367714,neighbor,0.24348971193415636,980.0,0.5246748971193416,570.0,0.6132098765432099,349.0,631.0,0.05,0.3754810699588478
stable_medium_capacity,robustness,0.7825,0.21750000000000003,93,0.03,True,equal,rank_average,13,0.0031065612960051565,0.040385296848067034,0.5384615384615384,-0.013303858888565397,0.021651329302613515,0.01026710928142469,0.01135452624583778,0.03406357873751334,1.0,0.00784491373167676,0.015107839734975627,0.0029700803755961674,0.004845324790750387,0.03391727353525271,0.7142857142857143,-0.0022754863088468302,0.015107839734975627,0.006059739001882507,0.0031065612960051565,0.040385296848067034,0.5384615384615384,-0.013303858888565397,0.021651329302613515,0.01026710928142469,0.010060901491580863,0.0027252103630939807,-0.002081071956042104,0.0,0.004938544466618322,neighbor,0.2759588477366255,933.0,0.42011934156378605,739.0,0.5069588477366255,572.0,361.0,0.0,0.3754810699588478
short_aggressive_wide_capacity,robustness,0.5435,0.4565,30,0.042,True,rank,rank_average,13,0.0030549249489698685,0.03971402433660829,0.5384615384615384,-0.02333094862221101,0.04239891431509703,0.01837266200397233,0.018554213231343136,0.05566263969402941,1.0,0.008965631492458326,0.03326458719222799,0.010560441237588742,0.0047895164624254345,0.033526615236978044,0.5714285714285714,-0.011682750559779471,0.03326458719222799,0.014190524479057096,0.0030549249489698685,0.03971402433660829,0.5384615384615384,-0.02333094862221101,0.04239891431509703,0.01837266200397233,0.014534559934376835,-0.000553854729716157,-0.00541944428595527,0.0,0.0047516727024851735,neighbor,0.5209465020576132,550.0,0.27816049382716046,991.0,0.279082304526749,1001.0,451.0,0.0,0.3754131687242799
stable_medium_capacity,robustness,0.7975,0.2025,95,0.03,True,equal,rank_average,13,0.0027881208567625943,0.036245571137913726,0.6153846153846154,-0.013113542071717617,0.02112345675259899,0.00981219393948452,0.011045736236931841,0.03313720871079552,1.0,0.0066461216664649575,0.015455882065517429,0.003596577331549767,0.005119267286333585,0.03583487100433509,0.8571428571428571,-0.0015077236052723833,0.015455882065517429,0.005734452333057469,0.0027881208567625943,0.036245571137913726,0.6153846153846154,-0.013113542071717617,0.02112345675259899,0.00981219393948452,0.009489289804984584,0.0032775764206131133,-0.0021228553799275194,0.0,0.004952197004280607,neighbor,0.24742798353909465,970.0,0.4469465020576132,694.0,0.500872427983539,584.0,386.0,0.0,0.37522798353909464
short_aggressive_wide_capacity,robustness,0.6435,0.35650000000000004,31,0.03,True,rank,rank_average,13,0.0037255841847591595,0.048432594401869075,0.5384615384615384,-0.020590820536653856,0.033745586636476255,0.017253639820195708,0.01762753802193312,0.05288261406579936,1.0,0.007933538584853891,0.03177842971733934,0.010232061530039522,0.006027989927917215,0.04219592949542051,0.5714285714285714,-0.012187061271588848,0.03177842971733934,0.016347217592097632,0.0037255841847591595,0.048432594401869075,0.5384615384615384,-0.020590820536653856,0.033745586636476255,0.017253639820195708,0.013665764405503662,-1.4347389282936022e-05,-0.004132926253321513,0.0,0.004839910499025917,neighbor,0.4627736625514403,647.0,0.2938395061728395,960.0,0.38568724279835387,845.0,313.0,0.0,0.37519032921810697
balanced_extra_wide_capacity,robustness,0.75,0.25,66,0.03,False,equal,rank_average,13,0.004209593684103318,0.05472471789334313,0.5384615384615384,-0.022691003815197248,0.02290146097405967,0.014172160423968053,0.0119021013975986,0.0357063041927958,1.0,0.009668591072651243,0.014891313484472285,0.0021981084614532205,0.007890659805376727,0.05523461863763709,0.7142857142857143,-0.011810254375971274,0.022845748072436854,0.0110105008778905,0.004209593684103318,0.05472471789334313,0.5384615384615384,-0.022691003815197248,0.02290146097405967,0.014172160423968053,0.010974832850606114,0.0013145778592799277,-0.004550101320614663,0.0,0.0042989779788262135,neighbor,0.3245514403292181,879.0,0.40666255144032926,766.0,0.41063786008230446,801.0,113.0,0.0,0.3744144032921811
short_aggressive_wide_capacity,robustness,0.5935,0.4065,35,0.039,True,rank,rank_average,13,0.0037068411427119865,0.04818893485525583,0.5384615384615384,-0.021095384587066557,0.038958987614159196,0.017689745940044008,0.017384648117804203,0.05215394435341261,1.0,0.009079340958353853,0.030386723973971103,0.009311135623055366,0.00629591257205042,0.04407138800435294,0.5714285714285714,-0.012717945927003626,0.030386723973971103,0.014594604752375038,0.0037068411427119865,0.04818893485525583,0.5384615384615384,-0.021095384587066557,0.038958987614159196,0.017689745940044008,0.013905431943405166,-3.6823418413886285e-05,-0.004310115923924592,0.0,0.004899084850487129,neighbor,0.4773415637860082,623.0,0.28127160493827164,982.0,0.3743786008230452,858.0,359.0,0.0,0.37366563786008233
recent_compact_capacity,robustness,0.03,0.97,30,0.033758,True,rank,rank_average,13,0.0018443510420499676,0.02397656354664958,0.6923076923076923,-0.032678266272296946,0.018081719588945812,0.014470157940804886,0.011435532448372579,0.034306597345117734,1.0,0.005402632849677735,0.018081719588945812,0.005194349580216201,0.009194346497037055,0.06436042547925938,1.0,0.0014555019443178371,0.018081719588945812,0.006148256723796522,0.0018443510420499676,0.02397656354664958,0.6923076923076923,-0.032678266272296946,0.018081719588945812,0.014470157940804886,0.00930112233596602,0.006721093144936007,-0.009040240083581818,0.0,0.005388904837070338,neighbor,0.24104526748971192,986.0,0.6747860082304526,344.0,0.15541975308641975,1159.0,815.0,0.05,0.37338477366255146
short_aggressive_wide_capacity,robustness,0.5435,0.4565,31,0.042,True,rank,rank_average,13,0.002942676519912744,0.03825479475886567,0.5384615384615384,-0.022825901394355246,0.04170047778962864,0.01809878036107074,0.018164532876305955,0.054493598628917866,1.0,0.008749398677906469,0.032846683139722374,0.010519058046557794,0.004703558116264132,0.03292490681384892,0.5714285714285714,-0.01137982414447652,0.032846683139722374,0.013930474905960768,0.002942676519912744,0.03825479475886567,0.5384615384615384,-0.022825901394355246,0.04170047778962864,0.01809878036107074,0.014241085303203529,-0.0005028852699781249,-0.005316760305325428,0.0,0.004672621703992442,neighbor,0.4999094650205761,598.0,0.2936913580246914,962.0,0.27213168724279835,1015.0,417.0,0.0,0.37294465020576134
short_aggressive_wide_capacity,robustness,0.5685,0.4315,32,0.03,True,rank,rank_average,13,0.003230349927430741,0.041994549056599634,0.5384615384615384,-0.016583569122727154,0.03021136416913847,0.015814562299683147,0.018606609157244113,0.055819827471732336,1.0,0.012820921055145151,0.02813028225228635,0.00678594301585933,0.00553444486708445,0.038741114069591145,0.5714285714285714,-0.01389325978794707,0.02813028225228635,0.01538478223267415,0.003230349927430741,0.041994549056599634,0.5384615384615384,-0.016583569122727154,0.03021136416913847,0.015814562299683147,0.015836671167827044,-0.0008587135843558253,-0.0030928168134029,0.0,0.005484324832160261,neighbor,0.6222304526748971,421.0,0.23514814814814813,1031.0,0.45089711934156373,715.0,610.0,0.05,0.37234341563786005
stable_extra_wide_capacity,robustness,0.31,0.69,41,0.03,False,equal,rank_average,13,0.005403338225879702,0.07024339693643612,0.7692307692307693,-0.027641257246642827,0.023383315073523904,0.015359317437721275,0.014150268106971902,0.042450804320915705,1.0,0.003082477185683455,0.02126380720468491,0.007931677877479565,0.009477199344839012,0.06634039541387309,0.8571428571428571,-0.0180830447441394,0.02161637392510813,0.013073630128354165,0.005403338225879702,0.07024339693643612,0.7692307692307693,-0.027641257246642827,0.023383315073523904,0.015359317437721275,0.010082870292249524,0.00029174171813509174,-0.005272481333409935,0.0,0.003373559690049111,neighbor,0.26881069958847736,939.0,0.41751440329218104,744.0,0.505798353909465,576.0,363.0,0.0,0.3712755144032922
stable_compact_capacity,robustness,0.928,0.07199999999999995,30,0.033333,True,equal,rank_average,13,0.004703662923886211,0.06114761801052075,0.5384615384615384,-0.022809530450194737,0.03000337988590658,0.015628708646203374,0.01550577362594914,0.04651732087784742,1.0,0.004058576670114708,0.03000337988590658,0.010809315463017728,0.00881419936978912,0.06169939558852384,0.7142857142857143,-0.014765058734580918,0.03000337988590658,0.015077000234057884,0.004703662923886211,0.06114761801052075,0.5384615384615384,-0.022809530450194737,0.03000337988590658,0.015628708646203374,0.011177621267928862,0.000865909972653809,-0.004307595643487584,0.0,0.004214568648342622,neighbor,0.3207242798353909,885.0,0.3914650205761317,812.0,0.4368724279835391,744.0,141.0,0.0,0.3699798353909465
short_aggressive_wide_capacity,robustness,0.5685,0.4315,35,0.037,True,rank,rank_average,13,0.00324632027966257,0.04220216363561341,0.5384615384615384,-0.019457128960305988,0.037338751153588395,0.017163138352634867,0.019282059128488155,0.057846177385464465,1.0,0.012569658977804505,0.031518673633495795,0.00866617936885647,0.005148987046734106,0.036042909327138745,0.5714285714285714,-0.013039007832666885,0.031518673633495795,0.01481295705117222,0.00324632027966257,0.04220216363561341,0.5384615384615384,-0.019457128960305988,0.037338751153588395,0.017163138352634867,0.016138761165913736,-0.0007965213967130607,-0.004031988459031772,0.0,0.005492271568989852,neighbor,0.6364526748971193,402.0,0.24576543209876542,1022.0,0.36450205761316873,880.0,620.0,0.05,0.36985082304526745
recent_compact_current,robustness,0.875,0.125,39,0.03,True,equal,rank_average,13,0.005571130119005797,0.07242469154707536,0.8461538461538461,-0.010602480307208968,0.0237350610782702,0.007680396373938786,0.0057147300254828766,0.01714419007644863,1.0,8.901324269896226e-05,0.008635371910402145,0.00397895583217083,0.008455988273530007,0.059191917914710054,1.0,8.901324269896226e-05,0.0237350610782702,0.006867329521875637,0.005571130119005797,0.07242469154707536,0.8461538461538461,-0.010602480307208968,0.0237350610782702,0.007680396373938786,0.0042867704846158965,0.0058492876860027606,0.0005228795126081906,0.0,0.00442531957943883,neighbor,0.07986008230452674,1202.0,0.5981069958847736,468.0,0.7899753086419754,174.0,1028.0,0.05,0.36958847736625516
stable_medium_capacity,robustness,0.7475,0.25249999999999995,95,0.03,True,equal,rank_average,13,0.002884988779785249,0.03750485413720824,0.6153846153846154,-0.014983569329674373,0.02190559306011116,0.010543160537714648,0.010428100702804845,0.031284302108414534,1.0,0.007984864521443674,0.015119173838041858,0.0033180486820451444,0.004940978518135906,0.03458684962695134,0.8571428571428571,-0.0015077236052723902,0.015119173838041858,0.005332683881025101,0.002884988779785249,0.03750485413720824,0.6153846153846154,-0.014983569329674373,0.02190559306011116,0.010543160537714648,0.009579022692675174,0.0031759518227404346,-0.0026847496589303362,0.0,0.004858074948463715,neighbor,0.2480699588477366,966.0,0.4389588477366255,708.0,0.4826872427983539,633.0,333.0,0.0,0.3691625514403292
short_aggressive_wide_capacity,robustness,0.5685,0.4315,35,0.03,True,rank,rank_average,13,0.0033600471550721883,0.043680613015938445,0.5384615384615384,-0.016552178307215594,0.029951705199804328,0.01618708528290881,0.01930372694398157,0.05791118083194471,1.0,0.01269097461379938,0.029951705199804328,0.0076024334390984325,0.005494518459227673,0.03846162921459371,0.5714285714285714,-0.016179276813442455,0.029951705199804328,0.016868937335716833,0.0033600471550721883,0.043680613015938445,0.5384615384615384,-0.016552178307215594,0.029951705199804328,0.01618708528290881,0.01619114598062329,-0.0016358572552476658,-0.003008530424528461,0.0,0.0052890430637085985,neighbor,0.6428106995884774,392.0,0.20319753086419753,1055.0,0.4659835390946502,668.0,663.0,0.05,0.3684606995884774
short_aggressive_wide_capacity,robustness,0.5835,0.4165,35,0.03,True,rank,rank_average,13,0.00317506759790747,0.041275878772797106,0.5384615384615384,-0.016395449878441555,0.02969457284245025,0.0159417299033571,0.01783029717400296,0.05349089152200888,1.0,0.011105344065759252,0.02969457284245025,0.008414247199894646,0.004863048499892707,0.03404133949924895,0.5714285714285714,-0.016179276813442455,0.02969457284245025,0.01652952040678535,0.00317506759790747,0.041275878772797106,0.5384615384615384,-0.016395449878441555,0.02969457284245025,0.0159417299033571,0.01482803293088224,-0.0019957951320685964,-0.0030622483906169173,0.0,0.004573768104329491,neighbor,0.5445514403292181,527.0,0.18161728395061727,1062.0,0.4554897119341563,696.0,535.0,0.0,0.3678718106995885
recent_compact_capacity,robustness,0.005,0.995,36,0.033758,True,rank,rank_average,13,0.0019060055705849759,0.024778072417604685,0.6923076923076923,-0.031649600187379424,0.020168457263824782,0.014697608291283493,0.011012217477715878,0.033036652433147635,1.0,0.0035815981873416267,0.020168457263824782,0.006880615189416934,0.009302643891849862,0.06511850724294904,1.0,0.0019624015860034896,0.020168457263824782,0.006670994206533141,0.0019060055705849759,0.024778072417604685,0.6923076923076923,-0.031649600187379424,0.020168457263824782,0.014697608291283493,0.008458891364120787,0.006950099541735573,-0.008665637194294083,0.0,0.005211255760285211,neighbor,0.19711934156378602,1065.0,0.6977242798353909,306.0,0.1635925925925926,1145.0,839.0,0.05,0.3673625514403292
stable_medium_capacity,robustness,0.7625,0.23750000000000004,95,0.03,True,equal,rank_average,13,0.0029251733001125313,0.03802725290146291,0.6153846153846154,-0.013848083586101116,0.02190559306011116,0.010208819907210847,0.01078638415102647,0.03235915245307941,1.0,0.006416047879113186,0.015455882065517429,0.0036965545936464535,0.004909286871718337,0.03436500810202836,0.8571428571428571,-0.0015077236052723902,0.015455882065517429,0.00571001119384668,0.0029251733001125313,0.03802725290146291,0.6153846153846154,-0.013848083586101116,0.02190559306011116,0.010208819907210847,0.009265534766192438,0.00315788758428242,-0.0022871341869646106,0.0,0.004784193191359373,neighbor,0.23457613168724278,994.0,0.43802057613168727,711.0,0.5082798353909465,567.0,427.0,0.0,0.3671816872427983
short_aggressive_wide_capacity,robustness,0.5435,0.4565,31,0.03,True,rank,rank_average,13,0.002157919603190461,0.028052954841475995,0.5384615384615384,-0.019933670642922664,0.03146101080974892,0.015635531660921485,0.018079315694958187,0.05423794708487456,1.0,0.011939972376649576,0.029127328944618856,0.007828264465803772,0.003800058219401627,0.026600407535811388,0.5714285714285714,-0.012187061271588848,0.029127328944618856,0.013947717423124215,0.002157919603190461,0.028052954841475995,0.5384615384615384,-0.019933670642922664,0.03146101080974892,0.015635531660921485,0.015245400830420527,-0.001284268463136821,-0.004809635599884378,0.0,0.004798794183773985,neighbor,0.5772921810699588,483.0,0.2215925925925926,1045.0,0.243440329218107,1049.0,566.0,0.0,0.36714958847736623
short_aggressive_wide_capacity,robustness,0.5435,0.4565,35,0.039,True,rank,rank_average,13,0.0027731407752943425,0.03605083007882645,0.5384615384615384,-0.020599848396105208,0.037899330711462176,0.01720262025484021,0.01843783930255927,0.055313517907677814,1.0,0.010709836524239662,0.03191580196235049,0.00956450979818926,0.004538261342506634,0.03176782939754644,0.5714285714285714,-0.012717945927003626,0.03191580196235049,0.014236292385752837,0.0027731407752943425,0.03605083007882645,0.5384615384615384,-0.020599848396105208,0.037899330711462176,0.01720262025484021,0.015043814455457872,-0.001038684619253844,-0.004678798190335405,0.0,0.004848297974968609,neighbor,0.555835390946502,511.0,0.2235679012345679,1044.0,0.2859588477366255,988.0,533.0,0.0,0.3658335390946502
recent_compact_capacity,robustness,0.005,0.995,33,0.033758,True,rank,rank_average,13,0.001857813680352537,0.02415157784458298,0.6923076923076923,-0.03285403829766765,0.02095024286056909,0.014647318049409734,0.010920843276303998,0.03276252982891199,1.0,0.004054725022863262,0.02095024286056909,0.007251178862066285,0.009095897783093346,0.06367128448165342,1.0,0.002407203936663887,0.02095024286056909,0.006749021495921838,0.001857813680352537,0.02415157784458298,0.6923076923076923,-0.03285403829766765,0.02095024286056909,0.014647318049409734,0.008562939925038156,0.00697903903546229,-0.009090571148121687,0.0,0.0052021578637550395,neighbor,0.1913662551440329,1079.0,0.702045267489712,293.0,0.1541851851851852,1160.0,867.0,0.05,0.3655946502057614
recent_compact_current,robustness,0.835,0.16500000000000004,32,0.03125,True,equal,rank_average,13,0.004716621351821605,0.061316077573680856,0.6923076923076923,-0.026931157976371037,0.0282662441871392,0.012795888267594147,0.006971907137265168,0.020915721411795506,0.6666666666666666,-0.00681051578583667,0.015487676864838915,0.009835499505469473,0.010708210278805202,0.07495747195163642,0.8571428571428571,-0.00681051578583667,0.0282662441871392,0.009983776521721971,0.004716621351821605,0.061316077573680856,0.6923076923076923,-0.026931157976371037,0.0282662441871392,0.012795888267594147,0.0023931835255817106,0.004713352506735721,-0.005506500269356437,0.0,0.0022523069978602935,neighbor,0.0228477366255144,1208.0,0.7573909465020576,184.0,0.43493827160493825,748.0,1024.0,0.05,0.3652057613168724
short_aggressive_wide_capacity,robustness,0.5435,0.4565,32,0.042,True,rank,rank_average,13,0.002821991086419002,0.036685884123447025,0.5384615384615384,-0.02246475077532127,0.04092383043444517,0.017800657745590816,0.017842315510953412,0.053526946532860234,1.0,0.008864268131984834,0.032221581210334374,0.01027199714656562,0.004607247667078237,0.032250733669547664,0.5714285714285714,-0.01140475932917969,0.032221581210334374,0.01369071401825451,0.002821991086419002,0.036685884123447025,0.5384615384615384,-0.02246475077532127,0.04092383043444517,0.017800657745590816,0.014095328324798439,-0.0005660108369661312,-0.00526637129813565,0.0,0.004593470758564269,neighbor,0.4890699588477366,610.0,0.2882345679012346,971.0,0.265119341563786,1024.0,414.0,0.0,0.36510144032921815
stable_medium_capacity,robustness,0.7625,0.23750000000000004,93,0.03,True,equal,rank_average,13,0.002778641395382646,0.0361223381399744,0.6153846153846154,-0.013810794094844155,0.020787010661589396,0.010231406708330424,0.010457280536773812,0.03137184161032144,1.0,0.008122115983693744,0.015107839734975627,0.003288451849964235,0.0046026008526591404,0.03221820596861398,0.8571428571428571,-0.002275486308846837,0.015107839734975627,0.005617873761295709,0.002778641395382646,0.0361223381399744,0.6153846153846154,-0.013810794094844155,0.020787010661589396,0.010231406708330424,0.00964094818058001,0.0027297148612391107,-0.0023583518405458485,0.0,0.004730998183707726,neighbor,0.2508477366255144,953.0,0.4218353909465021,735.0,0.49287242798353914,611.0,342.0,0.0,0.36409588477366256
recent_compact_capacity,robustness,0.005,0.995,33,0.030758,True,rank,rank_average,13,0.001830088698578831,0.023791153081524803,0.6923076923076923,-0.03169379047372128,0.022295433539434854,0.0136713441911997,0.011544795142896849,0.034634385428690545,1.0,0.004941142718975826,0.022295433539434854,0.007667723345864735,0.008962946396705722,0.06274062477694005,1.0,0.0016257707549669725,0.022295433539434854,0.006234056089453737,0.001830088698578831,0.023791153081524803,0.6923076923076923,-0.03169379047372128,0.022295433539434854,0.0136713441911997,0.009211110328713225,0.0066453837952613615,-0.008723492605830397,0.0,0.005366342948478343,neighbor,0.23413168724279834,995.0,0.6596008230452675,368.0,0.1567283950617284,1158.0,790.0,0.05,0.363982304526749
recent_compact_current,robustness,0.775,0.22499999999999998,35,0.03,True,equal,rank_average,13,0.005165938518763071,0.06715720074391993,0.7692307692307693,-0.01883782624496922,0.022493930901921068,0.009445748327550227,0.0060109368217537125,0.01803281046526114,1.0,0.0012823528131995447,0.010269819314712887,0.0036841193578448115,0.008752164264371894,0.06126514985060326,1.0,0.0012823528131995447,0.022493930901921068,0.006164834945050898,0.005165938518763071,0.06715720074391993,0.7692307692307693,-0.01883782624496922,0.022493930901921068,0.009445748327550227,0.004849410416755465,0.006411910059047829,-0.0025026669359141233,0.0,0.00444972365288659,neighbor,0.0985761316872428,1197.0,0.6266502057613168,429.0,0.615045267489712,347.0,850.0,0.05,0.3636798353909465
stable_compact_capacity,robustness,1.0,0.0,33,0.03,True,equal,rank_average,13,0.0029872135259784733,0.03883377583772015,0.6153846153846154,-0.025883940195052767,0.02687369607771853,0.01311421195673329,0.011675610186298794,0.03502683055889638,1.0,0.0007309949046878234,0.019915262680394577,0.008062119253392647,0.008590441067506439,0.06013308747254507,0.7142857142857143,-0.006493625505117416,0.02687369607771853,0.011630999289141854,0.0029872135259784733,0.03883377583772015,0.6153846153846154,-0.025883940195052767,0.02687369607771853,0.01311421195673329,0.007896326124737294,0.0034679407060756373,-0.006223603939175067,0.0,0.003785563176752695,rounded,0.19176131687242798,1074.0,0.5487489711934156,536.0,0.26682304526748973,1020.0,538.0,0.0,0.3636650205761317
stable_compact_capacity,robustness,1.0,0.0,33,0.030303,True,equal,rank_average,13,0.0029872135259784733,0.03883377583772015,0.6153846153846154,-0.025883940195052767,0.02687369607771853,0.01311421195673329,0.011675610186298794,0.03502683055889638,1.0,0.0007309949046878234,0.019915262680394577,0.008062119253392647,0.008590441067506439,0.06013308747254507,0.7142857142857143,-0.006493625505117416,0.02687369607771853,0.011630999289141854,0.0029872135259784733,0.03883377583772015,0.6153846153846154,-0.025883940195052767,0.02687369607771853,0.01311421195673329,0.007896326124737294,0.0034679407060756373,-0.006223603939175067,0.0,0.003785563176752695,neighbor,0.19176131687242798,1074.0,0.5487489711934156,536.0,0.26682304526748973,1020.0,538.0,0.0,0.3636650205761317
short_aggressive_wide_capacity,robustness,0.6435,0.35650000000000004,35,0.042,True,rank,rank_average,13,0.0037532119218378767,0.0487917549838924,0.5384615384615384,-0.021844901372996155,0.04141079990228999,0.017842151724216975,0.016062997964714224,0.048188993894142676,1.0,0.0081386906482429,0.029010510587977947,0.00923156399045582,0.006104807970287769,0.04273365579201438,0.5714285714285714,-0.011835882253835495,0.029010510587977947,0.013821582010208278,0.0037532119218378767,0.0487917549838924,0.5384615384615384,-0.021844901372996155,0.04141079990228999,0.017842151724216975,0.012841676753807263,0.00014532797072688603,-0.004531025119179604,0.0,0.004522414520473064,neighbor,0.42121810699588474,712.0,0.30974074074074076,939.0,0.37008230452674895,869.0,227.0,0.0,0.36338292181069964
short_aggressive_wide_capacity,robustness,0.6035,0.39649999999999996,35,0.039,True,rank,rank_average,13,0.003638460921667833,0.047299991981681826,0.5384615384615384,-0.021095384587066557,0.038984025073694445,0.017665171431385178,0.017237349134290172,0.05171204740287051,1.0,0.008151396845048512,0.030872771136734346,0.009817958661868251,0.006100894216519839,0.042706259515638875,0.5714285714285714,-0.012717945927003626,0.030872771136734346,0.014581849462418006,0.003638460921667833,0.047299991981681826,0.5384615384615384,-0.021095384587066557,0.038984025073694445,0.017665171431385178,0.013515249965411407,-0.0001479838810663173,-0.00434909264991976,0.0,0.0046871433421967566,neighbor,0.4550699588477366,658.0,0.279395061728395,988.0,0.36921810699588475,871.0,330.0,0.0,0.36313847736625515
short_aggressive_wide_capacity,robustness,0.5435,0.4565,35,0.036,True,rank,rank_average,13,0.0029152379500917516,0.03789809335119277,0.5384615384615384,-0.019658151964000052,0.03592287488585309,0.017046491290383537,0.01980673353511352,0.05942020060534056,1.0,0.012942998080811653,0.031916017596725535,0.00858800335862193,0.0045744617742619065,0.032021232419833345,0.5714285714285714,-0.013216153302450769,0.031916017596725535,0.015173895051879497,0.0029152379500917516,0.03789809335119277,0.5384615384615384,-0.019658151964000052,0.03592287488585309,0.017046491290383537,0.01656102748168255,-0.001182458807050896,-0.00428704297810618,0.0,0.005449248082784191,neighbor,0.666798353909465,351.0,0.21574074074074076,1050.0,0.3216872427983539,932.0,699.0,0.05,0.36205576131687245
short_aggressive_wide_capacity,robustness,0.6,0.4,35,0.039,True,rank,rank_average,13,0.003577290415557261,0.04650477540224439,0.5384615384615384,-0.021095384587066557,0.038984025073694445,0.01760024584662911,0.017150403190969284,0.05145120957290785,1.0,0.008376606177849091,0.030386723973971103,0.009523546613433485,0.006024857004896157,0.0421739990342731,0.5714285714285714,-0.012717945927003626,0.030386723973971103,0.014438756443839943,0.003577290415557261,0.04650477540224439,0.5384615384615384,-0.021095384587066557,0.038984025073694445,0.01760024584662911,0.013540009857542692,-0.00019132509169181625,-0.004383959838402786,0.0,0.004672313675995342,neighbor,0.4579341563786008,655.0,0.2751728395061728,1002.0,0.36687242798353903,875.0,347.0,0.0,0.3620323045267489
short_aggressive_compact_capacity,robustness,0.9355,0.0645,30,0.033333,True,equal,rank_average,13,0.005910842436629052,0.07684095167617767,0.6153846153846154,-0.021352763268459956,0.04994187439045705,0.01812682325223021,0.011126808204134059,0.033380424612402176,1.0,0.002215299443198364,0.01592857585678073,0.006307718366239841,0.009071748310677183,0.06350223817474028,0.8571428571428571,-0.011206886192875264,0.01678402207038191,0.009441381285472476,0.005910842436629052,0.07684095167617767,0.6153846153846154,-0.021352763268459956,0.04994187439045705,0.01812682325223021,0.008073329492611872,0.002329766950580014,-0.0030618470743286113,0.0,0.003818449863656464,neighbor,0.19237860082304525,1070.0,0.5500329218106995,534.0,0.5792921810699587,395.0,675.0,0.05,0.36136008230452676
short_aggressive_medium_capacity,robustness,0.9355,0.0645,30,0.033333,True,equal,rank_average,13,0.005910842436629052,0.07684095167617767,0.6153846153846154,-0.021352763268459956,0.04994187439045705,0.01812682325223021,0.011126808204134059,0.033380424612402176,1.0,0.002215299443198364,0.01592857585678073,0.006307718366239841,0.009071748310677183,0.06350223817474028,0.8571428571428571,-0.011206886192875264,0.01678402207038191,0.009441381285472476,0.005910842436629052,0.07684095167617767,0.6153846153846154,-0.021352763268459956,0.04994187439045705,0.01812682325223021,0.008073329492611872,0.002329766950580014,-0.0030618470743286113,0.0,0.003818449863656464,neighbor,0.19237860082304525,1070.0,0.5500329218106995,534.0,0.5792921810699587,395.0,675.0,0.05,0.36136008230452676
short_aggressive_compact_capacity,robustness,0.9705,0.02949999999999997,33,0.030303,True,equal,rank_average,13,0.005921468861510644,0.07697909519963837,0.6923076923076923,-0.023886766959003762,0.04073041154655639,0.015146632402850597,0.00937037208104531,0.028111116243135927,1.0,0.00514085256838049,0.014348339668379853,0.003796014187233875,0.008619663714814147,0.06033764600369903,0.8571428571428571,-0.00525789685016903,0.022144604486533062,0.007904809716319936,0.005921468861510644,0.07697909519963837,0.6923076923076923,-0.023886766959003762,0.04073041154655639,0.015146632402850597,0.008037593433761387,0.00403524521403114,-0.0038150881531024824,0.0,0.004458634496853195,neighbor,0.17753909465020576,1112.0,0.5675390946502057,507.0,0.5572345679012345,462.0,650.0,0.05,0.35999341563786
short_aggressive_medium_capacity,robustness,0.9705,0.02949999999999997,33,0.030303,True,equal,rank_average,13,0.005921468861510644,0.07697909519963837,0.6923076923076923,-0.023886766959003762,0.04073041154655639,0.015146632402850597,0.00937037208104531,0.028111116243135927,1.0,0.00514085256838049,0.014348339668379853,0.003796014187233875,0.008619663714814147,0.06033764600369903,0.8571428571428571,-0.00525789685016903,0.022144604486533062,0.007904809716319936,0.005921468861510644,0.07697909519963837,0.6923076923076923,-0.023886766959003762,0.04073041154655639,0.015146632402850597,0.008037593433761387,0.00403524521403114,-0.0038150881531024824,0.0,0.004458634496853195,neighbor,0.17753909465020576,1112.0,0.5675390946502057,507.0,0.5572345679012345,462.0,650.0,0.05,0.35999341563786
recent_compact_current,robustness,0.825,0.17500000000000004,35,0.03,True,equal,rank_average,13,0.004504556923472466,0.05855924000514205,0.7692307692307693,-0.018837826244969224,0.023070575758406195,0.009210529416764396,0.006814628917660995,0.020443886752982983,1.0,0.0009068147951075065,0.011867933840856812,0.0045154676511307374,0.008834183692562931,0.06183928584794052,1.0,0.0009068147951075065,0.023070575758406195,0.006684837218747494,0.004504556923472466,0.05855924000514205,0.7692307692307693,-0.018837826244969224,0.023070575758406195,0.009210529416764396,0.005183587365452244,0.0063347335871463475,-0.0028796544452297694,0.0,0.004492116893612289,neighbor,0.10035390946502057,1196.0,0.6332921810699588,420.0,0.5641687242798354,443.0,776.0,0.05,0.359748353909465
short_aggressive_wide_capacity,robustness,0.5835,0.4165,35,0.042,True,rank,rank_average,13,0.003415592390649971,0.044402701078449625,0.5384615384615384,-0.020929764698514902,0.03936497966812977,0.017138943201410885,0.016415806240882708,0.04924741872264812,1.0,0.008257382367179177,0.02995024369754712,0.009637468537182645,0.00567644988455111,0.03973514919185777,0.5714285714285714,-0.011835882253835495,0.02995024369754712,0.013332357479466745,0.003415592390649971,0.044402701078449625,0.5384615384615384,-0.020929764698514902,0.03936497966812977,0.017138943201410885,0.01308194573847227,-9.883613814300955e-05,-0.004421473149377896,0.0,0.004525081060817869,neighbor,0.43566255144032917,681.0,0.2937901234567901,961.0,0.3544526748971193,893.0,280.0,0.0,0.35963847736625515
short_aggressive_wide_capacity,robustness,0.6185,0.38149999999999995,35,0.039,True,rank,rank_average,13,0.003660117380609636,0.047581525947925266,0.5384615384615384,-0.021095384587066557,0.039394095413859576,0.01768771167777779,0.01698423262975757,0.050952697889272716,1.0,0.008064409132673752,0.03020040933551131,0.00953396085633676,0.00601216530711502,0.04208515714980514,0.5714285714285714,-0.012717945927003626,0.03020040933551131,0.014433799445589608,0.003660117380609636,0.047581525947925266,0.5384615384615384,-0.021095384587066557,0.039394095413859576,0.01768771167777779,0.013342267612744152,-0.00019855935942706435,-0.004336748468322933,0.0,0.0045970430631070425,neighbor,0.4490205761316872,664.0,0.27376543209876547,1003.0,0.37109465020576127,867.0,339.0,0.0,0.3584668724279836
stable_medium_capacity,robustness,0.7975,0.2025,94,0.03,True,equal,rank_average,13,0.0027919455670612223,0.03629529237179589,0.6153846153846154,-0.013609217626859425,0.021478840900436412,0.009813035626783737,0.01052288499281464,0.03156865497844392,1.0,0.005588063771489859,0.015026209582453508,0.0038651684822803333,0.005059601924343281,0.03541721347040297,0.8571428571428571,-0.0022992242262961857,0.015026209582453508,0.005563675732353634,0.0027919455670612223,0.03629529237179589,0.6153846153846154,-0.013609217626859425,0.021478840900436412,0.009813035626783737,0.008842105490495997,0.002982371959340786,-0.0022842482282540992,0.0,0.004536272343663638,neighbor,0.2117119341563786,1041.0,0.4379588477366255,712.0,0.4988230452674897,592.0,449.0,0.0,0.35658971193415645
balanced_extra_wide_capacity,robustness,0.775,0.22499999999999998,66,0.03,False,equal,rank_average,13,0.0036608808121873383,0.047591450558435396,0.5384615384615384,-0.022691003815197244,0.02290146097405967,0.013731721447315002,0.011926808192686647,0.03578042457805994,1.0,0.00974271145791538,0.014891313484472285,0.0021731396402229364,0.007348490379098632,0.05143943265369042,0.7142857142857143,-0.011810254375971274,0.01897644170322605,0.010323822826081849,0.0036608808121873383,0.047591450558435396,0.5384615384615384,-0.022691003815197244,0.02290146097405967,0.013731721447315002,0.011013375450943462,0.0010055412863014138,-0.004862867657606769,0.0,0.004128413610572005,neighbor,0.32665020576131687,877.0,0.3803909465020576,844.0,0.35173662551440327,900.0,56.0,0.0,0.3545965020576131
stable_extra_wide_capacity,robustness,0.285,0.7150000000000001,41,0.03,False,equal,rank_average,13,0.004871127434425032,0.06332465664752542,0.6923076923076923,-0.027641257246642827,0.026841456319389695,0.015659849428195278,0.013493245708666448,0.040479737125999345,1.0,0.004913480526027391,0.021750917106355336,0.006877626817145046,0.009115033131691692,0.06380523192184184,0.8571428571428571,-0.0182833620059115,0.021750917106355336,0.012784817662336702,0.004871127434425032,0.06332465664752542,0.6923076923076923,-0.027641257246642827,0.026841456319389695,0.015659849428195278,0.010312598627528913,1.9202280256325915e-05,-0.005652764561462174,0.0,0.0032857657929075863,neighbor,0.2754650205761317,934.0,0.39242798353909464,808.0,0.44682716049382715,724.0,210.0,0.0,0.35380267489711936
stable_medium_capacity,robustness,0.7825,0.21750000000000003,92,0.03,True,equal,rank_average,13,0.0026605387877344584,0.03458700424054796,0.6153846153846154,-0.013619936730136006,0.022313161062488672,0.010282042729953204,0.010501603376830667,0.031504810130492,1.0,0.007390393167657886,0.014918049166572897,0.0032087516939446137,0.004370083869380266,0.030590587085661862,0.8571428571428571,-0.0034096516537879124,0.014918049166572897,0.005889043905533547,0.0026605387877344584,0.03458700424054796,0.6153846153846154,-0.013619936730136006,0.022313161062488672,0.010282042729953204,0.009424743670120583,0.0022229056169395978,-0.0023626873965516258,0.0,0.004415801886188309,neighbor,0.23948971193415636,989.0,0.4073415637860083,765.0,0.48829218106995886,621.0,368.0,0.0,0.3523434156378601
stable_medium_capacity,robustness,0.8225,0.1775,90,0.03,True,equal,rank_average,13,0.0025507655982689456,0.033159952777496296,0.6153846153846154,-0.013932258337878138,0.021610007925061576,0.009972976288997874,0.010761911297633306,0.03228573389289992,1.0,0.006224604771769657,0.015305545621952105,0.003707281278052966,0.004836690228321089,0.03385683159824762,0.8571428571428571,-0.0038774832221065633,0.015305545621952105,0.005988700484411288,0.0025507655982689456,0.033159952777496296,0.6153846153846154,-0.013932258337878138,0.021610007925061576,0.009972976288997874,0.009188409014334972,0.0023344868239907114,-0.0025283242451018713,0.0,0.004346634039764529,neighbor,0.2300329218106996,1002.0,0.42137860082304524,737.0,0.46971193415637863,657.0,345.0,0.0,0.35209032921810696
stable_extra_wide_capacity,robustness,0.335,0.665,41,0.03,False,equal,rank_average,13,0.004811581687055824,0.06255056193172571,0.7692307692307693,-0.027641257246642827,0.023383315073523897,0.01522367825835794,0.014150268106971899,0.0424508043209157,1.0,0.003082477185683455,0.02126380720468491,0.007931677877479565,0.00909093271164795,0.06363652898153566,0.8571428571428571,-0.0180830447441394,0.02161637392510813,0.012964378032512464,0.004811581687055824,0.06255056193172571,0.7692307692307693,-0.027641257246642827,0.023383315073523897,0.01522367825835794,0.01008287029224952,7.15697372161867e-05,-0.005609782560539545,0.0,0.0032238871145661607,neighbor,0.2683415637860082,940.0,0.3921810699588477,810.0,0.45372427983539093,702.0,238.0,0.0,0.3518767489711934
short_aggressive_compact_capacity,robustness,0.9955,0.0044999999999999485,31,0.032258,True,equal,rank_average,13,0.004109767446980376,0.05342697681074489,0.6153846153846154,-0.024507363557225853,0.024557521923559603,0.013327394525137752,0.008773836875048468,0.026321510625145404,1.0,0.004841239979529635,0.013451692264861242,0.003554483535572224,0.00800820156579642,0.05605741096057494,0.8571428571428571,-0.008140453460964217,0.021515996571301082,0.008321140016327376,0.004109767446980376,0.05342697681074489,0.6153846153846154,-0.024507363557225853,0.024557521923559603,0.013327394525137752,0.007598696212022406,0.0027354681075286245,-0.005129477913721103,0.0,0.003501017446138678,neighbor,0.1540082304526749,1146.0,0.516082304526749,592.0,0.3861810699588477,842.0,554.0,0.0,0.35176748971193417
short_aggressive_medium_capacity,robustness,0.9955,0.0044999999999999485,31,0.032258,True,equal,rank_average,13,0.004109767446980376,0.05342697681074489,0.6153846153846154,-0.024507363557225853,0.024557521923559603,0.013327394525137752,0.008773836875048468,0.026321510625145404,1.0,0.004841239979529635,0.013451692264861242,0.003554483535572224,0.00800820156579642,0.05605741096057494,0.8571428571428571,-0.008140453460964217,0.021515996571301082,0.008321140016327376,0.004109767446980376,0.05342697681074489,0.6153846153846154,-0.024507363557225853,0.024557521923559603,0.013327394525137752,0.007598696212022406,0.0027354681075286245,-0.005129477913721103,0.0,0.003501017446138678,neighbor,0.1540082304526749,1146.0,0.516082304526749,592.0,0.3861810699588477,842.0,554.0,0.0,0.35176748971193417
stable_medium_capacity,robustness,0.7725,0.22750000000000004,92,0.03,True,equal,rank_average,13,0.0027678159594868904,0.035981607473329576,0.5384615384615384,-0.013619936730136006,0.022478092577788898,0.010478867512584636,0.010884959880122098,0.03265487964036629,1.0,0.008540462677532178,0.014918049166572897,0.0028643684324887284,0.004175561335408814,0.0292289293478617,0.7142857142857143,-0.0034096516537879124,0.014918049166572897,0.006289728364673303,0.0027678159594868904,0.035981607473329576,0.5384615384615384,-0.013619936730136006,0.022478092577788898,0.010478867512584636,0.010022779815255217,0.001969170629718727,-0.002378462485575816,0.0,0.004538469336639141,neighbor,0.2670946502057613,941.0,0.3877860082304527,817.0,0.4655020576131687,672.0,269.0,0.0,0.3511668724279835
stable_medium_capacity,robustness,0.8225,0.1775,98,0.03,True,equal,rank_average,13,0.002942147335089946,0.038247915356169296,0.6153846153846154,-0.011870279045031337,0.019174541315651467,0.009305782840118624,0.009236085405689615,0.027708256217068846,1.0,0.0057011081637648245,0.0143284199968544,0.0036902257204011893,0.0053011673325131315,0.03710817132759192,0.8571428571428571,-0.002678308564142161,0.0143284199968544,0.004779464005945036,0.002942147335089946,0.038247915356169296,0.6153846153846154,-0.011870279045031337,0.019174541315651467,0.009305782840118624,0.008145934375285473,0.002994966410508429,-0.0016247834884744578,0.0,0.0043623911115718145,neighbor,0.18089711934156377,1101.0,0.44650205761316875,695.0,0.5175637860082304,548.0,553.0,0.0,0.350919341563786
recent_compact_current,robustness,0.85,0.15000000000000002,42,0.03,True,equal,rank_average,13,0.004843322997551939,0.0629631989681752,0.7692307692307693,-0.006994357659866061,0.020993658410311172,0.007157426214962755,0.0049384640572843206,0.01481539217185296,1.0,0.0033662562586342874,0.006296141233380362,0.0012057014645206205,0.007363090185268567,0.05154163129687997,1.0,0.0008858723304022709,0.020993658410311172,0.005974282629058897,0.004843322997551939,0.0629631989681752,0.7692307692307693,-0.006994357659866061,0.020993658410311172,0.007157426214962755,0.004925789078001378,0.005489299274635833,0.0012217868500795743,0.0,0.004623768332298612,neighbor,0.11252674897119341,1188.0,0.5446131687242799,549.0,0.7315144032921811,230.0,958.0,0.05,0.3498137860082305
stable_medium_capacity,robustness,0.7475,0.25249999999999995,98,0.03,True,equal,rank_average,13,0.002581579448999247,0.03356053283699021,0.5384615384615384,-0.013940942678723443,0.021283629274969643,0.01052825766948842,0.011010415777732513,0.03303124733319754,1.0,0.00738226086988935,0.01406480233942655,0.0027581391926808346,0.0046172904283226365,0.032321032998258455,0.7142857142857143,-0.002678308564142161,0.01406480233942655,0.005958354819887216,0.002581579448999247,0.03356053283699021,0.5384615384615384,-0.013940942678723443,0.021283629274969643,0.01052825766948842,0.009712083080371019,0.0024622994322627038,-0.002590549259587627,0.0,0.00460428558772848,neighbor,0.2528724279835391,952.0,0.4044279835390947,772.0,0.44403292181069953,730.0,222.0,0.0,0.3497465020576132
short_aggressive_wide_capacity,robustness,0.5685,0.4315,35,0.042,True,rank,rank_average,13,0.002952935675829681,0.038388163785785856,0.5384615384615384,-0.020929764698514902,0.039153244873654874,0.01694292692747062,0.016700104529407074,0.05010031358822122,1.0,0.009047712907992889,0.030012808022306506,0.00944856783327194,0.004783701864436058,0.033485913051052404,0.5714285714285714,-0.011835882253835495,0.030012808022306506,0.01302279205759374,0.002952935675829681,0.038388163785785856,0.5384615384615384,-0.020929764698514902,0.039153244873654874,0.01694292692747062,0.013504804841399685,-0.0006077025096085894,-0.004685187476825461,0.0,0.00442567768571219,neighbor,0.4615144032921811,651.0,0.26329629629629625,1009.0,0.3005020576131687,965.0,358.0,0.0,0.34816440329218107
stable_medium_capacity,robustness,0.7225,0.27749999999999997,98,0.03,True,equal,rank_average,13,0.001738153407956524,0.02259599430343481,0.5384615384615384,-0.015282811896614762,0.019313998126553163,0.010885889175416866,0.011249935421697157,0.03374980626509147,1.0,0.008860001803000925,0.013305620338208896,0.0018302409106144425,0.004517761044548928,0.0316243273118425,0.7142857142857143,-0.003729300367588846,0.013305620338208896,0.006417618121650673,0.001738153407956524,0.02259599430343481,0.5384615384615384,-0.015282811896614762,0.019313998126553163,0.010885889175416866,0.010336263785357683,0.002058740388374284,-0.0035141189448861143,0.0,0.004533820847178584,neighbor,0.29176131687242796,918.0,0.396477366255144,797.0,0.35227983539094654,898.0,121.0,0.0,0.347961316872428
short_aggressive_compact_capacity,robustness,0.9205,0.07950000000000002,31,0.032258,True,equal,rank_average,13,0.006515136453908861,0.0846967739008152,0.6153846153846154,-0.02450736355722585,0.057158024144086356,0.01880039245259699,0.011019768483964082,0.03305930545189224,1.0,0.004841239979529635,0.016191711591278905,0.00468815614597412,0.0082887059859272,0.058020941901490396,0.8571428571428571,-0.01026187888305119,0.01646071906312537,0.008493226679089902,0.006515136453908861,0.0846967739008152,0.6153846153846154,-0.02450736355722585,0.057158024144086356,0.01880039245259699,0.008878877229104305,0.0021952852377144674,-0.0037584175797718646,0.0,0.003975666611647453,neighbor,0.2103045267489712,1044.0,0.5064773662551441,605.0,0.5722551440329217,418.0,626.0,0.05,0.34787489711934155
short_aggressive_medium_capacity,robustness,0.9205,0.07950000000000002,31,0.032258,True,equal,rank_average,13,0.006515136453908861,0.0846967739008152,0.6153846153846154,-0.02450736355722585,0.057158024144086356,0.01880039245259699,0.011019768483964082,0.03305930545189224,1.0,0.004841239979529635,0.016191711591278905,0.00468815614597412,0.0082887059859272,0.058020941901490396,0.8571428571428571,-0.01026187888305119,0.01646071906312537,0.008493226679089902,0.006515136453908861,0.0846967739008152,0.6153846153846154,-0.02450736355722585,0.057158024144086356,0.01880039245259699,0.008878877229104305,0.0021952852377144674,-0.0037584175797718646,0.0,0.003975666611647453,neighbor,0.2103045267489712,1044.0,0.5064773662551441,605.0,0.5722551440329217,418.0,626.0,0.05,0.34787489711934155
stable_compact_current,robustness,0.4965,0.5035000000000001,33,0.037758,True,rank,rank_average,13,0.004154613971890105,0.054009981634571366,0.46153846153846156,-0.031154442465462305,0.039079636956140945,0.02077987038879595,0.023339743574904603,0.0700192307247138,1.0,0.016703270221080677,0.028577844172032532,0.004947589406580289,0.005528147541405852,0.03869703278984096,0.5714285714285714,-0.031154442465462305,0.028577844172032532,0.022788385545760195,0.004154613971890105,0.054009981634571366,0.46153846153846156,-0.031154442465462305,0.039079636956140945,0.02077987038879595,0.019815733010652245,-0.006558493343572653,-0.00745129758808674,0.0015,0.0023572765614401944,neighbor,0.9000576131687242,46.0,0.15767901234567902,1076.0,0.3070781893004115,954.0,1030.0,0.13,0.347040329218107
short_aggressive_wide_capacity,robustness,0.5935,0.4065,35,0.042,True,rank,rank_average,13,0.0034851330852993315,0.04530673010889131,0.5384615384615384,-0.021844901372996155,0.03974674360082377,0.01739837461231623,0.0159074614448091,0.0477223843344273,1.0,0.007229004799717095,0.029453586876788375,0.009704076864536436,0.005946249506498603,0.041623746545490226,0.5714285714285714,-0.011835882253835495,0.029453586876788375,0.013522602747110646,0.0034851330852993315,0.04530673010889131,0.5384615384615384,-0.021844901372996155,0.03974674360082377,0.01739837461231623,0.01245282460744783,5.494964636706154e-05,-0.0046838300560065734,0.0,0.004303282675443323,neighbor,0.39632921810699584,755.0,0.3017654320987654,948.0,0.34756378600823046,905.0,193.0,0.0,0.3464606995884773
stable_compact_current,robustness,0.4965,0.5035000000000001,31,0.037758,True,rank,rank_average,13,0.004140853197394169,0.05383109156612419,0.5384615384615384,-0.03176769814767727,0.04001231787195231,0.020946286771288406,0.023563999325995077,0.07069199797798523,1.0,0.016419980636648773,0.029781125029829034,0.0054938992120834714,0.005075197859728912,0.03552638501810239,0.5714285714285714,-0.03176769814767727,0.029781125029829034,0.02302209671296164,0.004140853197394169,0.05383109156612419,0.5384615384615384,-0.03176769814767727,0.04001231787195231,0.020946286771288406,0.01985007322591129,-0.007019049037259448,-0.007584592527757284,0.0015,0.002143768344434172,neighbor,0.9084526748971192,34.0,0.14044444444444443,1089.0,0.3300576131687243,927.0,1055.0,0.13,0.34608971193415633
recent_compact_current,robustness,0.835,0.16500000000000004,42,0.03,True,equal,rank_average,13,0.00482707430610098,0.06275196597931275,0.7692307692307693,-0.006994357659866061,0.021658700662580233,0.007314899121068655,0.004358910670752719,0.013076732012258155,1.0,0.002704840675268121,0.006296141233380362,0.0014797510724809768,0.007332914044002503,0.05133039830801752,1.0,0.0008858723304022709,0.021658700662580233,0.006330571325705849,0.00482707430610098,0.06275196597931275,0.7692307692307693,-0.006994357659866061,0.021658700662580233,0.007314899121068655,0.004377176505167529,0.005472098874114176,0.001212525095952528,0.0,0.004395193859811269,neighbor,0.1072551440329218,1194.0,0.5422674897119342,553.0,0.727761316872428,232.0,962.0,0.05,0.34608662551440333
recent_compact_capacity,robustness,0.005,0.995,32,0.033758,True,rank,rank_average,13,0.001720509815987221,0.022366627607833874,0.6923076923076923,-0.03311003130318351,0.019787995367494454,0.01450777740629519,0.010318783896479646,0.030956351689438937,1.0,0.004560016038200249,0.019787995367494454,0.006747759256020705,0.008789713374962151,0.06152799362473505,1.0,0.0026423214381198204,0.019787995367494454,0.006425931601871508,0.001720509815987221,0.022366627607833874,0.6923076923076923,-0.03311003130318351,0.019787995367494454,0.01450777740629519,0.00838651211359948,0.006882102698307966,-0.009253312042630153,0.0,0.005063554253283854,neighbor,0.18247736625514402,1098.0,0.6724897119341564,349.0,0.13546913580246914,1181.0,832.0,0.05,0.3459316872427984
short_aggressive_compact_capacity,robustness,0.8955,0.10450000000000004,36,0.03,True,equal,rank_average,13,0.0061249004884222635,0.07962370634948943,0.7692307692307693,-0.02409008266438474,0.053162177753491704,0.01679783901275654,0.005332859868711221,0.015998579606133663,1.0,0.002717360273536142,0.009178316220505994,0.0027773588358411187,0.007073874395933862,0.04951712077153703,1.0,0.002717360273536142,0.010776527759325125,0.0029964870016993064,0.0061249004884222635,0.07962370634948943,0.7692307692307693,-0.02409008266438474,0.053162177753491704,0.01679783901275654,0.004936459015432322,0.005928837295949227,-0.003689303231615505,0.0,0.004089164904607755,neighbor,0.11366255144032922,1185.0,0.5816625514403292,489.0,0.5815144032921811,390.0,795.0,0.05,0.344440329218107
short_aggressive_medium_capacity,robustness,0.8955,0.10450000000000004,36,0.03,True,equal,rank_average,13,0.0061249004884222635,0.07962370634948943,0.7692307692307693,-0.02409008266438474,0.053162177753491704,0.01679783901275654,0.005332859868711221,0.015998579606133663,1.0,0.002717360273536142,0.009178316220505994,0.0027773588358411187,0.007073874395933862,0.04951712077153703,1.0,0.002717360273536142,0.010776527759325125,0.0029964870016993064,0.0061249004884222635,0.07962370634948943,0.7692307692307693,-0.02409008266438474,0.053162177753491704,0.01679783901275654,0.004936459015432322,0.005928837295949227,-0.003689303231615505,0.0,0.004089164904607755,neighbor,0.11366255144032922,1185.0,0.5816625514403292,489.0,0.5815144032921811,390.0,795.0,0.05,0.344440329218107
short_aggressive_wide_capacity,robustness,0.5435,0.4565,35,0.037,True,rank,rank_average,13,0.0028381649893950037,0.03689614486213505,0.5384615384615384,-0.020138585119994886,0.036890605232462834,0.017147766293634036,0.01927108154185959,0.05781324462557877,1.0,0.012164893440649995,0.03189050641076461,0.008946946835063904,0.004532093100486111,0.03172465170340277,0.5714285714285714,-0.013039007832666885,0.03189050641076461,0.014833523549608232,0.0028381649893950037,0.03689614486213505,0.5384615384615384,-0.020138585119994886,0.036890605232462834,0.017147766293634036,0.015998931314274465,-0.0011481509460744184,-0.0044895175071816215,0.0,0.005209476973899055,neighbor,0.6262057613168724,416.0,0.2190246913580247,1047.0,0.3001316872427984,967.0,631.0,0.05,0.34406316872427983
recent_compact_current,robustness,0.775,0.22499999999999998,42,0.03,True,equal,rank_average,13,0.004667360767415854,0.0606756899764061,0.8461538461538461,-0.006994357659866061,0.020896513465206976,0.0068968272476378,0.004698589001889836,0.014095767005669509,1.0,0.003054611030814145,0.007488015939269073,0.001982895151267872,0.007134911054211829,0.049944377379482804,1.0,0.0008858723304022709,0.020896513465206976,0.006088984937952377,0.004667360767415854,0.0606756899764061,0.8461538461538461,-0.006994357659866061,0.020896513465206976,0.0068968272476378,0.004686217371245874,0.005359237169933492,0.0011984114558250825,0.0,0.004465905393342183,neighbor,0.11050205761316872,1192.0,0.5361687242798354,560.0,0.7207407407407407,235.0,957.0,0.05,0.3435878600823046
short_aggressive_compact_capacity,robustness,0.9705,0.02949999999999997,36,0.03,True,equal,rank_average,13,0.004197385259157259,0.054566008369044364,0.6923076923076923,-0.02409008266438474,0.038450800861447865,0.015934892171737904,0.007338242384144291,0.022014727152432873,1.0,0.0041029031120915285,0.01148862008072905,0.0030838477344579942,0.007450871560599301,0.052156100924195106,0.8571428571428571,-0.006378516111674892,0.02553123965407042,0.009354402410588054,0.004197385259157259,0.054566008369044364,0.6923076923076923,-0.02409008266438474,0.038450800861447865,0.015934892171737904,0.00653675618595245,0.0029992293298317435,-0.004864909989219635,0.0,0.0032346191744223197,neighbor,0.13729218106995883,1154.0,0.49894650205761315,616.0,0.4198024691358025,779.0,538.0,0.0,0.34241316872427985
short_aggressive_medium_capacity,robustness,0.9705,0.02949999999999997,36,0.03,True,equal,rank_average,13,0.004197385259157259,0.054566008369044364,0.6923076923076923,-0.02409008266438474,0.038450800861447865,0.015934892171737904,0.007338242384144291,0.022014727152432873,1.0,0.0041029031120915285,0.01148862008072905,0.0030838477344579942,0.007450871560599301,0.052156100924195106,0.8571428571428571,-0.006378516111674892,0.02553123965407042,0.009354402410588054,0.004197385259157259,0.054566008369044364,0.6923076923076923,-0.02409008266438474,0.038450800861447865,0.015934892171737904,0.00653675618595245,0.0029992293298317435,-0.004864909989219635,0.0,0.0032346191744223197,neighbor,0.13729218106995883,1154.0,0.49894650205761315,616.0,0.4198024691358025,779.0,538.0,0.0,0.34241316872427985
stable_compact_current,robustness,0.4965,0.5035000000000001,32,0.037758,True,rank,rank_average,13,0.004118762906819368,0.05354391778865178,0.46153846153846156,-0.03145970630958973,0.03960320555485469,0.020840060245211244,0.023315572950842623,0.06994671885252787,1.0,0.0166637823462185,0.028873333386447098,0.0050442019956269705,0.005261740001791928,0.03683218001254349,0.5714285714285714,-0.03145970630958973,0.028873333386447098,0.022846386203648122,0.004118762906819368,0.05354391778865178,0.46153846153846156,-0.03145970630958973,0.03960320555485469,0.020840060245211244,0.019788924756232402,-0.0068110827097146425,-0.007572469763739112,0.0015,0.002214712218560505,neighbor,0.8988477366255144,47.0,0.14896296296296296,1082.0,0.30352263374485594,957.0,1035.0,0.13,0.3421008230452675
short_aggressive_wide_capacity,robustness,0.5435,0.4565,35,0.042,True,rank,rank_average,13,0.0026709068941458383,0.034721789623895896,0.5384615384615384,-0.020929764698514902,0.03867050020674148,0.017072985624924944,0.017151433589667378,0.051454300769002134,1.0,0.008925259697611283,0.03148924841346902,0.010175051608428645,0.004473348787718377,0.031313441514028637,0.5714285714285714,-0.011835882253835495,0.03148924841346902,0.013437040406511381,0.0026709068941458383,0.034721789623895896,0.5384615384615384,-0.020929764698514902,0.03867050020674148,0.017072985624924944,0.013721652846322128,-0.0007846037633376672,-0.004845943882385251,0.0,0.004408697862669114,neighbor,0.46872427983539094,638.0,0.2515679012345679,1016.0,0.2751687242798354,1009.0,378.0,0.0,0.3419705761316873
stable_medium_capacity,robustness,0.75,0.25,94,0.03,True,equal,rank_average,13,0.0026211987630686234,0.034075583919892106,0.5384615384615384,-0.01417300580923364,0.02043520572748611,0.010142971781116655,0.010304865855219995,0.030914597565659986,1.0,0.007634898746952886,0.015026209582453508,0.0033480321077093175,0.004397240071639566,0.030780680501476962,0.7142857142857143,-0.0022992242262961787,0.015026209582453508,0.0057770777697839166,0.0026211987630686234,0.034075583919892106,0.5384615384615384,-0.01417300580923364,0.02043520572748611,0.010142971781116655,0.00939329012396985,0.0024619685604425276,-0.002644547083636448,0.0,0.004468519839241611,neighbor,0.23274897119341564,997.0,0.4010576131687243,783.0,0.4435884773662552,733.0,264.0,0.0,0.3401137860082305
recent_compact_capacity,robustness,0.005,0.995,31,0.033758,True,rank,rank_average,13,0.0016272415480348755,0.02115414012445338,0.6923076923076923,-0.033037177438893006,0.018280374449740684,0.01438388821422382,0.009946335902166188,0.029839007706498562,1.0,0.0052804175179595805,0.018280374449740684,0.005907117131433937,0.008567520968381825,0.05997264677867277,1.0,0.002554352571289071,0.018280374449740684,0.006026668427570269,0.0016272415480348755,0.02115414012445338,0.6923076923076923,-0.033037177438893006,0.018280374449740684,0.01438388821422382,0.008411949245161388,0.006726423300503033,-0.00928243318014712,0.0,0.004999305206268852,neighbor,0.19069958847736626,1080.0,0.6534279835390946,376.0,0.13154320987654322,1187.0,811.0,0.05,0.34005390946502057
stable_medium_capacity,robustness,0.7475,0.25249999999999995,94,0.03,True,equal,rank_average,13,0.002530268956458313,0.03289349643395807,0.5384615384615384,-0.01417300580923364,0.020435205727486118,0.010243204685572382,0.010304865855219997,0.030914597565659993,1.0,0.0076348987469528895,0.015026209582453508,0.0033480321077093166,0.004397240071639568,0.030780680501476972,0.7142857142857143,-0.0022992242262961787,0.015026209582453508,0.0057770777697839166,0.002530268956458313,0.03289349643395807,0.5384615384615384,-0.01417300580923364,0.020435205727486118,0.010243204685572382,0.00939329012396985,0.0024619685604425285,-0.002696377073404325,0.0,0.00446074534077643,neighbor,0.23362551440329216,996.0,0.40152674897119345,780.0,0.4337366255144033,751.0,245.0,0.0,0.33919773662551445
recent_compact_current,robustness,0.815,0.18500000000000005,42,0.03,True,equal,rank_average,13,0.004581940490132837,0.05956522637172688,0.7692307692307693,-0.006994357659866061,0.02293002427717406,0.007524261424768054,0.004417222022315757,0.013251666066947271,1.0,0.002704840675268121,0.006166605815655056,0.0014135018824591214,0.007037280162240574,0.04926096113568402,1.0,0.0008858723304022709,0.02293002427717406,0.006758033482147938,0.004581940490132837,0.05956522637172688,0.7692307692307693,-0.006994357659866061,0.02293002427717406,0.007524261424768054,0.0044104139755584615,0.005303587561509876,0.0010727988208506858,0.0,0.004311699816030433,neighbor,0.10772427983539093,1193.0,0.5310082304526749,566.0,0.7122798353909465,244.0,949.0,0.05,0.33888539094650205
recent_compact_capacity,robustness,0.005,0.995,30,0.03,True,rank,rank_average,13,0.0015313434550662877,0.01990746491586174,0.6923076923076923,-0.03667998629702052,0.01845992736068364,0.015425833969261487,0.00904690528026849,0.02714071584080547,1.0,0.004204092247674977,0.016948055443732346,0.005634253514007652,0.00924284161792616,0.06469989132548312,1.0,0.0018638376127425131,0.01845992736068364,0.006602591618639367,0.0015313434550662877,0.01990746491586174,0.6923076923076923,-0.03667998629702052,0.01845992736068364,0.015425833969261487,0.007544086451485781,0.00688348613442294,-0.010539222016321294,0.0,0.004534320038636442,neighbor,0.15558847736625514,1145.0,0.6900946502057612,321.0,0.10171604938271606,1210.0,889.0,0.05,0.338035390946502
recent_compact_capacity,robustness,0.005,0.995,36,0.031758,True,rank,rank_average,13,0.0018001386678373225,0.023401802681885193,0.6923076923076923,-0.02863133028342498,0.01917187701740867,0.013084046036900979,0.01054771479641891,0.03164314438925673,1.0,0.005486728092864025,0.01917187701740867,0.006128784006515312,0.008540416412070111,0.05978291488449078,1.0,0.001563109789359567,0.01917187701740867,0.005744925618160695,0.0018001386678373225,0.023401802681885193,0.6923076923076923,-0.02863133028342498,0.01917187701740867,0.013084046036900979,0.008822817704603907,0.00638386358536862,-0.007729952260555278,0.0,0.00524237285617415,neighbor,0.21230452674897118,1040.0,0.6189588477366255,440.0,0.16366666666666665,1144.0,704.0,0.05,0.33800329218107
recent_compact_capacity,robustness,0.005,0.995,33,0.031758,True,rank,rank_average,13,0.0017008583735158265,0.022111158855705745,0.6923076923076923,-0.03286295842641447,0.019617613681473176,0.013908892414173795,0.010324590937024201,0.0309737728110726,1.0,0.005146421453653328,0.019617613681473176,0.006585482221967865,0.008717990274256331,0.061025931919794316,1.0,0.0019397012517756746,0.019617613681473176,0.005731022433509932,0.0017008583735158265,0.022111158855705745,0.6923076923076923,-0.03286295842641447,0.019617613681473176,0.013908892414173795,0.008583335913809392,0.0066093558694120804,-0.009182979315505064,0.0,0.005030097609433433,neighbor,0.20005761316872428,1062.0,0.6378477366255144,402.0,0.13887654320987652,1179.0,777.0,0.05,0.33788600823045273
short_aggressive_compact_capacity,robustness,0.9205,0.07950000000000002,30,0.033333,True,equal,rank_average,13,0.006083930757144525,0.07909109984287882,0.6153846153846154,-0.021352763268459956,0.04994187439045707,0.01697103891805482,0.01026469795754984,0.030794093872649517,1.0,0.002215299443198364,0.015236549312423079,0.005744081558630911,0.008166554376736898,0.05716588063715829,0.8571428571428571,-0.008507544013413429,0.01659102193978734,0.008142727335937577,0.006083930757144525,0.07909109984287882,0.6153846153846154,-0.021352763268459956,0.04994187439045707,0.01697103891805482,0.007581926652058869,0.0027045893274564568,-0.002963186731634792,0.0,0.003805357848433734,neighbor,0.15906995884773661,1141.0,0.5207489711934157,580.0,0.5947736625514403,369.0,772.0,0.05,0.3371810699588478
short_aggressive_medium_capacity,robustness,0.9205,0.07950000000000002,30,0.033333,True,equal,rank_average,13,0.006083930757144525,0.07909109984287882,0.6153846153846154,-0.021352763268459956,0.04994187439045707,0.01697103891805482,0.01026469795754984,0.030794093872649517,1.0,0.002215299443198364,0.015236549312423079,0.005744081558630911,0.008166554376736898,0.05716588063715829,0.8571428571428571,-0.008507544013413429,0.01659102193978734,0.008142727335937577,0.006083930757144525,0.07909109984287882,0.6153846153846154,-0.021352763268459956,0.04994187439045707,0.01697103891805482,0.007581926652058869,0.0027045893274564568,-0.002963186731634792,0.0,0.003805357848433734,neighbor,0.15906995884773661,1141.0,0.5207489711934157,580.0,0.5947736625514403,369.0,772.0,0.05,0.3371810699588478
stable_compact_current,robustness,0.4965,0.5035000000000001,30,0.037758,True,rank,rank_average,13,0.003839443836659688,0.04991276987657594,0.5384615384615384,-0.03174435781691794,0.0397886926336985,0.021033423919817062,0.023618674192669362,0.07085602257800809,1.0,0.016330173970750206,0.029699153190965152,0.00552430314188605,0.004840849878073164,0.03388594914651215,0.5714285714285714,-0.03174435781691794,0.029699153190965152,0.023185919256113366,0.003839443836659688,0.04991276987657594,0.5384615384615384,-0.03174435781691794,0.0397886926336985,0.021033423919817062,0.019851601700169107,-0.007144925077652645,-0.007748693554225358,0.0015,0.0020631203619901495,neighbor,0.90719341563786,36.0,0.13133333333333333,1100.0,0.3003045267489712,966.0,1064.0,0.13,0.3370230452674897
stable_medium_capacity,robustness,0.8225,0.1775,95,0.03,True,equal,rank_average,13,0.0024462475978453756,0.03180121877198988,0.6153846153846154,-0.013769608487018026,0.019378399343281068,0.009405404370465375,0.00909721804359277,0.02729165413077831,1.0,0.005192165311702128,0.015455882065517422,0.004535131506551489,0.004911355750021792,0.03437949025015254,0.8571428571428571,-0.0015077236052723902,0.015455882065517422,0.00492348559018655,0.0024462475978453756,0.03180121877198988,0.6153846153846154,-0.013769608487018026,0.019378399343281068,0.009405404370465375,0.007898828837709582,0.0031590668449153893,-0.0025342250545594695,0.0,0.004200977857111838,neighbor,0.17479835390946502,1116.0,0.43848971193415637,709.0,0.46292181069958854,679.0,437.0,0.0,0.33667798353909467
recent_compact_current,robustness,0.8,0.19999999999999996,42,0.03,True,equal,rank_average,13,0.004548688270967652,0.059132947522579485,0.7692307692307693,-0.006994357659866064,0.020896513465206972,0.007462569919219522,0.004698589001889843,0.014095767005669528,1.0,0.003054611030814147,0.007488015939269087,0.0019828951512678777,0.00686736446606274,0.048071551262439186,1.0,0.0008858723304022709,0.020896513465206972,0.006101639364557719,0.004548688270967652,0.059132947522579485,0.7692307692307693,-0.006994357659866064,0.020896513465206972,0.007462569919219522,0.004686217371245879,0.0052067356146885116,0.0010538450559265298,0.0,0.0043755947334971615,neighbor,0.11124279835390946,1190.0,0.5235020576131687,574.0,0.7103909465020576,247.0,943.0,0.05,0.33663168724279835
stable_medium_capacity,robustness,0.75,0.25,93,0.03,True,equal,rank_average,13,0.0025215934236369206,0.03278071450727997,0.5384615384615384,-0.014509638488382139,0.020787010661589396,0.010144373194573295,0.01028653924918959,0.03085961774756877,1.0,0.007609892120941077,0.015107839734975627,0.003416085295939328,0.0043501345030072846,0.03045094152105099,0.7142857142857143,-0.002275486308846837,0.015107839734975627,0.005828713586847825,0.0025215934236369206,0.03278071450727997,0.5384615384615384,-0.014509638488382139,0.020787010661589396,0.010144373194573295,0.009374591771948621,0.0024429518990804104,-0.0028124109112315225,0.0,0.004427303426680905,neighbor,0.2316008230452675,998.0,0.3994650205761317,786.0,0.42411934156378595,771.0,227.0,0.0,0.3360174897119341
stable_medium_capacity,robustness,0.8225,0.1775,94,0.03,True,equal,rank_average,13,0.00244352169564729,0.03176578204341477,0.6153846153846154,-0.014434481158315839,0.01971521905059384,0.009766492385962465,0.009869214827708665,0.029607644483125993,1.0,0.005102739642984758,0.0150262095824535,0.004060639773961073,0.004985328945007964,0.03489730261505575,0.8571428571428571,-0.0022992242262961857,0.0150262095824535,0.005249568245669587,0.00244352169564729,0.03176578204341477,0.6153846153846154,-0.014434481158315839,0.01971521905059384,0.009766492385962465,0.00830935653397891,0.002940036361119655,-0.0027551868003406568,0.0,0.00423348095604431,neighbor,0.18195884773662552,1099.0,0.4346748971193416,719.0,0.45077366255144036,716.0,383.0,0.0,0.33600329218106995
short_aggressive_wide_capacity,robustness,0.6035,0.39649999999999996,35,0.042,True,rank,rank_average,13,0.003416632400735716,0.04441622120956431,0.5384615384615384,-0.021844901372996155,0.03976948036256639,0.01738521815028229,0.015773697798047204,0.04732109339414162,1.0,0.006386329679863804,0.02989497105635598,0.010164364162730795,0.005769151431556403,0.04038406002089482,0.5714285714285714,-0.011835882253835495,0.02989497105635598,0.0135318667254349,0.003416632400735716,0.04441622120956431,0.5384615384615384,-0.021844901372996155,0.03976948036256639,0.01738521815028229,0.01209849653924196,-4.5996256349992637e-05,-0.004722875446207835,0.0,0.004110268983408112,neighbor,0.37825514403292176,786.0,0.29613580246913584,956.0,0.3405267489711934,914.0,170.0,0.0,0.3356421810699589
stable_medium_capacity,robustness,0.7975,0.2025,90,0.03,True,equal,rank_average,13,0.002664997129678178,0.034644962685816315,0.6153846153846154,-0.014079313536636093,0.02235696693293119,0.010154109737592001,0.009870591678440165,0.029611775035320496,1.0,0.006224604771769657,0.015305545621952098,0.0039171566197355396,0.004317325458724875,0.030221278211074128,0.8571428571428571,-0.0038774832221065564,0.015305545621952098,0.00573496913205323,0.002664997129678178,0.034644962685816315,0.6153846153846154,-0.014079313536636093,0.02235696693293119,0.010154109737592001,0.00868035683139488,0.0020384489053208725,-0.0025117404877887345,0.0,0.0040126836667840355,neighbor,0.20493415637860082,1053.0,0.4030946502057614,775.0,0.4806131687242799,637.0,416.0,0.0,0.335458230452675
recent_compact_current,robustness,0.825,0.17500000000000004,42,0.03,True,equal,rank_average,13,0.004409760645655161,0.057326888393517086,0.7692307692307693,-0.006994357659866064,0.021658700662580233,0.007524416480294056,0.003822012746919552,0.011466038240758656,1.0,0.0025945917498354787,0.006166605815655056,0.0016584885086249849,0.006920644876683742,0.048444514136786195,1.0,0.0008858723304022709,0.021658700662580233,0.006449988815103661,0.004409760645655161,0.057326888393517086,0.7692307692307693,-0.006994357659866064,0.021658700662580233,0.007524416480294056,0.004034762543189852,0.005237105448742482,0.0009746563094984094,0.0,0.004116800915634819,neighbor,0.10435390946502057,1195.0,0.5272551440329218,569.0,0.704761316872428,254.0,941.0,0.05,0.33472057613168726
stable_medium_capacity,robustness,0.7475,0.25249999999999995,93,0.03,True,equal,rank_average,13,0.0024279221022797917,0.03156298732963729,0.5384615384615384,-0.014509638488382139,0.020787010661589396,0.010244870728999158,0.010282463550712873,0.03084739065213862,1.0,0.007609892120941077,0.015107839734975627,0.0034186479626621157,0.004348387775088692,0.03043871442562084,0.7142857142857143,-0.002275486308846837,0.015107839734975627,0.005827578748316762,0.0024279221022797917,0.03156298732963729,0.5384615384615384,-0.014509638488382139,0.020787010661589396,0.010244870728999158,0.009372268623816894,0.002441956264166812,-0.0028658035644050857,0.0,0.004417917233741061,neighbor,0.23113168724279837,999.0,0.39899588477366255,789.0,0.4175514403292181,784.0,215.0,0.0,0.3346335390946502
stable_medium_capacity,robustness,0.75,0.25,98,0.03,True,equal,rank_average,13,0.002266709718244081,0.029467226337173053,0.5384615384615384,-0.013940942678723443,0.021283629274969643,0.010271192688048885,0.010419799285494533,0.0312593978564836,1.0,0.007382260869889353,0.01406480233942655,0.0027617446283263606,0.00436416907450636,0.030549183521544516,0.7142857142857143,-0.002678308564142161,0.01406480233942655,0.005688538964443503,0.002266709718244081,0.029467226337173053,0.5384615384615384,-0.013940942678723443,0.021283629274969643,0.010271192688048885,0.00937543167979537,0.0023180202605874263,-0.0027700250061180715,0.0,0.004377778038264779,neighbor,0.23531687242798355,993.0,0.39504526748971197,799.0,0.41260082304526746,795.0,198.0,0.0,0.3337872427983539
stable_medium_capacity,robustness,0.75,0.25,92,0.03,True,equal,rank_average,13,0.0022694860691388993,0.02950331889880569,0.5384615384615384,-0.014157141163309843,0.02095385404380269,0.010424888057687416,0.010345226313792073,0.031035678941376217,1.0,0.008015496388743942,0.014918049166572897,0.0032336674869784077,0.004071362801320562,0.028499539609243937,0.7142857142857143,-0.0034096516537879193,0.014918049166572897,0.006083366046651686,0.0022694860691388993,0.02950331889880569,0.5384615384615384,-0.014157141163309843,0.02095385404380269,0.010424888057687416,0.009541892807146984,0.0019097774652884214,-0.0028397879860215373,0.0,0.004250188784335353,neighbor,0.246440329218107,972.0,0.3853292181069959,821.0,0.4115020576131687,798.0,174.0,0.0,0.33369958847736625
stable_compact_capacity,robustness,1.0,0.0,38,0.03,True,equal,rank_average,13,0.003397176073928777,0.044163288961074104,0.5384615384615384,-0.021583689491041724,0.02307263409791732,0.012575243168660714,0.010890831865636936,0.03267249559691081,1.0,0.002253374450985897,0.019941898330888913,0.0072272296950504755,0.00700129729166014,0.04900908104162098,0.7142857142857143,-0.007047863444697669,0.02307263409791732,0.010590216884062028,0.003397176073928777,0.044163288961074104,0.5384615384615384,-0.021583689491041724,0.02307263409791732,0.012575243168660714,0.007951387732238399,0.0023792302337817635,-0.004647765631442828,0.0,0.003554043853380729,neighbor,0.1805761316872428,1103.0,0.46753909465020577,661.0,0.3399588477366255,916.0,442.0,0.0,0.33361687242798355
stable_medium_capacity,robustness,0.7475,0.25249999999999995,92,0.03,True,equal,rank_average,13,0.002258806667434672,0.029364486676650738,0.5384615384615384,-0.014157141163309843,0.02095385404380269,0.010436701967159283,0.010345226313792073,0.031035678941376217,1.0,0.00801549638874394,0.014918049166572897,0.003233667486978408,0.004071362801320562,0.028499539609243937,0.7142857142857143,-0.0034096516537879193,0.014918049166572897,0.006083366046651685,0.002258806667434672,0.029364486676650738,0.5384615384615384,-0.014157141163309843,0.02095385404380269,0.010436701967159283,0.009541892807146981,0.0019097774652884214,-0.002845875244992947,0.0,0.00424927569548964,neighbor,0.24616872427983538,973.0,0.3853292181069959,821.0,0.4100946502057613,802.0,171.0,0.0,0.3333798353909465
stable_medium_capacity,robustness,0.7975,0.2025,93,0.03,True,equal,rank_average,13,0.0026697402797002602,0.034706623636103384,0.6153846153846154,-0.013925180209255067,0.021748892632118197,0.009827043563508166,0.009760276860288124,0.02928083058086437,1.0,0.005114163321490721,0.015107839734975627,0.0041099404247488085,0.004493237887656493,0.03145266521359545,0.8571428571428571,-0.002275486308846837,0.015107839734975627,0.005446723367448955,0.0026697402797002602,0.034706623636103384,0.6153846153846154,-0.013925180209255067,0.021748892632118197,0.009827043563508166,0.008251031706456169,0.002667377971187602,-0.0024581728942404085,0.0,0.004132006835480827,neighbor,0.1808230452674897,1102.0,0.4176131687242799,743.0,0.4850205761316872,626.0,476.0,0.0,0.3330082304526749
stable_medium_capacity,robustness,0.8225,0.1775,92,0.03,True,equal,rank_average,13,0.0023970851467081384,0.031162106907205802,0.6153846153846154,-0.013641822541170218,0.020772836305952225,0.00989117143396753,0.010122361005911995,0.030367083017735982,1.0,0.005185887216905823,0.01491804916657289,0.003974385445029902,0.004620116609653067,0.03234081626757147,0.8571428571428571,-0.0034096516537879124,0.01491804916657289,0.005743352763039291,0.0023970851467081384,0.031162106907205802,0.6153846153846154,-0.013641822541170218,0.020772836305952225,0.00989117143396753,0.008481088554948758,0.002365424278895094,-0.0025200782895779183,0.0,0.004078864604045608,neighbor,0.19047736625514403,1085.0,0.4171934156378601,745.0,0.45993415637860086,683.0,402.0,0.0,0.3329181069958848
short_aggressive_wide_capacity,robustness,0.6,0.4,35,0.042,True,rank,rank_average,13,0.003361082866201138,0.0436940772606148,0.5384615384615384,-0.021844901372996155,0.03976948036256639,0.017326824421426516,0.015694741337029625,0.047084224011088874,1.0,0.006590844476378671,0.029453586876788375,0.009897058752333729,0.005700101296424814,0.0399007090749737,0.5714285714285714,-0.011835882253835495,0.029453586876788375,0.013394920733890436,0.003361082866201138,0.0436940772606148,0.5384615384615384,-0.021844901372996155,0.03976948036256639,0.017326824421426516,0.012120981239311848,-8.535483337499829e-05,-0.004754538680892544,0.0,0.004096802018572108,neighbor,0.3763292181069959,788.0,0.2942592592592592,959.0,0.3325514403292181,925.0,171.0,0.0,0.33283106995884776
short_aggressive_compact_capacity,robustness,0.9705,0.02949999999999997,30,0.033333,True,equal,rank_average,13,0.005466216617607511,0.07106081602889763,0.6153846153846154,-0.02135276326845996,0.02960060249357077,0.01388256832754861,0.008915712350854435,0.026747137052563305,1.0,0.002215299443198364,0.015236549312423082,0.005322674482083376,0.00901112018580263,0.0630778413006184,0.8571428571428571,-0.011107791108276963,0.024533685283683184,0.010300792726316328,0.005466216617607511,0.07106081602889763,0.6153846153846154,-0.02135276326845996,0.02960060249357077,0.01388256832754861,0.0068130048562424885,0.002327910297318957,-0.003315283791170891,0.0,0.0032754690076148927,neighbor,0.1337366255144033,1159.0,0.5485514403292181,538.0,0.5481069958847736,479.0,680.0,0.05,0.33255884773662553
short_aggressive_medium_capacity,robustness,0.9705,0.02949999999999997,30,0.033333,True,equal,rank_average,13,0.005466216617607511,0.07106081602889763,0.6153846153846154,-0.02135276326845996,0.02960060249357077,0.01388256832754861,0.008915712350854435,0.026747137052563305,1.0,0.002215299443198364,0.015236549312423082,0.005322674482083376,0.00901112018580263,0.0630778413006184,0.8571428571428571,-0.011107791108276963,0.024533685283683184,0.010300792726316328,0.005466216617607511,0.07106081602889763,0.6153846153846154,-0.02135276326845996,0.02960060249357077,0.01388256832754861,0.0068130048562424885,0.002327910297318957,-0.003315283791170891,0.0,0.0032754690076148927,neighbor,0.1337366255144033,1159.0,0.5485514403292181,538.0,0.5481069958847736,479.0,680.0,0.05,0.33255884773662553
stable_medium_capacity,robustness,0.7975,0.2025,91,0.03,True,equal,rank_average,13,0.0026571146100318028,0.034542489930413436,0.6153846153846154,-0.014305083536126278,0.021680108036900056,0.010238703147032997,0.010305940919876992,0.030917822759630977,1.0,0.004967675777598341,0.015534714368420716,0.004314670127849099,0.0045978114251344964,0.032184679975941474,0.8571428571428571,-0.003913410632665426,0.015534714368420716,0.006006720559433805,0.0026571146100318028,0.034542489930413436,0.6153846153846154,-0.014305083536126278,0.021680108036900056,0.010238703147032997,0.008513719330937336,0.0021864698606899294,-0.0025907376238189293,0.0,0.004000788526112564,neighbor,0.19158847736625514,1076.0,0.4103045267489712,756.0,0.4735637860082304,648.0,428.0,0.0,0.33230699588477364
short_aggressive_wide_capacity,robustness,0.5435,0.4565,35,0.03,True,rank,rank_average,13,0.0023052387670031314,0.029968103971040706,0.5384615384615384,-0.01681351933381996,0.029498255818496764,0.015590722578865944,0.019529475167554627,0.05858842550266388,1.0,0.01269097461379938,0.029498255818496764,0.007209723318250004,0.004058243788039006,0.02840770651627304,0.5714285714285714,-0.016179276813442455,0.029498255818496764,0.016007477895034955,0.0023052387670031314,0.029968103971040706,0.5384615384615384,-0.01681351933381996,0.029498255818496764,0.015590722578865944,0.016319822468059932,-0.002454533817825206,-0.003696013744507264,0.0,0.004868986707526541,neighbor,0.6503168724279835,372.0,0.153,1079.0,0.35534156378600823,891.0,707.0,0.05,0.3322779835390947
stable_medium_capacity,robustness,0.7725,0.22750000000000004,91,0.03,True,equal,rank_average,13,0.0025899422311325736,0.033669249004723456,0.5384615384615384,-0.013389118633871114,0.02315628252486244,0.010725960158171134,0.010469937079924307,0.03140981123977292,1.0,0.0068748097490245515,0.015534714368420716,0.003684959543211444,0.004063458813486826,0.028444211694407785,0.7142857142857143,-0.003913410632665426,0.015534714368420716,0.0063574208263953895,0.0025899422311325736,0.033669249004723456,0.5384615384615384,-0.013389118633871114,0.02315628252486244,0.010725960158171134,0.009236551352734958,0.0017390317291936144,-0.0024036805389703628,0.0,0.004116632738385556,neighbor,0.23040329218106997,1001.0,0.38136625514403294,836.0,0.45366255144032924,705.0,296.0,0.0,0.3318255144032922
recent_compact_current,robustness,0.775,0.22499999999999998,32,0.03125,True,equal,rank_average,13,0.0037799265467774556,0.049139045108106925,0.7692307692307693,-0.02503734788363621,0.024826367219277827,0.011286777419249447,0.00527148319743206,0.01581444959229618,1.0,0.0007284831092699354,0.013256797627506187,0.005664321800437195,0.00893979366790187,0.06257855567531309,1.0,0.0007284831092699354,0.024826367219277827,0.007535020590526618,0.0037799265467774556,0.049139045108106925,0.7692307692307693,-0.02503734788363621,0.024826367219277827,0.011286777419249447,0.004245144848595353,0.0063360818167631444,-0.00533853590070603,0.0,0.0037485143718756515,neighbor,0.08824279835390947,1199.0,0.6393292181069958,395.0,0.38199588477366253,848.0,804.0,0.05,0.3302946502057613
stable_medium_capacity,robustness,0.7975,0.2025,88,0.03,True,equal,rank_average,13,0.0022501212421826558,0.029251576148374522,0.6153846153846154,-0.01383003137393743,0.021974333398079957,0.01078595846297891,0.01072497813366074,0.03217493440098222,1.0,0.007382540688013039,0.01714193003828602,0.004538788347228223,0.004190451568407765,0.029333160978854356,0.8571428571428571,-0.008432460591174286,0.01714193003828602,0.007229296938447947,0.0022501212421826558,0.029251576148374522,0.6153846153846154,-0.01383003137393743,0.021974333398079957,0.01078595846297891,0.009549475963230924,0.0004629882560477687,-0.0026659566299706227,0.0,0.0036282416060182724,neighbor,0.24350205761316873,977.0,0.36986008230452677,864.0,0.4428724279835391,736.0,241.0,0.0,0.3302687242798354
recent_compact_current,robustness,0.875,0.125,42,0.03,True,equal,rank_average,13,0.005055138073165386,0.06571679495115001,0.8461538461538461,-0.006994357659866061,0.019888032448583302,0.00736026514699608,0.003977035433704044,0.011931106301112132,1.0,0.0008322005314579575,0.006296141233380362,0.002305794644174264,0.006793102780630181,0.047551719464411266,1.0,0.0008322005314579575,0.019888032448583302,0.005940184498262166,0.005055138073165386,0.06571679495115001,0.8461538461538461,-0.006994357659866061,0.019888032448583302,0.00736026514699608,0.003541536372592431,0.005146694760340329,0.001419444520102316,0.0,0.003945543869205468,neighbor,0.08553909465020576,1201.0,0.5175637860082305,589.0,0.7540493827160495,220.0,981.0,0.05,0.3302267489711935
recent_compact_capacity,robustness,0.005,0.995,31,0.03,True,rank,rank_average,13,0.0011199724365000428,0.014559641674500556,0.6923076923076923,-0.038397378765180006,0.017637972114477395,0.015304272840696851,0.009478811694142516,0.028436435082427547,1.0,0.00420337949740314,0.017637972114477395,0.005851437774732946,0.008861497267198915,0.06203048087039241,1.0,0.002172125944808505,0.017637972114477395,0.005654328177022766,0.0011199724365000428,0.014559641674500556,0.6923076923076923,-0.038397378765180006,0.017637972114477395,0.015304272840696851,0.00779003789980427,0.006767855004090188,-0.011340443011396686,0.0,0.0044604834600527905,neighbor,0.1642304526748971,1138.0,0.6697242798353908,356.0,0.08534567901234567,1215.0,859.0,0.05,0.32986995884773657
recent_compact_capacity,robustness,0.005,0.995,30,0.030758,True,rank,rank_average,13,0.0017668152628747056,0.022968598417371172,0.6923076923076923,-0.0346887824654922,0.017550690106046752,0.014878900544427738,0.008903972752005938,0.026711918256017816,1.0,0.004747650988083996,0.016759305200107235,0.005557695521140554,0.008966309385671141,0.06276416569969799,1.0,0.001673216958502484,0.017550690106046752,0.006332754802638395,0.0017668152628747056,0.022968598417371172,0.6923076923076923,-0.0346887824654922,0.017550690106046752,0.014878900544427738,0.007641989294711103,0.00666295794613837,-0.009747905821466155,0.0,0.004592940920426785,neighbor,0.15326748971193416,1148.0,0.6629835390946501,365.0,0.13240740740740742,1186.0,821.0,0.05,0.32951069958847734
stable_medium_capacity,robustness,0.7825,0.21750000000000003,90,0.03,True,equal,rank_average,13,0.002367828652080181,0.030781772477042352,0.6153846153846154,-0.014079313536636093,0.02283998241097323,0.010308173561041302,0.009870591678440165,0.029611775035320496,1.0,0.006224604771769657,0.015305545621952098,0.0039171566197355396,0.004194645805197661,0.029362520636383622,0.8571428571428571,-0.0038774832221065633,0.015305545621952098,0.005803553219481973,0.002367828652080181,0.030781772477042352,0.6153846153846154,-0.014079313536636093,0.02283998241097323,0.010308173561041302,0.00868035683139488,0.0019685215028103576,-0.0026811265200195927,0.0,0.003955808430819675,neighbor,0.20493415637860082,1053.0,0.399798353909465,785.0,0.4505884773662552,717.0,336.0,0.0,0.3294711934156379
short_aggressive_wide_capacity,robustness,0.6185,0.38149999999999995,35,0.042,True,rank,rank_average,13,0.0034398740254100685,0.04471836233033089,0.5384615384615384,-0.021844901372996155,0.04048952929898976,0.017468782025340943,0.015515024484818249,0.046545073454454744,1.0,0.00633545545533909,0.029169825341193827,0.009844554736819654,0.005676226238206358,0.039733583667444505,0.5714285714285714,-0.011835882253835495,0.029169825341193827,0.013361855010531455,0.0034398740254100685,0.04471836233033089,0.5384615384615384,-0.021844901372996155,0.04048952929898976,0.017468782025340943,0.0119342642566083,-9.896361655951816e-05,-0.004709627720143454,0.0,0.004022727917170019,neighbor,0.3644279835390946,809.0,0.293320987654321,963.0,0.3424032921810699,912.0,154.0,0.0,0.3291261316872428
recent_compact_capacity,robustness,0.005,0.995,31,0.030758,True,rank,rank_average,13,0.0013646514401505542,0.017740468721957205,0.6923076923076923,-0.03660849419902046,0.017658602122221673,0.014727513117242713,0.009403691986150117,0.02821107595845035,1.0,0.004709194726473832,0.017658602122221673,0.005855435814299004,0.008752691331926613,0.061268839323486285,1.0,0.0023422165718223567,0.017658602122221673,0.0054126408682569375,0.0013646514401505542,0.017740468721957205,0.6923076923076923,-0.03660849419902046,0.017658602122221673,0.014727513117242713,0.00791413869184193,0.006761965527899546,-0.010610644072483244,0.0,0.0046169433534190805,neighbor,0.16519341563786008,1136.0,0.6609341563786009,367.0,0.0987283950617284,1212.0,845.0,0.05,0.3283069958847737
recent_compact_current,robustness,0.825,0.17500000000000004,32,0.03125,True,equal,rank_average,13,0.004706366800547489,0.061182768407117366,0.6923076923076923,-0.02503734788363621,0.0282662441871392,0.012066430805344164,0.006353163570567188,0.019059490711701564,0.6666666666666666,-0.005889601859208532,0.012710532238116835,0.008659086495169388,0.009885764068324029,0.0692003484782682,0.8571428571428571,-0.005889601859208532,0.0282662441871392,0.00951007834048227,0.004706366800547489,0.061182768407117366,0.6923076923076923,-0.02503734788363621,0.0282662441871392,0.012066430805344164,0.0023444012883511484,0.004548459762548738,-0.004887388032980188,0.0,0.0022514592035403633,neighbor,0.023576131687242798,1206.0,0.6709588477366255,352.0,0.44499999999999995,726.0,854.0,0.05,0.32811193415637857
stable_medium_capacity,robustness,0.7975,0.2025,92,0.03,True,equal,rank_average,13,0.0026256723324360317,0.03413374032166841,0.6153846153846154,-0.013619936730136006,0.021503557074520327,0.009870924973604317,0.009725300849685942,0.029175902549057827,1.0,0.005061485586223713,0.014918049166572897,0.004041269522862041,0.0043721452159055565,0.030605016511338897,0.8571428571428571,-0.0034096516537879054,0.014918049166572897,0.005620092366759601,0.0026256723324360317,0.03413374032166841,0.6153846153846154,-0.013619936730136006,0.021503557074520327,0.009870924973604317,0.008213711727774811,0.0022240805844590153,-0.0023825612760717285,0.0,0.003928936762705722,neighbor,0.17840329218106993,1109.0,0.4083539094650206,763.0,0.48313168724279837,630.0,479.0,0.0,0.32759032921810705
stable_medium_capacity,robustness,0.8225,0.1775,93,0.03,True,equal,rank_average,13,0.002296551020093309,0.029855163261213014,0.6153846153846154,-0.014137996221435335,0.020458314038865423,0.009832216404200962,0.009739057586366543,0.02921717275909963,1.0,0.005050505499725973,0.015107839734975634,0.004133967237637109,0.004571244253456156,0.03199870977419309,0.8571428571428571,-0.002275486308846837,0.015107839734975634,0.005451269493297091,0.002296551020093309,0.029855163261213014,0.6153846153846154,-0.014137996221435335,0.020458314038865423,0.009832216404200962,0.0082179296391385,0.0027118415996934095,-0.00274112005623586,0.0,0.004096332567082055,neighbor,0.17953909465020576,1106.0,0.41995884773662556,740.0,0.44361316872427986,732.0,374.0,0.0,0.3273390946502058
balanced_medium_current,robustness,0.05,0.95,54,0.03,True,equal,rank_average,13,0.006573241069184527,0.08545213389939885,0.6923076923076923,-0.019008989531402242,0.03329745661044615,0.014618882446755733,0.014588463941826476,0.04376539182547943,1.0,0.00822898611799463,0.020190338037506306,0.00491249817589678,0.007720207721178623,0.05404145404825036,0.8571428571428571,-0.018496277989158594,0.020190338037506306,0.011986765661067034,0.006573241069184527,0.08545213389939885,0.6923076923076923,-0.019008989531402242,0.03329745661044615,0.014618882446755733,0.012030989865779319,-0.0008461104782076645,-0.0018339114436198678,0.0,0.004156559514575298,neighbor,0.3568353909465021,825.0,0.2899341563786008,968.0,0.6930864197530864,264.0,704.0,0.05,0.32716748971193416
stable_medium_capacity,robustness,0.7825,0.21750000000000003,91,0.03,True,equal,rank_average,13,0.0023329977451348304,0.030328970686752797,0.6153846153846154,-0.013389118633871107,0.02315628252486244,0.010349874276735083,0.009571719056109602,0.028715157168328807,1.0,0.006305633050883538,0.015534714368420716,0.00422287227286594,0.004008964624550441,0.028062752371853086,0.8571428571428571,-0.003913410632665426,0.015534714368420716,0.005810398291217413,0.0023329977451348304,0.030328970686752797,0.6153846153846154,-0.013389118633871107,0.02315628252486244,0.010349874276735083,0.00853673876877404,0.0018508271843570177,-0.002473215819065997,0.0,0.003876585367610375,neighbor,0.20129218106995883,1060.0,0.3938847736625515,805.0,0.45842798353909464,688.0,372.0,0.0,0.3265292181069959
stable_medium_capacity,robustness,0.7625,0.23750000000000004,98,0.03,True,equal,rank_average,13,0.0024125211059016515,0.03136277437672147,0.5384615384615384,-0.013940942678723443,0.02128362927496965,0.010183036927779856,0.010308038687187486,0.030924116061562458,1.0,0.006221408383261743,0.01406480233942655,0.003210536423904048,0.004306747989300423,0.030147235925102964,0.7142857142857143,-0.002678308564142161,0.01406480233942655,0.005751507748077391,0.0024125211059016515,0.03136277437672147,0.5384615384615384,-0.013940942678723443,0.02128362927496965,0.010183036927779856,0.008928646818173243,0.002285290242020042,-0.0026869125151532565,0.0,0.004196802458905328,neighbor,0.21541563786008228,1035.0,0.391761316872428,811.0,0.42667489711934153,765.0,270.0,0.0,0.3264600823045268
short_aggressive_compact_capacity,robustness,0.9455,0.05449999999999999,36,0.03,True,equal,rank_average,13,0.004830440660207412,0.06279572858269636,0.6923076923076923,-0.02409008266438474,0.04143052279667052,0.01496621386923589,0.007107722484987813,0.02132316745496344,1.0,0.0041029031120915285,0.011488620080729046,0.0031683220839792713,0.006622006975779609,0.04635404883045726,0.8571428571428571,-0.008337495732251468,0.018333883044047827,0.0077098088678058075,0.004830440660207412,0.06279572858269636,0.6923076923076923,-0.02409008266438474,0.04143052279667052,0.01496621386923589,0.0064053598434332575,0.001880313241694249,-0.004504068410621047,0.0,0.0027326746345425583,neighbor,0.13306995884773662,1162.0,0.45023045267489714,683.0,0.46296296296296297,677.0,485.0,0.0,0.3252761316872428
short_aggressive_medium_capacity,robustness,0.9455,0.05449999999999999,36,0.03,True,equal,rank_average,13,0.004830440660207412,0.06279572858269636,0.6923076923076923,-0.02409008266438474,0.04143052279667052,0.01496621386923589,0.007107722484987813,0.02132316745496344,1.0,0.0041029031120915285,0.011488620080729046,0.0031683220839792713,0.006622006975779609,0.04635404883045726,0.8571428571428571,-0.008337495732251468,0.018333883044047827,0.0077098088678058075,0.004830440660207412,0.06279572858269636,0.6923076923076923,-0.02409008266438474,0.04143052279667052,0.01496621386923589,0.0064053598434332575,0.001880313241694249,-0.004504068410621047,0.0,0.0027326746345425583,neighbor,0.13306995884773662,1162.0,0.45023045267489714,683.0,0.46296296296296297,677.0,485.0,0.0,0.3252761316872428
stable_medium_capacity,robustness,0.8225,0.1775,91,0.03,True,equal,rank_average,13,0.002304686236003555,0.029960921068046216,0.6153846153846154,-0.014159644328563474,0.020941357369776266,0.009855432144482586,0.010167001096801588,0.030501003290404765,1.0,0.004967675777598338,0.015534714368420716,0.004315618304242661,0.004601943893208658,0.032213607252460606,0.8571428571428571,-0.003913410632665433,0.015534714368420716,0.005933077684311254,0.002304686236003555,0.029960921068046216,0.6153846153846154,-0.014159644328563474,0.020941357369776266,0.009855432144482586,0.008434523631784357,0.002188825367492199,-0.0027436268585193054,0.0,0.003947236839307337,neighbor,0.18381069958847734,1097.0,0.40982304526748975,760.0,0.44487242798353915,729.0,368.0,0.0,0.32467551440329223
short_aggressive_compact_capacity,robustness,0.9955,0.0044999999999999485,36,0.03,True,equal,rank_average,13,0.00519065555278835,0.06747852218624856,0.6923076923076923,-0.02409008266438474,0.04122313890468468,0.01570491040818568,0.00733824238414429,0.02201472715243287,1.0,0.0041029031120915285,0.011488620080729046,0.0030838477344579925,0.008014816425889429,0.056103714981226,0.8571428571428571,-0.0024309020546439825,0.02553123965407042,0.0085915669694164,0.00519065555278835,0.06747852218624856,0.6923076923076923,-0.02409008266438474,0.04122313890468468,0.01570491040818568,0.00653675618595245,0.004623390541867316,-0.004298745921849912,0.0,0.004050416329943786,neighbor,0.13635390946502057,1156.0,0.546082304526749,544.0,0.49533333333333335,601.0,612.0,0.05,0.3245786008230453
short_aggressive_medium_capacity,robustness,0.9955,0.0044999999999999485,36,0.03,True,equal,rank_average,13,0.00519065555278835,0.06747852218624856,0.6923076923076923,-0.02409008266438474,0.04122313890468468,0.01570491040818568,0.00733824238414429,0.02201472715243287,1.0,0.0041029031120915285,0.011488620080729046,0.0030838477344579925,0.008014816425889429,0.056103714981226,0.8571428571428571,-0.0024309020546439825,0.02553123965407042,0.0085915669694164,0.00519065555278835,0.06747852218624856,0.6923076923076923,-0.02409008266438474,0.04122313890468468,0.01570491040818568,0.00653675618595245,0.004623390541867316,-0.004298745921849912,0.0,0.004050416329943786,neighbor,0.13635390946502057,1156.0,0.546082304526749,544.0,0.49533333333333335,601.0,612.0,0.05,0.3245786008230453
recent_compact_current,robustness,0.815,0.18500000000000005,32,0.03125,True,equal,rank_average,13,0.004608074432604664,0.05990496762386063,0.6923076923076923,-0.02503734788363621,0.025332294633291688,0.011884129356253392,0.006546534168507337,0.019639602505522012,0.6666666666666666,-0.005889601859208532,0.012818672126613709,0.008793786936762436,0.0098088789794005,0.0686621528558035,0.8571428571428571,-0.005889601859208532,0.025332294633291688,0.008639362937617478,0.004608074432604664,0.05990496762386063,0.6923076923076923,-0.02503734788363621,0.025332294633291688,0.011884129356253392,0.002454622529177033,0.004504635261862326,-0.004943414682707598,0.0,0.0022674226771027205,neighbor,0.024045267489711933,1205.0,0.6639218106995884,363.0,0.43983950617283946,740.0,842.0,0.05,0.32435884773662554
recent_compact_capacity,robustness,0.005,0.995,36,0.03,True,rank,rank_average,13,0.0017028337601566377,0.02213683888203629,0.6923076923076923,-0.026824326218322984,0.018408458372434502,0.012226660844553209,0.010274746656944939,0.03082423997083482,1.0,0.006186303020044186,0.018408458372434502,0.005751429719946627,0.008203982061917643,0.0574278744334235,1.0,0.0008485941987579318,0.018408458372434502,0.005237083948945865,0.0017028337601566377,0.02213683888203629,0.6923076923076923,-0.026824326218322984,0.018408458372434502,0.012226660844553209,0.008898085591073197,0.005956305860883174,-0.007189104716449609,0.0,0.005161206166359266,neighbor,0.21097119341563786,1042.0,0.5882181069958847,482.0,0.16433333333333333,1141.0,659.0,0.05,0.3237366255144033
recent_compact_current,robustness,0.8,0.19999999999999996,32,0.03125,True,equal,rank_average,13,0.004037951029708887,0.05249336338621553,0.7692307692307693,-0.02503734788363621,0.024826367219277827,0.011214150701274331,0.005166749736073529,0.015500249208220587,1.0,0.0007284831092699354,0.012803084962321132,0.0054233897488864015,0.008750078374022629,0.061250548618158394,1.0,0.0007284831092699354,0.024826367219277827,0.007509624889987591,0.004037951029708887,0.05249336338621553,0.7692307692307693,-0.02503734788363621,0.024826367219277827,0.011214150701274331,0.00418544677562099,0.0062279440992519764,-0.005191461945435114,0.0,0.0036980342630965187,neighbor,0.08777366255144033,1200.0,0.6168106995884775,444.0,0.4068600823045267,811.0,756.0,0.05,0.32370329218106997
recent_compact_current,robustness,0.875,0.125,32,0.03125,True,equal,rank_average,13,0.0036613069149202377,0.04759698989396309,0.6923076923076923,-0.026931157976371037,0.027683142500357975,0.012742056830299732,0.005107092470895782,0.015321277412687347,0.6666666666666666,-0.00681051578583667,0.015487676864838915,0.009167848916648824,0.010229519561090606,0.07160663692763423,0.8571428571428571,-0.00681051578583667,0.027683142500357975,0.010227680167149119,0.0036613069149202377,0.04759698989396309,0.6923076923076923,-0.026931157976371037,0.027683142500357975,0.012742056830299732,0.001330239165751161,0.004440498797638401,-0.0061080294983902154,0.0,0.0016141157004792123,neighbor,0.012761316872427982,1214.0,0.7029711934156379,292.0,0.3453333333333333,907.0,922.0,0.05,0.32324156378600827
stable_medium_capacity,robustness,0.7725,0.22750000000000004,98,0.03,True,equal,rank_average,13,0.0026406467868154457,0.034328408228600796,0.5384615384615384,-0.014071769677859072,0.021283629274969643,0.010113394096216168,0.010156955965387536,0.030470867896162608,1.0,0.005231334540296447,0.014601628016991997,0.0038404933871178304,0.004450485745017478,0.031153400215122348,0.7142857142857143,-0.002678308564142161,0.014601628016991997,0.005741124622391832,0.0026406467868154457,0.034328408228600796,0.5384615384615384,-0.014071769677859072,0.021283629274969643,0.010113394096216168,0.008515805298568723,0.0023672207627787635,-0.0026000537867471515,0.0,0.004081563394665861,neighbor,0.19148971193415637,1077.0,0.39832921810699595,791.0,0.4488477366255144,718.0,359.0,0.0,0.3231711934156379
recent_compact_capacity,robustness,0.005,0.995,31,0.031758,True,rank,rank_average,13,0.0013970124964044497,0.018161162453257846,0.6923076923076923,-0.03593855066982045,0.017257668044871242,0.014522159339906663,0.009347530092410619,0.028042590277231855,1.0,0.00498556643180964,0.017257668044871242,0.00560317023980696,0.008581353974672717,0.06006947782270902,1.0,0.0020748934072495565,0.017257668044871242,0.005273568560600688,0.0013970124964044497,0.018161162453257846,0.6923076923076923,-0.03593855066982045,0.017257668044871242,0.014522159339906663,0.007973329075171235,0.006576086589955802,-0.01037111690578252,0.0,0.004592903059681228,neighbor,0.1716872427983539,1125.0,0.640514403292181,392.0,0.10618518518518519,1208.0,816.0,0.05,0.3228341563786008
balanced_medium_current,robustness,0.025,0.975,54,0.03,True,equal,rank_average,13,0.00650974007575052,0.08462662098475676,0.6923076923076923,-0.019008989531402242,0.03329745661044615,0.014589524052126976,0.014588463941826479,0.043765391825479436,1.0,0.00822898611799463,0.020190338037506306,0.00491249817589678,0.007562479657099215,0.05293735759969451,0.8571428571428571,-0.018496277989158594,0.020190338037506306,0.011959306948021765,0.00650974007575052,0.08462662098475676,0.6923076923076923,-0.019008989531402242,0.03329745661044615,0.014589524052126976,0.012030989865779319,-0.000936015474732927,-0.0018701070098772513,0.0,0.004110672931200323,neighbor,0.3573045267489712,822.0,0.2805514403292181,983.0,0.6907407407407407,266.0,717.0,0.05,0.32278106995884775
short_aggressive_wide_capacity,robustness,0.6035,0.39649999999999996,32,0.03,True,rank,rank_average,13,0.003137771400836625,0.04079102821087612,0.5384615384615384,-0.01741091079152254,0.030862262207313404,0.01645717110927855,0.01635049337876628,0.049051480136298835,1.0,0.0053682968738402795,0.030862262207313404,0.010702927253695179,0.005456112047998314,0.038192784335988196,0.5714285714285714,-0.01389325978794707,0.030862262207313404,0.0163973086874733,0.003137771400836625,0.04079102821087612,0.5384615384615384,-0.01741091079152254,0.030862262207313404,0.01645717110927855,0.01209131919426407,-0.000903363291234923,-0.0034186093242640245,0.0,0.0039172227980103095,neighbor,0.3881810699588477,769.0,0.2318641975308642,1032.0,0.4186995884773662,781.0,263.0,0.0,0.32241625514403294
stable_medium_capacity,robustness,0.75,0.25,90,0.03,True,equal,rank_average,13,0.0022435847395096504,0.029166601613625456,0.5384615384615384,-0.014298473532360481,0.02128187190956511,0.010526334757967366,0.010328759344216322,0.030986278032648966,1.0,0.006731532966689274,0.015305545621952098,0.0036337136551880095,0.00398044501512425,0.02786311510586975,0.7142857142857143,-0.0038774832221065633,0.015305545621952098,0.006229778998377107,0.0022435847395096504,0.029166601613625456,0.5384615384615384,-0.014298473532360481,0.02128187190956511,0.010526334757967366,0.009108798705210763,0.0017035699096113706,-0.00290119142569692,0.0,0.003974947227554884,rounded,0.22462551440329215,1019.0,0.38094650205761316,838.0,0.4031934156378601,820.0,199.0,0.0,0.3217551440329218
short_aggressive_compact_capacity,robustness,0.9205,0.07950000000000002,33,0.030303,True,equal,rank_average,13,0.006241015088492136,0.08113319615039777,0.6923076923076923,-0.023886766959003762,0.049264595029242936,0.01642044979260607,0.00939780462117912,0.028193413863537357,1.0,0.00514085256838049,0.01576959152808745,0.004589620014301552,0.00705683145732021,0.04939782020124147,0.8571428571428571,-0.008086034162380164,0.01576959152808745,0.00726151174352884,0.006241015088492136,0.08113319615039777,0.6923076923076923,-0.023886766959003762,0.049264595029242936,0.01642044979260607,0.008053229981637659,0.002211145514229922,-0.0036329468037230323,0.0,0.0036713654535000737,neighbor,0.17847736625514404,1107.0,0.4729958847736626,647.0,0.583037037037037,386.0,721.0,0.05,0.3216946502057614
short_aggressive_medium_capacity,robustness,0.9205,0.07950000000000002,33,0.030303,True,equal,rank_average,13,0.006241015088492136,0.08113319615039777,0.6923076923076923,-0.023886766959003762,0.049264595029242936,0.01642044979260607,0.00939780462117912,0.028193413863537357,1.0,0.00514085256838049,0.01576959152808745,0.004589620014301552,0.00705683145732021,0.04939782020124147,0.8571428571428571,-0.008086034162380164,0.01576959152808745,0.00726151174352884,0.006241015088492136,0.08113319615039777,0.6923076923076923,-0.023886766959003762,0.049264595029242936,0.01642044979260607,0.008053229981637659,0.002211145514229922,-0.0036329468037230323,0.0,0.0036713654535000737,neighbor,0.17847736625514404,1107.0,0.4729958847736626,647.0,0.583037037037037,386.0,721.0,0.05,0.3216946502057614
short_aggressive_wide_capacity,robustness,0.5435,0.4565,32,0.03,True,rank,rank_average,13,0.0018626068920951982,0.024213889597237578,0.5384615384615384,-0.016676551887938318,0.028242228799126287,0.014958990492093753,0.018482142639510257,0.05544642791853077,1.0,0.012820921055145151,0.028242228799126287,0.006930834545148145,0.003379976041814245,0.023659832292699714,0.5714285714285714,-0.01389325978794707,0.028242228799126287,0.014634978724606307,0.0018626068920951982,0.024213889597237578,0.5384615384615384,-0.016676551887938318,0.028242228799126287,0.014958990492093753,0.015765725252718747,-0.002086760814759842,-0.0039031146560638435,0.0,0.004781780536035994,neighbor,0.618008230452675,422.0,0.16853086419753086,1068.0,0.32408230452674897,929.0,646.0,0.05,0.3216545267489712
economic_medium_capacity,robustness,0.998,0.0020000000000000018,30,0.036,True,rank,rank_average,13,0.0042666619185808925,0.0554666049415516,0.5384615384615384,-0.018529076442263683,0.04186834983043622,0.018262264355122345,0.02003915509189414,0.06011746527568242,1.0,0.0007312176609839613,0.03040102463001173,0.01366500297479375,0.0030977462834110617,0.021684223983877433,0.5714285714285714,-0.015623042229037563,0.03040102463001173,0.018047879046674462,0.0042666619185808925,0.0554666049415516,0.5384615384615384,-0.018529076442263683,0.04186834983043622,0.018262264355122345,0.012663620230504366,-0.0028184599826095195,-0.003144136393894369,0.0,0.0033255206409433073,exact,0.45411934156378597,660.0,0.14506172839506173,1083.0,0.4967242798353909,597.0,486.0,0.0,0.32143415637860084
stable_medium_capacity,robustness,0.8225,0.1775,88,0.03,True,equal,rank_average,13,0.0020656002036685624,0.02685280264769131,0.6153846153846154,-0.01577953121380834,0.021210398049122392,0.010487281381798826,0.010380584497106727,0.031141753491320184,1.0,0.006796602260028688,0.017141930038286027,0.004783874293539543,0.004374943568962207,0.03062460498273545,0.8571428571428571,-0.008432460591174279,0.017141930038286027,0.00708248107204936,0.0020656002036685624,0.02685280264769131,0.6153846153846154,-0.01577953121380834,0.021210398049122392,0.010487281381798826,0.009159811909160303,0.0005681486963638028,-0.0034144685690810565,0.0,0.0034074213916656737,neighbor,0.22751440329218106,1012.0,0.37690946502057615,850.0,0.40474897119341563,817.0,195.0,0.0,0.3213273662551441
stable_medium_capacity,robustness,0.7625,0.23750000000000004,90,0.03,True,equal,rank_average,13,0.0024846489934132526,0.03230043691437228,0.5384615384615384,-0.014298473532360474,0.02128187190956511,0.010592267438792897,0.010195194057363436,0.030585582172090307,1.0,0.006731532966689272,0.015305545621952098,0.0036889127025735136,0.003923202749330157,0.027462419245311096,0.7142857142857143,-0.0038774832221065633,0.015305545621952098,0.006185544511780065,0.0024846489934132526,0.03230043691437228,0.5384615384615384,-0.014298473532360474,0.02128187190956511,0.010592267438792897,0.00903266649170462,0.0016709418181087377,-0.002763784800971865,0.0,0.003950422694685,neighbor,0.21634156378600825,1030.0,0.37883539094650204,847.0,0.42611934156378606,767.0,263.0,0.0,0.3209304526748971
stable_medium_capacity,robustness,0.7475,0.25249999999999995,90,0.03,True,equal,rank_average,13,0.0021905915829480904,0.028477690578325176,0.5384615384615384,-0.014298473532360474,0.021281871909565105,0.010576849878943586,0.01032875934421632,0.030986278032648962,1.0,0.006731532966689272,0.015305545621952098,0.0036337136551880095,0.00398044501512425,0.02786311510586975,0.7142857142857143,-0.0038774832221065633,0.015305545621952098,0.006229778998377107,0.0021905915829480904,0.028477690578325176,0.5384615384615384,-0.014298473532360474,0.021281871909565105,0.010576849878943586,0.009108798705210763,0.0017035699096113706,-0.002931397524937007,0.0,0.003970416312668871,neighbor,0.22361316872427983,1021.0,0.38094650205761316,838.0,0.40031687242798353,823.0,198.0,0.0,0.32091872427983537
stable_medium_capacity,robustness,0.7225,0.27749999999999997,95,0.03,True,equal,rank_average,13,0.0014121260127091854,0.01835763816521941,0.5384615384615384,-0.014295086747017093,0.02019350164127036,0.010820627377509906,0.01037431189490465,0.03112293568471395,1.0,0.00798486452144367,0.014227589274504251,0.002750757689652395,0.0038676087089383393,0.027073260962568374,0.7142857142857143,-0.00430318043799222,0.014227589274504251,0.006289669836823429,0.0014121260127091854,0.01835763816521941,0.5384615384615384,-0.014295086747017093,0.02019350164127036,0.010820627377509906,0.00954836307217206,0.0014987731338431348,-0.0033740052608098666,0.0,0.003987692349976755,neighbor,0.24578600823045266,974.0,0.3752427983539095,856.0,0.35430452674897117,894.0,118.0,0.0,0.32031934156378605
recent_compact_capacity,robustness,0.005,0.995,30,0.031758,True,rank,rank_average,13,0.0017501785507902166,0.022752321160272815,0.6923076923076923,-0.03401141728242356,0.017185905955177876,0.014622537429433306,0.00894317836300187,0.02682953508900561,1.0,0.004960855047826514,0.016733529776294748,0.005509069858734053,0.008747114174453419,0.06122979922117393,1.0,0.001511212395368864,0.017185905955177876,0.006242048661130123,0.0017501785507902166,0.022752321160272815,0.6923076923076923,-0.03401141728242356,0.017185905955177876,0.014622537429433306,0.007734693832693814,0.006484555169910173,-0.00953385823694166,0.0,0.0045818486239958545,neighbor,0.16524279835390945,1135.0,0.6296502057613169,422.0,0.13517283950617284,1182.0,760.0,0.05,0.3197156378600824
stable_medium_capacity,robustness,0.7825,0.21750000000000003,98,0.03,True,equal,rank_average,13,0.0025220187489477168,0.03278624373632032,0.5384615384615384,-0.013336344158210452,0.019881527765231027,0.00977389261350343,0.009865126464657377,0.02959537939397213,1.0,0.005231334540296451,0.014601628016991997,0.0038260956522813737,0.004325415958990267,0.03027791171293187,0.7142857142857143,-0.002678308564142161,0.014601628016991997,0.005613078313079788,0.0025220187489477168,0.03278624373632032,0.5384615384615384,-0.013336344158210452,0.019881527765231027,0.00977389261350343,0.008349462483152534,0.0022959309847432534,-0.002424981346847712,0.0,0.004009206734368321,neighbor,0.1881440329218107,1089.0,0.39363786008230456,807.0,0.44495884773662553,728.0,361.0,0.0,0.31913847736625517
short_aggressive_wide_capacity,robustness,0.6,0.4,32,0.03,True,rank,rank_average,13,0.003034982738704157,0.039454775603154045,0.5384615384615384,-0.01741091079152254,0.030862262207313404,0.016363489467028293,0.01635049337876628,0.049051480136298835,1.0,0.0053682968738402795,0.030862262207313404,0.010702927253695179,0.005296284930272196,0.03707399451190537,0.5714285714285714,-0.01389325978794707,0.030862262207313404,0.0162278361454672,0.003034982738704157,0.039454775603154045,0.5384615384615384,-0.01741091079152254,0.030862262207313404,0.016363489467028293,0.01209131919426407,-0.00099446474833881,-0.003477198861679531,0.0,0.0038674387117012335,neighbor,0.3881810699588477,769.0,0.22811111111111113,1037.0,0.4079094650205761,809.0,268.0,0.0,0.3191088477366255
stable_medium_capacity,robustness,0.7725,0.22750000000000004,90,0.03,True,equal,rank_average,13,0.002256528927881091,0.02933487606245418,0.5384615384615384,-0.014926830829703357,0.021634441193729072,0.010544570541515426,0.010195194057363436,0.030585582172090307,1.0,0.006731532966689272,0.015305545621952098,0.0036889127025735136,0.004147478224774011,0.029032347573418077,0.7142857142857143,-0.0038774832221065633,0.015305545621952098,0.00612621560941019,0.002256528927881091,0.02933487606245418,0.5384615384615384,-0.014926830829703357,0.021634441193729072,0.010544570541515426,0.00903266649170462,0.0017987788391117343,-0.0031011711464483476,0.0,0.003957341402314876,neighbor,0.21634156378600825,1030.0,0.3844650205761317,825.0,0.3965267489711934,827.0,205.0,0.0,0.31902489711934157
recent_compact_capacity,robustness,0.005,0.995,36,0.030758,True,rank,rank_average,13,0.0016434983339428698,0.021365478341257307,0.6923076923076923,-0.027944529820590962,0.018242399167365926,0.01259102577488787,0.010102328956109165,0.030306986868327494,1.0,0.006005593893629502,0.018242399167365926,0.005755940130035992,0.008164022683492944,0.057148158784450606,1.0,0.001145616650587148,0.018242399167365926,0.005305791915026788,0.0016434983339428698,0.021365478341257307,0.6923076923076923,-0.027944529820590962,0.018242399167365926,0.01259102577488787,0.00874017348987996,0.006031546424284737,-0.007592593098139889,0.0,0.005071376322159132,neighbor,0.2019588477366255,1055.0,0.5885390946502058,481.0,0.15258024691358024,1163.0,682.0,0.05,0.31851316872427987
economic_medium_capacity,robustness,0.988,0.01200000000000001,30,0.036,True,rank,rank_average,13,0.0042978549934194485,0.055872114914452826,0.5384615384615384,-0.018529076442263683,0.04186834983043622,0.01814471812044719,0.019759179451166255,0.05927753835349876,1.0,0.0007312176609839613,0.03040102462906149,0.013486278835836647,0.0029777567230991103,0.020844297061693773,0.5714285714285714,-0.015623042229037563,0.03040102462906149,0.017877356324589432,0.0042978549934194485,0.055872114914452826,0.5384615384615384,-0.018529076442263683,0.04186834983043622,0.01814471812044719,0.012504034115289473,-0.0028868540319873315,-0.003126356341236392,0.0,0.0032335758805360315,neighbor,0.44614403292181065,671.0,0.14412345679012345,1085.0,0.4986008230452674,594.0,491.0,0.0,0.3181032921810699
short_aggressive_compact_capacity,robustness,0.9955,0.0044999999999999485,30,0.033333,True,equal,rank_average,13,0.0034495371245340076,0.044843982618942096,0.6153846153846154,-0.02135859357640157,0.02453368528368318,0.013811880111768758,0.0077823753039268214,0.023347125911780463,1.0,0.002215299443198364,0.011718803124250592,0.0040475017255668586,0.008922506376937067,0.06245754463855947,0.8571428571428571,-0.008328076629553052,0.02453368528368318,0.009313759843406036,0.0034495371245340076,0.044843982618942096,0.6153846153846154,-0.02135859357640157,0.02453368528368318,0.013811880111768758,0.006167002739493748,0.003194706204244477,-0.004466715103843518,0.0,0.0032344116221309865,neighbor,0.1262304526748971,1177.0,0.5789218106995885,492.0,0.37605761316872427,854.0,685.0,0.05,0.3174156378600823
short_aggressive_medium_capacity,robustness,0.9955,0.0044999999999999485,30,0.033333,True,equal,rank_average,13,0.0034495371245340076,0.044843982618942096,0.6153846153846154,-0.02135859357640157,0.02453368528368318,0.013811880111768758,0.0077823753039268214,0.023347125911780463,1.0,0.002215299443198364,0.011718803124250592,0.0040475017255668586,0.008922506376937067,0.06245754463855947,0.8571428571428571,-0.008328076629553052,0.02453368528368318,0.009313759843406036,0.0034495371245340076,0.044843982618942096,0.6153846153846154,-0.02135859357640157,0.02453368528368318,0.013811880111768758,0.006167002739493748,0.003194706204244477,-0.004466715103843518,0.0,0.0032344116221309865,neighbor,0.1262304526748971,1177.0,0.5789218106995885,492.0,0.37605761316872427,854.0,685.0,0.05,0.3174156378600823
economic_medium_capacity,robustness,0.998,0.0020000000000000018,30,0.035,True,rank,rank_average,13,0.00436854368663283,0.0567910679262268,0.5384615384615384,-0.019131533238818922,0.04470878579027748,0.018629708769388853,0.019683767052966584,0.059051301158899755,1.0,0.001230683296022106,0.030202096358224753,0.013090860421469841,0.002780291036524358,0.019462037255670507,0.5714285714285714,-0.015488414446969223,0.030202096358224753,0.017820401777066643,0.00436854368663283,0.0567910679262268,0.5384615384615384,-0.019131533238818922,0.04470878579027748,0.018629708769388853,0.012625872707878249,-0.0029549823052523877,-0.0032848745289679932,0.0,0.0032278758664425265,neighbor,0.44834156378600815,666.0,0.14434567901234568,1084.0,0.4863786008230452,623.0,461.0,0.0,0.3172489711934156
stable_medium_capacity,robustness,0.7975,0.2025,98,0.03,True,equal,rank_average,13,0.0023743525444437984,0.030866583077769377,0.5384615384615384,-0.013336344158210452,0.019881527765231027,0.009670685631062133,0.00977405712461151,0.02932217137383453,1.0,0.005231334540296451,0.0143284199968544,0.0037138787067975904,0.004311666331740161,0.03018166432218113,0.7142857142857143,-0.002678308564142161,0.0143284199968544,0.005532138038709128,0.0023743525444437984,0.030866583077769377,0.5384615384615384,-0.013336344158210452,0.019881527765231027,0.009670685631062133,0.008297552959326389,0.002288093697210693,-0.0025091510834149454,0.0,0.003972290684963125,neighbor,0.18767489711934157,1090.0,0.39223045267489715,809.0,0.432761316872428,755.0,335.0,0.0,0.31648786008230456
stable_medium_capacity,robustness,0.7225,0.27749999999999997,91,0.03,True,equal,rank_average,13,0.0014477808808239278,0.01882115145071106,0.5384615384615384,-0.014486069116048772,0.02161529411687639,0.010980507964329417,0.010741191917733572,0.032223575753200714,1.0,0.007823762039235344,0.015399526591637715,0.0033287749767103576,0.0036703202399528756,0.02569224167967013,0.7142857142857143,-0.005272750446484088,0.015399526591637715,0.006812352033956653,0.0014477808808239278,0.01882115145071106,0.5384615384615384,-0.014486069116048772,0.02161529411687639,0.010980507964329417,0.009704320866055799,0.0010663606037191041,-0.0034167061677649172,0.0,0.003849084692931179,neighbor,0.2508230452674897,954.0,0.3631687242798354,878.0,0.3492674897119342,903.0,76.0,0.0,0.31614526748971195
stable_medium_capacity,robustness,0.7625,0.23750000000000004,92,0.03,True,equal,rank_average,13,0.0024202220218037173,0.03146288628344832,0.5384615384615384,-0.013619936730136006,0.02095385404380269,0.0102462467040582,0.009738446629825273,0.02921533988947582,1.0,0.006195157336843544,0.014918049166572897,0.003744360314044089,0.003811314365334791,0.02667920055734354,0.7142857142857143,-0.0034096516537879193,0.014918049166572897,0.005946575657506565,0.0024202220218037173,0.03146288628344832,0.5384615384615384,-0.013619936730136006,0.02095385404380269,0.0102462467040582,0.008595316500158774,0.0017615498567765317,-0.002576591030055225,0.0,0.0038443353811046656,neighbor,0.2002551440329218,1061.0,0.3785267489711934,848.0,0.43406995884773664,750.0,311.0,0.0,0.31554958847736625
stable_medium_capacity,robustness,0.7225,0.27749999999999997,93,0.03,True,equal,rank_average,13,0.0012185483157998718,0.015841128105398332,0.5384615384615384,-0.014509638488382132,0.020787010661589396,0.010803084597934396,0.010341403397123123,0.031024210191369368,1.0,0.007943255222632903,0.014626353690875817,0.0030371003673457697,0.0037387170249910543,0.02617101917493738,0.7142857142857143,-0.004409680341974453,0.014626353690875817,0.0062937440682478635,0.0012185483157998718,0.015841128105398332,0.5384615384615384,-0.014509638488382132,0.020787010661589396,0.010803084597934396,0.00951587415982904,0.0013901599056790458,-0.0035551466226986382,0.0,0.003898649628082391,neighbor,0.24302057613168726,983.0,0.3698106995884774,865.0,0.3433662551440329,910.0,118.0,0.0,0.31512798353909466
short_aggressive_wide_capacity,robustness,0.6185,0.38149999999999995,32,0.03,True,rank,rank_average,13,0.0032416729107280304,0.042141747839464394,0.5384615384615384,-0.017758952832609205,0.030739213805465564,0.016201223843721885,0.01623394858447252,0.04870184575341756,1.0,0.005141710892806843,0.030739213805465564,0.010725191731863594,0.005231426570643795,0.03661998599450657,0.5714285714285714,-0.01389325978794707,0.030739213805465564,0.01618470009461202,0.0032416729107280304,0.042141747839464394,0.5384615384615384,-0.017758952832609205,0.030739213805465564,0.016201223843721885,0.011950115287775592,-0.0010314340133269985,-0.0034742393371845226,0.0,0.003794764908535409,neighbor,0.38087242798353904,778.0,0.22435802469135804,1042.0,0.4086502057613169,807.0,264.0,0.0,0.31460761316872426
balanced_medium_current,robustness,0.01,0.99,54,0.03,True,equal,rank_average,13,0.006792568699498708,0.0883033930934832,0.6923076923076923,-0.019008989531402242,0.03329745661044615,0.01470931194962406,0.014326096832634876,0.04297829049790463,1.0,0.007860188331291705,0.020190338037506306,0.00505170932102186,0.0073625652632349345,0.05153795684264454,0.8571428571428571,-0.018496277989158594,0.020190338037506306,0.011833727588433304,0.006792568699498708,0.0883033930934832,0.6923076923076923,-0.019008989531402242,0.03329745661044615,0.01470931194962406,0.011759737343928142,-0.001049966679235567,-0.0017088946943407842,0.0,0.003975075727764134,neighbor,0.3397366255144033,853.0,0.2735144032921811,1004.0,0.702,255.0,749.0,0.05,0.31427613168724283
recent_compact_capacity,robustness,0.005,0.995,32,0.030758,True,rank,rank_average,13,0.0013421572603518146,0.01744804438457359,0.6923076923076923,-0.03425235007896725,0.021694086632298028,0.014136795899211721,0.009731464261848165,0.029194392785544497,1.0,0.003426589806867858,0.021694086632298028,0.008462975980627832,0.008323082053959171,0.058261574377714204,1.0,0.002144009519767078,0.021694086632298028,0.006423483738949507,0.0013421572603518146,0.01744804438457359,0.6923076923076923,-0.03425235007896725,0.021694086632298028,0.014136795899211721,0.007677709265519847,0.006451679912279863,-0.009845938195350967,0.0,0.004497448937431232,neighbor,0.15904526748971193,1143.0,0.6286131687242797,426.0,0.1147037037037037,1199.0,773.0,0.05,0.31369958847736623
recent_compact_capacity,robustness,0.005,0.995,32,0.031758,True,rank,rank_average,13,0.001353056577997106,0.01758973551396238,0.6923076923076923,-0.03471729346625582,0.01931309992938341,0.014174598683507766,0.009477927531499624,0.02843378259449887,1.0,0.004407436377183717,0.01931309992938341,0.006955637617427045,0.008324819702966934,0.05827373792076853,1.0,0.0020212000290737706,0.01931309992938341,0.005705934032985086,0.001353056577997106,0.01758973551396238,0.6923076923076923,-0.03471729346625582,0.01931309992938341,0.014174598683507766,0.007856872697425413,0.006412143240285496,-0.00999315690209838,0.0,0.004529240001783882,neighbor,0.16457613168724278,1137.0,0.6247366255144033,430.0,0.10912345679012345,1206.0,776.0,0.05,0.3133304526748972
stable_medium_capacity,robustness,0.7225,0.27749999999999997,92,0.03,True,equal,rank_average,13,0.0013805059445086384,0.017946577278612298,0.5384615384615384,-0.01415714116330985,0.02095385404380269,0.010844779306875574,0.010493378646441752,0.031480135939325256,1.0,0.007752819712074279,0.015625182841191597,0.0036315346370964915,0.003639899847060326,0.02547929892942228,0.7142857142857143,-0.005332470427896765,0.015625182841191597,0.006751772266901493,0.0013805059445086384,0.017946577278612298,0.5384615384615384,-0.01415714116330985,0.02095385404380269,0.010844779306875574,0.009539656333456312,0.0010293133859041676,-0.0033465066570607886,0.0,0.003777077558480282,neighbor,0.24363786008230454,976.0,0.3612181069958848,882.0,0.35526748971193417,892.0,94.0,0.0,0.3132934156378601
short_aggressive_compact_capacity,robustness,0.9555,0.044499999999999984,36,0.03,True,equal,rank_average,13,0.004179547570545827,0.054334118417095754,0.6923076923076923,-0.024090082664384737,0.04143052279667052,0.015271219438079658,0.007107722484987813,0.02132316745496344,1.0,0.0041029031120915285,0.011488620080729053,0.0031683220839792752,0.006044029285160927,0.04230820499612649,0.8571428571428571,-0.008337495732251475,0.018333883044047827,0.008019083699363654,0.004179547570545827,0.054334118417095754,0.6923076923076923,-0.024090082664384737,0.04143052279667052,0.015271219438079658,0.0064053598434332575,0.0015508659580415985,-0.004875077471728151,0.0,0.0025287719977328,neighbor,0.13306995884773662,1162.0,0.4357366255144033,716.0,0.4186913580246913,782.0,446.0,0.0,0.31211316872427985
short_aggressive_medium_capacity,robustness,0.9555,0.044499999999999984,36,0.03,True,equal,rank_average,13,0.004179547570545827,0.054334118417095754,0.6923076923076923,-0.024090082664384737,0.04143052279667052,0.015271219438079658,0.007107722484987813,0.02132316745496344,1.0,0.0041029031120915285,0.011488620080729053,0.0031683220839792752,0.006044029285160927,0.04230820499612649,0.8571428571428571,-0.008337495732251475,0.018333883044047827,0.008019083699363654,0.004179547570545827,0.054334118417095754,0.6923076923076923,-0.024090082664384737,0.04143052279667052,0.015271219438079658,0.0064053598434332575,0.0015508659580415985,-0.004875077471728151,0.0,0.0025287719977328,neighbor,0.13306995884773662,1162.0,0.4357366255144033,716.0,0.4186913580246913,782.0,446.0,0.0,0.31211316872427985
stable_medium_capacity,robustness,0.7825,0.21750000000000003,88,0.03,True,equal,rank_average,13,0.0021688403849706808,0.02819492500461885,0.5384615384615384,-0.01478371201178616,0.023096272670178185,0.011017594420318959,0.010724978133660738,0.032174934400982215,1.0,0.007382540688013039,0.01714193003828602,0.004538788347228225,0.0037846486563528465,0.026492540594469927,0.7142857142857143,-0.008432460591174279,0.01714193003828602,0.007440903778665478,0.0021688403849706808,0.02819492500461885,0.5384615384615384,-0.01478371201178616,0.023096272670178185,0.011017594420318959,0.009549475963230924,8.88234533193246e-05,-0.003103924405994607,0.0,0.0033941722783868747,neighbor,0.24256378600823045,985.0,0.34703292181069956,906.0,0.3903045267489712,834.0,151.0,0.0,0.3117360082304527
stable_compact_capacity,robustness,0.953,0.04700000000000004,30,0.033333,True,equal,rank_average,13,0.0043810210991334425,0.056953274288734757,0.6153846153846154,-0.021725775809969566,0.026480985195631634,0.014935186224441536,0.01333979980811834,0.04001939942435502,1.0,0.004058576670114708,0.025740439297850207,0.009122275320465847,0.007448542487521934,0.05213979741265354,0.7142857142857143,-0.014765058734580918,0.026480985195631634,0.014677415873115402,0.0043810210991334425,0.056953274288734757,0.6153846153846154,-0.021725775809969566,0.026480985195631634,0.014935186224441536,0.009943016191765307,8.748554976151343e-05,-0.00405693937539928,0.0,0.0034080340677889124,neighbor,0.2583292181069959,948.0,0.30702057613168726,942.0,0.4666872427983539,665.0,283.0,0.0,0.31149403292181066
stable_medium_capacity,robustness,0.7725,0.22750000000000004,88,0.03,True,equal,rank_average,13,0.0021311774382952913,0.027705306697838786,0.5384615384615384,-0.01478371201178616,0.02123538661935051,0.010861009803500025,0.01072497813366074,0.03217493440098222,1.0,0.007382540688013039,0.01714193003828602,0.004538788347228224,0.003750355580918021,0.026252489066426146,0.7142857142857143,-0.008432460591174279,0.01714193003828602,0.007499703567426091,0.0021311774382952913,0.027705306697838786,0.5384615384615384,-0.01478371201178616,0.02123538661935051,0.010861009803500025,0.009549475963230924,6.927640032147416e-05,-0.003125392285599579,0.0,0.003382155922597096,neighbor,0.24350205761316873,977.0,0.34515637860082304,907.0,0.38795884773662553,839.0,138.0,0.0,0.3109150205761317
stable_medium_capacity,robustness,0.7225,0.27749999999999997,94,0.03,True,equal,rank_average,13,0.0013467149147242323,0.01750729389141502,0.5384615384615384,-0.01417300580923364,0.020435205727486118,0.010760602065349907,0.010017763686560356,0.03005329105968107,1.0,0.007963846963522269,0.014032472436700756,0.0028390823416013264,0.0036661895004294074,0.025663326503005852,0.7142857142857143,-0.004547017117240841,0.014032472436700756,0.0061733981892683545,0.0013467149147242323,0.01750729389141502,0.5384615384615384,-0.01417300580923364,0.020435205727486118,0.010760602065349907,0.00933819479930175,0.0013034980808409988,-0.003371002877192751,0.0,0.003816201624520237,neighbor,0.2310946502057613,1000.0,0.3676625514403292,869.0,0.35304526748971193,897.0,131.0,0.0,0.3108427983539095
economic_medium_capacity,robustness,0.988,0.01200000000000001,30,0.035,True,rank,rank_average,13,0.0043047361788767355,0.05596157032539756,0.5384615384615384,-0.019131533238818922,0.04470878579027748,0.018513784483047684,0.01929880111482248,0.05789640334446744,1.0,0.001230683296022106,0.030202093448473424,0.012866926458427562,0.002615305634462599,0.018307139441238192,0.5714285714285714,-0.015488414446969223,0.030202093448473424,0.017593582540371425,0.0043047361788767355,0.05596157032539756,0.5384615384615384,-0.019131533238818922,0.04470878579027748,0.018513784483047684,0.012406442123136106,-0.0030490239844275903,-0.0033212448083889674,0.0,0.003092329335003682,neighbor,0.4370823045267489,679.0,0.14153086419753086,1088.0,0.48168724279835384,635.0,453.0,0.0,0.31077489711934153
recent_compact_current,robustness,0.85,0.15000000000000002,32,0.03125,True,equal,rank_average,13,0.0039403145014633755,0.05122408851902388,0.6923076923076923,-0.026931157976371037,0.0282662441871392,0.012522935769879177,0.005107092470895782,0.015321277412687347,0.6666666666666666,-0.00681051578583667,0.015487676864838915,0.009167848916648824,0.009816180786237834,0.06871326550366484,0.8571428571428571,-0.00681051578583667,0.0282662441871392,0.010100630544142243,0.0039403145014633755,0.05122408851902388,0.6923076923076923,-0.026931157976371037,0.0282662441871392,0.012522935769879177,0.001330239165751161,0.004204895695972322,-0.0059489951740606265,0.0,0.0015319494533789153,neighbor,0.012761316872427982,1214.0,0.6630946502057614,364.0,0.3730123456790123,860.0,850.0,0.05,0.30944897119341574
recent_compact_capacity,robustness,0.005,0.995,32,0.03,True,rank,rank_average,13,0.0011657446510512383,0.015154680463666099,0.6923076923076923,-0.03563009469880854,0.02122260146960718,0.014471903921354761,0.009549574430312945,0.028648723290938836,1.0,0.0036091506414972704,0.02122260146960718,0.008254512605805765,0.008345800130974561,0.058420600916821934,1.0,0.0019721777654914886,0.02122260146960718,0.00638113179620342,0.0011657446510512383,0.015154680463666099,0.6923076923076923,-0.03563009469880854,0.02122260146960718,0.014471903921354761,0.007634277136972478,0.006407924737267691,-0.010401149107199921,0.0,0.004377104620479464,neighbor,0.15845267489711934,1144.0,0.6234279835390946,432.0,0.10319753086419753,1209.0,777.0,0.05,0.30940329218106993
economic_medium_capacity,robustness,0.998,0.0020000000000000018,31,0.036,True,rank,rank_average,13,0.00408770784692756,0.05314020201005827,0.5384615384615384,-0.017852229870200416,0.04157215329421461,0.018240718518323543,0.019662489562787443,0.058987468688362334,1.0,0.00027259512918653,0.03038490591039393,0.013736367725237026,0.00266158662505618,0.01863110637539326,0.5714285714285714,-0.01610852981865648,0.03038490591039393,0.018067646615722043,0.00408770784692756,0.05314020201005827,0.5384615384615384,-0.017852229870200416,0.04157215329421461,0.018240718518323543,0.012297575443420396,-0.0032272818924460444,-0.00302278084595589,0.0,0.003013336198874055,neighbor,0.43592181069958846,680.0,0.13506172839506173,1098.0,0.49092181069958846,616.0,482.0,0.0,0.3087847736625514
stable_medium_capacity,robustness,0.75,0.25,91,0.03,True,equal,rank_average,13,0.0020380908437393377,0.026495180968611393,0.5384615384615384,-0.014486069116048765,0.021615294116876384,0.010683972483417771,0.01019366260252201,0.030580987807566032,1.0,0.006045986316817657,0.015534714368420716,0.003964601601411044,0.003758701557100918,0.026310910899706427,0.7142857142857143,-0.003913410632665433,0.015534714368420716,0.006363412673378493,0.0020380908437393377,0.026495180968611393,0.5384615384615384,-0.014486069116048765,0.021615294116876384,0.010683972483417771,0.008805563167987373,0.0015653200930536445,-0.0030802294889031323,0.0,0.003764584885733619,neighbor,0.20640329218106995,1049.0,0.37290946502057615,857.0,0.385798353909465,844.0,205.0,0.0,0.30824032921810696
stable_medium_capacity,robustness,0.7475,0.25249999999999995,91,0.03,True,equal,rank_average,13,0.002045071436597111,0.026585928675762448,0.5384615384615384,-0.014486069116048765,0.021615294116876384,0.010676519204233913,0.010193662602522009,0.03058098780756603,1.0,0.006045986316817659,0.015534714368420716,0.003964601601411044,0.0037587015571009176,0.026310910899706424,0.7142857142857143,-0.003913410632665433,0.015534714368420716,0.006363412673378493,0.002045071436597111,0.026585928675762448,0.5384615384615384,-0.014486069116048765,0.021615294116876384,0.010676519204233913,0.008805563167987373,0.001565320093053644,-0.003076250550974201,0.0,0.003765181726422959,neighbor,0.20597119341563785,1050.0,0.372440329218107,858.0,0.3867366255144033,841.0,209.0,0.0,0.3079971193415638
stable_medium_capacity,robustness,0.7625,0.23750000000000004,88,0.03,True,equal,rank_average,13,0.0020285525839226774,0.026371183590994805,0.5384615384615384,-0.01478371201178616,0.02123538661935051,0.010849198025943505,0.01072497813366074,0.03217493440098222,1.0,0.007382540688013039,0.01714193003828602,0.004538788347228223,0.0035365421444151705,0.024755795010906193,0.7142857142857143,-0.008432460591174279,0.01714193003828602,0.007540918769207447,0.0020285525839226774,0.026371183590994805,0.5384615384615384,-0.01478371201178616,0.02123538661935051,0.010849198025943505,0.009549475963230924,-5.259725848515075e-05,-0.003183888452591969,0.0,0.0033185383510852566,neighbor,0.24350205761316873,977.0,0.3409341563786008,913.0,0.38092181069958847,851.0,126.0,0.0,0.30795946502057614
stable_medium_capacity,robustness,0.7625,0.23750000000000004,91,0.03,True,equal,rank_average,13,0.002209607857892377,0.0287249021526009,0.5384615384615384,-0.015143287452346652,0.021615294116876384,0.010742547988567245,0.010193662602522009,0.030580987807566025,1.0,0.006045986316817653,0.015534714368420716,0.003964601601411046,0.003758701557100917,0.02631091089970642,0.7142857142857143,-0.003913410632665433,0.015534714368420716,0.006363412673378492,0.002209607857892377,0.0287249021526009,0.5384615384615384,-0.015143287452346652,0.021615294116876384,0.010742547988567245,0.00880556316798737,0.001565320093053644,-0.0031993468418142017,0.0,0.003746717282796958,neighbor,0.20542798353909464,1051.0,0.3719711934156379,859.0,0.3887489711934156,837.0,214.0,0.0,0.3078705761316873
economic_medium_capacity,robustness,0.988,0.01200000000000001,31,0.036,True,rank,rank_average,13,0.004153001181386533,0.05398901535802493,0.5384615384615384,-0.017852229870200416,0.04157215329421461,0.01814865411619013,0.019484212890925452,0.05845263867277636,1.0,0.00027259512918653,0.030384905910393827,0.013625745672555976,0.002585182337115326,0.018096276359807283,0.5714285714285714,-0.01610852981865648,0.030384905910393827,0.01795974752529896,0.004153001181386533,0.05398901535802493,0.5384615384615384,-0.017852229870200416,0.04157215329421461,0.01814865411619013,0.012195957740459062,-0.0032708323365723303,-0.002985563645314275,0.0,0.0029586739979289354,neighbor,0.43310699588477364,685.0,0.13318518518518518,1099.0,0.49748971193415636,596.0,503.0,0.0,0.30779958847736627
economic_medium_capacity,robustness,0.973,0.027000000000000024,30,0.036,True,rank,rank_average,13,0.003913573808458349,0.05087645950995854,0.5384615384615384,-0.018529076442263683,0.04186834983043622,0.0181518065101245,0.01948149438331049,0.05844448314993147,1.0,0.0007312176609839613,0.03134214492024437,0.01341286518356584,0.002554674716141537,0.017882723012990757,0.5714285714285714,-0.015623042229037563,0.03134214492024437,0.017765328978348465,0.003913573808458349,0.05087645950995854,0.5384615384615384,-0.018529076442263683,0.04186834983043622,0.0181518065101245,0.012345753626611684,-0.0031280107759531486,-0.003345396616664219,0.0,0.0030288871089661235,neighbor,0.4400452674897119,676.0,0.13896296296296295,1092.0,0.45544032921810695,697.0,416.0,0.0,0.3068674897119341
economic_medium_capacity,robustness,0.998,0.0020000000000000018,31,0.035,True,rank,rank_average,13,0.00417893521220477,0.05432615775866201,0.5384615384615384,-0.017950565559639337,0.0428007529518169,0.018065979477143286,0.019006652888081985,0.05701995866424595,1.0,0.0005940495789617736,0.02988486785864524,0.013091046930389665,0.002641012010785096,0.018487084075495673,0.5714285714285714,-0.01549131206086235,0.02988486785864524,0.01742293042339212,0.00417893521220477,0.05432615775866201,0.5384615384615384,-0.017950565559639337,0.0428007529518169,0.018065979477143286,0.012029828507264115,-0.0030353275625085,-0.003003232025262724,0.0,0.002995549195987413,neighbor,0.4194279835390946,715.0,0.14165432098765432,1087.0,0.49534156378600824,600.0,487.0,0.0,0.3058168724279835
recent_compact_current,robustness,0.875,0.125,36,0.03,True,equal,rank_average,13,0.0047861062288835,0.0622193809754855,0.6923076923076923,-0.017061997116598962,0.019724504086170415,0.009023033556689914,0.005867754999898926,0.017603264999696777,0.6666666666666666,-0.002342454996422369,0.011544882266154195,0.005945693968419832,0.008200328545836766,0.057402299820857365,0.8571428571428571,-0.002342454996422369,0.019724504086170415,0.00658932405775624,0.0047861062288835,0.0622193809754855,0.6923076923076923,-0.017061997116598962,0.019724504086170415,0.009023033556689914,0.003238276867789672,0.004758319979450432,-0.0022100708057063703,0.0,0.0031050441170126083,neighbor,0.023119341563786006,1207.0,0.5593909465020576,522.0,0.6263333333333334,332.0,875.0,0.05,0.3049236625514404
stable_medium_capacity,robustness,0.7225,0.27749999999999997,90,0.03,True,equal,rank_average,13,0.0016062510945372718,0.020881264228984533,0.5384615384615384,-0.014262310067446604,0.021281871909565105,0.010997901229411893,0.010674639158150237,0.032023917474450714,1.0,0.005830238140404228,0.01724447989003889,0.004816920547066783,0.003503770020434356,0.02452639014304049,0.7142857142857143,-0.005292395612967622,0.01724447989003889,0.007311605153938998,0.0016062510945372718,0.020881264228984533,0.5384615384615384,-0.014262310067446604,0.021281871909565105,0.010997901229411893,0.009008522906479029,0.0009649440736539817,-0.0032525376599095964,0.0,0.0035497533467494635,neighbor,0.2205020576131687,1024.0,0.35961316872427984,887.0,0.36161316872427984,885.0,139.0,0.0,0.3042687242798354
recent_compact_capacity,robustness,0.005,0.995,30,0.033758,True,rank,rank_average,13,0.0015302157112066024,0.019892804245685833,0.6923076923076923,-0.032678266272296946,0.017167030047674833,0.014257415550193255,0.009193573537801453,0.027580720613404358,1.0,0.004883916399943006,0.017167030047674833,0.005644247195127486,0.008180743856403442,0.05726520699482409,1.0,0.0014555019443178371,0.017167030047674833,0.0059909265210017,0.0015302157112066024,0.019892804245685833,0.6923076923076923,-0.032678266272296946,0.017167030047674833,0.014257415550193255,0.00785202932852802,0.006143339639774848,-0.009219297222162538,0.0,0.004522419985985509,neighbor,0.16413168724279834,1139.0,0.5950329218106996,471.0,0.13383950617283952,1185.0,714.0,0.05,0.3034934156378601
economic_medium_capacity,robustness,0.988,0.01200000000000001,31,0.035,True,rank,rank_average,13,0.004177746968144476,0.05431071058587818,0.5384615384615384,-0.017950565559639337,0.0428007529518169,0.01797542665187698,0.018754674811486734,0.0562640244344602,1.0,0.0005940495789617736,0.029884867858045207,0.012950115608381704,0.002533021406529989,0.01773114984570992,0.5714285714285714,-0.01549131206086235,0.029884867858045207,0.017276183582256664,0.004177746968144476,0.05431071058587818,0.5384615384615384,-0.017950565559639337,0.0428007529518169,0.01797542665187698,0.011886201003604824,-0.0030968822069339114,-0.003003909324377092,0.0,0.0029102970096651064,neighbor,0.4123909465020576,730.0,0.13930864197530862,1090.0,0.49487242798353914,603.0,487.0,0.0,0.3018761316872428
short_aggressive_wide_capacity,robustness,0.6435,0.35650000000000004,32,0.03,True,rank,rank_average,13,0.0032400886596222335,0.042121152575089034,0.6153846153846154,-0.02036452830374483,0.03285308800763151,0.016874050172045837,0.016028498671273192,0.048085496013819576,1.0,0.00545588950662346,0.02980868545205096,0.010197420693898425,0.004848026813465409,0.03393618769425786,0.5714285714285714,-0.01389325978794707,0.02980868545205096,0.016353715143751092,0.0032400886596222335,0.042121152575089034,0.6153846153846154,-0.02036452830374483,0.03285308800763151,0.016874050172045837,0.01193668777981146,-0.0012499718749186789,-0.004258059188866506,0.0,0.003573478889881203,neighbor,0.377835390946502,787.0,0.21075308641975307,1053.0,0.372156378600823,862.0,266.0,0.0,0.30179650205761316
stable_medium_capacity,robustness,0.7225,0.27749999999999997,88,0.03,True,equal,rank_average,13,0.0017635523252618618,0.022926180228404203,0.5384615384615384,-0.01418439992014875,0.021168376342400583,0.011099982781338736,0.010209659395903936,0.030628978187711806,1.0,0.006191001956370972,0.0170554355433278,0.00486507481495944,0.00356597943410373,0.02496185603872611,0.7142857142857143,-0.0053334838393087535,0.0170554355433278,0.007143884690716802,0.0017635523252618618,0.022926180228404203,0.5384615384615384,-0.01418439992014875,0.021168376342400583,0.011099982781338736,0.008862536501267664,0.0009868443247529515,-0.003137165609788288,0.0,0.0035185197051776505,neighbor,0.2088971193415638,1047.0,0.36047736625514404,885.0,0.3731440329218107,859.0,188.0,0.0,0.3017452674897119
economic_medium_capacity,robustness,0.973,0.027000000000000024,30,0.035,True,rank,rank_average,13,0.0039998598427766815,0.05199817795609686,0.5384615384615384,-0.019131533238818922,0.04470878579027748,0.018552734792578383,0.019061357489657742,0.057184072468973224,1.0,0.001230683296022106,0.031353115347550115,0.012906068954965934,0.0025135455433895133,0.017594818803726594,0.5714285714285714,-0.015488414446969223,0.031353115347550115,0.01750956387745043,0.0039998598427766815,0.05199817795609686,0.5384615384615384,-0.019131533238818922,0.04470878579027748,0.018552734792578383,0.012271099256792206,-0.0031070272363392494,-0.003495024319965999,0.0,0.0029860237983693203,neighbor,0.4281687242798354,696.0,0.1391851851851852,1091.0,0.44744032921810695,722.0,395.0,0.0,0.30101687242798353
recent_compact_current,robustness,0.875,0.125,35,0.03,True,equal,rank_average,13,0.004155603691494986,0.05402284798943482,0.6923076923076923,-0.01747190594173827,0.020478541227687486,0.009319750522696001,0.005078400739269671,0.015235202217809012,0.6666666666666666,-0.00430186974006647,0.011867933840856812,0.00685077013100275,0.008674300466770032,0.060720103267390226,0.8571428571428571,-0.00430186974006647,0.020478541227687486,0.00728853508749882,0.004155603691494986,0.05402284798943482,0.6923076923076923,-0.01747190594173827,0.020478541227687486,0.009319750522696001,0.0021417380738284436,0.00438187710897984,-0.002704727164313795,0.0,0.0024228308539252365,neighbor,0.017218106995884774,1212.0,0.5752181069958847,498.0,0.5590493827160494,459.0,753.0,0.05,0.29959279835390945
recent_compact_current,robustness,0.875,0.125,37,0.03,True,equal,rank_average,13,0.004723739233046495,0.061408610029604425,0.6923076923076923,-0.010652069623640834,0.01859814189172053,0.007276266408775798,0.005365299031693887,0.01609589709508166,0.6666666666666666,-0.002160502721683678,0.009579027963713065,0.005334261270868323,0.007538759880975204,0.05277131916682643,0.8571428571428571,-0.002160502721683678,0.01859814189172053,0.006131117646467862,0.004723739233046495,0.061408610029604425,0.6923076923076923,-0.010652069623640834,0.01859814189172053,0.007276266408775798,0.0030119212165765677,0.00444127009114311,-0.00013034392065728088,0.0,0.0031837884395464347,neighbor,0.021045267489711934,1209.0,0.5240576131687242,572.0,0.7002222222222223,259.0,950.0,0.05,0.29927736625514406
short_aggressive_compact_capacity,robustness,0.9205,0.07950000000000002,36,0.03,True,equal,rank_average,13,0.004956342003562897,0.06443244604631766,0.6153846153846154,-0.02409008266438474,0.049497215923207286,0.016768964066358173,0.006655727880954999,0.019967183642864997,1.0,0.0041029031120915285,0.010437739295571267,0.0027283343179131344,0.005187433855740571,0.036312036990183996,0.7142857142857143,-0.008337495732251468,0.01833388304404783,0.008131348733050832,0.004956342003562897,0.06443244604631766,0.6153846153846154,-0.02409008266438474,0.049497215923207286,0.016768964066358173,0.006147722919134554,0.0009197494204148551,-0.0045092277218314976,0.0,0.0021965922485657815,neighbor,0.12790946502057612,1175.0,0.3973662551440329,794.0,0.4588477366255144,686.0,489.0,0.0,0.2988057613168724
short_aggressive_medium_capacity,robustness,0.9205,0.07950000000000002,36,0.03,True,equal,rank_average,13,0.004956342003562897,0.06443244604631766,0.6153846153846154,-0.02409008266438474,0.049497215923207286,0.016768964066358173,0.006655727880954999,0.019967183642864997,1.0,0.0041029031120915285,0.010437739295571267,0.0027283343179131344,0.005187433855740571,0.036312036990183996,0.7142857142857143,-0.008337495732251468,0.01833388304404783,0.008131348733050832,0.004956342003562897,0.06443244604631766,0.6153846153846154,-0.02409008266438474,0.049497215923207286,0.016768964066358173,0.006147722919134554,0.0009197494204148551,-0.0045092277218314976,0.0,0.0021965922485657815,neighbor,0.12790946502057612,1175.0,0.3973662551440329,794.0,0.4588477366255144,686.0,489.0,0.0,0.2988057613168724
economic_medium_capacity,robustness,0.998,0.0020000000000000018,32,0.035,True,rank,rank_average,13,0.00403831455223429,0.05249808917904577,0.5384615384615384,-0.01735331687176426,0.041372437676819335,0.017828401539654738,0.01867514299037213,0.05602542897111639,1.0,0.00016132317155276993,0.029757202794176117,0.013175793849576047,0.002516841291414019,0.01761788903989813,0.5714285714285714,-0.01590728760687949,0.029757202794176117,0.017397035602221552,0.00403831455223429,0.05249808917904577,0.5384615384615384,-0.01735331687176426,0.041372437676819335,0.017828401539654738,0.011698068151124529,-0.0032433768027356697,-0.0028862937344471223,0.0,0.0027867636390516916,neighbor,0.4011069958847736,746.0,0.13639506172839505,1096.0,0.5123786008230453,558.0,538.0,0.0,0.298677366255144
short_aggressive_wide_capacity,robustness,0.5935,0.4065,35,0.03,True,rank,rank_average,13,0.002504994263887157,0.03256492543053304,0.5384615384615384,-0.01682302863993949,0.02838053099643212,0.015970570524007056,0.016132662999995998,0.048397988999988,1.0,0.00806198399797789,0.02764503038821073,0.00835694683845974,0.004392963909734958,0.030750747368144704,0.5714285714285714,-0.016179276813442455,0.02764503038821073,0.016215876367212993,0.002504994263887157,0.03256492543053304,0.5384615384615384,-0.01682302863993949,0.02838053099643212,0.015970570524007056,0.01285607262933042,-0.0022637433484585133,-0.0035852911823028148,0.0,0.003585950867580415,neighbor,0.422477366255144,708.0,0.163320987654321,1071.0,0.37008230452674895,869.0,363.0,0.0,0.2979977366255144
short_aggressive_compact_capacity,robustness,0.95,0.050000000000000044,36,0.03,True,equal,rank_average,13,0.0042351599401654815,0.055057079222151264,0.6153846153846154,-0.02409008266438474,0.04143052279667052,0.015134487938717488,0.007107722484987813,0.02132316745496344,1.0,0.0041029031120915285,0.01148862008072905,0.0031683220839792735,0.0055164856385588835,0.03861539946991219,0.7142857142857143,-0.008337495732251475,0.018333883044047827,0.00849970824627672,0.0042351599401654815,0.055057079222151264,0.6153846153846154,-0.02409008266438474,0.04143052279667052,0.015134487938717488,0.0064053598434332575,0.0011073089366212907,-0.004920301497968024,0.0,0.002322387734157681,neighbor,0.13306995884773662,1162.0,0.4063292181069959,767.0,0.41099588477366256,799.0,395.0,0.0,0.29772551440329215
short_aggressive_medium_capacity,robustness,0.95,0.050000000000000044,36,0.03,True,equal,rank_average,13,0.0042351599401654815,0.055057079222151264,0.6153846153846154,-0.02409008266438474,0.04143052279667052,0.015134487938717488,0.007107722484987813,0.02132316745496344,1.0,0.0041029031120915285,0.01148862008072905,0.0031683220839792735,0.0055164856385588835,0.03861539946991219,0.7142857142857143,-0.008337495732251475,0.018333883044047827,0.00849970824627672,0.0042351599401654815,0.055057079222151264,0.6153846153846154,-0.02409008266438474,0.04143052279667052,0.015134487938717488,0.0064053598434332575,0.0011073089366212907,-0.004920301497968024,0.0,0.002322387734157681,neighbor,0.13306995884773662,1162.0,0.4063292181069959,767.0,0.41099588477366256,799.0,395.0,0.0,0.29772551440329215
stable_compact_capacity,robustness,1.0,0.0,31,0.032258,True,equal,rank_average,13,0.002105253378324553,0.027368293918219194,0.6923076923076923,-0.027664056038049542,0.024047278385732597,0.013402178301994267,0.010965224644780308,0.032895673934340924,1.0,0.0005278765845332864,0.020612281688316796,0.008218444784407867,0.007487641357207523,0.05241348950045266,0.7142857142857143,-0.009978966198401683,0.024047278385732597,0.011804554271718714,0.002105253378324553,0.027368293918219194,0.6923076923076923,-0.027664056038049542,0.024047278385732597,0.013402178301994267,0.00742437732042076,0.001689182442421447,-0.007236836374603661,0.0,0.002644357571067406,neighbor,0.16072427983539095,1140.0,0.4546008230452675,681.0,0.18738271604938272,1121.0,459.0,0.0,0.29696748971193415
economic_medium_capacity,robustness,0.988,0.01200000000000001,32,0.035,True,rank,rank_average,13,0.00407710625043382,0.053002381255639656,0.5384615384615384,-0.01735331687176426,0.04137243767681935,0.017745881348724075,0.018487659302477342,0.05546297790743203,1.0,0.00016132317155276993,0.029757202794172717,0.013072305698790917,0.002436491139459109,0.017055437976213762,0.5714285714285714,-0.01590728760687949,0.029757202794172717,0.01728885926080111,0.00407710625043382,0.053002381255639656,0.5384615384615384,-0.01735331687176426,0.04137243767681935,0.017745881348724075,0.0115912024490245,-0.0032891763893499676,-0.00286418246647339,0.0,0.0027267242344313066,neighbor,0.3945390946502057,758.0,0.1354567901234568,1097.0,0.5161316872427983,554.0,543.0,0.0,0.29619094650205763
economic_medium_capacity,robustness,0.988,0.01200000000000001,30,0.033,True,rank,rank_average,13,0.0042090579021771745,0.05471775272830327,0.5384615384615384,-0.017910056075848536,0.04853744902415151,0.019197737560364102,0.018741768193131784,0.056225304579395355,1.0,0.001169771534390525,0.030174968285869255,0.012611872108112605,0.001869877511360779,0.013089142579525453,0.5714285714285714,-0.016581125695382525,0.030174968285869255,0.017601282408563935,0.0042090579021771745,0.05471775272830327,0.5384615384615384,-0.017910056075848536,0.04853744902415151,0.019197737560364102,0.012068832476433988,-0.003834512726572018,-0.0029726939623274896,0.0,0.002656098169267064,neighbor,0.4172304526748971,722.0,0.11346913580246915,1103.0,0.5059094650205761,575.0,528.0,0.0,0.29383971193415637
economic_medium_capacity,robustness,0.998,0.0020000000000000018,30,0.033,True,rank,rank_average,13,0.004212597395462389,0.05476376614101105,0.5384615384615384,-0.017910056075848536,0.04853744902415151,0.019197612605625938,0.018739743852597315,0.056219231557791946,1.0,0.001169771534390525,0.03025549916379989,0.012622335906610714,0.0018690099368460064,0.013083069557922045,0.5714285714285714,-0.016581125695382525,0.03025549916379989,0.017603665260790744,0.004212597395462389,0.05476376614101105,0.5384615384615384,-0.017910056075848536,0.04853744902415151,0.019197612605625938,0.012067678602329341,-0.003835007244045438,-0.0029706764511549175,0.0,0.002655716713438052,neighbor,0.4167613168724279,725.0,0.11299999999999999,1104.0,0.5068477366255144,573.0,531.0,0.0,0.2935816872427983
stable_compact_capacity,robustness,0.968,0.03200000000000003,30,0.033333,True,equal,rank_average,13,0.00334399032738269,0.04347187425597497,0.5384615384615384,-0.021725775809969566,0.026480985195631634,0.014178352672013745,0.013339799808118342,0.04001939942435503,1.0,0.004058576670114708,0.025740439297850207,0.009122275320465847,0.007463573230096878,0.05224501261067814,0.7142857142857143,-0.014765058734580918,0.026480985195631634,0.01465995742260229,0.00334399032738269,0.04347187425597497,0.5384615384615384,-0.021725775809969566,0.026480985195631634,0.014178352672013745,0.009943016191765307,9.605307302923091e-05,-0.004724969992220285,0.0,0.0033116848607362345,neighbor,0.258798353909465,947.0,0.3084279835390947,941.0,0.33271193415637856,924.0,23.0,0.0,0.2922187242798354
stable_medium_capacity,robustness,0.7475,0.25249999999999995,88,0.03,True,equal,rank_average,13,0.0017962647436747963,0.023351441667772352,0.5384615384615384,-0.01478371201178616,0.021168376342400583,0.010850291687915655,0.010243152933749076,0.03072945880124723,1.0,0.006204988074948169,0.01714193003828602,0.004901802504704865,0.003330045630167313,0.02331031941117119,0.7142857142857143,-0.008432460591174279,0.01714193003828602,0.007444614149463028,0.0017962647436747963,0.023351441667772352,0.5384615384615384,-0.01478371201178616,0.021168376342400583,0.010850291687915655,0.00888624323696987,-0.00017030027160642937,-0.003316292521533261,0.0,0.0029804182943350653,neighbor,0.21065020576131688,1043.0,0.3390576131687243,918.0,0.3663786008230453,876.0,167.0,0.0,0.2917927983539095
stable_medium_capacity,robustness,0.75,0.25,88,0.03,True,equal,rank_average,13,0.001801419380363251,0.023418451944722262,0.5384615384615384,-0.01478371201178616,0.02123538661935051,0.010859505557370627,0.010243152933749075,0.030729458801247226,1.0,0.006204988074948167,0.01714193003828602,0.004901802504704865,0.0033300456301673122,0.023310319411171187,0.7142857142857143,-0.008432460591174279,0.01714193003828602,0.007444614149463028,0.001801419380363251,0.023418451944722262,0.5384615384615384,-0.01478371201178616,0.02123538661935051,0.010859505557370627,0.00888624323696987,-0.00017030027160643002,-0.003313354378620842,0.0,0.002980859015771928,neighbor,0.2099094650205761,1046.0,0.33858847736625514,920.0,0.36778600823045265,874.0,172.0,0.0,0.2914965020576132
economic_medium_capacity,robustness,0.973,0.027000000000000024,31,0.035,True,rank,rank_average,13,0.0039042844817781894,0.05075569826311646,0.5384615384615384,-0.017950565559639337,0.0428007529518169,0.017961745437404003,0.01838825414966153,0.05516476244898459,1.0,0.0005940495789617736,0.030731876120159166,0.012893248495964729,0.0023759839800312254,0.01663188786021858,0.5714285714285714,-0.01549131206086235,0.030731876120159166,0.01711066165069235,0.0039042844817781894,0.05075569826311646,0.5384615384615384,-0.017950565559639337,0.0428007529518169,0.017961745437404003,0.011677341226364456,-0.003186393540038206,-0.003159782941605875,0.0,0.0027630919562877084,neighbor,0.39644032921810696,754.0,0.1374320987654321,1095.0,0.4657860082304527,669.0,426.0,0.0,0.2902884773662552
stable_compact_capacity,robustness,1.0,0.0,32,0.03125,True,equal,rank_average,13,0.002298236519844271,0.029877074757975523,0.6153846153846154,-0.028158823359616808,0.02506718557691931,0.013606314353181536,0.01141332141695632,0.03423996425086896,0.6666666666666666,-4.985816692108791e-06,0.020105328484585294,0.0084332959065231,0.007959628610461043,0.0557174002732273,0.5714285714285714,-0.009030827567674496,0.02506718557691931,0.01181005029379967,0.002298236519844271,0.029877074757975523,0.6153846153846154,-0.028158823359616808,0.02506718557691931,0.013606314353181536,0.0071706145548233735,0.0021282437820587816,-0.007367032276977698,0.0,0.0027209006823091463,neighbor,0.12186008230452675,1180.0,0.46377777777777773,668.0,0.18524279835390944,1125.0,512.0,0.0,0.28523045267489716
short_aggressive_compact_capacity,robustness,0.9355,0.0645,36,0.03,True,equal,rank_average,13,0.005735157070163606,0.07455704191212688,0.6923076923076923,-0.02409008266438474,0.04766144796155061,0.016198938652631424,0.006992341261636138,0.020977023784908413,1.0,0.0041029031120915285,0.011540487926641804,0.003255037370277488,0.006572557880057462,0.046007905160402235,0.8571428571428571,-0.008337495732251468,0.018333883044047827,0.007722376087889089,0.005735157070163606,0.07455704191212688,0.6923076923076923,-0.02409008266438474,0.04766144796155061,0.016198938652631424,0.006339592546122802,0.0018521272571326258,-0.003988380056946016,0.0,0.0027710372756169,neighbor,0.13072427983539095,1171.0,0.44835390946502063,688.0,0.536148148148148,505.0,666.0,0.05,0.2844711934156378
short_aggressive_medium_capacity,robustness,0.9355,0.0645,36,0.03,True,equal,rank_average,13,0.005735157070163606,0.07455704191212688,0.6923076923076923,-0.02409008266438474,0.04766144796155061,0.016198938652631424,0.006992341261636138,0.020977023784908413,1.0,0.0041029031120915285,0.011540487926641804,0.003255037370277488,0.006572557880057462,0.046007905160402235,0.8571428571428571,-0.008337495732251468,0.018333883044047827,0.007722376087889089,0.005735157070163606,0.07455704191212688,0.6923076923076923,-0.02409008266438474,0.04766144796155061,0.016198938652631424,0.006339592546122802,0.0018521272571326258,-0.003988380056946016,0.0,0.0027710372756169,neighbor,0.13072427983539095,1171.0,0.44835390946502063,688.0,0.536148148148148,505.0,666.0,0.05,0.2844711934156378
recent_compact_current,robustness,0.875,0.125,38,0.03,True,equal,rank_average,13,0.004892101441852351,0.06359731874408056,0.8461538461538461,-0.007602793336356672,0.019245584864906264,0.006868654724820698,0.004014731272717266,0.012044193818151798,0.6666666666666666,-0.004620438587111747,0.008676851971398919,0.006112463975464915,0.006892152385747156,0.04824506670023009,0.8571428571428571,-0.004620438587111747,0.019245584864906264,0.006625219850532581,0.004892101441852351,0.06359731874408056,0.8461538461538461,-0.007602793336356672,0.019245584864906264,0.006868654724820698,0.0014303187583686312,0.003260924983271859,0.0011257298670119846,0.0,0.002208403225871587,neighbor,0.013193415637860084,1213.0,0.4840576131687243,635.0,0.7381481481481482,225.0,988.0,0.05,0.28382551440329223
stable_compact_capacity,robustness,0.988,0.01200000000000001,30,0.033333,True,equal,rank_average,13,0.002672635330260021,0.03474425929338028,0.5384615384615384,-0.021725775809969566,0.02865492638103466,0.014533415970221444,0.013461146044541262,0.040383438133623786,1.0,0.004058576670114708,0.02865492638103466,0.010844313350963884,0.0075155787599924155,0.052609051319946906,0.7142857142857143,-0.014765058734580918,0.02865492638103466,0.015174479172521847,0.002672635330260021,0.03474425929338028,0.5384615384615384,-0.021725775809969566,0.02865492638103466,0.014533415970221444,0.010012183546526374,0.00012569622506968772,-0.005107642340580206,0.0,0.003295290368804878,neighbor,0.2602057613168724,945.0,0.3103045267489712,937.0,0.2632798353909465,1031.0,94.0,0.0,0.28321131687242795
economic_medium_capacity,robustness,1.0,0.0,30,0.035,True,rank,rank_average,13,0.0036881813516857747,0.04794635757191507,0.5384615384615384,-0.015147626299836944,0.030202096358224753,0.013972754736183464,0.017094993688476057,0.05128498106542817,0.6666666666666666,-0.006535636797449479,0.030202096358224753,0.01674263495048429,0.005113246569695495,0.035792725987868465,0.5714285714285714,-0.015147626299836944,0.030202096358224753,0.016799073286179193,0.0036881813516857747,0.04794635757191507,0.5384615384615384,-0.015147626299836944,0.030202096358224753,0.013972754736183464,0.008254052925939689,-0.001512737562791189,-0.002357991770023762,0.0,0.002267190501616277,rounded,0.27902057613168724,929.0,0.20145679012345677,1056.0,0.5353168724279835,509.0,547.0,0.0,0.28256131687242797
economic_medium_capacity,robustness,1.0,0.0,30,0.036,True,rank,rank_average,13,0.003370064481874687,0.04381083826437093,0.5384615384615384,-0.016452504964100192,0.03040102463001173,0.014329127414701685,0.01775079541604385,0.05325238624813155,0.6666666666666666,-0.006133861366566913,0.03040102463001173,0.01689889041312204,0.0052997528475747955,0.03709826993302357,0.5714285714285714,-0.016452504964100192,0.03040102463001173,0.017358851152414204,0.003370064481874687,0.04381083826437093,0.5384615384615384,-0.016452504964100192,0.03040102463001173,0.014329127414701685,0.008760445802844578,-0.0018370389436068587,-0.0029699283450229535,0.0,0.002232021544761302,neighbor,0.3037119341563786,906.0,0.193679012345679,1058.0,0.47227983539094653,650.0,408.0,0.0,0.27948230452674894
short_aggressive_compact_capacity,robustness,0.8955,0.10450000000000004,32,0.03125,True,equal,rank_average,13,0.006551704018418008,0.0851721522394341,0.6153846153846154,-0.02442486799188854,0.05905155402049819,0.01842209858715278,0.009301529519945067,0.027904588559835204,1.0,0.005707719106045228,0.01170299133765568,0.002588705424712728,0.00536805519638204,0.03757638637467428,0.7142857142857143,-0.010801836781280806,0.01170299133765568,0.007671857298966856,0.006551704018418008,0.0851721522394341,0.6153846153846154,-0.02442486799188854,0.05905155402049819,0.01842209858715278,0.008185419131363614,0.00020947103840081066,-0.0037103505314403386,0.0,0.0028118770401097597,neighbor,0.18578600823045266,1093.0,0.3702551440329218,861.0,0.5753662551440328,407.0,686.0,0.05,0.2772341563786008
short_aggressive_medium_capacity,robustness,0.8955,0.10450000000000004,32,0.03125,True,equal,rank_average,13,0.006551704018418008,0.0851721522394341,0.6153846153846154,-0.02442486799188854,0.05905155402049819,0.01842209858715278,0.009301529519945067,0.027904588559835204,1.0,0.005707719106045228,0.01170299133765568,0.002588705424712728,0.00536805519638204,0.03757638637467428,0.7142857142857143,-0.010801836781280806,0.01170299133765568,0.007671857298966856,0.006551704018418008,0.0851721522394341,0.6153846153846154,-0.02442486799188854,0.05905155402049819,0.01842209858715278,0.008185419131363614,0.00020947103840081066,-0.0037103505314403386,0.0,0.0028118770401097597,neighbor,0.18578600823045266,1093.0,0.3702551440329218,861.0,0.5753662551440328,407.0,686.0,0.05,0.2772341563786008
short_aggressive_compact_capacity,robustness,0.8955,0.10450000000000004,31,0.032258,True,equal,rank_average,13,0.006419735577156952,0.08345656250304037,0.6153846153846154,-0.02464281191875827,0.059688940296712664,0.0185560966531046,0.00724019619394954,0.02172058858184862,1.0,0.004841239979529635,0.010574589246529438,0.002432297269796857,0.005369685900985165,0.03758780130689615,0.8571428571428571,-0.009256198580257724,0.012155287383437293,0.006822106442019218,0.006419735577156952,0.08345656250304037,0.6153846153846154,-0.02464281191875827,0.059688940296712664,0.0185560966531046,0.006724521023796017,0.0008633182892193518,-0.0038574940388261514,0.0,0.002499677533843193,neighbor,0.14274897119341565,1150.0,0.41018106995884773,757.0,0.5629711934156378,444.0,706.0,0.05,0.27612674897119344
short_aggressive_medium_capacity,robustness,0.8955,0.10450000000000004,31,0.032258,True,equal,rank_average,13,0.006419735577156952,0.08345656250304037,0.6153846153846154,-0.02464281191875827,0.059688940296712664,0.0185560966531046,0.00724019619394954,0.02172058858184862,1.0,0.004841239979529635,0.010574589246529438,0.002432297269796857,0.005369685900985165,0.03758780130689615,0.8571428571428571,-0.009256198580257724,0.012155287383437293,0.006822106442019218,0.006419735577156952,0.08345656250304037,0.6153846153846154,-0.02464281191875827,0.059688940296712664,0.0185560966531046,0.006724521023796017,0.0008633182892193518,-0.0038574940388261514,0.0,0.002499677533843193,neighbor,0.14274897119341565,1150.0,0.41018106995884773,757.0,0.5629711934156378,444.0,706.0,0.05,0.27612674897119344
economic_medium_capacity,robustness,0.998,0.0020000000000000018,31,0.033,True,rank,rank_average,13,0.004064011816324858,0.05283215361222315,0.5384615384615384,-0.016674581619830688,0.046314741932857936,0.01839840543455818,0.017460755179753113,0.052382265539259336,1.0,0.00019750792036116183,0.029615774479169563,0.012541374100673942,0.0016494303848898159,0.01154601269422871,0.5714285714285714,-0.016548285220407414,0.029615774479169563,0.016865279513818904,0.004064011816324858,0.05283215361222315,0.5384615384615384,-0.016674581619830688,0.046314741932857936,0.01839840543455818,0.011017808066178456,-0.00394933023191868,-0.00264766366077742,0.0,0.002232775072991363,neighbor,0.3538724279835391,831.0,0.11107407407407408,1107.0,0.5324526748971193,517.0,590.0,0.0,0.27140020576131685
stable_compact_capacity,robustness,0.978,0.02200000000000002,30,0.033333,True,equal,rank_average,13,0.0028806580693104345,0.03744855490103565,0.5384615384615384,-0.021725775809969566,0.026480985195631634,0.014340783943175983,0.012489650350146446,0.03746895105043934,1.0,0.004058576670114708,0.025740439297850207,0.009485006877455647,0.007099223462394637,0.04969456423676246,0.7142857142857143,-0.014765058734580918,0.026480985195631634,0.014618548827457594,0.0028806580693104345,0.03744855490103565,0.5384615384615384,-0.021725775809969566,0.026480985195631634,0.014340783943175983,0.009458431000721326,-0.00011162629456104556,-0.004989069379321471,0.0,0.002984780160837839,neighbor,0.2362798353909465,992.0,0.29576131687242796,957.0,0.27829218106995884,1004.0,47.0,0.0,0.269348353909465
short_aggressive_compact_capacity,robustness,0.8955,0.10450000000000004,33,0.030303,True,equal,rank_average,13,0.006451659445067566,0.08387157278587837,0.6153846153846154,-0.02232153923128989,0.059760345008297855,0.018557012707810617,0.008787482801430957,0.026362448404292874,1.0,0.00514085256838049,0.014429437231023804,0.004046021934835398,0.005107292976171967,0.03575105083320377,0.7142857142857143,-0.010832409137895863,0.014429437231023804,0.008740643647319744,0.006451659445067566,0.08387157278587837,0.6153846153846154,-0.02232153923128989,0.059760345008297855,0.018557012707810617,0.007705346544381207,5.0747695198100984e-05,-0.0030732774472525368,0.0,0.002643983463503748,neighbor,0.16581069958847736,1133.0,0.3574897119341564,888.0,0.6095884773662551,352.0,781.0,0.05,0.26863292181069964
short_aggressive_medium_capacity,robustness,0.8955,0.10450000000000004,33,0.030303,True,equal,rank_average,13,0.006451659445067566,0.08387157278587837,0.6153846153846154,-0.02232153923128989,0.059760345008297855,0.018557012707810617,0.008787482801430957,0.026362448404292874,1.0,0.00514085256838049,0.014429437231023804,0.004046021934835398,0.005107292976171967,0.03575105083320377,0.7142857142857143,-0.010832409137895863,0.014429437231023804,0.008740643647319744,0.006451659445067566,0.08387157278587837,0.6153846153846154,-0.02232153923128989,0.059760345008297855,0.018557012707810617,0.007705346544381207,5.0747695198100984e-05,-0.0030732774472525368,0.0,0.002643983463503748,neighbor,0.16581069958847736,1133.0,0.3574897119341564,888.0,0.6095884773662551,352.0,781.0,0.05,0.26863292181069964
economic_medium_capacity,robustness,0.988,0.01200000000000001,31,0.033,True,rank,rank_average,13,0.0040219591262140395,0.05228546864078251,0.5384615384615384,-0.016674581619830688,0.04631474193285795,0.018356638920706644,0.017278535348161057,0.05183560604448317,1.0,0.00019750792036116183,0.029615704340654754,0.012469582051173248,0.0015713361713503645,0.010999353199452552,0.5714285714285714,-0.016548285220407414,0.029615704340654754,0.016769218858022884,0.0040219591262140395,0.05228546864078251,0.5384615384615384,-0.016674581619830688,0.04631474193285795,0.018356638920706644,0.010913942762170985,-0.003993843933636167,-0.0026716336941405862,0.0,0.002167602280611031,neighbor,0.34918106995884773,842.0,0.11013580246913579,1109.0,0.5291687242798354,522.0,587.0,0.0,0.2686088477366255
economic_medium_capacity,robustness,1.0,0.0,31,0.035,True,rank,rank_average,13,0.003257536104957071,0.04234796936444192,0.5384615384615384,-0.015844369836611576,0.02988486785864524,0.013843688131845161,0.016689284470564152,0.05006785341169245,0.6666666666666666,-0.006358055673591722,0.02988486785864524,0.016354004808742165,0.004791895320460841,0.033543267243225885,0.5714285714285714,-0.015844369836611576,0.02988486785864524,0.016710587322797527,0.003257536104957071,0.04234796936444192,0.5384615384615384,-0.015844369836611576,0.02988486785864524,0.013843688131845161,0.008081400442602964,-0.0019258331419905693,-0.0028333849277947516,0.0,0.0019409275239762169,neighbor,0.27306995884773666,937.0,0.1847901234567901,1059.0,0.49287242798353914,611.0,448.0,0.0,0.2663144032921811
economic_medium_capacity,robustness,0.998,0.0020000000000000018,32,0.033,True,rank,rank_average,13,0.003916770678918569,0.050918018825941394,0.5384615384615384,-0.01701445852423182,0.04413296996854155,0.017970250755088867,0.01724483227038696,0.051734496811160886,1.0,7.644828758300581e-05,0.0291791094664344,0.012444225630498507,0.0017067369068202057,0.01194715834774144,0.5714285714285714,-0.016492476806935136,0.0291791094664344,0.01669454510806851,0.003916770678918569,0.050918018825941394,0.5384615384615384,-0.01701445852423182,0.04413296996854155,0.017970250755088867,0.010854782329022959,-0.003898248737972506,-0.002843750487551379,0.0,0.002161138426388849,neighbor,0.3447119341563786,847.0,0.11262962962962964,1105.0,0.5109711934156378,564.0,541.0,0.0,0.2652137860082304
economic_medium_capacity,robustness,0.988,0.01200000000000001,32,0.033,True,rank,rank_average,13,0.003843115548944875,0.04996050213628338,0.5384615384615384,-0.01701445852423182,0.04413296996854155,0.017895826758009895,0.016925660050645178,0.05077698015193553,1.0,7.644828758300581e-05,0.029179109423408824,0.012317521267358364,0.0015699488126451526,0.010989641688516068,0.5714285714285714,-0.016492476806935136,0.029179109423408824,0.016526866680636205,0.003843115548944875,0.04996050213628338,0.5384615384615384,-0.01701445852423182,0.04413296996854155,0.017895826758009895,0.010672854163770142,-0.003976217951652286,-0.002885733911636384,0.0,0.0020469835005190707,neighbor,0.33767489711934157,857.0,0.1107530864197531,1108.0,0.5039341563786008,579.0,529.0,0.0,0.26049897119341564
short_aggressive_wide_capacity,robustness,0.6035,0.39649999999999996,35,0.03,True,rank,rank_average,13,0.002391110443816437,0.03108443576961368,0.5384615384615384,-0.017289245036915923,0.028380531014995325,0.01603793507309712,0.01537827217168869,0.04613481651506607,1.0,0.00556298717004489,0.027880854731221802,0.00930727239825706,0.004187916513240144,0.02931541559268101,0.5714285714285714,-0.016179276813442455,0.027880854731221802,0.01633568914476149,0.002391110443816437,0.03108443576961368,0.5384615384615384,-0.017289245036915923,0.028380531014995325,0.01603793507309712,0.011601400903977366,-0.002380620364460557,-0.003804056370745348,0.0,0.0029986727419718936,neighbor,0.33971193415637857,855.0,0.15628395061728395,1077.0,0.34848971193415634,904.0,222.0,0.0,0.2584860082304527
short_aggressive_wide_capacity,robustness,0.6,0.4,35,0.03,True,rank,rank_average,13,0.0022852787501820527,0.029708623752366686,0.5384615384615384,-0.017289245036915923,0.028380531014995325,0.01584484938736936,0.015375532928266232,0.046126598784798696,1.0,0.0057905937827885876,0.02764503038821073,0.00912174105614104,0.0039409070097593075,0.027586349068315155,0.5714285714285714,-0.016179276813442455,0.02764503038821073,0.016028361495535232,0.0022852787501820527,0.029708623752366686,0.5384615384615384,-0.017289245036915923,0.028380531014995325,0.01584484938736936,0.011674949717431986,-0.0025214157814446338,-0.0038643804361169465,0.0,0.002955685719905167,neighbor,0.34548971193415634,845.0,0.15065432098765433,1081.0,0.33957613168724277,917.0,236.0,0.0,0.25692674897119344
economic_medium_capacity,robustness,1.0,0.0,31,0.036,True,rank,rank_average,13,0.002931911621637519,0.038114851081287746,0.5384615384615384,-0.016697913809792454,0.030384905910393806,0.01431245331758389,0.01746130766329325,0.05238392298987975,0.6666666666666666,-0.006330950569295932,0.030384905910393806,0.016844570968503274,0.0047789053951560415,0.03345233776609229,0.5714285714285714,-0.016697913809792454,0.030384905910393806,0.01738162392358261,0.002931911621637519,0.038114851081287746,0.5384615384615384,-0.016697913809792454,0.030384905910393806,0.01431245331758389,0.00853039834687616,-0.002214906910563995,-0.003300660394436586,0.0,0.0019203521698311784,neighbor,0.291440329218107,919.0,0.16362962962962962,1070.0,0.415761316872428,787.0,283.0,0.0,0.2525736625514403
economic_medium_capacity,robustness,1.0,0.0,32,0.035,True,rank,rank_average,13,0.002984299555919871,0.038795894226958325,0.5384615384615384,-0.016154605927387357,0.029757202794176117,0.013794006305154718,0.01644802502760275,0.049344075082808254,0.6666666666666666,-0.0065200307167553664,0.029757202794176117,0.016309094817390776,0.004620397434464503,0.03234278204125152,0.5714285714285714,-0.016154605927387357,0.029757202794176117,0.016629595050623648,0.002984299555919871,0.038795894226958325,0.5384615384615384,-0.016154605927387357,0.029757202794176117,0.013794006305154718,0.007890430795870963,-0.00212596484696449,-0.0030915076707019634,0.0,0.0017357619866090706,neighbor,0.26267489711934155,943.0,0.1734567901234568,1067.0,0.4430452674897119,735.0,332.0,0.0,0.24958230452674895
economic_medium_capacity,robustness,0.973,0.027000000000000024,30,0.033,True,rank,rank_average,13,0.0035257879156706954,0.04583524290371904,0.5384615384615384,-0.017910056075848536,0.04853744902415151,0.018772841906991217,0.016466238157339864,0.04939871447201959,1.0,0.001169771534390525,0.03015886387104335,0.011888961207001331,0.0009598992299486218,0.006719294609640353,0.5714285714285714,-0.016581125695382525,0.03015886387104335,0.016450687464498976,0.0035257879156706954,0.04583524290371904,0.5384615384615384,-0.017910056075848536,0.04853744902415151,0.018772841906991217,0.010771780356032594,-0.004353200346976947,-0.0033621578546361827,0.0,0.0018454483080779845,neighbor,0.34029218106995884,851.0,0.09845679012345679,1114.0,0.4374156378600823,743.0,371.0,0.0,0.24603477366255144
economic_medium_capacity,robustness,0.998,0.0020000000000000018,30,0.039,True,rank,rank_average,13,0.003734851872496059,0.048553074342448765,0.46153846153846156,-0.017855455145874263,0.04093150480575529,0.019184121529595796,0.02169141703783591,0.06507425111350773,1.0,0.0014118557971879164,0.03219080653794403,0.014342821006373744,0.0019186182721692643,0.01343032790518485,0.42857142857142855,-0.017855455145874263,0.03219080653794403,0.019858106406367,0.003734851872496059,0.048553074342448765,0.46153846153846156,-0.017855455145874263,0.04093150480575529,0.019184121529595796,0.013830020124638479,-0.004370116354430598,-0.003301896169277292,0.001,0.002070171264970029,neighbor,0.5183415637860083,556.0,0.07273251028806584,1143.0,0.4239670781893004,774.0,587.0,0.06,0.24366131687242804
economic_medium_capacity,robustness,1.0,0.0,30,0.033,True,rank,rank_average,13,0.003261599606144042,0.04240079487987255,0.5384615384615384,-0.015656883100779923,0.030255499163799895,0.013787765496690071,0.01599585025591151,0.04798755076773453,0.6666666666666666,-0.0070619092556668955,0.030255499163799895,0.016456048643429866,0.003955326575188267,0.02768728602631787,0.5714285714285714,-0.015656883100779923,0.030255499163799895,0.016418050377807084,0.003261599606144042,0.04240079487987255,0.5384615384615384,-0.015656883100779923,0.030255499163799895,0.013787765496690071,0.007453871258166152,-0.0023408067039714913,-0.002769198109293733,0.0,0.0015128057700852296,neighbor,0.24292181069958846,984.0,0.15859259259259256,1075.0,0.49462551440329217,604.0,471.0,0.0,0.24272921810699588
economic_medium_capacity,robustness,0.988,0.01200000000000001,30,0.039,True,rank,rank_average,13,0.0038090928931567005,0.049518207611037104,0.46153846153846156,-0.017855455145874263,0.04093150480575529,0.019109122364175772,0.021574195180042676,0.06472258554012802,1.0,0.0014118557971879164,0.03183914096456433,0.014257716523446875,0.0018683803331150215,0.01307866233180515,0.42857142857142855,-0.017855455145874263,0.03183914096456433,0.019781756960680904,0.0038090928931567005,0.049518207611037104,0.46153846153846156,-0.017855455145874263,0.04093150480575529,0.019109122364175772,0.013763203665696336,-0.0043987519796915165,-0.003259578787500726,0.001,0.0020369062572922433,neighbor,0.514588477366255,564.0,0.07038683127572017,1146.0,0.4333497942386831,754.0,582.0,0.06,0.24251193415637856
economic_medium_capacity,robustness,0.973,0.027000000000000024,30,0.03,True,rank,rank_average,13,0.0033913830119517664,0.044087979155372964,0.5384615384615384,-0.017172449748742775,0.04755101927069516,0.01835847192727635,0.015987839076312953,0.04796351722893886,1.0,0.0017222110558324302,0.027598155479084292,0.01072937198501263,0.0007486552657294879,0.005240586860106415,0.5714285714285714,-0.017172449748742775,0.027598155479084292,0.016040084272775968,0.0033913830119517664,0.044087979155372964,0.5384615384615384,-0.017172449748742775,0.04755101927069516,0.01835847192727635,0.010681397921923085,-0.004668746344190736,-0.0031953585618110713,0.0,0.0016923195296117423,neighbor,0.3315020576131687,870.0,0.08858024691358024,1126.0,0.4582551440329218,689.0,437.0,0.0,0.2412002057613169
short_aggressive_wide_capacity,robustness,0.6185,0.38149999999999995,35,0.03,True,rank,rank_average,13,0.002409608989469873,0.03132491686310835,0.5384615384615384,-0.01779716848122543,0.028316815447450877,0.01607381290187316,0.01502938379330223,0.04508815137990669,1.0,0.004516322191472882,0.027880854574634427,0.009680787209348852,0.0041082518257329675,0.02875776278013077,0.5714285714285714,-0.016179276813442455,0.027880854574634427,0.01640528270503711,0.002409608989469873,0.03132491686310835,0.5384615384615384,-0.01779716848122543,0.028316815447450877,0.01607381290187316,0.01105713508536832,-0.002426029236339647,-0.0039611269363450255,0.0,0.0027369718373427324,neighbor,0.3074650205761317,903.0,0.15487654320987654,1078.0,0.32163786008230455,933.0,175.0,0.0,0.2409261316872428
economic_medium_capacity,robustness,0.973,0.027000000000000024,31,0.033,True,rank,rank_average,13,0.0034425599018130314,0.044753278723569406,0.5384615384615384,-0.016674581619830688,0.04631474193285795,0.018171880912899126,0.015897766413852897,0.04769329924155869,1.0,0.00019750792036116183,0.0296157042794426,0.012091450576315553,0.0009796348852749426,0.006857444196924599,0.5714285714285714,-0.016548285220407414,0.0296157042794426,0.016096698349802707,0.0034425599018130314,0.044753278723569406,0.5384615384615384,-0.016674581619830688,0.04631474193285795,0.018171880912899126,0.010126904469615332,-0.004331113666699158,-0.003001891252049161,0.0,0.0016514769500241377,neighbor,0.3046131687242798,904.0,0.10075308641975309,1112.0,0.4756872427983539,646.0,466.0,0.0,0.23853724279835387
economic_medium_capacity,robustness,0.998,0.0020000000000000018,30,0.037,True,rank,rank_average,13,0.003998741717720022,0.05198364233036029,0.46153846153846156,-0.018615743519725496,0.04108824158658696,0.018609994730974758,0.020554989507933056,0.061664968523799164,1.0,0.00032933633192801237,0.030815165095259396,0.014302202546569156,0.0026871623647851802,0.01881013655349626,0.42857142857142855,-0.016678901574672906,0.030815165095259396,0.018752191432283124,0.003998741717720022,0.05198364233036029,0.46153846153846156,-0.018615743519725496,0.04108824158658696,0.018609994730974758,0.012825025009058084,-0.003543783543143078,-0.00340237412087054,0.001,0.002024951291078269,neighbor,0.46765020576131683,639.0,0.09602880658436214,1121.0,0.4334485596707819,752.0,482.0,0.06,0.235290329218107
short_aggressive_wide_capacity,robustness,0.6435,0.35650000000000004,35,0.03,True,rank,rank_average,13,0.0020881315343173573,0.027145709946125647,0.5384615384615384,-0.01981372154284888,0.02770384425289492,0.01619895649261096,0.015268648072838632,0.045805944218515894,1.0,0.005586417564930356,0.02752855203978616,0.009141393645545899,0.0037091334504043816,0.025963934152830673,0.5714285714285714,-0.016179276813442455,0.02752855203978616,0.016493474231747015,0.0020881315343173573,0.027145709946125647,0.5384615384615384,-0.01981372154284888,0.02770384425289492,0.01619895649261096,0.011546647197945036,-0.0026535267102769412,-0.004809831596117698,0.0,0.002703097120135736,neighbor,0.33529218106995884,861.0,0.1436172839506173,1086.0,0.2420082304526749,1051.0,225.0,0.0,0.23504588477366256
economic_medium_capacity,robustness,0.998,0.0020000000000000018,31,0.039,True,rank,rank_average,13,0.0035701194198210903,0.04641155245767417,0.46153846153846156,-0.017943462681570453,0.040518571905075726,0.018956488104793574,0.021257774998861712,0.06377332499658514,1.0,0.001516157438703647,0.0314111425407967,0.013961337982026352,0.0015833297914640396,0.011083308540248277,0.42857142857142855,-0.017943462681570453,0.0314111425407967,0.019642530613557915,0.0035701194198210903,0.04641155245767417,0.46153846153846156,-0.017943462681570453,0.040518571905075726,0.018956488104793574,0.013617263704123379,-0.00459027327521232,-0.0034248361540817674,0.001,0.0018675570846915426,neighbor,0.5069835390946502,584.0,0.06628806584362139,1149.0,0.4089053497942387,806.0,565.0,0.06,0.2339588477366255
economic_medium_capacity,robustness,0.988,0.01200000000000001,30,0.037,True,rank,rank_average,13,0.004092874320818763,0.05320736617064392,0.46153846153846156,-0.018615743519725496,0.04108824158658696,0.018512962394083655,0.020395272946923306,0.06118581884076992,1.0,0.00032933633192801237,0.030815165095259396,0.014192276520144466,0.0026187124100667167,0.01833098687046702,0.42857142857142855,-0.016678901574672906,0.030815165095259396,0.018651070183602892,0.004092874320818763,0.05320736617064392,0.46153846153846156,-0.018615743519725496,0.04108824158658696,0.018512962394083655,0.012733986569282527,-0.0035828000173326016,-0.003348718537104258,0.001,0.0019790268393477016,neighbor,0.4601440329218106,653.0,0.0941522633744856,1122.0,0.4433004115226337,734.0,469.0,0.06,0.23292119341563783
economic_medium_capacity,robustness,0.973,0.027000000000000024,32,0.033,True,rank,rank_average,13,0.003352492370273282,0.04358240081355266,0.5384615384615384,-0.01701445852423182,0.04413296996854155,0.01769998082465144,0.015705695693176838,0.04711708707953051,1.0,7.644828758300581e-05,0.02877673384535137,0.011855657544327993,0.001047106980019514,0.007329748860136598,0.5714285714285714,-0.016492476806935136,0.02877673384535137,0.01589527326386849,0.003352492370273282,0.04358240081355266,0.5384615384615384,-0.01701445852423182,0.04413296996854155,0.01769998082465144,0.009977474480013189,-0.0042742377962489,-0.0031653891234791924,0.0,0.0015927744151713922,neighbor,0.2912304526748971,920.0,0.10277777777777777,1110.0,0.4565514403292181,693.0,417.0,0.0,0.23122489711934158
economic_medium_capacity,robustness,0.998,0.0020000000000000018,31,0.037,True,rank,rank_average,13,0.00387593067600103,0.05038709878801339,0.46153846153846156,-0.01777971339657785,0.04172967019414962,0.018730750988182925,0.02035033483639004,0.06105100450917012,1.0,0.000509085457429545,0.030709291443343688,0.014034446136998094,0.0022092178428517193,0.015464524899962036,0.42857142857142855,-0.016771209124682506,0.030709291443343688,0.01874219947339478,0.00387593067600103,0.05038709878801339,0.46153846153846156,-0.01777971339657785,0.04172967019414962,0.018730750988182925,0.01276768905769407,-0.0038466734121483186,-0.003196486474011642,0.001,0.001896599616509139,neighbor,0.46076131687242794,652.0,0.08790534979423867,1128.0,0.4414238683127572,737.0,476.0,0.06,0.23007551440329216
economic_medium_capacity,robustness,0.988,0.01200000000000001,31,0.037,True,rank,rank_average,13,0.003980545899472925,0.051747096693148024,0.46153846153846156,-0.01777971339657785,0.04172967019414962,0.01864362313360756,0.020229712897086232,0.06068913869125869,1.0,0.000509085457429545,0.030709291443343688,0.01395375335135216,0.0021575227260072294,0.015102659082050607,0.42857142857142855,-0.016771209124682506,0.030709291443343688,0.01866628202455451,0.003980545899472925,0.051747096693148024,0.46153846153846156,-0.01777971339657785,0.04172967019414962,0.01864362313360756,0.012698934552290899,-0.0038761396287496776,-0.0031368557966326618,0.001,0.0018647826184841057,neighbor,0.4565390946502057,656.0,0.08743621399176954,1130.0,0.4522139917695473,710.0,474.0,0.06,0.22979403292181066
economic_medium_capacity,robustness,0.988,0.01200000000000001,31,0.039,True,rank,rank_average,13,0.003554098380342515,0.0462032789444527,0.46153846153846156,-0.017943462681570453,0.040518571905075726,0.018800219338998937,0.020865810571475494,0.06259743171442649,1.0,0.001516157438703647,0.030846025017084784,0.013684542837954486,0.001415345036869947,0.009907415258089629,0.42857142857142855,-0.017943462681570453,0.030846025017084784,0.019390128585485597,0.003554098380342515,0.0462032789444527,0.46153846153846156,-0.017943462681570453,0.040518571905075726,0.018800219338998937,0.013393843980513236,-0.004686024585330952,-0.003433968146584555,0.001,0.001733731306818683,neighbor,0.49384773662551434,606.0,0.06347325102880659,1156.0,0.4074979423868313,810.0,550.0,0.06,0.22722674897119338
economic_medium_capacity,robustness,0.998,0.0020000000000000018,32,0.037,True,rank,rank_average,13,0.0037444069488950463,0.0486772903356356,0.46153846153846156,-0.01700507546400365,0.04121144955715375,0.018540028360381634,0.0199887616084711,0.0599662848254133,1.0,0.0006526567495963725,0.0304758864755814,0.013689036805492796,0.0018459377467343785,0.01292156422714065,0.42857142857142855,-0.01700507546400365,0.0304758864755814,0.018585617810128297,0.0037444069488950463,0.0486772903356356,0.46153846153846156,-0.01700507546400365,0.04121144955715375,0.018540028360381634,0.012608970844195329,-0.00413091895891118,-0.0030158244807125664,0.001,0.0017323011340612156,neighbor,0.451477366255144,662.0,0.07949794238683128,1137.0,0.46441152263374486,673.0,475.0,0.06,0.2260267489711934
economic_medium_capacity,robustness,0.988,0.01200000000000001,32,0.037,True,rank,rank_average,13,0.0038082828877683645,0.04950767754098874,0.46153846153846156,-0.01700507546400365,0.04121144955715375,0.018476887677152727,0.019890203401567094,0.05967061020470128,1.0,0.0006526567495963725,0.030475886475581394,0.013625889948939013,0.0018036985152040902,0.01262588960642863,0.42857142857142855,-0.01700507546400365,0.030475886475581394,0.0185244613469721,0.0038082828877683645,0.04950767754098874,0.46153846153846156,-0.01700507546400365,0.04121144955715375,0.018476887677152727,0.012552792666260047,-0.004154995320883445,-0.002979415195554775,0.001,0.0017044568927732534,neighbor,0.447724279835391,667.0,0.07902880658436214,1138.0,0.47144855967078186,653.0,485.0,0.06,0.22536995884773664
economic_medium_capacity,robustness,0.998,0.0020000000000000018,32,0.039,True,rank,rank_average,13,0.003395041227176173,0.04413553595329025,0.46153846153846156,-0.017957849666380088,0.039792069594450974,0.01873561275753133,0.020882877820452533,0.0626486334613576,1.0,0.0015798303958673154,0.030977731203364257,0.013654114669302457,0.0013182720576909337,0.009227904403836536,0.42857142857142855,-0.017957849666380088,0.030977731203364257,0.019457866769254404,0.003395041227176173,0.04413553595329025,0.46153846153846156,-0.017957849666380088,0.039792069594450974,0.01873561275753133,0.013424584388294157,-0.004746103888450169,-0.00352937842887655,0.001,0.0017046802411836044,neighbor,0.49567489711934154,604.0,0.06051028806584362,1159.0,0.38870781893004114,838.0,555.0,0.06,0.2238057613168724
economic_medium_capacity,robustness,0.973,0.027000000000000024,30,0.039,True,rank,rank_average,13,0.0032584470235127983,0.04235981130566638,0.46153846153846156,-0.017855455145874263,0.04093150480575529,0.019126038694524113,0.020981047033212002,0.062943141099636,1.0,0.0014118557971879164,0.03216498661130313,0.013884598127485749,0.0011555288560010399,0.008088701992007279,0.42857142857142855,-0.017855455145874263,0.03216498661130313,0.019637390915412504,0.0032584470235127983,0.04235981130566638,0.46153846153846156,-0.017855455145874263,0.04093150480575529,0.019126038694524113,0.013425109222002855,-0.004805077321646486,-0.0035734469331977505,0.001,0.001671741854080561,neighbor,0.49253909465020573,609.0,0.060065843621399176,1161.0,0.3798683127572016,852.0,552.0,0.06,0.22102551440329216
economic_medium_capacity,robustness,0.973,0.027000000000000024,30,0.037,True,rank,rank_average,13,0.0035508246513050777,0.04616072046696601,0.46153846153846156,-0.018615743519725496,0.04108824158658696,0.018592617659745788,0.020118571904154715,0.06035571571246415,1.0,0.00032933633192801237,0.03156806132854914,0.014050575532965258,0.0018919780122482782,0.013243846085737948,0.42857142857142855,-0.016678901574672902,0.03156806132854914,0.0186524973567332,0.0035508246513050777,0.04616072046696601,0.46153846153846156,-0.018615743519725496,0.04108824158658696,0.018592617659745788,0.01257626697490443,-0.003997038624089112,-0.003657686848727059,0.001,0.0016831863818126138,neighbor,0.45263786008230444,661.0,0.08611522633744856,1131.0,0.3921646090534979,831.0,470.0,0.06,0.2186316872427983
economic_medium_capacity,robustness,0.998,0.0020000000000000018,32,0.036,True,rank,rank_average,13,0.003819268039067116,0.04965048450787251,0.46153846153846156,-0.017569111068789972,0.04123037443354696,0.01825424216870778,0.01934226936770476,0.05802680810311429,1.0,0.00013879228143154343,0.03013796985046853,0.013613857995085833,0.002130307330529112,0.014912151313703784,0.42857142857142855,-0.01665992340278997,0.03013796985046853,0.018042717737671472,0.003819268039067116,0.04965048450787251,0.46153846153846156,-0.017569111068789972,0.04123037443354696,0.01825424216870778,0.012070894992464123,-0.0038549281159476682,-0.0031592854088939738,0.001,0.001619747533475103,neighbor,0.423477366255144,704.0,0.08867078189300412,1125.0,0.4480658436213992,720.0,421.0,0.06,0.21650267489711933
economic_medium_capacity,robustness,1.0,0.0,32,0.033,True,rank,rank_average,13,0.002940586382546297,0.03822762297310186,0.5384615384615384,-0.015070339550189094,0.0291791094664344,0.01317612689035811,0.01486458963691376,0.04459376891074128,0.6666666666666666,-0.007064279612836597,0.0291791094664344,0.01574546603116528,0.003813884160789556,0.026697189125526894,0.5714285714285714,-0.015070339550189094,0.0291791094664344,0.015632676298322417,0.002940586382546297,0.03822762297310186,0.5384615384615384,-0.015070339550189094,0.0291791094664344,0.01317612689035811,0.006808270487471434,-0.0022278695084837832,-0.002758616275049474,0.0,0.0013069744749134502,neighbor,0.1891687242798354,1087.0,0.1588395061728395,1074.0,0.4577860082304527,690.0,397.0,0.0,0.21581316872427983
economic_medium_capacity,robustness,1.0,0.0,31,0.033,True,rank,rank_average,13,0.0029174614436474813,0.03792699876741726,0.5384615384615384,-0.015256843142653086,0.02961577447916957,0.013347132993579444,0.015062901320987218,0.04518870396296165,0.6666666666666666,-0.006996053655936533,0.02961577447916957,0.015861114673962163,0.0036702885431567724,0.025692019802097406,0.5714285714285714,-0.015256843142653086,0.02961577447916957,0.01589231128181703,0.0029174614436474813,0.03792699876741726,0.5384615384615384,-0.015256843142653086,0.02961577447916957,0.013347132993579444,0.0069438227131703245,-0.002371265196047587,-0.002833343675734916,0.0,0.0012854581956864787,neighbor,0.19702057613168725,1066.0,0.1528641975308642,1080.0,0.4538847736625514,701.0,379.0,0.0,0.21567983539094648
economic_medium_capacity,robustness,0.988,0.01200000000000001,32,0.036,True,rank,rank_average,13,0.0039007762282750632,0.050710090967575824,0.46153846153846156,-0.017569111068789972,0.04123037443354696,0.01818114206372014,0.01923087622107252,0.05769262866321756,1.0,0.00013879228143154343,0.03013796985046853,0.01354580411022188,0.0020825674105438654,0.014577971873807057,0.42857142857142855,-0.01665992340278997,0.03013796985046853,0.017975182041235285,0.0039007762282750632,0.050710090967575824,0.46153846153846156,-0.017569111068789972,0.04123037443354696,0.01818114206372014,0.012007400898883743,-0.003882139870339259,-0.003112825741045444,0.001,0.001589073556744014,neighbor,0.4183168724279835,717.0,0.08820164609053498,1127.0,0.4536954732510288,704.0,423.0,0.06,0.21507181069958847
economic_medium_capacity,robustness,0.973,0.027000000000000024,31,0.037,True,rank,rank_average,13,0.0035176102624291435,0.04572893341157887,0.46153846153846156,-0.01777971339657785,0.04172967019414962,0.01869807359298454,0.01989664371776822,0.059689931153304655,1.0,0.000509085457429545,0.03129357029107444,0.013779423613649047,0.0015428304208648508,0.010799812946053956,0.42857142857142855,-0.01677120912468251,0.03129357029107444,0.01862283919780895,0.0035176102624291435,0.04572893341157887,0.46153846153846156,-0.01777971339657785,0.04172967019414962,0.01869807359298454,0.012509085120079633,-0.004226514242680835,-0.003400729109747617,0.001,0.0015915932723633347,neighbor,0.4457489711934156,672.0,0.07764609053497942,1142.0,0.40999176954732514,804.0,470.0,0.06,0.2147390946502058
economic_medium_capacity,robustness,0.948,0.052000000000000046,30,0.033,True,rank,rank_average,13,0.0028548911311922745,0.03711358470549957,0.5384615384615384,-0.0219930203921253,0.04853744902415151,0.01913031644289594,0.015948583793980214,0.047845751381940645,1.0,0.001169771534390525,0.02854439974851833,0.011281745494864173,0.0009091516613362079,0.0063640616293534555,0.5714285714285714,-0.016581125695382525,0.02854439974851833,0.016033838939053868,0.0028548911311922745,0.03711358470549957,0.5384615384615384,-0.0219930203921253,0.04853744902415151,0.01913031644289594,0.010476717368917594,-0.004382126461086024,-0.005091947246160214,0.0,0.0014549379531542948,neighbor,0.31965020576131686,887.0,0.09798765432098766,1115.0,0.27227983539094647,1014.0,228.0,0.0,0.2127965020576132
economic_medium_capacity,robustness,0.973,0.027000000000000024,31,0.036,True,rank,rank_average,13,0.0035944559563699766,0.04672792743280969,0.46153846153846156,-0.017852229870200416,0.04157215329421461,0.018176028475173505,0.019093343595158175,0.05728003078547453,1.0,0.00027259512918653,0.03107057926573649,0.013472297682140932,0.0018638176376961,0.0130467234638727,0.42857142857142855,-0.01610852981865648,0.03107057926573649,0.017838991347776896,0.0035944559563699766,0.04672792743280969,0.46153846153846156,-0.017852229870200416,0.04157215329421461,0.018176028475173505,0.011973162241871713,-0.0038248673580984324,-0.0033808575004967895,0.001,0.0015609459605298724,neighbor,0.41715637860082305,723.0,0.09707818930041151,1118.0,0.41493004115226334,789.0,395.0,0.06,0.21278724279835393
economic_medium_capacity,robustness,0.988,0.01200000000000001,30,0.03,True,rank,rank_average,13,0.0037815208513530337,0.04915977106758944,0.46153846153846156,-0.017172449748742775,0.04755101927069516,0.01899729774167761,0.01863054120153909,0.055891623604617274,1.0,0.0017222110558324302,0.02840416707739654,0.012004435237245266,0.001292491411836064,0.009047439882852448,0.42857142857142855,-0.017172449748742775,0.02840416707739654,0.017538161420336346,0.0037815208513530337,0.04915977106758944,0.46153846153846156,-0.017172449748742775,0.04755101927069516,0.01899729774167761,0.012187738133301984,-0.0045016168837671315,-0.0030499030702754257,0.001,0.0013918821950842713,neighbor,0.4220452674897119,709.0,0.07076954732510288,1145.0,0.46576954732510284,670.0,475.0,0.06,0.21052983539094644
short_aggressive_compact_capacity,robustness,0.8955,0.10450000000000004,30,0.033333,True,equal,rank_average,13,0.006027558953229396,0.07835826639198215,0.6153846153846154,-0.025102024545577015,0.06467515006677045,0.01988284031837201,0.004980713234826738,0.014942139704480216,0.6666666666666666,-0.001009552262101818,0.01373639252338367,0.00632963174196535,0.004728426062433856,0.03309898243703699,0.7142857142857143,-0.00773935784920822,0.01373639252338367,0.007149820155017487,0.006027558953229396,0.07835826639198215,0.6153846153846154,-0.025102024545577015,0.06467515006677045,0.01988284031837201,0.003172520964024307,0.000855500479634299,-0.004232574881315044,0.0,0.001019097369247901,neighbor,0.019909465020576132,1210.0,0.3822798353909465,831.0,0.5346008230452675,510.0,700.0,0.05,0.21017983539094653
short_aggressive_medium_capacity,robustness,0.8955,0.10450000000000004,30,0.033333,True,equal,rank_average,13,0.006027558953229396,0.07835826639198215,0.6153846153846154,-0.025102024545577015,0.06467515006677045,0.01988284031837201,0.004980713234826738,0.014942139704480216,0.6666666666666666,-0.001009552262101818,0.01373639252338367,0.00632963174196535,0.004728426062433856,0.03309898243703699,0.7142857142857143,-0.00773935784920822,0.01373639252338367,0.007149820155017487,0.006027558953229396,0.07835826639198215,0.6153846153846154,-0.025102024545577015,0.06467515006677045,0.01988284031837201,0.003172520964024307,0.000855500479634299,-0.004232574881315044,0.0,0.001019097369247901,neighbor,0.019909465020576132,1210.0,0.3822798353909465,831.0,0.5346008230452675,510.0,700.0,0.05,0.21017983539094653
economic_medium_capacity,robustness,0.988,0.01200000000000001,32,0.039,True,rank,rank_average,13,0.003277274987370857,0.04260457483582114,0.46153846153846156,-0.017957849666380084,0.039792069594450974,0.018498885638195586,0.020204909745692706,0.06061472923707811,1.0,0.0015798303958673154,0.030091071862126027,0.01317824541421417,0.0010277143113652917,0.007194000179557042,0.42857142857142855,-0.017957849666380084,0.030091071862126027,0.019023131992932846,0.003277274987370857,0.04260457483582114,0.46153846153846156,-0.017957849666380084,0.039792069594450974,0.018498885638195586,0.013038142585681055,-0.004911721803855784,-0.003596505185565578,0.001,0.0014655064447024833,neighbor,0.4703415637860082,634.0,0.05622633744855966,1164.0,0.37597942386831273,856.0,530.0,0.06,0.20983539094650205
economic_medium_capacity,robustness,0.973,0.027000000000000024,32,0.037,True,rank,rank_average,13,0.00332863928201818,0.04327231066623634,0.46153846153846156,-0.01700507546400365,0.04121144955715375,0.018430428593570934,0.019257730638830867,0.057773191916492606,1.0,0.0006526567495963725,0.030809553277860613,0.013283344632859982,0.0011470174915073489,0.008029122440551442,0.42857142857142855,-0.01700507546400365,0.030809553277860613,0.018278258968041982,0.00332863928201818,0.04327231066623634,0.46153846153846156,-0.01700507546400365,0.04121144955715375,0.018430428593570934,0.012192283191500397,-0.004529303504390587,-0.0032528120508323803,0.001,0.0013508048919995386,neighbor,0.42848971193415636,695.0,0.06964609053497942,1147.0,0.4259423868312757,768.0,452.0,0.06,0.20662798353909467
economic_medium_capacity,robustness,0.973,0.027000000000000024,31,0.039,True,rank,rank_average,13,0.003033932530705393,0.03944112289917011,0.46153846153846156,-0.017943462681570453,0.040518571905075726,0.018821189670753524,0.020298550380155007,0.060895651140465024,1.0,0.001516157438703647,0.031420664105146115,0.013356141857997397,0.0007921408783988336,0.005544986148791835,0.42857142857142855,-0.017943462681570453,0.031420664105146115,0.019237759186249793,0.003033932530705393,0.03944112289917011,0.46153846153846156,-0.017943462681570453,0.040518571905075726,0.018821189670753524,0.013070505671460557,-0.005041250955659487,-0.0037304626808777152,0.001,0.0014000699364057965,neighbor,0.4736748971193415,629.0,0.0531522633744856,1170.0,0.3507325102880658,901.0,541.0,0.06,0.20599835390946503
economic_medium_capacity,robustness,0.998,0.0020000000000000018,30,0.03,True,rank,rank_average,13,0.00373960410293786,0.04861485333819218,0.46153846153846156,-0.017172449748742775,0.04755101927069516,0.01893612256174156,0.018409507801074594,0.05522852340322378,1.0,0.0017222110558324302,0.02840416707739654,0.011876454058401058,0.0011977628116369937,0.008384339681458956,0.42857142857142855,-0.017172449748742775,0.02840416707739654,0.01740702178954784,0.00373960410293786,0.04861485333819218,0.46153846153846156,-0.017172449748742775,0.04755101927069516,0.01893612256174156,0.012061749095037221,-0.004555612185880601,-0.003073795616872075,0.001,0.0013136048118378074,neighbor,0.4136008230452675,727.0,0.06936213991769546,1148.0,0.45920164609053493,684.0,464.0,0.06,0.20553353909465022
economic_medium_capacity,robustness,1.0,0.0,35,0.033,True,rank,rank_average,13,0.0025575146441621202,0.03324769037410756,0.5384615384615384,-0.015057094080659146,0.027102789437580863,0.012617425827362033,0.014097966628994046,0.042293899886982136,0.6666666666666666,-0.006646623542161459,0.027102789437580863,0.014825287366283158,0.003932951905865582,0.02753066334105907,0.5714285714285714,-0.015057094080659146,0.027102789437580863,0.014864583192886591,0.0025575146441621202,0.03324769037410756,0.5384615384615384,-0.015057094080659146,0.027102789437580863,0.012617425827362033,0.006509121876279992,-0.0021556298888455658,-0.0029725961609835716,0.0,0.0011877258763839564,neighbor,0.16729218106995886,1132.0,0.1614567901234568,1073.0,0.4228724279835391,777.0,355.0,0.0,0.20300329218106994
economic_medium_capacity,robustness,0.948,0.052000000000000046,31,0.033,True,rank,rank_average,13,0.0028847431893915853,0.03750166146209061,0.5384615384615384,-0.020799547046369105,0.04631474193285795,0.018508092185741447,0.015439664717141597,0.04631899415142479,1.0,0.00019750792036116183,0.02888213870830958,0.011779393151059536,0.0008613460563199714,0.0060294223942398,0.5714285714285714,-0.016548285220407414,0.02888213870830958,0.01580139111722022,0.0028847431893915853,0.03750166146209061,0.5384615384615384,-0.020799547046369105,0.04631474193285795,0.018508092185741447,0.009865786502489891,-0.004398538299203491,-0.004681085368887062,0.0,0.0012648095610213257,neighbor,0.2788106995884774,930.0,0.09793827160493826,1117.0,0.2930205761316872,977.0,187.0,0.0,0.19954958847736623
economic_medium_capacity,robustness,0.973,0.027000000000000024,32,0.035,True,rank,rank_average,13,0.00355246615327738,0.04618205999260594,0.46153846153846156,-0.01735331687176426,0.04137243767681936,0.017658986293469483,0.017825923413026832,0.0534777702390805,1.0,0.00016132317155276993,0.03006652330247396,0.012797007035024593,0.0017252858150804966,0.012077000705563477,0.42857142857142855,-0.01590728760687949,0.03006652330247396,0.01695344336297319,0.00355246615327738,0.04618205999260594,0.46153846153846156,-0.01735331687176426,0.04137243767681936,0.017658986293469483,0.011214012992037708,-0.00383742056710292,-0.0032401503987756377,0.001,0.001272743381802424,neighbor,0.3668600823045267,805.0,0.10028806584362139,1113.0,0.43826337448559666,742.0,371.0,0.06,0.1976131687242798
economic_medium_capacity,robustness,0.973,0.027000000000000024,32,0.036,True,rank,rank_average,13,0.0034064490990930963,0.04428383828821025,0.46153846153846156,-0.017569111068789972,0.04123037443354696,0.01813772773999453,0.018653886975522775,0.055961660926568325,1.0,0.00013879228143154343,0.030402803195887063,0.013249238154483076,0.0013994467357103097,0.009796127149972168,0.42857142857142855,-0.01665992340278997,0.030402803195887063,0.017737738985386897,0.0034064490990930963,0.04428383828821025,0.46153846153846156,-0.017569111068789972,0.04123037443354696,0.01813772773999453,0.01167851702892039,-0.004271518654994386,-0.0033945922046791648,0.001,0.0012400345861188072,neighbor,0.3995514403292181,748.0,0.077880658436214,1141.0,0.41006584362139914,803.0,393.0,0.06,0.1963767489711934
economic_medium_capacity,robustness,0.988,0.01200000000000001,31,0.042,True,rank,rank_average,13,0.0027368915690826976,0.03557959039807507,0.46153846153846156,-0.019979843364166788,0.03885993834254306,0.018878264452446746,0.0207416019760211,0.0622248059280633,1.0,0.002542560402371663,0.03124001838382689,0.012919255515391626,0.00027643121976646257,0.001935018538365238,0.42857142857142855,-0.019979843364166788,0.03124001838382689,0.019927127000675997,0.0027368915690826976,0.03557959039807507,0.46153846153846156,-0.019979843364166788,0.03885993834254306,0.018878264452446746,0.013661758059114675,-0.006007211086336728,-0.0045717816542594405,0.001,0.0010756909866554269,neighbor,0.499156378600823,599.0,0.035016460905349794,1198.0,0.26595473251028806,1023.0,599.0,0.06,0.19531316872427984
stable_compact_capacity,robustness,1.0,0.0,30,0.033333,True,equal,rank_average,13,0.001077262851992101,0.014004417075897314,0.5384615384615384,-0.030357650548897774,0.025278637108058714,0.013081181900961511,0.006122461084934537,0.01836738325480361,0.6666666666666666,-0.0014676281804083535,0.012165076352737537,0.005672075754772127,0.005847351793966562,0.04093146255776594,0.5714285714285714,-0.009529251242377232,0.025278637108058714,0.010836317170613043,0.001077262851992101,0.014004417075897314,0.5384615384615384,-0.030357650548897774,0.025278637108058714,0.013081181900961511,0.003672152185544596,0.0007597661840050252,-0.00886552331703923,0.0,0.0004809271594642154,neighbor,0.025687242798353906,1204.0,0.38083950617283946,840.0,0.08590946502057614,1214.0,374.0,0.0,0.19453909465020575
economic_medium_capacity,robustness,0.998,0.0020000000000000018,32,0.042,True,rank,rank_average,13,0.0025820861637242563,0.03356712012841533,0.46153846153846156,-0.020074259146321476,0.03807530246924154,0.01881744969129766,0.020788086102743603,0.06236425830823081,1.0,0.002401199323967651,0.032261175085416385,0.013134052131580903,0.0003411763034117229,0.0023882341238820604,0.42857142857142855,-0.020074259146321476,0.032261175085416385,0.020012177013842575,0.0025820861637242563,0.03356712012841533,0.46153846153846156,-0.020074259146321476,0.03807530246924154,0.01881744969129766,0.013641604855473177,-0.0060014635967699775,-0.0046911779434248,0.001,0.0010523066321290611,neighbor,0.5014773662551439,595.0,0.035201646090534985,1197.0,0.25063374485596707,1042.0,602.0,0.06,0.19402674897119337
economic_medium_capacity,robustness,0.948,0.052000000000000046,32,0.033,True,rank,rank_average,13,0.002708034137299753,0.03520444378489679,0.5384615384615384,-0.020546230291615203,0.04413296996854155,0.018038395474587243,0.015140819703760777,0.04542245911128233,1.0,7.644828758300581e-05,0.028387656008217015,0.011629236032860662,0.0007126769624675872,0.00498873873727311,0.5714285714285714,-0.016492476806935136,0.028387656008217015,0.01567106515017716,0.002708034137299753,0.03520444378489679,0.5384615384615384,-0.020546230291615203,0.04413296996854155,0.018038395474587243,0.009655495166046035,-0.0044648629062534985,-0.004698214999510619,0.0,0.0011482775086777467,neighbor,0.2626131687242798,944.0,0.09620987654320988,1120.0,0.28302057613168724,995.0,176.0,0.0,0.19079279835390947
economic_medium_capacity,robustness,0.998,0.0020000000000000018,35,0.037,True,rank,rank_average,13,0.003141180005928616,0.040835340077072006,0.46153846153846156,-0.017722362979339597,0.039528151108958604,0.017933725440961168,0.018793027017173346,0.056379081051520036,1.0,0.0007466967347031644,0.02821794024753755,0.012764897937315417,0.0008896690476264223,0.006227683333384956,0.42857142857142855,-0.017722362979339597,0.02821794024753755,0.018040314606870455,0.003141180005928616,0.040835340077072006,0.46153846153846156,-0.017722362979339597,0.039528151108958604,0.017933725440961168,0.011958435322240852,-0.004912696997463579,-0.0035963687182642957,0.001,0.0010332051722980865,neighbor,0.4181440329218107,718.0,0.05632510288065844,1163.0,0.3727078189300411,861.0,445.0,0.06,0.18851008230452676
economic_medium_capacity,robustness,1.0,0.0,30,0.037,True,rank,rank_average,13,0.002827397280015039,0.03675616464019551,0.46153846153846156,-0.01720523327155513,0.030815165095201193,0.014813076320976067,0.018380839796782063,0.05514251939034619,0.6666666666666666,-0.006193112801466758,0.030815165095201193,0.017376825015967448,0.0048745012488126144,0.0341215087416883,0.42857142857142855,-0.01720523327155513,0.030815165095201193,0.018065668704779055,0.002827397280015039,0.03675616464019551,0.46153846153846156,-0.01720523327155513,0.030815165095201193,0.014813076320976067,0.00910001812634841,-0.002470689839218574,-0.003604572068466159,0.001,0.000987511012621082,neighbor,0.3273662551440329,876.0,0.13858436213991768,1094.0,0.36362139917695474,881.0,218.0,0.06,0.18785267489711932
economic_medium_capacity,robustness,0.973,0.027000000000000024,32,0.039,True,rank,rank_average,13,0.002762863570640158,0.035917226418322054,0.46153846153846156,-0.017957849666380084,0.039792069594450974,0.018417318867569133,0.019409062829640167,0.0582271884889205,1.0,0.0015798303958673154,0.02993150475984259,0.0126753369556138,0.00039323250875415716,0.0027526275612791,0.42857142857142855,-0.017957849666380084,0.02993150475984259,0.01867679472489858,0.002762863570640158,0.035917226418322054,0.46153846153846156,-0.017957849666380084,0.039792069594450974,0.018417318867569133,0.012584509843531107,-0.00527337643134413,-0.003889719693102077,0.001,0.0010773265893422724,neighbor,0.4464156378600823,670.0,0.044967078189300416,1181.0,0.3173374485596708,944.0,511.0,0.06,0.18640205761316875
economic_medium_capacity,robustness,0.998,0.0020000000000000018,35,0.036,True,rank,rank_average,13,0.0032815038750325836,0.042659550375423586,0.46153846153846156,-0.017403966914513215,0.040182648725112916,0.017839559736374296,0.0182876289903145,0.0548628869709435,1.0,0.0003141325353698404,0.028529684899711763,0.012750443874318805,0.0010752801287033762,0.0075269609009236335,0.42857142857142855,-0.017403966914513215,0.028529684899711763,0.017615364940449973,0.0032815038750325836,0.042659550375423586,0.46153846153846156,-0.017403966914513215,0.040182648725112916,0.017839559736374296,0.011527612261151312,-0.0047018279798570085,-0.003411313411482327,0.001,0.0009835253018025216,neighbor,0.3882181069958847,768.0,0.06313991769547325,1157.0,0.405917695473251,813.0,389.0,0.06,0.18458786008230454
economic_medium_capacity,robustness,0.948,0.052000000000000046,30,0.035,True,rank,rank_average,13,0.002969985071552677,0.0386098059301848,0.46153846153846156,-0.020247880875928506,0.04470878579027748,0.018764387368019764,0.018370827658657284,0.05511248297597185,1.0,0.001230683296022106,0.030883835265564652,0.012540206041618075,0.0013407702296559109,0.009385391607591376,0.42857142857142855,-0.016276093775085265,0.030883835265564652,0.017336061459872012,0.002969985071552677,0.0386098059301848,0.46153846153846156,-0.020247880875928506,0.04470878579027748,0.018764387368019764,0.011877497253121948,-0.00417830048630284,-0.0045273707367329205,0.001,0.0011916580719025637,neighbor,0.402835390946502,743.0,0.0856954732510288,1132.0,0.2847818930041152,992.0,389.0,0.06,0.18241440329218106
economic_medium_capacity,robustness,0.998,0.0020000000000000018,30,0.042,True,rank,rank_average,13,0.00302973471648994,0.03938655131436922,0.46153846153846156,-0.0198218789536644,0.03875316753258547,0.01937510051767017,0.022181101972197432,0.0665433059165923,1.0,0.0026794367670798236,0.034588209748533584,0.013959274267864526,0.0008719719194156628,0.00610380343590964,0.42857142857142855,-0.0198218789536644,0.034588209748533584,0.020834828271401106,0.00302973471648994,0.03938655131436922,0.46153846153846156,-0.0198218789536644,0.03875316753258547,0.01937510051767017,0.014527442257288876,-0.005615624632070896,-0.004352732804771525,0.001,0.0016310358977679185,neighbor,0.5619711934156378,502.0,0.04648559670781893,1180.0,0.3019917695473251,961.0,678.0,0.11,0.18100576131687246
economic_medium_capacity,robustness,0.988,0.01200000000000001,32,0.042,True,rank,rank_average,13,0.0024793272454751466,0.03223125419117691,0.46153846153846156,-0.020074259146321473,0.038075302469241554,0.018557343749492704,0.02010879457884514,0.06032638373653543,1.0,0.002401199323967651,0.03035930821867052,0.012572987258462143,5.0051364598097114e-05,0.0003503595521866798,0.42857142857142855,-0.020074259146321473,0.03035930821867052,0.0195579549440937,0.0024793272454751466,0.03223125419117691,0.46153846153846156,-0.020074259146321473,0.038075302469241554,0.018557343749492704,0.013254408686851054,-0.006167404811893743,-0.004749750526826791,0.001,0.0008139687303642187,neighbor,0.4766131687242798,624.0,0.0318559670781893,1201.0,0.23884362139917692,1063.0,577.0,0.06,0.1808069958847736
economic_medium_capacity,robustness,0.988,0.01200000000000001,35,0.036,True,rank,rank_average,13,0.003299440911571334,0.04289273185042734,0.46153846153846156,-0.017403966914513215,0.040182648725112916,0.017743360428230447,0.018054589055442063,0.05416376716632619,1.0,0.0003141325353698404,0.028413623296061577,0.012603158106952153,0.0009754058709009036,0.006827841096306325,0.42857142857142855,-0.017403966914513215,0.028413623296061577,0.01747214522172177,0.003299440911571334,0.04289273185042734,0.46153846153846156,-0.017403966914513215,0.040182648725112916,0.017743360428230447,0.011394779498274023,-0.004758756306804418,-0.0034010893006552394,0.001,0.0009063080661493353,neighbor,0.378835390946502,784.0,0.0612633744855967,1158.0,0.4068559670781893,812.0,374.0,0.06,0.1801310699588477
economic_medium_capacity,robustness,0.988,0.01200000000000001,35,0.037,True,rank,rank_average,13,0.0030385581378271705,0.03950125579175322,0.46153846153846156,-0.017722362979339597,0.03952815110895862,0.01773107270471803,0.018174915758666033,0.0545247472759981,1.0,0.0007466967347031644,0.028109315364289317,0.012363824156871431,0.0006247642225518597,0.004373349557863018,0.42857142857142855,-0.017722362979339597,0.028109315364289317,0.017656211383625164,0.0030385581378271705,0.03950125579175322,0.46153846153846156,-0.017722362979339597,0.03952815110895862,0.01773107270471803,0.011606111904891681,-0.005063692747756079,-0.003654863183082119,0.001,0.0008155535480041196,neighbor,0.39187242798353905,762.0,0.0506954732510288,1175.0,0.3614485596707819,886.0,413.0,0.06,0.17377921810699587
economic_medium_capacity,robustness,0.998,0.0020000000000000018,35,0.039,True,rank,rank_average,13,0.0027007959687705397,0.035110347594017016,0.46153846153846156,-0.018745868768808016,0.03875390577189712,0.018043184422009407,0.018908996141451063,0.05672698842435319,1.0,0.001348342035305837,0.028508031963158063,0.012435237928955366,0.0003170202530639688,0.0022191417714477815,0.42857142857142855,-0.018745868768808016,0.028508031963158063,0.01843295979001119,0.0027007959687705397,0.035110347594017016,0.46153846153846156,-0.018745868768808016,0.03875390577189712,0.018043184422009407,0.012223080672278033,-0.005576863720888755,-0.004185144529968977,0.001,0.0007518719150159266,neighbor,0.42671193415637854,698.0,0.037386831275720164,1194.0,0.2993868312757202,968.0,496.0,0.06,0.1724168724279835
economic_medium_capacity,robustness,1.0,0.0,31,0.037,True,rank,rank_average,13,0.002408720198058006,0.031313362574754075,0.46153846153846156,-0.01729623347775223,0.030709291443343695,0.014848521125888435,0.01804621050830516,0.05413863152491547,0.6666666666666666,-0.006403287526825112,0.030709291443343695,0.017292109963742714,0.004312390830172345,0.030186735811206414,0.42857142857142855,-0.01729623347775223,0.030709291443343695,0.018104359515349566,0.002408720198058006,0.031313362574754075,0.46153846153846156,-0.01729623347775223,0.030709291443343695,0.014848521125888435,0.008839921772548318,-0.0028211228458885716,-0.0038732480732267117,0.001,0.0006854762173854631,neighbor,0.31220576131687244,893.0,0.11396707818930041,1102.0,0.32041152263374484,939.0,209.0,0.06,0.1642292181069959
economic_medium_capacity,robustness,1.0,0.0,35,0.03,True,rank,rank_average,13,0.0017523086920206228,0.022780012996268098,0.5384615384615384,-0.013960072000484935,0.023454928920059737,0.011089714010198579,0.010421386917144213,0.03126416075143264,0.6666666666666666,-0.007097646029917394,0.023454928920059737,0.012869982667069523,0.0026808427909651295,0.018765899536755906,0.5714285714285714,-0.013620509137370194,0.023454928920059737,0.01241553146804508,0.0017523086920206228,0.022780012996268098,0.5384615384615384,-0.013960072000484935,0.023454928920059737,0.011089714010198579,0.004264634019566128,-0.002395259053053469,-0.003069546267246736,0.0,0.00016755509386537977,neighbor,0.07442798353909465,1203.0,0.17355555555555557,1066.0,0.3745267489711934,857.0,346.0,0.0,0.1640502057613169
economic_medium_capacity,robustness,1.0,0.0,32,0.03,True,rank,rank_average,13,0.0018329501056292747,0.02382835137318057,0.5384615384615384,-0.015070968789733026,0.02624232132538161,0.012102870249432489,0.011798560025423016,0.035395680076269045,0.6666666666666666,-0.0077241662224809896,0.02624232132538161,0.014324279686174331,0.002339106996894351,0.016373748978260456,0.5714285714285714,-0.015070968789733026,0.02624232132538161,0.0139755060345345,0.0018329501056292747,0.02382835137318057,0.5384615384615384,-0.015070968789733026,0.02624232132538161,0.012102870249432489,0.004842871027739059,-0.003068700140953547,-0.003390176601941674,0.0,4.770685737527614e-05,neighbor,0.11615637860082305,1183.0,0.13886419753086418,1093.0,0.36321810699588475,882.0,301.0,0.0,0.16343415637860081
economic_medium_capacity,robustness,0.948,0.052000000000000046,30,0.036,True,rank,rank_average,13,0.00239427584449964,0.03112558597849532,0.46153846153846156,-0.019340968875127658,0.04186834983043622,0.01837698928034169,0.018118650795546185,0.054355952386638554,1.0,0.0007312176609839613,0.030818963472684535,0.012722550468732738,0.0004470906184541071,0.0031296343291787494,0.42857142857142855,-0.016580964968989073,0.030818963472684535,0.017587805981208196,0.00239427584449964,0.03112558597849532,0.46153846153846156,-0.019340968875127658,0.04186834983043622,0.01837698928034169,0.011568932781586033,-0.004788305358676126,-0.004556244035888871,0.001,0.0007893990958468262,neighbor,0.38844032921810695,766.0,0.06443621399176955,1154.0,0.2511028806584362,1041.0,388.0,0.06,0.16203786008230453
economic_medium_capacity,robustness,0.948,0.052000000000000046,31,0.035,True,rank,rank_average,13,0.002626365501396656,0.034142751518156524,0.46153846153846156,-0.019677608257548114,0.0428007529518169,0.018278268669523347,0.01756087337265329,0.05268262011795988,1.0,0.0005940495789617736,0.030424709343894484,0.012519130622269678,0.0007426141593318612,0.005198299115323029,0.42857142857142855,-0.01607191244899781,0.030424709343894484,0.017012227366530394,0.002626365501396656,0.034142751518156524,0.46153846153846156,-0.019677608257548114,0.0428007529518169,0.018278268669523347,0.011205734183469762,-0.004451869608778688,-0.004535043927656322,0.001,0.0007986957602890475,neighbor,0.36406995884773663,810.0,0.08053497942386831,1136.0,0.2647818930041152,1025.0,326.0,0.06,0.16158600823045266
economic_medium_capacity,robustness,0.988,0.01200000000000001,35,0.039,True,rank,rank_average,13,0.0026275404152261675,0.034158025397940175,0.46153846153846156,-0.018745868768808016,0.03875390577189712,0.017842862427189812,0.01835100866938783,0.05505302600816349,1.0,0.001348342035305837,0.026932503749161896,0.012022879034310605,7.788276503686853e-05,0.0005451793552580797,0.42857142857142855,-0.018745868768808016,0.026932503749161896,0.018073068698413196,0.0026275404152261675,0.034158025397940175,0.46153846153846156,-0.018745868768808016,0.03875390577189712,0.017842862427189812,0.011905027813201987,-0.005713172089064203,-0.004226900195489269,0.001,0.0005570486558785135,neighbor,0.40325514403292173,741.0,0.03551028806584362,1196.0,0.2928189300411523,978.0,455.0,0.06,0.16120452674897118
economic_medium_capacity,robustness,0.973,0.027000000000000024,35,0.036,True,rank,rank_average,13,0.0029113483419541193,0.03784752844540355,0.46153846153846156,-0.017403966914513215,0.040182648725112916,0.017684733097704543,0.017465112638013727,0.052395337914041176,1.0,0.0003141325353698404,0.028648150074633616,0.012313038948679269,0.0004683934951613296,0.003278754466129307,0.42857142857142855,-0.017403966914513215,0.028648150074633616,0.01720500046640583,0.0029113483419541193,0.03784752844540355,0.46153846153846156,-0.017403966914513215,0.040182648725112916,0.017684733097704543,0.01105877794033987,-0.005047753360975975,-0.003622302065337052,0.001,0.0006086768538962018,neighbor,0.35725514403292175,823.0,0.05281893004115226,1171.0,0.36181893004115223,884.0,348.0,0.06,0.16094341563786008
economic_medium_capacity,robustness,0.998,0.0020000000000000018,31,0.042,True,rank,rank_average,13,0.002854983212770851,0.037114781766021065,0.46153846153846156,-0.01997984336416679,0.03885993834254306,0.01916037737115985,0.02147729410746461,0.06443188232239383,1.0,0.002542560402371663,0.03344709477815742,0.013543886206853373,0.0005917278475279667,0.004142094932695767,0.42857142857142855,-0.01997984336416679,0.03344709477815742,0.02042577517536097,0.002854983212770851,0.037114781766021065,0.46153846153846156,-0.01997984336416679,0.03885993834254306,0.01916037737115985,0.014081102574037475,-0.005827492008512672,-0.0045044694173571945,0.001,0.0013343992131807088,neighbor,0.526835390946502,545.0,0.03976954732510288,1189.0,0.27633744855967074,1008.0,644.0,0.11,0.16008106995884774
economic_medium_capacity,robustness,0.988,0.01200000000000001,30,0.042,True,rank,rank_average,13,0.002884814536601502,0.037502588975819526,0.46153846153846156,-0.0198218789536644,0.03875316753258547,0.019044469118001756,0.021322480203829163,0.06396744061148749,1.0,0.0026794367670798236,0.03201234444342877,0.013229881901558663,0.0005039911615435466,0.0035279381308048266,0.42857142857142855,-0.0198218789536644,0.03201234444342877,0.020250646276843833,0.002884814536601502,0.037502588975819526,0.46153846153846156,-0.0198218789536644,0.03875316753258547,0.019044469118001756,0.014038027849318964,-0.005825373664058002,-0.004435337307307935,0.001,0.001328492394805294,neighbor,0.5220946502057613,548.0,0.04038683127572017,1188.0,0.2832263374485597,994.0,640.0,0.11,0.15949588477366256
economic_medium_capacity,robustness,1.0,0.0,32,0.036,True,rank,rank_average,13,0.002528353978838827,0.03286860172490475,0.46153846153846156,-0.016768657987496275,0.03013796985046853,0.014276332035827153,0.017119116603807726,0.051357349811423175,0.6666666666666666,-0.0065306660102595684,0.03013796985046853,0.016751312553205253,0.0042374760861155405,0.02966233260280878,0.42857142857142855,-0.016768657987496275,0.03013796985046853,0.01731247621707251,0.002528353978838827,0.03286860172490475,0.46153846153846156,-0.016768657987496275,0.03013796985046853,0.014276332035827153,0.008269443347451413,-0.002689724338216485,-0.0036309569063971785,0.001,0.0005527578508235705,neighbor,0.2802304526748971,928.0,0.11880658436213992,1101.0,0.34342386831275723,909.0,192.0,0.06,0.1570687242798354
economic_medium_capacity,robustness,0.973,0.027000000000000024,35,0.037,True,rank,rank_average,13,0.0026494660594641203,0.034443058773033566,0.46153846153846156,-0.017722362979339597,0.03952815110895862,0.017649293164783537,0.017525333640813805,0.05257600092244141,1.0,0.0007466967347031644,0.02787006945721915,0.011971233558972784,0.0001403436558134146,0.0009824055906939022,0.42857142857142855,-0.017722362979339597,0.02787006945721915,0.017334785848236285,0.0026494660594641203,0.034443058773033566,0.46153846153846156,-0.017722362979339597,0.03952815110895862,0.017649293164783537,0.011235850097715914,-0.005339812470796993,-0.0038766456677490576,0.001,0.00050992757706536,neighbor,0.36653909465020573,807.0,0.044127572016460906,1182.0,0.32157201646090533,934.0,375.0,0.06,0.15470884773662552
economic_medium_capacity,robustness,1.0,0.0,30,0.039,True,rank,rank_average,13,0.0016946145521331622,0.022029989177731107,0.46153846153846156,-0.019017514431006452,0.03219080653794403,0.01577923799820257,0.019104690858039803,0.05731407257411941,0.6666666666666666,-0.006348322742200398,0.03219080653794403,0.01800039341323645,0.0038516481368689737,0.026961536958082816,0.42857142857142855,-0.018452348065505466,0.03219080653794403,0.019412196849153678,0.0016946145521331622,0.022029989177731107,0.46153846153846156,-0.019017514431006452,0.03219080653794403,0.01577923799820257,0.00946139395082322,-0.0034652639950300606,-0.004848311005977766,0.001,0.0004979421316690963,neighbor,0.3530946502057613,833.0,0.0919670781893004,1124.0,0.20401646090534978,1099.0,291.0,0.06,0.15322551440329218
economic_medium_capacity,robustness,0.998,0.0020000000000000018,35,0.033,True,rank,rank_average,13,0.003478349642816723,0.0452185453566174,0.46153846153846156,-0.016482673649155927,0.04080741163760708,0.01705774245156649,0.016102208396596193,0.04830662518978858,0.6666666666666666,-0.0006338982393550158,0.027102789437580863,0.012027833033146048,0.0014925685942043813,0.010447980159430669,0.42857142857142855,-0.016482673649155927,0.027102789437580863,0.016017633977765105,0.003478349642816723,0.0452185453566174,0.46153846153846156,-0.016482673649155927,0.04080741163760708,0.01705774245156649,0.00963573903373934,-0.0041599467769535305,-0.002995084546277463,0.001,0.0005330568819250281,neighbor,0.2578724279835391,949.0,0.08417695473251029,1133.0,0.45342386831275716,706.0,427.0,0.06,0.14904218106995887
economic_medium_capacity,robustness,1.0,0.0,32,0.037,True,rank,rank_average,13,0.0020509311354038056,0.026662104760249473,0.46153846153846156,-0.017355003318878136,0.0304758864755814,0.014724758931618504,0.017583514547350847,0.05275054364205254,0.6666666666666666,-0.006563084433764389,0.0304758864755814,0.017087316181391234,0.0038497276783415906,0.026948093748391133,0.42857142857142855,-0.017355003318878136,0.0304758864755814,0.017968258996921886,0.0020509311354038056,0.026662104760249473,0.46153846153846156,-0.017355003318878136,0.0304758864755814,0.014724758931618504,0.0085234520955144,-0.00310423489000365,-0.004096581886511155,0.001,0.00039798785472744446,neighbor,0.293761316872428,913.0,0.10181893004115226,1111.0,0.2885349794238683,985.0,198.0,0.06,0.14660329218107
economic_medium_capacity,robustness,0.948,0.052000000000000046,31,0.036,True,rank,rank_average,13,0.002258625643359509,0.02936213336367362,0.46153846153846156,-0.01925031205496683,0.04157215329421461,0.018205015263481866,0.01732379026459382,0.05197137079378146,1.0,0.00027259512918653,0.03000909580182897,0.01252625541415808,6.923689408672757e-05,0.000484658258607093,0.42857142857142855,-0.016289957967904247,0.03000909580182897,0.017226136947906576,0.002258625643359509,0.02936213336367362,0.46153846153846156,-0.01925031205496683,0.04157215329421461,0.018205015263481866,0.010964516843450033,-0.004907649671207538,-0.004603647899885672,0.001,0.00048681720035376966,neighbor,0.3524156378600823,834.0,0.06478189300411522,1151.0,0.2403374485596708,1057.0,317.0,0.06,0.14616872427983538
economic_medium_capacity,robustness,0.988,0.01200000000000001,35,0.033,True,rank,rank_average,13,0.0035034586941532293,0.04554496302399198,0.46153846153846156,-0.016482673649155927,0.04080741163760708,0.01698168498731231,0.015915828384656206,0.04774748515396862,0.6666666666666666,-0.0006338982393550158,0.02694452361442152,0.011916478191378567,0.0014126914462301002,0.009888840123610701,0.42857142857142855,-0.016482673649155927,0.02694452361442152,0.015909005193496962,0.0035034586941532293,0.04554496302399198,0.46153846153846156,-0.016482673649155927,0.04080741163760708,0.01698168498731231,0.009529502426933546,-0.004205476751298871,-0.0029807723870156544,0.001,0.00047222057463657896,neighbor,0.24942798353909465,960.0,0.08323868312757202,1134.0,0.45623868312757193,694.0,440.0,0.06,0.14566440329218105
economic_medium_capacity,robustness,0.948,0.052000000000000046,32,0.035,True,rank,rank_average,13,0.002298727057646202,0.029883451749400627,0.46153846153846156,-0.01942790098982726,0.04137243767681935,0.017903659155405927,0.016651195257161553,0.04995358577148466,1.0,0.00016132317155276993,0.029582200773635187,0.012271814811777965,0.00016927126382388497,0.0011848988467671948,0.42857142857142855,-0.016090657020368545,0.029582200773635187,0.016648461033063295,0.002298727057646202,0.029883451749400627,0.46153846153846156,-0.01942790098982726,0.04137243767681935,0.017903659155405927,0.010544417943194499,-0.004784860767770577,-0.0046393944422461995,0.001,0.0003686706654441104,neighbor,0.3330823045267489,865.0,0.07134979423868312,1144.0,0.2405349794238683,1056.0,279.0,0.06,0.14142057613168724
economic_medium_capacity,robustness,1.0,0.0,31,0.039,True,rank,rank_average,13,0.001430765152493615,0.018599946982416994,0.46153846153846156,-0.019074822386531576,0.031475181896453965,0.015750122067581324,0.01874304474048971,0.056229134221469135,0.6666666666666666,-0.006657190215781532,0.031475181896453965,0.017960697409159926,0.003451699631977802,0.024161897423844614,0.42857142857142855,-0.01854063526495284,0.031475181896453965,0.019382326820452083,0.001430765152493615,0.018599946982416994,0.46153846153846156,-0.019074822386531576,0.031475181896453965,0.015750122067581324,0.009153329397537895,-0.003722369418635662,-0.005017616789095599,0.001,0.00023362300226477048,neighbor,0.33986008230452674,852.0,0.08149794238683127,1135.0,0.1905102880658436,1114.0,283.0,0.06,0.1411946502057613
economic_medium_capacity,robustness,0.948,0.052000000000000046,30,0.03,True,rank,rank_average,13,0.002559145906033594,0.033268896778436724,0.46153846153846156,-0.021216848209525872,0.04755101927069516,0.018987931201080444,0.01618619495095809,0.04855858485287427,1.0,0.0017222110558324302,0.026914183389833278,0.010618446655266458,0.0003654094191506324,0.002557865934054427,0.42857142857142855,-0.017172449748742775,0.026914183389833278,0.016143508498591835,0.002559145906033594,0.033268896778436724,0.46153846153846156,-0.021216848209525872,0.04755101927069516,0.018987931201080444,0.010794460770470814,-0.0050300536195978275,-0.005081308281165929,0.001,0.0002920639371944145,neighbor,0.339477366255144,856.0,0.054818930041152264,1167.0,0.22947325102880656,1073.0,311.0,0.06,0.1348804526748971
economic_medium_capacity,robustness,1.0,0.0,32,0.039,True,rank,rank_average,13,0.0012333697056000359,0.016033806172800466,0.46153846153846156,-0.019045552068662146,0.030977731203364257,0.01564785326415412,0.01828614219043302,0.05485842657129905,0.6666666666666666,-0.006977809610784383,0.030977731203364257,0.017864377947633434,0.0030906722909177903,0.021634706036424534,0.42857142857142855,-0.01856270262325901,0.030977731203364257,0.019233889144833722,0.0012333697056000359,0.016033806172800466,0.46153846153846156,-0.019045552068662146,0.030977731203364257,0.01564785326415412,0.00878709054365464,-0.003935437231280905,-0.005120472988928027,0.001,-2.4181484953755177e-05,neighbor,0.3183292181069958,890.0,0.07841152263374485,1140.0,0.1874485596707819,1120.0,250.0,0.06,0.13073415637860078
economic_medium_capacity,robustness,1.0,0.0,30,0.042,True,rank,rank_average,13,0.00029621849373771077,0.00385084041859024,0.46153846153846156,-0.02094129676576839,0.034588209748533584,0.016837112813168305,0.019170439595092195,0.057511318785276586,0.6666666666666666,-0.007199986160937217,0.034588209748533584,0.018735595852169655,0.0022938969951033566,0.016057278965723495,0.42857142857142855,-0.020340560813109476,0.034588209748533584,0.02085177900729668,0.00029621849373771077,0.00385084041859024,0.46153846153846156,-0.02094129676576839,0.034588209748533584,0.016837112813168305,0.009217821802759934,-0.004976292352545785,-0.006280244929734613,0.001,-0.0004942395770018216,neighbor,0.35047736625514403,839.0,0.06460905349794238,1153.0,0.14186831275720163,1175.0,336.0,0.06,0.13054526748971193
economic_medium_capacity,robustness,0.973,0.027000000000000024,35,0.033,True,rank,rank_average,13,0.0032536476951432786,0.04229742003686262,0.46153846153846156,-0.016482673649155927,0.04080741163760708,0.016918815166147166,0.015469607902172606,0.04640882370651782,0.6666666666666666,-0.0006338982393550158,0.027164984776701748,0.011769117128061014,0.0011026283779558153,0.007718398645690707,0.42857142857142855,-0.016482673649155927,0.027164984776701748,0.015673725557737248,0.0032536476951432786,0.04229742003686262,0.46153846153846156,-0.016482673649155927,0.04080741163760708,0.016918815166147166,0.009275156751917894,-0.004382212700215213,-0.0031231646564513263,0.001,0.0002695922872026132,neighbor,0.22362551440329217,1020.0,0.07854732510288066,1139.0,0.4280905349794238,762.0,377.0,0.06,0.12901008230452674
economic_medium_capacity,robustness,1.0,0.0,35,0.035,True,rank,rank_average,13,0.0019493804533121167,0.025341945893057518,0.46153846153846156,-0.016403231404107946,0.02826441644251066,0.013537860096266298,0.01554018021576753,0.04662054064730259,0.6666666666666666,-0.006649640628123506,0.02826441644251066,0.015746868776387795,0.0035578938741597003,0.024905257119117903,0.42857142857142855,-0.016270416301104186,0.02826441644251066,0.01621841562273166,0.0019493804533121167,0.025341945893057518,0.46153846153846156,-0.016403231404107946,0.02826441644251066,0.013537860096266298,0.0073301879823734015,-0.002912666442521924,-0.003840381043429255,0.001,4.5318137300106535e-05,neighbor,0.22003292181069958,1025.0,0.11223868312757201,1106.0,0.3055473251028807,956.0,150.0,0.06,0.12435267489711935
economic_medium_capacity,robustness,1.0,0.0,35,0.036,True,rank,rank_average,13,0.0015780086670825007,0.02051411267207251,0.46153846153846156,-0.017373087598207944,0.028799323562298543,0.013984139007141023,0.016026442070365833,0.0480793262110975,0.6666666666666666,-0.006739066887062939,0.028799323562298543,0.016137611382129567,0.00325781774321079,0.022804724202475528,0.42857142857142855,-0.016887769243277027,0.028799323562298543,0.016852593614847356,0.0015780086670825007,0.02051411267207251,0.46153846153846156,-0.017373087598207944,0.028799323562298543,0.013984139007141023,0.0075778465740444206,-0.00328743630807984,-0.004372115505633135,0.001,-0.00010402503486312996,neighbor,0.24669958847736623,971.0,0.09673251028806584,1119.0,0.25636213991769546,1036.0,148.0,0.06,0.12066378600823047
economic_medium_capacity,robustness,1.0,0.0,31,0.042,True,rank,rank_average,13,5.208527595484104e-05,0.0006771085874129334,0.46153846153846156,-0.02045443699938824,0.03344709477815742,0.016527355605929665,0.018394592066838838,0.05518377620051651,0.6666666666666666,-0.007442558063909515,0.03344709477815742,0.01835251830780085,0.0018770143492186522,0.013139100444530566,0.42857142857142855,-0.02045443699938824,0.03344709477815742,0.020460944181562902,5.208527595484104e-05,0.0006771085874129334,0.46153846153846156,-0.02045443699938824,0.03344709477815742,0.016527355605929665,0.008695539983674663,-0.0052514946021720585,-0.006258737140965398,0.001,-0.000823767148652371,neighbor,0.32124279835390945,884.0,0.06011522633744855,1160.0,0.15036213991769548,1165.0,281.0,0.06,0.11810329218106996
economic_medium_capacity,robustness,1.0,0.0,35,0.037,True,rank,rank_average,13,0.0012610459216212107,0.016393596981075738,0.46153846153846156,-0.01804468611841744,0.028806783503333697,0.014423342148921575,0.016407867050695992,0.04922360115208797,0.6666666666666666,-0.006997626420525049,0.028806783503333697,0.016559941540726802,0.0029348878293899835,0.020544214805729884,0.42857142857142855,-0.01745278602498503,0.028806783503333697,0.017477288215220328,0.0012610459216212107,0.016393596981075738,0.46153846153846156,-0.01804468611841744,0.028806783503333697,0.014423342148921575,0.0077099341667901155,-0.003657961896921341,-0.004774411782215203,0.001,-0.0002782709542308375,neighbor,0.25726748971193414,950.0,0.08779423868312757,1129.0,0.21154732510288063,1088.0,179.0,0.06,0.11414650205761318
economic_medium_capacity,robustness,1.0,0.0,30,0.03,True,rank,rank_average,13,0.002270796886796068,0.02952035952834888,0.46153846153846156,-0.017121700538770147,0.028404167077396535,0.013926566149399118,0.015398967285294662,0.04619690185588399,0.6666666666666666,-0.007309410491507358,0.028404167077396535,0.01611373436843254,0.002873271441371685,0.020112900089601794,0.42857142857142855,-0.017121700538770147,0.028404167077396535,0.01668050204597578,0.002270796886796068,0.02952035952834888,0.46153846153846156,-0.017121700538770147,0.028404167077396535,0.013926566149399118,0.007031972557087195,-0.00358382502764086,-0.0038942684907819288,0.001,-0.0003840725132207984,neighbor,0.20758847736625513,1048.0,0.09302880658436213,1123.0,0.31465843621399175,946.0,177.0,0.06,0.1120971193415638
economic_medium_capacity,robustness,0.973,0.027000000000000024,31,0.03,True,rank,rank_average,13,0.0031419735809801773,0.040845656552742304,0.46153846153846156,-0.01732621787952808,0.04264806277538957,0.017052221455934748,0.014466977854675003,0.04340093356402501,0.6666666666666666,-0.00029777997243552595,0.02655589377765035,0.011125048191384974,0.0006251199768862534,0.004375839838203773,0.42857142857142855,-0.01732621787952808,0.02655589377765035,0.015207685382019076,0.0031419735809801773,0.040845656552742304,0.46153846153846156,-0.01732621787952808,0.04264806277538957,0.017052221455934748,0.008814576652927694,-0.004932762084847674,-0.0034651884975471048,0.001,-0.00021369055164244136,neighbor,0.18671193415637857,1091.0,0.05605349794238683,1165.0,0.3954485596707819,828.0,337.0,0.06,0.09922613168724279
economic_medium_capacity,robustness,1.0,0.0,35,0.039,True,rank,rank_average,13,0.0003924409475265602,0.0051017323178452825,0.46153846153846156,-0.0187570799129313,0.028508031963158063,0.014823059236063335,0.016166195798947573,0.04849858739684272,0.6666666666666666,-0.007413659713955325,0.028508031963158063,0.016679564190901153,0.0019759208034479717,0.013831445624135803,0.42857142857142855,-0.0187570799129313,0.028508031963158063,0.01806056054514507,0.0003924409475265602,0.0051017323178452825,0.46153846153846156,-0.0187570799129313,0.028508031963158063,0.014823059236063335,0.007434890566461526,-0.004634990084730557,-0.005504606569638729,0.001,-0.0009374802969899498,neighbor,0.24786008230452672,968.0,0.06532510288065843,1150.0,0.19502880658436214,1109.0,182.0,0.06,0.09779465020576131
economic_medium_capacity,robustness,0.998,0.0020000000000000018,35,0.035,True,rank,rank_average,13,0.003387588769175038,0.04403865399927549,0.38461538461538464,-0.01721780952530908,0.040653415003701385,0.017715398016005048,0.01770221960529515,0.05310665881588545,0.6666666666666666,-0.00016352245954064787,0.02826441644251066,0.012702841079160516,0.001260275014448185,0.008821925101137294,0.2857142857142857,-0.01721780952530908,0.02826441644251066,0.017177807401043035,0.003387588769175038,0.04403865399927549,0.38461538461538464,-0.01721780952530908,0.040653415003701385,0.017715398016005048,0.010702969430036485,-0.004677806099402246,-0.003366336160306841,0.002,-0.0003287753967624427,neighbor,0.30883539094650203,900.0,0.0647037037037037,1152.0,0.42088888888888887,778.0,374.0,0.12,0.09578415637860083
economic_medium_capacity,robustness,0.988,0.01200000000000001,35,0.035,True,rank,rank_average,13,0.003445816387818531,0.044795613041640904,0.38461538461538464,-0.01721780952530908,0.040653415003701385,0.01764772924739699,0.017586653995113822,0.05275996198534147,0.6666666666666666,-0.00016352245954064787,0.02813869822191628,0.012625734422274305,0.0012107468957990447,0.008475228270593313,0.2857142857142857,-0.01721780952530908,0.02813869822191628,0.017105983160633942,0.003445816387818531,0.044795613041640904,0.38461538461538464,-0.01721780952530908,0.040653415003701385,0.01764772924739699,0.01063709703223313,-0.004706037127032256,-0.0033331464176800498,0.002,-0.00036284985692327056,neighbor,0.3041440329218107,905.0,0.06423456790123457,1155.0,0.42839506172839503,761.0,394.0,0.12,0.09482242798353907
economic_medium_capacity,robustness,1.0,0.0,31,0.03,True,rank,rank_average,13,0.0015660062392489973,0.020358081110236965,0.46153846153846156,-0.016265185585563016,0.02715144679195885,0.012900624410889723,0.013170755835976565,0.039512267507929695,0.6666666666666666,-0.0073212179469506235,0.02715144679195885,0.014807402576406703,0.0021321281793471518,0.014924897255430062,0.42857142857142855,-0.016265185585563016,0.02715144679195885,0.015455568661114685,0.0015660062392489973,0.020358081110236965,0.46153846153846156,-0.016265185585563016,0.02715144679195885,0.012900624410889723,0.005757995570679602,-0.00372362675243649,-0.004013349225325405,0.001,-0.0009744361941233905,neighbor,0.14726748971193415,1149.0,0.09796707818930041,1116.0,0.2888312757201646,984.0,165.0,0.06,0.08631687242798353
economic_medium_capacity,robustness,0.998,0.0020000000000000018,32,0.03,True,rank,rank_average,13,0.0029225231350801326,0.03799280075604172,0.46153846153846156,-0.017510559426176325,0.03896508944517718,0.016467414081857343,0.014030451487980933,0.0420913544639428,0.6666666666666666,-0.0010284918348072367,0.02624232132538161,0.0113138170151333,0.00043241020514954084,0.003026871436046786,0.42857142857142855,-0.017510559426176325,0.02624232132538161,0.0150680569351321,0.0029225231350801326,0.03799280075604172,0.46153846153846156,-0.017510559426176325,0.03896508944517718,0.016467414081857343,0.00832462170932941,-0.005103439365131522,-0.003651107962104051,0.001,-0.0005143652248930286,neighbor,0.17250205761316872,1123.0,0.0502880658436214,1176.0,0.35648559670781893,889.0,287.0,0.06,0.08510329218106996
economic_medium_capacity,robustness,0.988,0.01200000000000001,32,0.03,True,rank,rank_average,13,0.002919068570514089,0.03794789141668316,0.46153846153846156,-0.017510559426176325,0.03896508944517718,0.01646879048349437,0.014030451487980933,0.0420913544639428,0.6666666666666666,-0.0010284918348072367,0.02624232132538161,0.0113138170151333,0.00043241020514954084,0.003026871436046786,0.42857142857142855,-0.017510559426176325,0.02624232132538161,0.0150680569351321,0.002919068570514089,0.03794789141668316,0.46153846153846156,-0.017510559426176325,0.03896508944517718,0.01646879048349437,0.00832462170932941,-0.005103439365131522,-0.0036530770639066957,0.001,-0.0005146605901634252,neighbor,0.17250205761316872,1123.0,0.0502880658436214,1176.0,0.35601646090534983,890.0,286.0,0.06,0.0850329218106996
economic_medium_capacity,robustness,0.973,0.027000000000000024,35,0.035,True,rank,rank_average,13,0.003108600719669991,0.040411809355709885,0.38461538461538464,-0.01721780952530908,0.040653415003701385,0.017603976378004146,0.01712297567767471,0.05136892703302413,0.6666666666666666,-0.00016352245954064787,0.028380729108824,0.012408408344014462,0.0007364829677049356,0.0051553807739345495,0.2857142857142857,-0.01721780952530908,0.028380729108824,0.01689401978624745,0.003108600719669991,0.040411809355709885,0.38461538461538464,-0.01721780952530908,0.040653415003701385,0.017603976378004146,0.010372800391292836,-0.004976367566045898,-0.003525359348524718,0.002,-0.0006190491504822276,neighbor,0.2900699588477366,922.0,0.05532098765432098,1166.0,0.3899259259259259,836.0,330.0,0.12,0.07941131687242797
economic_medium_capacity,robustness,0.973,0.027000000000000024,30,0.042,True,rank,rank_average,13,0.002342796476651338,0.030456354196467396,0.46153846153846156,-0.0198218789536644,0.03875316753258547,0.019013596353386193,0.020579177512574983,0.06173753253772495,1.0,0.0026794367670798236,0.030260337760938012,0.012671104238887586,-0.00012648657527817832,-0.0008854060269472483,0.42857142857142855,-0.0198218789536644,0.030260337760938012,0.019976788676224776,0.002342796476651338,0.030456354196467396,0.46153846153846156,-0.0198218789536644,0.03875316753258547,0.019013596353386193,0.013614345315304081,-0.006184745974046385,-0.0047442876014795275,0.0025,-0.00054904070242117,neighbor,0.4962921810699588,602.0,0.03194238683127572,1200.0,0.2349053497942387,1067.0,598.0,0.18,0.06812674897119342
economic_medium_capacity,robustness,0.988,0.01200000000000001,31,0.03,True,rank,rank_average,13,0.003364647239699153,0.04374041411608899,0.38461538461538464,-0.01732621787952808,0.04264806277538957,0.017197533587147193,0.0155119018274816,0.0465357054824448,0.6666666666666666,-0.00029777997243552595,0.02715144679195885,0.0115875664229813,0.0006379233494065365,0.0044654634458457555,0.2857142857142857,-0.01732621787952808,0.02715144679195885,0.01575126852160986,0.003364647239699153,0.04374041411608899,0.38461538461538464,-0.01732621787952808,0.04264806277538957,0.017197533587147193,0.009410183317427455,-0.005068321305368256,-0.0034151875890003655,0.002,-0.0010289493987947877,neighbor,0.22799588477366256,1010.0,0.052753086419753084,1172.0,0.41318518518518516,794.0,378.0,0.12,0.05691502057613168
economic_medium_capacity,robustness,0.998,0.0020000000000000018,31,0.03,True,rank,rank_average,13,0.0033713644485775717,0.04382773783150843,0.38461538461538464,-0.01732621787952808,0.04264806277538957,0.01719464197301015,0.015511901827481597,0.04653570548244479,0.6666666666666666,-0.00029777997243552595,0.02715144679195885,0.011587566422981302,0.0006379233494065345,0.004465463445845742,0.2857142857142857,-0.01732621787952808,0.02715144679195885,0.01575126852160986,0.0033713644485775717,0.04382773783150843,0.38461538461538464,-0.01732621787952808,0.04264806277538957,0.01719464197301015,0.009410183317427451,-0.0050683213053682565,-0.0034113587799396664,0.002,-0.0010283750774356844,neighbor,0.2275267489711934,1011.0,0.05228395061728395,1173.0,0.4141234567901234,791.0,382.0,0.12,0.05665699588477366
economic_medium_capacity,robustness,0.973,0.027000000000000024,31,0.042,True,rank,rank_average,13,0.002187231625881889,0.028434011136464557,0.46153846153846156,-0.019979843364166788,0.03885993834254306,0.018785754807266877,0.019847276313251113,0.05954182893975334,1.0,0.002542560402371663,0.0294818519938971,0.012262534980633564,-0.0003748278339620157,-0.00262379483773411,0.42857142857142855,-0.019979843364166788,0.0294818519938971,0.0195248537116038,0.002187231625881889,0.028434011136464557,0.46153846153846156,-0.019979843364166788,0.03885993834254306,0.018785754807266877,0.01315199243133578,-0.00637842874696196,-0.004885087821883903,0.0025,-0.000842259136881155,neighbor,0.4691316872427983,636.0,0.02844855967078189,1204.0,0.21528806584362137,1085.0,568.0,0.18,0.05274773662551441
economic_medium_capacity,robustness,0.973,0.027000000000000024,32,0.042,True,rank,rank_average,13,0.0019425266599432463,0.025252846579262203,0.46153846153846156,-0.020074259146321473,0.038075302469241554,0.018370669394752955,0.01902293636679034,0.057068809100371015,1.0,0.002401199323967651,0.028466258715640166,0.011789658135044685,-0.0006327326934670387,-0.004429128854269271,0.42857142857142855,-0.020074259146321473,0.028466258715640166,0.018998979043076097,0.0019425266599432463,0.025252846579262203,0.46153846153846156,-0.020074259146321473,0.038075302469241554,0.018370669394752955,0.012635469505979817,-0.00655659172499087,-0.005055726860579974,0.0025,-0.0011546375029409606,neighbor,0.4418971193415637,674.0,0.0252880658436214,1207.0,0.19521399176954732,1108.0,533.0,0.18,0.03742057613168723
economic_medium_capacity,robustness,0.948,0.052000000000000046,30,0.042,True,rank,rank_average,13,0.0014555027048278489,0.018921535162762036,0.46153846153846156,-0.020075858325168207,0.03875316753258547,0.018812287942172004,0.01871665244694973,0.05614995734084919,1.0,0.0026794367670798236,0.02715873728886778,0.011345294115276973,-0.001554023853840013,-0.010878166976880092,0.42857142857142855,-0.020075858325168207,0.02715873728886778,0.01930381120554962,0.0014555027048278489,0.018921535162762036,0.46153846153846156,-0.020075858325168207,0.03875316753258547,0.018812287942172004,0.012552706027897688,-0.007082255415422887,-0.005333858244015173,0.0025,-0.0014660112623835,neighbor,0.43483539094650203,683.0,0.018510288065843622,1212.0,0.16638683127572018,1138.0,529.0,0.18,0.027221810699588483
economic_medium_capacity,robustness,0.948,0.052000000000000046,30,0.039,True,rank,rank_average,13,0.0017920537680224942,0.023296698984292423,0.46153846153846156,-0.01828332919751499,0.04093150480575529,0.01877048688763835,0.01805565100165522,0.05416695300496566,1.0,0.0014118557971879164,0.028070640967889728,0.011849852343924643,-0.0010634441232100188,-0.007444108862470131,0.42857142857142855,-0.01828332919751499,0.028070640967889728,0.018439364666105185,0.0017920537680224942,0.023296698984292423,0.46153846153846156,-0.01828332919751499,0.04093150480575529,0.01877048688763835,0.011757633484015487,-0.00621109035683823,-0.004550489525868664,0.0025,-0.001274510695851308,neighbor,0.3926131687242798,759.0,0.0277201646090535,1205.0,0.2313251028806584,1071.0,446.0,0.18,0.02421810699588478
economic_medium_capacity,robustness,0.948,0.052000000000000046,30,0.037,True,rank,rank_average,13,0.0020342134615604643,0.02644477500028604,0.46153846153846156,-0.0192652574664103,0.04108824158658696,0.018398877035819806,0.017631924095843094,0.052895772287529286,1.0,0.00032933633192801237,0.02972741899133264,0.012553808933748696,-0.0002739054901423304,-0.0019173384309963126,0.42857142857142855,-0.01661483451759891,0.02972741899133264,0.017696475931917848,0.0020342134615604643,0.02644477500028604,0.46153846153846156,-0.0192652574664103,0.04108824158658696,0.018398877035819806,0.011158877724166807,-0.005210450091617341,-0.004736494829287473,0.0025,-0.0010916256759542007,neighbor,0.3649094650205761,808.0,0.05463374485596707,1168.0,0.2236460905349794,1078.0,360.0,0.18,0.024095884773662535
economic_medium_capacity,robustness,0.948,0.052000000000000046,31,0.039,True,rank,rank_average,13,0.001793495774005158,0.023315445062067053,0.46153846153846156,-0.018274212509944404,0.040518571905075726,0.01856550841245656,0.01790584981973209,0.05371754945919627,1.0,0.001516157438703647,0.027886707103932797,0.011680649179599779,-0.0009990681421900784,-0.006993476995330549,0.42857142857142855,-0.018274212509944404,0.027886707103932797,0.01822604032465362,0.001793495774005158,0.023315445062067053,0.46153846153846156,-0.018274212509944404,0.040518571905075726,0.01856550841245656,0.011706666352019494,-0.00617138754075857,-0.004546659075560252,0.0025,-0.0012764567138675964,neighbor,0.3882921810699588,767.0,0.028930041152263376,1203.0,0.23233744855967078,1070.0,436.0,0.18,0.023186008230452665
economic_medium_capacity,robustness,0.948,0.052000000000000046,31,0.03,True,rank,rank_average,13,0.002628581044285041,0.03417155357570553,0.38461538461538464,-0.01914482211296143,0.04264806277538957,0.017627306518772874,0.014866716832722573,0.04460015049816772,0.6666666666666666,-0.00029777997243552595,0.02738441457092776,0.011455133715493974,0.0003402683688162436,0.0023818785817137055,0.2857142857142857,-0.01732621787952808,0.02738441457092776,0.015491832472841496,0.002628581044285041,0.03417155357570553,0.38461538461538464,-0.01914482211296143,0.04264806277538957,0.017627306518772874,0.009042427870414808,-0.005237984644304723,-0.004434884717419416,0.002,-0.001405354649384114,neighbor,0.20172427983539093,1059.0,0.04665432098765432,1179.0,0.27276543209876536,1013.0,166.0,0.12,0.022598971193415612
economic_medium_capacity,robustness,1.0,0.0,32,0.042,True,rank,rank_average,13,-0.00012222518027178985,-0.0015889273435332682,0.46153846153846156,-0.020503733296081898,0.032261175085416385,0.01618059481615286,0.01764336258322736,0.05293008774968209,0.6666666666666666,-0.00768503858854911,0.032261175085416385,0.0179807773090848,0.0015423997287739844,0.010796798101417891,0.42857142857142855,-0.020503733296081898,0.032261175085416385,0.020003191795564035,-0.00012222518027178985,-0.0015889273435332682,0.46153846153846156,-0.020503733296081898,0.032261175085416385,0.01618059481615286,0.008187320604885055,-0.005458492713734427,-0.006374361878923485,0.002,-0.0021375477610649923,neighbor,0.29188477366255144,917.0,0.05218930041152263,1174.0,0.1477201646090535,1171.0,257.0,0.14,0.02239711934156377
economic_medium_capacity,robustness,0.998,0.0020000000000000018,35,0.042,True,rank,rank_average,13,0.0016875636123164842,0.021938326960114295,0.46153846153846156,-0.020476534303797374,0.03607235722957941,0.017811399424278933,0.01850587745574162,0.05551763236722485,1.0,0.0014530832121861514,0.029294626717519506,0.012198813626473192,-0.00048644562131246974,-0.0034051193491872883,0.42857142857142855,-0.020476534303797374,0.029294626717519506,0.018783129427209548,0.0016875636123164842,0.021938326960114295,0.46153846153846156,-0.020476534303797374,0.03607235722957941,0.017811399424278933,0.01202786760979415,-0.0066059588958298126,-0.005333806599694277,0.0025,-0.0014616054491598971,neighbor,0.4129341563786008,728.0,0.023781893004115224,1208.0,0.16891769547325103,1134.0,480.0,0.18,0.021213168724279863
economic_medium_capacity,robustness,0.948,0.052000000000000046,31,0.042,True,rank,rank_average,13,0.0014655959404877854,0.01905274722634121,0.46153846153846156,-0.020109885935615825,0.03885993834254306,0.01865990902404877,0.018359703051241325,0.05507910915372398,1.0,0.002542560402371663,0.026784399462126914,0.011192345190229571,-0.0015451345041914977,-0.010815941529340484,0.42857142857142855,-0.020109885935615825,0.026784399462126914,0.01898784536214031,0.0014655959404877854,0.01905274722634121,0.46153846153846156,-0.020109885935615825,0.03885993834254306,0.01865990902404877,0.012304075671990204,-0.007088417597570948,-0.005339334211136724,0.0025,-0.0015690577817813528,neighbor,0.4189341563786008,716.0,0.018707818930041153,1211.0,0.1660411522633745,1140.0,495.0,0.18,0.02089835390946504
economic_medium_capacity,robustness,0.973,0.027000000000000024,35,0.039,True,rank,rank_average,13,0.002203946692070326,0.028651306996914237,0.46153846153846156,-0.018745868768808016,0.03875390577189712,0.017703360518049317,0.01750931735996612,0.05252795207989836,1.0,0.001348342035305837,0.025796229365278853,0.011428778108867246,-0.00046217221561804106,-0.0032352055093262874,0.42857142857142855,-0.018745868768808016,0.025796229365278853,0.017620347687073427,0.002203946692070326,0.028651306996914237,0.46153846153846156,-0.018745868768808016,0.03875390577189712,0.017703360518049317,0.011425263766831614,-0.006021003428037501,-0.004468348617688099,0.0025,-0.0013095983285374441,neighbor,0.36994650205761315,795.0,0.029411522633744858,1202.0,0.25247325102880663,1039.0,407.0,0.18,0.019084773662551457
economic_medium_capacity,robustness,0.948,0.052000000000000046,31,0.037,True,rank,rank_average,13,0.0020900984879908277,0.027171280343880763,0.46153846153846156,-0.018971053036047972,0.04172967019414962,0.018444720120786972,0.017304277186891943,0.05191283156067583,1.0,0.000509085457429545,0.02894216788236037,0.012167123996303974,-0.0004408835678385218,-0.0030861849748696525,0.42857142857142855,-0.016965465988789983,0.02894216788236037,0.017477232411204198,0.0020900984879908277,0.027171280343880763,0.46153846153846156,-0.018971053036047972,0.04172967019414962,0.018444720120786972,0.011031436197480156,-0.005421335981397223,-0.004607552902202598,0.0025,-0.0012181596479670775,neighbor,0.35473662551440327,828.0,0.04767078189300411,1178.0,0.2357448559670782,1066.0,350.0,0.18,0.01870823045267489
economic_medium_capacity,robustness,0.948,0.052000000000000046,32,0.039,True,rank,rank_average,13,0.001722479262478345,0.022392230412218484,0.46153846153846156,-0.01838897227127941,0.039792069594450974,0.01831970289087315,0.017605774230040488,0.05281732269012146,1.0,0.0015798303958673154,0.02742043682708835,0.011427138636839178,-0.0010398944661800062,-0.007279261263260044,0.42857142857142855,-0.01838897227127941,0.02742043682708835,0.017967512572765177,0.001722479262478345,0.022392230412218484,0.46153846153846156,-0.01838897227127941,0.039792069594450974,0.01831970289087315,0.01155663534175929,-0.00623252926667338,-0.004625009208371087,0.0025,-0.001375735414554968,neighbor,0.3793292181069959,782.0,0.026559670781893006,1206.0,0.22258436213991772,1080.0,424.0,0.18,0.017071193415637897
economic_medium_capacity,robustness,0.948,0.052000000000000046,35,0.033,True,rank,rank_average,13,0.002142099229145871,0.02784728997889632,0.38461538461538464,-0.01964967313376966,0.04080741163760708,0.017358136930881358,0.014846269717448082,0.04453880915234425,0.6666666666666666,-0.0006338982393550158,0.026913138606869384,0.011502109013694061,3.263135629687814e-05,0.000228419494078147,0.2857142857142857,-0.016482673649155927,0.026913138606869384,0.015473371898984921,0.002142099229145871,0.02784728997889632,0.38461538461538464,-0.01964967313376966,0.04080741163760708,0.017358136930881358,0.008919853986624917,-0.0051349681454179496,-0.004878780188915458,0.002,-0.001474611099125429,neighbor,0.19735390946502057,1064.0,0.05648148148148149,1162.0,0.21538271604938272,1084.0,98.0,0.12,0.016665637860082322
economic_medium_capacity,robustness,0.948,0.052000000000000046,32,0.037,True,rank,rank_average,13,0.0019529760791200958,0.025388689028561246,0.46153846153846156,-0.018418801668144767,0.04121144955715375,0.01823837325256914,0.016809265985230765,0.05042779795569229,1.0,0.0006526567495963725,0.027948711019700534,0.011694659668561083,-0.000748771804217091,-0.005241402629519637,0.42857142857142855,-0.017236521038515563,0.027948711019700534,0.017199963899765445,0.0019529760791200958,0.025388689028561246,0.46153846153846156,-0.018418801668144767,0.04121144955715375,0.01823837325256914,0.010796658338948339,-0.00568628044254245,-0.004503469723850857,0.0025,-0.0014156833221423955,neighbor,0.34686008230452675,844.0,0.04105349794238683,1186.0,0.2391275720164609,1061.0,342.0,0.18,0.013087242798353937
economic_medium_capacity,robustness,0.948,0.052000000000000046,32,0.042,True,rank,rank_average,13,0.0013317671070845322,0.01731297239209892,0.46153846153846156,-0.02030195887609898,0.03807530246924154,0.018344228445791394,0.01784951176506391,0.053548535295191727,1.0,0.002401199323967651,0.02615692458558032,0.010933982385806909,-0.0016371502341257643,-0.01146005163888035,0.42857142857142855,-0.02030195887609898,0.02615692458558032,0.018618923742751516,0.0013317671070845322,0.01731297239209892,0.46153846153846156,-0.02030195887609898,0.03807530246924154,0.018344228445791394,0.011966617482995753,-0.007204250633992921,-0.005479000716536019,0.0025,-0.0017771158995789158,neighbor,0.39732921810699584,752.0,0.017497942386831278,1214.0,0.15851028806584364,1155.0,462.0,0.18,0.010582304526748965
economic_medium_capacity,robustness,0.948,0.052000000000000046,32,0.036,True,rank,rank_average,13,0.0020799944590408955,0.027039927967531643,0.46153846153846156,-0.019345323888809454,0.04123037443354696,0.018064171412380755,0.01657348616669674,0.04972045850009022,1.0,0.00013879228143154343,0.02867204078000781,0.012045418086274226,-0.0003377642229687539,-0.0023643495607812773,0.42857142857142855,-0.01665992340278997,0.02867204078000781,0.016844466259343556,0.0020799944590408955,0.027039927967531643,0.46153846153846156,-0.019345323888809454,0.04123037443354696,0.018064171412380755,0.010492688567889551,-0.005261728901441452,-0.0047368215801153486,0.0025,-0.001381225815510135,neighbor,0.330119341563786,872.0,0.05348559670781894,1169.0,0.2242880658436214,1076.0,297.0,0.18,0.009759465020576119
economic_medium_capacity,robustness,0.988,0.01200000000000001,35,0.042,True,rank,rank_average,13,0.0015765392988895041,0.020495010885563554,0.46153846153846156,-0.020476534303797374,0.036072357229579396,0.017547917230274983,0.017778425510908854,0.053335276532726565,1.0,0.0014530832121861514,0.027881300505380728,0.011651952392580114,-0.0007982107405265107,-0.005587475183685575,0.42857142857142855,-0.020476534303797374,0.027881300505380728,0.018316751279186864,0.0015765392988895041,0.020495010885563554,0.46153846153846156,-0.020476534303797374,0.036072357229579396,0.017547917230274983,0.011613220001239474,-0.006783665013781816,-0.005397090458347655,0.0025,-0.0017169248244581757,neighbor,0.38337860082304526,775.0,0.021436213991769548,1210.0,0.16422633744855966,1142.0,435.0,0.18,0.007631687242798335
economic_medium_capacity,robustness,0.948,0.052000000000000046,35,0.037,True,rank,rank_average,13,0.0016954149263343971,0.022040394042347162,0.46153846153846156,-0.01774602309314588,0.03952815110895862,0.017734973931569666,0.0162120795148694,0.048636238544608204,1.0,0.0007466967347031644,0.026062188325791415,0.011071495079312725,-0.0009462318830228272,-0.006623623181159791,0.42857142857142855,-0.017722362979339597,0.026062188325791415,0.01678038189479193,0.0016954149263343971,0.022040394042347162,0.46153846153846156,-0.01774602309314588,0.03952815110895862,0.017734973931569666,0.010487295245927602,-0.005959160527933651,-0.004428262651189072,0.0025,-0.0016509435368774624,neighbor,0.32900823045267485,873.0,0.03333744855967079,1199.0,0.2403374485596708,1057.0,326.0,0.18,0.0026557613168724237
economic_medium_capacity,robustness,0.948,0.052000000000000046,35,0.039,True,rank,rank_average,13,0.0014931299720925243,0.019410689637202817,0.46153846153846156,-0.018745868768808016,0.03875390577189712,0.017785793311533567,0.016474260392031273,0.04942278117609382,1.0,0.001348342035305837,0.02461088761282197,0.01070589089002392,-0.0013382424071825079,-0.009367696850277555,0.42857142857142855,-0.018745868768808016,0.02461088761282197,0.017222000286347544,0.0014931299720925243,0.019410689637202817,0.46153846153846156,-0.018745868768808016,0.03875390577189712,0.017785793311533567,0.010835281295108752,-0.006520363437229247,-0.004873514148075445,0.0025,-0.0018310781509209774,neighbor,0.3432057613168724,848.0,0.022843621399176957,1209.0,0.20602880658436215,1096.0,361.0,0.18,-0.0015337448559670508
economic_medium_capacity,robustness,0.973,0.027000000000000024,35,0.042,True,rank,rank_average,13,0.0011682733561233115,0.01518755362960305,0.46153846153846156,-0.020476534303797374,0.036072357229579396,0.017395785236644506,0.016952722327821534,0.050858166983464605,1.0,0.0014530832121861514,0.026461977256451136,0.011053648639258286,-0.001291827727942765,-0.009042794095599355,0.42857142857142855,-0.020476534303797374,0.026461977256451136,0.01786294752642052,0.0011682733561233115,0.01518755362960305,0.46153846153846156,-0.020476534303797374,0.036072357229579396,0.017395785236644506,0.011142569186879704,-0.0070650266966090815,-0.005629802045724384,0.0025,-0.002066704645580863,neighbor,0.35851440329218104,821.0,0.018152263374485597,1213.0,0.15296707818930042,1162.0,392.0,0.18,-0.005480658436214009
economic_medium_capacity,robustness,0.948,0.052000000000000046,35,0.036,True,rank,rank_average,13,0.0017837141331108679,0.02318828373044128,0.46153846153846156,-0.01820041993174401,0.040182648725112916,0.017711446155997276,0.015793498367258213,0.04738049510177464,1.0,0.0003141325353698404,0.02614513350097076,0.011151393614132718,-0.0008498836986355489,-0.005949185890448842,0.42857142857142855,-0.017403966914513215,0.02614513350097076,0.016421858627282543,0.0017837141331108679,0.02318828373044128,0.46153846153846156,-0.01820041993174401,0.040182648725112916,0.017711446155997276,0.010105957806009227,-0.005799171361440196,-0.004527883060063867,0.0025,-0.0017464264492539775,neighbor,0.3004897119341564,907.0,0.03780658436213992,1192.0,0.23357201646090534,1069.0,285.0,0.18,-0.0077553497942386695
economic_medium_capacity,robustness,0.948,0.052000000000000046,35,0.042,True,rank,rank_average,13,0.0006941698062431815,0.00902420748116136,0.46153846153846156,-0.020476534303797374,0.036072357229579396,0.017435440177986775,0.016238707764482906,0.04871612329344872,1.0,0.0014530832121861514,0.02499226082911899,0.010513884012566895,-0.0018541646439719486,-0.01297915250780364,0.42857142857142855,-0.020476534303797374,0.02499226082911899,0.017511914976585538,0.0006941698062431815,0.00902420748116136,0.46153846153846156,-0.020476534303797374,0.036072357229579396,0.017435440177986775,0.010735580885776686,-0.007385558738745715,-0.005900041069156059,0.0025,-0.0024142752384983058,neighbor,0.3369341563786008,858.0,0.015806584362139917,1215.0,0.15109053497942387,1164.0,357.0,0.18,-0.015449794238683118
economic_medium_capacity,robustness,1.0,0.0,35,0.042,True,rank,rank_average,13,-0.0005268787948589584,-0.0068494243331664595,0.46153846153846156,-0.02061642832323286,0.029294626717519506,0.015208962026023431,0.015393371816384208,0.046180115449152626,0.6666666666666666,-0.00836900173720146,0.029294626717519506,0.016883294956891465,0.0007436148896070126,0.0052053042272490885,0.42857142857142855,-0.02061642832323286,0.029294626717519506,0.018559137777104176,-0.0005268787948589584,-0.0068494243331664595,0.46153846153846156,-0.02061642832323286,0.029294626717519506,0.015208962026023431,0.006679118028729183,-0.005950989431019418,-0.00664220379819799,0.002,-0.0030026286021967636,neighbor,0.20502057613168723,1052.0,0.039720164609053504,1190.0,0.14589300411522632,1173.0,138.0,0.14,-0.018233744855967085
economic_medium_capacity,robustness,0.998,0.0020000000000000018,35,0.03,True,rank,rank_average,13,0.0026105828131913595,0.033937576571487674,0.46153846153846156,-0.017669064520676826,0.03923427404121091,0.016087982116993867,0.01210437016067918,0.03631311048203754,0.6666666666666666,-0.002048696299312494,0.023454928920059737,0.010598718849984912,-0.00011301100264594018,-0.0007910770185215812,0.42857142857142855,-0.017669064520676826,0.023454928920059737,0.01416620913059014,0.0026105828131913595,0.033937576571487674,0.46153846153846156,-0.017669064520676826,0.03923427404121091,0.016087982116993867,0.006890087879480676,-0.005466636134760111,-0.0038812206267658162,0.0025,-0.0027861342028646517,neighbor,0.1338477366255144,1158.0,0.04286831275720164,1183.0,0.3177695473251029,943.0,240.0,0.18,-0.059504732510288066
economic_medium_capacity,robustness,0.988,0.01200000000000001,35,0.03,True,rank,rank_average,13,0.002634892885055774,0.034253607505725064,0.46153846153846156,-0.017669064520676826,0.03923427404121092,0.016031183798298484,0.01198830860325018,0.03596492580975054,0.6666666666666666,-0.002048696299312494,0.023106744247772745,0.010474972781666075,-0.00016275167011551187,-0.001139261690808583,0.42857142857142855,-0.017669064520676826,0.023106744247772745,0.014083740831552572,0.002634892885055774,0.034253607505725064,0.46153846153846156,-0.017669064520676826,0.03923427404121092,0.016031183798298484,0.0068239327917461465,-0.005494988315217766,-0.0038673638858031,0.0025,-0.002823276208020001,neighbor,0.13056378600823046,1173.0,0.04193004115226337,1184.0,0.32105349794238686,937.0,247.0,0.18,-0.06074794238683126
economic_medium_capacity,robustness,0.973,0.027000000000000024,32,0.03,True,rank,rank_average,13,0.002552656113724274,0.03318452947841556,0.46153846153846156,-0.017510559426176325,0.038965089445177195,0.015923119051914722,0.011647269986520966,0.0349418099595629,0.6666666666666666,-0.0010284918348072367,0.023668926230208193,0.010093281770549602,-0.00036522811345982904,-0.002556596794218803,0.42857142857142855,-0.017510559426176325,0.023668926230208193,0.013830504553475648,0.002552656113724274,0.03318452947841556,0.46153846153846156,-0.017510559426176325,0.038965089445177195,0.015923119051914722,0.006966208253497229,-0.005558093206738862,-0.0038619321642768905,0.0025,-0.00279394846627513,neighbor,0.12394650205761315,1179.0,0.041139917695473247,1185.0,0.3213004115226338,936.0,249.0,0.18,-0.0637133744855967
economic_medium_capacity,robustness,0.973,0.027000000000000024,35,0.03,True,rank,rank_average,13,0.0025498626404906774,0.03314821432637881,0.46153846153846156,-0.017669064520676826,0.03923427404121092,0.015912139352908014,0.011437741389690179,0.03431322416907054,0.6666666666666666,-0.002048696299312494,0.02260358247424852,0.010197143019256609,-0.0003636532128271859,-0.0025455724897903015,0.42857142857142855,-0.017669064520676826,0.02260358247424852,0.013805554155797548,0.0025498626404906774,0.03314821432637881,0.46153846153846156,-0.017669064520676826,0.03923427404121092,0.015912139352908014,0.0065101094800169455,-0.005609502194563421,-0.003915831125205205,0.0025,-0.0030076068643275417,neighbor,0.11695884773662552,1182.0,0.04052263374485597,1187.0,0.3116707818930041,949.0,238.0,0.18,-0.06823065843621398
economic_medium_capacity,robustness,0.948,0.052000000000000046,32,0.03,True,rank,rank_average,13,0.0016388304195363483,0.021304795453972528,0.46153846153846156,-0.02039122328288903,0.038965089445177195,0.016706201466599464,0.01186565962058852,0.03559697886176556,0.6666666666666666,-0.0010284918348072367,0.023992633712524705,0.010229226159851662,-0.0009205874415509267,-0.006444112090856487,0.42857142857142855,-0.017510559426176325,0.023992633712524705,0.014091744828017677,0.0016388304195363483,0.021304795453972528,0.46153846153846156,-0.02039122328288903,0.038965089445177195,0.016706201466599464,0.007090690344915735,-0.0058746480237507875,-0.0053334318826792,0.0025,-0.00310733025512344,neighbor,0.12863786008230452,1174.0,0.035979423868312765,1195.0,0.16786831275720163,1136.0,59.0,0.18,-0.0871738683127572
economic_medium_capacity,robustness,0.948,0.052000000000000046,35,0.03,True,rank,rank_average,13,0.001754806334133429,0.022812482343734578,0.46153846153846156,-0.01993552780366529,0.03923427404121091,0.016671060636146207,0.011470695779147963,0.034412087337443886,0.6666666666666666,-0.002048696299312494,0.022585220437142367,0.010199509920486767,-0.0005186595790786672,-0.00363061705355067,0.42857142857142855,-0.017669064520676826,0.022585220437142367,0.013917955345774313,0.001754806334133429,0.022812482343734578,0.46153846153846156,-0.01993552780366529,0.03923427404121091,0.016671060636146207,0.006528893482007882,-0.005697855823326765,-0.005116946103215029,0.0025,-0.0032200196431761453,neighbor,0.11742798353909464,1181.0,0.03770781893004116,1193.0,0.18547325102880657,1123.0,70.0,0.18,-0.08823930041152264
economic_medium_capacity,robustness,0.948,0.052000000000000046,35,0.035,True,rank,rank_average,13,0.0018796013723786282,0.024434817840922166,0.38461538461538464,-0.01880978637602774,0.040653415003701385,0.017645330220616266,0.015326994149727512,0.045980982449182535,0.6666666666666666,-0.00016352245954064787,0.02630208182722553,0.011266436182878896,-0.0006859623448375972,-0.004801736413863181,0.2857142857142857,-0.01721780952530908,0.02630208182722553,0.016034200965809015,0.0018796013723786282,0.024434817840922166,0.38461538461538464,-0.01880978637602774,0.040653415003701385,0.017645330220616266,0.009349090920362933,-0.005787161394195142,-0.004751241337217951,0.0035,-0.003077272459825333,neighbor,0.21688477366255143,1027.0,0.03796296296296296,1191.0,0.22301234567901237,1079.0,164.0,0.24,-0.10271090534979421
