candidate,window_id,entry_date,start_date,end_date,stock_code,weight,score,stock_return,return_contribution,note
balanced_extra_wide_capacity,w01,2026-01-22,2026-01-23,2026-01-29,603650,0.015625,0.9933867735470943,-0.06223316912972088,-0.0009723932676518887,
balanced_extra_wide_capacity,w01,2026-01-22,2026-01-23,2026-01-29,688281,0.015625,0.9888276553106212,-0.059271964932342325,-0.0009261244520678488,
balanced_extra_wide_capacity,w01,2026-01-22,2026-01-23,2026-01-29,002153,0.015625,0.9107715430861724,-0.033674963396779,-0.0005261713030746719,
balanced_extra_wide_capacity,w01,2026-01-22,2026-01-23,2026-01-29,002837,0.015625,0.9101703406813628,-0.0015075376884422509,-2.355527638191017e-05,
balanced_extra_wide_capacity,w01,2026-01-22,2026-01-23,2026-01-29,605358,0.015625,0.9094188376753507,0.03537284894837467,0.0005527007648183542,
balanced_extra_wide_capacity,w01,2026-01-22,2026-01-23,2026-01-29,688172,0.015625,0.9086172344689378,0.3291678500426014,0.005143247656915647,
balanced_extra_wide_capacity,w01,2026-01-22,2026-01-23,2026-01-29,002281,0.015625,0.9054609218436874,-0.031280276816609054,-0.0004887543252595165,
balanced_extra_wide_capacity,w01,2026-01-22,2026-01-23,2026-01-29,601212,0.015625,0.9041082164328658,0.6108165429480381,0.009544008483563095,
balanced_extra_wide_capacity,w01,2026-01-22,2026-01-23,2026-01-29,601179,0.015625,0.9017034068136272,-0.02975420439844767,-0.00046490944372574484,
balanced_extra_wide_capacity,w01,2026-01-22,2026-01-23,2026-01-29,601118,0.015625,0.9016032064128257,0.2727272727272727,0.004261363636363636,
balanced_extra_wide_capacity,w01,2026-01-22,2026-01-23,2026-01-29,300919,0.015625,0.8999498997995992,0.11488005997001505,0.0017950009370314851,
balanced_extra_wide_capacity,w01,2026-01-22,2026-01-23,2026-01-29,300604,0.015625,0.8998997995991984,-0.06782428020184017,-0.0010597543781537527,
balanced_extra_wide_capacity,w01,2026-01-22,2026-01-23,2026-01-29,000559,0.015625,0.8996492985971944,-0.1260162601626017,-0.0019690040650406516,
balanced_extra_wide_capacity,w01,2026-01-22,2026-01-23,2026-01-29,600497,0.015625,0.8940380761523047,0.1668449197860964,0.002606951871657756,
balanced_extra_wide_capacity,w01,2026-01-22,2026-01-23,2026-01-29,601399,0.015625,0.8940380761523046,-0.08626760563380276,-0.001347931338028168,
balanced_extra_wide_capacity,w01,2026-01-22,2026-01-23,2026-01-29,601106,0.015625,0.8936372745490981,-0.025688073394495525,-0.0004013761467889926,
balanced_extra_wide_capacity,w01,2026-01-22,2026-01-23,2026-01-29,002532,0.015625,0.8920340681362726,0.09447128287708018,0.0014761137949543778,
balanced_extra_wide_capacity,w01,2026-01-22,2026-01-23,2026-01-29,002409,0.015625,0.8898797595190381,-0.0031582271818085816,-4.934729971575909e-05,
balanced_extra_wide_capacity,w01,2026-01-22,2026-01-23,2026-01-29,688778,0.015625,0.8889278557114229,-0.04938005390835576,-0.0007715633423180587,
balanced_extra_wide_capacity,w01,2026-01-22,2026-01-23,2026-01-29,002202,0.015625,0.8853707414829659,0.00037188545927846484,5.810710301226013e-06,
balanced_extra_wide_capacity,w01,2026-01-22,2026-01-23,2026-01-29,688037,0.015625,0.8824148296593186,0.023592233009708696,0.0003686286407766984,
balanced_extra_wide_capacity,w01,2026-01-22,2026-01-23,2026-01-29,603179,0.015625,0.876753507014028,-0.10546431153806435,-0.0016478798677822554,
balanced_extra_wide_capacity,w01,2026-01-22,2026-01-23,2026-01-29,300450,0.015625,0.8747995991983968,-0.01846689895470377,-0.0002885452961672464,
balanced_extra_wide_capacity,w01,2026-01-22,2026-01-23,2026-01-29,301611,0.015625,0.8747995991983968,-0.08246872139151673,-0.001288573771742449,
balanced_extra_wide_capacity,w01,2026-01-22,2026-01-23,2026-01-29,000155,0.015625,0.8696893787575151,0.03317901234567899,0.0005184220679012343,
balanced_extra_wide_capacity,w01,2026-01-22,2026-01-23,2026-01-29,688777,0.015625,0.8669839679358717,0.19609251544318362,0.003063945553799744,
balanced_extra_wide_capacity,w01,2026-01-22,2026-01-23,2026-01-29,688220,0.015625,0.8658817635270541,-0.05538526582813652,-0.0008653947785646331,
balanced_extra_wide_capacity,w01,2026-01-22,2026-01-23,2026-01-29,300346,0.015625,0.8645791583166333,-0.032136105860113395,-0.0005021266540642718,
balanced_extra_wide_capacity,w01,2026-01-22,2026-01-23,2026-01-29,601611,0.015625,0.86437875751503,-0.09885714285714287,-0.0015446428571428573,
balanced_extra_wide_capacity,w01,2026-01-22,2026-01-23,2026-01-29,688385,0.015625,0.8635771543086173,0.0034869240348691655,5.448318804483071e-05,
balanced_extra_wide_capacity,w01,2026-01-22,2026-01-23,2026-01-29,000987,0.015625,0.8614228456913828,-0.03314917127071815,-0.000517955801104971,
balanced_extra_wide_capacity,w01,2026-01-22,2026-01-23,2026-01-29,300567,0.015625,0.9109719438877755,-0.08750425604358181,-0.0013672540006809657,
balanced_extra_wide_capacity,w01,2026-01-22,2026-01-23,2026-01-29,688183,0.015625,0.9115981963927855,-0.08264462809917361,-0.0012913223140495877,
balanced_extra_wide_capacity,w01,2026-01-22,2026-01-23,2026-01-29,002465,0.015625,0.9122745490981965,-0.04264625478403483,-0.0006663477310005442,
balanced_extra_wide_capacity,w01,2026-01-22,2026-01-23,2026-01-29,688122,0.015625,0.9409819639278556,-0.04159860612000432,-0.0006499782206250675,
balanced_extra_wide_capacity,w01,2026-01-22,2026-01-23,2026-01-29,300751,0.015625,0.9809118236472947,0.20506844247132827,0.0032041944136145042,
balanced_extra_wide_capacity,w01,2026-01-22,2026-01-23,2026-01-29,002195,0.015625,0.9725951903807615,0.025252525252525304,0.0003945707070707079,
balanced_extra_wide_capacity,w01,2026-01-22,2026-01-23,2026-01-29,300857,0.015625,0.9710921843687375,0.10297885166021992,0.0016090445571909362,
balanced_extra_wide_capacity,w01,2026-01-22,2026-01-23,2026-01-29,603920,0.015625,0.9680861723446894,0.07633076665550709,0.0011926682289922982,
balanced_extra_wide_capacity,w01,2026-01-22,2026-01-23,2026-01-29,688525,0.015625,0.9613226452905812,-0.0005324813631524261,-8.320021299256658e-06,
balanced_extra_wide_capacity,w01,2026-01-22,2026-01-23,2026-01-29,300285,0.015625,0.9605711422845691,-0.07294552169898438,-0.001139773776546631,
balanced_extra_wide_capacity,w01,2026-01-22,2026-01-23,2026-01-29,688027,0.015625,0.956563126252505,0.07257131186602228,0.0011339267479065981,
balanced_extra_wide_capacity,w01,2026-01-22,2026-01-23,2026-01-29,002044,0.015625,0.9528557114228456,-0.03448275862068961,-0.0005387931034482752,
balanced_extra_wide_capacity,w01,2026-01-22,2026-01-23,2026-01-29,002156,0.015625,0.9524549098196393,-0.08089285714285721,-0.001263950892857144,
balanced_extra_wide_capacity,w01,2026-01-22,2026-01-23,2026-01-29,301200,0.015625,0.9524549098196392,-0.09324942791762014,-0.0014570223112128147,
balanced_extra_wide_capacity,w01,2026-01-22,2026-01-23,2026-01-29,000878,0.015625,0.9502254509018035,0.3238993710691822,0.005060927672955972,
balanced_extra_wide_capacity,w01,2026-01-22,2026-01-23,2026-01-29,600498,0.015625,0.9497995991983967,0.04155707522356655,0.0006493293003682274,
balanced_extra_wide_capacity,w01,2026-01-22,2026-01-23,2026-01-29,002851,0.015625,0.949749498997996,0.12949324916710503,0.002023332018236016,
balanced_extra_wide_capacity,w01,2026-01-22,2026-01-23,2026-01-29,301308,0.015625,0.9375250501002004,-0.008319283601890493,-0.00012998880627953895,
balanced_extra_wide_capacity,w01,2026-01-22,2026-01-23,2026-01-29,300724,0.015625,0.9135771543086173,0.2196868008948547,0.0034326062639821048,
balanced_extra_wide_capacity,w01,2026-01-22,2026-01-23,2026-01-29,600549,0.015625,0.9363226452905812,0.03465517241379312,0.0005414870689655175,
balanced_extra_wide_capacity,w01,2026-01-22,2026-01-23,2026-01-29,002738,0.015625,0.9341182364729459,0.015067147068457132,0.00023542417294464268,
balanced_extra_wide_capacity,w01,2026-01-22,2026-01-23,2026-01-29,688568,0.015625,0.9322144288577154,-0.00656132833422618,-0.00010252075522228406,
balanced_extra_wide_capacity,w01,2026-01-22,2026-01-23,2026-01-29,001389,0.015625,0.9295090180360721,0.0025699600228441533,4.0155625356939895e-05,
balanced_extra_wide_capacity,w01,2026-01-22,2026-01-23,2026-01-29,300223,0.015625,0.9254509018036072,0.03358180859875026,0.0005247157593554728,
balanced_extra_wide_capacity,w01,2026-01-22,2026-01-23,2026-01-29,000426,0.015625,0.9238977955911823,0.2981390049373338,0.004658421952145841,
balanced_extra_wide_capacity,w01,2026-01-22,2026-01-23,2026-01-29,000657,0.015625,0.9218937875751503,0.16137379440131738,0.002521465537520584,
balanced_extra_wide_capacity,w01,2026-01-22,2026-01-23,2026-01-29,000960,0.015625,0.9211422845691384,0.09186746987951788,0.001435429216867467,
balanced_extra_wide_capacity,w01,2026-01-22,2026-01-23,2026-01-29,300037,0.015625,0.9204659318637274,-0.09040852575488445,-0.0014126332149200695,
balanced_extra_wide_capacity,w01,2026-01-22,2026-01-23,2026-01-29,002335,0.015625,0.9198396793587176,0.01415246059826325,0.00022113219684786328,
balanced_extra_wide_capacity,w01,2026-01-22,2026-01-23,2026-01-29,300432,0.015625,0.9154559118236473,-0.09270833333333317,-0.0014485677083333308,
balanced_extra_wide_capacity,w01,2026-01-22,2026-01-23,2026-01-29,688361,0.015625,0.9142284569138276,-0.05154430379746844,-0.0008053797468354443,
balanced_extra_wide_capacity,w01,2026-01-22,2026-01-23,2026-01-29,600637,0.015625,0.913627254509018,-0.012636899747261898,-0.00019745155855096716,
balanced_extra_wide_capacity,w01,2026-01-22,2026-01-23,2026-01-29,688676,0.015625,0.8599198396793587,-0.057082023725032904,-0.0008919066207036391,
balanced_medium_current,w01,2026-01-22,2026-01-23,2026-01-29,300699,0.020408163265306124,1.0,-0.01822979131686253,-0.00037203655748699045,
balanced_medium_current,w01,2026-01-22,2026-01-23,2026-01-29,002202,0.020408163265306124,0.9498997995991983,0.00037188545927846484,7.589499168948263e-06,
balanced_medium_current,w01,2026-01-22,2026-01-23,2026-01-29,300627,0.020408163265306124,0.9458917835671342,-0.03379224030037553,-0.0006896375571505211,
balanced_medium_current,w01,2026-01-22,2026-01-23,2026-01-29,688375,0.020408163265306124,0.9438877755511023,0.046493050007988534,0.0009488377552650722,
balanced_medium_current,w01,2026-01-22,2026-01-23,2026-01-29,002281,0.020408163265306124,0.9418837675350702,-0.031280276816609054,-0.0006383729962573277,
balanced_medium_current,w01,2026-01-22,2026-01-23,2026-01-29,600118,0.020408163265306124,0.9398797595190381,-0.056969696969697003,-0.0011626468769325921,
balanced_medium_current,w01,2026-01-22,2026-01-23,2026-01-29,300223,0.020408163265306124,0.9378757515030061,0.03358180859875026,0.0006853430326275564,
balanced_medium_current,w01,2026-01-22,2026-01-23,2026-01-29,002008,0.020408163265306124,0.935871743486974,-0.05928085519922266,-0.0012098133714127074,
balanced_medium_current,w01,2026-01-22,2026-01-23,2026-01-29,688183,0.020408163265306124,0.9338677354709419,-0.08264462809917361,-0.0016866250632484412,
balanced_medium_current,w01,2026-01-22,2026-01-23,2026-01-29,002266,0.020408163265306124,0.9318637274549099,0.03614457831325302,0.0007376444553725106,
balanced_medium_current,w01,2026-01-22,2026-01-23,2026-01-29,300037,0.020408163265306124,0.9298597194388778,-0.09040852575488445,-0.0018450719541813156,
balanced_medium_current,w01,2026-01-22,2026-01-23,2026-01-29,002436,0.020408163265306124,0.9278557114228457,-0.08851952068032476,-0.0018065208302107095,
balanced_medium_current,w01,2026-01-22,2026-01-23,2026-01-29,688709,0.020408163265306124,0.9258517034068137,0.004919323101141293,0.00010039434900288353,
balanced_medium_current,w01,2026-01-22,2026-01-23,2026-01-29,688234,0.020408163265306124,0.9238476953907816,-0.19958773973830435,-0.004073219178332742,
balanced_medium_current,w01,2026-01-22,2026-01-23,2026-01-29,600143,0.020408163265306124,0.9218436873747495,-0.09523809523809523,-0.0019436345966958213,
balanced_medium_current,w01,2026-01-22,2026-01-23,2026-01-29,300003,0.020408163265306124,0.9198396793587175,-0.017094017094017144,-0.00034885749171463564,
balanced_medium_current,w01,2026-01-22,2026-01-23,2026-01-29,300395,0.020408163265306124,0.9178356713426854,-0.013347346295323304,-0.00027239482235353685,
balanced_medium_current,w01,2026-01-22,2026-01-23,2026-01-29,000878,0.020408163265306124,0.9158316633266533,0.3238993710691822,0.006610191246309842,
balanced_medium_current,w01,2026-01-22,2026-01-23,2026-01-29,000021,0.020408163265306124,0.9138276553106213,-0.013329101872421534,-0.00027202248719227623,
balanced_medium_current,w01,2026-01-22,2026-01-23,2026-01-29,688778,0.020408163265306124,0.9118236472945892,-0.04938005390835576,-0.0010077562022113421,
balanced_medium_current,w01,2026-01-22,2026-01-23,2026-01-29,600363,0.020408163265306124,0.9098196392785571,-0.041617122473246115,-0.0008493290300662474,
balanced_medium_current,w01,2026-01-22,2026-01-23,2026-01-29,300450,0.020408163265306124,0.9078156312625251,-0.01846689895470377,-0.00037687548887150555,
balanced_medium_current,w01,2026-01-22,2026-01-23,2026-01-29,601399,0.020408163265306124,0.905811623246493,-0.08626760563380276,-0.001760563380281689,
balanced_medium_current,w01,2026-01-22,2026-01-23,2026-01-29,601106,0.020408163265306124,0.9478957915831663,-0.025688073394495525,-0.0005242463958060312,
balanced_medium_current,w01,2026-01-22,2026-01-23,2026-01-29,002130,0.020408163265306124,0.9519038076152304,-0.1619309501985945,-0.0033047132693590714,
balanced_medium_current,w01,2026-01-22,2026-01-23,2026-01-29,300751,0.020408163265306124,0.9979959919839679,0.20506844247132827,0.004185070254516904,
balanced_medium_current,w01,2026-01-22,2026-01-23,2026-01-29,001389,0.020408163265306124,0.9539078156312625,0.0025699600228441533,5.2448163731513336e-05,
balanced_medium_current,w01,2026-01-22,2026-01-23,2026-01-29,300346,0.020408163265306124,0.9959919839679359,-0.032136105860113395,-0.0006558388951043551,
balanced_medium_current,w01,2026-01-22,2026-01-23,2026-01-29,603000,0.020408163265306124,0.9939879759519038,-0.013061224489795964,-0.00026655560183257073,
balanced_medium_current,w01,2026-01-22,2026-01-23,2026-01-29,600637,0.020408163265306124,0.9919839679358717,-0.012636899747261898,-0.0002578959132094265,
balanced_medium_current,w01,2026-01-22,2026-01-23,2026-01-29,688037,0.020408163265306124,0.9899799599198397,0.023592233009708696,0.00048147414305527956,
balanced_medium_current,w01,2026-01-22,2026-01-23,2026-01-29,002465,0.020408163265306124,0.9879759519038076,-0.04264625478403483,-0.0008703317302864252,
balanced_medium_current,w01,2026-01-22,2026-01-23,2026-01-29,300454,0.020408163265306124,0.9859719438877755,0.01490571685124209,0.0003041983030865733,
balanced_medium_current,w01,2026-01-22,2026-01-23,2026-01-29,002195,0.020408163265306124,0.9839679358717435,0.025252525252525304,0.0005153576582148021,
balanced_medium_current,w01,2026-01-22,2026-01-23,2026-01-29,688385,0.020408163265306124,0.9819639278557114,0.0034869240348691655,7.116171499732992e-05,
balanced_medium_current,w01,2026-01-22,2026-01-23,2026-01-29,688568,0.020408163265306124,0.9799599198396793,-0.00656132833422618,-0.00013390465988216693,
balanced_medium_current,w01,2026-01-22,2026-01-23,2026-01-29,002044,0.020408163265306124,0.9779559118236473,-0.03448275862068961,-0.0007037297677691759,
balanced_medium_current,w01,2026-01-22,2026-01-23,2026-01-29,300058,0.020408163265306124,0.9759519038076152,0.2264150943396226,0.004620716211012706,
balanced_medium_current,w01,2026-01-22,2026-01-23,2026-01-29,688281,0.020408163265306124,0.9739478957915831,-0.059271964932342325,-0.0012096319373947413,
balanced_medium_current,w01,2026-01-22,2026-01-23,2026-01-29,301611,0.020408163265306124,0.9719438877755511,-0.08246872139151673,-0.001683035130439117,
balanced_medium_current,w01,2026-01-22,2026-01-23,2026-01-29,600498,0.020408163265306124,0.969939879759519,0.04155707522356655,0.0008481035759911542,
balanced_medium_current,w01,2026-01-22,2026-01-23,2026-01-29,300757,0.020408163265306124,0.9679358717434869,-0.0029673590504450953,-6.0558347968267256e-05,
balanced_medium_current,w01,2026-01-22,2026-01-23,2026-01-29,688122,0.020408163265306124,0.9659318637274549,-0.04159860612000432,-0.0008489511453062108,
balanced_medium_current,w01,2026-01-22,2026-01-23,2026-01-29,300285,0.020408163265306124,0.9639278557114228,-0.07294552169898438,-0.0014886841163058038,
balanced_medium_current,w01,2026-01-22,2026-01-23,2026-01-29,002851,0.020408163265306124,0.9619238476953907,0.12949324916710503,0.0026427193707572456,
balanced_medium_current,w01,2026-01-22,2026-01-23,2026-01-29,002025,0.020408163265306124,0.9599198396793587,-0.04913777118486928,-0.001002811656834067,
balanced_medium_current,w01,2026-01-22,2026-01-23,2026-01-29,601608,0.020408163265306124,0.9579158316633266,-0.01749999999999996,-0.0003571428571428564,
balanced_medium_current,w01,2026-01-22,2026-01-23,2026-01-29,002335,0.020408163265306124,0.9559118236472945,0.01415246059826325,0.00028882572649516837,
balanced_medium_current,w01,2026-01-22,2026-01-23,2026-01-29,605358,0.020408163265306124,0.9038076152304609,0.03537284894837467,0.0007218948764974423,
economic_medium_capacity,w01,2026-01-22,2026-01-23,2026-01-29,601567,0.036000000004219955,0.9911983967935871,-0.05114296784192174,-0.0018411468425250036,
economic_medium_capacity,w01,2026-01-22,2026-01-23,2026-01-29,000785,0.036000000004219955,0.9907655310621243,0.0031249999999998224,0.00011250000001318097,
economic_medium_capacity,w01,2026-01-22,2026-01-23,2026-01-29,002607,0.036000000004219955,0.9911663326653306,-0.020134228187919434,-0.0007248322148500652,
economic_medium_capacity,w01,2026-01-22,2026-01-23,2026-01-29,601608,0.036000000004219955,0.9748356713426853,-0.01749999999999996,-0.0006300000000738477,
economic_medium_capacity,w01,2026-01-22,2026-01-23,2026-01-29,300454,0.036000000004219955,0.974939879759519,0.01490571685124209,0.0005366058067076167,
economic_medium_capacity,w01,2026-01-22,2026-01-23,2026-01-29,601106,0.036000000004219955,0.9749799599198397,-0.025688073394495525,-0.0009247706423102415,
economic_medium_capacity,w01,2026-01-22,2026-01-23,2026-01-29,601212,0.036000000004219955,0.9749879759519038,0.6108165429480381,0.02198939554870699,
economic_medium_capacity,w01,2026-01-22,2026-01-23,2026-01-29,300751,0.036000000004219955,0.9749919839679358,0.20506844247132827,0.007382463929833197,
economic_medium_capacity,w01,2026-01-22,2026-01-23,2026-01-29,688266,0.036000000004219955,0.9908857715430862,0.012865497076023358,0.0004631578947911327,
economic_medium_capacity,w01,2026-01-22,2026-01-23,2026-01-29,000723,0.036000000004219955,0.990993987975952,0.030800821355235986,0.0011088295689184735,
economic_medium_capacity,w01,2026-01-22,2026-01-23,2026-01-29,600486,0.036000000004219955,0.9910380761523045,0.031022845275181732,0.0011168224300374574,
economic_medium_capacity,w01,2026-01-22,2026-01-23,2026-01-29,600685,0.036000000004219955,0.9910420841683366,-0.05615995295501308,-0.0020217583066174634,
economic_medium_capacity,w01,2026-01-22,2026-01-23,2026-01-29,601118,0.036000000004219955,0.99112625250501,0.2727272727272727,0.009818181819332715,
economic_medium_capacity,w01,2026-01-22,2026-01-23,2026-01-29,002157,0.036000000004219955,0.9911382765531062,-0.005970149253731294,-0.00021492537315952035,
economic_medium_capacity,w01,2026-01-22,2026-01-23,2026-01-29,603920,0.036000000004219955,0.9448677354709418,0.07633076665550709,0.0027479075999203677,
economic_medium_capacity,w01,2026-01-22,2026-01-23,2026-01-29,000426,0.036000000000000004,0.9448917835671342,0.2981390049373338,0.010733004177744018,
economic_medium_capacity,w01,2026-01-22,2026-01-23,2026-01-29,601179,0.036000000000000004,0.9447234468937875,-0.02975420439844767,-0.0010711513583441163,
economic_medium_capacity,w01,2026-01-22,2026-01-23,2026-01-29,300919,0.036000000000000004,0.944751503006012,0.11488005997001505,0.004135682158920542,
economic_medium_capacity,w01,2026-01-22,2026-01-23,2026-01-29,002195,0.036000000000000004,0.9448236472945891,0.025252525252525304,0.000909090909090911,
economic_medium_capacity,w01,2026-01-22,2026-01-23,2026-01-29,002266,0.036000000000000004,0.9746472945891783,0.03614457831325302,0.0013012048192771089,
economic_medium_capacity,w01,2026-01-22,2026-01-23,2026-01-29,600498,0.036000000000000004,0.9448997995991983,0.04155707522356655,0.001496054708048396,
economic_medium_capacity,w01,2026-01-22,2026-01-23,2026-01-29,300857,0.036000000000000004,0.9449519038076152,0.10297885166021992,0.0037072386597679172,
economic_medium_capacity,w01,2026-01-22,2026-01-23,2026-01-29,300567,0.036000000000000004,0.9449839679358717,-0.08750425604358181,-0.0031501532175689452,
economic_medium_capacity,w01,2026-01-22,2026-01-23,2026-01-29,300136,0.036000000000000004,0.9731603206412826,0.0009876543209876854,3.555555555555668e-05,
economic_medium_capacity,w01,2026-01-22,2026-01-23,2026-01-29,001389,0.036000000000000004,0.9748036072144288,0.0025699600228441533,9.251856082238953e-05,
economic_medium_capacity,w01,2026-01-22,2026-01-23,2026-01-29,688281,0.03333333331223356,0.9446673346693386,-0.059271964932342325,-0.0019757321631607857,
economic_medium_capacity,w01,2026-01-22,2026-01-23,2026-01-29,000559,0.02666666664978681,0.9446633266533065,-0.1260162601626017,-0.003360433602208909,
economic_medium_capacity,w01,2026-01-22,2026-01-23,2026-01-29,002429,0.019999999987340117,0.9446432865731462,0.018614270941054833,0.00037228541858544216,
economic_medium_capacity,w01,2026-01-22,2026-01-23,2026-01-29,603179,0.013333333324893405,0.9446072144288576,-0.10546431153806435,-0.0014061908196174133,
economic_medium_capacity,w01,2026-01-22,2026-01-23,2026-01-29,688387,0.0066666666624467024,0.9444949899799598,0.021656740660530804,0.00014437827097881468,
recent_compact_capacity,w01,2026-01-22,2026-01-23,2026-01-29,300454,0.032972380952380954,0.9997795591182365,0.01490571685124209,0.0004914769743874785,
recent_compact_capacity,w01,2026-01-22,2026-01-23,2026-01-29,002044,0.032972380952380954,0.9717234468937874,-0.03448275862068961,-0.0011369786535303764,
recent_compact_capacity,w01,2026-01-22,2026-01-23,2026-01-29,000960,0.032972380952380954,0.936753507014028,0.09186746987951788,0.0030290892139988464,
recent_compact_capacity,w01,2026-01-22,2026-01-23,2026-01-29,603699,0.032972380952380954,0.9377354709418837,0.025645380434782483,0.0008455892533643851,
recent_compact_capacity,w01,2026-01-22,2026-01-23,2026-01-29,002156,0.032972380952380954,0.9407414829659319,-0.08089285714285721,-0.0026672301020408185,
recent_compact_capacity,w01,2026-01-22,2026-01-23,2026-01-29,300054,0.032972380952380954,0.942630260521042,-0.054199956812783556,-0.001787101623633695,
recent_compact_capacity,w01,2026-01-22,2026-01-23,2026-01-29,601608,0.032972380952380954,0.9976653306613226,-0.01749999999999996,-0.0005770166666666654,
recent_compact_capacity,w01,2026-01-22,2026-01-23,2026-01-29,688385,0.032972380952380954,0.9649298597194388,0.0034869240348691655,0.00011497218762971942,
recent_compact_capacity,w01,2026-01-22,2026-01-23,2026-01-29,002414,0.032972380952380954,0.9676052104208416,-0.06666666666666665,-0.00219815873015873,
recent_compact_capacity,w01,2026-01-22,2026-01-23,2026-01-29,002064,0.032972380952380954,0.9696092184368738,0.00219780219780219,7.246677132391393e-05,
recent_compact_capacity,w01,2026-01-22,2026-01-23,2026-01-29,600637,0.032972380952380954,0.964689378757515,-0.012636899747261898,-0.00041666867252376593,
recent_compact_capacity,w01,2026-01-22,2026-01-23,2026-01-29,000657,0.032972380952380954,0.9753406813627254,0.16137379440131738,0.005320878224731438,
recent_compact_capacity,w01,2026-01-22,2026-01-23,2026-01-29,601179,0.032972380952380954,0.979318637274549,-0.02975420439844767,-0.0009810669623606255,
recent_compact_capacity,w01,2026-01-22,2026-01-23,2026-01-29,601106,0.032972380952380954,0.9947795591182365,-0.025688073394495525,-0.0008469969418960282,
recent_compact_capacity,w01,2026-01-22,2026-01-23,2026-01-29,002851,0.032972380952380954,0.9918937875751502,0.12949324916710503,0.004269700742299375,
recent_compact_capacity,w01,2026-01-22,2026-01-23,2026-01-29,301200,0.032972380952380954,0.9898697394789578,-0.09324942791762014,-0.0030746556608913594,
recent_compact_capacity,w01,2026-01-22,2026-01-23,2026-01-29,001389,0.032972380952380954,0.985751503006012,0.0025699600228441533,8.473770090560708e-05,
recent_compact_capacity,w01,2026-01-22,2026-01-23,2026-01-29,002756,0.032972380952380954,0.935931863727455,0.020952380952381056,0.0006908498866213187,
recent_compact_capacity,w01,2026-01-22,2026-01-23,2026-01-29,000830,0.032972380952380954,0.9833066132264529,-0.030288226673180096,-0.0009986749482401602,
recent_compact_capacity,w01,2026-01-22,2026-01-23,2026-01-29,688281,0.032972380952380954,0.980811623246493,-0.059271964932342325,-0.001954337807545356,
recent_compact_capacity,w01,2026-01-22,2026-01-23,2026-01-29,300567,0.032972380952380954,0.9798496993987975,-0.08750425604358181,-0.0028852236652236627,
recent_compact_capacity,w01,2026-01-22,2026-01-23,2026-01-29,688234,0.030758,0.9563326653306612,-0.19958773973830435,-0.006138919698870766,
recent_compact_capacity,w01,2026-01-22,2026-01-23,2026-01-29,688183,0.030758,0.954629258517034,-0.08264462809917361,-0.002541983471074382,
recent_compact_capacity,w01,2026-01-22,2026-01-23,2026-01-29,300223,0.030758,0.9532665330661322,0.03358180859875026,0.0010329092688803605,
recent_compact_capacity,w01,2026-01-22,2026-01-23,2026-01-29,605358,0.030758,0.9610621242484969,0.03537284894837467,0.0010879980879541081,
recent_compact_capacity,w01,2026-01-22,2026-01-23,2026-01-29,688120,0.030758,0.9468937875751502,-0.01729962125089568,-0.0005321017504350494,
recent_compact_capacity,w01,2026-01-22,2026-01-23,2026-01-29,601399,0.030758,0.9449198396793587,-0.08626760563380276,-0.0026534190140845054,
recent_compact_capacity,w01,2026-01-22,2026-01-23,2026-01-29,600141,0.030758,0.9644989979959919,-0.0030856871587943147,-9.490956563019554e-05,
recent_compact_capacity,w01,2026-01-22,2026-01-23,2026-01-29,603786,0.030758,0.9382665330661322,-0.11746231155778886,-0.0036129057788944698,
recent_compact_capacity,w01,2026-01-22,2026-01-23,2026-01-29,002465,0.030758,0.9371743486973948,-0.04264625478403483,-0.0013117135046473434,
recent_compact_capacity,w01,2026-01-22,2026-01-23,2026-01-29,601233,0.030758,0.9523446893787575,0.027750730282375846,0.0008535569620253163,
recent_compact_current,w01,2026-01-22,2026-01-23,2026-01-29,300454,0.027027027027027035,0.9929859719438878,0.01490571685124209,0.0004028572121957323,
recent_compact_current,w01,2026-01-22,2026-01-23,2026-01-29,605358,0.027027027027027035,0.9359719438877755,0.03537284894837467,0.000956022944550667,
recent_compact_current,w01,2026-01-22,2026-01-23,2026-01-29,688295,0.027027027027027035,0.933316633266533,-0.041269841269841234,-0.0011154011154011147,
recent_compact_current,w01,2026-01-22,2026-01-23,2026-01-29,000825,0.027027027027027035,0.932314629258517,0.0018416206261511192,4.977353043651675e-05,
recent_compact_current,w01,2026-01-22,2026-01-23,2026-01-29,601611,0.027027027027027035,0.9316132264529058,-0.09885714285714287,-0.0026718146718146727,
recent_compact_current,w01,2026-01-22,2026-01-23,2026-01-29,688266,0.027027027027027035,0.9276553106212424,0.012865497076023358,0.00034771613718982057,
recent_compact_current,w01,2026-01-22,2026-01-23,2026-01-29,603920,0.027027027027027035,0.9270040080160321,0.07633076665550709,0.002062993693392084,
recent_compact_current,w01,2026-01-22,2026-01-23,2026-01-29,600143,0.027027027027027035,0.9264028056112226,-0.09523809523809523,-0.002574002574002575,
recent_compact_current,w01,2026-01-22,2026-01-23,2026-01-29,002025,0.027027027027027035,0.9222945891783568,-0.04913777118486928,-0.0013280478698613324,
recent_compact_current,w01,2026-01-22,2026-01-23,2026-01-29,002153,0.027027027027027035,0.9209919839679359,-0.033674963396779,-0.0009101341458588922,
recent_compact_current,w01,2026-01-22,2026-01-23,2026-01-29,000987,0.027027027027027035,0.9136773547094189,-0.03314917127071815,-0.0008959235478572475,
recent_compact_current,w01,2026-01-22,2026-01-23,2026-01-29,600141,0.027027027027027035,0.91312625250501,-0.0030856871587943147,-8.33969502376842e-05,
recent_compact_current,w01,2026-01-22,2026-01-23,2026-01-29,300919,0.027027027027027035,0.9118236472945893,0.11488005997001505,0.0031048664856760835,
recent_compact_current,w01,2026-01-22,2026-01-23,2026-01-29,603225,0.027027027027027035,0.9117234468937876,-0.046097672295755454,-0.0012458830350204181,
recent_compact_current,w01,2026-01-22,2026-01-23,2026-01-29,688281,0.027027027027027035,0.9080160320641283,-0.059271964932342325,-0.0016019449981714148,
recent_compact_current,w01,2026-01-22,2026-01-23,2026-01-29,002335,0.027027027027027035,0.9079158316633267,0.01415246059826325,0.00038249893508819605,
recent_compact_current,w01,2026-01-22,2026-01-23,2026-01-29,002008,0.027027027027027035,0.9019038076152305,-0.05928085519922266,-0.001602185275654667,
recent_compact_current,w01,2026-01-22,2026-01-23,2026-01-29,688563,0.027027027027027035,0.9337174348697395,0.021352844557264605,0.0005771039069530976,
recent_compact_current,w01,2026-01-22,2026-01-23,2026-01-29,601233,0.027027027027027035,0.9473446893787575,0.027750730282375846,0.0007500197373615096,
recent_compact_current,w01,2026-01-22,2026-01-23,2026-01-29,688037,0.027027027027027035,0.9926853707414829,0.023592233009708696,0.0006376279191813163,
recent_compact_current,w01,2026-01-22,2026-01-23,2026-01-29,601179,0.027027027027027035,0.9521543086172344,-0.02975420439844767,-0.0008041676864445319,
recent_compact_current,w01,2026-01-22,2026-01-23,2026-01-29,601608,0.027027027027027035,0.9894288577154309,-0.01749999999999996,-0.00047297297297297205,
recent_compact_current,w01,2026-01-22,2026-01-23,2026-01-29,002156,0.027027027027027035,0.9855210420841684,-0.08089285714285721,-0.0021862934362934386,
recent_compact_current,w01,2026-01-22,2026-01-23,2026-01-29,601212,0.027027027027027035,0.9821142284569138,0.6108165429480381,0.016508555214811847,
recent_compact_current,w01,2026-01-22,2026-01-23,2026-01-29,002465,0.027027027027027035,0.9786573146292585,-0.04264625478403483,-0.0011526014806495905,
recent_compact_current,w01,2026-01-22,2026-01-23,2026-01-29,001389,0.027027027027027035,0.9759018036072145,0.0025699600228441533,6.945837899578794e-05,
recent_compact_current,w01,2026-01-22,2026-01-23,2026-01-29,601106,0.027027027027027035,0.9731963927855711,-0.025688073394495525,-0.0006942722539052847,
recent_compact_current,w01,2026-01-22,2026-01-23,2026-01-29,000703,0.027027027027027035,0.9717434869739479,0.06190061028770688,0.0016729894672353216,
recent_compact_current,w01,2026-01-22,2026-01-23,2026-01-29,300757,0.027027027027027035,0.962875751503006,-0.0029673590504450953,-8.019889325527287e-05,
recent_compact_current,w01,2026-01-22,2026-01-23,2026-01-29,002436,0.027027027027027035,0.9625751503006013,-0.08851952068032476,-0.002392419477846616,
recent_compact_current,w01,2026-01-22,2026-01-23,2026-01-29,002414,0.027027027027027035,0.9599198396793587,-0.06666666666666665,-0.001801801801801802,
recent_compact_current,w01,2026-01-22,2026-01-23,2026-01-29,002851,0.027027027027027035,0.9591182364729458,0.12949324916710503,0.003499817545056894,
recent_compact_current,w01,2026-01-22,2026-01-23,2026-01-29,000830,0.027027027027027035,0.9574148296593186,-0.030288226673180096,-0.0008186007208967597,
recent_compact_current,w01,2026-01-22,2026-01-23,2026-01-29,688234,0.027027027027027035,0.954509018036072,-0.19958773973830435,-0.0053942632361703895,
recent_compact_current,w01,2026-01-22,2026-01-23,2026-01-29,600498,0.027027027027027035,0.9544589178356713,0.04155707522356655,0.0011231641952315287,
recent_compact_current,w01,2026-01-22,2026-01-23,2026-01-29,002044,0.027027027027027035,0.9537074148296594,-0.03448275862068961,-0.0009319664492078276,
recent_compact_current,w01,2026-01-22,2026-01-23,2026-01-29,600580,0.027027027027027035,0.9012024048096193,-0.07526652452025584,-0.0020342303924393477,
short_aggressive_compact_capacity,w01,2026-01-22,2026-01-23,2026-01-29,688563,0.03225806451612904,0.9957735470941883,0.021352844557264605,0.0006888014373311165,
short_aggressive_compact_capacity,w01,2026-01-22,2026-01-23,2026-01-29,688037,0.03225806451612904,0.9531402805611223,0.023592233009708696,0.0007610397745067323,
short_aggressive_compact_capacity,w01,2026-01-22,2026-01-23,2026-01-29,688019,0.03225806451612904,0.9254629258517035,-0.059151864073580085,-0.001908124647534842,
short_aggressive_compact_capacity,w01,2026-01-22,2026-01-23,2026-01-29,688777,0.03225806451612904,0.9260721442885772,0.19609251544318362,0.006325565014296247,
short_aggressive_compact_capacity,w01,2026-01-22,2026-01-23,2026-01-29,002465,0.03225806451612904,0.9277795591182365,-0.04264625478403483,-0.0013756856381946722,
short_aggressive_compact_capacity,w01,2026-01-22,2026-01-23,2026-01-29,688027,0.03225806451612904,0.931426853707415,0.07257131186602228,0.0023410100601942677,
short_aggressive_compact_capacity,w01,2026-01-22,2026-01-23,2026-01-29,688709,0.03225806451612904,0.9357244488977956,0.004919323101141293,0.00015868784197229982,
short_aggressive_compact_capacity,w01,2026-01-22,2026-01-23,2026-01-29,000657,0.03225806451612904,0.9363286573146292,0.16137379440131738,0.005205606271010239,
short_aggressive_compact_capacity,w01,2026-01-22,2026-01-23,2026-01-29,000703,0.03225806451612904,0.9364609218436873,0.06190061028770688,0.0019967938802486094,
short_aggressive_compact_capacity,w01,2026-01-22,2026-01-23,2026-01-29,000878,0.03225806451612904,0.9387494989979961,0.3238993710691822,0.0104483668086833,
short_aggressive_compact_capacity,w01,2026-01-22,2026-01-23,2026-01-29,603179,0.03225806451612904,0.9428256513026052,-0.10546431153806435,-0.0034020745657440117,
short_aggressive_compact_capacity,w01,2026-01-22,2026-01-23,2026-01-29,688525,0.03225806451612904,0.9456092184368737,-0.0005324813631524261,-1.7176818166207296e-05,
short_aggressive_compact_capacity,w01,2026-01-22,2026-01-23,2026-01-29,601106,0.03225806451612904,0.9465440881763526,-0.025688073394495525,-0.0008286475288546945,
short_aggressive_compact_capacity,w01,2026-01-22,2026-01-23,2026-01-29,601212,0.03225806451612904,0.9507705410821643,0.6108165429480381,0.019703759449936718,
short_aggressive_compact_capacity,w01,2026-01-22,2026-01-23,2026-01-29,300857,0.03225806451612904,0.9508877755511022,0.10297885166021992,0.0033218984406522558,
short_aggressive_compact_capacity,w01,2026-01-22,2026-01-23,2026-01-29,688122,0.03225806451612904,0.9542354709418837,-0.04159860612000432,-0.0013418905200001396,
short_aggressive_compact_capacity,w01,2026-01-22,2026-01-23,2026-01-29,688281,0.03225806451612904,0.991874749498998,-0.059271964932342325,-0.0019119988687852367,
short_aggressive_compact_capacity,w01,2026-01-22,2026-01-23,2026-01-29,300724,0.03225806451612904,0.9548577154308617,0.2196868008948547,0.007086670996608218,
short_aggressive_compact_capacity,w01,2026-01-22,2026-01-23,2026-01-29,600536,0.03225806451612904,0.9559929859719438,-0.08599605522682441,-0.0027740662976394976,
short_aggressive_compact_capacity,w01,2026-01-22,2026-01-23,2026-01-29,300454,0.03225806451612904,0.9569529058116233,0.01490571685124209,0.0004808295758465191,
short_aggressive_compact_capacity,w01,2026-01-22,2026-01-23,2026-01-29,688234,0.03225806451612904,0.9584288577154308,-0.19958773973830435,-0.006438314185106593,
short_aggressive_compact_capacity,w01,2026-01-22,2026-01-23,2026-01-29,002044,0.03225806451612904,0.9593406813627254,-0.03448275862068961,-0.0011123470522803104,
short_aggressive_compact_capacity,w01,2026-01-22,2026-01-23,2026-01-29,688615,0.03225806451612904,0.9598917835671342,-0.022498060512024853,-0.0007257438874846728,
short_aggressive_compact_capacity,w01,2026-01-22,2026-01-23,2026-01-29,688568,0.03225806451612904,0.9634579158316633,-0.00656132833422618,-0.00021165575271697357,
short_aggressive_compact_capacity,w01,2026-01-22,2026-01-23,2026-01-29,300567,0.03225806451612904,0.9695460921843687,-0.08750425604358181,-0.002822717936889736,
short_aggressive_compact_capacity,w01,2026-01-22,2026-01-23,2026-01-29,002414,0.03225806451612904,0.9704909819639278,-0.06666666666666665,-0.002150537634408602,
short_aggressive_compact_capacity,w01,2026-01-22,2026-01-23,2026-01-29,002008,0.03225806451612904,0.9741663326653307,-0.05928085519922266,-0.001912285651587828,
short_aggressive_compact_capacity,w01,2026-01-22,2026-01-23,2026-01-29,300751,0.03225806451612904,0.9821112224448898,0.20506844247132827,0.006615111047462203,
short_aggressive_compact_capacity,w01,2026-01-22,2026-01-23,2026-01-29,300757,0.03225806451612904,0.9828426853707415,-0.0029673590504450953,-9.572125969177728e-05,
short_aggressive_compact_capacity,w01,2026-01-22,2026-01-23,2026-01-29,600765,0.03225806451612904,0.9890400801603206,-0.030746705710102407,-0.0009918292164549166,
short_aggressive_compact_capacity,w01,2026-01-22,2026-01-23,2026-01-29,601611,0.03225806451612904,0.9202304609218437,-0.09885714285714287,-0.0031889400921658994,
short_aggressive_medium_capacity,w01,2026-01-22,2026-01-23,2026-01-29,688563,0.03225806451612904,0.9957735470941883,0.021352844557264605,0.0006888014373311165,
short_aggressive_medium_capacity,w01,2026-01-22,2026-01-23,2026-01-29,688037,0.03225806451612904,0.9531402805611223,0.023592233009708696,0.0007610397745067323,
short_aggressive_medium_capacity,w01,2026-01-22,2026-01-23,2026-01-29,688019,0.03225806451612904,0.9254629258517035,-0.059151864073580085,-0.001908124647534842,
short_aggressive_medium_capacity,w01,2026-01-22,2026-01-23,2026-01-29,688777,0.03225806451612904,0.9260721442885772,0.19609251544318362,0.006325565014296247,
short_aggressive_medium_capacity,w01,2026-01-22,2026-01-23,2026-01-29,002465,0.03225806451612904,0.9277795591182365,-0.04264625478403483,-0.0013756856381946722,
short_aggressive_medium_capacity,w01,2026-01-22,2026-01-23,2026-01-29,688027,0.03225806451612904,0.931426853707415,0.07257131186602228,0.0023410100601942677,
short_aggressive_medium_capacity,w01,2026-01-22,2026-01-23,2026-01-29,688709,0.03225806451612904,0.9357244488977956,0.004919323101141293,0.00015868784197229982,
short_aggressive_medium_capacity,w01,2026-01-22,2026-01-23,2026-01-29,000657,0.03225806451612904,0.9363286573146292,0.16137379440131738,0.005205606271010239,
short_aggressive_medium_capacity,w01,2026-01-22,2026-01-23,2026-01-29,000703,0.03225806451612904,0.9364609218436873,0.06190061028770688,0.0019967938802486094,
short_aggressive_medium_capacity,w01,2026-01-22,2026-01-23,2026-01-29,000878,0.03225806451612904,0.9387494989979961,0.3238993710691822,0.0104483668086833,
short_aggressive_medium_capacity,w01,2026-01-22,2026-01-23,2026-01-29,603179,0.03225806451612904,0.9428256513026052,-0.10546431153806435,-0.0034020745657440117,
short_aggressive_medium_capacity,w01,2026-01-22,2026-01-23,2026-01-29,688525,0.03225806451612904,0.9456092184368737,-0.0005324813631524261,-1.7176818166207296e-05,
short_aggressive_medium_capacity,w01,2026-01-22,2026-01-23,2026-01-29,601106,0.03225806451612904,0.9465440881763526,-0.025688073394495525,-0.0008286475288546945,
short_aggressive_medium_capacity,w01,2026-01-22,2026-01-23,2026-01-29,601212,0.03225806451612904,0.9507705410821643,0.6108165429480381,0.019703759449936718,
short_aggressive_medium_capacity,w01,2026-01-22,2026-01-23,2026-01-29,300857,0.03225806451612904,0.9508877755511022,0.10297885166021992,0.0033218984406522558,
short_aggressive_medium_capacity,w01,2026-01-22,2026-01-23,2026-01-29,688122,0.03225806451612904,0.9542354709418837,-0.04159860612000432,-0.0013418905200001396,
short_aggressive_medium_capacity,w01,2026-01-22,2026-01-23,2026-01-29,688281,0.03225806451612904,0.991874749498998,-0.059271964932342325,-0.0019119988687852367,
short_aggressive_medium_capacity,w01,2026-01-22,2026-01-23,2026-01-29,300724,0.03225806451612904,0.9548577154308617,0.2196868008948547,0.007086670996608218,
short_aggressive_medium_capacity,w01,2026-01-22,2026-01-23,2026-01-29,600536,0.03225806451612904,0.9559929859719438,-0.08599605522682441,-0.0027740662976394976,
short_aggressive_medium_capacity,w01,2026-01-22,2026-01-23,2026-01-29,300454,0.03225806451612904,0.9569529058116233,0.01490571685124209,0.0004808295758465191,
short_aggressive_medium_capacity,w01,2026-01-22,2026-01-23,2026-01-29,688234,0.03225806451612904,0.9584288577154308,-0.19958773973830435,-0.006438314185106593,
short_aggressive_medium_capacity,w01,2026-01-22,2026-01-23,2026-01-29,002044,0.03225806451612904,0.9593406813627254,-0.03448275862068961,-0.0011123470522803104,
short_aggressive_medium_capacity,w01,2026-01-22,2026-01-23,2026-01-29,688615,0.03225806451612904,0.9598917835671342,-0.022498060512024853,-0.0007257438874846728,
short_aggressive_medium_capacity,w01,2026-01-22,2026-01-23,2026-01-29,688568,0.03225806451612904,0.9634579158316633,-0.00656132833422618,-0.00021165575271697357,
short_aggressive_medium_capacity,w01,2026-01-22,2026-01-23,2026-01-29,300567,0.03225806451612904,0.9695460921843687,-0.08750425604358181,-0.002822717936889736,
short_aggressive_medium_capacity,w01,2026-01-22,2026-01-23,2026-01-29,002414,0.03225806451612904,0.9704909819639278,-0.06666666666666665,-0.002150537634408602,
short_aggressive_medium_capacity,w01,2026-01-22,2026-01-23,2026-01-29,002008,0.03225806451612904,0.9741663326653307,-0.05928085519922266,-0.001912285651587828,
short_aggressive_medium_capacity,w01,2026-01-22,2026-01-23,2026-01-29,300751,0.03225806451612904,0.9821112224448898,0.20506844247132827,0.006615111047462203,
short_aggressive_medium_capacity,w01,2026-01-22,2026-01-23,2026-01-29,300757,0.03225806451612904,0.9828426853707415,-0.0029673590504450953,-9.572125969177728e-05,
short_aggressive_medium_capacity,w01,2026-01-22,2026-01-23,2026-01-29,600765,0.03225806451612904,0.9890400801603206,-0.030746705710102407,-0.0009918292164549166,
short_aggressive_medium_capacity,w01,2026-01-22,2026-01-23,2026-01-29,601611,0.03225806451612904,0.9202304609218437,-0.09885714285714287,-0.0031889400921658994,
short_aggressive_wide_capacity,w01,2026-01-22,2026-01-23,2026-01-29,300567,0.036000000004219955,0.996431863727455,-0.08750425604358181,-0.0031501532179382093,
short_aggressive_wide_capacity,w01,2026-01-22,2026-01-23,2026-01-29,000657,0.036000000004219955,0.9618747494989981,0.16137379440131738,0.005809456599128416,
short_aggressive_wide_capacity,w01,2026-01-22,2026-01-23,2026-01-29,001389,0.036000000004219955,0.9867865731462926,0.0025699600228441533,9.251856083323463e-05,
short_aggressive_wide_capacity,w01,2026-01-22,2026-01-23,2026-01-29,601212,0.036000000004219955,0.9551783567134269,0.6108165429480381,0.02198939554870699,
short_aggressive_wide_capacity,w01,2026-01-22,2026-01-23,2026-01-29,000878,0.036000000004219955,0.9555370741482965,0.3238993710691822,0.0116603773598574,
short_aggressive_wide_capacity,w01,2026-01-22,2026-01-23,2026-01-29,300454,0.036000000004219955,0.9564498997995992,0.01490571685124209,0.0005366058067076167,
short_aggressive_wide_capacity,w01,2026-01-22,2026-01-23,2026-01-29,002156,0.036000000004219955,0.9568567134268537,-0.08089285714285721,-0.0029121428574842238,
short_aggressive_wide_capacity,w01,2026-01-22,2026-01-23,2026-01-29,002465,0.036000000004219955,0.959056112224449,-0.04264625478403483,-0.0015352651724052193,
short_aggressive_wide_capacity,w01,2026-01-22,2026-01-23,2026-01-29,688563,0.036000000004219955,0.9696142284569138,0.021352844557264605,0.0007687024041516338,
short_aggressive_wide_capacity,w01,2026-01-22,2026-01-23,2026-01-29,688281,0.036000000004219955,0.973996993987976,-0.059271964932342325,-0.002133790737814449,
short_aggressive_wide_capacity,w01,2026-01-22,2026-01-23,2026-01-29,600498,0.036000000004219955,0.9740130260521043,0.04155707522356655,0.001496054708223765,
short_aggressive_wide_capacity,w01,2026-01-22,2026-01-23,2026-01-29,002195,0.036000000004219955,0.9740781563126252,0.025252525252525304,0.0009090909091974754,
short_aggressive_wide_capacity,w01,2026-01-22,2026-01-23,2026-01-29,002025,0.036000000004219955,0.9783957915831663,-0.04913777118486928,-0.0017689597628626533,
short_aggressive_wide_capacity,w01,2026-01-22,2026-01-23,2026-01-29,002044,0.036000000004219955,0.9791452905811622,-0.03448275862068961,-0.0012413793104903417,
short_aggressive_wide_capacity,w01,2026-01-22,2026-01-23,2026-01-29,300346,0.036000000004219955,0.927936873747495,-0.032136105860113395,-0.001156899811099695,
short_aggressive_wide_capacity,w01,2026-01-22,2026-01-23,2026-01-29,002409,0.036000000000000004,0.9362955911823647,-0.0031582271818085816,-0.00011369617854510896,
short_aggressive_wide_capacity,w01,2026-01-22,2026-01-23,2026-01-29,688525,0.036000000000000004,0.9242875751503006,-0.0005324813631524261,-1.916932907348734e-05,
short_aggressive_wide_capacity,w01,2026-01-22,2026-01-23,2026-01-29,601061,0.036000000000000004,0.9254278557114228,0.06531678641410821,0.002351404310907896,
short_aggressive_wide_capacity,w01,2026-01-22,2026-01-23,2026-01-29,002851,0.036000000000000004,0.9275951903807615,0.12949324916710503,0.004661756970015782,
short_aggressive_wide_capacity,w01,2026-01-22,2026-01-23,2026-01-29,600765,0.036000000000000004,0.9473096192384769,-0.030746705710102407,-0.0011068814055636867,
short_aggressive_wide_capacity,w01,2026-01-22,2026-01-23,2026-01-29,688172,0.036000000000000004,0.9372895791583167,0.3291678500426014,0.011850042601533653,
short_aggressive_wide_capacity,w01,2026-01-22,2026-01-23,2026-01-29,688122,0.036000000000000004,0.9424378757515031,-0.04159860612000432,-0.0014975498203201557,
short_aggressive_wide_capacity,w01,2026-01-22,2026-01-23,2026-01-29,688568,0.036000000000000004,0.9428286573146292,-0.00656132833422618,-0.0002362078200321425,
short_aggressive_wide_capacity,w01,2026-01-22,2026-01-23,2026-01-29,600435,0.036000000000000004,0.9467715430861723,-0.04043280182232334,-0.0014555808656036404,
short_aggressive_wide_capacity,w01,2026-01-22,2026-01-23,2026-01-29,300857,0.036000000000000004,0.9549018036072143,0.10297885166021992,0.0037072386597679172,
short_aggressive_wide_capacity,w01,2026-01-22,2026-01-23,2026-01-29,300604,0.03333333331223356,0.924190380761523,-0.06782428020184017,-0.0022608093386302618,
short_aggressive_wide_capacity,w01,2026-01-22,2026-01-23,2026-01-29,688027,0.02666666664978681,0.9219258517034068,0.07257131186602228,0.0019352349818689341,
short_aggressive_wide_capacity,w01,2026-01-22,2026-01-23,2026-01-29,688361,0.019999999987340117,0.9217955911823648,-0.05154430379746844,-0.0010308860752968239,
short_aggressive_wide_capacity,w01,2026-01-22,2026-01-23,2026-01-29,300724,0.013333333324893405,0.9211763527054109,0.2196868008948547,0.0029291573434105885,
short_aggressive_wide_capacity,w01,2026-01-22,2026-01-23,2026-01-29,688615,0.0066666666624467024,0.9168747494989979,-0.022498060512024853,-0.00014998706998522467,
stable_compact_capacity,w01,2026-01-22,2026-01-23,2026-01-29,300751,0.030303030303030304,0.9995591182364729,0.20506844247132827,0.0062141952264038874,
stable_compact_capacity,w01,2026-01-22,2026-01-23,2026-01-29,002851,0.030303030303030304,0.9563967935871743,0.12949324916710503,0.003924037853548637,
stable_compact_capacity,w01,2026-01-22,2026-01-23,2026-01-29,300857,0.030303030303030304,0.9257394789579159,0.10297885166021992,0.003120571262430907,
stable_compact_capacity,w01,2026-01-22,2026-01-23,2026-01-29,688183,0.030303030303030304,0.9308396793587175,-0.08264462809917361,-0.0025043826696719276,
stable_compact_capacity,w01,2026-01-22,2026-01-23,2026-01-29,000878,0.030303030303030304,0.931060120240481,0.3238993710691822,0.009815132456641885,
stable_compact_capacity,w01,2026-01-22,2026-01-23,2026-01-29,601611,0.030303030303030304,0.9323647294589178,-0.09885714285714287,-0.002995670995670996,
stable_compact_capacity,w01,2026-01-22,2026-01-23,2026-01-29,300432,0.030303030303030304,0.9350681362725451,-0.09270833333333317,-0.0028093434343434294,
stable_compact_capacity,w01,2026-01-22,2026-01-23,2026-01-29,300037,0.030303030303030304,0.9352885771543087,-0.09040852575488445,-0.0027396522956025593,
stable_compact_capacity,w01,2026-01-22,2026-01-23,2026-01-29,300285,0.030303030303030304,0.9405851703406813,-0.07294552169898438,-0.0022104703545146784,
stable_compact_capacity,w01,2026-01-22,2026-01-23,2026-01-29,688017,0.030303030303030304,0.9413947895791582,0.0035899858290033837,0.0001087874493637389,
stable_compact_capacity,w01,2026-01-22,2026-01-23,2026-01-29,605358,0.030303030303030304,0.9426973947895791,0.03537284894837467,0.0010719045135871113,
stable_compact_capacity,w01,2026-01-22,2026-01-23,2026-01-29,688568,0.030303030303030304,0.947687374749499,-0.00656132833422618,-0.00019882813134018728,
stable_compact_capacity,w01,2026-01-22,2026-01-23,2026-01-29,002335,0.030303030303030304,0.9487334669338676,0.01415246059826325,0.00042886244237161364,
stable_compact_capacity,w01,2026-01-22,2026-01-23,2026-01-29,603920,0.030303030303030304,0.9499198396793587,0.07633076665550709,0.0023130535350153665,
stable_compact_capacity,w01,2026-01-22,2026-01-23,2026-01-29,688122,0.030303030303030304,0.9502084168336672,-0.04159860612000432,-0.0012605638218183128,
stable_compact_capacity,w01,2026-01-22,2026-01-23,2026-01-29,600637,0.030303030303030304,0.951939879759519,-0.012636899747261898,-0.0003829363559776333,
stable_compact_capacity,w01,2026-01-22,2026-01-23,2026-01-29,300346,0.030303030303030304,0.9581963927855711,-0.032136105860113395,-0.000973821389700406,
stable_compact_capacity,w01,2026-01-22,2026-01-23,2026-01-29,001389,0.030303030303030304,0.9959038076152305,0.0025699600228441533,7.787757644982283e-05,
stable_compact_capacity,w01,2026-01-22,2026-01-23,2026-01-29,688027,0.030303030303030304,0.9609098196392786,0.07257131186602228,0.002199130662606736,
stable_compact_capacity,w01,2026-01-22,2026-01-23,2026-01-29,688281,0.030303030303030304,0.9664609218436874,-0.059271964932342325,-0.001796120149464919,
stable_compact_capacity,w01,2026-01-22,2026-01-23,2026-01-29,688234,0.030303030303030304,0.9668056112224449,-0.19958773973830435,-0.006048113325403162,
stable_compact_capacity,w01,2026-01-22,2026-01-23,2026-01-29,002195,0.030303030303030304,0.9681122244488978,0.025252525252525304,0.0007652280379553122,
stable_compact_capacity,w01,2026-01-22,2026-01-23,2026-01-29,002153,0.030303030303030304,0.9690300601202405,-0.033674963396779,-0.0010204534362660304,
stable_compact_capacity,w01,2026-01-22,2026-01-23,2026-01-29,002429,0.030303030303030304,0.969498997995992,0.018614270941054833,0.000564068816395601,
stable_compact_capacity,w01,2026-01-22,2026-01-23,2026-01-29,601608,0.030303030303030304,0.9718557114228457,-0.01749999999999996,-0.0005303030303030291,
stable_compact_capacity,w01,2026-01-22,2026-01-23,2026-01-29,601106,0.030303030303030304,0.9772945891783568,-0.025688073394495525,-0.0007784264664998644,
stable_compact_capacity,w01,2026-01-22,2026-01-23,2026-01-29,300757,0.030303030303030304,0.9809899799599199,-0.0029673590504450953,-8.991997122560895e-05,
stable_compact_capacity,w01,2026-01-22,2026-01-23,2026-01-29,300567,0.030303030303030304,0.9820080160320641,-0.08750425604358181,-0.002651644122532782,
stable_compact_capacity,w01,2026-01-22,2026-01-23,2026-01-29,600498,0.030303030303030304,0.9822925851703407,0.04155707522356655,0.0012593053098050471,
stable_compact_capacity,w01,2026-01-22,2026-01-23,2026-01-29,002044,0.030303030303030304,0.9857715430861723,-0.03448275862068961,-0.0010449320794148368,
stable_compact_capacity,w01,2026-01-22,2026-01-23,2026-01-29,688037,0.030303030303030304,0.9918236472945892,0.023592233009708696,0.0007149161518093545,
stable_compact_capacity,w01,2026-01-22,2026-01-23,2026-01-29,300454,0.030303030303030304,0.9938557114228457,0.01490571685124209,0.0004516883894315785,
stable_compact_capacity,w01,2026-01-22,2026-01-23,2026-01-29,300919,0.030303030303030304,0.9218436873747495,0.11488005997001505,0.0034812139384853046,
stable_compact_current,w01,2026-01-22,2026-01-23,2026-01-29,300454,0.03253310000000001,0.9881623246492985,0.01490571685124209,0.00048492917689314417,
stable_compact_current,w01,2026-01-22,2026-01-23,2026-01-29,002195,0.03253310000000001,0.95587625250501,0.025252525252525304,0.0008215429292929312,
stable_compact_current,w01,2026-01-22,2026-01-23,2026-01-29,688568,0.03253310000000001,0.8970981963927855,-0.00656132833422618,-0.0002134603508302138,
stable_compact_current,w01,2026-01-22,2026-01-23,2026-01-29,688375,0.03253310000000001,0.9058597194388778,0.046493050007988534,0.0015125630452148921,
stable_compact_current,w01,2026-01-22,2026-01-23,2026-01-29,002153,0.03253310000000001,0.9092354709418837,-0.033674963396779,-0.0010955509516837512,
stable_compact_current,w01,2026-01-22,2026-01-23,2026-01-29,688281,0.03253310000000001,0.984876753507014,-0.059271964932342325,-0.0019283007623403865,
stable_compact_current,w01,2026-01-22,2026-01-23,2026-01-29,688234,0.03253310000000001,0.9487229458917835,-0.19958773973830435,-0.006493207895680231,
stable_compact_current,w01,2026-01-22,2026-01-23,2026-01-29,002851,0.03253310000000001,0.9512399799599198,0.12949324916710503,0.004212816824478346,
stable_compact_current,w01,2026-01-22,2026-01-23,2026-01-29,688615,0.03253310000000001,0.9531037074148296,-0.022498060512024853,-0.0007319316524437559,
stable_compact_current,w01,2026-01-22,2026-01-23,2026-01-29,001389,0.03253310000000001,0.9537089178356712,0.0025699600228441533,8.360876641919115e-05,
stable_compact_current,w01,2026-01-22,2026-01-23,2026-01-29,600498,0.03253310000000001,0.9438291583166332,0.04155707522356655,0.0013519804839558134,
stable_compact_current,w01,2026-01-22,2026-01-23,2026-01-29,300285,0.03253310000000001,0.9574844689378758,-0.07294552169898438,-0.0023731439519852297,
stable_compact_current,w01,2026-01-22,2026-01-23,2026-01-29,601179,0.03253310000000001,0.9589063126252505,-0.02975420439844767,-0.0009679965071151381,
stable_compact_current,w01,2026-01-22,2026-01-23,2026-01-29,601106,0.03253310000000001,0.9825230460921843,-0.025688073394495525,-0.0008357126605504626,
stable_compact_current,w01,2026-01-22,2026-01-23,2026-01-29,601212,0.03253310000000001,0.980810120240481,0.6108165429480381,0.019871755673382823,
stable_compact_current,w01,2026-01-22,2026-01-23,2026-01-29,688037,0.03253310000000001,0.9778281563126253,0.023592233009708696,0.0007675284757281542,
stable_compact_current,w01,2026-01-22,2026-01-23,2026-01-29,000960,0.03253310000000001,0.8955465931863728,0.09186746987951788,0.002988733584337344,
stable_compact_current,w01,2026-01-22,2026-01-23,2026-01-29,300757,0.03253310000000001,0.9748567134268538,-0.0029673590504450953,-9.653738872403536e-05,
stable_compact_current,w01,2026-01-22,2026-01-23,2026-01-29,002044,0.03253310000000001,0.9651508016032064,-0.03448275862068961,-0.0011218310344827576,
stable_compact_current,w01,2026-01-22,2026-01-23,2026-01-29,600637,0.03253310000000001,0.9608642284569139,-0.012636899747261898,-0.00041111752316764616,
stable_compact_current,w01,2026-01-22,2026-01-23,2026-01-29,002465,0.03175800000000001,0.9383532064128257,-0.04264625478403483,-0.0013543597594313785,
stable_compact_current,w01,2026-01-22,2026-01-23,2026-01-29,300223,0.03175800000000001,0.9377710420841684,0.03358180859875026,0.0010664910774791112,
stable_compact_current,w01,2026-01-22,2026-01-23,2026-01-29,300699,0.03175800000000001,0.9307349699398798,-0.01822979131686253,-0.0005789417126409205,
stable_compact_current,w01,2026-01-22,2026-01-23,2026-01-29,000830,0.03175800000000001,0.9230435871743488,-0.030288226673180096,-0.0009618935026868537,
stable_compact_current,w01,2026-01-22,2026-01-23,2026-01-29,603000,0.03175800000000001,0.940055611222445,-0.013061224489795964,-0.0004147983673469403,
stable_compact_current,w01,2026-01-22,2026-01-23,2026-01-29,000657,0.03175800000000001,0.9150986973947896,0.16137379440131738,0.005124908962597039,
stable_compact_current,w01,2026-01-22,2026-01-23,2026-01-29,603920,0.03175800000000001,0.9119744488977957,0.07633076665550709,0.0024241124874455947,
stable_compact_current,w01,2026-01-22,2026-01-23,2026-01-29,688027,0.03175800000000001,0.9081402805611222,0.07257131186602228,0.002304719722241136,
stable_compact_current,w01,2026-01-22,2026-01-23,2026-01-29,601611,0.03175800000000001,0.9048547094188376,-0.09885714285714287,-0.003139505142857144,
stable_compact_current,w01,2026-01-22,2026-01-23,2026-01-29,000559,0.03175800000000001,0.9027249498997996,-0.1260162601626017,-0.004002024390243906,
stable_compact_current,w01,2026-01-22,2026-01-23,2026-01-29,002429,0.03175800000000001,0.9185455911823647,0.018614270941054833,0.0005911520165460196,
stable_extra_wide_capacity,w01,2026-01-22,2026-01-23,2026-01-29,688281,0.02173913043478261,0.9928356713426854,-0.059271964932342325,-0.0012885209767900508,
stable_extra_wide_capacity,w01,2026-01-22,2026-01-23,2026-01-29,300757,0.02173913043478261,0.9034468937875751,-0.0029673590504450953,-6.45078054444586e-05,
stable_extra_wide_capacity,w01,2026-01-22,2026-01-23,2026-01-29,605358,0.02173913043478261,0.922374749498998,0.03537284894837467,0.0007689749771385799,
stable_extra_wide_capacity,w01,2026-01-22,2026-01-23,2026-01-29,002156,0.02173913043478261,0.9222244488977955,-0.08089285714285721,-0.0017585403726708092,
stable_extra_wide_capacity,w01,2026-01-22,2026-01-23,2026-01-29,002532,0.02173913043478261,0.9155711422845693,0.09447128287708018,0.0020537235408060912,
stable_extra_wide_capacity,w01,2026-01-22,2026-01-23,2026-01-29,001389,0.02173913043478261,0.9148897795591182,0.0025699600228441533,5.586869614878595e-05,
stable_extra_wide_capacity,w01,2026-01-22,2026-01-23,2026-01-29,600498,0.02173913043478261,0.9135671342685372,0.04155707522356655,0.000903414678773186,
stable_extra_wide_capacity,w01,2026-01-22,2026-01-23,2026-01-29,688563,0.02173913043478261,0.9124849699398798,0.021352844557264605,0.0004641922729840132,
stable_extra_wide_capacity,w01,2026-01-22,2026-01-23,2026-01-29,002281,0.02173913043478261,0.9109418837675352,-0.031280276816609054,-0.0006800060177523708,
stable_extra_wide_capacity,w01,2026-01-22,2026-01-23,2026-01-29,002837,0.02173913043478261,0.9081763527054109,-0.0015075376884422509,-3.277255844439676e-05,
stable_extra_wide_capacity,w01,2026-01-22,2026-01-23,2026-01-29,002335,0.02173913043478261,0.9074699398797595,0.01415246059826325,0.0003076621869187663,
stable_extra_wide_capacity,w01,2026-01-22,2026-01-23,2026-01-29,601061,0.02173913043478261,0.897555110220441,0.06531678641410821,0.001419930139437135,
stable_extra_wide_capacity,w01,2026-01-22,2026-01-23,2026-01-29,002195,0.02173913043478261,0.9833967935871744,0.025252525252525304,0.0005489679402722893,
stable_extra_wide_capacity,w01,2026-01-22,2026-01-23,2026-01-29,600580,0.02173913043478261,0.897119238476954,-0.07526652452025584,-0.0016362287939186053,
stable_extra_wide_capacity,w01,2026-01-22,2026-01-23,2026-01-29,600549,0.02173913043478261,0.8949248496993988,0.03465517241379312,0.0007533733133433288,
stable_extra_wide_capacity,w01,2026-01-22,2026-01-23,2026-01-29,688183,0.02173913043478261,0.8940230460921843,-0.08264462809917361,-0.0017966223499820352,
stable_extra_wide_capacity,w01,2026-01-22,2026-01-23,2026-01-29,603341,0.02173913043478261,0.8924649298597196,-0.036337209302325535,-0.0007899393326592509,
stable_extra_wide_capacity,w01,2026-01-22,2026-01-23,2026-01-29,300037,0.02173913043478261,0.8902755511022045,-0.09040852575488445,-0.0019654027338018363,
stable_extra_wide_capacity,w01,2026-01-22,2026-01-23,2026-01-29,002436,0.02173913043478261,0.8883767535070141,-0.08851952068032476,-0.0019243374060940168,
stable_extra_wide_capacity,w01,2026-01-22,2026-01-23,2026-01-29,002409,0.02173913043478261,0.8880360721442886,-0.0031582271818085816,-6.865711264801265e-05,
stable_extra_wide_capacity,w01,2026-01-22,2026-01-23,2026-01-29,688347,0.02173913043478261,0.8875450901803608,0.09916062028738093,0.002155665658421325,
stable_extra_wide_capacity,w01,2026-01-22,2026-01-23,2026-01-29,000703,0.02173913043478261,0.8857715430861723,0.06190061028770688,0.0013456654410371064,
stable_extra_wide_capacity,w01,2026-01-22,2026-01-23,2026-01-29,300450,0.02173913043478261,0.9226803607214429,-0.01846689895470377,-0.0004014543251022559,
stable_extra_wide_capacity,w01,2026-01-22,2026-01-23,2026-01-29,002738,0.02173913043478261,0.9250100200400803,0.015067147068457132,0.00032754667540124205,
stable_extra_wide_capacity,w01,2026-01-22,2026-01-23,2026-01-29,300223,0.02173913043478261,0.9269839679358718,0.03358180859875026,0.0007300393173641362,
stable_extra_wide_capacity,w01,2026-01-22,2026-01-23,2026-01-29,002851,0.02173913043478261,0.9287174348697396,0.12949324916710503,0.002815070634067501,
stable_extra_wide_capacity,w01,2026-01-22,2026-01-23,2026-01-29,002202,0.02173913043478261,0.9808617234468938,0.00037188545927846484,8.084466506053584e-06,
stable_extra_wide_capacity,w01,2026-01-22,2026-01-23,2026-01-29,301611,0.02173913043478261,0.9793787575150301,-0.08246872139151673,-0.0017927982911199291,
stable_extra_wide_capacity,w01,2026-01-22,2026-01-23,2026-01-29,603920,0.02173913043478261,0.9696392785571143,0.07633076665550709,0.001659364492511024,
stable_extra_wide_capacity,w01,2026-01-22,2026-01-23,2026-01-29,300285,0.02173913043478261,0.9687775551102205,-0.07294552169898438,-0.0015857722108474869,
stable_extra_wide_capacity,w01,2026-01-22,2026-01-23,2026-01-29,688387,0.02173913043478261,0.9576152304609218,0.021656740660530804,0.0004707987100115393,
stable_extra_wide_capacity,w01,2026-01-22,2026-01-23,2026-01-29,601106,0.02173913043478261,0.9570841683366733,-0.025688073394495525,-0.0005584363781412072,
stable_extra_wide_capacity,w01,2026-01-22,2026-01-23,2026-01-29,601179,0.02173913043478261,0.9554008016032065,-0.02975420439844767,-0.0006468305304010364,
stable_extra_wide_capacity,w01,2026-01-22,2026-01-23,2026-01-29,300346,0.02173913043478261,0.9542384769539078,-0.032136105860113395,-0.0006986109969589869,
stable_extra_wide_capacity,w01,2026-01-22,2026-01-23,2026-01-29,002465,0.02173913043478261,0.9511122244488979,-0.04264625478403483,-0.0009270924953051051,
stable_extra_wide_capacity,w01,2026-01-22,2026-01-23,2026-01-29,300751,0.02173913043478261,0.9480260521042085,0.20506844247132827,0.004458009618941919,
stable_extra_wide_capacity,w01,2026-01-22,2026-01-23,2026-01-29,000426,0.02173913043478261,0.9479408817635271,0.2981390049373338,0.006481282716028997,
stable_extra_wide_capacity,w01,2026-01-22,2026-01-23,2026-01-29,301200,0.02173913043478261,0.9431362725450901,-0.09324942791762014,-0.002027161476470003,
stable_extra_wide_capacity,w01,2026-01-22,2026-01-23,2026-01-29,000657,0.02173913043478261,0.9428757515030061,0.16137379440131738,0.0035081259652460306,
stable_extra_wide_capacity,w01,2026-01-22,2026-01-23,2026-01-29,300567,0.02173913043478261,0.9396793587174349,-0.08750425604358181,-0.0019022664357300396,
stable_extra_wide_capacity,w01,2026-01-22,2026-01-23,2026-01-29,603650,0.02173913043478261,0.9387374749498999,-0.06223316912972088,-0.0013528949810808887,
stable_extra_wide_capacity,w01,2026-01-22,2026-01-23,2026-01-29,300454,0.02173913043478261,0.9344789579158317,0.01490571685124209,0.00032403732285308894,
stable_extra_wide_capacity,w01,2026-01-22,2026-01-23,2026-01-29,000878,0.02173913043478261,0.9327104208416834,0.3238993710691822,0.007041290675417006,
stable_extra_wide_capacity,w01,2026-01-22,2026-01-23,2026-01-29,300570,0.02173913043478261,0.930501002004008,0.03551401869158877,0.0007720438845997559,
stable_extra_wide_capacity,w01,2026-01-22,2026-01-23,2026-01-29,688122,0.02173913043478261,0.930120240480962,-0.04159860612000432,-0.0009043175243479202,
stable_extra_wide_capacity,w01,2026-01-22,2026-01-23,2026-01-29,300857,0.02173913043478261,0.8833867735470942,0.10297885166021992,0.0022386706882656505,
stable_medium_capacity,w01,2026-01-22,2026-01-23,2026-01-29,688281,0.01075268817204301,0.9977204408817635,-0.059271964932342325,-0.0006373329562617454,
stable_medium_capacity,w01,2026-01-22,2026-01-23,2026-01-29,002756,0.01075268817204301,0.8424148296593186,0.020952380952381056,0.00022529441884280702,
stable_medium_capacity,w01,2026-01-22,2026-01-23,2026-01-29,601611,0.01075268817204301,0.8310871743486974,-0.09885714285714287,-0.0010629800307219662,
stable_medium_capacity,w01,2026-01-22,2026-01-23,2026-01-29,600699,0.01075268817204301,0.8329158316633266,-0.06873760740251167,-0.0007391140580915233,
stable_medium_capacity,w01,2026-01-22,2026-01-23,2026-01-29,002153,0.01075268817204301,0.8335320641282565,-0.033674963396779,-0.0003620963806105269,
stable_medium_capacity,w01,2026-01-22,2026-01-23,2026-01-29,300627,0.01075268817204301,0.8336272545090181,-0.03379224030037553,-0.0003633574225846831,
stable_medium_capacity,w01,2026-01-22,2026-01-23,2026-01-29,301358,0.01075268817204301,0.8352354709418839,-0.028391167192428846,-0.0003052813676605252,
stable_medium_capacity,w01,2026-01-22,2026-01-23,2026-01-29,002064,0.01075268817204301,0.8360721442885772,0.00219780219780219,2.363228169679774e-05,
stable_medium_capacity,w01,2026-01-22,2026-01-23,2026-01-29,300395,0.01075268817204301,0.8384619238476954,-0.013347346295323304,-0.00014351985263788498,
stable_medium_capacity,w01,2026-01-22,2026-01-23,2026-01-29,688702,0.01075268817204301,0.8415881763527053,0.1360175695461201,0.0014625545112486032,
stable_medium_capacity,w01,2026-01-22,2026-01-23,2026-01-29,300073,0.01075268817204301,0.8419689378757516,-0.06686380811565629,-0.0007189656786629708,
stable_medium_capacity,w01,2026-01-22,2026-01-23,2026-01-29,603650,0.01075268817204301,0.842865731462926,-0.06223316912972088,-0.0006691738616099018,
stable_medium_capacity,w01,2026-01-22,2026-01-23,2026-01-29,688599,0.01075268817204301,0.8710220440881763,0.10285075461151472,0.0011059220925969324,
stable_medium_capacity,w01,2026-01-22,2026-01-23,2026-01-29,688018,0.01075268817204301,0.8430711422845691,-0.0396056338028169,-0.0004258670301378161,
stable_medium_capacity,w01,2026-01-22,2026-01-23,2026-01-29,300751,0.01075268817204301,0.8431663326653307,0.20506844247132827,0.002205037015820734,
stable_medium_capacity,w01,2026-01-22,2026-01-23,2026-01-29,300454,0.01075268817204301,0.8442735470941883,0.01490571685124209,0.000160276525282173,
stable_medium_capacity,w01,2026-01-22,2026-01-23,2026-01-29,600549,0.01075268817204301,0.8446768537074147,0.03465517241379312,0.0003726362625139045,
stable_medium_capacity,w01,2026-01-22,2026-01-23,2026-01-29,601106,0.01075268817204301,0.8468837675350702,-0.025688073394495525,-0.0002762158429515648,
stable_medium_capacity,w01,2026-01-22,2026-01-23,2026-01-29,002202,0.01075268817204301,0.852620240480962,0.00037188545927846484,3.9987683793383315e-06,
stable_medium_capacity,w01,2026-01-22,2026-01-23,2026-01-29,688017,0.01075268817204301,0.8543336673346693,0.0035899858290033837,3.8601998161326703e-05,
stable_medium_capacity,w01,2026-01-22,2026-01-23,2026-01-29,000830,0.01075268817204301,0.8588476953907817,-0.030288226673180096,-0.00032567985670086124,
stable_medium_capacity,w01,2026-01-22,2026-01-23,2026-01-29,688629,0.01075268817204301,0.8599949899799599,-0.06982026466521829,-0.0007507555340346053,
stable_medium_capacity,w01,2026-01-22,2026-01-23,2026-01-29,002429,0.01075268817204301,0.8296042084168336,0.018614270941054833,0.00020015345097908422,
stable_medium_capacity,w01,2026-01-22,2026-01-23,2026-01-29,000021,0.01075268817204301,0.8281312625250501,-0.013329101872421534,-0.00014332367604754336,
stable_medium_capacity,w01,2026-01-22,2026-01-23,2026-01-29,601958,0.01075268817204301,0.8264028056112225,0.18626430801248706,0.0020028420216396457,
stable_medium_capacity,w01,2026-01-22,2026-01-23,2026-01-29,601061,0.01075268817204301,0.8216132264529057,0.06531678641410821,0.0007023310367108409,
stable_medium_capacity,w01,2026-01-22,2026-01-23,2026-01-29,002430,0.01075268817204301,0.7798446893787575,-0.06382978723404253,-0.0006863417982155111,
stable_medium_capacity,w01,2026-01-22,2026-01-23,2026-01-29,688172,0.01075268817204301,0.7807865731462926,0.3291678500426014,0.003539439247769907,
stable_medium_capacity,w01,2026-01-22,2026-01-23,2026-01-29,301611,0.01075268817204301,0.7819038076152304,-0.08246872139151673,-0.0008867604450700723,
stable_medium_capacity,w01,2026-01-22,2026-01-23,2026-01-29,603341,0.01075268817204301,0.7821993987975953,-0.036337209302325535,-0.000390722680670167,
stable_medium_capacity,w01,2026-01-22,2026-01-23,2026-01-29,002008,0.01075268817204301,0.7828006012024047,-0.05928085519922266,-0.0006374285505292758,
stable_medium_capacity,w01,2026-01-22,2026-01-23,2026-01-29,300570,0.01075268817204301,0.7828507014028055,0.03551401869158877,0.0003818711687267609,
stable_medium_capacity,w01,2026-01-22,2026-01-23,2026-01-29,600995,0.01075268817204301,0.7846492985971945,-0.01377810007251623,-0.0001481516136829702,
stable_medium_capacity,w01,2026-01-22,2026-01-23,2026-01-29,688002,0.01075268817204301,0.7854008016032065,0.11220319190346428,0.0012064859344458525,
stable_medium_capacity,w01,2026-01-22,2026-01-23,2026-01-29,603225,0.01075268817204301,0.7862274549098196,-0.046097672295755454,-0.0004956738956532844,
stable_medium_capacity,w01,2026-01-22,2026-01-23,2026-01-29,601233,0.01075268817204301,0.7899699398797595,0.027750730282375846,0.0002983949492728585,
stable_medium_capacity,w01,2026-01-22,2026-01-23,2026-01-29,688347,0.01075268817204301,0.7965581162324649,0.09916062028738093,0.0010662432288965692,
stable_medium_capacity,w01,2026-01-22,2026-01-23,2026-01-29,603228,0.01075268817204301,0.800681362725451,-0.06707674282366727,-0.0007212552991792179,
stable_medium_capacity,w01,2026-01-22,2026-01-23,2026-01-29,300346,0.01075268817204301,0.8040480961923847,-0.032136105860113395,-0.00034554952537756335,
stable_medium_capacity,w01,2026-01-22,2026-01-23,2026-01-29,002683,0.01075268817204301,0.806067134268537,-0.06349802742814192,-0.0006827744884746442,
stable_medium_capacity,w01,2026-01-22,2026-01-23,2026-01-29,603786,0.01075268817204301,0.8144639278557114,-0.11746231155778886,-0.0012630356081482672,
stable_medium_capacity,w01,2026-01-22,2026-01-23,2026-01-29,300487,0.01075268817204301,0.8200100200400802,-0.04680616740088117,-0.00050329212259012,
stable_medium_capacity,w01,2026-01-22,2026-01-23,2026-01-29,688582,0.01075268817204301,0.8207114228456913,-0.04564785937057003,-0.000490837197533011,
stable_medium_capacity,w01,2026-01-22,2026-01-23,2026-01-29,600295,0.01075268817204301,0.820751503006012,0.04364820846905526,0.00046933557493607805,
stable_medium_capacity,w01,2026-01-22,2026-01-23,2026-01-29,002266,0.01075268817204301,0.8211322645290582,0.03614457831325302,0.00038865137971239803,
stable_medium_capacity,w01,2026-01-22,2026-01-23,2026-01-29,002080,0.01075268817204301,0.8614679358717435,0.026251823043266898,0.0002822776671319021,
stable_medium_capacity,w01,2026-01-22,2026-01-23,2026-01-29,603156,0.01075268817204301,0.8711923847695391,-0.07405177603853097,-0.00079625565632829,
stable_medium_capacity,w01,2026-01-22,2026-01-23,2026-01-29,001389,0.01075268817204301,0.9970841683366733,0.0025699600228441533,2.763397874025971e-05,
stable_medium_capacity,w01,2026-01-22,2026-01-23,2026-01-29,688122,0.01075268817204301,0.951808617234469,-0.04159860612000432,-0.00044729684000004643,
stable_medium_capacity,w01,2026-01-22,2026-01-23,2026-01-29,300919,0.01075268817204301,0.9373346693386775,0.11488005997001505,0.0012352694620431724,
stable_medium_capacity,w01,2026-01-22,2026-01-23,2026-01-29,688778,0.01075268817204301,0.9378857715430863,-0.04938005390835576,-0.0005309683215952232,
stable_medium_capacity,w01,2026-01-22,2026-01-23,2026-01-29,002281,0.01075268817204301,0.9384268537074149,-0.031280276816609054,-0.00033634706254418334,
stable_medium_capacity,w01,2026-01-22,2026-01-23,2026-01-29,002851,0.01075268817204301,0.9390731462925852,0.12949324916710503,0.0013924005286785487,
stable_medium_capacity,w01,2026-01-22,2026-01-23,2026-01-29,688183,0.01075268817204301,0.9401027054108216,-0.08264462809917361,-0.0008886519150448775,
stable_medium_capacity,w01,2026-01-22,2026-01-23,2026-01-29,300223,0.01075268817204301,0.9480861723446894,0.03358180859875026,0.0003610947161155942,
stable_medium_capacity,w01,2026-01-22,2026-01-23,2026-01-29,000878,0.01075268817204301,0.9496768537074148,0.3238993710691822,0.0034827889362277656,
stable_medium_capacity,w01,2026-01-22,2026-01-23,2026-01-29,300450,0.01075268817204301,0.9505886773547094,-0.01846689895470377,-0.00019856880596455664,
stable_medium_capacity,w01,2026-01-22,2026-01-23,2026-01-29,600516,0.01075268817204301,0.9516282565130261,0.03979238754325243,0.00042787513487368197,
stable_medium_capacity,w01,2026-01-22,2026-01-23,2026-01-29,605358,0.01075268817204301,0.9520741482965931,0.03537284894837467,0.00038035321449865234,
stable_medium_capacity,w01,2026-01-22,2026-01-23,2026-01-29,601608,0.01075268817204301,0.8736823647294589,-0.01749999999999996,-0.00018817204301075225,
stable_medium_capacity,w01,2026-01-22,2026-01-23,2026-01-29,603920,0.01075268817204301,0.9579809619238476,0.07633076665550709,0.0008207609317796461,
stable_medium_capacity,w01,2026-01-22,2026-01-23,2026-01-29,300432,0.01075268817204301,0.9601953907815631,-0.09270833333333317,-0.0009968637992831522,
stable_medium_capacity,w01,2026-01-22,2026-01-23,2026-01-29,300037,0.01075268817204301,0.9648822645290581,-0.09040852575488445,-0.0009721346855363919,
stable_medium_capacity,w01,2026-01-22,2026-01-23,2026-01-29,688709,0.01075268817204301,0.9708517034068136,0.004919323101141293,5.289594732409992e-05,
stable_medium_capacity,w01,2026-01-22,2026-01-23,2026-01-29,002195,0.01075268817204301,0.9710220440881764,0.025252525252525304,0.00027153252959704623,
stable_medium_capacity,w01,2026-01-22,2026-01-23,2026-01-29,002335,0.01075268817204301,0.9717209418837676,0.01415246059826325,0.00015217699568025,
stable_medium_capacity,w01,2026-01-22,2026-01-23,2026-01-29,688387,0.01075268817204301,0.9774148296593186,0.021656740660530804,0.0002328681791454925,
stable_medium_capacity,w01,2026-01-22,2026-01-23,2026-01-29,688385,0.01075268817204301,0.9804158316633266,0.0034869240348691655,3.7493806826550166e-05,
stable_medium_capacity,w01,2026-01-22,2026-01-23,2026-01-29,300285,0.01075268817204301,0.9841482965931864,-0.07294552169898438,-0.0007843604483761761,
stable_medium_capacity,w01,2026-01-22,2026-01-23,2026-01-29,688027,0.01075268817204301,0.9359368737474949,0.07257131186602228,0.0007803366867314223,
stable_medium_capacity,w01,2026-01-22,2026-01-23,2026-01-29,000155,0.01075268817204301,0.9282264529058116,0.03317901234567899,0.0003567635736094515,
stable_medium_capacity,w01,2026-01-22,2026-01-23,2026-01-29,600673,0.01075268817204301,0.9250576152304609,-0.04986052998605295,-0.0005361347310328273,
stable_medium_capacity,w01,2026-01-22,2026-01-23,2026-01-29,600363,0.01075268817204301,0.9219388777555111,-0.041617122473246115,-0.00044749594057253886,
stable_medium_capacity,w01,2026-01-22,2026-01-23,2026-01-29,002436,0.01075268817204301,0.8761322645290581,-0.08851952068032476,-0.0009518228030142447,
stable_medium_capacity,w01,2026-01-22,2026-01-23,2026-01-29,600498,0.01075268817204301,0.8768336673346693,0.04155707522356655,0.0004468502712211457,
stable_medium_capacity,w01,2026-01-22,2026-01-23,2026-01-29,300857,0.01075268817204301,0.8776553106212425,0.10297885166021992,0.0011072994802174183,
stable_medium_capacity,w01,2026-01-22,2026-01-23,2026-01-29,688361,0.01075268817204301,0.880561122244489,-0.05154430379746844,-0.0005542398257792305,
stable_medium_capacity,w01,2026-01-22,2026-01-23,2026-01-29,300763,0.01075268817204301,0.8811372745490982,0.04703247480403139,0.0005057255355272192,
stable_medium_capacity,w01,2026-01-22,2026-01-23,2026-01-29,688037,0.01075268817204301,0.8832214428857715,0.023592233009708696,0.00025367992483557735,
stable_medium_capacity,w01,2026-01-22,2026-01-23,2026-01-29,002532,0.01075268817204301,0.884308617234469,0.09447128287708018,0.0010158202459901093,
stable_medium_capacity,w01,2026-01-22,2026-01-23,2026-01-29,300567,0.01075268817204301,0.8865330661322646,-0.08750425604358181,-0.0009409059789632451,
stable_medium_capacity,w01,2026-01-22,2026-01-23,2026-01-29,300724,0.01075268817204301,0.889058116232465,0.2196868008948547,0.002362223665536072,
stable_medium_capacity,w01,2026-01-22,2026-01-23,2026-01-29,688676,0.01075268817204301,0.889504008016032,-0.057082023725032904,-0.0006137852013444398,
stable_medium_capacity,w01,2026-01-22,2026-01-23,2026-01-29,000703,0.01075268817204301,0.8953456913827655,0.06190061028770688,0.0006655979600828696,
stable_medium_capacity,w01,2026-01-22,2026-01-23,2026-01-29,002409,0.01075268817204301,0.9024298597194389,-0.0031582271818085816,-3.3959432062457865e-05,
stable_medium_capacity,w01,2026-01-22,2026-01-23,2026-01-29,300748,0.01075268817204301,0.9041783567134268,0.08860089923300696,0.0009526978412151286,
stable_medium_capacity,w01,2026-01-22,2026-01-23,2026-01-29,688220,0.01075268817204301,0.9107414829659319,-0.05538526582813652,-0.0005955404927756615,
stable_medium_capacity,w01,2026-01-22,2026-01-23,2026-01-29,601399,0.01075268817204301,0.9143386773547093,-0.08626760563380276,-0.0009276086627290619,
stable_medium_capacity,w01,2026-01-22,2026-01-23,2026-01-29,002738,0.01075268817204301,0.9151102204408819,0.015067147068457132,0.00016201233406943152,
stable_medium_capacity,w01,2026-01-22,2026-01-23,2026-01-29,300207,0.01075268817204301,0.9162875751503007,-0.02513391017717348,-0.0002702570986792847,
stable_medium_capacity,w01,2026-01-22,2026-01-23,2026-01-29,688318,0.01075268817204301,0.9195741482965932,-0.02782633014052993,-0.0002992078509734401,
stable_medium_capacity,w01,2026-01-22,2026-01-23,2026-01-29,688608,0.01075268817204301,0.919744488977956,-0.04702455264253025,-0.0005056403509949488,
stable_medium_capacity,w01,2026-01-22,2026-01-23,2026-01-29,300383,0.01075268817204301,0.777009018036072,0.08831710709318497,0.0009496463128299458,
balanced_extra_wide_capacity,w02,2026-01-29,2026-01-30,2026-02-05,000155,0.015625,0.9414078156312626,-0.07916355489171023,-0.0012369305451829724,
balanced_extra_wide_capacity,w02,2026-01-29,2026-01-30,2026-02-05,002008,0.015625,0.9414078156312626,0.011363636363636465,0.00017755681818181976,
balanced_extra_wide_capacity,w02,2026-01-29,2026-01-30,2026-02-05,688615,0.015625,0.9414078156312626,-0.15383022774327126,-0.0024035973084886135,
balanced_extra_wide_capacity,w02,2026-01-29,2026-01-30,2026-02-05,688778,0.015625,0.9414078156312626,-0.06215265963479644,-0.0009711353067936943,
balanced_extra_wide_capacity,w02,2026-01-29,2026-01-30,2026-02-05,002281,0.015625,0.9141282565130261,-0.052293184740677234,-0.0008170810115730818,
balanced_extra_wide_capacity,w02,2026-01-29,2026-01-30,2026-02-05,002335,0.015625,0.9141282565130261,-0.10846812559467178,-0.0016948144624167466,
balanced_extra_wide_capacity,w02,2026-01-29,2026-01-30,2026-02-05,002756,0.015625,0.9141282565130261,-0.12313432835820903,-0.0019239738805970161,
balanced_extra_wide_capacity,w02,2026-01-29,2026-01-30,2026-02-05,003031,0.015625,0.9141282565130261,-0.02422190389373613,-0.000378467248339627,
balanced_extra_wide_capacity,w02,2026-01-29,2026-01-30,2026-02-05,300037,0.015625,0.9141282565130261,-0.054090997851982126,-0.0008451718414372207,
balanced_extra_wide_capacity,w02,2026-01-29,2026-01-30,2026-02-05,300073,0.015625,0.9141282565130261,-0.03785211267605626,-0.0005914392605633791,
balanced_extra_wide_capacity,w02,2026-01-29,2026-01-30,2026-02-05,300207,0.015625,0.9141282565130261,-0.013524936601859716,-0.00021132713440405806,
balanced_extra_wide_capacity,w02,2026-01-29,2026-01-30,2026-02-05,301358,0.015625,0.9141282565130261,-0.05225726654298102,-0.0008165197897340784,
balanced_extra_wide_capacity,w02,2026-01-29,2026-01-30,2026-02-05,600363,0.015625,0.9141282565130261,-0.010390818858560857,-0.0001623565446650134,
balanced_extra_wide_capacity,w02,2026-01-29,2026-01-30,2026-02-05,600516,0.015625,0.9141282565130261,-0.05823627287853572,-0.0009099417637271207,
balanced_extra_wide_capacity,w02,2026-01-29,2026-01-30,2026-02-05,688018,0.015625,0.9141282565130261,-0.052443245145773476,-0.0008194257054027106,
balanced_extra_wide_capacity,w02,2026-01-29,2026-01-30,2026-02-05,688183,0.015625,0.9141282565130261,-0.06948198198198197,-0.0010856559684684682,
balanced_extra_wide_capacity,w02,2026-01-29,2026-01-30,2026-02-05,688220,0.015625,0.9141282565130261,-0.11715340718361866,-0.0018305219872440416,
balanced_extra_wide_capacity,w02,2026-01-29,2026-01-30,2026-02-05,688318,0.015625,0.9141282565130261,-0.04933477166486888,-0.0007708558072635763,
balanced_extra_wide_capacity,w02,2026-01-29,2026-01-30,2026-02-05,688582,0.015625,0.9141282565130261,-0.045157456922162664,-0.0007055852644087916,
balanced_extra_wide_capacity,w02,2026-01-29,2026-01-30,2026-02-05,688608,0.015625,0.9141282565130261,-0.08737991266375544,-0.0013653111353711788,
balanced_extra_wide_capacity,w02,2026-01-29,2026-01-30,2026-02-05,688709,0.015625,0.9141282565130261,-0.06990405326023108,-0.0010922508321911106,
balanced_extra_wide_capacity,w02,2026-01-29,2026-01-30,2026-02-05,002025,0.015625,0.8803857715430863,0.02281591263650551,0.0003564986349453986,
balanced_extra_wide_capacity,w02,2026-01-29,2026-01-30,2026-02-05,000723,0.015625,0.8531062124248497,0.0,0.0,
balanced_extra_wide_capacity,w02,2026-01-29,2026-01-30,2026-02-05,000528,0.015625,0.7800851703406814,0.019197207678882888,0.00029995636998254513,
balanced_extra_wide_capacity,w02,2026-01-29,2026-01-30,2026-02-05,000563,0.015625,0.7800851703406814,-0.005494505494505475,-8.585164835164805e-05,
balanced_extra_wide_capacity,w02,2026-01-29,2026-01-30,2026-02-05,000591,0.015625,0.7800851703406814,-0.019855595667870096,-0.00031024368231047025,
balanced_extra_wide_capacity,w02,2026-01-29,2026-01-30,2026-02-05,002410,0.015625,0.7800851703406814,-0.0637560637560638,-0.0009961884961884968,
balanced_extra_wide_capacity,w02,2026-01-29,2026-01-30,2026-02-05,002439,0.015625,0.7800851703406814,-0.04415760869565222,-0.0006899626358695659,
balanced_extra_wide_capacity,w02,2026-01-29,2026-01-30,2026-02-05,002583,0.015625,0.7800851703406814,-0.009099181073703333,-0.00014217470427661458,
balanced_extra_wide_capacity,w02,2026-01-29,2026-01-30,2026-02-05,300100,0.015625,0.7800851703406814,-0.025319977740678845,-0.00039562465219810695,
balanced_extra_wide_capacity,w02,2026-01-29,2026-01-30,2026-02-05,300142,0.015625,0.7800851703406814,-0.02482544608223436,-0.00038789759503491186,
balanced_extra_wide_capacity,w02,2026-01-29,2026-01-30,2026-02-05,688599,0.015625,0.9414078156312626,0.03699949315762807,0.0005781170805879386,
balanced_extra_wide_capacity,w02,2026-01-29,2026-01-30,2026-02-05,688385,0.015625,0.9414078156312626,-0.04306279473814845,-0.0006728561677835695,
balanced_extra_wide_capacity,w02,2026-01-29,2026-01-30,2026-02-05,688281,0.015625,0.9414078156312626,-0.027755267423014485,-0.0004336760534846013,
balanced_extra_wide_capacity,w02,2026-01-29,2026-01-30,2026-02-05,300724,0.015625,0.9414078156312626,-0.0506236243580338,-0.0007909941305942782,
balanced_extra_wide_capacity,w02,2026-01-29,2026-01-30,2026-02-05,002156,0.015625,0.9414078156312626,-0.07285797551972018,-0.0011384058674956277,
balanced_extra_wide_capacity,w02,2026-01-29,2026-01-30,2026-02-05,002195,0.015625,0.9414078156312626,-0.021674876847290747,-0.0003386699507389179,
balanced_extra_wide_capacity,w02,2026-01-29,2026-01-30,2026-02-05,002409,0.015625,0.9414078156312626,-0.06389270250290413,-0.000998323476607877,
balanced_extra_wide_capacity,w02,2026-01-29,2026-01-30,2026-02-05,002429,0.015625,0.9414078156312626,-0.039593908629441454,-0.0006186548223350227,
balanced_extra_wide_capacity,w02,2026-01-29,2026-01-30,2026-02-05,002436,0.015625,0.9414078156312626,-0.0746395250212043,-0.0011662425784563172,
balanced_extra_wide_capacity,w02,2026-01-29,2026-01-30,2026-02-05,002851,0.015625,0.9414078156312626,-0.08716913762322454,-0.0013620177753628834,
balanced_extra_wide_capacity,w02,2026-01-29,2026-01-30,2026-02-05,300285,0.015625,0.9414078156312626,0.01958831341301459,0.000306067397078353,
balanced_extra_wide_capacity,w02,2026-01-29,2026-01-30,2026-02-05,300432,0.015625,0.9414078156312626,0.02238805970149227,0.0003498134328358167,
balanced_extra_wide_capacity,w02,2026-01-29,2026-01-30,2026-02-05,300450,0.015625,0.9414078156312626,0.014909478168263934,0.00023296059637912397,
balanced_extra_wide_capacity,w02,2026-01-29,2026-01-30,2026-02-05,300454,0.015625,0.9414078156312626,-0.17724430812787528,-0.0027694423144980513,
balanced_extra_wide_capacity,w02,2026-01-29,2026-01-30,2026-02-05,300496,0.015625,0.9414078156312626,-0.07859007832898168,-0.0012279699738903388,
balanced_extra_wide_capacity,w02,2026-01-29,2026-01-30,2026-02-05,300604,0.015625,0.9414078156312626,0.020936156662951788,0.0003271274478586217,
balanced_extra_wide_capacity,w02,2026-01-29,2026-01-30,2026-02-05,300627,0.015625,0.9414078156312626,-0.01865284974093262,-0.0002914507772020722,
balanced_extra_wide_capacity,w02,2026-01-29,2026-01-30,2026-02-05,300757,0.015625,0.9414078156312626,0.13869047619047636,0.002167038690476193,
balanced_extra_wide_capacity,w02,2026-01-29,2026-01-30,2026-02-05,688122,0.015625,0.9414078156312626,-0.06624247244631287,-0.0010350386319736386,
balanced_extra_wide_capacity,w02,2026-01-29,2026-01-30,2026-02-05,300763,0.015625,0.9414078156312626,-0.039809863339275164,-0.0006220291146761744,
balanced_extra_wide_capacity,w02,2026-01-29,2026-01-30,2026-02-05,300857,0.015625,0.9414078156312626,-0.06121054788905589,-0.0009564148107664983,
balanced_extra_wide_capacity,w02,2026-01-29,2026-01-30,2026-02-05,300919,0.015625,0.9414078156312626,-0.15094973945200885,-0.0023585896789376382,
balanced_extra_wide_capacity,w02,2026-01-29,2026-01-30,2026-02-05,600435,0.015625,0.9414078156312626,-0.018397626112759746,-0.00028746290801187104,
balanced_extra_wide_capacity,w02,2026-01-29,2026-01-30,2026-02-05,600498,0.015625,0.9414078156312626,-0.013383838383838387,-0.0002091224747474748,
balanced_extra_wide_capacity,w02,2026-01-29,2026-01-30,2026-02-05,600673,0.015625,0.9414078156312626,0.05761467889908256,0.000900229357798165,
balanced_extra_wide_capacity,w02,2026-01-29,2026-01-30,2026-02-05,601179,0.015625,0.9414078156312626,-0.038000000000000034,-0.0005937500000000005,
balanced_extra_wide_capacity,w02,2026-01-29,2026-01-30,2026-02-05,601611,0.015625,0.9414078156312626,-0.012682308180088753,-0.00019816106531388676,
balanced_extra_wide_capacity,w02,2026-01-29,2026-01-30,2026-02-05,603077,0.015625,0.9414078156312626,-0.09737827715355796,-0.001521535580524343,
balanced_extra_wide_capacity,w02,2026-01-29,2026-01-30,2026-02-05,603920,0.015625,0.9414078156312626,0.04945567651632987,0.0007727449455676542,
balanced_extra_wide_capacity,w02,2026-01-29,2026-01-30,2026-02-05,605358,0.015625,0.9414078156312626,-0.09556786703601106,-0.0014932479224376728,
balanced_extra_wide_capacity,w02,2026-01-29,2026-01-30,2026-02-05,688019,0.015625,0.9414078156312626,-0.02940188798925414,-0.0004594044998320959,
balanced_extra_wide_capacity,w02,2026-01-29,2026-01-30,2026-02-05,688027,0.015625,0.9414078156312626,0.06158362424627084,0.0009622441288479819,
balanced_extra_wide_capacity,w02,2026-01-29,2026-01-30,2026-02-05,300558,0.015625,0.7800851703406814,0.00021061499578789444,3.2908593091858507e-06,
balanced_medium_current,w02,2026-01-29,2026-01-30,2026-02-05,300751,0.020408163265306124,1.0,-0.096767261228625,-0.0019748420658903063,
balanced_medium_current,w02,2026-01-29,2026-01-30,2026-02-05,000960,0.020408163265306124,0.9498997995991983,-0.19517241379310346,-0.00398311048557354,
balanced_medium_current,w02,2026-01-29,2026-01-30,2026-02-05,300223,0.020408163265306124,0.9468937875751503,-0.0651271217308953,-0.0013291249332835777,
balanced_medium_current,w02,2026-01-29,2026-01-30,2026-02-05,601179,0.020408163265306124,0.9438877755511023,-0.038000000000000034,-0.0007755102040816334,
balanced_medium_current,w02,2026-01-29,2026-01-30,2026-02-05,603077,0.020408163265306124,0.9418837675350702,-0.09737827715355796,-0.00198731177864404,
balanced_medium_current,w02,2026-01-29,2026-01-30,2026-02-05,001389,0.020408163265306124,0.93687374749499,-0.048514193487135704,-0.0009900855813701165,
balanced_medium_current,w02,2026-01-29,2026-01-30,2026-02-05,600487,0.020408163265306124,0.93687374749499,0.09110901665095827,0.0018593676867542507,
balanced_medium_current,w02,2026-01-29,2026-01-30,2026-02-05,600988,0.020408163265306124,0.93687374749499,-0.2327083333333334,-0.004749149659863948,
balanced_medium_current,w02,2026-01-29,2026-01-30,2026-02-05,688777,0.020408163265306124,0.93687374749499,0.09152053807350446,0.0018677660831327443,
balanced_medium_current,w02,2026-01-29,2026-01-30,2026-02-05,000155,0.020408163265306124,0.9188376753507014,-0.07916355489171023,-0.0016155827528920458,
balanced_medium_current,w02,2026-01-29,2026-01-30,2026-02-05,002008,0.020408163265306124,0.9188376753507014,0.011363636363636465,0.00023191094619666257,
balanced_medium_current,w02,2026-01-29,2026-01-30,2026-02-05,002335,0.020408163265306124,0.9188376753507014,-0.10846812559467178,-0.0022136352162177918,
balanced_medium_current,w02,2026-01-29,2026-01-30,2026-02-05,002738,0.020408163265306124,0.9188376753507014,-0.14886522534150803,-0.0030380658232960827,
balanced_medium_current,w02,2026-01-29,2026-01-30,2026-02-05,003031,0.020408163265306124,0.9188376753507014,-0.02422190389373613,-0.0004943245692599211,
balanced_medium_current,w02,2026-01-29,2026-01-30,2026-02-05,300450,0.020408163265306124,0.9188376753507014,0.014909478168263934,0.00030427506465844766,
balanced_medium_current,w02,2026-01-29,2026-01-30,2026-02-05,300604,0.020408163265306124,0.9188376753507014,0.020936156662951788,0.00042726850332554673,
balanced_medium_current,w02,2026-01-29,2026-01-30,2026-02-05,301358,0.020408163265306124,0.9188376753507014,-0.05225726654298102,-0.001066474827407776,
balanced_medium_current,w02,2026-01-29,2026-01-30,2026-02-05,605358,0.020408163265306124,0.9188376753507014,-0.09556786703601106,-0.001950364633387981,
balanced_medium_current,w02,2026-01-29,2026-01-30,2026-02-05,688183,0.020408163265306124,0.9188376753507014,-0.06948198198198197,-0.0014179996322853463,
balanced_medium_current,w02,2026-01-29,2026-01-30,2026-02-05,688385,0.020408163265306124,0.9188376753507014,-0.04306279473814845,-0.000878832545676499,
balanced_medium_current,w02,2026-01-29,2026-01-30,2026-02-05,688676,0.020408163265306124,0.9188376753507014,0.00064516129032266,1.316655694536041e-05,
balanced_medium_current,w02,2026-01-29,2026-01-30,2026-02-05,688709,0.020408163265306124,0.9188376753507014,-0.06990405326023108,-0.0014266133318414508,
balanced_medium_current,w02,2026-01-29,2026-01-30,2026-02-05,688778,0.020408163265306124,0.9188376753507014,-0.06215265963479644,-0.0012684216251999275,
balanced_medium_current,w02,2026-01-29,2026-01-30,2026-02-05,002429,0.020408163265306124,0.9468937875751503,-0.039593908629441454,-0.0008080389516212542,
balanced_medium_current,w02,2026-01-29,2026-01-30,2026-02-05,600498,0.020408163265306124,0.9529058116232465,-0.013383838383838387,-0.00027313955885384465,
balanced_medium_current,w02,2026-01-29,2026-01-30,2026-02-05,600392,0.020408163265306124,0.9979959919839679,-0.18414918414918413,-0.0037581466152894726,
balanced_medium_current,w02,2026-01-29,2026-01-30,2026-02-05,300757,0.020408163265306124,0.9529058116232465,0.13869047619047636,0.0028304178814382935,
balanced_medium_current,w02,2026-01-29,2026-01-30,2026-02-05,002851,0.020408163265306124,0.9959919839679359,-0.08716913762322454,-0.0017789619923107049,
balanced_medium_current,w02,2026-01-29,2026-01-30,2026-02-05,002195,0.020408163265306124,0.9939879759519038,-0.021674876847290747,-0.0004423444254549132,
balanced_medium_current,w02,2026-01-29,2026-01-30,2026-02-05,000060,0.020408163265306124,0.9919839679358717,-0.1964912280701755,-0.004010025062656643,
balanced_medium_current,w02,2026-01-29,2026-01-30,2026-02-05,300058,0.020408163265306124,0.9899799599198397,-0.1824786324786325,-0.0037240537240537247,
balanced_medium_current,w02,2026-01-29,2026-01-30,2026-02-05,300857,0.020408163265306124,0.9879759519038076,-0.06121054788905589,-0.0012491948548786916,
balanced_medium_current,w02,2026-01-29,2026-01-30,2026-02-05,601106,0.020408163265306124,0.9859719438877755,-0.03389830508474567,-0.0006918021445866464,
balanced_medium_current,w02,2026-01-29,2026-01-30,2026-02-05,000878,0.020408163265306124,0.9839679358717435,-0.21954530030539532,-0.00448051633276317,
balanced_medium_current,w02,2026-01-29,2026-01-30,2026-02-05,688027,0.020408163265306124,0.9819639278557114,0.06158362424627084,0.0012568086580871602,
balanced_medium_current,w02,2026-01-29,2026-01-30,2026-02-05,601399,0.020408163265306124,0.9789579158316634,-0.005780346820809301,-0.00011796626164916943,
balanced_medium_current,w02,2026-01-29,2026-01-30,2026-02-05,601611,0.020408163265306124,0.9789579158316634,-0.012682308180088753,-0.00025882261592017865,
balanced_medium_current,w02,2026-01-29,2026-01-30,2026-02-05,300454,0.020408163265306124,0.9759519038076152,-0.17724430812787528,-0.003617230778119904,
balanced_medium_current,w02,2026-01-29,2026-01-30,2026-02-05,600435,0.020408163265306124,0.9739478957915831,-0.018397626112759746,-0.0003754617574032602,
balanced_medium_current,w02,2026-01-29,2026-01-30,2026-02-05,688599,0.020408163265306124,0.9719438877755511,0.03699949315762807,0.0007550916970944505,
balanced_medium_current,w02,2026-01-29,2026-01-30,2026-02-05,002156,0.020408163265306124,0.9659318637274549,-0.07285797551972018,-0.0014868974595861261,
balanced_medium_current,w02,2026-01-29,2026-01-30,2026-02-05,300724,0.020408163265306124,0.9659318637274549,-0.0506236243580338,-0.0010331351909802818,
balanced_medium_current,w02,2026-01-29,2026-01-30,2026-02-05,300919,0.020408163265306124,0.9659318637274549,-0.15094973945200885,-0.0030806069275920176,
balanced_medium_current,w02,2026-01-29,2026-01-30,2026-02-05,603920,0.020408163265306124,0.9659318637274549,0.04945567651632987,0.001009299520741426,
balanced_medium_current,w02,2026-01-29,2026-01-30,2026-02-05,688281,0.020408163265306124,0.9659318637274549,-0.027755267423014485,-0.000566434029041112,
balanced_medium_current,w02,2026-01-29,2026-01-30,2026-02-05,600497,0.020408163265306124,0.9599198396793587,-0.2034830430797434,-0.004152715164892723,
balanced_medium_current,w02,2026-01-29,2026-01-30,2026-02-05,688615,0.020408163265306124,0.9579158316633266,-0.15383022774327126,-0.003139392402923904,
balanced_medium_current,w02,2026-01-29,2026-01-30,2026-02-05,002409,0.020408163265306124,0.9559118236472945,-0.06389270250290413,-0.0013039327041409008,
balanced_medium_current,w02,2026-01-29,2026-01-30,2026-02-05,300285,0.020408163265306124,0.9028056112224448,0.01958831341301459,0.0003997614982247876,
economic_medium_capacity,w02,2026-01-29,2026-01-30,2026-02-05,000878,0.036000000004219955,0.9949959919839679,-0.21954530030539532,-0.007903630811920703,
economic_medium_capacity,w02,2026-01-29,2026-01-30,2026-02-05,002607,0.036000000004219955,0.983066132264529,-0.03082191780821908,-0.0011095890412259539,
economic_medium_capacity,w02,2026-01-29,2026-01-30,2026-02-05,601212,0.036000000004219955,0.9949919839679359,-0.3271889400921658,-0.011778801844698691,
economic_medium_capacity,w02,2026-01-29,2026-01-30,2026-02-05,601106,0.036000000004219955,0.9459759519038076,-0.03389830508474567,-0.0012203389831938936,
economic_medium_capacity,w02,2026-01-29,2026-01-30,2026-02-05,688375,0.036000000004219955,0.9459879759519038,-0.07633587786259544,-0.00274809160337557,
economic_medium_capacity,w02,2026-01-29,2026-01-30,2026-02-05,300751,0.036000000004219955,0.946,-0.096767261228625,-0.0034836214046388534,
economic_medium_capacity,w02,2026-01-29,2026-01-30,2026-02-05,300058,0.036000000004219955,0.9769839679358717,-0.1824786324786325,-0.0065692307700008215,
economic_medium_capacity,w02,2026-01-29,2026-01-30,2026-02-05,000785,0.036000000004219955,0.9826012024048096,-0.06853582554517124,-0.0024672897199153826,
economic_medium_capacity,w02,2026-01-29,2026-01-30,2026-02-05,688114,0.036000000004219955,0.9832224448897795,-0.010385756676557945,-0.0003738872403999134,
economic_medium_capacity,w02,2026-01-29,2026-01-30,2026-02-05,002157,0.036000000004219955,0.9832384769539078,-0.03903903903903905,-0.0014054054055701486,
economic_medium_capacity,w02,2026-01-29,2026-01-30,2026-02-05,601567,0.036000000004219955,0.9833026052104208,-0.03307472437729686,-0.0011906900777222608,
economic_medium_capacity,w02,2026-01-29,2026-01-30,2026-02-05,601118,0.036000000004219955,0.993128256513026,-0.14158163265306112,-0.005096938776107668,
economic_medium_capacity,w02,2026-01-29,2026-01-30,2026-02-05,600392,0.036000000004219955,0.9942865731462925,-0.18414918414918413,-0.00662937063014773,
economic_medium_capacity,w02,2026-01-29,2026-01-30,2026-02-05,600871,0.036000000004219955,0.9944669338677354,-0.10835913312693501,-0.003900928793026931,
economic_medium_capacity,w02,2026-01-29,2026-01-30,2026-02-05,002195,0.036000000004219955,0.9458837675350701,-0.021674876847290747,-0.0007802955665939338,
economic_medium_capacity,w02,2026-01-29,2026-01-30,2026-02-05,688347,0.036000000000000004,0.9459358717434869,-0.15227802226249032,-0.005482008801449652,
economic_medium_capacity,w02,2026-01-29,2026-01-30,2026-02-05,603920,0.036000000000000004,0.9458436873747494,0.04945567651632987,0.0017804043545878755,
economic_medium_capacity,w02,2026-01-29,2026-01-30,2026-02-05,001389,0.036000000000000004,0.9458637274549098,-0.048514193487135704,-0.0017465109655368856,
economic_medium_capacity,w02,2026-01-29,2026-01-30,2026-02-05,688777,0.036000000000000004,0.9458717434869739,0.09152053807350446,0.003294739370646161,
economic_medium_capacity,w02,2026-01-29,2026-01-30,2026-02-05,300757,0.036000000000000004,0.9459639278557114,0.13869047619047636,0.00499285714285715,
economic_medium_capacity,w02,2026-01-29,2026-01-30,2026-02-05,002044,0.036000000000000004,0.945939879759519,-0.028846153846153855,-0.0010384615384615389,
economic_medium_capacity,w02,2026-01-29,2026-01-30,2026-02-05,000657,0.036000000000000004,0.9459478957915831,-0.07940044561474568,-0.002858416042130845,
economic_medium_capacity,w02,2026-01-29,2026-01-30,2026-02-05,688387,0.036000000000000004,0.9459519038076152,-0.11658717541070474,-0.004197138314785371,
economic_medium_capacity,w02,2026-01-29,2026-01-30,2026-02-05,300454,0.036000000000000004,0.9459599198396793,-0.17724430812787528,-0.006380795092603511,
economic_medium_capacity,w02,2026-01-29,2026-01-30,2026-02-05,300857,0.036000000000000004,0.9459679358717434,-0.06121054788905589,-0.002203579724006012,
economic_medium_capacity,w02,2026-01-29,2026-01-30,2026-02-05,600498,0.03333333331223356,0.9458356713426853,-0.013383838383838387,-0.00044612794584555026,
economic_medium_capacity,w02,2026-01-29,2026-01-30,2026-02-05,300919,0.02666666664978681,0.9457995991983967,-0.15094973945200885,-0.004025326382838893,
economic_medium_capacity,w02,2026-01-29,2026-01-30,2026-02-05,601179,0.019999999987340117,0.9457314629258516,-0.038000000000000034,-0.0007599999995189251,
economic_medium_capacity,w02,2026-01-29,2026-01-30,2026-02-05,688281,0.013333333324893405,0.9457154308617234,-0.027755267423014485,-0.00037007023207260735,
economic_medium_capacity,w02,2026-01-29,2026-01-30,2026-02-05,688037,0.0066666666624467024,0.9456673346693386,-0.018163710518827703,-0.00012109140338220115,
recent_compact_capacity,w02,2026-01-29,2026-01-30,2026-02-05,000878,0.032972380952380954,0.9991182364729458,-0.21954530030539532,-0.007238931277974373,
recent_compact_capacity,w02,2026-01-29,2026-01-30,2026-02-05,688777,0.032972380952380954,0.970070140280561,0.09152053807350446,0.0030176500463264745,
recent_compact_capacity,w02,2026-01-29,2026-01-30,2026-02-05,600959,0.032972380952380954,0.9281362725450901,-0.03603603603603611,-0.0011881939081939108,
recent_compact_capacity,w02,2026-01-29,2026-01-30,2026-02-05,300724,0.032972380952380954,0.9296192384769539,-0.0506236243580338,-0.0016691814275233223,
recent_compact_capacity,w02,2026-01-29,2026-01-30,2026-02-05,600339,0.032972380952380954,0.9333967935871743,-0.10232558139534886,-0.0033739180509413077,
recent_compact_capacity,w02,2026-01-29,2026-01-30,2026-02-05,000683,0.032972380952380954,0.9359569138276552,-0.06574394463667821,-0.0021677343878727965,
recent_compact_capacity,w02,2026-01-29,2026-01-30,2026-02-05,600392,0.032972380952380954,0.9960120240480961,-0.18414918414918413,-0.006071837051837051,
recent_compact_capacity,w02,2026-01-29,2026-01-30,2026-02-05,601168,0.032972380952380954,0.9557414829659319,-0.19518987341772154,-0.006435874864376131,
recent_compact_capacity,w02,2026-01-29,2026-01-30,2026-02-05,601958,0.032972380952380954,0.9661573146292585,-0.16140350877192977,-0.005321857978279029,
recent_compact_capacity,w02,2026-01-29,2026-01-30,2026-02-05,000960,0.032972380952380954,0.9664579158316632,-0.19517241379310346,-0.006435299178981938,
recent_compact_capacity,w02,2026-01-29,2026-01-30,2026-02-05,600988,0.032972380952380954,0.9522645290581162,-0.2327083333333334,-0.00767294781746032,
recent_compact_capacity,w02,2026-01-29,2026-01-30,2026-02-05,600487,0.032972380952380954,0.970070140280561,0.09110901665095827,0.0030040812052122157,
recent_compact_capacity,w02,2026-01-29,2026-01-30,2026-02-05,001389,0.032972380952380954,0.970070140280561,-0.048514193487135704,-0.0015996284692553575,
recent_compact_capacity,w02,2026-01-29,2026-01-30,2026-02-05,601118,0.032972380952380954,0.9931062124248496,-0.14158163265306112,-0.0046682835276967895,
recent_compact_capacity,w02,2026-01-29,2026-01-30,2026-02-05,002271,0.032972380952380954,0.9911022044088176,0.017827298050139273,0.0005878084626608303,
recent_compact_capacity,w02,2026-01-29,2026-01-30,2026-02-05,300058,0.032972380952380954,0.9869839679358717,-0.1824786324786325,-0.006016754985754986,
recent_compact_capacity,w02,2026-01-29,2026-01-30,2026-02-05,000060,0.032972380952380954,0.9765731462925852,-0.1964912280701755,-0.006478783625730997,
recent_compact_capacity,w02,2026-01-29,2026-01-30,2026-02-05,601233,0.032972380952380954,0.9274148296593185,-0.010895310279488424,-0.0003592443211296845,
recent_compact_capacity,w02,2026-01-29,2026-01-30,2026-02-05,600497,0.032972380952380954,0.9765731462925852,-0.2034830430797434,-0.006709320413775045,
recent_compact_capacity,w02,2026-01-29,2026-01-30,2026-02-05,600871,0.032972380952380954,0.9739478957915831,-0.10835913312693501,-0.003572858617131064,
recent_compact_capacity,w02,2026-01-29,2026-01-30,2026-02-05,000629,0.032972380952380954,0.9732114228456913,-0.12410501193317436,-0.004092037731560409,
recent_compact_capacity,w02,2026-01-29,2026-01-30,2026-02-05,002195,0.030758,0.9481462925851702,-0.021674876847290747,-0.0006666758620689688,
recent_compact_capacity,w02,2026-01-29,2026-01-30,2026-02-05,002465,0.030758,0.9474999999999999,-0.006853226727584261,-0.0002107915476870367,
recent_compact_capacity,w02,2026-01-29,2026-01-30,2026-02-05,601611,0.030758,0.9449348697394789,-0.012682308180088753,-0.00039008243500316986,
recent_compact_capacity,w02,2026-01-29,2026-01-30,2026-02-05,002153,0.030758,0.9518386773547093,0.017424242424242564,0.0005359348484848528,
recent_compact_capacity,w02,2026-01-29,2026-01-30,2026-02-05,300857,0.030758,0.9365631262525049,-0.06121054788905589,-0.0018827140319715812,
recent_compact_capacity,w02,2026-01-29,2026-01-30,2026-02-05,600637,0.030758,0.9360370741482965,-0.03327645051194539,-0.0010235170648464163,
recent_compact_capacity,w02,2026-01-29,2026-01-30,2026-02-05,601399,0.030758,0.951933867735471,-0.005780346820809301,-0.00017779190751445248,
recent_compact_capacity,w02,2026-01-29,2026-01-30,2026-02-05,000021,0.030758,0.9323196392785571,-0.11868768092634296,-0.003650595689932457,
recent_compact_capacity,w02,2026-01-29,2026-01-30,2026-02-05,600295,0.030758,0.9289228456913828,-0.08551810237203494,-0.0026303657927590506,
recent_compact_capacity,w02,2026-01-29,2026-01-30,2026-02-05,601155,0.030758,0.9426953907815631,-0.0028011204481792618,-8.615686274509774e-05,
recent_compact_current,w02,2026-01-29,2026-01-30,2026-02-05,300058,0.027027027027027035,0.9936372745490982,-0.1824786324786325,-0.004931854931854934,
recent_compact_current,w02,2026-01-29,2026-01-30,2026-02-05,600871,0.027027027027027035,0.9289579158316634,-0.10835913312693501,-0.0029286252196468934,
recent_compact_current,w02,2026-01-29,2026-01-30,2026-02-05,605358,0.027027027027027035,0.9236723446893788,-0.09556786703601106,-0.002582915325297597,
recent_compact_current,w02,2026-01-29,2026-01-30,2026-02-05,688027,0.027027027027027035,0.9236723446893788,0.06158362424627084,0.0016644222769262394,
recent_compact_current,w02,2026-01-29,2026-01-30,2026-02-05,301200,0.027027027027027035,0.9235971943887776,-0.011987381703470024,-0.00032398328928297373,
recent_compact_current,w02,2026-01-29,2026-01-30,2026-02-05,688469,0.027027027027027035,0.9219188376753507,-0.06485084306095978,-0.0017527254881340487,
recent_compact_current,w02,2026-01-29,2026-01-30,2026-02-05,600497,0.027027027027027035,0.9208166332665331,-0.2034830430797434,-0.005499541704857932,
recent_compact_current,w02,2026-01-29,2026-01-30,2026-02-05,002195,0.027027027027027035,0.9206913827655311,-0.021674876847290747,-0.0005858074823592096,
recent_compact_current,w02,2026-01-29,2026-01-30,2026-02-05,601168,0.027027027027027035,0.918186372745491,-0.19518987341772154,-0.005275401984262746,
recent_compact_current,w02,2026-01-29,2026-01-30,2026-02-05,601958,0.027027027027027035,0.918186372745491,-0.16140350877192977,-0.004362256993835941,
recent_compact_current,w02,2026-01-29,2026-01-30,2026-02-05,003035,0.027027027027027035,0.9169839679358718,0.14449917898193765,0.003905383215728046,
recent_compact_current,w02,2026-01-29,2026-01-30,2026-02-05,002318,0.027027027027027035,0.9115981963927855,-0.03295421405657639,-0.0008906544339615244,
recent_compact_current,w02,2026-01-29,2026-01-30,2026-02-05,688234,0.027027027027027035,0.9083667334669339,0.04781099540924871,0.0012921890651148304,
recent_compact_current,w02,2026-01-29,2026-01-30,2026-02-05,000050,0.027027027027027035,0.9082164328657314,-0.07806324110671925,-0.002109817327208629,
recent_compact_current,w02,2026-01-29,2026-01-30,2026-02-05,603920,0.027027027027027035,0.9044088176352705,0.04945567651632987,0.0013366399058467537,
recent_compact_current,w02,2026-01-29,2026-01-30,2026-02-05,688702,0.027027027027027035,0.9012525050100201,-0.11199896893929628,-0.003026999160521522,
recent_compact_current,w02,2026-01-29,2026-01-30,2026-02-05,600295,0.027027027027027035,0.8970691382765531,-0.08551810237203494,-0.002311300064109053,
recent_compact_current,w02,2026-01-29,2026-01-30,2026-02-05,000060,0.027027027027027035,0.9241482965931864,-0.1964912280701755,-0.005310573731626366,
recent_compact_current,w02,2026-01-29,2026-01-30,2026-02-05,688172,0.027027027027027035,0.9422344689378758,-0.05512820512820504,-0.0014899514899514882,
recent_compact_current,w02,2026-01-29,2026-01-30,2026-02-05,300454,0.027027027027027035,0.9894038076152305,-0.17724430812787528,-0.004790386706158793,
recent_compact_current,w02,2026-01-29,2026-01-30,2026-02-05,300757,0.027027027027027035,0.9449148296593186,0.13869047619047636,0.0037483912483912544,
recent_compact_current,w02,2026-01-29,2026-01-30,2026-02-05,000878,0.027027027027027035,0.9884268537074148,-0.21954530030539532,-0.005933656765010687,
recent_compact_current,w02,2026-01-29,2026-01-30,2026-02-05,000629,0.027027027027027035,0.9883517034068137,-0.12410501193317436,-0.003354189511707416,
recent_compact_current,w02,2026-01-29,2026-01-30,2026-02-05,688387,0.027027027027027035,0.9847695390781563,-0.11658717541070474,-0.0031510047408298586,
recent_compact_current,w02,2026-01-29,2026-01-30,2026-02-05,002271,0.027027027027027035,0.9765531062124249,0.017827298050139273,0.0004818188662199805,
recent_compact_current,w02,2026-01-29,2026-01-30,2026-02-05,600392,0.027027027027027035,0.9711923847695391,-0.18414918414918413,-0.004977004977004978,
recent_compact_current,w02,2026-01-29,2026-01-30,2026-02-05,000703,0.027027027027027035,0.9686372745490982,-0.016420361247947435,-0.0004437935472418227,
recent_compact_current,w02,2026-01-29,2026-01-30,2026-02-05,002465,0.027027027027027035,0.968562124248497,-0.006853226727584261,-0.00018522234398876385,
recent_compact_current,w02,2026-01-29,2026-01-30,2026-02-05,601118,0.027027027027027035,0.9675851703406813,-0.14158163265306112,-0.003826530612244896,
recent_compact_current,w02,2026-01-29,2026-01-30,2026-02-05,300724,0.027027027027027035,0.9642284569138276,-0.0506236243580338,-0.0013682060637306437,
recent_compact_current,w02,2026-01-29,2026-01-30,2026-02-05,603979,0.027027027027027035,0.9604208416833667,-0.187129840546697,-0.00505756325801884,
recent_compact_current,w02,2026-01-29,2026-01-30,2026-02-05,000831,0.027027027027027035,0.9576402805611223,-0.1296707046579082,-0.0035046136394029253,
recent_compact_current,w02,2026-01-29,2026-01-30,2026-02-05,002153,0.027027027027027035,0.951628256513026,0.017424242424242564,0.00047092547092547485,
recent_compact_current,w02,2026-01-29,2026-01-30,2026-02-05,688563,0.027027027027027035,0.9495991983967935,0.07061403508771935,0.0019084874348032264,
recent_compact_current,w02,2026-01-29,2026-01-30,2026-02-05,001389,0.027027027027027035,0.9475450901803607,-0.048514193487135704,-0.0013111944185712357,
recent_compact_current,w02,2026-01-29,2026-01-30,2026-02-05,600487,0.027027027027027035,0.9475450901803607,0.09110901665095827,0.0024624058554313056,
recent_compact_current,w02,2026-01-29,2026-01-30,2026-02-05,601399,0.027027027027027035,0.8963677354709418,-0.005780346820809301,-0.0001562255897516028,
short_aggressive_compact_capacity,w02,2026-01-29,2026-01-30,2026-02-05,300751,0.03225806451612904,1.0,-0.096767261228625,-0.0031215245557620975,
short_aggressive_compact_capacity,w02,2026-01-29,2026-01-30,2026-02-05,301611,0.03225806451612904,0.9536017034068136,0.05762035420304312,0.001858721103323972,
short_aggressive_compact_capacity,w02,2026-01-29,2026-01-30,2026-02-05,688469,0.03225806451612904,0.9250145290581162,-0.06485084306095978,-0.0020919626793858,
short_aggressive_compact_capacity,w02,2026-01-29,2026-01-30,2026-02-05,601106,0.03225806451612904,0.9270531062124249,-0.03389830508474567,-0.001093493712411151,
short_aggressive_compact_capacity,w02,2026-01-29,2026-01-30,2026-02-05,601611,0.03225806451612904,0.9289478957915832,-0.012682308180088753,-0.00040910671548673405,
short_aggressive_compact_capacity,w02,2026-01-29,2026-01-30,2026-02-05,000703,0.03225806451612904,0.9325936873747495,-0.016420361247947435,-0.0005296890725144334,
short_aggressive_compact_capacity,w02,2026-01-29,2026-01-30,2026-02-05,600879,0.03225806451612904,0.9327590180360722,-0.0003831417624521327,-1.2359411692004284e-05,
short_aggressive_compact_capacity,w02,2026-01-29,2026-01-30,2026-02-05,000629,0.03225806451612904,0.9363832665330661,-0.12410501193317436,-0.004003387481715303,
short_aggressive_compact_capacity,w02,2026-01-29,2026-01-30,2026-02-05,600497,0.03225806451612904,0.9393386773547093,-0.2034830430797434,-0.006563969131604628,
short_aggressive_compact_capacity,w02,2026-01-29,2026-01-30,2026-02-05,002271,0.03225806451612904,0.9401728456913828,0.017827298050139273,0.000575074130649654,
short_aggressive_compact_capacity,w02,2026-01-29,2026-01-30,2026-02-05,301200,0.03225806451612904,0.9450230460921843,-0.011987381703470024,-0.0003866897323700008,
short_aggressive_compact_capacity,w02,2026-01-29,2026-01-30,2026-02-05,002203,0.03225806451612904,0.9477520040080161,-0.14257939079714832,-0.004599335187004785,
short_aggressive_compact_capacity,w02,2026-01-29,2026-01-30,2026-02-05,002851,0.03225806451612904,0.9497905811623246,-0.08716913762322454,-0.0028119076652653083,
short_aggressive_compact_capacity,w02,2026-01-29,2026-01-30,2026-02-05,688387,0.03225806451612904,0.9498121242484969,-0.11658717541070474,-0.0037608766261517665,
short_aggressive_compact_capacity,w02,2026-01-29,2026-01-30,2026-02-05,688777,0.03225806451612904,0.9515415831663326,0.09152053807350446,0.002952275421725951,
short_aggressive_compact_capacity,w02,2026-01-29,2026-01-30,2026-02-05,603806,0.03225806451612904,0.9553311623246493,0.04260089686098656,0.0013742224793866634,
short_aggressive_compact_capacity,w02,2026-01-29,2026-01-30,2026-02-05,300857,0.03225806451612904,0.9914759519038077,-0.06121054788905589,-0.001974533802872771,
short_aggressive_compact_capacity,w02,2026-01-29,2026-01-30,2026-02-05,002266,0.03225806451612904,0.959120741482966,-0.09496124031007758,-0.003063265816454116,
short_aggressive_compact_capacity,w02,2026-01-29,2026-01-30,2026-02-05,688375,0.03225806451612904,0.9611593186372746,-0.07633587786259544,-0.00246244767298695,
short_aggressive_compact_capacity,w02,2026-01-29,2026-01-30,2026-02-05,688568,0.03225806451612904,0.9649488977955911,-0.09017387788111597,-0.00290883477035858,
short_aggressive_compact_capacity,w02,2026-01-29,2026-01-30,2026-02-05,688525,0.03225806451612904,0.9649704408817635,-0.1326584976025572,-0.00427930637427604,
short_aggressive_compact_capacity,w02,2026-01-29,2026-01-30,2026-02-05,300567,0.03225806451612904,0.9696553106212424,-0.025820895522388088,-0.0008329321136254223,
short_aggressive_compact_capacity,w02,2026-01-29,2026-01-30,2026-02-05,688563,0.03225806451612904,0.9704894789579158,0.07061403508771935,0.0022778720996038506,
short_aggressive_compact_capacity,w02,2026-01-29,2026-01-30,2026-02-05,688347,0.03225806451612904,0.9725280561122245,-0.15227802226249032,-0.004912194266531947,
short_aggressive_compact_capacity,w02,2026-01-29,2026-01-30,2026-02-05,688027,0.03225806451612904,0.9801072144288577,0.06158362424627084,0.0019865685240732533,
short_aggressive_compact_capacity,w02,2026-01-29,2026-01-30,2026-02-05,300454,0.03225806451612904,0.9838967935871743,-0.17724430812787528,-0.005717558326705656,
short_aggressive_compact_capacity,w02,2026-01-29,2026-01-30,2026-02-05,300757,0.03225806451612904,0.9857915831663326,0.13869047619047636,0.004473886328725044,
short_aggressive_compact_capacity,w02,2026-01-29,2026-01-30,2026-02-05,300724,0.03225806451612904,0.987686372745491,-0.0506236243580338,-0.001633020140581736,
short_aggressive_compact_capacity,w02,2026-01-29,2026-01-30,2026-02-05,000878,0.03225806451612904,0.9886032064128256,-0.21954530030539532,-0.007082106461464366,
short_aggressive_compact_capacity,w02,2026-01-29,2026-01-30,2026-02-05,688172,0.03225806451612904,0.9895811623246493,-0.05512820512820504,-0.001778329197684034,
short_aggressive_compact_capacity,w02,2026-01-29,2026-01-30,2026-02-05,002837,0.03225806451612904,0.9193301603206414,-0.0008052340211374132,-2.5975291004432687e-05,
short_aggressive_medium_capacity,w02,2026-01-29,2026-01-30,2026-02-05,300751,0.03225806451612904,1.0,-0.096767261228625,-0.0031215245557620975,
short_aggressive_medium_capacity,w02,2026-01-29,2026-01-30,2026-02-05,301611,0.03225806451612904,0.9536017034068136,0.05762035420304312,0.001858721103323972,
short_aggressive_medium_capacity,w02,2026-01-29,2026-01-30,2026-02-05,688469,0.03225806451612904,0.9250145290581162,-0.06485084306095978,-0.0020919626793858,
short_aggressive_medium_capacity,w02,2026-01-29,2026-01-30,2026-02-05,601106,0.03225806451612904,0.9270531062124249,-0.03389830508474567,-0.001093493712411151,
short_aggressive_medium_capacity,w02,2026-01-29,2026-01-30,2026-02-05,601611,0.03225806451612904,0.9289478957915832,-0.012682308180088753,-0.00040910671548673405,
short_aggressive_medium_capacity,w02,2026-01-29,2026-01-30,2026-02-05,000703,0.03225806451612904,0.9325936873747495,-0.016420361247947435,-0.0005296890725144334,
short_aggressive_medium_capacity,w02,2026-01-29,2026-01-30,2026-02-05,600879,0.03225806451612904,0.9327590180360722,-0.0003831417624521327,-1.2359411692004284e-05,
short_aggressive_medium_capacity,w02,2026-01-29,2026-01-30,2026-02-05,000629,0.03225806451612904,0.9363832665330661,-0.12410501193317436,-0.004003387481715303,
short_aggressive_medium_capacity,w02,2026-01-29,2026-01-30,2026-02-05,600497,0.03225806451612904,0.9393386773547093,-0.2034830430797434,-0.006563969131604628,
short_aggressive_medium_capacity,w02,2026-01-29,2026-01-30,2026-02-05,002271,0.03225806451612904,0.9401728456913828,0.017827298050139273,0.000575074130649654,
short_aggressive_medium_capacity,w02,2026-01-29,2026-01-30,2026-02-05,301200,0.03225806451612904,0.9450230460921843,-0.011987381703470024,-0.0003866897323700008,
short_aggressive_medium_capacity,w02,2026-01-29,2026-01-30,2026-02-05,002203,0.03225806451612904,0.9477520040080161,-0.14257939079714832,-0.004599335187004785,
short_aggressive_medium_capacity,w02,2026-01-29,2026-01-30,2026-02-05,002851,0.03225806451612904,0.9497905811623246,-0.08716913762322454,-0.0028119076652653083,
short_aggressive_medium_capacity,w02,2026-01-29,2026-01-30,2026-02-05,688387,0.03225806451612904,0.9498121242484969,-0.11658717541070474,-0.0037608766261517665,
short_aggressive_medium_capacity,w02,2026-01-29,2026-01-30,2026-02-05,688777,0.03225806451612904,0.9515415831663326,0.09152053807350446,0.002952275421725951,
short_aggressive_medium_capacity,w02,2026-01-29,2026-01-30,2026-02-05,603806,0.03225806451612904,0.9553311623246493,0.04260089686098656,0.0013742224793866634,
short_aggressive_medium_capacity,w02,2026-01-29,2026-01-30,2026-02-05,300857,0.03225806451612904,0.9914759519038077,-0.06121054788905589,-0.001974533802872771,
short_aggressive_medium_capacity,w02,2026-01-29,2026-01-30,2026-02-05,002266,0.03225806451612904,0.959120741482966,-0.09496124031007758,-0.003063265816454116,
short_aggressive_medium_capacity,w02,2026-01-29,2026-01-30,2026-02-05,688375,0.03225806451612904,0.9611593186372746,-0.07633587786259544,-0.00246244767298695,
short_aggressive_medium_capacity,w02,2026-01-29,2026-01-30,2026-02-05,688568,0.03225806451612904,0.9649488977955911,-0.09017387788111597,-0.00290883477035858,
short_aggressive_medium_capacity,w02,2026-01-29,2026-01-30,2026-02-05,688525,0.03225806451612904,0.9649704408817635,-0.1326584976025572,-0.00427930637427604,
short_aggressive_medium_capacity,w02,2026-01-29,2026-01-30,2026-02-05,300567,0.03225806451612904,0.9696553106212424,-0.025820895522388088,-0.0008329321136254223,
short_aggressive_medium_capacity,w02,2026-01-29,2026-01-30,2026-02-05,688563,0.03225806451612904,0.9704894789579158,0.07061403508771935,0.0022778720996038506,
short_aggressive_medium_capacity,w02,2026-01-29,2026-01-30,2026-02-05,688347,0.03225806451612904,0.9725280561122245,-0.15227802226249032,-0.004912194266531947,
short_aggressive_medium_capacity,w02,2026-01-29,2026-01-30,2026-02-05,688027,0.03225806451612904,0.9801072144288577,0.06158362424627084,0.0019865685240732533,
short_aggressive_medium_capacity,w02,2026-01-29,2026-01-30,2026-02-05,300454,0.03225806451612904,0.9838967935871743,-0.17724430812787528,-0.005717558326705656,
short_aggressive_medium_capacity,w02,2026-01-29,2026-01-30,2026-02-05,300757,0.03225806451612904,0.9857915831663326,0.13869047619047636,0.004473886328725044,
short_aggressive_medium_capacity,w02,2026-01-29,2026-01-30,2026-02-05,300724,0.03225806451612904,0.987686372745491,-0.0506236243580338,-0.001633020140581736,
short_aggressive_medium_capacity,w02,2026-01-29,2026-01-30,2026-02-05,000878,0.03225806451612904,0.9886032064128256,-0.21954530030539532,-0.007082106461464366,
short_aggressive_medium_capacity,w02,2026-01-29,2026-01-30,2026-02-05,688172,0.03225806451612904,0.9895811623246493,-0.05512820512820504,-0.001778329197684034,
short_aggressive_medium_capacity,w02,2026-01-29,2026-01-30,2026-02-05,002837,0.03225806451612904,0.9193301603206414,-0.0008052340211374132,-2.5975291004432687e-05,
short_aggressive_wide_capacity,w02,2026-01-29,2026-01-30,2026-02-05,000878,0.036000000004219955,0.999185370741483,-0.21954530030539532,-0.007903630811920703,
short_aggressive_wide_capacity,w02,2026-01-29,2026-01-30,2026-02-05,600497,0.036000000004219955,0.9523602204408818,-0.2034830430797434,-0.007325389551729452,
short_aggressive_wide_capacity,w02,2026-01-29,2026-01-30,2026-02-05,000060,0.036000000004219955,0.9849128256513026,-0.1964912280701755,-0.007073684211355502,
short_aggressive_wide_capacity,w02,2026-01-29,2026-01-30,2026-02-05,688172,0.036000000004219955,0.9440345691382765,-0.05512820512820504,-0.00198461538484802,
short_aggressive_wide_capacity,w02,2026-01-29,2026-01-30,2026-02-05,688375,0.036000000004219955,0.9452239478957916,-0.07633587786259544,-0.00274809160337557,
short_aggressive_wide_capacity,w02,2026-01-29,2026-01-30,2026-02-05,601106,0.036000000004219955,0.9476027054108216,-0.03389830508474567,-0.0012203389831938936,
short_aggressive_wide_capacity,w02,2026-01-29,2026-01-30,2026-02-05,688568,0.036000000004219955,0.9487920841683366,-0.09017387788111597,-0.003246259604100705,
short_aggressive_wide_capacity,w02,2026-01-29,2026-01-30,2026-02-05,688027,0.036000000004219955,0.9511708416833667,0.06158362424627084,0.0022170104731256304,
short_aggressive_wide_capacity,w02,2026-01-29,2026-01-30,2026-02-05,688525,0.036000000004219955,0.9547389779559118,-0.1326584976025572,-0.004775705914251873,
short_aggressive_wide_capacity,w02,2026-01-29,2026-01-30,2026-02-05,300857,0.036000000004219955,0.959496492985972,-0.06121054788905589,-0.0022035797242643176,
short_aggressive_wide_capacity,w02,2026-01-29,2026-01-30,2026-02-05,300058,0.036000000004219955,0.960685871743487,-0.1824786324786325,-0.0065692307700008215,
short_aggressive_wide_capacity,w02,2026-01-29,2026-01-30,2026-02-05,300724,0.036000000004219955,0.961875250501002,-0.0506236243580338,-0.0018224504771028464,
short_aggressive_wide_capacity,w02,2026-01-29,2026-01-30,2026-02-05,300454,0.036000000004219955,0.9642540080160321,-0.17724430812787528,-0.006380795093351473,
short_aggressive_wide_capacity,w02,2026-01-29,2026-01-30,2026-02-05,688387,0.036000000004219955,0.9666327655310621,-0.11658717541070474,-0.004197138315277363,
short_aggressive_wide_capacity,w02,2026-01-29,2026-01-30,2026-02-05,688248,0.036000000004219955,0.9202469939879759,-0.053982634956587394,-0.0019433748586649504,
short_aggressive_wide_capacity,w02,2026-01-29,2026-01-30,2026-02-05,002080,0.036000000000000004,0.9226257515030061,-0.0836096636665088,-0.0030099478919943167,
short_aggressive_wide_capacity,w02,2026-01-29,2026-01-30,2026-02-05,605358,0.036000000000000004,0.9154894789579159,-0.09556786703601106,-0.0034404432132963984,
short_aggressive_wide_capacity,w02,2026-01-29,2026-01-30,2026-02-05,300496,0.036000000000000004,0.9166788577154309,-0.07859007832898168,-0.002829242819843341,
short_aggressive_wide_capacity,w02,2026-01-29,2026-01-30,2026-02-05,601611,0.036000000000000004,0.9190576152304609,-0.012682308180088753,-0.00045656309448319514,
short_aggressive_wide_capacity,w02,2026-01-29,2026-01-30,2026-02-05,002153,0.036000000000000004,0.9392770541082164,0.017424242424242564,0.0006272727272727324,
short_aggressive_wide_capacity,w02,2026-01-29,2026-01-30,2026-02-05,688615,0.036000000000000004,0.9273832665330661,-0.15383022774327126,-0.005537888198757766,
short_aggressive_wide_capacity,w02,2026-01-29,2026-01-30,2026-02-05,688281,0.036000000000000004,0.9333301603206413,-0.027755267423014485,-0.0009991896272285217,
short_aggressive_wide_capacity,w02,2026-01-29,2026-01-30,2026-02-05,600879,0.036000000000000004,0.9345195390781563,-0.0003831417624521327,-1.379310344827678e-05,
short_aggressive_wide_capacity,w02,2026-01-29,2026-01-30,2026-02-05,688347,0.036000000000000004,0.9380876753507014,-0.15227802226249032,-0.005482008801449652,
short_aggressive_wide_capacity,w02,2026-01-29,2026-01-30,2026-02-05,002851,0.036000000000000004,0.9404664328657314,-0.08716913762322454,-0.003138088954436084,
short_aggressive_wide_capacity,w02,2026-01-29,2026-01-30,2026-02-05,301200,0.03333333331223356,0.9143001002004009,-0.011987381703470024,-0.0003995793898627364,
short_aggressive_wide_capacity,w02,2026-01-29,2026-01-30,2026-02-05,002465,0.02666666664978681,0.9119213426853707,-0.006853226727584261,-0.0001827527126198988,
short_aggressive_wide_capacity,w02,2026-01-29,2026-01-30,2026-02-05,688122,0.019999999987340117,0.9107319639278557,-0.06624247244631287,-0.0013248494480876355,
short_aggressive_wide_capacity,w02,2026-01-29,2026-01-30,2026-02-05,300604,0.013333333324893405,0.9095425851703407,0.020936156662951788,0.00027914875532932416,
short_aggressive_wide_capacity,w02,2026-01-29,2026-01-30,2026-02-05,002025,0.0066666666624467024,0.9059744488977955,0.02281591263650551,0.00015210608414708773,
stable_compact_capacity,w02,2026-01-29,2026-01-30,2026-02-05,000878,0.030303030303030304,0.9980400801603206,-0.21954530030539532,-0.006652887888042283,
stable_compact_capacity,w02,2026-01-29,2026-01-30,2026-02-05,600392,0.030303030303030304,0.962496993987976,-0.18414918414918413,-0.005580278307551034,
stable_compact_capacity,w02,2026-01-29,2026-01-30,2026-02-05,002008,0.030303030303030304,0.9326973947895791,0.011363636363636465,0.00034435261707989285,
stable_compact_capacity,w02,2026-01-29,2026-01-30,2026-02-05,688183,0.030303030303030304,0.9365531062124248,-0.06948198198198197,-0.002105514605514605,
stable_compact_capacity,w02,2026-01-29,2026-01-30,2026-02-05,003031,0.030303030303030304,0.9388216432865731,-0.02422190389373613,-0.0007339970876889736,
stable_compact_capacity,w02,2026-01-29,2026-01-30,2026-02-05,300285,0.030303030303030304,0.9406492985971944,0.01958831341301459,0.000593585254939836,
stable_compact_capacity,w02,2026-01-29,2026-01-30,2026-02-05,688778,0.030303030303030304,0.9438637274549098,-0.06215265963479644,-0.0018834139283271647,
stable_compact_capacity,w02,2026-01-29,2026-01-30,2026-02-05,688615,0.030303030303030304,0.9439759519038077,-0.15383022774327126,-0.004661522052826402,
stable_compact_capacity,w02,2026-01-29,2026-01-30,2026-02-05,600516,0.030303030303030304,0.9472344689378757,-0.05823627287853572,-0.0017647355417738098,
stable_compact_capacity,w02,2026-01-29,2026-01-30,2026-02-05,688709,0.030303030303030304,0.9502525050100199,-0.06990405326023108,-0.002118304644249427,
stable_compact_capacity,w02,2026-01-29,2026-01-30,2026-02-05,000703,0.030303030303030304,0.9505571142284569,-0.016420361247947435,-0.0004975867044832556,
stable_compact_capacity,w02,2026-01-29,2026-01-30,2026-02-05,002409,0.030303030303030304,0.9519038076152304,-0.06389270250290413,-0.001936142500088004,
stable_compact_capacity,w02,2026-01-29,2026-01-30,2026-02-05,002429,0.030303030303030304,0.9548316633266534,-0.039593908629441454,-0.0011998154130133775,
stable_compact_capacity,w02,2026-01-29,2026-01-30,2026-02-05,300751,0.030303030303030304,0.954877755511022,-0.096767261228625,-0.002932341249352273,
stable_compact_capacity,w02,2026-01-29,2026-01-30,2026-02-05,301358,0.030303030303030304,0.9562845691382765,-0.05225726654298102,-0.0015835535316054855,
stable_compact_capacity,w02,2026-01-29,2026-01-30,2026-02-05,002156,0.030303030303030304,0.9593466933867736,-0.07285797551972018,-0.0022078174399915206,
stable_compact_capacity,w02,2026-01-29,2026-01-30,2026-02-05,601611,0.030303030303030304,0.9641923847695391,-0.012682308180088753,-0.00038431236909359856,
stable_compact_capacity,w02,2026-01-29,2026-01-30,2026-02-05,300757,0.030303030303030304,0.9949779559118237,0.13869047619047636,0.004202741702741708,
stable_compact_capacity,w02,2026-01-29,2026-01-30,2026-02-05,601399,0.030303030303030304,0.9656673346693387,-0.005780346820809301,-0.00017516202487300914,
stable_compact_capacity,w02,2026-01-29,2026-01-30,2026-02-05,300919,0.030303030303030304,0.9678476953907815,-0.15094973945200885,-0.004574234528848753,
stable_compact_capacity,w02,2026-01-29,2026-01-30,2026-02-05,603920,0.030303030303030304,0.9685511022044089,0.04945567651632987,0.0014986568641312083,
stable_compact_capacity,w02,2026-01-29,2026-01-30,2026-02-05,000629,0.030303030303030304,0.9702004008016032,-0.12410501193317436,-0.00376075793736892,
stable_compact_capacity,w02,2026-01-29,2026-01-30,2026-02-05,002195,0.030303030303030304,0.9722084168336673,-0.021674876847290747,-0.0006568144499179015,
stable_compact_capacity,w02,2026-01-29,2026-01-30,2026-02-05,688568,0.030303030303030304,0.9783527054108216,-0.09017387788111597,-0.0027325417539732113,
stable_compact_capacity,w02,2026-01-29,2026-01-30,2026-02-05,605358,0.030303030303030304,0.9787695390781563,-0.09556786703601106,-0.002895995970788214,
stable_compact_capacity,w02,2026-01-29,2026-01-30,2026-02-05,688777,0.030303030303030304,0.979627254509018,0.09152053807350446,0.0027733496385910447,
stable_compact_capacity,w02,2026-01-29,2026-01-30,2026-02-05,300857,0.030303030303030304,0.9834829659318637,-0.06121054788905589,-0.0018548650875471482,
stable_compact_capacity,w02,2026-01-29,2026-01-30,2026-02-05,002851,0.030303030303030304,0.9848016032064129,-0.08716913762322454,-0.002641489018885592,
stable_compact_capacity,w02,2026-01-29,2026-01-30,2026-02-05,601168,0.030303030303030304,0.9850901803607215,-0.19518987341772154,-0.005914844649021865,
stable_compact_capacity,w02,2026-01-29,2026-01-30,2026-02-05,688027,0.030303030303030304,0.9898036072144288,0.06158362424627084,0.0018661704317051771,
stable_compact_capacity,w02,2026-01-29,2026-01-30,2026-02-05,601106,0.030303030303030304,0.991939879759519,-0.03389830508474567,-0.0010272213662044143,
stable_compact_capacity,w02,2026-01-29,2026-01-30,2026-02-05,300454,0.030303030303030304,0.993503006012024,-0.17724430812787528,-0.005371039640238645,
stable_compact_capacity,w02,2026-01-29,2026-01-30,2026-02-05,000155,0.030303030303030304,0.9321282565130261,-0.07916355489171023,-0.0023988956027790978,
stable_compact_current,w02,2026-01-29,2026-01-30,2026-02-05,300454,0.03253310000000001,0.9843637274549097,-0.17724430812787528,-0.005766306800754981,
stable_compact_current,w02,2026-01-29,2026-01-30,2026-02-05,601168,0.03253310000000001,0.9186523046092184,-0.19518987341772154,-0.006350131670886079,
stable_compact_current,w02,2026-01-29,2026-01-30,2026-02-05,688709,0.03253310000000001,0.8898361723446894,-0.06990405326023108,-0.0022741955551204246,
stable_compact_current,w02,2026-01-29,2026-01-30,2026-02-05,688281,0.03253310000000001,0.8931217434869739,-0.027755267423014485,-0.0009029648905996728,
stable_compact_current,w02,2026-01-29,2026-01-30,2026-02-05,002195,0.03253310000000001,0.8953121242484969,-0.021674876847290747,-0.0007051509359605948,
stable_compact_current,w02,2026-01-29,2026-01-30,2026-02-05,000878,0.03253310000000001,0.9832685370741483,-0.21954530030539532,-0.007142489209365458,
stable_compact_current,w02,2026-01-29,2026-01-30,2026-02-05,300857,0.03253310000000001,0.9062640280561122,-0.06121054788905589,-0.001991368875529445,
stable_compact_current,w02,2026-01-29,2026-01-30,2026-02-05,601958,0.03253310000000001,0.9087955911823647,-0.16140350877192977,-0.00525095649122807,
stable_compact_current,w02,2026-01-29,2026-01-30,2026-02-05,601106,0.03253310000000001,0.9106447895791583,-0.03389830508474567,-0.0011028169491525397,
stable_compact_current,w02,2026-01-29,2026-01-30,2026-02-05,300757,0.03253310000000001,0.9117399799599198,0.13869047619047636,0.0045120311309523875,
stable_compact_current,w02,2026-01-29,2026-01-30,2026-02-05,603920,0.03253310000000001,0.9051688376753507,0.04945567651632987,0.001608946469673412,
stable_compact_current,w02,2026-01-29,2026-01-30,2026-02-05,002271,0.03253310000000001,0.9285090180360722,0.017827298050139273,0.0005799772701949861,
stable_compact_current,w02,2026-01-29,2026-01-30,2026-02-05,001389,0.03253310000000001,0.949317635270541,-0.048514193487135704,-0.001578317108136335,
stable_compact_current,w02,2026-01-29,2026-01-30,2026-02-05,002851,0.03253310000000001,0.9799829659318637,-0.08716913762322454,-0.002835882271210127,
stable_compact_current,w02,2026-01-29,2026-01-30,2026-02-05,300724,0.03253310000000001,0.9788877755511023,-0.0506236243580338,-0.0016469434336023499,
stable_compact_current,w02,2026-01-29,2026-01-30,2026-02-05,688777,0.03253310000000001,0.9777925851703406,0.09152053807350446,0.002977446817199129,
stable_compact_current,w02,2026-01-29,2026-01-30,2026-02-05,688568,0.03253310000000001,0.8887409819639278,-0.09017387788111597,-0.002933635786494135,
stable_compact_current,w02,2026-01-29,2026-01-30,2026-02-05,688172,0.03253310000000001,0.9745070140280561,-0.05512820512820504,-0.001793491410256408,
stable_compact_current,w02,2026-01-29,2026-01-30,2026-02-05,000629,0.03253310000000001,0.9701262525050101,-0.12410501193317436,-0.004037520763723156,
stable_compact_current,w02,2026-01-29,2026-01-30,2026-02-05,600487,0.03253310000000001,0.9558887775551101,0.09110901665095827,0.0029640587496072915,
stable_compact_current,w02,2026-01-29,2026-01-30,2026-02-05,601611,0.03175800000000001,0.9029784569138276,-0.012682308180088753,-0.0004027647431832587,
stable_compact_current,w02,2026-01-29,2026-01-30,2026-02-05,601399,0.03175800000000001,0.9018832665330662,-0.005780346820809301,-0.00018357225433526185,
stable_compact_current,w02,2026-01-29,2026-01-30,2026-02-05,605358,0.03175800000000001,0.9007880761523046,-0.09556786703601106,-0.0030350443213296397,
stable_compact_current,w02,2026-01-29,2026-01-30,2026-02-05,688183,0.03175800000000001,0.8985976953907815,-0.06948198198198197,-0.002206608783783784,
stable_compact_current,w02,2026-01-29,2026-01-30,2026-02-05,300373,0.03175800000000001,0.9044148296593186,-0.01790872328134019,-0.0005687452339688019,
stable_compact_current,w02,2026-01-29,2026-01-30,2026-02-05,688615,0.03175800000000001,0.89750250501002,-0.15383022774327126,-0.00488534037267081,
stable_compact_current,w02,2026-01-29,2026-01-30,2026-02-05,688027,0.03175800000000001,0.8964073146292585,0.06158362424627084,0.00195577273881307,
stable_compact_current,w02,2026-01-29,2026-01-30,2026-02-05,301358,0.03175800000000001,0.8942169338677355,-0.05225726654298102,-0.0016595862708719915,
stable_compact_current,w02,2026-01-29,2026-01-30,2026-02-05,002008,0.03175800000000001,0.8914789579158316,0.011363636363636465,0.00036088636363636694,
stable_compact_current,w02,2026-01-29,2026-01-30,2026-02-05,002409,0.03175800000000001,0.8914789579158316,-0.06389270250290413,-0.00202910444608723,
stable_compact_current,w02,2026-01-29,2026-01-30,2026-02-05,000060,0.03175800000000001,0.8978436873747495,-0.1964912280701755,-0.006240168421052635,
stable_extra_wide_capacity,w02,2026-01-29,2026-01-30,2026-02-05,601611,0.02173913043478261,0.966618236472946,-0.012682308180088753,-0.0002757023517410599,
stable_extra_wide_capacity,w02,2026-01-29,2026-01-30,2026-02-05,002436,0.02173913043478261,0.9312074148296594,-0.0746395250212043,-0.0016225983700261808,
stable_extra_wide_capacity,w02,2026-01-29,2026-01-30,2026-02-05,688525,0.02173913043478261,0.9460571142284571,-0.1326584976025572,-0.0028838803826642875,
stable_extra_wide_capacity,w02,2026-01-29,2026-01-30,2026-02-05,300627,0.02173913043478261,0.9449148296593187,-0.01865284974093262,-0.0004054967334985353,
stable_extra_wide_capacity,w02,2026-01-29,2026-01-30,2026-02-05,300450,0.02173913043478261,0.9443436873747496,0.014909478168263934,0.0003241190906144334,
stable_extra_wide_capacity,w02,2026-01-29,2026-01-30,2026-02-05,300604,0.02173913043478261,0.9409168336673348,0.020936156662951788,0.000455133840498952,
stable_extra_wide_capacity,w02,2026-01-29,2026-01-30,2026-02-05,300223,0.02173913043478261,0.9403456913827657,-0.0651271217308953,-0.001415806994149898,
stable_extra_wide_capacity,w02,2026-01-29,2026-01-30,2026-02-05,603077,0.02173913043478261,0.9374899799599199,-0.09737827715355796,-0.002116919068555608,
stable_extra_wide_capacity,w02,2026-01-29,2026-01-30,2026-02-05,300496,0.02173913043478261,0.9352054108216434,-0.07859007832898168,-0.001708479963673515,
stable_extra_wide_capacity,w02,2026-01-29,2026-01-30,2026-02-05,600673,0.02173913043478261,0.9346342685370743,0.05761467889908256,0.0012524930195452733,
stable_extra_wide_capacity,w02,2026-01-29,2026-01-30,2026-02-05,600435,0.02173913043478261,0.933491983967936,-0.018397626112759746,-0.0003999483937556467,
stable_extra_wide_capacity,w02,2026-01-29,2026-01-30,2026-02-05,688347,0.02173913043478261,0.9300651302605212,-0.15227802226249032,-0.0033103917883150072,
stable_extra_wide_capacity,w02,2026-01-29,2026-01-30,2026-02-05,601106,0.02173913043478261,0.9660470941883769,-0.03389830508474567,-0.0007369196757553408,
stable_extra_wide_capacity,w02,2026-01-29,2026-01-30,2026-02-05,300390,0.02173913043478261,0.925495991983968,-0.04555856043270223,-0.00099040348766744,
stable_extra_wide_capacity,w02,2026-01-29,2026-01-30,2026-02-05,600498,0.02173913043478261,0.9249248496993989,-0.013383838383838387,-0.0002909530083443128,
stable_extra_wide_capacity,w02,2026-01-29,2026-01-30,2026-02-05,688002,0.02173913043478261,0.921497995991984,-0.011549566891241647,-0.0002510775411139489,
stable_extra_wide_capacity,w02,2026-01-29,2026-01-30,2026-02-05,003031,0.02173913043478261,0.9177755511022044,-0.02422190389373613,-0.0005265631281246985,
stable_extra_wide_capacity,w02,2026-01-29,2026-01-30,2026-02-05,688183,0.02173913043478261,0.9097795591182365,-0.06948198198198197,-0.0015104778691735212,
stable_extra_wide_capacity,w02,2026-01-29,2026-01-30,2026-02-05,301358,0.02173913043478261,0.9080661322645291,-0.05225726654298102,-0.0011360275335430658,
stable_extra_wide_capacity,w02,2026-01-29,2026-01-30,2026-02-05,002335,0.02173913043478261,0.9069238476953909,-0.10846812559467178,-0.002358002730318952,
stable_extra_wide_capacity,w02,2026-01-29,2026-01-30,2026-02-05,300037,0.02173913043478261,0.9060671342685371,-0.054090997851982126,-0.0011758912576517854,
stable_extra_wide_capacity,w02,2026-01-29,2026-01-30,2026-02-05,600363,0.02173913043478261,0.9046392785571142,-0.010390818858560857,-0.00022588736649045346,
stable_extra_wide_capacity,w02,2026-01-29,2026-01-30,2026-02-05,688019,0.02173913043478261,0.9471993987975953,-0.02940188798925414,-0.0006391714780272639,
stable_extra_wide_capacity,w02,2026-01-29,2026-01-30,2026-02-05,688385,0.02173913043478261,0.9489128256513026,-0.04306279473814845,-0.0009361477116988794,
stable_extra_wide_capacity,w02,2026-01-29,2026-01-30,2026-02-05,300432,0.02173913043478261,0.9497695390781564,0.02238805970149227,0.0004866969500324407,
stable_extra_wide_capacity,w02,2026-01-29,2026-01-30,2026-02-05,688615,0.02173913043478261,0.9511973947895793,-0.15383022774327126,-0.0033441353857232886,
stable_extra_wide_capacity,w02,2026-01-29,2026-01-30,2026-02-05,300919,0.02173913043478261,0.9649048096192385,-0.15094973945200885,-0.003281516075043671,
stable_extra_wide_capacity,w02,2026-01-29,2026-01-30,2026-02-05,688281,0.02173913043478261,0.9637625250501003,-0.027755267423014485,-0.0006033753787611845,
stable_extra_wide_capacity,w02,2026-01-29,2026-01-30,2026-02-05,002195,0.02173913043478261,0.9631913827655312,-0.021674876847290747,-0.00047119297494110327,
stable_extra_wide_capacity,w02,2026-01-29,2026-01-30,2026-02-05,300857,0.02173913043478261,0.9626202404809621,-0.06121054788905589,-0.0013306640845446934,
stable_extra_wide_capacity,w02,2026-01-29,2026-01-30,2026-02-05,002156,0.02173913043478261,0.962049098196393,-0.07285797551972018,-0.0015838690330373954,
stable_extra_wide_capacity,w02,2026-01-29,2026-01-30,2026-02-05,605358,0.02173913043478261,0.9609068136272546,-0.09556786703601106,-0.0020775623268698058,
stable_extra_wide_capacity,w02,2026-01-29,2026-01-30,2026-02-05,601399,0.02173913043478261,0.9603356713426854,-0.005780346820809301,-0.00012565971349585438,
stable_extra_wide_capacity,w02,2026-01-29,2026-01-30,2026-02-05,002429,0.02173913043478261,0.9597645290581163,-0.039593908629441454,-0.0008607371441182926,
stable_extra_wide_capacity,w02,2026-01-29,2026-01-30,2026-02-05,002851,0.02173913043478261,0.9591933867735472,-0.08716913762322454,-0.0018949812526787946,
stable_extra_wide_capacity,w02,2026-01-29,2026-01-30,2026-02-05,300454,0.02173913043478261,0.9574799599198398,-0.17724430812787528,-0.0038531371332146806,
stable_extra_wide_capacity,w02,2026-01-29,2026-01-30,2026-02-05,688122,0.02173913043478261,0.9569088176352707,-0.06624247244631287,-0.0014400537488328887,
stable_extra_wide_capacity,w02,2026-01-29,2026-01-30,2026-02-05,002153,0.02173913043478261,0.9565931863727455,0.017424242424242564,0.0003787878787878819,
stable_extra_wide_capacity,w02,2026-01-29,2026-01-30,2026-02-05,688027,0.02173913043478261,0.9563376753507015,0.06158362424627084,0.0013387744401363228,
stable_extra_wide_capacity,w02,2026-01-29,2026-01-30,2026-02-05,002008,0.02173913043478261,0.9554809619238478,0.011363636363636465,0.00024703557312253185,
stable_extra_wide_capacity,w02,2026-01-29,2026-01-30,2026-02-05,688778,0.02173913043478261,0.9554809619238478,-0.06215265963479644,-0.001351144774669488,
stable_extra_wide_capacity,w02,2026-01-29,2026-01-30,2026-02-05,300285,0.02173913043478261,0.954624248496994,0.01958831341301459,0.00042583290028292597,
stable_extra_wide_capacity,w02,2026-01-29,2026-01-30,2026-02-05,002409,0.02173913043478261,0.9540531062124249,-0.06389270250290413,-0.0013889717935413944,
stable_extra_wide_capacity,w02,2026-01-29,2026-01-30,2026-02-05,000155,0.02173913043478261,0.9529108216432867,-0.07916355489171023,-0.0017209468454719619,
stable_extra_wide_capacity,w02,2026-01-29,2026-01-30,2026-02-05,300757,0.02173913043478261,0.9523396793587176,0.13869047619047636,0.0030150103519668778,
stable_extra_wide_capacity,w02,2026-01-29,2026-01-30,2026-02-05,688709,0.02173913043478261,0.9040681362725451,-0.06990405326023108,-0.0015196533317441542,
stable_medium_capacity,w02,2026-01-29,2026-01-30,2026-02-05,601611,0.01075268817204301,0.9959919839679359,-0.012682308180088753,-0.00013636890516224463,
stable_medium_capacity,w02,2026-01-29,2026-01-30,2026-02-05,300748,0.01075268817204301,0.8640981963927856,-0.15670553935860054,-0.0016850057995548445,
stable_medium_capacity,w02,2026-01-29,2026-01-30,2026-02-05,688568,0.01075268817204301,0.8488276553106212,-0.09017387788111597,-0.0009696115901195265,
stable_medium_capacity,w02,2026-01-29,2026-01-30,2026-02-05,600392,0.01075268817204301,0.8549048096192384,-0.18414918414918413,-0.0019800987542923022,
stable_medium_capacity,w02,2026-01-29,2026-01-30,2026-02-05,300390,0.01075268817204301,0.8562625250501001,-0.04555856043270223,-0.000489876993900024,
stable_medium_capacity,w02,2026-01-29,2026-01-30,2026-02-05,000703,0.01075268817204301,0.8564979959919841,-0.016420361247947435,-0.00017656302417147778,
stable_medium_capacity,w02,2026-01-29,2026-01-30,2026-02-05,002340,0.01075268817204301,0.8575350701402805,-0.09421841541755882,-0.0010131012410490195,
stable_medium_capacity,w02,2026-01-29,2026-01-30,2026-02-05,688248,0.01075268817204301,0.8588927855711422,-0.053982634956587394,-0.0005804584403934128,
stable_medium_capacity,w02,2026-01-29,2026-01-30,2026-02-05,300487,0.01075268817204301,0.8608491983967936,-0.013864818024263315,-0.00014908406477702487,
stable_medium_capacity,w02,2026-01-29,2026-01-30,2026-02-05,000831,0.01075268817204301,0.860876753507014,-0.1296707046579082,-0.001394308652235572,
stable_medium_capacity,w02,2026-01-29,2026-01-30,2026-02-05,603341,0.01075268817204301,0.8630711422845692,-0.04050851109674625,-0.0004355753881370564,
stable_medium_capacity,w02,2026-01-29,2026-01-30,2026-02-05,688777,0.01075268817204301,0.8653156312625251,0.09152053807350446,0.0009840918072419834,
stable_medium_capacity,w02,2026-01-29,2026-01-30,2026-02-05,300207,0.01075268817204301,0.8899599198396794,-0.013524936601859716,-0.00014542942582644854,
stable_medium_capacity,w02,2026-01-29,2026-01-30,2026-02-05,002080,0.01075268817204301,0.8673647294589178,-0.0836096636665088,-0.0008990286415753633,
stable_medium_capacity,w02,2026-01-29,2026-01-30,2026-02-05,688318,0.01075268817204301,0.8678782565130261,-0.04933477166486888,-0.0005304814157512782,
stable_medium_capacity,w02,2026-01-29,2026-01-30,2026-02-05,002436,0.01075268817204301,0.8712875751503005,-0.0746395250212043,-0.0008025755378624118,
stable_medium_capacity,w02,2026-01-29,2026-01-30,2026-02-05,600673,0.01075268817204301,0.8741933867735471,0.05761467889908256,0.0006195126763342211,
stable_medium_capacity,w02,2026-01-29,2026-01-30,2026-02-05,600498,0.01075268817204301,0.8743186372745491,-0.013383838383838387,-0.00014391224068643424,
stable_medium_capacity,w02,2026-01-29,2026-01-30,2026-02-05,688702,0.01075268817204301,0.8765480961923848,-0.11199896893929628,-0.0012042899885945837,
stable_medium_capacity,w02,2026-01-29,2026-01-30,2026-02-05,688375,0.01075268817204301,0.8787925851703406,-0.07633587786259544,-0.0008208158909956498,
stable_medium_capacity,w02,2026-01-29,2026-01-30,2026-02-05,688347,0.01075268817204301,0.8814128256513025,-0.15227802226249032,-0.0016373980888439818,
stable_medium_capacity,w02,2026-01-29,2026-01-30,2026-02-05,300073,0.01075268817204301,0.8862174348697395,-0.03785211267605626,-0.0004070119642586694,
stable_medium_capacity,w02,2026-01-29,2026-01-30,2026-02-05,002185,0.01075268817204301,0.8451603206412825,-0.06013513513513513,-0.0006466143562917756,
stable_medium_capacity,w02,2026-01-29,2026-01-30,2026-02-05,002430,0.01075268817204301,0.8415030060120241,-0.01103896103896107,-0.00011869850579528031,
stable_medium_capacity,w02,2026-01-29,2026-01-30,2026-02-05,002153,0.01075268817204301,0.8404008016032064,0.017424242424242564,0.00018735744542196304,
stable_medium_capacity,w02,2026-01-29,2026-01-30,2026-02-05,000021,0.01075268817204301,0.8365831663326653,-0.11868768092634296,-0.0012762116228639028,
stable_medium_capacity,w02,2026-01-29,2026-01-30,2026-02-05,688525,0.01075268817204301,0.7888977955911824,-0.1326584976025572,-0.0014264354580920129,
stable_medium_capacity,w02,2026-01-29,2026-01-30,2026-02-05,301200,0.01075268817204301,0.7898747494989979,-0.011987381703470024,-0.0001288965774566669,
stable_medium_capacity,w02,2026-01-29,2026-01-30,2026-02-05,600879,0.01075268817204301,0.7918787575150301,-0.0003831417624521327,-4.11980389733476e-06,
stable_medium_capacity,w02,2026-01-29,2026-01-30,2026-02-05,002414,0.01075268817204301,0.7923897795591182,-0.0017857142857143904,-1.920122887864936e-05,
stable_medium_capacity,w02,2026-01-29,2026-01-30,2026-02-05,601608,0.01075268817204301,0.7950400801603207,-0.04325699745547085,-0.00046512900489753593,
stable_medium_capacity,w02,2026-01-29,2026-01-30,2026-02-05,300458,0.01075268817204301,0.8003406813627254,-0.07115600448933768,-0.0007651183278423406,
stable_medium_capacity,w02,2026-01-29,2026-01-30,2026-02-05,601061,0.01075268817204301,0.8029408817635271,-0.1324340895156345,-0.0014240224679100484,
stable_medium_capacity,w02,2026-01-29,2026-01-30,2026-02-05,688387,0.01075268817204301,0.804433867735471,-0.11658717541070474,-0.0012536255420505884,
stable_medium_capacity,w02,2026-01-29,2026-01-30,2026-02-05,600378,0.01075268817204301,0.8047845691382767,-0.08586900464156777,-0.000923322630554492,
stable_medium_capacity,w02,2026-01-29,2026-01-30,2026-02-05,603659,0.01075268817204301,0.8153557114228457,-0.007605939876856205,-8.178429975114199e-05,
stable_medium_capacity,w02,2026-01-29,2026-01-30,2026-02-05,688295,0.01075268817204301,0.8163527054108217,-0.054485249849488215,-0.0005858629016074001,
stable_medium_capacity,w02,2026-01-29,2026-01-30,2026-02-05,600170,0.01075268817204301,0.8189904809619238,-0.04207119741100318,-0.0004523784667849804,
stable_medium_capacity,w02,2026-01-29,2026-01-30,2026-02-05,300037,0.01075268817204301,0.819932364729459,-0.054090997851982126,-0.0005816236328170121,
stable_medium_capacity,w02,2026-01-29,2026-01-30,2026-02-05,000629,0.01075268817204301,0.8220991983967936,-0.12410501193317436,-0.0013344624939051004,
stable_medium_capacity,w02,2026-01-29,2026-01-30,2026-02-05,688563,0.01075268817204301,0.8240731462925851,0.07061403508771935,0.00075929069986795,
stable_medium_capacity,w02,2026-01-29,2026-01-30,2026-02-05,688629,0.01075268817204301,0.8258316633266534,-0.0621085040874827,-0.0006678333772847601,
stable_medium_capacity,w02,2026-01-29,2026-01-30,2026-02-05,688599,0.01075268817204301,0.8271342685370742,0.03699949315762807,0.00039784401244761364,
stable_medium_capacity,w02,2026-01-29,2026-01-30,2026-02-05,688183,0.01075268817204301,0.8318186372745491,-0.06948198198198197,-0.000747118085827763,
stable_medium_capacity,w02,2026-01-29,2026-01-30,2026-02-05,688002,0.01075268817204301,0.8340280561122244,-0.011549566891241647,-0.00012418889130367362,
stable_medium_capacity,w02,2026-01-29,2026-01-30,2026-02-05,300496,0.01075268817204301,0.8864554108216434,-0.07859007832898168,-0.0008450546056879751,
stable_medium_capacity,w02,2026-01-29,2026-01-30,2026-02-05,001389,0.01075268817204301,0.8913226452905811,-0.048514193487135704,-0.0005216579944853302,
stable_medium_capacity,w02,2026-01-29,2026-01-30,2026-02-05,000878,0.01075268817204301,0.9957164328657315,-0.21954530030539532,-0.002360702153821455,
stable_medium_capacity,w02,2026-01-29,2026-01-30,2026-02-05,002156,0.01075268817204301,0.9662825651302605,-0.07285797551972018,-0.0007834190916098943,
stable_medium_capacity,w02,2026-01-29,2026-01-30,2026-02-05,688709,0.01075268817204301,0.9410295591182365,-0.06990405326023108,-0.0007516564866691513,
stable_medium_capacity,w02,2026-01-29,2026-01-30,2026-02-05,002335,0.01075268817204301,0.9417034068136272,-0.10846812559467178,-0.001166323931125503,
stable_medium_capacity,w02,2026-01-29,2026-01-30,2026-02-05,000155,0.01075268817204301,0.9492635270541082,-0.07916355489171023,-0.0008512210203409701,
stable_medium_capacity,w02,2026-01-29,2026-01-30,2026-02-05,002429,0.01075268817204301,0.9505160320641282,-0.039593908629441454,-0.0004257409530047468,
stable_medium_capacity,w02,2026-01-29,2026-01-30,2026-02-05,300757,0.01075268817204301,0.9518186372745491,0.13869047619047636,0.001491295442908348,
stable_medium_capacity,w02,2026-01-29,2026-01-30,2026-02-05,002409,0.01075268817204301,0.9528156312625251,-0.06389270250290413,-0.00068701830648284,
stable_medium_capacity,w02,2026-01-29,2026-01-30,2026-02-05,688027,0.01075268817204301,0.9603757515030059,0.06158362424627084,0.0006621895080244175,
stable_medium_capacity,w02,2026-01-29,2026-01-30,2026-02-05,605358,0.01075268817204301,0.9645541082164328,-0.09556786703601106,-0.0010276114735054951,
stable_medium_capacity,w02,2026-01-29,2026-01-30,2026-02-05,688122,0.01075268817204301,0.9657990981963928,-0.06624247244631287,-0.0007122846499603534,
stable_medium_capacity,w02,2026-01-29,2026-01-30,2026-02-05,300454,0.01075268817204301,0.9666633266533066,-0.17724430812787528,-0.0019058527755685512,
stable_medium_capacity,w02,2026-01-29,2026-01-30,2026-02-05,300724,0.01075268817204301,0.8964478957915831,-0.0506236243580338,-0.0005443400468605785,
stable_medium_capacity,w02,2026-01-29,2026-01-30,2026-02-05,002851,0.01075268817204301,0.9690280561122244,-0.08716913762322454,-0.0009373025550884358,
stable_medium_capacity,w02,2026-01-29,2026-01-30,2026-02-05,003031,0.01075268817204301,0.9692935871743487,-0.02422190389373613,-0.000260450579502539,
stable_medium_capacity,w02,2026-01-29,2026-01-30,2026-02-05,688281,0.01075268817204301,0.9732064128256513,-0.027755267423014485,-0.0002984437357313385,
stable_medium_capacity,w02,2026-01-29,2026-01-30,2026-02-05,601399,0.01075268817204301,0.9762274549098197,-0.005780346820809301,-6.215426689042259e-05,
stable_medium_capacity,w02,2026-01-29,2026-01-30,2026-02-05,603920,0.01075268817204301,0.9787625250501002,0.04945567651632987,0.0005317814679175254,
stable_medium_capacity,w02,2026-01-29,2026-01-30,2026-02-05,300857,0.01075268817204301,0.9801402805611222,-0.06121054788905589,-0.0006581779342909235,
stable_medium_capacity,w02,2026-01-29,2026-01-30,2026-02-05,002195,0.01075268817204301,0.9844238476953907,-0.021674876847290747,-0.0002330631919063521,
stable_medium_capacity,w02,2026-01-29,2026-01-30,2026-02-05,300919,0.01075268817204301,0.9854208416833667,-0.15094973945200885,-0.0016231154779785897,
stable_medium_capacity,w02,2026-01-29,2026-01-30,2026-02-05,601106,0.01075268817204301,0.9935320641282566,-0.03389830508474567,-0.0003644979041370502,
stable_medium_capacity,w02,2026-01-29,2026-01-30,2026-02-05,688778,0.01075268817204301,0.9379934869739479,-0.06215265963479644,-0.0006683081681160907,
stable_medium_capacity,w02,2026-01-29,2026-01-30,2026-02-05,688385,0.01075268817204301,0.9379709418837676,-0.04306279473814845,-0.00046304080363600476,
stable_medium_capacity,w02,2026-01-29,2026-01-30,2026-02-05,300285,0.01075268817204301,0.9370390781563126,0.01958831341301459,0.00021062702594639343,
stable_medium_capacity,w02,2026-01-29,2026-01-30,2026-02-05,688615,0.01075268817204301,0.9359569138276553,-0.15383022774327126,-0.0016540884703577553,
stable_medium_capacity,w02,2026-01-29,2026-01-30,2026-02-05,600435,0.01075268817204301,0.8998196392785571,-0.018397626112759746,-0.00019782393669634133,
stable_medium_capacity,w02,2026-01-29,2026-01-30,2026-02-05,688018,0.01075268817204301,0.9032665330661322,-0.052443245145773476,-0.0005639058617825104,
stable_medium_capacity,w02,2026-01-29,2026-01-30,2026-02-05,603077,0.01075268817204301,0.9033617234468938,-0.09737827715355796,-0.0010470782489629888,
stable_medium_capacity,w02,2026-01-29,2026-01-30,2026-02-05,002756,0.01075268817204301,0.9041683366733467,-0.12313432835820903,-0.0013240250361097744,
stable_medium_capacity,w02,2026-01-29,2026-01-30,2026-02-05,688608,0.01075268817204301,0.9061723446893788,-0.08737991266375544,-0.0009395689533737144,
stable_medium_capacity,w02,2026-01-29,2026-01-30,2026-02-05,300450,0.01075268817204301,0.9082615230460922,0.014909478168263934,0.0001603169695512251,
stable_medium_capacity,w02,2026-01-29,2026-01-30,2026-02-05,688582,0.01075268817204301,0.9095440881763528,-0.045157456922162664,-0.0004855640529264802,
stable_medium_capacity,w02,2026-01-29,2026-01-30,2026-02-05,300604,0.01075268817204301,0.9099148296593186,0.020936156662951788,0.00022511996411776116,
stable_medium_capacity,w02,2026-01-29,2026-01-30,2026-02-05,600363,0.01075268817204301,0.9145390781563127,-0.010390818858560857,-0.00011172923503828879,
stable_medium_capacity,w02,2026-01-29,2026-01-30,2026-02-05,688220,0.01075268817204301,0.9147394789579159,-0.11715340718361866,-0.001259714055737835,
stable_medium_capacity,w02,2026-01-29,2026-01-30,2026-02-05,300627,0.01075268817204301,0.9171042084168337,-0.01865284974093262,-0.00020056827678422172,
stable_medium_capacity,w02,2026-01-29,2026-01-30,2026-02-05,300223,0.01075268817204301,0.9174849699398797,-0.0651271217308953,-0.0007002916315150032,
stable_medium_capacity,w02,2026-01-29,2026-01-30,2026-02-05,601179,0.01075268817204301,0.9191533066132264,-0.038000000000000034,-0.00040860215053763476,
stable_medium_capacity,w02,2026-01-29,2026-01-30,2026-02-05,002281,0.01075268817204301,0.924123246492986,-0.052293184740677234,-0.0005622923090395401,
stable_medium_capacity,w02,2026-01-29,2026-01-30,2026-02-05,301358,0.01075268817204301,0.9247394789579158,-0.05225726654298102,-0.0005619060918600108,
stable_medium_capacity,w02,2026-01-29,2026-01-30,2026-02-05,300432,0.01075268817204301,0.9275275551102204,0.02238805970149227,0.00024073182474722868,
stable_medium_capacity,w02,2026-01-29,2026-01-30,2026-02-05,600516,0.01075268817204301,0.9285871743486974,-0.05823627287853572,-0.0006261964825649002,
stable_medium_capacity,w02,2026-01-29,2026-01-30,2026-02-05,688172,0.01075268817204301,0.9327004008016033,-0.05512820512820504,-0.0005927763992280112,
stable_medium_capacity,w02,2026-01-29,2026-01-30,2026-02-05,002008,0.01075268817204301,0.9343461923847696,0.011363636363636465,0.00012218963831867166,
stable_medium_capacity,w02,2026-01-29,2026-01-30,2026-02-05,000723,0.01075268817204301,0.7878507014028057,0.0,0.0,
balanced_extra_wide_capacity,w03,2026-02-05,2026-02-06,2026-02-12,603077,0.015625,0.9862224448897796,0.016597510373443924,0.0002593360995850613,
balanced_extra_wide_capacity,w03,2026-02-05,2026-02-06,2026-02-12,000060,0.015625,0.9673346693386773,0.05967976710334799,0.0009324963609898124,
balanced_extra_wide_capacity,w03,2026-02-05,2026-02-06,2026-02-12,688525,0.015625,0.9404559118236473,0.05018427518427515,0.0007841292997542992,
balanced_extra_wide_capacity,w03,2026-02-05,2026-02-06,2026-02-12,300037,0.015625,0.9327154308617235,0.15916597853014047,0.002486968414533445,
balanced_extra_wide_capacity,w03,2026-02-05,2026-02-06,2026-02-12,688347,0.015625,0.9273797595190381,-0.011374914115581447,-0.0001777330330559601,
balanced_extra_wide_capacity,w03,2026-02-05,2026-02-06,2026-02-12,688709,0.015625,0.9273797595190381,-0.01473684210526327,-0.0002302631578947386,
balanced_extra_wide_capacity,w03,2026-02-05,2026-02-06,2026-02-12,002429,0.015625,0.9208416833667334,0.2156448202959831,0.0033694503171247357,
balanced_extra_wide_capacity,w03,2026-02-05,2026-02-06,2026-02-12,300454,0.015625,0.9164829659318638,0.10925514373790213,0.0017071116209047207,
balanced_extra_wide_capacity,w03,2026-02-05,2026-02-06,2026-02-12,002436,0.015625,0.9094689378757514,0.043079743354720534,0.0006731209899175083,
balanced_extra_wide_capacity,w03,2026-02-05,2026-02-06,2026-02-12,300432,0.015625,0.9094689378757514,0.017967434025828233,0.00028074115665356614,
balanced_extra_wide_capacity,w03,2026-02-05,2026-02-06,2026-02-12,300748,0.015625,0.9094689378757514,0.10717372515125323,0.0016745894554883317,
balanced_extra_wide_capacity,w03,2026-02-05,2026-02-06,2026-02-12,600392,0.015625,0.9094689378757514,0.2616326530612245,0.004088010204081633,
balanced_extra_wide_capacity,w03,2026-02-05,2026-02-06,2026-02-12,600549,0.015625,0.9063126252505009,0.13959390862944177,0.0021811548223350276,
balanced_extra_wide_capacity,w03,2026-02-05,2026-02-06,2026-02-12,002008,0.015625,0.9029308617234469,0.08498467824310518,0.0013278855975485185,
balanced_extra_wide_capacity,w03,2026-02-05,2026-02-06,2026-02-12,601399,0.015625,0.9029308617234469,0.003875968992248069,6.0562015503876077e-05,
balanced_extra_wide_capacity,w03,2026-02-05,2026-02-06,2026-02-12,600673,0.015625,0.8990480961923848,0.2692574600971547,0.004207147814018042,
balanced_extra_wide_capacity,w03,2026-02-05,2026-02-06,2026-02-12,688778,0.015625,0.8990480961923848,0.025516991171846692,0.00039870298706010457,
balanced_extra_wide_capacity,w03,2026-02-05,2026-02-06,2026-02-12,688608,0.015625,0.897119238476954,0.01440260299535856,0.0002250406718024775,
balanced_extra_wide_capacity,w03,2026-02-05,2026-02-06,2026-02-12,300763,0.015625,0.8869488977955912,-0.026980198019801893,-0.0004215655940594046,
balanced_extra_wide_capacity,w03,2026-02-05,2026-02-06,2026-02-12,002156,0.015625,0.8859719438877756,0.026823134953897654,0.00041911148365465084,
balanced_extra_wide_capacity,w03,2026-02-05,2026-02-06,2026-02-12,601168,0.015625,0.8859719438877756,0.04907203523120485,0.0007667505504875757,
balanced_extra_wide_capacity,w03,2026-02-05,2026-02-06,2026-02-12,601958,0.015625,0.8859719438877756,0.11192468619246854,0.0017488232217573209,
balanced_extra_wide_capacity,w03,2026-02-05,2026-02-06,2026-02-12,002409,0.015625,0.8811372745490982,0.030573104693140785,0.00047770476083032476,
balanced_extra_wide_capacity,w03,2026-02-05,2026-02-06,2026-02-12,300136,0.015625,0.8779809619238477,-0.034309946029298266,-0.0005360929067077854,
balanced_extra_wide_capacity,w03,2026-02-05,2026-02-06,2026-02-12,300751,0.015625,0.8779809619238477,0.054858774344855865,0.0008571683491383729,
balanced_extra_wide_capacity,w03,2026-02-05,2026-02-06,2026-02-12,601212,0.015625,0.8779809619238477,-0.07925636007827797,-0.0012383806262230932,
balanced_extra_wide_capacity,w03,2026-02-05,2026-02-06,2026-02-12,603920,0.015625,0.8779809619238477,-0.0626852400711323,-0.0009794568761114422,
balanced_extra_wide_capacity,w03,2026-02-05,2026-02-06,2026-02-12,688387,0.015625,0.8779809619238477,-0.08278344331133791,-0.0012934913017396549,
balanced_extra_wide_capacity,w03,2026-02-05,2026-02-06,2026-02-12,688568,0.015625,0.8779809619238477,-0.016000000000000014,-0.0002500000000000002,
balanced_extra_wide_capacity,w03,2026-02-05,2026-02-06,2026-02-12,002195,0.015625,0.8598196392785571,0.025176233635448186,0.0003933786505538779,
balanced_extra_wide_capacity,w03,2026-02-05,2026-02-06,2026-02-12,000629,0.015625,0.8358466933867734,0.0027247956403271267,4.2574931880111355e-05,
balanced_extra_wide_capacity,w03,2026-02-05,2026-02-06,2026-02-12,688375,0.015625,0.9404559118236473,0.013223140495867813,0.00020661157024793458,
balanced_extra_wide_capacity,w03,2026-02-05,2026-02-06,2026-02-12,601106,0.015625,0.9404559118236473,-0.021442495126705707,-0.0003350389863547767,
balanced_extra_wide_capacity,w03,2026-02-05,2026-02-06,2026-02-12,600498,0.015625,0.9404559118236473,0.11005886869721015,0.0017196698233939087,
balanced_extra_wide_capacity,w03,2026-02-05,2026-02-06,2026-02-12,688027,0.015625,0.9673346693386773,0.08481188621993696,0.001325185722186515,
balanced_extra_wide_capacity,w03,2026-02-05,2026-02-06,2026-02-12,000878,0.015625,0.9673346693386773,0.00043478260869567187,6.793478260869873e-06,
balanced_extra_wide_capacity,w03,2026-02-05,2026-02-06,2026-02-12,002738,0.015625,0.9673346693386773,0.08252243144193105,0.0012894129912801727,
balanced_extra_wide_capacity,w03,2026-02-05,2026-02-06,2026-02-12,002756,0.015625,0.9673346693386773,0.08297872340425538,0.0012965425531914904,
balanced_extra_wide_capacity,w03,2026-02-05,2026-02-06,2026-02-12,003031,0.015625,0.9673346693386773,0.0056052315494459215,8.758174296009252e-05,
balanced_extra_wide_capacity,w03,2026-02-05,2026-02-06,2026-02-12,300223,0.015625,0.9673346693386773,-0.03810488584119076,-0.0005953888412686056,
balanced_extra_wide_capacity,w03,2026-02-05,2026-02-06,2026-02-12,300285,0.015625,0.9673346693386773,0.05079778573754479,0.0007937154021491373,
balanced_extra_wide_capacity,w03,2026-02-05,2026-02-06,2026-02-12,300390,0.015625,0.9673346693386773,0.05383609415867485,0.0008411889712292946,
balanced_extra_wide_capacity,w03,2026-02-05,2026-02-06,2026-02-12,300450,0.015625,0.9673346693386773,-0.0346274921301154,-0.0005410545645330531,
balanced_extra_wide_capacity,w03,2026-02-05,2026-02-06,2026-02-12,300724,0.015625,0.9673346693386773,-0.017078825347758952,-0.00026685664605873363,
balanced_extra_wide_capacity,w03,2026-02-05,2026-02-06,2026-02-12,300857,0.015625,0.9673346693386773,0.2030757289089411,0.0031730582642022047,
balanced_extra_wide_capacity,w03,2026-02-05,2026-02-06,2026-02-12,301308,0.015625,0.9673346693386773,-3.4162339437204814e-05,-5.337865537063252e-07,
balanced_extra_wide_capacity,w03,2026-02-05,2026-02-06,2026-02-12,600497,0.015625,0.9673346693386773,0.04602991944764101,0.0007192174913693908,
balanced_extra_wide_capacity,w03,2026-02-05,2026-02-06,2026-02-12,601611,0.015625,0.9673346693386773,-0.003853564547206201,-6.021194605009689e-05,
balanced_extra_wide_capacity,w03,2026-02-05,2026-02-06,2026-02-12,688122,0.015625,0.9673346693386773,0.030664395229982988,0.0004791311754684842,
balanced_extra_wide_capacity,w03,2026-02-05,2026-02-06,2026-02-12,300757,0.015625,0.9404559118236473,0.15232618923157326,0.002380096706743332,
balanced_extra_wide_capacity,w03,2026-02-05,2026-02-06,2026-02-12,688281,0.015625,0.9673346693386773,0.007501562825588559,0.00011721191914982124,
balanced_extra_wide_capacity,w03,2026-02-05,2026-02-06,2026-02-12,688385,0.015625,0.9673346693386773,0.13214887822591104,0.00206482622227986,
balanced_extra_wide_capacity,w03,2026-02-05,2026-02-06,2026-02-12,688599,0.015625,0.9673346693386773,0.003910068426197455,6.109481915933523e-05,
balanced_extra_wide_capacity,w03,2026-02-05,2026-02-06,2026-02-12,600516,0.015625,0.9668587174348697,0.007067137809187329,0.00011042402826855202,
balanced_extra_wide_capacity,w03,2026-02-05,2026-02-06,2026-02-12,000155,0.015625,0.9654058116232465,0.038929440389294356,0.0006082725060827243,
balanced_extra_wide_capacity,w03,2026-02-05,2026-02-06,2026-02-12,688220,0.015625,0.95062625250501,0.21039290240811148,0.003287389100126742,
balanced_extra_wide_capacity,w03,2026-02-05,2026-02-06,2026-02-12,300919,0.015625,0.9494238476953908,0.09661453177588597,0.0015096020589982183,
balanced_extra_wide_capacity,w03,2026-02-05,2026-02-06,2026-02-12,605358,0.015625,0.9494238476953908,0.0140377743746809,0.00021934022460438907,
balanced_extra_wide_capacity,w03,2026-02-05,2026-02-06,2026-02-12,000426,0.015625,0.9404559118236473,0.002598960415833629,4.060875649740045e-05,
balanced_extra_wide_capacity,w03,2026-02-05,2026-02-06,2026-02-12,000960,0.015625,0.9404559118236473,0.08540417023707514,0.001334440159954299,
balanced_extra_wide_capacity,w03,2026-02-05,2026-02-06,2026-02-12,002202,0.015625,0.9404559118236473,0.012489927477840501,0.00019515511684125783,
balanced_extra_wide_capacity,w03,2026-02-05,2026-02-06,2026-02-12,002851,0.015625,0.9404559118236473,0.03571428571428581,0.0005580357142857158,
balanced_extra_wide_capacity,w03,2026-02-05,2026-02-06,2026-02-12,300604,0.015625,0.9404559118236473,0.007407407407407307,0.00011574074074073917,
balanced_extra_wide_capacity,w03,2026-02-05,2026-02-06,2026-02-12,688676,0.015625,0.8358466933867734,0.0649043627767032,0.0010141306683859874,
balanced_medium_current,w03,2026-02-05,2026-02-06,2026-02-12,000039,0.020408163265306124,0.9909819639278558,0.019486271036315284,0.00039767900074112825,
balanced_medium_current,w03,2026-02-05,2026-02-06,2026-02-12,300223,0.020408163265306124,0.9238476953907816,-0.03810488584119076,-0.0007776507314528727,
balanced_medium_current,w03,2026-02-05,2026-02-06,2026-02-12,300450,0.020408163265306124,0.9238476953907816,-0.0346274921301154,-0.0007066835128594981,
balanced_medium_current,w03,2026-02-05,2026-02-06,2026-02-12,300454,0.020408163265306124,0.9238476953907816,0.10925514373790213,0.0022296968109775947,
balanced_medium_current,w03,2026-02-05,2026-02-06,2026-02-12,300604,0.020408163265306124,0.9238476953907816,0.007407407407407307,0.00015117157974300628,
balanced_medium_current,w03,2026-02-05,2026-02-06,2026-02-12,300724,0.020408163265306124,0.9238476953907816,-0.017078825347758952,-0.00034854745607671334,
balanced_medium_current,w03,2026-02-05,2026-02-06,2026-02-12,300757,0.020408163265306124,0.9238476953907816,0.15232618923157326,0.0031086977394198627,
balanced_medium_current,w03,2026-02-05,2026-02-06,2026-02-12,300857,0.020408163265306124,0.9238476953907816,0.2030757289089411,0.004144402630794717,
balanced_medium_current,w03,2026-02-05,2026-02-06,2026-02-12,300919,0.020408163265306124,0.9238476953907816,0.09661453177588597,0.0019717251382833875,
balanced_medium_current,w03,2026-02-05,2026-02-06,2026-02-12,600497,0.020408163265306124,0.9238476953907816,0.04602991944764101,0.0009393861111763473,
balanced_medium_current,w03,2026-02-05,2026-02-06,2026-02-12,600498,0.020408163265306124,0.9238476953907816,0.11005886869721015,0.0022460993611675543,
balanced_medium_current,w03,2026-02-05,2026-02-06,2026-02-12,600549,0.020408163265306124,0.9238476953907816,0.13959390862944177,0.002848855278151873,
balanced_medium_current,w03,2026-02-05,2026-02-06,2026-02-12,600673,0.020408163265306124,0.9238476953907816,0.2692574600971547,0.005495050206064381,
balanced_medium_current,w03,2026-02-05,2026-02-06,2026-02-12,601106,0.020408163265306124,0.9238476953907816,-0.021442495126705707,-0.000437601941361341,
balanced_medium_current,w03,2026-02-05,2026-02-06,2026-02-12,601168,0.020408163265306124,0.9238476953907816,0.04907203523120485,0.0010014701067592826,
balanced_medium_current,w03,2026-02-05,2026-02-06,2026-02-12,601198,0.020408163265306124,0.9238476953907816,0.02501786990707644,0.0005105687736138049,
balanced_medium_current,w03,2026-02-05,2026-02-06,2026-02-12,601399,0.020408163265306124,0.9238476953907816,0.003875968992248069,7.910140800506264e-05,
balanced_medium_current,w03,2026-02-05,2026-02-06,2026-02-12,601611,0.020408163265306124,0.9238476953907816,-0.003853564547206201,-7.864417443277961e-05,
balanced_medium_current,w03,2026-02-05,2026-02-06,2026-02-12,601958,0.020408163265306124,0.9238476953907816,0.11192468619246854,0.002284177269234052,
balanced_medium_current,w03,2026-02-05,2026-02-06,2026-02-12,603920,0.020408163265306124,0.9238476953907816,-0.0626852400711323,-0.0012792906136965777,
balanced_medium_current,w03,2026-02-05,2026-02-06,2026-02-12,605358,0.020408163265306124,0.9238476953907816,0.0140377743746809,0.0002864851913200184,
balanced_medium_current,w03,2026-02-05,2026-02-06,2026-02-12,688027,0.020408163265306124,0.9238476953907816,0.08481188621993696,0.0017308548208150403,
balanced_medium_current,w03,2026-02-05,2026-02-06,2026-02-12,688122,0.020408163265306124,0.9238476953907816,0.030664395229982988,0.0006258039842853672,
balanced_medium_current,w03,2026-02-05,2026-02-06,2026-02-12,300285,0.020408163265306124,0.9238476953907816,0.05079778573754479,0.001036689504847853,
balanced_medium_current,w03,2026-02-05,2026-02-06,2026-02-12,003031,0.020408163265306124,0.9238476953907816,0.0056052315494459215,0.00011439248060093718,
balanced_medium_current,w03,2026-02-05,2026-02-06,2026-02-12,000415,0.020408163265306124,0.9909819639278558,0.07966457023060824,0.001625807555726699,
balanced_medium_current,w03,2026-02-05,2026-02-06,2026-02-12,002851,0.020408163265306124,0.9238476953907816,0.03571428571428581,0.000728862973760935,
balanced_medium_current,w03,2026-02-05,2026-02-06,2026-02-12,000738,0.020408163265306124,0.9909819639278558,-0.018617973505191565,-0.0003799586429630932,
balanced_medium_current,w03,2026-02-05,2026-02-06,2026-02-12,002271,0.020408163265306124,0.9909819639278558,-0.024630541871921152,-0.0005026641198351257,
balanced_medium_current,w03,2026-02-05,2026-02-06,2026-02-12,002945,0.020408163265306124,0.9909819639278558,-0.0804819277108435,-0.0016424883206294595,
balanced_medium_current,w03,2026-02-05,2026-02-06,2026-02-12,003035,0.020408163265306124,0.9909819639278558,-0.015781922525107572,-0.0003220800515328076,
balanced_medium_current,w03,2026-02-05,2026-02-06,2026-02-12,300017,0.020408163265306124,0.9909819639278558,0.2309404563160824,0.004713070537062907,
balanced_medium_current,w03,2026-02-05,2026-02-06,2026-02-12,603737,0.020408163265306124,0.9909819639278558,0.0008802816901409827,1.7964932451856792e-05,
balanced_medium_current,w03,2026-02-05,2026-02-06,2026-02-12,688563,0.020408163265306124,0.9909819639278558,-0.03454868223405705,-0.0007050751476338174,
balanced_medium_current,w03,2026-02-05,2026-02-06,2026-02-12,688777,0.020408163265306124,0.9909819639278558,-0.07944542253521125,-0.0016213351537798216,
balanced_medium_current,w03,2026-02-05,2026-02-06,2026-02-12,600060,0.020408163265306124,0.9769539078156313,-0.06544293695131675,-0.0013355701418636073,
balanced_medium_current,w03,2026-02-05,2026-02-06,2026-02-12,600329,0.020408163265306124,0.9769539078156313,0.00022977941176471894,4.689375750300387e-06,
balanced_medium_current,w03,2026-02-05,2026-02-06,2026-02-12,000060,0.020408163265306124,0.9238476953907816,0.05967976710334799,0.0012179544306805713,
balanced_medium_current,w03,2026-02-05,2026-02-06,2026-02-12,000426,0.020408163265306124,0.9238476953907816,0.002598960415833629,5.3040008486400595e-05,
balanced_medium_current,w03,2026-02-05,2026-02-06,2026-02-12,000878,0.020408163265306124,0.9238476953907816,0.00043478260869567187,8.873114463176978e-06,
balanced_medium_current,w03,2026-02-05,2026-02-06,2026-02-12,000960,0.020408163265306124,0.9238476953907816,0.08540417023707514,0.0017429422497362275,
balanced_medium_current,w03,2026-02-05,2026-02-06,2026-02-12,002008,0.020408163265306124,0.9238476953907816,0.08498467824310518,0.0017343811886347997,
balanced_medium_current,w03,2026-02-05,2026-02-06,2026-02-12,002156,0.020408163265306124,0.9238476953907816,0.026823134953897654,0.0005474109174264828,
balanced_medium_current,w03,2026-02-05,2026-02-06,2026-02-12,002195,0.020408163265306124,0.9238476953907816,0.025176233635448186,0.0005138006864377181,
balanced_medium_current,w03,2026-02-05,2026-02-06,2026-02-12,002409,0.020408163265306124,0.9238476953907816,0.030573104693140785,0.0006239409121049141,
balanced_medium_current,w03,2026-02-05,2026-02-06,2026-02-12,002429,0.020408163265306124,0.9238476953907816,0.2156448202959831,0.0044009146999180225,
balanced_medium_current,w03,2026-02-05,2026-02-06,2026-02-12,002738,0.020408163265306124,0.9238476953907816,0.08252243144193105,0.0016841312539169605,
balanced_medium_current,w03,2026-02-05,2026-02-06,2026-02-12,002756,0.020408163265306124,0.9238476953907816,0.08297872340425538,0.0016934433347807222,
balanced_medium_current,w03,2026-02-05,2026-02-06,2026-02-12,688172,0.020408163265306124,0.9238476953907816,-0.04681139755766617,-0.0009553346440340035,
economic_medium_capacity,w03,2026-02-05,2026-02-06,2026-02-12,000932,0.036000000004219955,0.9801142284569138,0.0,0.0,
economic_medium_capacity,w03,2026-02-05,2026-02-06,2026-02-12,601001,0.036000000004219955,0.9801142284569138,0.03055378739656267,0.0010999363464051918,
economic_medium_capacity,w03,2026-02-05,2026-02-06,2026-02-12,002273,0.036000000004219955,0.9801142284569138,-0.012132352941176427,-0.0004367647059335494,
economic_medium_capacity,w03,2026-02-05,2026-02-06,2026-02-12,601918,0.036000000004219955,0.9801142284569138,0.047222222222222276,0.0017000000001992776,
economic_medium_capacity,w03,2026-02-05,2026-02-06,2026-02-12,601865,0.036000000004219955,0.9801142284569138,0.028759736369083244,0.0010353505094083616,
economic_medium_capacity,w03,2026-02-05,2026-02-06,2026-02-12,601799,0.036000000004219955,0.9801142284569138,0.03578154425612046,0.001288135593371333,
economic_medium_capacity,w03,2026-02-05,2026-02-06,2026-02-12,601666,0.036000000004219955,0.9801142284569138,0.05896510228640195,0.0021227436825593,
economic_medium_capacity,w03,2026-02-05,2026-02-06,2026-02-12,601155,0.036000000004219955,0.9801142284569138,-0.03539325842696628,-0.001274157303520144,
economic_medium_capacity,w03,2026-02-05,2026-02-06,2026-02-12,600985,0.036000000004219955,0.9801142284569138,0.020618556701030855,0.0007422680413241202,
economic_medium_capacity,w03,2026-02-05,2026-02-06,2026-02-12,600808,0.036000000004219955,0.9801142284569138,-0.007462686567163979,-0.00026865671644939545,
economic_medium_capacity,w03,2026-02-05,2026-02-06,2026-02-12,600655,0.036000000004219955,0.9801142284569138,-0.017208413001912226,-0.0006195028681414589,
economic_medium_capacity,w03,2026-02-05,2026-02-06,2026-02-12,600598,0.036000000004219955,0.9801142284569138,-0.009067357512953289,-0.0003264248705045822,
economic_medium_capacity,w03,2026-02-05,2026-02-06,2026-02-12,600546,0.036000000004219955,0.9801142284569138,0.017055655296229766,0.0006140035907362456,
economic_medium_capacity,w03,2026-02-05,2026-02-06,2026-02-12,002385,0.036000000004219955,0.9801142284569138,-0.007425742574257432,-0.0002673267327046039,
economic_medium_capacity,w03,2026-02-05,2026-02-06,2026-02-12,000034,0.036000000004219955,0.7671142284569138,0.06312569521690747,0.0022725250280750567,
economic_medium_capacity,w03,2026-02-05,2026-02-06,2026-02-12,002756,0.036000000000000004,0.957815631262525,0.08297872340425538,0.002987234042553194,
economic_medium_capacity,w03,2026-02-05,2026-02-06,2026-02-12,000582,0.036000000000000004,0.7671142284569138,0.05834186284544529,0.0021003070624360308,
economic_medium_capacity,w03,2026-02-05,2026-02-06,2026-02-12,000528,0.036000000000000004,0.7671142284569138,0.006849315068493178,0.00024657534246575445,
economic_medium_capacity,w03,2026-02-05,2026-02-06,2026-02-12,000050,0.036000000000000004,0.7671142284569138,0.03965702036441576,0.0014276527331189676,
economic_medium_capacity,w03,2026-02-05,2026-02-06,2026-02-12,603737,0.036000000000000004,0.9801142284569138,0.0008802816901409827,3.169014084507538e-05,
economic_medium_capacity,w03,2026-02-05,2026-02-06,2026-02-12,002945,0.036000000000000004,0.9591142284569137,-0.0804819277108435,-0.0028973493975903665,
economic_medium_capacity,w03,2026-02-05,2026-02-06,2026-02-12,000723,0.036000000000000004,0.9790480961923848,-0.03187250996015922,-0.0011474103585657322,
economic_medium_capacity,w03,2026-02-05,2026-02-06,2026-02-12,688301,0.036000000000000004,0.9801142284569138,0.008223684210526327,0.0002960526315789478,
economic_medium_capacity,w03,2026-02-05,2026-02-06,2026-02-12,603816,0.036000000000000004,0.9801142284569138,0.04896313364055316,0.001762672811059914,
economic_medium_capacity,w03,2026-02-05,2026-02-06,2026-02-12,603688,0.036000000000000004,0.9801142284569138,0.17094227923038963,0.006153922052294028,
economic_medium_capacity,w03,2026-02-05,2026-02-06,2026-02-12,000709,0.03333333331223356,0.7671142284569138,0.0,0.0,
economic_medium_capacity,w03,2026-02-05,2026-02-06,2026-02-12,000729,0.02666666664978681,0.7671142284569138,-0.025781249999999978,-0.0006874999995648156,
economic_medium_capacity,w03,2026-02-05,2026-02-06,2026-02-12,000733,0.019999999987340117,0.7671142284569138,-0.012163656468853645,-0.00024327312922308244,
economic_medium_capacity,w03,2026-02-05,2026-02-06,2026-02-12,000739,0.013333333324893405,0.7671142284569138,-0.013297872340425565,-0.00017730496442677445,
economic_medium_capacity,w03,2026-02-05,2026-02-06,2026-02-12,000783,0.0066666666624467024,0.7671142284569138,-0.007481296758104716,-4.987531168912731e-05,
recent_compact_capacity,w03,2026-02-05,2026-02-06,2026-02-12,600316,0.032972380952380954,0.8494438877755511,-0.05729847494553364,-0.0018892671438945907,
recent_compact_capacity,w03,2026-02-05,2026-02-06,2026-02-12,300373,0.032972380952380954,0.8482314629258517,0.030823529411764694,0.0010163251540616243,
recent_compact_capacity,w03,2026-02-05,2026-02-06,2026-02-12,603000,0.032972380952380954,0.8456963927855712,0.05869751499571563,0.0019353968253968295,
recent_compact_capacity,w03,2026-02-05,2026-02-06,2026-02-12,002271,0.032972380952380954,0.8461372745490982,-0.024630541871921152,-0.0008121276096645546,
recent_compact_capacity,w03,2026-02-05,2026-02-06,2026-02-12,601061,0.032972380952380954,0.8465781563126252,0.0190812720848057,0.0006291549722362459,
recent_compact_capacity,w03,2026-02-05,2026-02-06,2026-02-12,688027,0.032972380952380954,0.8466883767535069,0.08481188621993696,0.0027964498217337504,
recent_compact_capacity,w03,2026-02-05,2026-02-06,2026-02-12,300454,0.032972380952380954,0.8493336673346693,0.10925514373790213,0.0036024022203332475,
recent_compact_capacity,w03,2026-02-05,2026-02-06,2026-02-12,002738,0.032972380952380954,0.8479008016032064,0.08252243144193105,0.0027209610466200906,
recent_compact_capacity,w03,2026-02-05,2026-02-06,2026-02-12,000738,0.032972380952380954,0.8480110220440882,-0.018617973505191565,-0.0006138789149745116,
recent_compact_capacity,w03,2026-02-05,2026-02-06,2026-02-12,688361,0.032972380952380954,0.8481212424849699,0.008288741999790128,0.00027329955883308003,
recent_compact_capacity,w03,2026-02-05,2026-02-06,2026-02-12,002756,0.032972380952380954,0.8477905811623246,0.08297872340425538,0.002736006079027358,
recent_compact_capacity,w03,2026-02-05,2026-02-06,2026-02-12,688563,0.032972380952380954,0.8483416833667334,-0.03454868223405705,-0.001139152312024085,
recent_compact_capacity,w03,2026-02-05,2026-02-06,2026-02-12,300623,0.032972380952380954,0.8484519038076153,-0.01266891891891897,-0.00041772442084942255,
recent_compact_capacity,w03,2026-02-05,2026-02-06,2026-02-12,300058,0.032972380952380954,0.8492234468937876,0.05384213277574501,0.0017753033131705411,
recent_compact_capacity,w03,2026-02-05,2026-02-06,2026-02-12,000703,0.032972380952380954,0.8491132264529058,0.10183639398998312,0.0033577883774544817,
recent_compact_capacity,w03,2026-02-05,2026-02-06,2026-02-12,688387,0.032972380952380954,0.849003006012024,-0.08278344331133791,-0.0027295672294112665,
recent_compact_capacity,w03,2026-02-05,2026-02-06,2026-02-12,601212,0.032972380952380954,0.8488927855711422,-0.07925636007827797,-0.0026132708974000588,
recent_compact_capacity,w03,2026-02-05,2026-02-06,2026-02-12,600871,0.032972380952380954,0.8455861723446894,0.05208333333333326,0.0017173115079365056,
recent_compact_capacity,w03,2026-02-05,2026-02-06,2026-02-12,003035,0.032972380952380954,0.8487825651302605,-0.015781922525107572,-0.0005203675616588089,
recent_compact_capacity,w03,2026-02-05,2026-02-06,2026-02-12,300751,0.032972380952380954,0.8486723446893787,0.054858774344855865,0.0018088244062792905,
recent_compact_capacity,w03,2026-02-05,2026-02-06,2026-02-12,688347,0.032972380952380954,0.848562124248497,-0.011374914115581447,-0.00037505800151956697,
recent_compact_capacity,w03,2026-02-05,2026-02-06,2026-02-12,688615,0.030758,0.8473496993987976,0.006810211238887476,0.000209468477285701,
recent_compact_capacity,w03,2026-02-05,2026-02-06,2026-02-12,688234,0.030758,0.8472394789579158,-0.010472323145971352,-0.00032210771532378683,
recent_compact_capacity,w03,2026-02-05,2026-02-06,2026-02-12,600435,0.030758,0.847129258517034,0.016324062877871803,0.0005020955259975809,
recent_compact_capacity,w03,2026-02-05,2026-02-06,2026-02-12,600497,0.030758,0.8474599198396794,0.04602991944764101,0.0014157882623705422,
recent_compact_capacity,w03,2026-02-05,2026-02-06,2026-02-12,000629,0.030758,0.8469088176352705,0.0027247956403271267,8.380926430518177e-05,
recent_compact_capacity,w03,2026-02-05,2026-02-06,2026-02-12,001389,0.030758,0.8467985971943888,-0.0002993414488126067,-9.207144282578157e-06,
recent_compact_capacity,w03,2026-02-05,2026-02-06,2026-02-12,605358,0.030758,0.8475701402805611,0.0140377743746809,0.00043177386421643516,
recent_compact_capacity,w03,2026-02-05,2026-02-06,2026-02-12,000878,0.030758,0.84624749498998,0.00043478260869567187,1.3373043478261475e-05,
recent_compact_capacity,w03,2026-02-05,2026-02-06,2026-02-12,301308,0.030758,0.8460270541082164,-3.4162339437204814e-05,-1.0507652364095458e-06,
recent_compact_capacity,w03,2026-02-05,2026-02-06,2026-02-12,002945,0.030758,0.8470190380761523,-0.0804819277108435,-0.0024754631325301247,
recent_compact_current,w03,2026-02-05,2026-02-06,2026-02-12,003035,0.027027027027027035,0.9868486973947895,-0.015781922525107572,-0.0004265384466245291,
recent_compact_current,w03,2026-02-05,2026-02-06,2026-02-12,000629,0.027027027027027035,0.935245490981964,0.0027247956403271267,7.36431254142467e-05,
recent_compact_current,w03,2026-02-05,2026-02-06,2026-02-12,688615,0.027027027027027035,0.931938877755511,0.006810211238887476,0.00018405976321317507,
recent_compact_current,w03,2026-02-05,2026-02-06,2026-02-12,300757,0.027027027027027035,0.9269789579158316,0.15232618923157326,0.004116924033285765,
recent_compact_current,w03,2026-02-05,2026-02-06,2026-02-12,301308,0.027027027027027035,0.9253256513026051,-3.4162339437204814e-05,-9.233064712758061e-07,
recent_compact_current,w03,2026-02-05,2026-02-06,2026-02-12,600118,0.027027027027027035,0.9220190380761523,-0.0538870215764935,-0.0014564059885538788,
recent_compact_current,w03,2026-02-05,2026-02-06,2026-02-12,605358,0.027027027027027035,0.9203657314629258,0.0140377743746809,0.00037939930742380824,
recent_compact_current,w03,2026-02-05,2026-02-06,2026-02-12,002271,0.027027027027027035,0.9157565130260521,-0.024630541871921152,-0.0006656903208627341,
recent_compact_current,w03,2026-02-05,2026-02-06,2026-02-12,603000,0.027027027027027035,0.9154058116232465,0.05869751499571563,0.001586419324208531,
recent_compact_current,w03,2026-02-05,2026-02-06,2026-02-12,601061,0.027027027027027035,0.9137525050100201,0.0190812720848057,0.0005157100563461002,
recent_compact_current,w03,2026-02-05,2026-02-06,2026-02-12,002153,0.027027027027027035,0.9120991983967937,-0.05286671630677586,-0.0014288301704534021,
recent_compact_current,w03,2026-02-05,2026-02-06,2026-02-12,600871,0.027027027027027035,0.9104458917835672,0.05208333333333326,0.001407657657657656,
recent_compact_current,w03,2026-02-05,2026-02-06,2026-02-12,000960,0.027027027027027035,0.9054859719438878,0.08540417023707514,0.0023082208172182477,
recent_compact_current,w03,2026-02-05,2026-02-06,2026-02-12,000878,0.027027027027027035,0.9038326653306614,0.00043478260869567187,1.1750881316099243e-05,
recent_compact_current,w03,2026-02-05,2026-02-06,2026-02-12,301200,0.027027027027027035,0.9021793587174349,-0.03128991060025543,-0.0008456732594663633,
recent_compact_current,w03,2026-02-05,2026-02-06,2026-02-12,603806,0.027027027027027035,0.9005260521042084,0.005913978494623606,0.00015983725661144885,
recent_compact_current,w03,2026-02-05,2026-02-06,2026-02-12,301358,0.027027027027027035,0.8972194388777556,0.09135399673735733,0.0024690269388474963,
recent_compact_current,w03,2026-02-05,2026-02-06,2026-02-12,688027,0.027027027027027035,0.9335921843687375,0.08481188621993696,0.002292213141079378,
recent_compact_current,w03,2026-02-05,2026-02-06,2026-02-12,002738,0.027027027027027035,0.9368987975951903,0.08252243144193105,0.0022303359849170563,
recent_compact_current,w03,2026-02-05,2026-02-06,2026-02-12,688563,0.027027027027027035,0.9851953907815632,-0.03454868223405705,-0.0009337481684880286,
recent_compact_current,w03,2026-02-05,2026-02-06,2026-02-12,600497,0.027027027027027035,0.9385521042084168,0.04602991944764101,0.001244051876963271,
recent_compact_current,w03,2026-02-05,2026-02-06,2026-02-12,002945,0.027027027027027035,0.9653557114228457,-0.0804819277108435,-0.0021751872354282033,
recent_compact_current,w03,2026-02-05,2026-02-06,2026-02-12,300058,0.027027027027027035,0.9633517034068136,0.05384213277574501,0.0014551927777228385,
recent_compact_current,w03,2026-02-05,2026-02-06,2026-02-12,600316,0.027027027027027035,0.9616983967935872,-0.05729847494553364,-0.0015486074309603692,
recent_compact_current,w03,2026-02-05,2026-02-06,2026-02-12,300454,0.027027027027027035,0.9600450901803608,0.10925514373790213,0.0029528417226460046,
recent_compact_current,w03,2026-02-05,2026-02-06,2026-02-12,000703,0.027027027027027035,0.9583917835671343,0.10183639398998312,0.0027523349727022473,
recent_compact_current,w03,2026-02-05,2026-02-06,2026-02-12,300623,0.027027027027027035,0.9550851703406814,-0.01266891891891897,-0.00034240321402483715,
recent_compact_current,w03,2026-02-05,2026-02-06,2026-02-12,688361,0.027027027027027035,0.9534318637274549,0.008288741999790128,0.0002240200540483819,
recent_compact_current,w03,2026-02-05,2026-02-06,2026-02-12,000738,0.027027027027027035,0.9521292585170341,-0.018617973505191565,-0.0005031884731132858,
recent_compact_current,w03,2026-02-05,2026-02-06,2026-02-12,688387,0.027027027027027035,0.9484719438877756,-0.08278344331133791,-0.0022373903597658904,
recent_compact_current,w03,2026-02-05,2026-02-06,2026-02-12,300373,0.027027027027027035,0.9468186372745491,0.030823529411764694,0.0008330683624801271,
recent_compact_current,w03,2026-02-05,2026-02-06,2026-02-12,688234,0.027027027027027035,0.9451653306613227,-0.010472323145971352,-0.00028303576070192853,
recent_compact_current,w03,2026-02-05,2026-02-06,2026-02-12,688777,0.027027027027027035,0.9438627254509019,-0.07944542253521125,-0.002147173582032737,
recent_compact_current,w03,2026-02-05,2026-02-06,2026-02-12,600435,0.027027027027027035,0.9435120240480962,0.016324062877871803,0.00044119088859113,
recent_compact_current,w03,2026-02-05,2026-02-06,2026-02-12,688347,0.027027027027027035,0.9418587174348697,-0.011374914115581447,-0.0003074301112319311,
recent_compact_current,w03,2026-02-05,2026-02-06,2026-02-12,002756,0.027027027027027035,0.9402054108216433,0.08297872340425538,0.002242668200115011,
recent_compact_current,w03,2026-02-05,2026-02-06,2026-02-12,002414,0.027027027027027035,0.8955661322645291,-0.0029815146094216427,-8.05814759303147e-05,
short_aggressive_compact_capacity,w03,2026-02-05,2026-02-06,2026-02-12,300751,0.03225806451612904,0.9981978957915831,0.054858774344855865,0.001769637882092125,
short_aggressive_compact_capacity,w03,2026-02-05,2026-02-06,2026-02-12,688777,0.03225806451612904,0.9534413827655311,-0.07944542253521125,-0.0025627555656519765,
short_aggressive_compact_capacity,w03,2026-02-05,2026-02-06,2026-02-12,002465,0.03225806451612904,0.9213952905811624,-0.01552616446233468,-0.000500844014914022,
short_aggressive_compact_capacity,w03,2026-02-05,2026-02-06,2026-02-12,601399,0.03225806451612904,0.9230831663326653,0.003875968992248069,0.00012503125781445387,
short_aggressive_compact_capacity,w03,2026-02-05,2026-02-06,2026-02-12,603000,0.03225806451612904,0.9232900801603208,0.05869751499571563,0.0018934682256682464,
short_aggressive_compact_capacity,w03,2026-02-05,2026-02-06,2026-02-12,002271,0.03225806451612904,0.9250195390781563,-0.024630541871921152,-0.0007945336087716502,
short_aggressive_compact_capacity,w03,2026-02-05,2026-02-06,2026-02-12,000878,0.03225806451612904,0.9325571142284569,0.00043478260869567187,1.4025245441795869e-05,
short_aggressive_compact_capacity,w03,2026-02-05,2026-02-06,2026-02-12,688234,0.03225806451612904,0.9325986973947896,-0.010472323145971352,-0.0003378168756764953,
short_aggressive_compact_capacity,w03,2026-02-05,2026-02-06,2026-02-12,000060,0.03225806451612904,0.9363466933867736,0.05967976710334799,0.001925153777527355,
short_aggressive_compact_capacity,w03,2026-02-05,2026-02-06,2026-02-12,002008,0.03225806451612904,0.9382414829659319,0.08498467824310518,0.0027414412336485548,
short_aggressive_compact_capacity,w03,2026-02-05,2026-02-06,2026-02-12,600316,0.03225806451612904,0.9401778557114229,-0.05729847494553364,-0.0018483379014688273,
short_aggressive_compact_capacity,w03,2026-02-05,2026-02-06,2026-02-12,688387,0.03225806451612904,0.9451437875751503,-0.08278344331133791,-0.002670433655204449,
short_aggressive_compact_capacity,w03,2026-02-05,2026-02-06,2026-02-12,688361,0.03225806451612904,0.9458622244488978,0.008288741999790128,0.00026737877418677835,
short_aggressive_compact_capacity,w03,2026-02-05,2026-02-06,2026-02-12,688629,0.03225806451612904,0.9460275551102204,0.19719266470455055,0.006361053700146793,
short_aggressive_compact_capacity,w03,2026-02-05,2026-02-06,2026-02-12,000426,0.03225806451612904,0.948130761523046,0.002598960415833629,8.383743276882675e-05,
short_aggressive_compact_capacity,w03,2026-02-05,2026-02-06,2026-02-12,000960,0.03225806451612904,0.957189378757515,0.08540417023707514,0.0027549732334540373,
short_aggressive_compact_capacity,w03,2026-02-05,2026-02-06,2026-02-12,300058,0.03225806451612904,0.9963031062124248,0.05384213277574501,0.0017368429927659683,
short_aggressive_compact_capacity,w03,2026-02-05,2026-02-06,2026-02-12,603806,0.03225806451612904,0.9572309619238477,0.005913978494623606,0.00019077349982656798,
short_aggressive_compact_capacity,w03,2026-02-05,2026-02-06,2026-02-12,300724,0.03225806451612904,0.9594994989979959,-0.017078825347758952,-0.0005509298499277082,
short_aggressive_compact_capacity,w03,2026-02-05,2026-02-06,2026-02-12,000629,0.03225806451612904,0.9609789579158317,0.0027247956403271267,8.789663355893959e-05,
short_aggressive_compact_capacity,w03,2026-02-05,2026-02-06,2026-02-12,002738,0.03225806451612904,0.9628737474949899,0.08252243144193105,0.0026620139174816475,
short_aggressive_compact_capacity,w03,2026-02-05,2026-02-06,2026-02-12,002025,0.03225806451612904,0.9630806613226454,-0.014108674928503429,-0.0004551185460807558,
short_aggressive_compact_capacity,w03,2026-02-05,2026-02-06,2026-02-12,600497,0.03225806451612904,0.9647685370741482,0.04602991944764101,0.0014848361112142264,
short_aggressive_compact_capacity,w03,2026-02-05,2026-02-06,2026-02-12,000703,0.03225806451612904,0.964810120240481,0.10183639398998312,0.003285044967418811,
short_aggressive_compact_capacity,w03,2026-02-05,2026-02-06,2026-02-12,301308,0.03225806451612904,0.9716708416833667,-3.4162339437204814e-05,-1.1020109495872522e-06,
short_aggressive_compact_capacity,w03,2026-02-05,2026-02-06,2026-02-12,002202,0.03225806451612904,0.9811447895791583,0.012489927477840501,0.0004029008863819517,
short_aggressive_compact_capacity,w03,2026-02-05,2026-02-06,2026-02-12,688027,0.03225806451612904,0.9818216432865731,0.08481188621993696,0.002735867297417322,
short_aggressive_compact_capacity,w03,2026-02-05,2026-02-06,2026-02-12,601212,0.03225806451612904,0.9887239478957915,-0.07925636007827797,-0.0025566567767186447,
short_aggressive_compact_capacity,w03,2026-02-05,2026-02-06,2026-02-12,300454,0.03225806451612904,0.9894008016032064,0.10925514373790213,0.0035243594754161985,
short_aggressive_compact_capacity,w03,2026-02-05,2026-02-06,2026-02-12,688563,0.03225806451612904,0.9923662324649298,-0.03454868223405705,-0.0011144736204534533,
short_aggressive_compact_capacity,w03,2026-02-05,2026-02-06,2026-02-12,688615,0.03225806451612904,0.9212299599198397,0.006810211238887476,0.00021968423351249926,
short_aggressive_medium_capacity,w03,2026-02-05,2026-02-06,2026-02-12,300751,0.03225806451612904,0.9981978957915831,0.054858774344855865,0.001769637882092125,
short_aggressive_medium_capacity,w03,2026-02-05,2026-02-06,2026-02-12,688777,0.03225806451612904,0.9534413827655311,-0.07944542253521125,-0.0025627555656519765,
short_aggressive_medium_capacity,w03,2026-02-05,2026-02-06,2026-02-12,002465,0.03225806451612904,0.9213952905811624,-0.01552616446233468,-0.000500844014914022,
short_aggressive_medium_capacity,w03,2026-02-05,2026-02-06,2026-02-12,601399,0.03225806451612904,0.9230831663326653,0.003875968992248069,0.00012503125781445387,
short_aggressive_medium_capacity,w03,2026-02-05,2026-02-06,2026-02-12,603000,0.03225806451612904,0.9232900801603208,0.05869751499571563,0.0018934682256682464,
short_aggressive_medium_capacity,w03,2026-02-05,2026-02-06,2026-02-12,002271,0.03225806451612904,0.9250195390781563,-0.024630541871921152,-0.0007945336087716502,
short_aggressive_medium_capacity,w03,2026-02-05,2026-02-06,2026-02-12,000878,0.03225806451612904,0.9325571142284569,0.00043478260869567187,1.4025245441795869e-05,
short_aggressive_medium_capacity,w03,2026-02-05,2026-02-06,2026-02-12,688234,0.03225806451612904,0.9325986973947896,-0.010472323145971352,-0.0003378168756764953,
short_aggressive_medium_capacity,w03,2026-02-05,2026-02-06,2026-02-12,000060,0.03225806451612904,0.9363466933867736,0.05967976710334799,0.001925153777527355,
short_aggressive_medium_capacity,w03,2026-02-05,2026-02-06,2026-02-12,002008,0.03225806451612904,0.9382414829659319,0.08498467824310518,0.0027414412336485548,
short_aggressive_medium_capacity,w03,2026-02-05,2026-02-06,2026-02-12,600316,0.03225806451612904,0.9401778557114229,-0.05729847494553364,-0.0018483379014688273,
short_aggressive_medium_capacity,w03,2026-02-05,2026-02-06,2026-02-12,688387,0.03225806451612904,0.9451437875751503,-0.08278344331133791,-0.002670433655204449,
short_aggressive_medium_capacity,w03,2026-02-05,2026-02-06,2026-02-12,688361,0.03225806451612904,0.9458622244488978,0.008288741999790128,0.00026737877418677835,
short_aggressive_medium_capacity,w03,2026-02-05,2026-02-06,2026-02-12,688629,0.03225806451612904,0.9460275551102204,0.19719266470455055,0.006361053700146793,
short_aggressive_medium_capacity,w03,2026-02-05,2026-02-06,2026-02-12,000426,0.03225806451612904,0.948130761523046,0.002598960415833629,8.383743276882675e-05,
short_aggressive_medium_capacity,w03,2026-02-05,2026-02-06,2026-02-12,000960,0.03225806451612904,0.957189378757515,0.08540417023707514,0.0027549732334540373,
short_aggressive_medium_capacity,w03,2026-02-05,2026-02-06,2026-02-12,300058,0.03225806451612904,0.9963031062124248,0.05384213277574501,0.0017368429927659683,
short_aggressive_medium_capacity,w03,2026-02-05,2026-02-06,2026-02-12,603806,0.03225806451612904,0.9572309619238477,0.005913978494623606,0.00019077349982656798,
short_aggressive_medium_capacity,w03,2026-02-05,2026-02-06,2026-02-12,300724,0.03225806451612904,0.9594994989979959,-0.017078825347758952,-0.0005509298499277082,
short_aggressive_medium_capacity,w03,2026-02-05,2026-02-06,2026-02-12,000629,0.03225806451612904,0.9609789579158317,0.0027247956403271267,8.789663355893959e-05,
short_aggressive_medium_capacity,w03,2026-02-05,2026-02-06,2026-02-12,002738,0.03225806451612904,0.9628737474949899,0.08252243144193105,0.0026620139174816475,
short_aggressive_medium_capacity,w03,2026-02-05,2026-02-06,2026-02-12,002025,0.03225806451612904,0.9630806613226454,-0.014108674928503429,-0.0004551185460807558,
short_aggressive_medium_capacity,w03,2026-02-05,2026-02-06,2026-02-12,600497,0.03225806451612904,0.9647685370741482,0.04602991944764101,0.0014848361112142264,
short_aggressive_medium_capacity,w03,2026-02-05,2026-02-06,2026-02-12,000703,0.03225806451612904,0.964810120240481,0.10183639398998312,0.003285044967418811,
short_aggressive_medium_capacity,w03,2026-02-05,2026-02-06,2026-02-12,301308,0.03225806451612904,0.9716708416833667,-3.4162339437204814e-05,-1.1020109495872522e-06,
short_aggressive_medium_capacity,w03,2026-02-05,2026-02-06,2026-02-12,002202,0.03225806451612904,0.9811447895791583,0.012489927477840501,0.0004029008863819517,
short_aggressive_medium_capacity,w03,2026-02-05,2026-02-06,2026-02-12,688027,0.03225806451612904,0.9818216432865731,0.08481188621993696,0.002735867297417322,
short_aggressive_medium_capacity,w03,2026-02-05,2026-02-06,2026-02-12,601212,0.03225806451612904,0.9887239478957915,-0.07925636007827797,-0.0025566567767186447,
short_aggressive_medium_capacity,w03,2026-02-05,2026-02-06,2026-02-12,300454,0.03225806451612904,0.9894008016032064,0.10925514373790213,0.0035243594754161985,
short_aggressive_medium_capacity,w03,2026-02-05,2026-02-06,2026-02-12,688563,0.03225806451612904,0.9923662324649298,-0.03454868223405705,-0.0011144736204534533,
short_aggressive_medium_capacity,w03,2026-02-05,2026-02-06,2026-02-12,688615,0.03225806451612904,0.9212299599198397,0.006810211238887476,0.00021968423351249926,
short_aggressive_wide_capacity,w03,2026-02-05,2026-02-06,2026-02-12,601106,0.036000000004219955,0.97274248496994,-0.021442495126705707,-0.0007719298246518918,
short_aggressive_wide_capacity,w03,2026-02-05,2026-02-06,2026-02-12,002195,0.036000000004219955,0.9263567134268538,0.025176233635448186,0.0009063444109823773,
short_aggressive_wide_capacity,w03,2026-02-05,2026-02-06,2026-02-12,688172,0.036000000004219955,0.9685796593186373,-0.04681139755766617,-0.001685210312273524,
short_aggressive_wide_capacity,w03,2026-02-05,2026-02-06,2026-02-12,600498,0.036000000004219955,0.9263567134268538,0.11005886869721015,0.003962119273564009,
short_aggressive_wide_capacity,w03,2026-02-05,2026-02-06,2026-02-12,300857,0.036000000004219955,0.9263567134268538,0.2030757289089411,0.00731072624157885,
short_aggressive_wide_capacity,w03,2026-02-05,2026-02-06,2026-02-12,300751,0.036000000004219955,0.9263567134268538,0.054858774344855865,0.0019749158766463127,
short_aggressive_wide_capacity,w03,2026-02-05,2026-02-06,2026-02-12,300724,0.036000000004219955,0.9263567134268538,-0.017078825347758952,-0.0006148377125913941,
short_aggressive_wide_capacity,w03,2026-02-05,2026-02-06,2026-02-12,002202,0.036000000004219955,0.9263567134268538,0.012489927477840501,0.000449637389254965,
short_aggressive_wide_capacity,w03,2026-02-05,2026-02-06,2026-02-12,002008,0.036000000004219955,0.9263567134268538,0.08498467824310518,0.003059448417110418,
short_aggressive_wide_capacity,w03,2026-02-05,2026-02-06,2026-02-12,000878,0.036000000004219955,0.9263567134268538,0.00043478260869567187,1.565217391487895e-05,
short_aggressive_wide_capacity,w03,2026-02-05,2026-02-06,2026-02-12,688599,0.036000000004219955,0.960254008016032,0.003910068426197455,0.0001407624633596087,
short_aggressive_wide_capacity,w03,2026-02-05,2026-02-06,2026-02-12,300757,0.036000000004219955,0.960254008016032,0.15232618923157326,0.0054837428129794474,
short_aggressive_wide_capacity,w03,2026-02-05,2026-02-06,2026-02-12,688568,0.036000000004219955,0.9638221442885773,-0.016000000000000014,-0.0005760000000675198,
short_aggressive_wide_capacity,w03,2026-02-05,2026-02-06,2026-02-12,688027,0.036000000004219955,0.9638221442885773,0.08481188621993696,0.003053227904275633,
short_aggressive_wide_capacity,w03,2026-02-05,2026-02-06,2026-02-12,000426,0.036000000004219955,0.8282329659318638,0.002598960415833629,9.356257498097814e-05,
short_aggressive_wide_capacity,w03,2026-02-05,2026-02-06,2026-02-12,000060,0.036000000000000004,0.8282329659318638,0.05967976710334799,0.002148471615720528,
short_aggressive_wide_capacity,w03,2026-02-05,2026-02-06,2026-02-12,002156,0.036000000000000004,0.8282329659318638,0.026823134953897654,0.0009656328583403156,
short_aggressive_wide_capacity,w03,2026-02-05,2026-02-06,2026-02-12,000960,0.036000000000000004,0.8282329659318638,0.08540417023707514,0.0030745501285347056,
short_aggressive_wide_capacity,w03,2026-02-05,2026-02-06,2026-02-12,000629,0.036000000000000004,0.8282329659318638,0.0027247956403271267,9.809264305177658e-05,
short_aggressive_wide_capacity,w03,2026-02-05,2026-02-06,2026-02-12,688122,0.036000000000000004,0.9263567134268538,0.030664395229982988,0.0011039182282793878,
short_aggressive_wide_capacity,w03,2026-02-05,2026-02-06,2026-02-12,688709,0.036000000000000004,0.9263567134268538,-0.01473684210526327,-0.0005305263157894778,
short_aggressive_wide_capacity,w03,2026-02-05,2026-02-06,2026-02-12,688525,0.036000000000000004,0.9263567134268538,0.05018427518427515,0.0018066339066339057,
short_aggressive_wide_capacity,w03,2026-02-05,2026-02-06,2026-02-12,688387,0.036000000000000004,0.9263567134268538,-0.08278344331133791,-0.002980203959208165,
short_aggressive_wide_capacity,w03,2026-02-05,2026-02-06,2026-02-12,688375,0.036000000000000004,0.9263567134268538,0.013223140495867813,0.0004760330578512413,
short_aggressive_wide_capacity,w03,2026-02-05,2026-02-06,2026-02-12,601611,0.036000000000000004,0.9263567134268538,-0.003853564547206201,-0.00013872832369942324,
short_aggressive_wide_capacity,w03,2026-02-05,2026-02-06,2026-02-12,002409,0.03333333331223356,0.8282329659318638,0.030573104693140785,0.001019103489126274,
short_aggressive_wide_capacity,w03,2026-02-05,2026-02-06,2026-02-12,002429,0.02666666664978681,0.8282329659318638,0.2156448202959831,0.005750528537586162,
short_aggressive_wide_capacity,w03,2026-02-05,2026-02-06,2026-02-12,002738,0.019999999987340117,0.8282329659318638,0.08252243144193105,0.0016504486277938968,
short_aggressive_wide_capacity,w03,2026-02-05,2026-02-06,2026-02-12,002756,0.013333333324893405,0.8282329659318638,0.08297872340425538,0.0011063829780230707,
short_aggressive_wide_capacity,w03,2026-02-05,2026-02-06,2026-02-12,002851,0.0066666666624467024,0.8282329659318638,0.03571428571428581,0.00023809523794452573,
stable_compact_capacity,w03,2026-02-05,2026-02-06,2026-02-12,688777,0.030303030303030304,0.9964949899799599,-0.07944542253521125,-0.0024074370465215532,
stable_compact_capacity,w03,2026-02-05,2026-02-06,2026-02-12,688568,0.030303030303030304,0.958619238476954,-0.016000000000000014,-0.00048484848484848527,
stable_compact_capacity,w03,2026-02-05,2026-02-06,2026-02-12,300037,0.030303030303030304,0.9351002004008017,0.15916597853014047,0.004823211470610317,
stable_compact_capacity,w03,2026-02-05,2026-02-06,2026-02-12,301308,0.030303030303030304,0.9352565130260522,-3.4162339437204814e-05,-1.0352224071880247e-06,
stable_compact_capacity,w03,2026-02-05,2026-02-06,2026-02-12,300919,0.030303030303030304,0.937060120240481,0.09661453177588597,0.002927713084117757,
stable_compact_capacity,w03,2026-02-05,2026-02-06,2026-02-12,002436,0.030303030303030304,0.9390200400801604,0.043079743354720534,0.0013054467683248647,
stable_compact_capacity,w03,2026-02-05,2026-02-06,2026-02-12,003031,0.030303030303030304,0.9429398797595191,0.0056052315494459215,0.00016985550149836126,
stable_compact_capacity,w03,2026-02-05,2026-02-06,2026-02-12,688385,0.030303030303030304,0.9448997995991983,0.13214887822591104,0.0040045114613912434,
stable_compact_capacity,w03,2026-02-05,2026-02-06,2026-02-12,600516,0.030303030303030304,0.948072144288577,0.007067137809187329,0.00021415569118749482,
stable_compact_capacity,w03,2026-02-05,2026-02-06,2026-02-12,688599,0.030303030303030304,0.9500320641282564,0.003910068426197455,0.00011848692200598349,
stable_compact_capacity,w03,2026-02-05,2026-02-06,2026-02-12,000878,0.030303030303030304,0.9507795591182364,0.00043478260869567187,1.3175230566535511e-05,
stable_compact_capacity,w03,2026-02-05,2026-02-06,2026-02-12,601611,0.030303030303030304,0.9527394789579159,-0.003853564547206201,-0.00011677468324867276,
stable_compact_capacity,w03,2026-02-05,2026-02-06,2026-02-12,688347,0.030303030303030304,0.9528957915831663,-0.011374914115581447,-0.00034469436713883175,
stable_compact_capacity,w03,2026-02-05,2026-02-06,2026-02-12,600392,0.030303030303030304,0.9546993987975952,0.2616326530612245,0.007928262213976502,
stable_compact_capacity,w03,2026-02-05,2026-02-06,2026-02-12,300058,0.030303030303030304,0.9548557114228456,0.05384213277574501,0.0016315797810831823,
stable_compact_capacity,w03,2026-02-05,2026-02-06,2026-02-12,688122,0.030303030303030304,0.9566593186372746,0.030664395229982988,0.0009292240978782724,
stable_compact_capacity,w03,2026-02-05,2026-02-06,2026-02-12,601212,0.030303030303030304,0.9607354709418837,-0.07925636007827797,-0.0024017078811599383,
stable_compact_capacity,w03,2026-02-05,2026-02-06,2026-02-12,300454,0.030303030303030304,0.9958577154308618,0.10925514373790213,0.0033107619314515797,
stable_compact_capacity,w03,2026-02-05,2026-02-06,2026-02-12,000629,0.030303030303030304,0.9617915831663326,0.0027247956403271267,8.256956485839778e-05,
stable_compact_capacity,w03,2026-02-05,2026-02-06,2026-02-12,605358,0.030303030303030304,0.9625390781563127,0.0140377743746809,0.0004253871022630576,
stable_compact_capacity,w03,2026-02-05,2026-02-06,2026-02-12,002945,0.030303030303030304,0.9641623246492986,-0.0804819277108435,-0.002438846294267985,
stable_compact_capacity,w03,2026-02-05,2026-02-06,2026-02-12,300223,0.030303030303030304,0.964498997995992,-0.03810488584119076,-0.001154693510339114,
stable_compact_capacity,w03,2026-02-05,2026-02-06,2026-02-12,603077,0.030303030303030304,0.9676713426853707,0.016597510373443924,0.000502954859801331,
stable_compact_capacity,w03,2026-02-05,2026-02-06,2026-02-12,000426,0.030303030303030304,0.9684188376753508,0.002598960415833629,7.87563762373827e-05,
stable_compact_capacity,w03,2026-02-05,2026-02-06,2026-02-12,000960,0.030303030303030304,0.9782184368737475,0.08540417023707514,0.002588005158699247,
stable_compact_capacity,w03,2026-02-05,2026-02-06,2026-02-12,688220,0.030303030303030304,0.9782424849699399,0.21039290240811148,0.006375542497215499,
stable_compact_capacity,w03,2026-02-05,2026-02-06,2026-02-12,688027,0.030303030303030304,0.9833507014028056,0.08481188621993696,0.002570057158179908,
stable_compact_capacity,w03,2026-02-05,2026-02-06,2026-02-12,000060,0.030303030303030304,0.9840981963927856,0.05967976710334799,0.0018084777910105452,
stable_compact_capacity,w03,2026-02-05,2026-02-06,2026-02-12,600497,0.030303030303030304,0.986058116232465,0.04602991944764101,0.0013948460438679095,
stable_compact_capacity,w03,2026-02-05,2026-02-06,2026-02-12,603920,0.030303030303030304,0.9892304609218436,-0.0626852400711323,-0.0018995527294282514,
stable_compact_capacity,w03,2026-02-05,2026-02-06,2026-02-12,002738,0.030303030303030304,0.991937875751503,0.08252243144193105,0.0025006797406645774,
stable_compact_capacity,w03,2026-02-05,2026-02-06,2026-02-12,002756,0.030303030303030304,0.9938977955911824,0.08297872340425538,0.0025145067698259206,
stable_compact_capacity,w03,2026-02-05,2026-02-06,2026-02-12,300017,0.030303030303030304,0.9329879759519039,0.2309404563160824,0.006998195645941891,
stable_compact_current,w03,2026-02-05,2026-02-06,2026-02-12,003035,0.03253310000000001,0.9668762525050101,-0.015781922525107572,-0.0005134348637015773,
stable_compact_current,w03,2026-02-05,2026-02-06,2026-02-12,300919,0.03253310000000001,0.9186147294589178,0.09661453177588597,0.003143170223718077,
stable_compact_current,w03,2026-02-05,2026-02-06,2026-02-12,002851,0.03253310000000001,0.8901397795591182,0.03571428571428581,0.001161896428571432,
stable_compact_current,w03,2026-02-05,2026-02-06,2026-02-12,301358,0.03253310000000001,0.8945205410821644,0.09135399673735733,0.0029720287112561207,
stable_compact_current,w03,2026-02-05,2026-02-06,2026-02-12,688615,0.03253310000000001,0.8967109218436873,0.006810211238887476,0.0002215572832558502,
stable_compact_current,w03,2026-02-05,2026-02-06,2026-02-12,688777,0.03253310000000001,0.9295666332665331,-0.07944542253521125,-0.0025846058758802817,
stable_compact_current,w03,2026-02-05,2026-02-06,2026-02-12,688027,0.03253310000000001,0.9131387775551101,0.08481188621993696,0.002759193575581832,
stable_compact_current,w03,2026-02-05,2026-02-06,2026-02-12,605358,0.03253310000000001,0.9142339679358717,0.0140377743746809,0.00045669231750893133,
stable_compact_current,w03,2026-02-05,2026-02-06,2026-02-12,603920,0.03253310000000001,0.9153291583166332,-0.0626852400711323,-0.0020393451837581547,
stable_compact_current,w03,2026-02-05,2026-02-06,2026-02-12,000426,0.03253310000000001,0.9164243486973949,0.002598960415833629,8.455223910435705e-05,
stable_compact_current,w03,2026-02-05,2026-02-06,2026-02-12,000629,0.03253310000000001,0.9109483967935872,0.0027247956403271267,8.864604904632647e-05,
stable_compact_current,w03,2026-02-05,2026-02-06,2026-02-12,000878,0.03253310000000001,0.9208051102204409,0.00043478260869567187,1.4144826086957166e-05,
stable_compact_current,w03,2026-02-05,2026-02-06,2026-02-12,002945,0.03253310000000001,0.9219003006012023,-0.0804819277108435,-0.0026183266024096437,
stable_compact_current,w03,2026-02-05,2026-02-06,2026-02-12,000060,0.03253310000000001,0.9284714428857714,0.05967976710334799,0.0019415678311499312,
stable_compact_current,w03,2026-02-05,2026-02-06,2026-02-12,600497,0.03253310000000001,0.92737625250501,0.04602991944764101,0.0014974959723820503,
stable_compact_current,w03,2026-02-05,2026-02-06,2026-02-12,002738,0.03253310000000001,0.9262810621242485,0.08252243144193105,0.002684710514343488,
stable_compact_current,w03,2026-02-05,2026-02-06,2026-02-12,601061,0.03253310000000001,0.8890445891783567,0.0190812720848057,0.0006207729328621926,
stable_compact_current,w03,2026-02-05,2026-02-06,2026-02-12,002756,0.03253310000000001,0.9251858717434869,0.08297872340425538,0.0026995551063829816,
stable_compact_current,w03,2026-02-05,2026-02-06,2026-02-12,000960,0.03253310000000001,0.9240906813627254,0.08540417023707514,0.00277846241073979,
stable_compact_current,w03,2026-02-05,2026-02-06,2026-02-12,300454,0.03253310000000001,0.922995490981964,0.10925514373790213,0.0035544085167395446,
stable_compact_current,w03,2026-02-05,2026-02-06,2026-02-12,300223,0.03175800000000001,0.9087580160320641,-0.03810488584119076,-0.0012101349645445366,
stable_compact_current,w03,2026-02-05,2026-02-06,2026-02-12,601958,0.03175800000000001,0.906567635270541,0.11192468619246854,0.0035545041841004168,
stable_compact_current,w03,2026-02-05,2026-02-06,2026-02-12,688385,0.03175800000000001,0.9054724448897795,0.13214887822591104,0.004196784074698484,
stable_compact_current,w03,2026-02-05,2026-02-06,2026-02-12,601611,0.03175800000000001,0.9032820641282564,-0.003853564547206201,-0.00012238150289017456,
stable_compact_current,w03,2026-02-05,2026-02-06,2026-02-12,601168,0.03175800000000001,0.9098532064128255,0.04907203523120485,0.001558429694872604,
stable_compact_current,w03,2026-02-05,2026-02-06,2026-02-12,300017,0.03175800000000001,0.9010916833667335,0.2309404563160824,0.0073342070116861465,
stable_compact_current,w03,2026-02-05,2026-02-06,2026-02-12,688122,0.03175800000000001,0.8999964929859718,0.030664395229982988,0.0009738398637138,
stable_compact_current,w03,2026-02-05,2026-02-06,2026-02-12,000738,0.03175800000000001,0.8956157314629258,-0.018617973505191565,-0.0005912696025778738,
stable_compact_current,w03,2026-02-05,2026-02-06,2026-02-12,688568,0.03175800000000001,0.8934253507014027,-0.016000000000000014,-0.0005081280000000006,
stable_compact_current,w03,2026-02-05,2026-02-06,2026-02-12,300857,0.03175800000000001,0.8912349699398798,0.2030757289089411,0.006449278998690153,
stable_compact_current,w03,2026-02-05,2026-02-06,2026-02-12,003031,0.03175800000000001,0.902186873747495,0.0056052315494459215,0.00017801094354730361,
stable_extra_wide_capacity,w03,2026-02-05,2026-02-06,2026-02-12,603920,0.02173913043478261,0.9862925851703408,-0.0626852400711323,-0.0013627226102420067,
stable_extra_wide_capacity,w03,2026-02-05,2026-02-06,2026-02-12,600032,0.02173913043478261,0.7217985971943888,0.005063291139240533,0.000110071546505229,
stable_extra_wide_capacity,w03,2026-02-05,2026-02-06,2026-02-12,600970,0.02173913043478261,0.7332214428857715,-0.013698630136986134,-0.00029779630732578555,
stable_extra_wide_capacity,w03,2026-02-05,2026-02-06,2026-02-12,300751,0.02173913043478261,0.7314829659318638,0.054858774344855865,0.0011925820509751277,
stable_extra_wide_capacity,w03,2026-02-05,2026-02-06,2026-02-12,601866,0.02173913043478261,0.7286523046092185,0.03053435114503822,0.0006637902422834397,
stable_extra_wide_capacity,w03,2026-02-05,2026-02-06,2026-02-12,600153,0.02173913043478261,0.7280811623246493,-0.004210526315789331,-9.153318077802896e-05,
stable_extra_wide_capacity,w03,2026-02-05,2026-02-06,2026-02-12,601212,0.02173913043478261,0.7280561122244489,-0.07925636007827797,-0.0017229643495277822,
stable_extra_wide_capacity,w03,2026-02-05,2026-02-06,2026-02-12,688525,0.02173913043478261,0.7274849699398798,0.05018427518427515,0.0010909625040059817,
stable_extra_wide_capacity,w03,2026-02-05,2026-02-06,2026-02-12,601198,0.02173913043478261,0.7252254509018036,0.02501786990707644,0.0005438667371103575,
stable_extra_wide_capacity,w03,2026-02-05,2026-02-06,2026-02-12,603816,0.02173913043478261,0.722940881763527,0.04896313364055316,0.0010644159487076775,
stable_extra_wide_capacity,w03,2026-02-05,2026-02-06,2026-02-12,002432,0.02173913043478261,0.7223697394789579,0.01109770808202648,0.00024125452352231482,
stable_extra_wide_capacity,w03,2026-02-05,2026-02-06,2026-02-12,601717,0.02173913043478261,0.7212274549098197,0.02073170731707319,0.00045068928950159115,
stable_extra_wide_capacity,w03,2026-02-05,2026-02-06,2026-02-12,301308,0.02173913043478261,0.9811322645290581,-3.4162339437204814e-05,-7.426595529827135e-07,
stable_extra_wide_capacity,w03,2026-02-05,2026-02-06,2026-02-12,688349,0.02173913043478261,0.718371743486974,-0.046982291290206035,-0.00102135415848274,
stable_extra_wide_capacity,w03,2026-02-05,2026-02-06,2026-02-12,002603,0.02173913043478261,0.7166583166332665,-0.006806579693703796,-0.0001479691237761695,
stable_extra_wide_capacity,w03,2026-02-05,2026-02-06,2026-02-12,600995,0.02173913043478261,0.7160871743486974,0.044876589379207354,0.0009755780299827687,
stable_extra_wide_capacity,w03,2026-02-05,2026-02-06,2026-02-12,600873,0.02173913043478261,0.7155160320641283,0.038175046554934866,0.0008298923164116276,
stable_extra_wide_capacity,w03,2026-02-05,2026-02-06,2026-02-12,601016,0.02173913043478261,0.7149448897795592,0.022580645161290214,0.0004908835904628308,
stable_extra_wide_capacity,w03,2026-02-05,2026-02-06,2026-02-12,300146,0.02173913043478261,0.71437374749499,-0.01340033500837523,-0.0002913116306168529,
stable_extra_wide_capacity,w03,2026-02-05,2026-02-06,2026-02-12,688538,0.02173913043478261,0.7138026052104208,0.0038461538461538325,8.361204013377898e-05,
stable_extra_wide_capacity,w03,2026-02-05,2026-02-06,2026-02-12,000539,0.02173913043478261,0.7115180360721443,0.016563146997929712,0.000360068412998472,
stable_extra_wide_capacity,w03,2026-02-05,2026-02-06,2026-02-12,603049,0.02173913043478261,0.7098046092184369,-0.015622194289818592,-0.0003396129193438825,
stable_extra_wide_capacity,w03,2026-02-05,2026-02-06,2026-02-12,002155,0.02173913043478261,0.7355060120240481,0.012228676245796377,0.0002658407879520952,
stable_extra_wide_capacity,w03,2026-02-05,2026-02-06,2026-02-12,002831,0.02173913043478261,0.7377905811623247,0.0474295190713101,0.0010310765015502197,
stable_extra_wide_capacity,w03,2026-02-05,2026-02-06,2026-02-12,601156,0.02173913043478261,0.7400751503006012,0.03659849300322948,0.0007956194131136844,
stable_extra_wide_capacity,w03,2026-02-05,2026-02-06,2026-02-12,600499,0.02173913043478261,0.7417885771543087,0.00640279394644927,0.00013919117274889718,
stable_extra_wide_capacity,w03,2026-02-05,2026-02-06,2026-02-12,000426,0.02173913043478261,0.9794188376753508,0.002598960415833629,5.649913947464411e-05,
stable_extra_wide_capacity,w03,2026-02-05,2026-02-06,2026-02-12,688375,0.02173913043478261,0.9571442885771544,0.013223140495867813,0.0002874595759971264,
stable_extra_wide_capacity,w03,2026-02-05,2026-02-06,2026-02-12,300390,0.02173913043478261,0.9537174348697395,0.05383609415867485,0.0011703498730146708,
stable_extra_wide_capacity,w03,2026-02-05,2026-02-06,2026-02-12,002202,0.02173913043478261,0.9502905811623247,0.012489927477840501,0.00027152016256175006,
stable_extra_wide_capacity,w03,2026-02-05,2026-02-06,2026-02-12,688387,0.02173913043478261,0.8777555110220442,-0.08278344331133791,-0.001799640071985607,
stable_extra_wide_capacity,w03,2026-02-05,2026-02-06,2026-02-12,000415,0.02173913043478261,0.8308867735470942,0.07966457023060824,0.0017318384832740925,
stable_extra_wide_capacity,w03,2026-02-05,2026-02-06,2026-02-12,300136,0.02173913043478261,0.8092184368737476,-0.034309946029298266,-0.0007458683919412668,
stable_extra_wide_capacity,w03,2026-02-05,2026-02-06,2026-02-12,600801,0.02173913043478261,0.7906212424849699,-0.031276063386155184,-0.0006799144214381563,
stable_extra_wide_capacity,w03,2026-02-05,2026-02-06,2026-02-12,002131,0.02173913043478261,0.7886222444889779,0.02947845804988658,0.0006408360445627518,
stable_extra_wide_capacity,w03,2026-02-05,2026-02-06,2026-02-12,002595,0.02173913043478261,0.7869088176352705,0.16874184750385401,0.003668301032692479,
stable_extra_wide_capacity,w03,2026-02-05,2026-02-06,2026-02-12,600546,0.02173913043478261,0.7777705410821644,0.017055655296229766,0.00037077511513542973,
stable_extra_wide_capacity,w03,2026-02-05,2026-02-06,2026-02-12,603565,0.02173913043478261,0.7743436873747496,0.030038759689922534,0.000653016514998316,
stable_extra_wide_capacity,w03,2026-02-05,2026-02-06,2026-02-12,001286,0.02173913043478261,0.7692034068136273,0.024464831804281273,0.0005318441696582886,
stable_extra_wide_capacity,w03,2026-02-05,2026-02-06,2026-02-12,603345,0.02173913043478261,0.760065130260521,-0.02511339749972341,-0.0005459434239070307,
stable_extra_wide_capacity,w03,2026-02-05,2026-02-06,2026-02-12,601918,0.02173913043478261,0.7594939879759519,0.047222222222222276,0.00102657004830918,
stable_extra_wide_capacity,w03,2026-02-05,2026-02-06,2026-02-12,600985,0.02173913043478261,0.7549248496993988,0.020618556701030855,0.0004482294935006708,
stable_extra_wide_capacity,w03,2026-02-05,2026-02-06,2026-02-12,603379,0.02173913043478261,0.7492134268537074,0.013854089904200562,0.00030117586748262094,
stable_extra_wide_capacity,w03,2026-02-05,2026-02-06,2026-02-12,600606,0.02173913043478261,0.7469288577154309,-0.01183431952662728,-0.0002572678157962452,
stable_extra_wide_capacity,w03,2026-02-05,2026-02-06,2026-02-12,601615,0.02173913043478261,0.7446442885771544,0.0012892135797164528,2.8026382167748977e-05,
stable_extra_wide_capacity,w03,2026-02-05,2026-02-06,2026-02-12,600038,0.02173913043478261,0.7086623246492987,-0.002918546033430558,-6.344665290066431e-05,
stable_medium_capacity,w03,2026-02-05,2026-02-06,2026-02-12,300751,0.01075268817204301,0.9970841683366733,0.054858774344855865,0.0005898792940307082,
stable_medium_capacity,w03,2026-02-05,2026-02-06,2026-02-12,688172,0.01075268817204301,0.8646768537074148,-0.04681139755766617,-0.0005033483608351201,
stable_medium_capacity,w03,2026-02-05,2026-02-06,2026-02-12,688361,0.01075268817204301,0.8227229458917836,0.008288741999790128,8.912625806225943e-05,
stable_medium_capacity,w03,2026-02-05,2026-02-06,2026-02-12,000415,0.01075268817204301,0.8304634268537074,0.07966457023060824,0.000856608282049551,
stable_medium_capacity,w03,2026-02-05,2026-02-06,2026-02-12,600435,0.01075268817204301,0.8320115230460922,0.016324062877871803,0.00017552755782657852,
stable_medium_capacity,w03,2026-02-05,2026-02-06,2026-02-12,300487,0.01075268817204301,0.833559619238477,0.02650849443468073,0.00028503757456645944,
stable_medium_capacity,w03,2026-02-05,2026-02-06,2026-02-12,300623,0.01075268817204301,0.8351077154308617,-0.01266891891891897,-0.00013622493461203192,
stable_medium_capacity,w03,2026-02-05,2026-02-06,2026-02-12,003035,0.01075268817204301,0.8360721442885772,-0.015781922525107572,-0.00016969809166782334,
stable_medium_capacity,w03,2026-02-05,2026-02-06,2026-02-12,002945,0.01075268817204301,0.8397520040080161,-0.0804819277108435,-0.0008653970721596075,
stable_medium_capacity,w03,2026-02-05,2026-02-06,2026-02-12,001389,0.01075268817204301,0.8443962925851703,-0.0002993414488126067,-3.2187252560495344e-06,
stable_medium_capacity,w03,2026-02-05,2026-02-06,2026-02-12,600549,0.01075268817204301,0.8574323647294589,0.13959390862944177,0.001501009770209051,
stable_medium_capacity,w03,2026-02-05,2026-02-06,2026-02-12,600673,0.01075268817204301,0.8768537074148296,0.2692574600971547,0.0028952415064210178,
stable_medium_capacity,w03,2026-02-05,2026-02-06,2026-02-12,688778,0.01075268817204301,0.8923346693386773,0.025516991171846692,0.0002743762491596418,
stable_medium_capacity,w03,2026-02-05,2026-02-06,2026-02-12,688375,0.01075268817204301,0.8784018036072144,0.013223140495867813,0.00014218430640718078,
stable_medium_capacity,w03,2026-02-05,2026-02-06,2026-02-12,002202,0.01075268817204301,0.8794288577154308,0.012489927477840501,0.00013430029546065053,
stable_medium_capacity,w03,2026-02-05,2026-02-06,2026-02-12,002195,0.01075268817204301,0.881497995991984,0.025176233635448186,0.0002707121896284751,
stable_medium_capacity,w03,2026-02-05,2026-02-06,2026-02-12,300763,0.01075268817204301,0.8830460921843687,-0.026980198019801893,-0.00029010965612690203,
stable_medium_capacity,w03,2026-02-05,2026-02-06,2026-02-12,002409,0.01075268817204301,0.8861422845691382,0.030573104693140785,0.00032874306121656756,
stable_medium_capacity,w03,2026-02-05,2026-02-06,2026-02-12,601061,0.01075268817204301,0.8877429859719439,0.0190812720848057,0.0002051749686538247,
stable_medium_capacity,w03,2026-02-05,2026-02-06,2026-02-12,002429,0.01075268817204301,0.8883942885771543,0.2156448202959831,0.002318761508558958,
stable_medium_capacity,w03,2026-02-05,2026-02-06,2026-02-12,300390,0.01075268817204301,0.8887174348697395,0.05383609415867485,0.0005788827328889769,
stable_medium_capacity,w03,2026-02-05,2026-02-06,2026-02-12,000629,0.01075268817204301,0.8892384769539078,0.0027247956403271267,2.9298877852979856e-05,
stable_medium_capacity,w03,2026-02-05,2026-02-06,2026-02-12,002153,0.01075268817204301,0.8196267535070141,-0.05286671630677586,-0.0005684593151266222,
stable_medium_capacity,w03,2026-02-05,2026-02-06,2026-02-12,688676,0.01075268817204301,0.8180260521042084,0.0649043627767032,0.0006978963739430451,
stable_medium_capacity,w03,2026-02-05,2026-02-06,2026-02-12,601118,0.01075268817204301,0.8087900801603206,0.07132243684992567,0.0007669079231174803,
stable_medium_capacity,w03,2026-02-05,2026-02-06,2026-02-12,688629,0.01075268817204301,0.8056938877755511,0.19719266470455055,0.002120351233382264,
stable_medium_capacity,w03,2026-02-05,2026-02-06,2026-02-12,600378,0.01075268817204301,0.7685395791583167,0.03187588152327203,0.0003427514142287315,
stable_medium_capacity,w03,2026-02-05,2026-02-06,2026-02-12,000021,0.01075268817204301,0.7700876753507014,0.07116788321167888,0.0007652460560395578,
stable_medium_capacity,w03,2026-02-05,2026-02-06,2026-02-12,603000,0.01075268817204301,0.7716357715430863,0.05869751499571563,0.0006311560752227486,
stable_medium_capacity,w03,2026-02-05,2026-02-06,2026-02-12,002318,0.01075268817204301,0.773183867735471,0.07177322074788917,0.0007717550618052597,
stable_medium_capacity,w03,2026-02-05,2026-02-06,2026-02-12,000723,0.01075268817204301,0.7778281563126254,-0.03187250996015922,-0.0003427151608619271,
stable_medium_capacity,w03,2026-02-05,2026-02-06,2026-02-12,300383,0.01075268817204301,0.7793762525050101,0.24295302013422804,0.002612398065959441,
stable_medium_capacity,w03,2026-02-05,2026-02-06,2026-02-12,002532,0.01075268817204301,0.7809243486973949,0.024613623354321712,0.00026466261671313665,
stable_medium_capacity,w03,2026-02-05,2026-02-06,2026-02-12,002266,0.01075268817204301,0.7824724448897796,0.062098501070663836,0.0006677258179641272,
stable_medium_capacity,w03,2026-02-05,2026-02-06,2026-02-12,601608,0.01075268817204301,0.7840205410821643,-0.015957446808510523,-0.00017158544955387658,
stable_medium_capacity,w03,2026-02-05,2026-02-06,2026-02-12,300627,0.01075268817204301,0.7855686372745491,-0.013463569165786837,-0.0001447695609224391,
stable_medium_capacity,w03,2026-02-05,2026-02-06,2026-02-12,688052,0.01075268817204301,0.7871167334669339,0.01099386774211375,0.00011821363163563171,
stable_medium_capacity,w03,2026-02-05,2026-02-06,2026-02-12,300450,0.01075268817204301,0.7886122244488978,-0.0346274921301154,-0.0003723386250550043,
stable_medium_capacity,w03,2026-02-05,2026-02-06,2026-02-12,688295,0.01075268817204301,0.7886648296593186,-0.018783826806749393,-0.00020197663233063862,
stable_medium_capacity,w03,2026-02-05,2026-02-06,2026-02-12,688002,0.01075268817204301,0.7917610220440882,0.02151013543418623,0.00023129177886221748,
stable_medium_capacity,w03,2026-02-05,2026-02-06,2026-02-12,603979,0.01075268817204301,0.793309118236473,0.06319181729017775,0.0006794819063459973,
stable_medium_capacity,w03,2026-02-05,2026-02-06,2026-02-12,603341,0.01075268817204301,0.7979534068136273,0.03480799461037498,0.0003742795119395159,
stable_medium_capacity,w03,2026-02-05,2026-02-06,2026-02-12,688019,0.01075268817204301,0.799501503006012,0.03021566140006926,0.0003248995849469813,
stable_medium_capacity,w03,2026-02-05,2026-02-06,2026-02-12,603806,0.01075268817204301,0.8010495991983968,0.005913978494623606,6.359116660885598e-05,
stable_medium_capacity,w03,2026-02-05,2026-02-06,2026-02-12,301358,0.01075268817204301,0.8025976953907815,0.09135399673735733,0.000982301040186638,
stable_medium_capacity,w03,2026-02-05,2026-02-06,2026-02-12,002008,0.01075268817204301,0.8907865731462926,0.08498467824310518,0.000913813744549518,
stable_medium_capacity,w03,2026-02-05,2026-02-06,2026-02-12,601106,0.01075268817204301,0.8938827655310622,-0.021442495126705707,-0.00023056446372801833,
stable_medium_capacity,w03,2026-02-05,2026-02-06,2026-02-12,300017,0.01075268817204301,0.984689378757515,0.2309404563160824,0.0024832307130761544,
stable_medium_capacity,w03,2026-02-05,2026-02-06,2026-02-12,000960,0.01075268817204301,0.961998997995992,0.08540417023707514,0.0009183244111513455,
stable_medium_capacity,w03,2026-02-05,2026-02-06,2026-02-12,300223,0.01075268817204301,0.9496142284569138,-0.03810488584119076,-0.00040972995528162107,
stable_medium_capacity,w03,2026-02-05,2026-02-06,2026-02-12,688599,0.01075268817204301,0.9511623246492985,0.003910068426197455,4.20437465182522e-05,
stable_medium_capacity,w03,2026-02-05,2026-02-06,2026-02-12,688568,0.01075268817204301,0.9518662324649299,-0.016000000000000014,-0.00017204301075268832,
stable_medium_capacity,w03,2026-02-05,2026-02-06,2026-02-12,003031,0.01075268817204301,0.954258517034068,0.0056052315494459215,6.0271306983289476e-05,
stable_medium_capacity,w03,2026-02-05,2026-02-06,2026-02-12,000426,0.01075268817204301,0.9549624248496994,0.002598960415833629,2.7945810922942244e-05,
stable_medium_capacity,w03,2026-02-05,2026-02-06,2026-02-12,603077,0.01075268817204301,0.9558066132264529,0.016597510373443924,0.00017846785347789166,
stable_medium_capacity,w03,2026-02-05,2026-02-06,2026-02-12,300454,0.01075268817204301,0.9573547094188376,0.10925514373790213,0.001174786491805399,
stable_medium_capacity,w03,2026-02-05,2026-02-06,2026-02-12,603920,0.01075268817204301,0.958058617234469,-0.0626852400711323,-0.0006740348394745408,
stable_medium_capacity,w03,2026-02-05,2026-02-06,2026-02-12,688122,0.01075268817204301,0.9604509018036071,0.030664395229982988,0.0003297246798922902,
stable_medium_capacity,w03,2026-02-05,2026-02-06,2026-02-12,301308,0.01075268817204301,0.9630260521042084,-3.4162339437204814e-05,-3.6733698319575066e-07,
stable_medium_capacity,w03,2026-02-05,2026-02-06,2026-02-12,002156,0.01075268817204301,0.901623246492986,0.026823134953897654,0.00028842080595588873,
stable_medium_capacity,w03,2026-02-05,2026-02-06,2026-02-12,605358,0.01075268817204301,0.9635470941883767,0.0140377743746809,0.00015094381048043977,
stable_medium_capacity,w03,2026-02-05,2026-02-06,2026-02-12,002738,0.01075268817204301,0.9697394789579158,0.08252243144193105,0.0008873379724938823,
stable_medium_capacity,w03,2026-02-05,2026-02-06,2026-02-12,600497,0.01075268817204301,0.9712875751503006,0.04602991944764101,0.000494945370404742,
stable_medium_capacity,w03,2026-02-05,2026-02-06,2026-02-12,688220,0.01075268817204301,0.9728081162324649,0.21039290240811148,0.0022622892732054997,
stable_medium_capacity,w03,2026-02-05,2026-02-06,2026-02-12,000060,0.01075268817204301,0.9743837675350702,0.05967976710334799,0.0006417179258424515,
stable_medium_capacity,w03,2026-02-05,2026-02-06,2026-02-12,601611,0.01075268817204301,0.9759318637274549,-0.003853564547206201,-4.143617792694839e-05,
stable_medium_capacity,w03,2026-02-05,2026-02-06,2026-02-12,002756,0.01075268817204301,0.9790280561122244,0.08297872340425538,0.0008922443376801653,
stable_medium_capacity,w03,2026-02-05,2026-02-06,2026-02-12,300724,0.01075268817204301,0.9812800601202405,-0.017078825347758952,-0.00018364328330923603,
stable_medium_capacity,w03,2026-02-05,2026-02-06,2026-02-12,688525,0.01075268817204301,0.9828281563126252,0.05018427518427515,0.0005396158621965069,
stable_medium_capacity,w03,2026-02-05,2026-02-06,2026-02-12,000878,0.01075268817204301,0.948066132264529,0.00043478260869567187,4.675081813931955e-06,
stable_medium_capacity,w03,2026-02-05,2026-02-06,2026-02-12,002436,0.01075268817204301,0.9465180360721442,0.043079743354720534,0.0004632230468249519,
stable_medium_capacity,w03,2026-02-05,2026-02-06,2026-02-12,688027,0.01075268817204301,0.9449699398797595,0.08481188621993696,0.0009119557658057737,
stable_medium_capacity,w03,2026-02-05,2026-02-06,2026-02-12,688385,0.01075268817204301,0.9403256513026051,0.13214887822591104,0.0014209556798485056,
stable_medium_capacity,w03,2026-02-05,2026-02-06,2026-02-12,601168,0.01075268817204301,0.9031713426853707,0.04907203523120485,0.0005276562928086542,
stable_medium_capacity,w03,2026-02-05,2026-02-06,2026-02-12,601958,0.01075268817204301,0.9062675350701402,0.11192468619246854,0.001203491249381382,
stable_medium_capacity,w03,2026-02-05,2026-02-06,2026-02-12,600498,0.01075268817204301,0.9078156312625251,0.11005886869721015,0.0011834286956689264,
stable_medium_capacity,w03,2026-02-05,2026-02-06,2026-02-12,601399,0.01075268817204301,0.9109118236472946,0.003875968992248069,4.1677085938151277e-05,
stable_medium_capacity,w03,2026-02-05,2026-02-06,2026-02-12,300748,0.01075268817204301,0.9124599198396793,0.10717372515125323,0.001152405646787669,
stable_medium_capacity,w03,2026-02-05,2026-02-06,2026-02-12,300432,0.01075268817204301,0.9186523046092184,0.017967434025828233,0.00019319821533148637,
stable_medium_capacity,w03,2026-02-05,2026-02-06,2026-02-12,300857,0.01075268817204301,0.9202004008016033,0.2030757289089411,0.002183609988268184,
stable_medium_capacity,w03,2026-02-05,2026-02-06,2026-02-12,688709,0.01075268817204301,0.921748496993988,-0.01473684210526327,-0.00015846066779852977,
stable_medium_capacity,w03,2026-02-05,2026-02-06,2026-02-12,000155,0.01075268817204301,0.9232965931863728,0.038929440389294356,0.0004185961332182189,
stable_medium_capacity,w03,2026-02-05,2026-02-06,2026-02-12,300604,0.01075268817204301,0.9263927855711424,0.007407407407407307,7.964954201513233e-05,
stable_medium_capacity,w03,2026-02-05,2026-02-06,2026-02-12,688777,0.01075268817204301,0.9274098196392786,-0.07944542253521125,-0.0008542518552173252,
stable_medium_capacity,w03,2026-02-05,2026-02-06,2026-02-12,688608,0.01075268817204301,0.9279133266533066,0.01440260299535856,0.00015486669887482322,
stable_medium_capacity,w03,2026-02-05,2026-02-06,2026-02-12,002851,0.01075268817204301,0.9279408817635271,0.03571428571428581,0.00038402457757296565,
stable_medium_capacity,w03,2026-02-05,2026-02-06,2026-02-12,300285,0.01075268817204301,0.9294889779559119,0.05079778573754479,0.0005462127498660729,
stable_medium_capacity,w03,2026-02-05,2026-02-06,2026-02-12,600516,0.01075268817204301,0.9310370741482966,0.007067137809187329,7.599072913104655e-05,
stable_medium_capacity,w03,2026-02-05,2026-02-06,2026-02-12,600392,0.01075268817204301,0.9325851703406813,0.2616326530612245,0.0028132543339916614,
stable_medium_capacity,w03,2026-02-05,2026-02-06,2026-02-12,688281,0.01075268817204301,0.9332890781563127,0.007501562825588559,8.066196586654364e-05,
stable_medium_capacity,w03,2026-02-05,2026-02-06,2026-02-12,300919,0.01075268817204301,0.9341332665330662,0.09661453177588597,0.0010388659330740427,
stable_medium_capacity,w03,2026-02-05,2026-02-06,2026-02-12,300037,0.01075268817204301,0.9372294589178356,0.15916597853014047,0.001711462134732693,
stable_medium_capacity,w03,2026-02-05,2026-02-06,2026-02-12,002430,0.01075268817204301,0.7654433867735472,0.03282994090610636,0.00035301011726996084,
balanced_extra_wide_capacity,w04,2026-02-12,2026-02-13,2026-02-27,300070,0.015625,0.9610470941883767,0.04714640198511155,0.000736662531017368,
balanced_extra_wide_capacity,w04,2026-02-12,2026-02-13,2026-02-27,300529,0.015625,0.9610470941883767,-0.009481037924151559,-0.0001481412175648681,
balanced_extra_wide_capacity,w04,2026-02-12,2026-02-13,2026-02-27,605358,0.015625,0.8740230460921843,0.05235338535112022,0.0008180216461112534,
balanced_extra_wide_capacity,w04,2026-02-12,2026-02-13,2026-02-27,688027,0.015625,0.8740230460921843,-0.06564243885635546,-0.001025663107130554,
balanced_extra_wide_capacity,w04,2026-02-12,2026-02-13,2026-02-27,688122,0.015625,0.8740230460921843,0.0656434474616292,0.0010256788665879563,
balanced_extra_wide_capacity,w04,2026-02-12,2026-02-13,2026-02-27,688220,0.015625,0.8740230460921843,0.023560209424083878,0.0003681282722513106,
balanced_extra_wide_capacity,w04,2026-02-12,2026-02-13,2026-02-27,688281,0.015625,0.8740230460921843,0.04343329886246128,0.0006786452947259575,
balanced_extra_wide_capacity,w04,2026-02-12,2026-02-13,2026-02-27,688347,0.015625,0.8740230460921843,-0.02100386100386098,-0.0003281853281853278,
balanced_extra_wide_capacity,w04,2026-02-12,2026-02-13,2026-02-27,688375,0.015625,0.8740230460921843,0.0030179445350735357,4.7155383360523995e-05,
balanced_extra_wide_capacity,w04,2026-02-12,2026-02-13,2026-02-27,688385,0.015625,0.8740230460921843,-0.01844215349369993,-0.0002881586483390614,
balanced_extra_wide_capacity,w04,2026-02-12,2026-02-13,2026-02-27,688387,0.015625,0.8740230460921843,0.13669064748201443,0.0021357913669064754,
balanced_extra_wide_capacity,w04,2026-02-12,2026-02-13,2026-02-27,688525,0.015625,0.8740230460921843,-0.030239223255541847,-0.00047248786336784136,
balanced_extra_wide_capacity,w04,2026-02-12,2026-02-13,2026-02-27,688568,0.015625,0.8740230460921843,0.020325203252032464,0.00031758130081300726,
balanced_extra_wide_capacity,w04,2026-02-12,2026-02-13,2026-02-27,688599,0.015625,0.8740230460921843,-0.0705939629990262,-0.0011030306718597845,
balanced_extra_wide_capacity,w04,2026-02-12,2026-02-13,2026-02-27,688608,0.015625,0.8740230460921843,-0.02429245283018866,-0.0003795695754716978,
balanced_extra_wide_capacity,w04,2026-02-12,2026-02-13,2026-02-27,688709,0.015625,0.8740230460921843,0.016666666666666607,0.00026041666666666574,
balanced_extra_wide_capacity,w04,2026-02-12,2026-02-13,2026-02-27,002080,0.015625,0.8216432865731462,0.015239623019851711,0.000238119109685183,
balanced_extra_wide_capacity,w04,2026-02-12,2026-02-13,2026-02-27,300017,0.015625,0.8216432865731462,-0.08679927667269449,-0.0013562386980108514,
balanced_extra_wide_capacity,w04,2026-02-12,2026-02-13,2026-02-27,600487,0.015625,0.8216432865731462,0.13500597371565104,0.0021094683393070475,
balanced_extra_wide_capacity,w04,2026-02-12,2026-02-13,2026-02-27,601231,0.015625,0.8216432865731462,0.13189163498098866,0.002060806796577948,
balanced_extra_wide_capacity,w04,2026-02-12,2026-02-13,2026-02-27,000032,0.015625,0.7687625250501001,-0.008641382621219384,-0.00013502160345655288,
balanced_extra_wide_capacity,w04,2026-02-12,2026-02-13,2026-02-27,000155,0.015625,0.7687625250501001,0.1280249804839968,0.00200039032006245,
balanced_extra_wide_capacity,w04,2026-02-12,2026-02-13,2026-02-27,002156,0.015625,0.7687625250501001,0.06142857142857139,0.0009598214285714279,
balanced_extra_wide_capacity,w04,2026-02-12,2026-02-13,2026-02-27,002185,0.015625,0.7687625250501001,0.06377014716187812,0.0009964085494043456,
balanced_extra_wide_capacity,w04,2026-02-12,2026-02-13,2026-02-27,002281,0.015625,0.7687625250501001,0.04832919083126219,0.0007551436067384718,
balanced_extra_wide_capacity,w04,2026-02-12,2026-02-13,2026-02-27,002436,0.015625,0.7687625250501001,0.14103690685412995,0.0022037016695957805,
balanced_extra_wide_capacity,w04,2026-02-12,2026-02-13,2026-02-27,002756,0.015625,0.7687625250501001,0.2750491159135562,0.004297642436149315,
balanced_extra_wide_capacity,w04,2026-02-12,2026-02-13,2026-02-27,601399,0.015625,0.7687625250501001,0.01737451737451745,0.00027147683397683517,
balanced_extra_wide_capacity,w04,2026-02-12,2026-02-13,2026-02-27,601865,0.015625,0.7687625250501001,-0.005241700640652547,-8.190157251019604e-05,
balanced_extra_wide_capacity,w04,2026-02-12,2026-02-13,2026-02-27,603077,0.015625,0.7687625250501001,0.19591836734693868,0.003061224489795917,
balanced_extra_wide_capacity,w04,2026-02-12,2026-02-13,2026-02-27,688019,0.015625,0.7687625250501001,0.001791111608642204,2.798611888503444e-05,
balanced_extra_wide_capacity,w04,2026-02-12,2026-02-13,2026-02-27,603920,0.015625,0.8740230460921843,0.06782608695652192,0.001059782608695655,
balanced_extra_wide_capacity,w04,2026-02-12,2026-02-13,2026-02-27,601611,0.015625,0.8740230460921843,0.05609284332688591,0.0008764506769825924,
balanced_extra_wide_capacity,w04,2026-02-12,2026-02-13,2026-02-27,601212,0.015625,0.8740230460921843,0.13708820403825706,0.0021420031880977665,
balanced_extra_wide_capacity,w04,2026-02-12,2026-02-13,2026-02-27,300285,0.015625,0.8740230460921843,0.18562132011155863,0.0029003331267431036,
balanced_extra_wide_capacity,w04,2026-02-12,2026-02-13,2026-02-27,600720,0.015625,0.9610470941883767,0.005464480874316946,8.538251366120228e-05,
balanced_extra_wide_capacity,w04,2026-02-12,2026-02-13,2026-02-27,603707,0.015625,0.9610470941883767,0.003039513677811634,4.749240121580678e-05,
balanced_extra_wide_capacity,w04,2026-02-12,2026-02-13,2026-02-27,603927,0.015625,0.9610470941883767,-0.013747454175152773,-0.00021480397148676209,
balanced_extra_wide_capacity,w04,2026-02-12,2026-02-13,2026-02-27,000060,0.015625,0.8740230460921843,0.13461538461538458,0.002103365384615384,
balanced_extra_wide_capacity,w04,2026-02-12,2026-02-13,2026-02-27,000426,0.015625,0.8740230460921843,0.1004985044865403,0.0015702891326021921,
balanced_extra_wide_capacity,w04,2026-02-12,2026-02-13,2026-02-27,000878,0.015625,0.8740230460921843,0.11255975662755313,0.0017587461973055177,
balanced_extra_wide_capacity,w04,2026-02-12,2026-02-13,2026-02-27,002195,0.015625,0.8740230460921843,0.08742632612966617,0.0013660363457760338,
balanced_extra_wide_capacity,w04,2026-02-12,2026-02-13,2026-02-27,002202,0.015625,0.8740230460921843,0.1321130123358536,0.0020642658177477125,
balanced_extra_wide_capacity,w04,2026-02-12,2026-02-13,2026-02-27,002429,0.015625,0.8740230460921843,-0.07043478260869573,-0.0011005434782608708,
balanced_extra_wide_capacity,w04,2026-02-12,2026-02-13,2026-02-27,002851,0.015625,0.8740230460921843,0.02331691297208538,0.00036432676518883406,
balanced_extra_wide_capacity,w04,2026-02-12,2026-02-13,2026-02-27,003031,0.015625,0.8740230460921843,0.07033842070338436,0.0010990378234903807,
balanced_extra_wide_capacity,w04,2026-02-12,2026-02-13,2026-02-27,300136,0.015625,0.8740230460921843,0.01916167664670665,0.0002994011976047914,
balanced_extra_wide_capacity,w04,2026-02-12,2026-02-13,2026-02-27,300223,0.015625,0.8740230460921843,0.0790667530784186,0.0012354180168502905,
balanced_extra_wide_capacity,w04,2026-02-12,2026-02-13,2026-02-27,300390,0.015625,0.8740230460921843,0.04177869700103409,0.0006527921406411577,
balanced_extra_wide_capacity,w04,2026-02-12,2026-02-13,2026-02-27,601106,0.015625,0.8740230460921843,0.02589641434262968,0.00040463147410358877,
balanced_extra_wide_capacity,w04,2026-02-12,2026-02-13,2026-02-27,300450,0.015625,0.8740230460921843,-0.007246376811594346,-0.00011322463768116166,
balanced_extra_wide_capacity,w04,2026-02-12,2026-02-13,2026-02-27,300454,0.015625,0.8740230460921843,-0.15271763717443287,-0.0023862130808505137,
balanced_extra_wide_capacity,w04,2026-02-12,2026-02-13,2026-02-27,300570,0.015625,0.8740230460921843,-0.11807854592664713,-0.0018449772801038614,
balanced_extra_wide_capacity,w04,2026-02-12,2026-02-13,2026-02-27,300604,0.015625,0.8740230460921843,0.11842105263157898,0.0018503289473684216,
balanced_extra_wide_capacity,w04,2026-02-12,2026-02-13,2026-02-27,300724,0.015625,0.8740230460921843,-0.02728201902665306,-0.00042628154729145405,
balanced_extra_wide_capacity,w04,2026-02-12,2026-02-13,2026-02-27,300748,0.015625,0.8740230460921843,0.06895654436638043,0.0010774460057246943,
balanced_extra_wide_capacity,w04,2026-02-12,2026-02-13,2026-02-27,300751,0.015625,0.8740230460921843,-0.059739004349927516,-0.0009334219429676174,
balanced_extra_wide_capacity,w04,2026-02-12,2026-02-13,2026-02-27,300857,0.015625,0.8740230460921843,0.07580950844792134,0.0011845235694987709,
balanced_extra_wide_capacity,w04,2026-02-12,2026-02-13,2026-02-27,300919,0.015625,0.8740230460921843,0.03610760064993679,0.0005641812601552623,
balanced_extra_wide_capacity,w04,2026-02-12,2026-02-13,2026-02-27,301308,0.015625,0.8740230460921843,-0.0034505141607734657,-5.39142837620854e-05,
balanced_extra_wide_capacity,w04,2026-02-12,2026-02-13,2026-02-27,600497,0.015625,0.8740230460921843,0.21342134213421327,0.0033347084708470823,
balanced_extra_wide_capacity,w04,2026-02-12,2026-02-13,2026-02-27,600498,0.015625,0.8740230460921843,0.18860963799861663,0.002947025593728385,
balanced_extra_wide_capacity,w04,2026-02-12,2026-02-13,2026-02-27,600516,0.015625,0.8740230460921843,0.10701754385964901,0.0016721491228070158,
balanced_extra_wide_capacity,w04,2026-02-12,2026-02-13,2026-02-27,688629,0.015625,0.7687625250501001,0.21028744326777593,0.003285741301058999,
balanced_medium_current,w04,2026-02-12,2026-02-13,2026-02-27,003022,0.020408163265306124,1.0,0.030582524271844713,0.0006241331484049942,
balanced_medium_current,w04,2026-02-12,2026-02-13,2026-02-27,002465,0.020408163265306124,0.8997995991983968,0.031542056074766345,0.0006437154300972724,
balanced_medium_current,w04,2026-02-12,2026-02-13,2026-02-27,002738,0.020408163265306124,0.8997995991983968,0.06233948167172554,0.0012722343198311335,
balanced_medium_current,w04,2026-02-12,2026-02-13,2026-02-27,002756,0.020408163265306124,0.8997995991983968,0.2750491159135562,0.0056132472635419635,
balanced_medium_current,w04,2026-02-12,2026-02-13,2026-02-27,002851,0.020408163265306124,0.8997995991983968,0.02331691297208538,0.0004758553667772527,
balanced_medium_current,w04,2026-02-12,2026-02-13,2026-02-27,003031,0.020408163265306124,0.8997995991983968,0.07033842070338436,0.0014354779735384566,
balanced_medium_current,w04,2026-02-12,2026-02-13,2026-02-27,300037,0.020408163265306124,0.8997995991983968,0.01709706144256451,0.00034891962127682675,
balanced_medium_current,w04,2026-02-12,2026-02-13,2026-02-27,300223,0.020408163265306124,0.8997995991983968,0.0790667530784186,0.0016136072056820122,
balanced_medium_current,w04,2026-02-12,2026-02-13,2026-02-27,300390,0.020408163265306124,0.8997995991983968,0.04177869700103409,0.0008526264694088591,
balanced_medium_current,w04,2026-02-12,2026-02-13,2026-02-27,300450,0.020408163265306124,0.8997995991983968,-0.007246376811594346,-0.00014788524105294586,
balanced_medium_current,w04,2026-02-12,2026-02-13,2026-02-27,300454,0.020408163265306124,0.8997995991983968,-0.15271763717443287,-0.00311668647294761,
balanced_medium_current,w04,2026-02-12,2026-02-13,2026-02-27,300458,0.020408163265306124,0.8997995991983968,0.009469696969697017,0.00019325912183055139,
balanced_medium_current,w04,2026-02-12,2026-02-13,2026-02-27,300487,0.020408163265306124,0.8997995991983968,0.06591525181908953,0.0013452092207977455,
balanced_medium_current,w04,2026-02-12,2026-02-13,2026-02-27,300496,0.020408163265306124,0.8997995991983968,-0.021316530366000896,-0.000435031231959202,
balanced_medium_current,w04,2026-02-12,2026-02-13,2026-02-27,300604,0.020408163265306124,0.8997995991983968,0.11842105263157898,0.0024167561761546733,
balanced_medium_current,w04,2026-02-12,2026-02-13,2026-02-27,300627,0.020408163265306124,0.8997995991983968,0.01204174471501207,0.0002457498921431035,
balanced_medium_current,w04,2026-02-12,2026-02-13,2026-02-27,300724,0.020408163265306124,0.8997995991983968,-0.02728201902665306,-0.0005567758985031237,
balanced_medium_current,w04,2026-02-12,2026-02-13,2026-02-27,300748,0.020408163265306124,0.8997995991983968,0.06895654436638043,0.001407276415640417,
balanced_medium_current,w04,2026-02-12,2026-02-13,2026-02-27,300763,0.020408163265306124,0.8997995991983968,0.07084711269397093,0.0014458594427341008,
balanced_medium_current,w04,2026-02-12,2026-02-13,2026-02-27,300857,0.020408163265306124,0.8997995991983968,0.07580950844792134,0.0015471328254677826,
balanced_medium_current,w04,2026-02-12,2026-02-13,2026-02-27,300919,0.020408163265306124,0.8997995991983968,0.03610760064993679,0.0007368898091823835,
balanced_medium_current,w04,2026-02-12,2026-02-13,2026-02-27,301200,0.020408163265306124,0.8997995991983968,0.031048121292023723,0.0006336351284086474,
balanced_medium_current,w04,2026-02-12,2026-02-13,2026-02-27,600363,0.020408163265306124,0.8997995991983968,-0.030530906903293742,-0.0006230797327202805,
balanced_medium_current,w04,2026-02-12,2026-02-13,2026-02-27,002532,0.020408163265306124,0.8997995991983968,-0.012849162011173032,-0.0002622277961463884,
balanced_medium_current,w04,2026-02-12,2026-02-13,2026-02-27,002436,0.020408163265306124,0.8997995991983968,0.14103690685412995,0.0028783042215128566,
balanced_medium_current,w04,2026-02-12,2026-02-13,2026-02-27,300285,0.020408163265306124,0.996993987975952,0.18562132011155863,0.0037881902063583396,
balanced_medium_current,w04,2026-02-12,2026-02-13,2026-02-27,002430,0.020408163265306124,0.8997995991983968,0.03432930705657977,0.0007005981031955056,
balanced_medium_current,w04,2026-02-12,2026-02-13,2026-02-27,301308,0.020408163265306124,0.996993987975952,-0.0034505141607734657,-7.041865634231564e-05,
balanced_medium_current,w04,2026-02-12,2026-02-13,2026-02-27,000021,0.020408163265306124,0.8997995991983968,0.17206132879045977,0.00351145568960122,
balanced_medium_current,w04,2026-02-12,2026-02-13,2026-02-27,000032,0.020408163265306124,0.8997995991983968,-0.008641382621219384,-0.0001763547473718242,
balanced_medium_current,w04,2026-02-12,2026-02-13,2026-02-27,000050,0.020408163265306124,0.8997995991983968,0.046391752577319645,0.0009467704607616255,
balanced_medium_current,w04,2026-02-12,2026-02-13,2026-02-27,000060,0.020408163265306124,0.8997995991983968,0.13461538461538458,0.0027472527472527466,
balanced_medium_current,w04,2026-02-12,2026-02-13,2026-02-27,000155,0.020408163265306124,0.8997995991983968,0.1280249804839968,0.002612754703755037,
balanced_medium_current,w04,2026-02-12,2026-02-13,2026-02-27,000426,0.020408163265306124,0.8997995991983968,0.1004985044865403,0.0020509898874804143,
balanced_medium_current,w04,2026-02-12,2026-02-13,2026-02-27,000629,0.020408163265306124,0.8997995991983968,0.15489130434782594,0.003161047027506652,
balanced_medium_current,w04,2026-02-12,2026-02-13,2026-02-27,000831,0.020408163265306124,0.8997995991983968,0.11343385880740242,0.0023149767103551517,
balanced_medium_current,w04,2026-02-12,2026-02-13,2026-02-27,000878,0.020408163265306124,0.8997995991983968,0.11255975662755313,0.0022971378903582276,
balanced_medium_current,w04,2026-02-12,2026-02-13,2026-02-27,000960,0.020408163265306124,0.8997995991983968,0.1673684210526316,0.003415682062298605,
balanced_medium_current,w04,2026-02-12,2026-02-13,2026-02-27,002008,0.020408163265306124,0.8997995991983968,0.3613255507437394,0.007373990831504886,
balanced_medium_current,w04,2026-02-12,2026-02-13,2026-02-27,002056,0.020408163265306124,0.8997995991983968,0.06235011990407657,0.0012724514266138078,
balanced_medium_current,w04,2026-02-12,2026-02-13,2026-02-27,002080,0.020408163265306124,0.8997995991983968,0.015239623019851711,0.00031101271469085126,
balanced_medium_current,w04,2026-02-12,2026-02-13,2026-02-27,002156,0.020408163265306124,0.8997995991983968,0.06142857142857139,0.001253644314868804,
balanced_medium_current,w04,2026-02-12,2026-02-13,2026-02-27,002185,0.020408163265306124,0.8997995991983968,0.06377014716187812,0.0013014315747322067,
balanced_medium_current,w04,2026-02-12,2026-02-13,2026-02-27,002195,0.020408163265306124,0.8997995991983968,0.08742632612966617,0.001784210737340126,
balanced_medium_current,w04,2026-02-12,2026-02-13,2026-02-27,002281,0.020408163265306124,0.8997995991983968,0.04832919083126219,0.0009863100169645346,
balanced_medium_current,w04,2026-02-12,2026-02-13,2026-02-27,002335,0.020408163265306124,0.8997995991983968,-0.016792215944758326,-0.00034269828458690466,
balanced_medium_current,w04,2026-02-12,2026-02-13,2026-02-27,002340,0.020408163265306124,0.8997995991983968,0.030082987551867113,0.0006139385214666758,
balanced_medium_current,w04,2026-02-12,2026-02-13,2026-02-27,002409,0.020408163265306124,0.8997995991983968,0.05057471264367819,0.0010321369927281264,
balanced_medium_current,w04,2026-02-12,2026-02-13,2026-02-27,600378,0.020408163265306124,0.8997995991983968,0.03143794423182067,0.0006415906986085852,
economic_medium_capacity,w04,2026-02-12,2026-02-13,2026-02-27,601799,0.036000000004219955,0.998869739478958,-0.009025974025973937,-0.00032493506497315093,
economic_medium_capacity,w04,2026-02-12,2026-02-13,2026-02-27,688525,0.036000000004219955,0.9859098196392786,-0.030239223255541847,-0.0010886120373271146,
economic_medium_capacity,w04,2026-02-12,2026-02-13,2026-02-27,002202,0.036000000004219955,0.9969098196392786,0.1321130123358536,0.0047560684446482406,
economic_medium_capacity,w04,2026-02-12,2026-02-13,2026-02-27,002044,0.036000000004219955,0.9716773547094189,-0.016853932584269704,-0.0006067415731048322,
economic_medium_capacity,w04,2026-02-12,2026-02-13,2026-02-27,000960,0.036000000004219955,0.9759098196392786,0.1673684210526316,0.006025263158601025,
economic_medium_capacity,w04,2026-02-12,2026-02-13,2026-02-27,603000,0.036000000004219955,0.9786773547094189,-0.055443140428976134,-0.0019959530556771083,
economic_medium_capacity,w04,2026-02-12,2026-02-13,2026-02-27,600118,0.036000000004219955,0.9786773547094189,0.05065322026128816,0.001823515929620128,
economic_medium_capacity,w04,2026-02-12,2026-02-13,2026-02-27,688599,0.036000000004219955,0.9859098196392786,-0.0705939629990262,-0.0025413826682628466,
economic_medium_capacity,w04,2026-02-12,2026-02-13,2026-02-27,605358,0.036000000004219955,0.9859098196392786,0.05235338535112022,0.0018847218728612568,
economic_medium_capacity,w04,2026-02-12,2026-02-13,2026-02-27,600516,0.036000000004219955,0.9859098196392786,0.10701754385964901,0.0038526315793989737,
economic_medium_capacity,w04,2026-02-12,2026-02-13,2026-02-27,300454,0.036000000004219955,0.9859098196392786,-0.15271763717443287,-0.005497834938924045,
economic_medium_capacity,w04,2026-02-12,2026-02-13,2026-02-27,300857,0.036000000004219955,0.9919098196392786,0.07580950844792134,0.0027291423044450806,
economic_medium_capacity,w04,2026-02-12,2026-02-13,2026-02-27,688220,0.036000000004219955,0.9939098196392786,0.023560209424083878,0.0008481675393664426,
economic_medium_capacity,w04,2026-02-12,2026-02-13,2026-02-27,688387,0.036000000004219955,0.9950160320641283,0.13669064748201443,0.004920863309929348,
economic_medium_capacity,w04,2026-02-12,2026-02-13,2026-02-27,300450,0.036000000004219955,0.9519098196392786,-0.007246376811594346,-0.00026086956524797587,
economic_medium_capacity,w04,2026-02-12,2026-02-13,2026-02-27,300285,0.036000000000000004,0.9519098196392786,0.18562132011155863,0.006682367524016112,
economic_medium_capacity,w04,2026-02-12,2026-02-13,2026-02-27,300748,0.036000000000000004,0.9519098196392786,0.06895654436638043,0.002482435597189696,
economic_medium_capacity,w04,2026-02-12,2026-02-13,2026-02-27,300724,0.036000000000000004,0.9519098196392786,-0.02728201902665306,-0.0009821526849595101,
economic_medium_capacity,w04,2026-02-12,2026-02-13,2026-02-27,300604,0.036000000000000004,0.9519098196392786,0.11842105263157898,0.004263157894736844,
economic_medium_capacity,w04,2026-02-12,2026-02-13,2026-02-27,688469,0.036000000000000004,0.9716773547094189,0.029100529100529293,0.0010476190476190546,
economic_medium_capacity,w04,2026-02-12,2026-02-13,2026-02-27,300223,0.036000000000000004,0.9519098196392786,0.0790667530784186,0.00284640311082307,
economic_medium_capacity,w04,2026-02-12,2026-02-13,2026-02-27,002851,0.036000000000000004,0.9519098196392786,0.02331691297208538,0.0008394088669950738,
economic_medium_capacity,w04,2026-02-12,2026-02-13,2026-02-27,002429,0.036000000000000004,0.9519098196392786,-0.07043478260869573,-0.0025356521739130465,
economic_medium_capacity,w04,2026-02-12,2026-02-13,2026-02-27,002195,0.036000000000000004,0.9519098196392786,0.08742632612966617,0.0031473477406679822,
economic_medium_capacity,w04,2026-02-12,2026-02-13,2026-02-27,002153,0.036000000000000004,0.9716773547094189,-0.06839622641509446,-0.002462264150943401,
economic_medium_capacity,w04,2026-02-12,2026-02-13,2026-02-27,300919,0.03333333331223356,0.9519098196392786,0.03610760064993679,0.001203586687569364,
economic_medium_capacity,w04,2026-02-12,2026-02-13,2026-02-27,601611,0.02666666664978681,0.9519098196392786,0.05609284332688591,0.001495809154436785,
economic_medium_capacity,w04,2026-02-12,2026-02-13,2026-02-27,603920,0.019999999987340117,0.9519098196392786,0.06782608695652192,0.0013565217382717682,
economic_medium_capacity,w04,2026-02-12,2026-02-13,2026-02-27,688122,0.013333333324893405,0.9519098196392786,0.0656434474616292,0.00087524596560103,
economic_medium_capacity,w04,2026-02-12,2026-02-13,2026-02-27,688281,0.0066666666624467024,0.9519098196392786,0.04343329886246128,0.00028955532556645486,
recent_compact_capacity,w04,2026-02-12,2026-02-13,2026-02-27,601231,0.032972380952380954,0.7036222444889779,0.13189163498098866,0.004348781233025532,
recent_compact_capacity,w04,2026-02-12,2026-02-13,2026-02-27,002353,0.032972380952380954,0.7020791583166331,0.12781304096941715,0.004214300277525896,
recent_compact_capacity,w04,2026-02-12,2026-02-13,2026-02-27,000830,0.032972380952380954,0.6897895791583165,0.04413407821229076,0.0014552056397978271,
recent_compact_capacity,w04,2026-02-12,2026-02-13,2026-02-27,000703,0.032972380952380954,0.6897895791583165,-0.027272727272727226,-0.0008992467532467518,
recent_compact_capacity,w04,2026-02-12,2026-02-13,2026-02-27,000629,0.032972380952380954,0.6897895791583165,0.15489130434782594,0.005107135093167697,
recent_compact_capacity,w04,2026-02-12,2026-02-13,2026-02-27,000559,0.032972380952380954,0.6897895791583165,0.022935779816513735,0.000756247269550021,
recent_compact_capacity,w04,2026-02-12,2026-02-13,2026-02-27,002080,0.032972380952380954,0.7034569138276552,0.015239623019851711,0.0005024866557812249,
recent_compact_capacity,w04,2026-02-12,2026-02-13,2026-02-27,002402,0.032972380952380954,0.7006462925851703,0.013359309768995242,0.00044048825096417555,
recent_compact_capacity,w04,2026-02-12,2026-02-13,2026-02-27,300017,0.032972380952380954,0.7013076152304608,-0.08679927667269449,-0.002861978816843196,
recent_compact_capacity,w04,2026-02-12,2026-02-13,2026-02-27,600546,0.032972380952380954,0.7018587174348696,0.04060017652250658,0.0013386844870340005,
recent_compact_capacity,w04,2026-02-12,2026-02-13,2026-02-27,600655,0.032972380952380954,0.7004809619238476,-0.0019455252918287869,-6.41486010746709e-05,
recent_compact_capacity,w04,2026-02-12,2026-02-13,2026-02-27,688099,0.032972380952380954,0.702189378757515,0.015499732763228247,0.000511063093329262,
recent_compact_capacity,w04,2026-02-12,2026-02-13,2026-02-27,300570,0.032972380952380954,0.7024098196392785,-0.11807854592664713,-0.0038933307985966194,
recent_compact_capacity,w04,2026-02-12,2026-02-13,2026-02-27,600673,0.032972380952380954,0.7034569138276552,0.03335155822854019,0.001099680283266943,last close on 2026-02-13 (halted?); entry=prev_close
recent_compact_capacity,w04,2026-02-12,2026-02-13,2026-02-27,603000,0.032972380952380954,0.7032915831663326,-0.055443140428976134,-0.0018280923474205551,
recent_compact_capacity,w04,2026-02-12,2026-02-13,2026-02-27,300857,0.032972380952380954,0.7029609218436873,0.07580950844792134,0.0024996199923576047,
recent_compact_capacity,w04,2026-02-12,2026-02-13,2026-02-27,688220,0.032972380952380954,0.7029609218436873,0.023560209424083878,0.0007768362004487695,
recent_compact_capacity,w04,2026-02-12,2026-02-13,2026-02-27,000831,0.032972380952380954,0.6897895791583165,0.11343385880740242,0.003740184405496266,
recent_compact_capacity,w04,2026-02-12,2026-02-13,2026-02-27,688629,0.032972380952380954,0.7029609218436873,0.21028744326777593,0.006933677688927306,
recent_compact_capacity,w04,2026-02-12,2026-02-13,2026-02-27,688676,0.032972380952380954,0.7029609218436873,0.01564076690211924,0.000515713324684067,
recent_compact_capacity,w04,2026-02-12,2026-02-13,2026-02-27,000785,0.032972380952380954,0.702630260521042,0.006802721088435382,0.000224301911240687,
recent_compact_capacity,w04,2026-02-12,2026-02-13,2026-02-27,002202,0.030758,0.6986072144288576,0.1321130123358536,0.004063532033426185,
recent_compact_capacity,w04,2026-02-12,2026-02-13,2026-02-27,301200,0.030758,0.6986072144288576,0.031048121292023723,0.0009549781147000657,
recent_compact_capacity,w04,2026-02-12,2026-02-13,2026-02-27,603688,0.030758,0.698441883767535,0.033284179481777976,0.001023754792500527,
recent_compact_capacity,w04,2026-02-12,2026-02-13,2026-02-27,002837,0.030758,0.6987725450901803,-0.008679762448606687,-0.00026697213339424447,
recent_compact_capacity,w04,2026-02-12,2026-02-13,2026-02-27,000021,0.030758,0.6897895791583165,0.17206132879045977,0.005292262350936962,
recent_compact_capacity,w04,2026-02-12,2026-02-13,2026-02-27,000155,0.030758,0.6897895791583165,0.1280249804839968,0.0039377923497267734,
recent_compact_capacity,w04,2026-02-12,2026-02-13,2026-02-27,600909,0.030758,0.7004809619238476,-0.013867488443759624,-0.0004265362095531585,
recent_compact_capacity,w04,2026-02-12,2026-02-13,2026-02-27,000683,0.030758,0.6897895791583165,0.09590643274853794,0.00294989005847953,
recent_compact_capacity,w04,2026-02-12,2026-02-13,2026-02-27,000738,0.030758,0.6897895791583165,0.016417365924844995,0.0005049653411163823,
recent_compact_capacity,w04,2026-02-12,2026-02-13,2026-02-27,601577,0.030758,0.6980561122244489,-0.02195608782435121,-0.0006753253493013946,
recent_compact_current,w04,2026-02-12,2026-02-13,2026-02-27,601231,0.027027027027027035,0.9622995991983968,0.13189163498098866,0.0035646387832699647,
recent_compact_current,w04,2026-02-12,2026-02-13,2026-02-27,600282,0.027027027027027035,0.8748997995991984,0.05724508050089461,0.001547164337862017,
recent_compact_current,w04,2026-02-12,2026-02-13,2026-02-27,600998,0.027027027027027035,0.8682865731462925,0.015355086372360827,0.00041500233438813056,
recent_compact_current,w04,2026-02-12,2026-02-13,2026-02-27,601866,0.027027027027027035,0.8682865731462925,0.07777777777777772,0.0021021021021021013,
recent_compact_current,w04,2026-02-12,2026-02-13,2026-02-27,000709,0.027027027027027035,0.8600200400801603,0.07228915662650581,0.001953760989905563,
recent_compact_current,w04,2026-02-12,2026-02-13,2026-02-27,600098,0.027027027027027035,0.8600200400801603,0.04532577903682733,0.0012250210550493878,
recent_compact_current,w04,2026-02-12,2026-02-13,2026-02-27,601016,0.027027027027027035,0.8600200400801603,0.04416403785488954,0.0011936226447267447,
recent_compact_current,w04,2026-02-12,2026-02-13,2026-02-27,600909,0.027027027027027035,0.8525801603206413,-0.013867488443759624,-0.00037479698496647643,
recent_compact_current,w04,2026-02-12,2026-02-13,2026-02-27,000785,0.027027027027027035,0.8353707414829659,0.006802721088435382,0.00018385732671446982,
recent_compact_current,w04,2026-02-12,2026-02-13,2026-02-27,000598,0.027027027027027035,0.8162074148296593,0.035063113604488105,0.0009476517190402194,
recent_compact_current,w04,2026-02-12,2026-02-13,2026-02-27,002966,0.027027027027027035,0.8162074148296593,-0.024009603841536498,-0.0006489082119334191,
recent_compact_current,w04,2026-02-12,2026-02-13,2026-02-27,600642,0.027027027027027035,0.8162074148296593,0.021479713603818507,0.000580532800103203,
recent_compact_current,w04,2026-02-12,2026-02-13,2026-02-27,601128,0.027027027027027035,0.8162074148296593,-0.002773925104022079,-7.497094875735352e-05,
recent_compact_current,w04,2026-02-12,2026-02-13,2026-02-27,601333,0.027027027027027035,0.8162074148296593,-0.003215434083601254,-8.6903623881115e-05,
recent_compact_current,w04,2026-02-12,2026-02-13,2026-02-27,601577,0.027027027027027035,0.8162074148296593,-0.02195608782435121,-0.0005934077790365194,
recent_compact_current,w04,2026-02-12,2026-02-13,2026-02-27,600655,0.027027027027027035,0.8031312625250501,-0.0019455252918287869,-5.258176464402128e-05,
recent_compact_current,w04,2026-02-12,2026-02-13,2026-02-27,600004,0.027027027027027035,0.7981713426853707,-0.004237288135593098,-0.00011452130096197566,
recent_compact_current,w04,2026-02-12,2026-02-13,2026-02-27,600546,0.027027027027027035,0.8732464929859719,0.04060017652250658,0.001097302068175854,
recent_compact_current,w04,2026-02-12,2026-02-13,2026-02-27,688099,0.027027027027027035,0.8782064128256513,0.015499732763228247,0.0004189116963034663,
recent_compact_current,w04,2026-02-12,2026-02-13,2026-02-27,002080,0.027027027027027035,0.9598196392785572,0.015239623019851711,0.00041188170323923557,
recent_compact_current,w04,2026-02-12,2026-02-13,2026-02-27,300676,0.027027027027027035,0.8798597194388778,-0.01540020263424513,-0.0004162216928174361,
recent_compact_current,w04,2026-02-12,2026-02-13,2026-02-27,600673,0.027027027027027035,0.9598196392785572,0.03335155822854019,0.0009013934656362216,last close on 2026-02-13 (halted?); entry=prev_close
recent_compact_current,w04,2026-02-12,2026-02-13,2026-02-27,603000,0.027027027027027035,0.9573396793587174,-0.055443140428976134,-0.0014984632548371932,
recent_compact_current,w04,2026-02-12,2026-02-13,2026-02-27,300857,0.027027027027027035,0.9523797595190381,0.07580950844792134,0.0020489056337276044,
recent_compact_current,w04,2026-02-12,2026-02-13,2026-02-27,688629,0.027027027027027035,0.9523797595190381,0.21028744326777593,0.005683444412642595,
recent_compact_current,w04,2026-02-12,2026-02-13,2026-02-27,688676,0.027027027027027035,0.9523797595190381,0.01564076690211924,0.0004227234297870066,
recent_compact_current,w04,2026-02-12,2026-02-13,2026-02-27,002402,0.027027027027027035,0.9509769539078157,0.013359309768995242,0.0003610624261890607,
recent_compact_current,w04,2026-02-12,2026-02-13,2026-02-27,300570,0.027027027027027035,0.9441132264529059,-0.11807854592664713,-0.003191312052071545,
recent_compact_current,w04,2026-02-12,2026-02-13,2026-02-27,002353,0.027027027027027035,0.9391533066132265,0.12781304096941715,0.003454406512686951,
recent_compact_current,w04,2026-02-12,2026-02-13,2026-02-27,002926,0.027027027027027035,0.9319639278557115,-0.0011173184357541333,-3.019779556092253e-05,
recent_compact_current,w04,2026-02-12,2026-02-13,2026-02-27,300017,0.027027027027027035,0.9275801603206413,-0.08679927667269449,-0.0023459263965593113,
recent_compact_current,w04,2026-02-12,2026-02-13,2026-02-27,688220,0.027027027027027035,0.8897795591182365,0.023560209424083878,0.000636762416867132,
recent_compact_current,w04,2026-02-12,2026-02-13,2026-02-27,002837,0.027027027027027035,0.8895541082164329,-0.008679762448606687,-0.0002345881742866673,
recent_compact_current,w04,2026-02-12,2026-02-13,2026-02-27,002202,0.027027027027027035,0.8870741482965931,0.1321130123358536,0.0035706219550230714,
recent_compact_current,w04,2026-02-12,2026-02-13,2026-02-27,301200,0.027027027027027035,0.8870741482965931,0.031048121292023723,0.0008391384132979387,
recent_compact_current,w04,2026-02-12,2026-02-13,2026-02-27,601966,0.027027027027027035,0.8831663326653306,0.00856954515491104,0.00023160932851110926,
recent_compact_current,w04,2026-02-12,2026-02-13,2026-02-27,600332,0.027027027027027035,0.7981713426853707,0.0011876484560569,3.2098606920456766e-05,
short_aggressive_compact_capacity,w04,2026-02-12,2026-02-13,2026-02-27,601231,0.03225806451612904,0.9880305611222444,0.13189163498098866,0.004254568870354474,
short_aggressive_compact_capacity,w04,2026-02-12,2026-02-13,2026-02-27,000785,0.03225806451612904,0.9403797595190381,0.006802721088435382,0.0002194426157559801,
short_aggressive_compact_capacity,w04,2026-02-12,2026-02-13,2026-02-27,000738,0.03225806451612904,0.9005891783567135,0.016417365924844995,0.0005295924491885483,
short_aggressive_compact_capacity,w04,2026-02-12,2026-02-13,2026-02-27,000559,0.03225806451612904,0.9005891783567135,0.022935779816513735,0.0007398638650488303,
short_aggressive_compact_capacity,w04,2026-02-12,2026-02-13,2026-02-27,600153,0.03225806451612904,0.9030095190380761,0.026427061310782207,0.0008524858487349101,
short_aggressive_compact_capacity,w04,2026-02-12,2026-02-13,2026-02-27,300748,0.03225806451612904,0.9129704408817636,0.06895654436638043,0.0022244046569800144,
short_aggressive_compact_capacity,w04,2026-02-12,2026-02-13,2026-02-27,002312,0.03225806451612904,0.9138527054108216,0.16030534351145054,0.005171140113272599,
short_aggressive_compact_capacity,w04,2026-02-12,2026-02-13,2026-02-27,000709,0.03225806451612904,0.9157474949899799,0.07228915662650581,0.0023319082782743816,
short_aggressive_compact_capacity,w04,2026-02-12,2026-02-13,2026-02-27,300763,0.03225806451612904,0.9176422845691382,0.07084711269397093,0.0022853907320635786,
short_aggressive_compact_capacity,w04,2026-02-12,2026-02-13,2026-02-27,688220,0.03225806451612904,0.9205495991983969,0.023560209424083878,0.0007600067556156091,
short_aggressive_compact_capacity,w04,2026-02-12,2026-02-13,2026-02-27,600282,0.03225806451612904,0.9290110220440881,0.05724508050089461,0.0018466155000288586,
short_aggressive_compact_capacity,w04,2026-02-12,2026-02-13,2026-02-27,002429,0.03225806451612904,0.9300235470941884,-0.07043478260869573,-0.0022720897615708304,
short_aggressive_compact_capacity,w04,2026-02-12,2026-02-13,2026-02-27,300383,0.03225806451612904,0.9330816633266533,-0.0577753779697624,-0.0018637218699923358,
short_aggressive_compact_capacity,w04,2026-02-12,2026-02-13,2026-02-27,002126,0.03225806451612904,0.9330816633266533,0.004740313272877161,0.00015291333138313428,
short_aggressive_compact_capacity,w04,2026-02-12,2026-02-13,2026-02-27,600546,0.03225806451612904,0.9365901803607214,0.04060017652250658,0.0013096831136292448,
short_aggressive_compact_capacity,w04,2026-02-12,2026-02-13,2026-02-27,000703,0.03225806451612904,0.9536432865731462,-0.027272727272727226,-0.0008797653958944269,
short_aggressive_compact_capacity,w04,2026-02-12,2026-02-13,2026-02-27,601966,0.03225806451612904,0.9845571142284569,0.00856954515491104,0.00027643694048100137,
short_aggressive_compact_capacity,w04,2026-02-12,2026-02-13,2026-02-27,688027,0.03225806451612904,0.9537084168336674,-0.06564243885635546,-0.00211749802762437,
short_aggressive_compact_capacity,w04,2026-02-12,2026-02-13,2026-02-27,002008,0.03225806451612904,0.9537084168336674,0.3613255507437394,0.011655662927217402,
short_aggressive_compact_capacity,w04,2026-02-12,2026-02-13,2026-02-27,002120,0.03225806451612904,0.9550100200400801,0.03488372093023262,0.0011252813203300848,
short_aggressive_compact_capacity,w04,2026-02-12,2026-02-13,2026-02-27,300757,0.03225806451612904,0.9565506012024048,-0.0632371620395572,-0.0020399084528889425,
short_aggressive_compact_capacity,w04,2026-02-12,2026-02-13,2026-02-27,002410,0.03225806451612904,0.9574328657314629,-0.02512212142358683,-0.0008103910136640914,
short_aggressive_compact_capacity,w04,2026-02-12,2026-02-13,2026-02-27,300676,0.03225806451612904,0.9612224448897796,-0.01540020263424513,-0.0004967807301369398,
short_aggressive_compact_capacity,w04,2026-02-12,2026-02-13,2026-02-27,601155,0.03225806451612904,0.9631172344689378,-0.02912055911473499,-0.0009393728746688708,
short_aggressive_compact_capacity,w04,2026-02-12,2026-02-13,2026-02-27,600332,0.03225806451612904,0.9635365731462926,0.0011876484560569,3.8311240517964526e-05,
short_aggressive_compact_capacity,w04,2026-02-12,2026-02-13,2026-02-27,601333,0.03225806451612904,0.9637144288577154,-0.003215434083601254,-0.0001037236801161695,
short_aggressive_compact_capacity,w04,2026-02-12,2026-02-13,2026-02-27,688235,0.03225806451612904,0.9650120240480962,-0.08843296781039967,-0.002852676380980635,
short_aggressive_compact_capacity,w04,2026-02-12,2026-02-13,2026-02-27,002607,0.03225806451612904,0.9669068136272545,0.06028368794326244,0.0019446350949439502,
short_aggressive_compact_capacity,w04,2026-02-12,2026-02-13,2026-02-27,601866,0.03225806451612904,0.9750831663326653,0.07777777777777772,0.002508960573476701,
short_aggressive_compact_capacity,w04,2026-02-12,2026-02-13,2026-02-27,300857,0.03225806451612904,0.9754984969939879,0.07580950844792134,0.0024454680144490757,
short_aggressive_compact_capacity,w04,2026-02-12,2026-02-13,2026-02-27,002353,0.03225806451612904,0.9005891783567135,0.12781304096941715,0.004123001321594102,
short_aggressive_medium_capacity,w04,2026-02-12,2026-02-13,2026-02-27,601231,0.03225806451612904,0.9880305611222444,0.13189163498098866,0.004254568870354474,
short_aggressive_medium_capacity,w04,2026-02-12,2026-02-13,2026-02-27,000785,0.03225806451612904,0.9403797595190381,0.006802721088435382,0.0002194426157559801,
short_aggressive_medium_capacity,w04,2026-02-12,2026-02-13,2026-02-27,000738,0.03225806451612904,0.9005891783567135,0.016417365924844995,0.0005295924491885483,
short_aggressive_medium_capacity,w04,2026-02-12,2026-02-13,2026-02-27,000559,0.03225806451612904,0.9005891783567135,0.022935779816513735,0.0007398638650488303,
short_aggressive_medium_capacity,w04,2026-02-12,2026-02-13,2026-02-27,600153,0.03225806451612904,0.9030095190380761,0.026427061310782207,0.0008524858487349101,
short_aggressive_medium_capacity,w04,2026-02-12,2026-02-13,2026-02-27,300748,0.03225806451612904,0.9129704408817636,0.06895654436638043,0.0022244046569800144,
short_aggressive_medium_capacity,w04,2026-02-12,2026-02-13,2026-02-27,002312,0.03225806451612904,0.9138527054108216,0.16030534351145054,0.005171140113272599,
short_aggressive_medium_capacity,w04,2026-02-12,2026-02-13,2026-02-27,000709,0.03225806451612904,0.9157474949899799,0.07228915662650581,0.0023319082782743816,
short_aggressive_medium_capacity,w04,2026-02-12,2026-02-13,2026-02-27,300763,0.03225806451612904,0.9176422845691382,0.07084711269397093,0.0022853907320635786,
short_aggressive_medium_capacity,w04,2026-02-12,2026-02-13,2026-02-27,688220,0.03225806451612904,0.9205495991983969,0.023560209424083878,0.0007600067556156091,
short_aggressive_medium_capacity,w04,2026-02-12,2026-02-13,2026-02-27,600282,0.03225806451612904,0.9290110220440881,0.05724508050089461,0.0018466155000288586,
short_aggressive_medium_capacity,w04,2026-02-12,2026-02-13,2026-02-27,002429,0.03225806451612904,0.9300235470941884,-0.07043478260869573,-0.0022720897615708304,
short_aggressive_medium_capacity,w04,2026-02-12,2026-02-13,2026-02-27,300383,0.03225806451612904,0.9330816633266533,-0.0577753779697624,-0.0018637218699923358,
short_aggressive_medium_capacity,w04,2026-02-12,2026-02-13,2026-02-27,002126,0.03225806451612904,0.9330816633266533,0.004740313272877161,0.00015291333138313428,
short_aggressive_medium_capacity,w04,2026-02-12,2026-02-13,2026-02-27,600546,0.03225806451612904,0.9365901803607214,0.04060017652250658,0.0013096831136292448,
short_aggressive_medium_capacity,w04,2026-02-12,2026-02-13,2026-02-27,000703,0.03225806451612904,0.9536432865731462,-0.027272727272727226,-0.0008797653958944269,
short_aggressive_medium_capacity,w04,2026-02-12,2026-02-13,2026-02-27,601966,0.03225806451612904,0.9845571142284569,0.00856954515491104,0.00027643694048100137,
short_aggressive_medium_capacity,w04,2026-02-12,2026-02-13,2026-02-27,688027,0.03225806451612904,0.9537084168336674,-0.06564243885635546,-0.00211749802762437,
short_aggressive_medium_capacity,w04,2026-02-12,2026-02-13,2026-02-27,002008,0.03225806451612904,0.9537084168336674,0.3613255507437394,0.011655662927217402,
short_aggressive_medium_capacity,w04,2026-02-12,2026-02-13,2026-02-27,002120,0.03225806451612904,0.9550100200400801,0.03488372093023262,0.0011252813203300848,
short_aggressive_medium_capacity,w04,2026-02-12,2026-02-13,2026-02-27,300757,0.03225806451612904,0.9565506012024048,-0.0632371620395572,-0.0020399084528889425,
short_aggressive_medium_capacity,w04,2026-02-12,2026-02-13,2026-02-27,002410,0.03225806451612904,0.9574328657314629,-0.02512212142358683,-0.0008103910136640914,
short_aggressive_medium_capacity,w04,2026-02-12,2026-02-13,2026-02-27,300676,0.03225806451612904,0.9612224448897796,-0.01540020263424513,-0.0004967807301369398,
short_aggressive_medium_capacity,w04,2026-02-12,2026-02-13,2026-02-27,601155,0.03225806451612904,0.9631172344689378,-0.02912055911473499,-0.0009393728746688708,
short_aggressive_medium_capacity,w04,2026-02-12,2026-02-13,2026-02-27,600332,0.03225806451612904,0.9635365731462926,0.0011876484560569,3.8311240517964526e-05,
short_aggressive_medium_capacity,w04,2026-02-12,2026-02-13,2026-02-27,601333,0.03225806451612904,0.9637144288577154,-0.003215434083601254,-0.0001037236801161695,
short_aggressive_medium_capacity,w04,2026-02-12,2026-02-13,2026-02-27,688235,0.03225806451612904,0.9650120240480962,-0.08843296781039967,-0.002852676380980635,
short_aggressive_medium_capacity,w04,2026-02-12,2026-02-13,2026-02-27,002607,0.03225806451612904,0.9669068136272545,0.06028368794326244,0.0019446350949439502,
short_aggressive_medium_capacity,w04,2026-02-12,2026-02-13,2026-02-27,601866,0.03225806451612904,0.9750831663326653,0.07777777777777772,0.002508960573476701,
short_aggressive_medium_capacity,w04,2026-02-12,2026-02-13,2026-02-27,300857,0.03225806451612904,0.9754984969939879,0.07580950844792134,0.0024454680144490757,
short_aggressive_medium_capacity,w04,2026-02-12,2026-02-13,2026-02-27,002353,0.03225806451612904,0.9005891783567135,0.12781304096941715,0.004123001321594102,
short_aggressive_wide_capacity,w04,2026-02-12,2026-02-13,2026-02-27,002265,0.036000000004219955,0.951374749498998,0.02920608802961744,0.001051419169189476,
short_aggressive_wide_capacity,w04,2026-02-12,2026-02-13,2026-02-27,002202,0.036000000004219955,0.8418552104208417,0.1321130123358536,0.0047560684446482406,
short_aggressive_wide_capacity,w04,2026-02-12,2026-02-13,2026-02-27,600967,0.036000000004219955,0.951374749498998,0.032738095238095344,0.0011785714287095856,
short_aggressive_wide_capacity,w04,2026-02-12,2026-02-13,2026-02-27,300454,0.036000000004219955,0.8418552104208417,-0.15271763717443287,-0.005497834938924045,
short_aggressive_wide_capacity,w04,2026-02-12,2026-02-13,2026-02-27,300450,0.036000000004219955,0.8418552104208417,-0.007246376811594346,-0.00026086956524797587,
short_aggressive_wide_capacity,w04,2026-02-12,2026-02-13,2026-02-27,300390,0.036000000004219955,0.8418552104208417,0.04177869700103409,0.0015040330922135316,
short_aggressive_wide_capacity,w04,2026-02-12,2026-02-13,2026-02-27,300223,0.036000000004219955,0.8418552104208417,0.0790667530784186,0.0028464031111567274,
short_aggressive_wide_capacity,w04,2026-02-12,2026-02-13,2026-02-27,300136,0.036000000004219955,0.8418552104208417,0.01916167664670665,0.0006898203593623008,
short_aggressive_wide_capacity,w04,2026-02-12,2026-02-13,2026-02-27,002195,0.036000000004219955,0.8418552104208417,0.08742632612966617,0.003147347741036917,
short_aggressive_wide_capacity,w04,2026-02-12,2026-02-13,2026-02-27,000878,0.036000000004219955,0.8418552104208417,0.11255975662755313,0.00405215123906691,
short_aggressive_wide_capacity,w04,2026-02-12,2026-02-13,2026-02-27,000426,0.036000000004219955,0.8418552104208417,0.1004985044865403,0.00361794616193955,
short_aggressive_wide_capacity,w04,2026-02-12,2026-02-13,2026-02-27,000060,0.036000000004219955,0.8418552104208417,0.13461538461538458,0.004846153846721915,
short_aggressive_wide_capacity,w04,2026-02-12,2026-02-13,2026-02-27,600487,0.036000000004219955,0.9502009018036073,0.13500597371565104,0.004860215054333156,
short_aggressive_wide_capacity,w04,2026-02-12,2026-02-13,2026-02-27,300017,0.036000000004219955,0.9502009018036073,-0.08679927667269449,-0.003124773960583291,
short_aggressive_wide_capacity,w04,2026-02-12,2026-02-13,2026-02-27,600498,0.036000000004219955,0.8418552104208417,0.18860963799861663,0.006789946968746123,
short_aggressive_wide_capacity,w04,2026-02-12,2026-02-13,2026-02-27,301308,0.036000000000000004,0.8418552104208417,-0.0034505141607734657,-0.00012421850978784477,
short_aggressive_wide_capacity,w04,2026-02-12,2026-02-13,2026-02-27,688387,0.036000000000000004,0.8418552104208417,0.13669064748201443,0.00492086330935252,
short_aggressive_wide_capacity,w04,2026-02-12,2026-02-13,2026-02-27,605358,0.036000000000000004,0.8418552104208417,0.05235338535112022,0.001884721872640328,
short_aggressive_wide_capacity,w04,2026-02-12,2026-02-13,2026-02-27,601212,0.036000000000000004,0.8418552104208417,0.13708820403825706,0.0049351753453772546,
short_aggressive_wide_capacity,w04,2026-02-12,2026-02-13,2026-02-27,300604,0.036000000000000004,0.8418552104208417,0.11842105263157898,0.004263157894736844,
short_aggressive_wide_capacity,w04,2026-02-12,2026-02-13,2026-02-27,300757,0.036000000000000004,0.8418552104208417,-0.0632371620395572,-0.0022765378334240597,
short_aggressive_wide_capacity,w04,2026-02-12,2026-02-13,2026-02-27,300751,0.036000000000000004,0.8418552104208417,-0.059739004349927516,-0.002150604156597391,
short_aggressive_wide_capacity,w04,2026-02-12,2026-02-13,2026-02-27,300748,0.036000000000000004,0.8418552104208417,0.06895654436638043,0.002482435597189696,
short_aggressive_wide_capacity,w04,2026-02-12,2026-02-13,2026-02-27,300724,0.036000000000000004,0.8418552104208417,-0.02728201902665306,-0.0009821526849595101,
short_aggressive_wide_capacity,w04,2026-02-12,2026-02-13,2026-02-27,300570,0.036000000000000004,0.8418552104208417,-0.11807854592664713,-0.004250827653359297,
short_aggressive_wide_capacity,w04,2026-02-12,2026-02-13,2026-02-27,688525,0.03333333331223356,0.8418552104208417,-0.030239223255541847,-0.0010079741078800207,
short_aggressive_wide_capacity,w04,2026-02-12,2026-02-13,2026-02-27,688709,0.02666666664978681,0.8418552104208417,0.016666666666666607,0.0004444444441631119,
short_aggressive_wide_capacity,w04,2026-02-12,2026-02-13,2026-02-27,002080,0.019999999987340117,0.7349233466933868,0.015239623019851711,0.0003047924602041024,
short_aggressive_wide_capacity,w04,2026-02-12,2026-02-13,2026-02-27,601231,0.013333333324893405,0.7349233466933868,0.13189163498098866,0.0017585551319666928,
short_aggressive_wide_capacity,w04,2026-02-12,2026-02-13,2026-02-27,000831,0.0066666666624467024,0.7266998997995993,0.11343385880740242,0.000756225724903996,
stable_compact_capacity,w04,2026-02-12,2026-02-13,2026-02-27,300017,0.030303030303030304,0.9989539078156313,-0.08679927667269449,-0.0026302811112937727,
stable_compact_capacity,w04,2026-02-12,2026-02-13,2026-02-27,000426,0.030303030303030304,0.9189699398797595,0.1004985044865403,0.0030454092268648574,
stable_compact_capacity,w04,2026-02-12,2026-02-13,2026-02-27,600497,0.030303030303030304,0.9189699398797595,0.21342134213421327,0.0064673133980064626,
stable_compact_capacity,w04,2026-02-12,2026-02-13,2026-02-27,300919,0.030303030303030304,0.9189699398797595,0.03610760064993679,0.0010941697166647513,
stable_compact_capacity,w04,2026-02-12,2026-02-13,2026-02-27,300857,0.030303030303030304,0.9189699398797595,0.07580950844792134,0.002297257831755192,
stable_compact_capacity,w04,2026-02-12,2026-02-13,2026-02-27,300748,0.030303030303030304,0.9189699398797595,0.06895654436638043,0.00208959225352668,
stable_compact_capacity,w04,2026-02-12,2026-02-13,2026-02-27,300724,0.030303030303030304,0.9189699398797595,-0.02728201902665306,-0.0008267278492925169,
stable_compact_capacity,w04,2026-02-12,2026-02-13,2026-02-27,300604,0.030303030303030304,0.9189699398797595,0.11842105263157898,0.0035885167464114846,
stable_compact_capacity,w04,2026-02-12,2026-02-13,2026-02-27,300454,0.030303030303030304,0.9189699398797595,-0.15271763717443287,-0.004627807187104027,
stable_compact_capacity,w04,2026-02-12,2026-02-13,2026-02-27,300450,0.030303030303030304,0.9189699398797595,-0.007246376811594346,-0.00021958717610891959,
stable_compact_capacity,w04,2026-02-12,2026-02-13,2026-02-27,300285,0.030303030303030304,0.9189699398797595,0.18562132011155863,0.00562488848822905,
stable_compact_capacity,w04,2026-02-12,2026-02-13,2026-02-27,300223,0.030303030303030304,0.9189699398797595,0.0790667530784186,0.002395962214497533,
stable_compact_capacity,w04,2026-02-12,2026-02-13,2026-02-27,003031,0.030303030303030304,0.9189699398797595,0.07033842070338436,0.0021314672940419507,
stable_compact_capacity,w04,2026-02-12,2026-02-13,2026-02-27,002851,0.030303030303030304,0.9189699398797595,0.02331691297208538,0.0007065731203662237,
stable_compact_capacity,w04,2026-02-12,2026-02-13,2026-02-27,002195,0.030303030303030304,0.9189699398797595,0.08742632612966617,0.002649282609989884,
stable_compact_capacity,w04,2026-02-12,2026-02-13,2026-02-27,000878,0.030303030303030304,0.9189699398797595,0.11255975662755313,0.0034109017159864585,
stable_compact_capacity,w04,2026-02-12,2026-02-13,2026-02-27,000060,0.030303030303030304,0.9189699398797595,0.13461538461538458,0.004079254079254078,
stable_compact_capacity,w04,2026-02-12,2026-02-13,2026-02-27,002080,0.030303030303030304,0.9809879759519038,0.015239623019851711,0.0004618067581773246,
stable_compact_capacity,w04,2026-02-12,2026-02-13,2026-02-27,002185,0.030303030303030304,0.919807615230461,0.06377014716187812,0.0019324287018750946,
stable_compact_capacity,w04,2026-02-12,2026-02-13,2026-02-27,300751,0.030303030303030304,0.9202925851703407,-0.059739004349927516,-0.0018102728590887126,
stable_compact_capacity,w04,2026-02-12,2026-02-13,2026-02-27,300570,0.030303030303030304,0.9204028056112225,-0.11807854592664713,-0.0035781377553529433,
stable_compact_capacity,w04,2026-02-12,2026-02-13,2026-02-27,688563,0.030303030303030304,0.9698356713426853,0.03903818953323901,0.001182975440401182,
stable_compact_capacity,w04,2026-02-12,2026-02-13,2026-02-27,603000,0.030303030303030304,0.9698356713426853,-0.055443140428976134,-0.0016800951645144283,
stable_compact_capacity,w04,2026-02-12,2026-02-13,2026-02-27,301536,0.030303030303030304,0.9698356713426853,0.153941565600882,0.004664895927299455,
stable_compact_capacity,w04,2026-02-12,2026-02-13,2026-02-27,300623,0.030303030303030304,0.9698356713426853,-0.020530367835757013,-0.0006221323586593034,
stable_compact_capacity,w04,2026-02-12,2026-02-13,2026-02-27,300395,0.030303030303030304,0.9698356713426853,0.3375821549492133,0.010229762271188282,
stable_compact_capacity,w04,2026-02-12,2026-02-13,2026-02-27,300383,0.030303030303030304,0.9698356713426853,-0.0577753779697624,-0.0017507690293867395,
stable_compact_capacity,w04,2026-02-12,2026-02-13,2026-02-27,688052,0.030303030303030304,0.9722605210420842,-0.07103825136612019,-0.002152674283821824,
stable_compact_capacity,w04,2026-02-12,2026-02-13,2026-02-27,688322,0.030303030303030304,0.9808577154308618,-0.03670404061772803,-0.0011122436550826675,
stable_compact_capacity,w04,2026-02-12,2026-02-13,2026-02-27,600959,0.030303030303030304,0.9808577154308618,-0.02564102564102566,-0.0007770007770007777,
stable_compact_capacity,w04,2026-02-12,2026-02-13,2026-02-27,600602,0.030303030303030304,0.9808577154308618,-0.01648841354723707,-0.0004996488953708202,
stable_compact_capacity,w04,2026-02-12,2026-02-13,2026-02-27,002153,0.030303030303030304,0.9808577154308618,-0.06839622641509446,-0.002072612921669529,
stable_compact_capacity,w04,2026-02-12,2026-02-13,2026-02-27,600516,0.030303030303030304,0.9189699398797595,0.10701754385964901,0.0032429558745348188,
stable_compact_current,w04,2026-02-12,2026-02-13,2026-02-27,688608,0.03253310000000001,0.9220531062124249,-0.02429245283018866,-0.0007903087971698109,
stable_compact_current,w04,2026-02-12,2026-02-13,2026-02-27,002281,0.03253310000000001,0.7757334669338678,0.04832919083126219,0.0015722983982325365,
stable_compact_current,w04,2026-02-12,2026-02-13,2026-02-27,301308,0.03253310000000001,0.7757334669338678,-0.0034505141607734657,-0.00011225592224385927,
stable_compact_current,w04,2026-02-12,2026-02-13,2026-02-27,300757,0.03253310000000001,0.7757334669338678,-0.0632371620395572,-0.002057300916349119,
stable_compact_current,w04,2026-02-12,2026-02-13,2026-02-27,300724,0.03253310000000001,0.7757334669338678,-0.02728201902665306,-0.0008875686531960069,
stable_compact_current,w04,2026-02-12,2026-02-13,2026-02-27,000060,0.03253310000000001,0.7757334669338678,0.13461538461538458,0.004379455769230769,
stable_compact_current,w04,2026-02-12,2026-02-13,2026-02-27,002756,0.03253310000000001,0.7757334669338678,0.2750491159135562,0.008948200392927317,
stable_compact_current,w04,2026-02-12,2026-02-13,2026-02-27,002738,0.03253310000000001,0.7757334669338678,0.06233948167172554,0.0020280965911744146,
stable_compact_current,w04,2026-02-12,2026-02-13,2026-02-27,002436,0.03253310000000001,0.7757334669338678,0.14103690685412995,0.0045883677943760965,
stable_compact_current,w04,2026-02-12,2026-02-13,2026-02-27,002429,0.03253310000000001,0.7757334669338678,-0.07043478260869573,-0.00229146182608696,
stable_compact_current,w04,2026-02-12,2026-02-13,2026-02-27,002851,0.03253310000000001,0.7757334669338678,0.02331691297208538,0.0007585714614121511,
stable_compact_current,w04,2026-02-12,2026-02-13,2026-02-27,002202,0.03253310000000001,0.7757334669338678,0.1321130123358536,0.00429804584162356,
stable_compact_current,w04,2026-02-12,2026-02-13,2026-02-27,002185,0.03253310000000001,0.7757334669338678,0.06377014716187812,0.0020746405746320975,
stable_compact_current,w04,2026-02-12,2026-02-13,2026-02-27,000426,0.03253310000000001,0.7757334669338678,0.1004985044865403,0.0032695278963110652,
stable_compact_current,w04,2026-02-12,2026-02-13,2026-02-27,000831,0.03253310000000001,0.7757334669338678,0.11343385880740242,0.0036903550719671048,
stable_compact_current,w04,2026-02-12,2026-02-13,2026-02-27,000878,0.03253310000000001,0.7757334669338678,0.11255975662755313,0.0036619178183398497,
stable_compact_current,w04,2026-02-12,2026-02-13,2026-02-27,600392,0.03253310000000001,0.7757334669338678,0.08605629246198632,0.002799677968295048,
stable_compact_current,w04,2026-02-12,2026-02-13,2026-02-27,000960,0.03253310000000001,0.7757334669338678,0.1673684210526316,0.005445013578947371,
stable_compact_current,w04,2026-02-12,2026-02-13,2026-02-27,002008,0.03253310000000001,0.7757334669338678,0.3613255507437394,0.011755040274901152,
stable_compact_current,w04,2026-02-12,2026-02-13,2026-02-27,002156,0.03253310000000001,0.7757334669338678,0.06142857142857139,0.0019984618571428562,
stable_compact_current,w04,2026-02-12,2026-02-13,2026-02-27,300223,0.03175800000000001,0.7757334669338678,0.0790667530784186,0.0025110019442644185,
stable_compact_current,w04,2026-02-12,2026-02-13,2026-02-27,300285,0.03175800000000001,0.7757334669338678,0.18562132011155863,0.005894961884102881,
stable_compact_current,w04,2026-02-12,2026-02-13,2026-02-27,300390,0.03175800000000001,0.7757334669338678,0.04177869700103409,0.001326807859358841,
stable_compact_current,w04,2026-02-12,2026-02-13,2026-02-27,300450,0.03175800000000001,0.7757334669338678,-0.007246376811594346,-0.0002301304347826133,
stable_compact_current,w04,2026-02-12,2026-02-13,2026-02-27,003031,0.03175800000000001,0.7757334669338678,0.07033842070338436,0.0022338075646980812,
stable_compact_current,w04,2026-02-12,2026-02-13,2026-02-27,300570,0.03175800000000001,0.7757334669338678,-0.11807854592664713,-0.0037499384615384606,
stable_compact_current,w04,2026-02-12,2026-02-13,2026-02-27,300604,0.03175800000000001,0.7757334669338678,0.11842105263157898,0.0037608157894736863,
stable_compact_current,w04,2026-02-12,2026-02-13,2026-02-27,300748,0.03175800000000001,0.7757334669338678,0.06895654436638043,0.00218992193598751,
stable_compact_current,w04,2026-02-12,2026-02-13,2026-02-27,300857,0.03175800000000001,0.7757334669338678,0.07580950844792134,0.0024075583692890865,
stable_compact_current,w04,2026-02-12,2026-02-13,2026-02-27,300919,0.03175800000000001,0.7757334669338678,0.03610760064993679,0.0011467051814406928,
stable_compact_current,w04,2026-02-12,2026-02-13,2026-02-27,300454,0.03175800000000001,0.7757334669338678,-0.15271763717443287,-0.004850006721385641,
stable_extra_wide_capacity,w04,2026-02-12,2026-02-13,2026-02-27,300017,0.02173913043478261,0.9985671342685372,-0.08679927667269449,-0.0018869407972324892,
stable_extra_wide_capacity,w04,2026-02-12,2026-02-13,2026-02-27,600096,0.02173913043478261,0.8482414829659318,0.21031096563011453,0.004571977513698143,
stable_extra_wide_capacity,w04,2026-02-12,2026-02-13,2026-02-27,603049,0.02173913043478261,0.871372745490982,0.002553812477198214,5.551766254778727e-05,
stable_extra_wide_capacity,w04,2026-02-12,2026-02-13,2026-02-27,300346,0.02173913043478261,0.8705911823647295,0.052135330005546265,0.0011333767392510059,
stable_extra_wide_capacity,w04,2026-02-12,2026-02-13,2026-02-27,000591,0.02173913043478261,0.8630911823647295,0.03368794326241131,0.0007323465926611156,
stable_extra_wide_capacity,w04,2026-02-12,2026-02-13,2026-02-27,002271,0.02173913043478261,0.8596643286573147,0.010101010101010166,0.00021958717610891669,
stable_extra_wide_capacity,w04,2026-02-12,2026-02-13,2026-02-27,300003,0.02173913043478261,0.8576653306613227,0.019988895058300926,0.0004345411969195854,
stable_extra_wide_capacity,w04,2026-02-12,2026-02-13,2026-02-27,600170,0.02173913043478261,0.8568086172344689,0.027491408934708028,0.0005976393246675659,
stable_extra_wide_capacity,w04,2026-02-12,2026-02-13,2026-02-27,000933,0.02173913043478261,0.8562374749498998,0.04475209272376057,0.0009728715809513169,
stable_extra_wide_capacity,w04,2026-02-12,2026-02-13,2026-02-27,603179,0.02173913043478261,0.8533817635270541,-0.004590935844614452,-9.980295314379245e-05,
stable_extra_wide_capacity,w04,2026-02-12,2026-02-13,2026-02-27,300699,0.02173913043478261,0.848812625250501,0.024734982332155653,0.0005377170072207751,
stable_extra_wide_capacity,w04,2026-02-12,2026-02-13,2026-02-27,002157,0.02173913043478261,0.8473847695390782,0.022292993630573132,0.0004846302963168073,
stable_extra_wide_capacity,w04,2026-02-12,2026-02-13,2026-02-27,601231,0.02173913043478261,0.9929809619238479,0.13189163498098866,0.0028672094561084495,
stable_extra_wide_capacity,w04,2026-02-12,2026-02-13,2026-02-27,002025,0.02173913043478261,0.8470991983967936,0.022626184490427415,0.000491873575878857,
stable_extra_wide_capacity,w04,2026-02-12,2026-02-13,2026-02-27,000987,0.02173913043478261,0.8459569138276553,0.01473684210526316,0.0003203661327231122,
stable_extra_wide_capacity,w04,2026-02-12,2026-02-13,2026-02-27,002130,0.02173913043478261,0.8403206412825652,0.012420156139105742,0.00027000339432838575,
stable_extra_wide_capacity,w04,2026-02-12,2026-02-13,2026-02-27,000960,0.02173913043478261,0.8275150300601203,0.1673684210526316,0.0036384439359267748,
stable_extra_wide_capacity,w04,2026-02-12,2026-02-13,2026-02-27,003035,0.02173913043478261,0.8220741482965933,0.1982507288629738,0.004309798453542909,
stable_extra_wide_capacity,w04,2026-02-12,2026-02-13,2026-02-27,000559,0.02173913043478261,0.8219689378757515,0.022935779816513735,0.0004986039090546465,
stable_extra_wide_capacity,w04,2026-02-12,2026-02-13,2026-02-27,600765,0.02173913043478261,0.8208266533066132,0.087923193532087,0.0019113737724366742,
stable_extra_wide_capacity,w04,2026-02-12,2026-02-13,2026-02-27,002773,0.02173913043478261,0.8159719438877755,0.005847953216374213,0.0001271294177472655,
stable_extra_wide_capacity,w04,2026-02-12,2026-02-13,2026-02-27,601965,0.02173913043478261,0.8148296593186373,0.04712041884816753,0.001024356931481903,
stable_extra_wide_capacity,w04,2026-02-12,2026-02-13,2026-02-27,300054,0.02173913043478261,0.8728006012024048,-0.00021743857360312369,-4.726925513111385e-06,
stable_extra_wide_capacity,w04,2026-02-12,2026-02-13,2026-02-27,002153,0.02173913043478261,0.8756563126252506,-0.06839622641509446,-0.0014868744872846625,
stable_extra_wide_capacity,w04,2026-02-12,2026-02-13,2026-02-27,002155,0.02173913043478261,0.8762825651302606,0.1386288130474178,0.0030136698488569093,
stable_extra_wide_capacity,w04,2026-02-12,2026-02-13,2026-02-27,300395,0.02173913043478261,0.8796543086172345,0.3375821549492133,0.007338742498895942,
stable_extra_wide_capacity,w04,2026-02-12,2026-02-13,2026-02-27,002131,0.02173913043478261,0.9802304609218437,0.060572687224669686,0.0013167975483623846,
stable_extra_wide_capacity,w04,2026-02-12,2026-02-13,2026-02-27,001221,0.02173913043478261,0.9619639278557115,-0.05799648506151134,-0.0012607931535111162,
stable_extra_wide_capacity,w04,2026-02-12,2026-02-13,2026-02-27,600352,0.02173913043478261,0.9522745490981963,-0.0191502094554159,-0.00041630890120469355,
stable_extra_wide_capacity,w04,2026-02-12,2026-02-13,2026-02-27,300383,0.02173913043478261,0.9522344689378758,-0.0577753779697624,-0.0012559864776035305,
stable_extra_wide_capacity,w04,2026-02-12,2026-02-13,2026-02-27,688361,0.02173913043478261,0.9219188376753507,0.024973985431841816,0.00054291272677917,
stable_extra_wide_capacity,w04,2026-02-12,2026-02-13,2026-02-27,600602,0.02173913043478261,0.9207765531062124,-0.01648841354723707,-0.0003584437727660233,
stable_extra_wide_capacity,w04,2026-02-12,2026-02-13,2026-02-27,001389,0.02173913043478261,0.9099248496993988,0.19512925441660833,0.004241940313404529,
stable_extra_wide_capacity,w04,2026-02-12,2026-02-13,2026-02-27,002465,0.02173913043478261,0.904739478957916,0.031542056074766345,0.0006856968711905728,
stable_extra_wide_capacity,w04,2026-02-12,2026-02-13,2026-02-27,300623,0.02173913043478261,0.9042134268537074,-0.020530367835757013,-0.0004463123442555873,
stable_extra_wide_capacity,w04,2026-02-12,2026-02-13,2026-02-27,601615,0.02173913043478261,0.9019839679358719,-0.016309012875536433,-0.00035454375816383556,
stable_extra_wide_capacity,w04,2026-02-12,2026-02-13,2026-02-27,688099,0.02173913043478261,0.9013577154308617,0.015499732763228247,0.00033695071224409235,
stable_extra_wide_capacity,w04,2026-02-12,2026-02-13,2026-02-27,002044,0.02173913043478261,0.8945791583166334,-0.016853932584269704,-0.0003663898387884719,
stable_extra_wide_capacity,w04,2026-02-12,2026-02-13,2026-02-27,002126,0.02173913043478261,0.8905060120240481,0.004740313272877161,0.00010305028854080786,
stable_extra_wide_capacity,w04,2026-02-12,2026-02-13,2026-02-27,600499,0.02173913043478261,0.8891683366733467,0.04048582995951411,0.0008801267382503068,
stable_extra_wide_capacity,w04,2026-02-12,2026-02-13,2026-02-27,300373,0.02173913043478261,0.8853657314629259,-0.0025108422734535507,-5.4583527683772846e-05,
stable_extra_wide_capacity,w04,2026-02-12,2026-02-13,2026-02-27,002080,0.02173913043478261,0.8842585170340682,0.015239623019851711,0.000331296152605472,
stable_extra_wide_capacity,w04,2026-02-12,2026-02-13,2026-02-27,002414,0.02173913043478261,0.8842234468937875,-0.06937799043062187,-0.0015082171832743888,
stable_extra_wide_capacity,w04,2026-02-12,2026-02-13,2026-02-27,000738,0.02173913043478261,0.8836523046092184,0.016417365924844995,0.00035689925923576083,
stable_extra_wide_capacity,w04,2026-02-12,2026-02-13,2026-02-27,600977,0.02173913043478261,0.881938877755511,-0.15616127200454288,-0.003394810260968324,
stable_extra_wide_capacity,w04,2026-02-12,2026-02-13,2026-02-27,300718,0.02173913043478261,0.8119739478957916,0.0246631070429697,0.000536154500934124,
stable_medium_capacity,w04,2026-02-12,2026-02-13,2026-02-27,300017,0.01075268817204301,0.9993161322645291,-0.08679927667269449,-0.0009333255556203708,
stable_medium_capacity,w04,2026-02-12,2026-02-13,2026-02-27,688295,0.01075268817204301,0.8081938877755511,0.04250486696950029,0.00045704158031720736,
stable_medium_capacity,w04,2026-02-12,2026-02-13,2026-02-27,001389,0.01075268817204301,0.7922019038076152,0.19512925441660833,0.0020981640259850358,
stable_medium_capacity,w04,2026-02-12,2026-02-13,2026-02-27,600801,0.01075268817204301,0.7927129258517034,0.0030133448127420692,3.2401557126258806e-05,
stable_medium_capacity,w04,2026-02-12,2026-02-13,2026-02-27,601399,0.01075268817204301,0.7950450901803607,0.01737451737451745,0.00018682276746792957,
stable_medium_capacity,w04,2026-02-12,2026-02-13,2026-02-27,000155,0.01075268817204301,0.7965931863727455,0.1280249804839968,0.0013766126933763096,
stable_medium_capacity,w04,2026-02-12,2026-02-13,2026-02-27,000830,0.01075268817204301,0.8004534068136273,0.04413407821229076,0.00047455998077732,
stable_medium_capacity,w04,2026-02-12,2026-02-13,2026-02-27,601608,0.01075268817204301,0.8027855711422845,0.07027027027027022,0.0007555943039814001,
stable_medium_capacity,w04,2026-02-12,2026-02-13,2026-02-27,002266,0.01075268817204301,0.8035495991983969,0.05241935483870974,0.0005636489767603198,
stable_medium_capacity,w04,2026-02-12,2026-02-13,2026-02-27,688778,0.01075268817204301,0.8043336673346693,-0.016745283018867907,-0.0001800568066544936,
stable_medium_capacity,w04,2026-02-12,2026-02-13,2026-02-27,688019,0.01075268817204301,0.8074298597194388,0.001791111608642204,1.9259264609055956e-05,
stable_medium_capacity,w04,2026-02-12,2026-02-13,2026-02-27,000629,0.01075268817204301,0.8089779559118236,0.15489130434782594,0.001665497896213182,
stable_medium_capacity,w04,2026-02-12,2026-02-13,2026-02-27,600959,0.01075268817204301,0.8453481963927856,-0.02564102564102566,-0.0002757099531293082,
stable_medium_capacity,w04,2026-02-12,2026-02-13,2026-02-27,002153,0.01075268817204301,0.8128381763527055,-0.06839622641509446,-0.0007354432947859619,
stable_medium_capacity,w04,2026-02-12,2026-02-13,2026-02-27,688052,0.01075268817204301,0.8151703406813627,-0.07103825136612019,-0.0007638521652270987,
stable_medium_capacity,w04,2026-02-12,2026-02-13,2026-02-27,688582,0.01075268817204301,0.8156137274549098,0.006961259079903304,7.485224817100326e-05,
stable_medium_capacity,w04,2026-02-12,2026-02-13,2026-02-27,688361,0.01075268817204301,0.8247119238476954,0.024973985431841816,0.00026853747776173995,
stable_medium_capacity,w04,2026-02-12,2026-02-13,2026-02-27,688615,0.01075268817204301,0.8260070140280561,-0.08675928551176637,-0.0009328955431372728,
stable_medium_capacity,w04,2026-02-12,2026-02-13,2026-02-27,000683,0.01075268817204301,0.8283191382765531,0.09590643274853794,0.0010312519650380423,
stable_medium_capacity,w04,2026-02-12,2026-02-13,2026-02-27,600977,0.01075268817204301,0.8298672344689378,-0.15616127200454288,-0.0016791534624144395,
stable_medium_capacity,w04,2026-02-12,2026-02-13,2026-02-27,603077,0.01075268817204301,0.8306513026052105,0.19591836734693868,0.002106649111257405,
stable_medium_capacity,w04,2026-02-12,2026-02-13,2026-02-27,601106,0.01075268817204301,0.831560621242485,0.02589641434262968,0.00027845606820031915,
stable_medium_capacity,w04,2026-02-12,2026-02-13,2026-02-27,000032,0.01075268817204301,0.7919488977955912,-0.008641382621219384,-9.29180927012837e-05,
stable_medium_capacity,w04,2026-02-12,2026-02-13,2026-02-27,300037,0.01075268817204301,0.7883366733466933,0.01709706144256451,0.000183839370350156,
stable_medium_capacity,w04,2026-02-12,2026-02-13,2026-02-27,000400,0.01075268817204301,0.7865205410821643,0.028368794326241176,0.0003050407992068943,
stable_medium_capacity,w04,2026-02-12,2026-02-13,2026-02-27,002409,0.01075268817204301,0.7842084168336673,0.05057471264367819,0.0005438141144481526,
stable_medium_capacity,w04,2026-02-12,2026-02-13,2026-02-27,600688,0.01075268817204301,0.7478181362725451,-0.006269592476489061,-6.741497286547377e-05,
stable_medium_capacity,w04,2026-02-12,2026-02-13,2026-02-27,002465,0.01075268817204301,0.7532464929859719,0.031542056074766345,0.00033916189327705745,
stable_medium_capacity,w04,2026-02-12,2026-02-13,2026-02-27,301536,0.01075268817204301,0.7550475951903808,0.153941565600882,0.0016552856516223872,
stable_medium_capacity,w04,2026-02-12,2026-02-13,2026-02-27,002430,0.01075268817204301,0.7578907815631262,0.03432930705657977,0.00036913233394171796,
stable_medium_capacity,w04,2026-02-12,2026-02-13,2026-02-27,688248,0.01075268817204301,0.759438877755511,0.02683780630105015,0.0002885785623768833,
stable_medium_capacity,w04,2026-02-12,2026-02-13,2026-02-27,300383,0.01075268817204301,0.7612399799599199,-0.0577753779697624,-0.0006212406233307784,
stable_medium_capacity,w04,2026-02-12,2026-02-13,2026-02-27,600170,0.01075268817204301,0.761751002004008,0.027491408934708028,0.00029560654768503254,
stable_medium_capacity,w04,2026-02-12,2026-02-13,2026-02-27,300763,0.01075268817204301,0.7625350701402805,0.07084711269397093,0.0007617969106878593,
stable_medium_capacity,w04,2026-02-12,2026-02-13,2026-02-27,603000,0.01075268817204301,0.7627880761523046,-0.055443140428976134,-0.0005961628003115713,
stable_medium_capacity,w04,2026-02-12,2026-02-13,2026-02-27,002202,0.01075268817204301,0.76499248496994,0.1321130123358536,0.0014205700251167053,
stable_medium_capacity,w04,2026-02-12,2026-02-13,2026-02-27,000415,0.01075268817204301,0.7658842685370741,0.02135922330097073,0.00022966906775237343,
stable_medium_capacity,w04,2026-02-12,2026-02-13,2026-02-27,600637,0.01075268817204301,0.7702755511022044,-0.01373390557939913,-0.00014767640407956054,
stable_medium_capacity,w04,2026-02-12,2026-02-13,2026-02-27,603699,0.01075268817204301,0.7710395791583167,-0.03697334479793635,-0.0003975628472896381,
stable_medium_capacity,w04,2026-02-12,2026-02-13,2026-02-27,001221,0.01075268817204301,0.7720766533066132,-0.05799648506151134,-0.0006236181189409821,
stable_medium_capacity,w04,2026-02-12,2026-02-13,2026-02-27,601865,0.01075268817204301,0.7749198396793586,-0.005241700640652547,-5.6362372480134905e-05,
stable_medium_capacity,w04,2026-02-12,2026-02-13,2026-02-27,300623,0.01075268817204301,0.7767209418837676,-0.020530367835757013,-0.00022075664339523668,
stable_medium_capacity,w04,2026-02-12,2026-02-13,2026-02-27,600884,0.01075268817204301,0.7772319639278558,0.04791666666666661,0.0005152329749103935,
stable_medium_capacity,w04,2026-02-12,2026-02-13,2026-02-27,688002,0.01075268817204301,0.779564128256513,0.012218370883882113,0.00013138033208475388,
stable_medium_capacity,w04,2026-02-12,2026-02-13,2026-02-27,600141,0.01075268817204301,0.7803281563126253,0.111397627643115,0.001197823953151774,
stable_medium_capacity,w04,2026-02-12,2026-02-13,2026-02-27,002436,0.01075268817204301,0.8414879759519037,0.14103690685412995,0.0015165258801519347,
stable_medium_capacity,w04,2026-02-12,2026-02-13,2026-02-27,301308,0.01075268817204301,0.8497394789579158,-0.0034505141607734657,-3.710230280401576e-05,
stable_medium_capacity,w04,2026-02-12,2026-02-13,2026-02-27,601231,0.01075268817204301,0.9977680360721444,0.13189163498098866,0.0014181896234514908,
stable_medium_capacity,w04,2026-02-12,2026-02-13,2026-02-27,300285,0.01075268817204301,0.9538602204408818,0.18562132011155863,0.001995928173242566,
stable_medium_capacity,w04,2026-02-12,2026-02-13,2026-02-27,600602,0.01075268817204301,0.9351377755511022,-0.01648841354723707,-0.00017729476932512977,
stable_medium_capacity,w04,2026-02-12,2026-02-13,2026-02-27,603920,0.01075268817204301,0.9368311623246494,0.06782608695652192,0.000729312762973354,
stable_medium_capacity,w04,2026-02-12,2026-02-13,2026-02-27,688599,0.01075268817204301,0.9414754509018036,-0.0705939629990262,-0.0007590748709572709,
stable_medium_capacity,w04,2026-02-12,2026-02-13,2026-02-27,300223,0.01075268817204301,0.9430235470941885,0.0790667530784186,0.0008501801406281569,
stable_medium_capacity,w04,2026-02-12,2026-02-13,2026-02-27,300604,0.01075268817204301,0.9445716432865732,0.11842105263157898,0.001273344651952462,
stable_medium_capacity,w04,2026-02-12,2026-02-13,2026-02-27,002851,0.01075268817204301,0.9497294589178358,0.02331691297208538,0.0002507194943234987,
stable_medium_capacity,w04,2026-02-12,2026-02-13,2026-02-27,688709,0.01075268817204301,0.9507640280561123,0.016666666666666607,0.00017921146953404953,
stable_medium_capacity,w04,2026-02-12,2026-02-13,2026-02-27,002080,0.01075268817204301,0.9508867735470942,0.015239623019851711,0.00016386691419195386,
stable_medium_capacity,w04,2026-02-12,2026-02-13,2026-02-27,688122,0.01075268817204301,0.952312124248497,0.0656434474616292,0.000705843521092787,
stable_medium_capacity,w04,2026-02-12,2026-02-13,2026-02-27,300919,0.01075268817204301,0.9554083166332665,0.03610760064993679,0.0003882537704294278,
stable_medium_capacity,w04,2026-02-12,2026-02-13,2026-02-27,601118,0.01075268817204301,0.8502605210420842,0.06518723994452147,0.0007009380639195857,
stable_medium_capacity,w04,2026-02-12,2026-02-13,2026-02-27,600516,0.01075268817204301,0.9569564128256512,0.10701754385964901,0.0011507262780607419,
stable_medium_capacity,w04,2026-02-12,2026-02-13,2026-02-27,688385,0.01075268817204301,0.9585045090180361,-0.01844215349369993,-0.00019830272573870893,
stable_medium_capacity,w04,2026-02-12,2026-02-13,2026-02-27,688281,0.01075268817204301,0.9600526052104208,0.04343329886246128,0.0004670247189511965,
stable_medium_capacity,w04,2026-02-12,2026-02-13,2026-02-27,688629,0.01075268817204301,0.9648196392785571,0.21028744326777593,0.0022611553039545798,
stable_medium_capacity,w04,2026-02-12,2026-02-13,2026-02-27,605358,0.01075268817204301,0.9662449899799599,0.05235338535112022,0.0005629396274314002,
stable_medium_capacity,w04,2026-02-12,2026-02-13,2026-02-27,688220,0.01075268817204301,0.972437374749499,0.023560209424083878,0.00025333558520520297,
stable_medium_capacity,w04,2026-02-12,2026-02-13,2026-02-27,601611,0.01075268817204301,0.9817259519038076,0.05609284332688591,0.0006031488529772678,
stable_medium_capacity,w04,2026-02-12,2026-02-13,2026-02-27,688027,0.01075268817204301,0.9832740480961925,-0.06564243885635546,-0.0007058326758747898,
stable_medium_capacity,w04,2026-02-12,2026-02-13,2026-02-27,300857,0.01075268817204301,0.988431863727455,0.07580950844792134,0.0008151560048163584,
stable_medium_capacity,w04,2026-02-12,2026-02-13,2026-02-27,300454,0.01075268817204301,0.9337349699398798,-0.15271763717443287,-0.0016421251309078802,
stable_medium_capacity,w04,2026-02-12,2026-02-13,2026-02-27,300748,0.01075268817204301,0.9290906813627255,0.06895654436638043,0.0007414682189933379,
stable_medium_capacity,w04,2026-02-12,2026-02-13,2026-02-27,603688,0.01075268817204301,0.9276653306613227,0.033284179481777976,0.0003578944030298707,
stable_medium_capacity,w04,2026-02-12,2026-02-13,2026-02-27,601061,0.01075268817204301,0.9273972945891783,0.10332871012482658,0.0011110613991916836,
stable_medium_capacity,w04,2026-02-12,2026-02-13,2026-02-27,688568,0.01075268817204301,0.8516858717434871,0.020325203252032464,0.0002185505726024996,
stable_medium_capacity,w04,2026-02-12,2026-02-13,2026-02-27,003031,0.01075268817204301,0.8594263527054108,0.07033842070338436,0.0007563271043374662,
stable_medium_capacity,w04,2026-02-12,2026-02-13,2026-02-27,002756,0.01075268817204301,0.860065130260521,0.2750491159135562,0.0029575173754145825,
stable_medium_capacity,w04,2026-02-12,2026-02-13,2026-02-27,688676,0.01075268817204301,0.8631613226452906,0.01564076690211924,0.00016818028927009936,
stable_medium_capacity,w04,2026-02-12,2026-02-13,2026-02-27,600339,0.01075268817204301,0.8809544088176353,0.057356608478803084,0.0006167377255785277,
stable_medium_capacity,w04,2026-02-12,2026-02-13,2026-02-27,688099,0.01075268817204301,0.88250250501002,0.015499732763228247,0.00016666379315299188,
stable_medium_capacity,w04,2026-02-12,2026-02-13,2026-02-27,002008,0.01075268817204301,0.8826477955911823,0.3613255507437394,0.003885220975739133,
stable_medium_capacity,w04,2026-02-12,2026-02-13,2026-02-27,688347,0.01075268817204301,0.8903882765531063,-0.02100386100386098,-0.00022584796778345138,
stable_medium_capacity,w04,2026-02-12,2026-02-13,2026-02-27,002429,0.01075268817204301,0.891570641282565,-0.07043478260869573,-0.0007573632538569433,
stable_medium_capacity,w04,2026-02-12,2026-02-13,2026-02-27,600352,0.01075268817204301,0.8971417835671343,-0.0191502094554159,-0.00020591623070339676,
stable_medium_capacity,w04,2026-02-12,2026-02-13,2026-02-27,300450,0.01075268817204301,0.8981287575150301,-0.007246376811594346,-7.791803023219726e-05,
stable_medium_capacity,w04,2026-02-12,2026-02-13,2026-02-27,600673,0.01075268817204301,0.899311122244489,0.03335155822854019,0.0003586189056832278,last close on 2026-02-13 (halted?); entry=prev_close
stable_medium_capacity,w04,2026-02-12,2026-02-13,2026-02-27,002353,0.01075268817204301,0.9024073146292585,0.12781304096941715,0.0013743337738647003,
stable_medium_capacity,w04,2026-02-12,2026-02-13,2026-02-27,000878,0.01075268817204301,0.9027730460921845,0.11255975662755313,0.0012103199637371303,
stable_medium_capacity,w04,2026-02-12,2026-02-13,2026-02-27,000060,0.01075268817204301,0.9043211422845692,0.13461538461538458,0.0014474772539288664,
stable_medium_capacity,w04,2026-02-12,2026-02-13,2026-02-27,600497,0.01075268817204301,0.9058692384769539,0.21342134213421327,0.0022948531412280994,
stable_medium_capacity,w04,2026-02-12,2026-02-13,2026-02-27,600126,0.01075268817204301,0.9072720440881763,0.06310160427807476,0.0006785118739577931,
stable_medium_capacity,w04,2026-02-12,2026-02-13,2026-02-27,688608,0.01075268817204301,0.9151578156312625,-0.02429245283018866,-0.00026120917021708233,
stable_medium_capacity,w04,2026-02-12,2026-02-13,2026-02-27,688525,0.01075268817204301,0.925994488977956,-0.030239223255541847,-0.00032515293823163273,
stable_medium_capacity,w04,2026-02-12,2026-02-13,2026-02-27,603156,0.01075268817204301,0.7462700400801603,-0.012052117263843698,-0.0001295926587510075,
balanced_extra_wide_capacity,w05,2026-02-27,2026-03-02,2026-03-06,600131,0.015625,0.9002755511022045,0.0888888888888888,0.0013888888888888874,
balanced_extra_wide_capacity,w05,2026-02-27,2026-03-02,2026-03-06,688629,0.015625,0.8910320641282565,-0.083125,-0.001298828125,
balanced_extra_wide_capacity,w05,2026-02-27,2026-03-02,2026-03-06,601608,0.015625,0.8656813627254509,-0.07828282828282829,-0.001223169191919192,
balanced_extra_wide_capacity,w05,2026-02-27,2026-03-02,2026-03-06,000021,0.015625,0.8618236472945892,-0.05872093023255798,-0.0009175145348837184,
balanced_extra_wide_capacity,w05,2026-02-27,2026-03-02,2026-03-06,300383,0.015625,0.8618236472945892,-0.1472779369627506,-0.002301217765042978,
balanced_extra_wide_capacity,w05,2026-02-27,2026-03-02,2026-03-06,002340,0.015625,0.8596192384769539,-0.08761329305135945,-0.0013689577039274915,
balanced_extra_wide_capacity,w05,2026-02-27,2026-03-02,2026-03-06,688676,0.015625,0.8587925851703407,0.014008941877794223,0.00021888971684053474,
balanced_extra_wide_capacity,w05,2026-02-27,2026-03-02,2026-03-06,002318,0.015625,0.8543837675350702,0.02662037037037024,0.000415943287037035,
balanced_extra_wide_capacity,w05,2026-02-27,2026-03-02,2026-03-06,002409,0.015625,0.8543837675350702,-0.03969990622069397,-0.0006203110346983433,
balanced_extra_wide_capacity,w05,2026-02-27,2026-03-02,2026-03-06,002532,0.015625,0.8543837675350702,0.0350877192982455,0.000548245614035086,
balanced_extra_wide_capacity,w05,2026-02-27,2026-03-02,2026-03-06,600378,0.015625,0.8543837675350702,-0.006095944871455039,-9.524913861648499e-05,
balanced_extra_wide_capacity,w05,2026-02-27,2026-03-02,2026-03-06,601061,0.015625,0.8543837675350702,-0.09113764927718415,-0.0014240257699560024,
balanced_extra_wide_capacity,w05,2026-02-27,2026-03-02,2026-03-06,603806,0.015625,0.8543837675350702,-0.054696132596685154,-0.0008546270718232055,
balanced_extra_wide_capacity,w05,2026-02-27,2026-03-02,2026-03-06,688019,0.015625,0.8543837675350702,-0.07885424814690656,-0.001232097627295415,
balanced_extra_wide_capacity,w05,2026-02-27,2026-03-02,2026-03-06,688234,0.015625,0.8543837675350702,-0.13001071811361198,-0.002031417470525187,
balanced_extra_wide_capacity,w05,2026-02-27,2026-03-02,2026-03-06,688525,0.015625,0.8543837675350702,0.26254523522316053,0.004102269300361883,
balanced_extra_wide_capacity,w05,2026-02-27,2026-03-02,2026-03-06,002430,0.015625,0.8466683366733467,-0.02581438229870925,-0.000403349723417332,
balanced_extra_wide_capacity,w05,2026-02-27,2026-03-02,2026-03-06,600637,0.015625,0.8466683366733467,-0.07310704960835512,-0.0011422976501305488,
balanced_extra_wide_capacity,w05,2026-02-27,2026-03-02,2026-03-06,002410,0.015625,0.845440881763527,-0.08804581245526133,-0.0013757158196134583,
balanced_extra_wide_capacity,w05,2026-02-27,2026-03-02,2026-03-06,603233,0.015625,0.845440881763527,0.012257405515832653,0.0001915219611848852,
balanced_extra_wide_capacity,w05,2026-02-27,2026-03-02,2026-03-06,002837,0.015625,0.8433617234468938,-0.06635944700460827,-0.0010368663594470043,
balanced_extra_wide_capacity,w05,2026-02-27,2026-03-02,2026-03-06,300567,0.015625,0.8433617234468938,-0.05840371898120855,-0.0009125581090813836,
balanced_extra_wide_capacity,w05,2026-02-27,2026-03-02,2026-03-06,301536,0.015625,0.8433617234468938,-0.04681715036426615,-0.0007315179744416585,
balanced_extra_wide_capacity,w05,2026-02-27,2026-03-02,2026-03-06,601179,0.015625,0.8433617234468938,0.2002487562189057,0.0031288868159204015,
balanced_extra_wide_capacity,w05,2026-02-27,2026-03-02,2026-03-06,002583,0.015625,0.821743486973948,0.01352569882777277,0.00021133904418394953,
balanced_extra_wide_capacity,w05,2026-02-27,2026-03-02,2026-03-06,300558,0.015625,0.821743486973948,-0.043260869565217464,-0.0006759510869565229,
balanced_extra_wide_capacity,w05,2026-02-27,2026-03-02,2026-03-06,600171,0.015625,0.821743486973948,-0.06376903553299484,-0.0009963911802030444,
balanced_extra_wide_capacity,w05,2026-02-27,2026-03-02,2026-03-06,603927,0.015625,0.821743486973948,-0.06556530717604536,-0.0010244579246257088,
balanced_extra_wide_capacity,w05,2026-02-27,2026-03-02,2026-03-06,688475,0.015625,0.821743486973948,-0.07811971592830569,-0.0012206205613797764,
balanced_extra_wide_capacity,w05,2026-02-27,2026-03-02,2026-03-06,688772,0.015625,0.8032815631262525,-0.11170497060395512,-0.0017453901656867988,
balanced_extra_wide_capacity,w05,2026-02-27,2026-03-02,2026-03-06,000039,0.015625,0.8014779559118237,-0.007407407407407418,-0.00011574074074074091,
balanced_extra_wide_capacity,w05,2026-02-27,2026-03-02,2026-03-06,002353,0.015625,0.8656813627254509,0.04459793638611753,0.0006968427560330864,
balanced_extra_wide_capacity,w05,2026-02-27,2026-03-02,2026-03-06,688568,0.015625,0.8789078156312625,0.15213221189316806,0.002377065810830751,
balanced_extra_wide_capacity,w05,2026-02-27,2026-03-02,2026-03-06,688385,0.015625,0.8789078156312625,-0.06791924378573921,-0.0010612381841521752,
balanced_extra_wide_capacity,w05,2026-02-27,2026-03-02,2026-03-06,300604,0.015625,0.8789078156312625,-0.10761245674740494,-0.0016814446366782022,
balanced_extra_wide_capacity,w05,2026-02-27,2026-03-02,2026-03-06,002465,0.015625,0.8904809619238477,-0.03340883352208379,-0.0005220130237825592,
balanced_extra_wide_capacity,w05,2026-02-27,2026-03-02,2026-03-06,000060,0.015625,0.8789078156312625,-0.08595641646489105,-0.0013430690072639227,
balanced_extra_wide_capacity,w05,2026-02-27,2026-03-02,2026-03-06,000629,0.015625,0.8789078156312625,-0.04941176470588238,-0.0007720588235294121,
balanced_extra_wide_capacity,w05,2026-02-27,2026-03-02,2026-03-06,000878,0.015625,0.8789078156312625,-0.08593750000000011,-0.0013427734375000017,
balanced_extra_wide_capacity,w05,2026-02-27,2026-03-02,2026-03-06,002195,0.015625,0.8789078156312625,-0.028003613369467106,-0.00043755645889792354,
balanced_extra_wide_capacity,w05,2026-02-27,2026-03-02,2026-03-06,002202,0.015625,0.8789078156312625,0.0007029876977153737,1.0984182776802714e-05,
balanced_extra_wide_capacity,w05,2026-02-27,2026-03-02,2026-03-06,002429,0.015625,0.8789078156312625,-0.008419083255378879,-0.00013154817586529498,
balanced_extra_wide_capacity,w05,2026-02-27,2026-03-02,2026-03-06,002436,0.015625,0.8789078156312625,-0.03388525221409311,-0.0005294570658452048,
balanced_extra_wide_capacity,w05,2026-02-27,2026-03-02,2026-03-06,002756,0.015625,0.8789078156312625,0.0613251155624035,0.0009582049306625547,
balanced_extra_wide_capacity,w05,2026-02-27,2026-03-02,2026-03-06,002851,0.015625,0.8789078156312625,0.02984595635430054,0.00046634306803594594,
balanced_extra_wide_capacity,w05,2026-02-27,2026-03-02,2026-03-06,300223,0.015625,0.8789078156312625,-0.06509009009009004,-0.0010170326576576568,
balanced_extra_wide_capacity,w05,2026-02-27,2026-03-02,2026-03-06,300285,0.015625,0.8789078156312625,-0.07187663355985363,-0.001123072399372713,
balanced_extra_wide_capacity,w05,2026-02-27,2026-03-02,2026-03-06,300454,0.015625,0.8789078156312625,-0.10411899313501138,-0.0016268592677345529,
balanced_extra_wide_capacity,w05,2026-02-27,2026-03-02,2026-03-06,300724,0.015625,0.8789078156312625,-0.0792111218881345,-0.0012376737795021017,
balanced_extra_wide_capacity,w05,2026-02-27,2026-03-02,2026-03-06,688375,0.015625,0.8789078156312625,-0.07546556070586319,-0.0011791493860291123,
balanced_extra_wide_capacity,w05,2026-02-27,2026-03-02,2026-03-06,300857,0.015625,0.8789078156312625,-0.07417819258592906,-0.0011590342591551415,
balanced_extra_wide_capacity,w05,2026-02-27,2026-03-02,2026-03-06,300919,0.015625,0.8789078156312625,-0.10210838125108901,-0.0015954434570482658,
balanced_extra_wide_capacity,w05,2026-02-27,2026-03-02,2026-03-06,301308,0.015625,0.8789078156312625,0.04902296880356527,0.0007659838875557073,
balanced_extra_wide_capacity,w05,2026-02-27,2026-03-02,2026-03-06,600497,0.015625,0.8789078156312625,-0.1087941976427923,-0.0016999093381686297,
balanced_extra_wide_capacity,w05,2026-02-27,2026-03-02,2026-03-06,601118,0.015625,0.8789078156312625,-0.03255208333333337,-0.0005086263020833339,
balanced_extra_wide_capacity,w05,2026-02-27,2026-03-02,2026-03-06,601168,0.015625,0.8789078156312625,-0.08831168831168823,-0.0013798701298701286,
balanced_extra_wide_capacity,w05,2026-02-27,2026-03-02,2026-03-06,601212,0.015625,0.8789078156312625,-0.06074766355140171,-0.0009491822429906517,
balanced_extra_wide_capacity,w05,2026-02-27,2026-03-02,2026-03-06,601611,0.015625,0.8789078156312625,0.01098901098901095,0.0001717032967032961,
balanced_extra_wide_capacity,w05,2026-02-27,2026-03-02,2026-03-06,603077,0.015625,0.8789078156312625,-0.010238907849829393,-0.00015998293515358426,
balanced_extra_wide_capacity,w05,2026-02-27,2026-03-02,2026-03-06,603688,0.015625,0.8789078156312625,0.09255861365953133,0.001446228338430177,
balanced_extra_wide_capacity,w05,2026-02-27,2026-03-02,2026-03-06,603920,0.015625,0.8789078156312625,-0.1488007106899616,-0.00232501110453065,
balanced_extra_wide_capacity,w05,2026-02-27,2026-03-02,2026-03-06,688002,0.015625,0.8789078156312625,-0.08201352623919178,-0.0012814613474873716,
balanced_extra_wide_capacity,w05,2026-02-27,2026-03-02,2026-03-06,688122,0.015625,0.8789078156312625,-0.048083314868158644,-0.0007513017948149788,
balanced_extra_wide_capacity,w05,2026-02-27,2026-03-02,2026-03-06,000703,0.015625,0.8014779559118237,0.008566978193146335,0.00013385903426791149,
balanced_medium_current,w05,2026-02-27,2026-03-02,2026-03-06,300017,0.020408163265306124,1.0,-0.11633663366336622,-0.002374217013538086,
balanced_medium_current,w05,2026-02-27,2026-03-02,2026-03-06,601118,0.020408163265306124,0.9318637274549099,-0.03255208333333337,-0.0006643282312925179,
balanced_medium_current,w05,2026-02-27,2026-03-02,2026-03-06,000878,0.020408163265306124,0.9268537074148296,-0.08593750000000011,-0.0017538265306122473,
balanced_medium_current,w05,2026-02-27,2026-03-02,2026-03-06,301308,0.020408163265306124,0.9268537074148296,0.04902296880356527,0.0010004687510931688,
balanced_medium_current,w05,2026-02-27,2026-03-02,2026-03-06,000629,0.020408163265306124,0.9148296593186372,-0.04941176470588238,-0.0010084033613445384,
balanced_medium_current,w05,2026-02-27,2026-03-02,2026-03-06,002429,0.020408163265306124,0.9148296593186372,-0.008419083255378879,-0.00017181802561997713,
balanced_medium_current,w05,2026-02-27,2026-03-02,2026-03-06,002738,0.020408163265306124,0.9148296593186372,-0.1310989010989012,-0.0026754877775285965,
balanced_medium_current,w05,2026-02-27,2026-03-02,2026-03-06,003031,0.020408163265306124,0.9148296593186372,0.0024798512089272418,5.0609208345453916e-05,
balanced_medium_current,w05,2026-02-27,2026-03-02,2026-03-06,300919,0.020408163265306124,0.9148296593186372,-0.10210838125108901,-0.0020838445153283473,
balanced_medium_current,w05,2026-02-27,2026-03-02,2026-03-06,601168,0.020408163265306124,0.9148296593186372,-0.08831168831168823,-0.00180227935329976,
balanced_medium_current,w05,2026-02-27,2026-03-02,2026-03-06,601611,0.020408163265306124,0.9148296593186372,0.01098901098901095,0.0002242655303879786,
balanced_medium_current,w05,2026-02-27,2026-03-02,2026-03-06,605358,0.020408163265306124,0.9148296593186372,-0.10308538627122699,-0.002103783393290347,
balanced_medium_current,w05,2026-02-27,2026-03-02,2026-03-06,688027,0.020408163265306124,0.9148296593186372,0.032103935939596706,0.0006551823661142185,
balanced_medium_current,w05,2026-02-27,2026-03-02,2026-03-06,688385,0.020408163265306124,0.9148296593186372,-0.06791924378573921,-0.0013861070160354943,
balanced_medium_current,w05,2026-02-27,2026-03-02,2026-03-06,300748,0.020408163265306124,0.9038076152304609,-0.12439143135345665,-0.0025386006398664626,
balanced_medium_current,w05,2026-02-27,2026-03-02,2026-03-06,600497,0.020408163265306124,0.9018036072144289,-0.1087941976427923,-0.002220289747812088,
balanced_medium_current,w05,2026-02-27,2026-03-02,2026-03-06,601399,0.020408163265306124,0.8977955911823647,-0.03984819734345346,-0.000813228517213336,
balanced_medium_current,w05,2026-02-27,2026-03-02,2026-03-06,688002,0.020408163265306124,0.8977955911823647,-0.08201352623919178,-0.0016737454334528937,
balanced_medium_current,w05,2026-02-27,2026-03-02,2026-03-06,688347,0.020408163265306124,0.8977955911823647,-0.0709102382079192,-0.0014471477185289633,
balanced_medium_current,w05,2026-02-27,2026-03-02,2026-03-06,002185,0.020408163265306124,0.8937875751503006,-0.07707509881422925,-0.0015729612002903929,
balanced_medium_current,w05,2026-02-27,2026-03-02,2026-03-06,300724,0.020408163265306124,0.8877755511022044,-0.0792111218881345,-0.0016165535079211125,
balanced_medium_current,w05,2026-02-27,2026-03-02,2026-03-06,002958,0.020408163265306124,0.8857715430861723,-0.01898734177215189,-0.00038749677086024264,
balanced_medium_current,w05,2026-02-27,2026-03-02,2026-03-06,300450,0.020408163265306124,0.8837675350701403,-0.08503649635036492,-0.0017354387010278557,
balanced_medium_current,w05,2026-02-27,2026-03-02,2026-03-06,601958,0.020408163265306124,0.9298597194388778,0.002038320423970452,4.1598375999396986e-05,
balanced_medium_current,w05,2026-02-27,2026-03-02,2026-03-06,002500,0.020408163265306124,0.9338677354709419,-0.03156146179401986,-0.0006441114651840789,
balanced_medium_current,w05,2026-02-27,2026-03-02,2026-03-06,300567,0.020408163265306124,0.9959919839679359,-0.05840371898120855,-0.0011919126322695625,
balanced_medium_current,w05,2026-02-27,2026-03-02,2026-03-06,688122,0.020408163265306124,0.935871743486974,-0.048083314868158644,-0.0009812921401665031,
balanced_medium_current,w05,2026-02-27,2026-03-02,2026-03-06,601997,0.020408163265306124,0.9939879759519038,-0.0103270223752151,-0.0002107555586778592,
balanced_medium_current,w05,2026-02-27,2026-03-02,2026-03-06,600487,0.020408163265306124,0.9919839679358717,0.01957894736842114,0.0003995703544575743,
balanced_medium_current,w05,2026-02-27,2026-03-02,2026-03-06,000921,0.020408163265306124,0.9879759519038076,-0.024852569502948563,-0.0005071952959785421,
balanced_medium_current,w05,2026-02-27,2026-03-02,2026-03-06,600901,0.020408163265306124,0.9859719438877755,-0.0031055900621118626,-6.337938902269109e-05,
balanced_medium_current,w05,2026-02-27,2026-03-02,2026-03-06,600004,0.020408163265306124,0.9839679358717435,-0.02765957446808509,-0.0005644811115935733,
balanced_medium_current,w05,2026-02-27,2026-03-02,2026-03-06,600380,0.020408163265306124,0.9809619238476954,-0.023560209424083878,-0.0004808206004915078,
balanced_medium_current,w05,2026-02-27,2026-03-02,2026-03-06,002966,0.020408163265306124,0.9779559118236473,0.008610086100860892,0.0001757160428747121,
balanced_medium_current,w05,2026-02-27,2026-03-02,2026-03-06,000958,0.020408163265306124,0.9759519038076152,0.022556390977443552,0.000460334509743746,
balanced_medium_current,w05,2026-02-27,2026-03-02,2026-03-06,600332,0.020408163265306124,0.9739478957915831,-0.0051403716884143025,-0.00010490554466151638,
balanced_medium_current,w05,2026-02-27,2026-03-02,2026-03-06,600392,0.020408163265306124,0.9719438877755511,-0.17039022937146253,-0.0034773516198257663,
balanced_medium_current,w05,2026-02-27,2026-03-02,2026-03-06,000831,0.020408163265306124,0.9679358717434869,-0.11511234225915667,-0.002349231474676667,
balanced_medium_current,w05,2026-02-27,2026-03-02,2026-03-06,300285,0.020408163265306124,0.9639278557114228,-0.07187663355985363,-0.0014668700726500742,
balanced_medium_current,w05,2026-02-27,2026-03-02,2026-03-06,600060,0.020408163265306124,0.9589178356713427,-0.0026536930561698036,-5.415700114632253e-05,
balanced_medium_current,w05,2026-02-27,2026-03-02,2026-03-06,600737,0.020408163265306124,0.9589178356713427,0.0031806615776079905,6.491146076751002e-05,
balanced_medium_current,w05,2026-02-27,2026-03-02,2026-03-06,002583,0.020408163265306124,0.9539078156312625,0.01352569882777277,0.00027603466995454636,
balanced_medium_current,w05,2026-02-27,2026-03-02,2026-03-06,600516,0.020408163265306124,0.9498997995991983,0.06656101426307459,0.001358388046185196,
balanced_medium_current,w05,2026-02-27,2026-03-02,2026-03-06,603077,0.020408163265306124,0.9448897795591182,-0.010238907849829393,-0.00020895730305774273,
balanced_medium_current,w05,2026-02-27,2026-03-02,2026-03-06,603688,0.020408163265306124,0.9448897795591182,0.09255861365953133,0.001888951299174109,
balanced_medium_current,w05,2026-02-27,2026-03-02,2026-03-06,300146,0.020408163265306124,0.9418837675350702,-0.04490500863557856,-0.0009164287476648687,
balanced_medium_current,w05,2026-02-27,2026-03-02,2026-03-06,000060,0.020408163265306124,0.938877755511022,-0.08595641646489105,-0.001754212580916144,
balanced_medium_current,w05,2026-02-27,2026-03-02,2026-03-06,002436,0.020408163265306124,0.938877755511022,-0.03388525221409311,-0.000691535759471288,
balanced_medium_current,w05,2026-02-27,2026-03-02,2026-03-06,002756,0.020408163265306124,0.8817635270541082,0.0613251155624035,0.001251532970661296,
economic_medium_capacity,w05,2026-02-27,2026-03-02,2026-03-06,688702,0.036000000004219955,0.9889919839679359,0.031971580817051315,0.001150976909548766,
economic_medium_capacity,w05,2026-02-27,2026-03-02,2026-03-06,002261,0.036000000004219955,0.9881863727454909,0.06927710843373469,0.002493975903906795,
economic_medium_capacity,w05,2026-02-27,2026-03-02,2026-03-06,002756,0.036000000004219955,0.9889238476953908,0.0613251155624035,0.002207704160505315,
economic_medium_capacity,w05,2026-02-27,2026-03-02,2026-03-06,300390,0.036000000004219955,0.7119879759519039,-0.10065515187611673,-0.0036235854679649627,
economic_medium_capacity,w05,2026-02-27,2026-03-02,2026-03-06,300567,0.036000000004219955,0.711995991983968,-0.05840371898120855,-0.002102533883569969,
economic_medium_capacity,w05,2026-02-27,2026-03-02,2026-03-06,000415,0.036000000004219955,0.7120000000000001,-0.041825095057034134,-0.0015057034222297288,
economic_medium_capacity,w05,2026-02-27,2026-03-02,2026-03-06,000657,0.036000000004219955,0.9870240480961924,-0.008456659619450302,-0.0003044397463358976,
economic_medium_capacity,w05,2026-02-27,2026-03-02,2026-03-06,600126,0.036000000004219955,0.9880741482965931,-0.08752515090543256,-0.003150905432964924,
economic_medium_capacity,w05,2026-02-27,2026-03-02,2026-03-06,600549,0.036000000004219955,0.9882705410821643,0.05488239486813962,0.0019757662154846274,
economic_medium_capacity,w05,2026-02-27,2026-03-02,2026-03-06,600498,0.036000000004219955,0.9886032064128256,0.023472356935014593,0.0008450048497595777,
economic_medium_capacity,w05,2026-02-27,2026-03-02,2026-03-06,000960,0.036000000004219955,0.9887034068136272,-0.09152389540126249,-0.0032948602348316764,
economic_medium_capacity,w05,2026-02-27,2026-03-02,2026-03-06,003035,0.036000000004219955,0.9887675350701403,0.05961070559610704,0.002145985401711408,
economic_medium_capacity,w05,2026-02-27,2026-03-02,2026-03-06,601231,0.036000000004219955,0.9888877755511022,-0.17216040310728542,-0.006197774512588784,
economic_medium_capacity,w05,2026-02-27,2026-03-02,2026-03-06,601958,0.036000000004219955,0.9888917835671343,0.002038320423970452,7.33795352715379e-05,
economic_medium_capacity,w05,2026-02-27,2026-03-02,2026-03-06,603688,0.036000000004219955,0.7119559118236474,0.09255861365953133,0.003332110092133721,
economic_medium_capacity,w05,2026-02-27,2026-03-02,2026-03-06,300724,0.036000000000000004,0.7119599198396794,-0.0792111218881345,-0.0028516003879728424,
economic_medium_capacity,w05,2026-02-27,2026-03-02,2026-03-06,300857,0.036000000000000004,0.7119438877755512,-0.07417819258592906,-0.0026704149330934466,
economic_medium_capacity,w05,2026-02-27,2026-03-02,2026-03-06,688709,0.036000000000000004,0.7119478957915832,-0.022908785203867077,-0.0008247162673392149,
economic_medium_capacity,w05,2026-02-27,2026-03-02,2026-03-06,688629,0.036000000000000004,0.7119519038076153,-0.083125,-0.0029925000000000004,
economic_medium_capacity,w05,2026-02-27,2026-03-02,2026-03-06,601611,0.036000000000000004,0.7119799599198398,0.01098901098901095,0.00039560439560439427,
economic_medium_capacity,w05,2026-02-27,2026-03-02,2026-03-06,000878,0.036000000000000004,0.7119639278557115,-0.08593750000000011,-0.0030937500000000045,
economic_medium_capacity,w05,2026-02-27,2026-03-02,2026-03-06,000629,0.036000000000000004,0.7119679358717436,-0.04941176470588238,-0.0017788235294117659,
economic_medium_capacity,w05,2026-02-27,2026-03-02,2026-03-06,605358,0.036000000000000004,0.7119739478957917,-0.10308538627122699,-0.003711073905764172,
economic_medium_capacity,w05,2026-02-27,2026-03-02,2026-03-06,002436,0.036000000000000004,0.7119739478957917,-0.03388525221409311,-0.001219869079707352,
economic_medium_capacity,w05,2026-02-27,2026-03-02,2026-03-06,688525,0.036000000000000004,0.7119839679358718,0.26254523522316053,0.00945162846803378,
economic_medium_capacity,w05,2026-02-27,2026-03-02,2026-03-06,688122,0.03333333331223356,0.7119398797595191,-0.048083314868158644,-0.0016027771612574077,
economic_medium_capacity,w05,2026-02-27,2026-03-02,2026-03-06,002265,0.02666666664978681,0.711935871743487,-0.051159072741806644,-0.0013642419389179527,
economic_medium_capacity,w05,2026-02-27,2026-03-02,2026-03-06,688375,0.019999999987340117,0.711931863727455,-0.07546556070586319,-0.0015093112131618785,
economic_medium_capacity,w05,2026-02-27,2026-03-02,2026-03-06,600516,0.013333333324893405,0.7119278557114229,0.06656101426307459,0.0008874801896125577,
economic_medium_capacity,w05,2026-02-27,2026-03-02,2026-03-06,002429,0.0066666666624467024,0.7119198396793588,-0.008419083255378879,-5.612722166699763e-05,
recent_compact_capacity,w05,2026-02-27,2026-03-02,2026-03-06,003035,0.032972380952380954,0.9904909819639278,0.05961070559610704,0.0019655068937550683,
recent_compact_capacity,w05,2026-02-27,2026-03-02,2026-03-06,000039,0.032972380952380954,0.9649248496993987,-0.007407407407407418,-0.0002442398589065259,
recent_compact_capacity,w05,2026-02-27,2026-03-02,2026-03-06,002409,0.032972380952380954,0.9175801603206413,-0.03969990622069397,-0.00130900043168252,
recent_compact_capacity,w05,2026-02-27,2026-03-02,2026-03-06,002156,0.032972380952380954,0.9175801603206413,-0.07844645260526817,-0.0025865663196637995,
recent_compact_capacity,w05,2026-02-27,2026-03-02,2026-03-06,000878,0.032972380952380954,0.9175801603206413,-0.08593750000000011,-0.002833563988095242,
recent_compact_capacity,w05,2026-02-27,2026-03-02,2026-03-06,000738,0.032972380952380954,0.9175801603206413,-0.05707106963388375,-0.0018817690493282758,
recent_compact_capacity,w05,2026-02-27,2026-03-02,2026-03-06,600498,0.032972380952380954,0.9904909819639278,0.023472356935014593,0.0007739394947115622,
recent_compact_capacity,w05,2026-02-27,2026-03-02,2026-03-06,300857,0.032972380952380954,0.9649248496993987,-0.07417819258592906,-0.0024458316243023332,
recent_compact_capacity,w05,2026-02-27,2026-03-02,2026-03-06,002353,0.032972380952380954,0.9649248496993987,0.04459793638611753,0.001470500148213119,
recent_compact_capacity,w05,2026-02-27,2026-03-02,2026-03-06,002080,0.032972380952380954,0.9649248496993987,-0.11139640529330441,-0.0036730047120566594,
recent_compact_capacity,w05,2026-02-27,2026-03-02,2026-03-06,600392,0.032972380952380954,0.9649248496993987,-0.17039022937146253,-0.005618171553399433,
recent_compact_capacity,w05,2026-02-27,2026-03-02,2026-03-06,300454,0.032972380952380954,0.9704859719438877,-0.10411899313501138,-0.0034330511060259327,
recent_compact_capacity,w05,2026-02-27,2026-03-02,2026-03-06,000831,0.032972380952380954,0.9706062124248496,-0.11511234225915667,-0.0037955280012897745,
recent_compact_capacity,w05,2026-02-27,2026-03-02,2026-03-06,600549,0.032972380952380954,0.9904909819639278,0.05488239486813962,0.0018096032311712969,
recent_compact_capacity,w05,2026-02-27,2026-03-02,2026-03-06,601958,0.032972380952380954,0.9904909819639278,0.002038320423970452,6.720827752217241e-05,
recent_compact_capacity,w05,2026-02-27,2026-03-02,2026-03-06,000960,0.032972380952380954,0.9848096192384769,-0.09152389540126249,-0.003017760745416294,
recent_compact_capacity,w05,2026-02-27,2026-03-02,2026-03-06,002756,0.032972380952380954,0.9848096192384769,0.0613251155624035,0.002022035072272354,
recent_compact_capacity,w05,2026-02-27,2026-03-02,2026-03-06,002429,0.032972380952380954,0.9175801603206413,-0.008419083255378879,-0.000277597220366164,
recent_compact_capacity,w05,2026-02-27,2026-03-02,2026-03-06,600497,0.032972380952380954,0.9762875751503005,-0.1087941976427923,-0.0035872037300867738,
recent_compact_capacity,w05,2026-02-27,2026-03-02,2026-03-06,601231,0.032972380952380954,0.9734468937875751,-0.17216040310728542,-0.005676538396168885,
recent_compact_capacity,w05,2026-02-27,2026-03-02,2026-03-06,688702,0.032972380952380954,0.9734468937875751,0.031971580817051315,0.001054179142349651,
recent_compact_capacity,w05,2026-02-27,2026-03-02,2026-03-06,000021,0.030758,0.9175801603206413,-0.05872093023255798,-0.0018061383720930184,
recent_compact_capacity,w05,2026-02-27,2026-03-02,2026-03-06,000060,0.030758,0.9175801603206413,-0.08595641646489105,-0.002643847457627119,
recent_compact_capacity,w05,2026-02-27,2026-03-02,2026-03-06,000426,0.030758,0.9175801603206413,-0.09077731473092954,-0.002792128646493931,
recent_compact_capacity,w05,2026-02-27,2026-03-02,2026-03-06,600126,0.030758,0.9424348697394789,-0.08752515090543256,-0.0026920985915492948,
recent_compact_capacity,w05,2026-02-27,2026-03-02,2026-03-06,000629,0.030758,0.9175801603206413,-0.04941176470588238,-0.0015198070588235302,
recent_compact_capacity,w05,2026-02-27,2026-03-02,2026-03-06,000683,0.030758,0.9175801603206413,0.0245464247598719,0.0007549989327641399,
recent_compact_capacity,w05,2026-02-27,2026-03-02,2026-03-06,002261,0.030758,0.961372745490982,0.06927710843373469,0.0021308253012048118,
recent_compact_capacity,w05,2026-02-27,2026-03-02,2026-03-06,002126,0.030758,0.9175801603206413,0.11405128205128201,0.0035079893333333323,
recent_compact_capacity,w05,2026-02-27,2026-03-02,2026-03-06,002195,0.030758,0.9175801603206413,-0.028003613369467106,-0.0008613351400180693,
recent_compact_capacity,w05,2026-02-27,2026-03-02,2026-03-06,000559,0.030758,0.9175801603206413,-0.1086198305929248,-0.003340928749377181,
recent_compact_current,w05,2026-02-27,2026-03-02,2026-03-06,301536,0.027027027027027035,0.8996242484969941,-0.04681715036426615,-0.0012653283882234098,
recent_compact_current,w05,2026-02-27,2026-03-02,2026-03-06,301308,0.027027027027027035,0.8836673346693387,0.04902296880356527,0.0013249451027990617,
recent_compact_current,w05,2026-02-27,2026-03-02,2026-03-06,301358,0.027027027027027035,0.8827905811623247,-0.03342784659006137,-0.0009034553132449022,
recent_compact_current,w05,2026-02-27,2026-03-02,2026-03-06,000960,0.027027027027027035,0.8803356713426854,-0.09152389540126249,-0.002473618794628717,
recent_compact_current,w05,2026-02-27,2026-03-02,2026-03-06,000155,0.027027027027027035,0.8784068136272546,-0.01730103806228378,-0.00046759562330496717,
recent_compact_current,w05,2026-02-27,2026-03-02,2026-03-06,000559,0.027027027027027035,0.8757765531062125,-0.1086198305929248,-0.0029356710971060766,
recent_compact_current,w05,2026-02-27,2026-03-02,2026-03-06,000738,0.027027027027027035,0.8757765531062125,-0.05707106963388375,-0.001542461341456318,
recent_compact_current,w05,2026-02-27,2026-03-02,2026-03-06,002624,0.027027027027027035,0.8757765531062125,-0.06438165817508112,-0.0017400448155427337,
recent_compact_current,w05,2026-02-27,2026-03-02,2026-03-06,002837,0.027027027027027035,0.8757765531062125,-0.06635944700460827,-0.0017934985676921161,
recent_compact_current,w05,2026-02-27,2026-03-02,2026-03-06,300383,0.027027027027027035,0.8757765531062125,-0.1472779369627506,-0.003980484782777045,
recent_compact_current,w05,2026-02-27,2026-03-02,2026-03-06,300724,0.027027027027027035,0.8757765531062125,-0.0792111218881345,-0.002140841132111744,
recent_compact_current,w05,2026-02-27,2026-03-02,2026-03-06,600988,0.027027027027027035,0.8757765531062125,0.0005010020040079333,1.3540594702917119e-05,
recent_compact_current,w05,2026-02-27,2026-03-02,2026-03-06,688017,0.027027027027027035,0.8757765531062125,-0.08572535180961405,-0.0023169014002598397,
recent_compact_current,w05,2026-02-27,2026-03-02,2026-03-06,688525,0.027027027027027035,0.8757765531062125,0.26254523522316053,0.00709581716819353,
recent_compact_current,w05,2026-02-27,2026-03-02,2026-03-06,688563,0.027027027027027035,0.8757765531062125,-0.05417914511298649,-0.0014643012192699057,
recent_compact_current,w05,2026-02-27,2026-03-02,2026-03-06,002409,0.027027027027027035,0.873496993987976,-0.03969990622069397,-0.0010729704383971347,
recent_compact_current,w05,2026-02-27,2026-03-02,2026-03-06,600583,0.027027027027027035,0.873496993987976,0.04715672676837723,0.0012745061288750607,
recent_compact_current,w05,2026-02-27,2026-03-02,2026-03-06,600487,0.027027027027027035,0.8831412825651304,0.01957894736842114,0.000529160739687058,
recent_compact_current,w05,2026-02-27,2026-03-02,2026-03-06,300390,0.027027027027027035,0.8836673346693387,-0.10065515187611673,-0.002720409510165318,
recent_compact_current,w05,2026-02-27,2026-03-02,2026-03-06,600498,0.027027027027027035,0.8992735470941884,0.023472356935014593,0.0006343880252706648,
recent_compact_current,w05,2026-02-27,2026-03-02,2026-03-06,000831,0.027027027027027035,0.8848947895791583,-0.11511234225915667,-0.003111144385382614,
recent_compact_current,w05,2026-02-27,2026-03-02,2026-03-06,600392,0.027027027027027035,0.8971693386773547,-0.17039022937146253,-0.0046051413343638535,
recent_compact_current,w05,2026-02-27,2026-03-02,2026-03-06,003035,0.027027027027027035,0.8968186372745491,0.05961070559610704,0.0016111001512461368,
recent_compact_current,w05,2026-02-27,2026-03-02,2026-03-06,001389,0.027027027027027035,0.8961172344689379,-0.07691665274761983,-0.0020788284526383743,
recent_compact_current,w05,2026-02-27,2026-03-02,2026-03-06,002756,0.027027027027027035,0.8957665330661323,0.0613251155624035,0.0016574355557406357,
recent_compact_current,w05,2026-02-27,2026-03-02,2026-03-06,601061,0.027027027027027035,0.8940130260521042,-0.09113764927718415,-0.002463179710194167,
recent_compact_current,w05,2026-02-27,2026-03-02,2026-03-06,000060,0.027027027027027035,0.892434869739479,-0.08595641646489105,-0.0023231463909430023,
recent_compact_current,w05,2026-02-27,2026-03-02,2026-03-06,002156,0.027027027027027035,0.892434869739479,-0.07844645260526817,-0.002120174394736978,
recent_compact_current,w05,2026-02-27,2026-03-02,2026-03-06,000021,0.027027027027027035,0.891558116232465,-0.05872093023255798,-0.0015870521684475134,
recent_compact_current,w05,2026-02-27,2026-03-02,2026-03-06,002195,0.027027027027027035,0.891558116232465,-0.028003613369467106,-0.0007568544153910031,
recent_compact_current,w05,2026-02-27,2026-03-02,2026-03-06,300604,0.027027027027027035,0.8894539078156314,-0.10761245674740494,-0.0029084447769568912,
recent_compact_current,w05,2026-02-27,2026-03-02,2026-03-06,601958,0.027027027027027035,0.8884018036072145,0.002038320423970452,5.508974118839062e-05,
recent_compact_current,w05,2026-02-27,2026-03-02,2026-03-06,000878,0.027027027027027035,0.887875751503006,-0.08593750000000011,-0.0023226351351351387,
recent_compact_current,w05,2026-02-27,2026-03-02,2026-03-06,300346,0.027027027027027035,0.887875751503006,-0.09400808293797214,-0.002540758998323572,
recent_compact_current,w05,2026-02-27,2026-03-02,2026-03-06,688629,0.027027027027027035,0.8866482965931864,-0.083125,-0.0022466216216216225,
recent_compact_current,w05,2026-02-27,2026-03-02,2026-03-06,688615,0.027027027027027035,0.8862975951903809,-0.1190402270812082,-0.00321730343462725,
recent_compact_current,w05,2026-02-27,2026-03-02,2026-03-06,000039,0.027027027027027035,0.872620240480962,-0.007407407407407418,-0.00020020020020020056,
short_aggressive_compact_capacity,w05,2026-02-27,2026-03-02,2026-03-06,600498,0.03225806451612904,0.9960656312625251,0.023472356935014593,0.0007571728043553096,
short_aggressive_compact_capacity,w05,2026-02-27,2026-03-02,2026-03-06,002195,0.03225806451612904,0.6918426853707415,-0.028003613369467106,-0.0009033423667570036,
short_aggressive_compact_capacity,w05,2026-02-27,2026-03-02,2026-03-06,000878,0.03225806451612904,0.690313627254509,-0.08593750000000011,-0.0027721774193548428,
short_aggressive_compact_capacity,w05,2026-02-27,2026-03-02,2026-03-06,000629,0.03225806451612904,0.6905320641282564,-0.04941176470588238,-0.0015939278937381414,
short_aggressive_compact_capacity,w05,2026-02-27,2026-03-02,2026-03-06,002436,0.03225806451612904,0.6906412825651302,-0.03388525221409311,-0.0010930726520675198,
short_aggressive_compact_capacity,w05,2026-02-27,2026-03-02,2026-03-06,688629,0.03225806451612904,0.690750501002004,-0.083125,-0.0026814516129032265,
short_aggressive_compact_capacity,w05,2026-02-27,2026-03-02,2026-03-06,601118,0.03225806451612904,0.6908597194388777,-0.03255208333333337,-0.0010500672043010767,
short_aggressive_compact_capacity,w05,2026-02-27,2026-03-02,2026-03-06,603688,0.03225806451612904,0.6909689378757514,0.09255861365953133,0.002985761730952624,
short_aggressive_compact_capacity,w05,2026-02-27,2026-03-02,2026-03-06,688122,0.03225806451612904,0.6910781563126251,-0.048083314868158644,-0.0015510746731664082,
short_aggressive_compact_capacity,w05,2026-02-27,2026-03-02,2026-03-06,300748,0.03225806451612904,0.691187374749499,-0.12439143135345665,-0.004012626817853441,
short_aggressive_compact_capacity,w05,2026-02-27,2026-03-02,2026-03-06,603077,0.03225806451612904,0.6912965931863727,-0.010238907849829393,-0.0003302873499944966,
short_aggressive_compact_capacity,w05,2026-02-27,2026-03-02,2026-03-06,000060,0.03225806451612904,0.6914058116232464,-0.08595641646489105,-0.002772787627899712,
short_aggressive_compact_capacity,w05,2026-02-27,2026-03-02,2026-03-06,002756,0.03225806451612904,0.6915150300601202,0.0613251155624035,0.001978229534271081,
short_aggressive_compact_capacity,w05,2026-02-27,2026-03-02,2026-03-06,601958,0.03225806451612904,0.6916242484969939,0.002038320423970452,6.575227174098234e-05,
short_aggressive_compact_capacity,w05,2026-02-27,2026-03-02,2026-03-06,300285,0.03225806451612904,0.6917334669338677,-0.07187663355985363,-0.002318601082575924,
short_aggressive_compact_capacity,w05,2026-02-27,2026-03-02,2026-03-06,300567,0.03225806451612904,0.6920611222444889,-0.05840371898120855,-0.0018839909348776955,
short_aggressive_compact_capacity,w05,2026-02-27,2026-03-02,2026-03-06,688615,0.03225806451612904,0.9856873747494991,-0.1190402270812082,-0.0038400073252002655,
short_aggressive_compact_capacity,w05,2026-02-27,2026-03-02,2026-03-06,600497,0.03225806451612904,0.6921703406813626,-0.1087941976427923,-0.0035094902465416878,
short_aggressive_compact_capacity,w05,2026-02-27,2026-03-02,2026-03-06,601615,0.03225806451612904,0.6924979959919839,-0.11736474694589882,-0.003785959578899963,
short_aggressive_compact_capacity,w05,2026-02-27,2026-03-02,2026-03-06,000831,0.03225806451612904,0.6926072144288576,-0.11511234225915667,-0.003713301363198603,
short_aggressive_compact_capacity,w05,2026-02-27,2026-03-02,2026-03-06,003035,0.03225806451612904,0.6927710420841683,0.05961070559610704,0.0019229259869711951,
short_aggressive_compact_capacity,w05,2026-02-27,2026-03-02,2026-03-06,000039,0.03225806451612904,0.6927710420841683,-0.007407407407407418,-0.00023894862604540064,
short_aggressive_compact_capacity,w05,2026-02-27,2026-03-02,2026-03-06,600392,0.03225806451612904,0.6929348697394789,-0.17039022937146253,-0.0054964590119826635,
short_aggressive_compact_capacity,w05,2026-02-27,2026-03-02,2026-03-06,600487,0.03225806451612904,0.6930440881763527,0.01957894736842114,0.000631578947368424,
short_aggressive_compact_capacity,w05,2026-02-27,2026-03-02,2026-03-06,002008,0.03225806451612904,0.9436407815631264,-0.038174273858921026,-0.0012314281889974528,
short_aggressive_compact_capacity,w05,2026-02-27,2026-03-02,2026-03-06,002500,0.03225806451612904,0.9452715430861723,-0.03156146179401986,-0.0010181116707748345,
short_aggressive_compact_capacity,w05,2026-02-27,2026-03-02,2026-03-06,000657,0.03225806451612904,0.9470290581162325,-0.008456659619450302,-0.00027279547159517106,
short_aggressive_compact_capacity,w05,2026-02-27,2026-03-02,2026-03-06,600004,0.03225806451612904,0.9559749498997996,-0.02765957446808509,-0.0008922443376801644,
short_aggressive_compact_capacity,w05,2026-02-27,2026-03-02,2026-03-06,600332,0.03225806451612904,0.9593607214428858,-0.0051403716884143025,-0.0001658184415617517,
short_aggressive_compact_capacity,w05,2026-02-27,2026-03-02,2026-03-06,601997,0.03225806451612904,0.9615450901803607,-0.0103270223752151,-0.00033312975403919685,
short_aggressive_compact_capacity,w05,2026-02-27,2026-03-02,2026-03-06,300223,0.03225806451612904,0.690313627254509,-0.06509009009009004,-0.0020996803254867756,
short_aggressive_medium_capacity,w05,2026-02-27,2026-03-02,2026-03-06,600498,0.03225806451612904,0.9960656312625251,0.023472356935014593,0.0007571728043553096,
short_aggressive_medium_capacity,w05,2026-02-27,2026-03-02,2026-03-06,002195,0.03225806451612904,0.6918426853707415,-0.028003613369467106,-0.0009033423667570036,
short_aggressive_medium_capacity,w05,2026-02-27,2026-03-02,2026-03-06,000878,0.03225806451612904,0.690313627254509,-0.08593750000000011,-0.0027721774193548428,
short_aggressive_medium_capacity,w05,2026-02-27,2026-03-02,2026-03-06,000629,0.03225806451612904,0.6905320641282564,-0.04941176470588238,-0.0015939278937381414,
short_aggressive_medium_capacity,w05,2026-02-27,2026-03-02,2026-03-06,002436,0.03225806451612904,0.6906412825651302,-0.03388525221409311,-0.0010930726520675198,
short_aggressive_medium_capacity,w05,2026-02-27,2026-03-02,2026-03-06,688629,0.03225806451612904,0.690750501002004,-0.083125,-0.0026814516129032265,
short_aggressive_medium_capacity,w05,2026-02-27,2026-03-02,2026-03-06,601118,0.03225806451612904,0.6908597194388777,-0.03255208333333337,-0.0010500672043010767,
short_aggressive_medium_capacity,w05,2026-02-27,2026-03-02,2026-03-06,603688,0.03225806451612904,0.6909689378757514,0.09255861365953133,0.002985761730952624,
short_aggressive_medium_capacity,w05,2026-02-27,2026-03-02,2026-03-06,688122,0.03225806451612904,0.6910781563126251,-0.048083314868158644,-0.0015510746731664082,
short_aggressive_medium_capacity,w05,2026-02-27,2026-03-02,2026-03-06,300748,0.03225806451612904,0.691187374749499,-0.12439143135345665,-0.004012626817853441,
short_aggressive_medium_capacity,w05,2026-02-27,2026-03-02,2026-03-06,603077,0.03225806451612904,0.6912965931863727,-0.010238907849829393,-0.0003302873499944966,
short_aggressive_medium_capacity,w05,2026-02-27,2026-03-02,2026-03-06,000060,0.03225806451612904,0.6914058116232464,-0.08595641646489105,-0.002772787627899712,
short_aggressive_medium_capacity,w05,2026-02-27,2026-03-02,2026-03-06,002756,0.03225806451612904,0.6915150300601202,0.0613251155624035,0.001978229534271081,
short_aggressive_medium_capacity,w05,2026-02-27,2026-03-02,2026-03-06,601958,0.03225806451612904,0.6916242484969939,0.002038320423970452,6.575227174098234e-05,
short_aggressive_medium_capacity,w05,2026-02-27,2026-03-02,2026-03-06,300285,0.03225806451612904,0.6917334669338677,-0.07187663355985363,-0.002318601082575924,
short_aggressive_medium_capacity,w05,2026-02-27,2026-03-02,2026-03-06,300567,0.03225806451612904,0.6920611222444889,-0.05840371898120855,-0.0018839909348776955,
short_aggressive_medium_capacity,w05,2026-02-27,2026-03-02,2026-03-06,688615,0.03225806451612904,0.9856873747494991,-0.1190402270812082,-0.0038400073252002655,
short_aggressive_medium_capacity,w05,2026-02-27,2026-03-02,2026-03-06,600497,0.03225806451612904,0.6921703406813626,-0.1087941976427923,-0.0035094902465416878,
short_aggressive_medium_capacity,w05,2026-02-27,2026-03-02,2026-03-06,601615,0.03225806451612904,0.6924979959919839,-0.11736474694589882,-0.003785959578899963,
short_aggressive_medium_capacity,w05,2026-02-27,2026-03-02,2026-03-06,000831,0.03225806451612904,0.6926072144288576,-0.11511234225915667,-0.003713301363198603,
short_aggressive_medium_capacity,w05,2026-02-27,2026-03-02,2026-03-06,003035,0.03225806451612904,0.6927710420841683,0.05961070559610704,0.0019229259869711951,
short_aggressive_medium_capacity,w05,2026-02-27,2026-03-02,2026-03-06,000039,0.03225806451612904,0.6927710420841683,-0.007407407407407418,-0.00023894862604540064,
short_aggressive_medium_capacity,w05,2026-02-27,2026-03-02,2026-03-06,600392,0.03225806451612904,0.6929348697394789,-0.17039022937146253,-0.0054964590119826635,
short_aggressive_medium_capacity,w05,2026-02-27,2026-03-02,2026-03-06,600487,0.03225806451612904,0.6930440881763527,0.01957894736842114,0.000631578947368424,
short_aggressive_medium_capacity,w05,2026-02-27,2026-03-02,2026-03-06,002008,0.03225806451612904,0.9436407815631264,-0.038174273858921026,-0.0012314281889974528,
short_aggressive_medium_capacity,w05,2026-02-27,2026-03-02,2026-03-06,002500,0.03225806451612904,0.9452715430861723,-0.03156146179401986,-0.0010181116707748345,
short_aggressive_medium_capacity,w05,2026-02-27,2026-03-02,2026-03-06,000657,0.03225806451612904,0.9470290581162325,-0.008456659619450302,-0.00027279547159517106,
short_aggressive_medium_capacity,w05,2026-02-27,2026-03-02,2026-03-06,600004,0.03225806451612904,0.9559749498997996,-0.02765957446808509,-0.0008922443376801644,
short_aggressive_medium_capacity,w05,2026-02-27,2026-03-02,2026-03-06,600332,0.03225806451612904,0.9593607214428858,-0.0051403716884143025,-0.0001658184415617517,
short_aggressive_medium_capacity,w05,2026-02-27,2026-03-02,2026-03-06,601997,0.03225806451612904,0.9615450901803607,-0.0103270223752151,-0.00033312975403919685,
short_aggressive_medium_capacity,w05,2026-02-27,2026-03-02,2026-03-06,300223,0.03225806451612904,0.690313627254509,-0.06509009009009004,-0.0020996803254867756,
short_aggressive_wide_capacity,w05,2026-02-27,2026-03-02,2026-03-06,600487,0.036000000004219955,0.9915766533066133,0.01957894736842114,0.0007048421053457833,
short_aggressive_wide_capacity,w05,2026-02-27,2026-03-02,2026-03-06,605358,0.036000000004219955,0.9377209418837675,-0.10308538627122699,-0.0037110739061991874,
short_aggressive_wide_capacity,w05,2026-02-27,2026-03-02,2026-03-06,688629,0.036000000004219955,0.9898577154308618,-0.083125,-0.002992500000350784,
short_aggressive_wide_capacity,w05,2026-02-27,2026-03-02,2026-03-06,300919,0.036000000004219955,0.9062024048096192,-0.10210838125108901,-0.0036759017254700973,
short_aggressive_wide_capacity,w05,2026-02-27,2026-03-02,2026-03-06,002851,0.036000000004219955,0.9062024048096192,0.02984595635430054,0.001074454428880768,
short_aggressive_wide_capacity,w05,2026-02-27,2026-03-02,2026-03-06,002756,0.036000000004219955,0.9062024048096192,0.0613251155624035,0.002207704160505315,
short_aggressive_wide_capacity,w05,2026-02-27,2026-03-02,2026-03-06,002429,0.036000000004219955,0.9062024048096192,-0.008419083255378879,-0.0003030869972291678,
short_aggressive_wide_capacity,w05,2026-02-27,2026-03-02,2026-03-06,688347,0.036000000004219955,0.9377209418837675,-0.0709102382079192,-0.002552768575784329,
short_aggressive_wide_capacity,w05,2026-02-27,2026-03-02,2026-03-06,300454,0.036000000004219955,0.9436678356713427,-0.10411899313501138,-0.0037482837532997874,
short_aggressive_wide_capacity,w05,2026-02-27,2026-03-02,2026-03-06,000629,0.036000000004219955,0.9490200400801603,-0.04941176470588238,-0.001778823529620281,
short_aggressive_wide_capacity,w05,2026-02-27,2026-03-02,2026-03-06,300748,0.036000000004219955,0.9585350701402806,-0.12439143135345665,-0.004478091529249366,
short_aggressive_wide_capacity,w05,2026-02-27,2026-03-02,2026-03-06,002195,0.036000000004219955,0.9674554108216433,-0.028003613369467106,-0.00100813008141899,
short_aggressive_wide_capacity,w05,2026-02-27,2026-03-02,2026-03-06,000060,0.036000000004219955,0.9674554108216433,-0.08595641646489105,-0.00309443099309881,
short_aggressive_wide_capacity,w05,2026-02-27,2026-03-02,2026-03-06,002436,0.036000000004219955,0.973996993987976,-0.03388525221409311,-0.0012198690798503461,
short_aggressive_wide_capacity,w05,2026-02-27,2026-03-02,2026-03-06,300223,0.036000000004219955,0.8800360721442886,-0.06509009009009004,-0.0023432432435179186,
short_aggressive_wide_capacity,w05,2026-02-27,2026-03-02,2026-03-06,002131,0.036000000000000004,0.8800360721442886,-0.09968847352024934,-0.0035887850467289767,
short_aggressive_wide_capacity,w05,2026-02-27,2026-03-02,2026-03-06,600516,0.036000000000000004,0.8699263527054109,0.06656101426307459,0.0023961965134706854,
short_aggressive_wide_capacity,w05,2026-02-27,2026-03-02,2026-03-06,601615,0.036000000000000004,0.8800360721442886,-0.11736474694589882,-0.004225130890052358,
short_aggressive_wide_capacity,w05,2026-02-27,2026-03-02,2026-03-06,300724,0.036000000000000004,0.8800360721442886,-0.0792111218881345,-0.0028516003879728424,
short_aggressive_wide_capacity,w05,2026-02-27,2026-03-02,2026-03-06,601611,0.036000000000000004,0.9062024048096192,0.01098901098901095,0.00039560439560439427,
short_aggressive_wide_capacity,w05,2026-02-27,2026-03-02,2026-03-06,000878,0.036000000000000004,0.8800360721442886,-0.08593750000000011,-0.0030937500000000045,
short_aggressive_wide_capacity,w05,2026-02-27,2026-03-02,2026-03-06,688777,0.036000000000000004,0.8928582164328658,-0.07418952618453867,-0.0026708229426433924,
short_aggressive_wide_capacity,w05,2026-02-27,2026-03-02,2026-03-06,688122,0.036000000000000004,0.9062024048096192,-0.048083314868158644,-0.0017309993352537113,
short_aggressive_wide_capacity,w05,2026-02-27,2026-03-02,2026-03-06,603077,0.036000000000000004,0.9062024048096192,-0.010238907849829393,-0.0003686006825938582,
short_aggressive_wide_capacity,w05,2026-02-27,2026-03-02,2026-03-06,301308,0.036000000000000004,0.9062024048096192,0.04902296880356527,0.00176482687692835,
short_aggressive_wide_capacity,w05,2026-02-27,2026-03-02,2026-03-06,002402,0.03333333331223356,0.8611863727454909,-0.08321889590771747,-0.002773963195168016,
short_aggressive_wide_capacity,w05,2026-02-27,2026-03-02,2026-03-06,600435,0.02666666664978681,0.8611863727454909,0.04081632653061251,0.0010884353734606932,
short_aggressive_wide_capacity,w05,2026-02-27,2026-03-02,2026-03-06,600967,0.019999999987340117,0.8611863727454909,-0.019596541786743527,-0.0003919308354867806,
short_aggressive_wide_capacity,w05,2026-02-27,2026-03-02,2026-03-06,603688,0.013333333324893405,0.8598166332665331,0.09255861365953133,0.001234114848012563,
short_aggressive_wide_capacity,w05,2026-02-27,2026-03-02,2026-03-06,300285,0.0066666666624467024,0.837813126252505,-0.07187663355985363,-0.00047917755676237406,
stable_compact_capacity,w05,2026-02-27,2026-03-02,2026-03-06,688629,0.030303030303030304,0.9974228456913827,-0.083125,-0.002518939393939394,
stable_compact_capacity,w05,2026-02-27,2026-03-02,2026-03-06,300748,0.030303030303030304,0.9730320641282565,-0.12439143135345665,-0.003769437313741111,
stable_compact_capacity,w05,2026-02-27,2026-03-02,2026-03-06,600516,0.030303030303030304,0.9423006012024048,0.06656101426307459,0.0020170004322143816,
stable_compact_capacity,w05,2026-02-27,2026-03-02,2026-03-06,300857,0.030303030303030304,0.9430501002004008,-0.07417819258592906,-0.0022478240177554263,
stable_compact_capacity,w05,2026-02-27,2026-03-02,2026-03-06,300919,0.030303030303030304,0.9430941883767535,-0.10210838125108901,-0.0030941933712451217,
stable_compact_capacity,w05,2026-02-27,2026-03-02,2026-03-06,688002,0.030303030303030304,0.9431382765531062,-0.08201352623919178,-0.0024852583708845997,
stable_compact_capacity,w05,2026-02-27,2026-03-02,2026-03-06,002156,0.030303030303030304,0.9432484969939879,-0.07844645260526817,-0.002377165230462672,
stable_compact_capacity,w05,2026-02-27,2026-03-02,2026-03-06,002436,0.030303030303030304,0.9438436873747496,-0.03388525221409311,-0.0010268258246694882,
stable_compact_capacity,w05,2026-02-27,2026-03-02,2026-03-06,000629,0.030303030303030304,0.9440641282565131,-0.04941176470588238,-0.001497326203208557,
stable_compact_capacity,w05,2026-02-27,2026-03-02,2026-03-06,603688,0.030303030303030304,0.9441963927855711,0.09255861365953133,0.0028048064745312524,
stable_compact_capacity,w05,2026-02-27,2026-03-02,2026-03-06,601118,0.030303030303030304,0.9443727454909819,-0.03255208333333337,-0.0009864267676767688,
stable_compact_capacity,w05,2026-02-27,2026-03-02,2026-03-06,002756,0.030303030303030304,0.9446813627254509,0.0613251155624035,0.0018583368352243484,
stable_compact_capacity,w05,2026-02-27,2026-03-02,2026-03-06,688220,0.030303030303030304,0.9633326653306613,-0.15242966751918163,-0.004619080833914595,
stable_compact_capacity,w05,2026-02-27,2026-03-02,2026-03-06,688599,0.030303030303030304,0.9697695390781563,-0.05762179151388169,-0.0017461148943600513,
stable_compact_capacity,w05,2026-02-27,2026-03-02,2026-03-06,300604,0.030303030303030304,0.9725470941883767,-0.10761245674740494,-0.0032609835378001498,
stable_compact_capacity,w05,2026-02-27,2026-03-02,2026-03-06,688709,0.030303030303030304,0.9727895791583167,-0.022908785203867077,-0.0006942056122383963,
stable_compact_capacity,w05,2026-02-27,2026-03-02,2026-03-06,688608,0.030303030303030304,0.97325250501002,-0.08581097413584726,-0.0026003325495711294,
stable_compact_capacity,w05,2026-02-27,2026-03-02,2026-03-06,688702,0.030303030303030304,0.9939438877755511,0.031971580817051315,0.0009688357823348883,
stable_compact_capacity,w05,2026-02-27,2026-03-02,2026-03-06,300724,0.030303030303030304,0.973561122244489,-0.0792111218881345,-0.002400337026913167,
stable_compact_capacity,w05,2026-02-27,2026-03-02,2026-03-06,605358,0.030303030303030304,0.9737154308617234,-0.10308538627122699,-0.0031237995839765755,
stable_compact_capacity,w05,2026-02-27,2026-03-02,2026-03-06,688281,0.030303030303030304,0.9740460921843688,-0.10644202180376616,-0.0032255158122353384,
stable_compact_capacity,w05,2026-02-27,2026-03-02,2026-03-06,603920,0.030303030303030304,0.9740460921843688,-0.1488007106899616,-0.0045091124451503515,
stable_compact_capacity,w05,2026-02-27,2026-03-02,2026-03-06,601611,0.030303030303030304,0.9740460921843688,0.01098901098901095,0.0003330003330003318,
stable_compact_capacity,w05,2026-02-27,2026-03-02,2026-03-06,002851,0.030303030303030304,0.9740460921843688,0.02984595635430054,0.0009044229198272891,
stable_compact_capacity,w05,2026-02-27,2026-03-02,2026-03-06,002195,0.030303030303030304,0.9740460921843688,-0.028003613369467106,-0.0008485943445293063,
stable_compact_capacity,w05,2026-02-27,2026-03-02,2026-03-06,688385,0.030303030303030304,0.9742665330661323,-0.06791924378573921,-0.002058158902598158,
stable_compact_capacity,w05,2026-02-27,2026-03-02,2026-03-06,002429,0.030303030303030304,0.974310621242485,-0.008419083255378879,-0.00025512373501148115,
stable_compact_capacity,w05,2026-02-27,2026-03-02,2026-03-06,603077,0.030303030303030304,0.9747074148296593,-0.010238907849829393,-0.00031026993484331496,
stable_compact_capacity,w05,2026-02-27,2026-03-02,2026-03-06,300285,0.030303030303030304,0.9748396793587174,-0.07187663355985363,-0.0021780798048440493,
stable_compact_capacity,w05,2026-02-27,2026-03-02,2026-03-06,688122,0.030303030303030304,0.9751042084168337,-0.048083314868158644,-0.001457070147519959,
stable_compact_capacity,w05,2026-02-27,2026-03-02,2026-03-06,600096,0.030303030303030304,0.988869739478958,-0.03831417624521061,-0.0011610356437942609,
stable_compact_capacity,w05,2026-02-27,2026-03-02,2026-03-06,300395,0.030303030303030304,0.9907214428857716,-0.17890113162596777,-0.005421246412908114,
stable_compact_capacity,w05,2026-02-27,2026-03-02,2026-03-06,300450,0.030303030303030304,0.9420360721442886,-0.08503649635036492,-0.002576863525768634,
stable_compact_current,w05,2026-02-27,2026-03-02,2026-03-06,300285,0.03253310000000001,0.9589534068136272,-0.07187663355985363,-0.002338369707266075,
stable_compact_current,w05,2026-02-27,2026-03-02,2026-03-06,688122,0.03253310000000001,0.9453211422845691,-0.048083314868158644,-0.0015642992909372924,
stable_compact_current,w05,2026-02-27,2026-03-02,2026-03-06,000878,0.03253310000000001,0.9107860721442885,-0.08593750000000011,-0.0027958132812500045,
stable_compact_current,w05,2026-02-27,2026-03-02,2026-03-06,601118,0.03253310000000001,0.9162389779559117,-0.03255208333333337,-0.0010590201822916682,
stable_compact_current,w05,2026-02-27,2026-03-02,2026-03-06,002156,0.03253310000000001,0.9207830661322645,-0.07844645260526817,-0.0025521062872524507,
stable_compact_current,w05,2026-02-27,2026-03-02,2026-03-06,002756,0.03253310000000001,0.9575901803607214,0.0613251155624035,0.00199509611710323,
stable_compact_current,w05,2026-02-27,2026-03-02,2026-03-06,301308,0.03253310000000001,0.9412314629258516,0.04902296880356527,0.0015948691463832697,
stable_compact_current,w05,2026-02-27,2026-03-02,2026-03-06,300223,0.03253310000000001,0.9412314629258516,-0.06509009009009004,-0.0021175824099099088,
stable_compact_current,w05,2026-02-27,2026-03-02,2026-03-06,688027,0.03253310000000001,0.9439579158316633,0.032103935939596706,0.001044440558316494,
stable_compact_current,w05,2026-02-27,2026-03-02,2026-03-06,002429,0.03253310000000001,0.9439579158316633,-0.008419083255378879,-0.00027389887745556666,
stable_compact_current,w05,2026-02-27,2026-03-02,2026-03-06,300454,0.03253310000000001,0.9371417835671343,-0.10411899313501138,-0.0033873136155606397,
stable_compact_current,w05,2026-02-27,2026-03-02,2026-03-06,000060,0.03253310000000001,0.9480475951903806,-0.08595641646489105,-0.0027964286924939477,
stable_compact_current,w05,2026-02-27,2026-03-02,2026-03-06,000831,0.03253310000000001,0.9489564128256512,-0.11511234225915667,-0.003744961341951371,
stable_compact_current,w05,2026-02-27,2026-03-02,2026-03-06,603077,0.03253310000000001,0.9575901803607214,-0.010238907849829393,-0.0003331034129692847,
stable_compact_current,w05,2026-02-27,2026-03-02,2026-03-06,600497,0.03253310000000001,0.9562269539078156,-0.1087941976427923,-0.003539412511332727,
stable_compact_current,w05,2026-02-27,2026-03-02,2026-03-06,002436,0.03253310000000001,0.955318136272545,-0.03388525221409311,-0.0011023922988063128,
stable_compact_current,w05,2026-02-27,2026-03-02,2026-03-06,300724,0.03253310000000001,0.9089684368737474,-0.0792111218881345,-0.0025769833494988692,
stable_compact_current,w05,2026-02-27,2026-03-02,2026-03-06,600392,0.03253310000000001,0.9516828657314629,-0.17039022937146253,-0.005543322371164729,
stable_compact_current,w05,2026-02-27,2026-03-02,2026-03-06,000629,0.03253310000000001,0.9507740480961924,-0.04941176470588238,-0.0016075178823529424,
stable_compact_current,w05,2026-02-27,2026-03-02,2026-03-06,603688,0.03253310000000001,0.9498652304609219,0.09255861365953133,0.0030112186340468996,
stable_compact_current,w05,2026-02-27,2026-03-02,2026-03-06,002738,0.03175800000000001,0.9289624248496994,-0.1310989010989012,-0.004163438901098906,
stable_compact_current,w05,2026-02-27,2026-03-02,2026-03-06,002851,0.03175800000000001,0.9289624248496994,0.02984595635430054,0.0009478478818998768,
stable_compact_current,w05,2026-02-27,2026-03-02,2026-03-06,300919,0.03175800000000001,0.9289624248496994,-0.10210838125108901,-0.0032427579717720857,
stable_compact_current,w05,2026-02-27,2026-03-02,2026-03-06,601168,0.03175800000000001,0.9289624248496994,-0.08831168831168823,-0.0028046025974025955,
stable_compact_current,w05,2026-02-27,2026-03-02,2026-03-06,002195,0.03175800000000001,0.9289624248496994,-0.028003613369467106,-0.0008893387533875366,
stable_compact_current,w05,2026-02-27,2026-03-02,2026-03-06,605358,0.03175800000000001,0.9289624248496994,-0.10308538627122699,-0.0032737856972016276,
stable_compact_current,w05,2026-02-27,2026-03-02,2026-03-06,688281,0.03175800000000001,0.9289624248496994,-0.10644202180376616,-0.0033803857284440066,
stable_compact_current,w05,2026-02-27,2026-03-02,2026-03-06,688385,0.03175800000000001,0.9180566132264529,-0.06791924378573921,-0.0021569793441475063,
stable_compact_current,w05,2026-02-27,2026-03-02,2026-03-06,601106,0.03175800000000001,0.9153301603206412,-0.04660194174757282,-0.0014799844660194179,
stable_compact_current,w05,2026-02-27,2026-03-02,2026-03-06,000426,0.03175800000000001,0.9144213426853707,-0.09077731473092954,-0.002882905961224861,
stable_compact_current,w05,2026-02-27,2026-03-02,2026-03-06,601611,0.03175800000000001,0.9289624248496994,0.01098901098901095,0.00034898901098900985,
stable_extra_wide_capacity,w05,2026-02-27,2026-03-02,2026-03-06,601231,0.02173913043478261,0.9905711422845691,-0.17216040310728542,-0.0037426174588540313,
stable_extra_wide_capacity,w05,2026-02-27,2026-03-02,2026-03-06,600143,0.02173913043478261,0.8192785571142285,-0.06463288521199584,-0.0014050627219999096,
stable_extra_wide_capacity,w05,2026-02-27,2026-03-02,2026-03-06,603806,0.02173913043478261,0.846367735470942,-0.054696132596685154,-0.0011890463607975034,
stable_extra_wide_capacity,w05,2026-02-27,2026-03-02,2026-03-06,002409,0.02173913043478261,0.8457965931863729,-0.03969990622069397,-0.0008630414395803038,
stable_extra_wide_capacity,w05,2026-02-27,2026-03-02,2026-03-06,600578,0.02173913043478261,0.8329709418837676,0.00907441016333932,0.00019726978615955043,
stable_extra_wide_capacity,w05,2026-02-27,2026-03-02,2026-03-06,002065,0.02173913043478261,0.8317885771543087,-0.07859358841778696,-0.0017085562699518907,
stable_extra_wide_capacity,w05,2026-02-27,2026-03-02,2026-03-06,688234,0.02173913043478261,0.829804609218437,-0.13001071811361198,-0.0028263199589915653,
stable_extra_wide_capacity,w05,2026-02-27,2026-03-02,2026-03-06,002532,0.02173913043478261,0.8252354709418839,0.0350877192982455,0.000762776506483598,
stable_extra_wide_capacity,w05,2026-02-27,2026-03-02,2026-03-06,600060,0.02173913043478261,0.8242885771543087,-0.0026536930561698036,-5.768897948195226e-05,
stable_extra_wide_capacity,w05,2026-02-27,2026-03-02,2026-03-06,601717,0.02173913043478261,0.821743486973948,-0.07821229050279321,-0.001700267184843331,
stable_extra_wide_capacity,w05,2026-02-27,2026-03-02,2026-03-06,000933,0.02173913043478261,0.8212374749498998,0.0822804314329737,0.0017887050311516024,
stable_extra_wide_capacity,w05,2026-02-27,2026-03-02,2026-03-06,002025,0.02173913043478261,0.8179108216432867,-0.017019667170953157,-0.0003699927645859382,
stable_extra_wide_capacity,w05,2026-02-27,2026-03-02,2026-03-06,301536,0.02173913043478261,0.9477004008016032,-0.04681715036426615,-0.001017764138353612,
stable_extra_wide_capacity,w05,2026-02-27,2026-03-02,2026-03-06,688361,0.02173913043478261,0.8163426853707414,-0.13705583756345174,-0.0029794747296402555,
stable_extra_wide_capacity,w05,2026-02-27,2026-03-02,2026-03-06,600378,0.02173913043478261,0.8143837675350702,-0.006095944871455039,-0.00013252054068380522,
stable_extra_wide_capacity,w05,2026-02-27,2026-03-02,2026-03-06,002439,0.02173913043478261,0.812369739478958,-0.03379310344827591,-0.000734632683658172,
stable_extra_wide_capacity,w05,2026-02-27,2026-03-02,2026-03-06,002223,0.02173913043478261,0.8114629258517035,-0.04651162790697683,-0.0010111223458038443,
stable_extra_wide_capacity,w05,2026-02-27,2026-03-02,2026-03-06,600096,0.02173913043478261,0.8094889779559118,-0.03831417624521061,-0.0008329168748958829,
stable_extra_wide_capacity,w05,2026-02-27,2026-03-02,2026-03-06,601965,0.02173913043478261,0.8076302605210421,-0.04849999999999999,-0.0010543478260869564,
stable_extra_wide_capacity,w05,2026-02-27,2026-03-02,2026-03-06,301200,0.02173913043478261,0.8043486973947895,-0.05824435777763559,-0.0012661816908181652,
stable_extra_wide_capacity,w05,2026-02-27,2026-03-02,2026-03-06,600580,0.02173913043478261,0.8042034068136272,-0.07375222816399296,-0.0016033093079128907,
stable_extra_wide_capacity,w05,2026-02-27,2026-03-02,2026-03-06,002044,0.02173913043478261,0.8026352705410822,-0.08285714285714285,-0.0018012422360248448,
stable_extra_wide_capacity,w05,2026-02-27,2026-03-02,2026-03-06,002318,0.02173913043478261,0.8475100200400802,0.02662037037037024,0.000578703703703701,
stable_extra_wide_capacity,w05,2026-02-27,2026-03-02,2026-03-06,001221,0.02173913043478261,0.8475751503006013,-0.04635476463834676,-0.0010077122747466688,
stable_extra_wide_capacity,w05,2026-02-27,2026-03-02,2026-03-06,601061,0.02173913043478261,0.8497945891783568,-0.09113764927718415,-0.0019812532451561776,
stable_extra_wide_capacity,w05,2026-02-27,2026-03-02,2026-03-06,002080,0.02173913043478261,0.8511773547094189,-0.11139640529330441,-0.002421660984637053,
stable_extra_wide_capacity,w05,2026-02-27,2026-03-02,2026-03-06,688702,0.02173913043478261,0.9454158316633268,0.031971580817051315,0.0006950343655880722,
stable_extra_wide_capacity,w05,2026-02-27,2026-03-02,2026-03-06,003035,0.02173913043478261,0.9448446893787577,0.05961070559610704,0.0012958849042631966,
stable_extra_wide_capacity,w05,2026-02-27,2026-03-02,2026-03-06,000039,0.02173913043478261,0.9437024048096193,-0.007407407407407418,-0.00016103059581320476,
stable_extra_wide_capacity,w05,2026-02-27,2026-03-02,2026-03-06,001389,0.02173913043478261,0.9242835671342686,-0.07691665274761983,-0.0016721011466873878,
stable_extra_wide_capacity,w05,2026-02-27,2026-03-02,2026-03-06,002430,0.02173913043478261,0.9189428857715431,-0.02581438229870925,-0.0005611822238849837,
stable_extra_wide_capacity,w05,2026-02-27,2026-03-02,2026-03-06,300383,0.02173913043478261,0.9183967935871744,-0.1472779369627506,-0.0032016942817989264,
stable_extra_wide_capacity,w05,2026-02-27,2026-03-02,2026-03-06,002353,0.02173913043478261,0.9169238476953909,0.04459793638611753,0.0009695203562199464,
stable_extra_wide_capacity,w05,2026-02-27,2026-03-02,2026-03-06,600637,0.02173913043478261,0.9138026052104209,-0.07310704960835512,-0.0015892836871381551,
stable_extra_wide_capacity,w05,2026-02-27,2026-03-02,2026-03-06,002465,0.02173913043478261,0.9072745490981964,-0.03340883352208379,-0.0007262789896105174,
stable_extra_wide_capacity,w05,2026-02-27,2026-03-02,2026-03-06,000021,0.02173913043478261,0.8984068136272546,-0.05872093023255798,-0.0012765419615773474,
stable_extra_wide_capacity,w05,2026-02-27,2026-03-02,2026-03-06,300017,0.02173913043478261,0.8883166332665331,-0.11633663366336622,-0.0025290572535514397,
stable_extra_wide_capacity,w05,2026-02-27,2026-03-02,2026-03-06,688777,0.02173913043478261,0.880926853707415,-0.07418952618453867,-0.001612815786620406,
stable_extra_wide_capacity,w05,2026-02-27,2026-03-02,2026-03-06,000987,0.02173913043478261,0.875806613226453,-0.04149377593361003,-0.0009020386072523921,
stable_extra_wide_capacity,w05,2026-02-27,2026-03-02,2026-03-06,688297,0.02173913043478261,0.8747745490981965,0.19109685181471825,0.004154279387276485,
stable_extra_wide_capacity,w05,2026-02-27,2026-03-02,2026-03-06,600038,0.02173913043478261,0.8725751503006013,-0.024258064516128997,-0.0005273492286115,
stable_extra_wide_capacity,w05,2026-02-27,2026-03-02,2026-03-06,688525,0.02173913043478261,0.8720691382765532,0.26254523522316053,0.005707505113546969,
stable_extra_wide_capacity,w05,2026-02-27,2026-03-02,2026-03-06,300735,0.02173913043478261,0.8689128256513026,-0.0975056689342404,-0.002119688455092183,
stable_extra_wide_capacity,w05,2026-02-27,2026-03-02,2026-03-06,002157,0.02173913043478261,0.8605811623246494,0.03426791277258556,0.0007449546254909906,
stable_extra_wide_capacity,w05,2026-02-27,2026-03-02,2026-03-06,688019,0.02173913043478261,0.8600751503006012,-0.07885424814690656,-0.0017142227858023167,
stable_extra_wide_capacity,w05,2026-02-27,2026-03-02,2026-03-06,000050,0.02173913043478261,0.8012625250501002,-0.07487684729064037,-0.00162775754979653,
stable_medium_capacity,w05,2026-02-27,2026-03-02,2026-03-06,688702,0.01075268817204301,0.9919839679358717,0.031971580817051315,0.00034378043889302486,
stable_medium_capacity,w05,2026-02-27,2026-03-02,2026-03-06,002465,0.01075268817204301,0.862758016032064,-0.03340883352208379,-0.0003592347690546644,
stable_medium_capacity,w05,2026-02-27,2026-03-02,2026-03-06,600339,0.01075268817204301,0.8441332665330661,0.09669811320754729,0.0010397646581456696,
stable_medium_capacity,w05,2026-02-27,2026-03-02,2026-03-06,600363,0.01075268817204301,0.84749498997996,-0.07741234874340674,-0.0008323908467032983,
stable_medium_capacity,w05,2026-02-27,2026-03-02,2026-03-06,300395,0.01075268817204301,0.8497945891783567,-0.17890113162596777,-0.0019236680819996533,
stable_medium_capacity,w05,2026-02-27,2026-03-02,2026-03-06,000155,0.01075268817204301,0.8530335671342686,-0.01730103806228378,-0.0001860326673363847,
stable_medium_capacity,w05,2026-02-27,2026-03-02,2026-03-06,300724,0.01075268817204301,0.8530911823647295,-0.0792111218881345,-0.0008517324934208011,
stable_medium_capacity,w05,2026-02-27,2026-03-02,2026-03-06,688120,0.01075268817204301,0.8535245490981964,-0.07945516458569812,-0.0008543566084483669,
stable_medium_capacity,w05,2026-02-27,2026-03-02,2026-03-06,002558,0.01075268817204301,0.8569739478957916,-0.040431266846361225,-0.000434744804799583,
stable_medium_capacity,w05,2026-02-27,2026-03-02,2026-03-06,002595,0.01075268817204301,0.8581688376753507,0.020725388601036343,0.00022285364087135852,
stable_medium_capacity,w05,2026-02-27,2026-03-02,2026-03-06,300450,0.01075268817204301,0.8604509018036072,-0.08503649635036492,-0.0009143709284985474,
stable_medium_capacity,w05,2026-02-27,2026-03-02,2026-03-06,002409,0.01075268817204301,0.8643912825651302,-0.03969990622069397,-0.00042688071205047276,
stable_medium_capacity,w05,2026-02-27,2026-03-02,2026-03-06,601061,0.01075268817204301,0.8818386773547093,-0.09113764927718415,-0.0009799747234105823,
stable_medium_capacity,w05,2026-02-27,2026-03-02,2026-03-06,002044,0.01075268817204301,0.8659093186372746,-0.08285714285714285,-0.0008909370199692779,
stable_medium_capacity,w05,2026-02-27,2026-03-02,2026-03-06,001389,0.01075268817204301,0.8674574148296593,-0.07691665274761983,-0.0008270607822324712,
stable_medium_capacity,w05,2026-02-27,2026-03-02,2026-03-06,002318,0.01075268817204301,0.8690355711422846,0.02662037037037024,0.00028624054161688426,
stable_medium_capacity,w05,2026-02-27,2026-03-02,2026-03-06,301200,0.01075268817204301,0.8705536072144289,-0.05824435777763559,-0.0006262834169638235,
stable_medium_capacity,w05,2026-02-27,2026-03-02,2026-03-06,688608,0.01075268817204301,0.8708316633266533,-0.08581097413584726,-0.0009226986466220135,
stable_medium_capacity,w05,2026-02-27,2026-03-02,2026-03-06,603806,0.01075268817204301,0.8716382765531063,-0.054696132596685154,-0.0005881304580288726,
stable_medium_capacity,w05,2026-02-27,2026-03-02,2026-03-06,600516,0.01075268817204301,0.8772995991983968,0.06656101426307459,0.0007157098307857483,
stable_medium_capacity,w05,2026-02-27,2026-03-02,2026-03-06,603688,0.01075268817204301,0.8794188376753507,0.09255861365953133,0.0009952539103175412,
stable_medium_capacity,w05,2026-02-27,2026-03-02,2026-03-06,688361,0.01075268817204301,0.8800400801603205,-0.13705583756345174,-0.0014737186834779756,
stable_medium_capacity,w05,2026-02-27,2026-03-02,2026-03-06,300763,0.01075268817204301,0.8388627254509018,0.056063665518470085,0.0006028351131018288,
stable_medium_capacity,w05,2026-02-27,2026-03-02,2026-03-06,000825,0.01075268817204301,0.8384919839679359,-0.030245746691871522,-0.0003252230827082959,
stable_medium_capacity,w05,2026-02-27,2026-03-02,2026-03-06,301358,0.01075268817204301,0.8380435871743487,-0.03342784659006137,-0.0003594392106458212,
stable_medium_capacity,w05,2026-02-27,2026-03-02,2026-03-06,600959,0.01075268817204301,0.8306087174348696,-0.05263157894736836,-0.0005659309564233157,
stable_medium_capacity,w05,2026-02-27,2026-03-02,2026-03-06,600378,0.01075268817204301,0.7838051102204409,-0.006095944871455039,-6.554779431672084e-05,
stable_medium_capacity,w05,2026-02-27,2026-03-02,2026-03-06,300054,0.01075268817204301,0.7838602204408818,-0.07111787733797292,-0.0007647083584728271,
stable_medium_capacity,w05,2026-02-27,2026-03-02,2026-03-06,000032,0.01075268817204301,0.7852004008016032,-0.08184019370460038,-0.0008800020828451654,
stable_medium_capacity,w05,2026-02-27,2026-03-02,2026-03-06,600637,0.01075268817204301,0.7873847695390782,-0.07310704960835512,-0.0007860973076167217,
stable_medium_capacity,w05,2026-02-27,2026-03-02,2026-03-06,002266,0.01075268817204301,0.7885045090180361,-0.02490421455938696,-0.0002677872533267415,
stable_medium_capacity,w05,2026-02-27,2026-03-02,2026-03-06,300487,0.01075268817204301,0.7900526052104209,-0.016195957703118657,-0.00017415008282923287,
stable_medium_capacity,w05,2026-02-27,2026-03-02,2026-03-06,688235,0.01075268817204301,0.7908517034068137,-0.0745440434613891,-0.0008015488544235387,
stable_medium_capacity,w05,2026-02-27,2026-03-02,2026-03-06,600352,0.01075268817204301,0.7916007014028057,-0.033557046979865834,-0.000360828462149095,
stable_medium_capacity,w05,2026-02-27,2026-03-02,2026-03-06,000060,0.01075268817204301,0.796372745490982,-0.08595641646489105,-0.000924262542633237,
stable_medium_capacity,w05,2026-02-27,2026-03-02,2026-03-06,000933,0.01075268817204301,0.7978231462925851,0.0822804314329737,0.0008847358218599322,
stable_medium_capacity,w05,2026-02-27,2026-03-02,2026-03-06,603699,0.01075268817204301,0.7987925851703408,-0.0267857142857143,-0.00028801843317972366,
stable_medium_capacity,w05,2026-02-27,2026-03-02,2026-03-06,002624,0.01075268817204301,0.7993411823647295,-0.06438165817508112,-0.0006922758943557109,
stable_medium_capacity,w05,2026-02-27,2026-03-02,2026-03-06,002430,0.01075268817204301,0.8004058116232465,-0.02581438229870925,-0.00027757400321192736,
stable_medium_capacity,w05,2026-02-27,2026-03-02,2026-03-06,603179,0.01075268817204301,0.8070816633266533,-0.059720908230841974,-0.0006421603035574405,
stable_medium_capacity,w05,2026-02-27,2026-03-02,2026-03-06,688234,0.01075268817204301,0.8116983967935872,-0.13001071811361198,-0.0013979647108990534,
stable_medium_capacity,w05,2026-02-27,2026-03-02,2026-03-06,002532,0.01075268817204301,0.8132189378757515,0.0350877192982455,0.00037728730428220964,
stable_medium_capacity,w05,2026-02-27,2026-03-02,2026-03-06,000021,0.01075268817204301,0.822562625250501,-0.05872093023255798,-0.0006314078519629889,
stable_medium_capacity,w05,2026-02-27,2026-03-02,2026-03-06,603650,0.01075268817204301,0.8241107214428858,-0.06642311524410494,-0.0007142270456355369,
stable_medium_capacity,w05,2026-02-27,2026-03-02,2026-03-06,600765,0.01075268817204301,0.8256588176352705,-0.07431490942870422,-0.0007990850476204754,
stable_medium_capacity,w05,2026-02-27,2026-03-02,2026-03-06,002156,0.01075268817204301,0.8812700400801603,-0.07844645260526817,-0.0008435102430673995,
stable_medium_capacity,w05,2026-02-27,2026-03-02,2026-03-06,600096,0.01075268817204301,0.8844864729458918,-0.03831417624521061,-0.00041198038973344733,
stable_medium_capacity,w05,2026-02-27,2026-03-02,2026-03-06,003035,0.01075268817204301,0.9908917835671343,0.05961070559610704,0.0006409753289903982,
stable_medium_capacity,w05,2026-02-27,2026-03-02,2026-03-06,002436,0.01075268817204301,0.9497670340681362,-0.03388525221409311,-0.0003643575506891732,
stable_medium_capacity,w05,2026-02-27,2026-03-02,2026-03-06,600602,0.01075268817204301,0.935879258517034,-0.0829179882193023,-0.0008915912711752934,
stable_medium_capacity,w05,2026-02-27,2026-03-02,2026-03-06,603077,0.01075268817204301,0.9363376753507014,-0.010238907849829393,-0.00011009578333149884,
stable_medium_capacity,w05,2026-02-27,2026-03-02,2026-03-06,605358,0.01075268817204301,0.9382364729458919,-0.10308538627122699,-0.0011084450136691073,
stable_medium_capacity,w05,2026-02-27,2026-03-02,2026-03-06,688525,0.01075268817204301,0.9401628256513026,0.26254523522316053,0.002823067045410328,
stable_medium_capacity,w05,2026-02-27,2026-03-02,2026-03-06,301308,0.01075268817204301,0.941312625250501,0.04902296880356527,0.0005271286968125297,
stable_medium_capacity,w05,2026-02-27,2026-03-02,2026-03-06,688281,0.01075268817204301,0.9428807615230461,-0.10644202180376616,-0.0011445378688577006,
stable_medium_capacity,w05,2026-02-27,2026-03-02,2026-03-06,000878,0.01075268817204301,0.943622244488978,-0.08593750000000011,-0.0009240591397849474,
stable_medium_capacity,w05,2026-02-27,2026-03-02,2026-03-06,002756,0.01075268817204301,0.9453306613226452,0.0613251155624035,0.0006594098447570268,
stable_medium_capacity,w05,2026-02-27,2026-03-02,2026-03-06,300748,0.01075268817204301,0.9464228456913828,-0.12439143135345665,-0.0013375422726178132,
stable_medium_capacity,w05,2026-02-27,2026-03-02,2026-03-06,688347,0.01075268817204301,0.9522645290581162,-0.0709102382079192,-0.000762475679655045,
stable_medium_capacity,w05,2026-02-27,2026-03-02,2026-03-06,603920,0.01075268817204301,0.8864278557114228,-0.1488007106899616,-0.0016000076418275439,
stable_medium_capacity,w05,2026-02-27,2026-03-02,2026-03-06,688599,0.01075268817204301,0.9569739478957915,-0.05762179151388169,-0.000619589156063244,
stable_medium_capacity,w05,2026-02-27,2026-03-02,2026-03-06,002429,0.01075268817204301,0.957004008016032,-0.008419083255378879,-9.052777693955782e-05,
stable_medium_capacity,w05,2026-02-27,2026-03-02,2026-03-06,300604,0.01075268817204301,0.9638226452905811,-0.10761245674740494,-0.001157123190832311,
stable_medium_capacity,w05,2026-02-27,2026-03-02,2026-03-06,000629,0.01075268817204301,0.9667960921843687,-0.04941176470588238,-0.0005313092979127137,
stable_medium_capacity,w05,2026-02-27,2026-03-02,2026-03-06,002353,0.01075268817204301,0.9740430861723447,0.04459793638611753,0.0004795477030765326,
stable_medium_capacity,w05,2026-02-27,2026-03-02,2026-03-06,601231,0.01075268817204301,0.9783266533066132,-0.17216040310728542,-0.0018511871301858645,
stable_medium_capacity,w05,2026-02-27,2026-03-02,2026-03-06,688122,0.01075268817204301,0.9787725450901804,-0.048083314868158644,-0.0005170248910554693,
stable_medium_capacity,w05,2026-02-27,2026-03-02,2026-03-06,601611,0.01075268817204301,0.9815831663326654,0.01098901098901095,0.0001181614084839887,
stable_medium_capacity,w05,2026-02-27,2026-03-02,2026-03-06,000039,0.01075268817204301,0.9868837675350701,-0.007407407407407418,-7.964954201513352e-05,
stable_medium_capacity,w05,2026-02-27,2026-03-02,2026-03-06,600498,0.01075268817204301,0.9354909819639279,0.023472356935014593,0.0002523909347851031,
stable_medium_capacity,w05,2026-02-27,2026-03-02,2026-03-06,688385,0.01075268817204301,0.9351402805611223,-0.06791924378573921,-0.0007303144493090237,
stable_medium_capacity,w05,2026-02-27,2026-03-02,2026-03-06,601958,0.01075268817204301,0.9344288577154309,0.002038320423970452,2.1917423913660773e-05,
stable_medium_capacity,w05,2026-02-27,2026-03-02,2026-03-06,601106,0.01075268817204301,0.9310470941883768,-0.04660194174757282,-0.0005010961478233636,
stable_medium_capacity,w05,2026-02-27,2026-03-02,2026-03-06,601608,0.01075268817204301,0.8870916833667335,-0.07828282828282829,-0.0008417508417508417,
stable_medium_capacity,w05,2026-02-27,2026-03-02,2026-03-06,688709,0.01075268817204301,0.8890005010020039,-0.022908785203867077,-0.00024633102369749543,
stable_medium_capacity,w05,2026-02-27,2026-03-02,2026-03-06,300223,0.01075268817204301,0.889058116232465,-0.06509009009009004,-0.000699893441828925,
stable_medium_capacity,w05,2026-02-27,2026-03-02,2026-03-06,600141,0.01075268817204301,0.8895791583166333,-0.07053364269141527,-0.0007584262654990888,
stable_medium_capacity,w05,2026-02-27,2026-03-02,2026-03-06,688615,0.01075268817204301,0.8920390781563126,-0.1190402270812082,-0.0012800024417334215,
stable_medium_capacity,w05,2026-02-27,2026-03-02,2026-03-06,601118,0.01075268817204301,0.8971593186372746,-0.03255208333333337,-0.00035002240143369213,
stable_medium_capacity,w05,2026-02-27,2026-03-02,2026-03-06,688019,0.01075268817204301,0.9010420841683366,-0.07885424814690656,-0.0008478951413645866,
stable_medium_capacity,w05,2026-02-27,2026-03-02,2026-03-06,688002,0.01075268817204301,0.9022695390781563,-0.08201352623919178,-0.0008818658735396965,
stable_medium_capacity,w05,2026-02-27,2026-03-02,2026-03-06,300919,0.01075268817204301,0.902943386773547,-0.10210838125108901,-0.001097939583345043,
stable_medium_capacity,w05,2026-02-27,2026-03-02,2026-03-06,601399,0.01075268817204301,0.9038076152304609,-0.03984819734345346,-0.0004284752402521877,
stable_medium_capacity,w05,2026-02-27,2026-03-02,2026-03-06,600126,0.01075268817204301,0.9064629258517034,-0.08752515090543256,-0.0009411306548971243,
stable_medium_capacity,w05,2026-02-27,2026-03-02,2026-03-06,002739,0.01075268817204301,0.9070440881763526,-0.06032906764168189,-0.0006486996520610955,
stable_medium_capacity,w05,2026-02-27,2026-03-02,2026-03-06,300383,0.01075268817204301,0.910255511022044,-0.1472779369627506,-0.0015836337307822644,
stable_medium_capacity,w05,2026-02-27,2026-03-02,2026-03-06,300454,0.01075268817204301,0.9142735470941884,-0.10411899313501138,-0.0011195590659678642,
stable_medium_capacity,w05,2026-02-27,2026-03-02,2026-03-06,002195,0.01075268817204301,0.9220340681362725,-0.028003613369467106,-0.00030111412225233445,
stable_medium_capacity,w05,2026-02-27,2026-03-02,2026-03-06,688676,0.01075268817204301,0.9233717434869739,0.014008941877794223,0.00015063378363219592,
stable_medium_capacity,w05,2026-02-27,2026-03-02,2026-03-06,300285,0.01075268817204301,0.9273246492985973,-0.07187663355985363,-0.0007728670275253078,
stable_medium_capacity,w05,2026-02-27,2026-03-02,2026-03-06,002851,0.01075268817204301,0.930495991983968,0.02984595635430054,0.00032092426187419935,
stable_medium_capacity,w05,2026-02-27,2026-03-02,2026-03-06,301536,0.01075268817204301,0.9309293587174349,-0.04681715036426615,-0.0005034102189706037,
stable_medium_capacity,w05,2026-02-27,2026-03-02,2026-03-06,002064,0.01075268817204301,0.782312124248497,-0.028203062046736505,-0.0003032587316853387,
balanced_extra_wide_capacity,w06,2026-03-06,2026-03-09,2026-03-13,000060,0.015625,0.9244989979959921,-0.0490066225165563,-0.0007657284768211921,
balanced_extra_wide_capacity,w06,2026-03-06,2026-03-09,2026-03-13,000629,0.015625,0.9244989979959921,-0.034653465346534684,-0.0005414603960396044,
balanced_extra_wide_capacity,w06,2026-03-06,2026-03-09,2026-03-13,301358,0.015625,0.8941633266533067,0.22633935463949384,0.0035365524162420912,
balanced_extra_wide_capacity,w06,2026-03-06,2026-03-09,2026-03-13,600038,0.015625,0.8941633266533067,-0.054218460724676176,-0.0008471634488230653,
balanced_extra_wide_capacity,w06,2026-03-06,2026-03-09,2026-03-13,600170,0.015625,0.8941633266533067,0.04137931034482767,0.0006465517241379323,
balanced_extra_wide_capacity,w06,2026-03-06,2026-03-09,2026-03-13,600517,0.015625,0.8941633266533067,-0.0450928381962864,-0.000704575596816975,
balanced_extra_wide_capacity,w06,2026-03-06,2026-03-09,2026-03-13,600528,0.015625,0.8941633266533067,0.019883040935672502,0.00031067251461988285,
balanced_extra_wide_capacity,w06,2026-03-06,2026-03-09,2026-03-13,600927,0.015625,0.8941633266533067,-0.05208333333333326,-0.0008138020833333322,
balanced_extra_wide_capacity,w06,2026-03-06,2026-03-09,2026-03-13,600970,0.015625,0.8941633266533067,0.025293586269195867,0.0003952122854561854,
balanced_extra_wide_capacity,w06,2026-03-06,2026-03-09,2026-03-13,600998,0.015625,0.8941633266533067,0.009505703422053147,0.00014852661596958042,
balanced_extra_wide_capacity,w06,2026-03-06,2026-03-09,2026-03-13,603000,0.015625,0.8941633266533067,-0.04066193853427891,-0.0006353427895981079,
balanced_extra_wide_capacity,w06,2026-03-06,2026-03-09,2026-03-13,603156,0.015625,0.8941633266533067,-0.021113243761996192,-0.0003298944337811905,
balanced_extra_wide_capacity,w06,2026-03-06,2026-03-09,2026-03-13,605589,0.015625,0.8941633266533067,0.0005899705014749124,9.218289085545506e-06,
balanced_extra_wide_capacity,w06,2026-03-06,2026-03-09,2026-03-13,688297,0.015625,0.8941633266533067,-0.09343434343434343,-0.001459911616161616,
balanced_extra_wide_capacity,w06,2026-03-06,2026-03-09,2026-03-13,688563,0.015625,0.8941633266533067,-0.06447898675877961,-0.0010074841681059314,
balanced_extra_wide_capacity,w06,2026-03-06,2026-03-09,2026-03-13,688777,0.015625,0.8941633266533067,-0.04202020202020207,-0.0006565656565656573,
balanced_extra_wide_capacity,w06,2026-03-06,2026-03-09,2026-03-13,002131,0.015625,0.8440380761523046,-0.10841983852364467,-0.001694059976931948,
balanced_extra_wide_capacity,w06,2026-03-06,2026-03-09,2026-03-13,002155,0.015625,0.8440380761523046,-0.10864864864864876,-0.0016976351351351369,
balanced_extra_wide_capacity,w06,2026-03-06,2026-03-09,2026-03-13,600673,0.015625,0.8440380761523046,-0.0788359788359787,-0.0012318121693121672,
balanced_extra_wide_capacity,w06,2026-03-06,2026-03-09,2026-03-13,601615,0.015625,0.8440380761523046,0.09490855165595646,0.0014829461196243197,
balanced_extra_wide_capacity,w06,2026-03-06,2026-03-09,2026-03-13,000591,0.015625,0.7960921843687374,0.0016000000000000458,2.5000000000000716e-05,
balanced_extra_wide_capacity,w06,2026-03-06,2026-03-09,2026-03-13,000951,0.015625,0.7960921843687374,0.08466376390904684,0.0013228713110788569,
balanced_extra_wide_capacity,w06,2026-03-06,2026-03-09,2026-03-13,002025,0.015625,0.7960921843687374,0.0561754520969604,0.0008777414390150062,
balanced_extra_wide_capacity,w06,2026-03-06,2026-03-09,2026-03-13,600739,0.015625,0.7806362725450903,0.004125412541254203,6.445957095709692e-05,
balanced_extra_wide_capacity,w06,2026-03-06,2026-03-09,2026-03-13,000021,0.015625,0.7285320641282566,-0.04508956145768994,-0.0007045243977764053,
balanced_extra_wide_capacity,w06,2026-03-06,2026-03-09,2026-03-13,000039,0.015625,0.7285320641282566,-0.08358208955223889,-0.0013059701492537327,
balanced_extra_wide_capacity,w06,2026-03-06,2026-03-09,2026-03-13,000519,0.015625,0.7285320641282566,-0.08554277138569277,-0.0013366058029014496,
balanced_extra_wide_capacity,w06,2026-03-06,2026-03-09,2026-03-13,000559,0.015625,0.7285320641282566,-0.05254332029066522,-0.000820989379541644,
balanced_extra_wide_capacity,w06,2026-03-06,2026-03-09,2026-03-13,000703,0.015625,0.7285320641282566,-0.011583011583011449,-0.0001809845559845539,
balanced_extra_wide_capacity,w06,2026-03-06,2026-03-09,2026-03-13,000709,0.015625,0.7285320641282566,0.023255813953488413,0.00036337209302325646,
balanced_extra_wide_capacity,w06,2026-03-06,2026-03-09,2026-03-13,000738,0.015625,0.7285320641282566,-0.10468214693566802,-0.0016356585458698128,
balanced_extra_wide_capacity,w06,2026-03-06,2026-03-09,2026-03-13,300001,0.015625,0.8941633266533067,-0.06881980078478722,-0.0010753093872623003,
balanced_extra_wide_capacity,w06,2026-03-06,2026-03-09,2026-03-13,002837,0.015625,0.8941633266533067,-0.04027640671273447,-0.0006293188548864761,
balanced_extra_wide_capacity,w06,2026-03-06,2026-03-09,2026-03-13,002152,0.015625,0.8941633266533067,-0.01449275362318836,-0.0002264492753623181,
balanced_extra_wide_capacity,w06,2026-03-06,2026-03-09,2026-03-13,301308,0.015625,0.9244989979959921,0.06591503267973864,0.0010299223856209162,
balanced_extra_wide_capacity,w06,2026-03-06,2026-03-09,2026-03-13,000878,0.015625,0.9244989979959921,-0.040598290598290565,-0.0006343482905982901,
balanced_extra_wide_capacity,w06,2026-03-06,2026-03-09,2026-03-13,002008,0.015625,0.9244989979959921,-0.012079378774805916,-0.00018874029335634243,
balanced_extra_wide_capacity,w06,2026-03-06,2026-03-09,2026-03-13,002156,0.015625,0.9244989979959921,-0.04318798247444189,-0.0006748122261631545,
balanced_extra_wide_capacity,w06,2026-03-06,2026-03-09,2026-03-13,002202,0.015625,0.9244989979959921,0.1039690902704602,0.0016245170354759406,
balanced_extra_wide_capacity,w06,2026-03-06,2026-03-09,2026-03-13,002429,0.015625,0.9244989979959921,0.12641509433962272,0.001975235849056605,
balanced_extra_wide_capacity,w06,2026-03-06,2026-03-09,2026-03-13,002465,0.015625,0.9244989979959921,-0.06268306971294668,-0.000979422964264792,
balanced_extra_wide_capacity,w06,2026-03-06,2026-03-09,2026-03-13,002851,0.015625,0.9244989979959921,-0.08351511374259901,-0.0013049236522281096,
balanced_extra_wide_capacity,w06,2026-03-06,2026-03-09,2026-03-13,300136,0.015625,0.9244989979959921,-0.07380127094165223,-0.001153144858463316,
balanced_extra_wide_capacity,w06,2026-03-06,2026-03-09,2026-03-13,300223,0.015625,0.9244989979959921,-0.04320244117883232,-0.000675038143419255,
balanced_extra_wide_capacity,w06,2026-03-06,2026-03-09,2026-03-13,300751,0.015625,0.9244989979959921,-0.05483328234934226,-0.0008567700367084728,
balanced_extra_wide_capacity,w06,2026-03-06,2026-03-09,2026-03-13,300757,0.015625,0.9244989979959921,-0.01033426894615963,-0.00016147295228374423,
balanced_extra_wide_capacity,w06,2026-03-06,2026-03-09,2026-03-13,300857,0.015625,0.9244989979959921,0.002388663967611393,3.7322874493928015e-05,
balanced_extra_wide_capacity,w06,2026-03-06,2026-03-09,2026-03-13,300919,0.015625,0.9244989979959921,0.04812730448282543,0.0007519891325441473,
balanced_extra_wide_capacity,w06,2026-03-06,2026-03-09,2026-03-13,600497,0.015625,0.9244989979959921,0.0050864699898272026,7.947609359105004e-05,
balanced_extra_wide_capacity,w06,2026-03-06,2026-03-09,2026-03-13,000967,0.015625,0.8941633266533067,0.09223300970873782,0.0014411407766990285,
balanced_extra_wide_capacity,w06,2026-03-06,2026-03-09,2026-03-13,601106,0.015625,0.9244989979959921,-0.03462321792260692,-0.0005409877800407331,
balanced_extra_wide_capacity,w06,2026-03-06,2026-03-09,2026-03-13,601168,0.015625,0.9244989979959921,-0.04969927192149415,-0.0007765511237733461,
balanced_extra_wide_capacity,w06,2026-03-06,2026-03-09,2026-03-13,601212,0.015625,0.9244989979959921,-0.09850746268656718,-0.0015391791044776122,
balanced_extra_wide_capacity,w06,2026-03-06,2026-03-09,2026-03-13,601231,0.015625,0.9244989979959921,0.022064417955871107,0.00034475653056048605,
balanced_extra_wide_capacity,w06,2026-03-06,2026-03-09,2026-03-13,601399,0.015625,0.9244989979959921,-0.021739130434782483,-0.0003396739130434763,
balanced_extra_wide_capacity,w06,2026-03-06,2026-03-09,2026-03-13,601608,0.015625,0.9244989979959921,-0.0273972602739726,-0.0004280821917808219,
balanced_extra_wide_capacity,w06,2026-03-06,2026-03-09,2026-03-13,601611,0.015625,0.9244989979959921,0.16002415458937214,0.0025003774154589396,
balanced_extra_wide_capacity,w06,2026-03-06,2026-03-09,2026-03-13,603077,0.015625,0.9244989979959921,0.13103448275862073,0.002047413793103449,
balanced_extra_wide_capacity,w06,2026-03-06,2026-03-09,2026-03-13,605358,0.015625,0.9244989979959921,-0.027733333333333277,-0.00043333333333333245,
balanced_extra_wide_capacity,w06,2026-03-06,2026-03-09,2026-03-13,688347,0.015625,0.9244989979959921,0.011291281093471328,0.0001764262670854895,
balanced_extra_wide_capacity,w06,2026-03-06,2026-03-09,2026-03-13,688385,0.015625,0.9244989979959921,-0.1238262176036059,-0.0019347846500563422,
balanced_extra_wide_capacity,w06,2026-03-06,2026-03-09,2026-03-13,688568,0.015625,0.9244989979959921,-0.12167008196721307,-0.0019010950307377043,
balanced_extra_wide_capacity,w06,2026-03-06,2026-03-09,2026-03-13,000958,0.015625,0.8941633266533067,0.0014705882352941124,2.2977941176470507e-05,
balanced_extra_wide_capacity,w06,2026-03-06,2026-03-09,2026-03-13,000825,0.015625,0.7285320641282566,-0.033138401559454134,-0.0005177875243664708,
balanced_medium_current,w06,2026-03-06,2026-03-09,2026-03-13,688220,0.020408163265306124,1.0,-0.05347012673506324,-0.0010912270762257804,
balanced_medium_current,w06,2026-03-06,2026-03-09,2026-03-13,002738,0.020408163265306124,0.9188376753507014,-0.027949917794359402,-0.0005704064855991715,
balanced_medium_current,w06,2026-03-06,2026-03-09,2026-03-13,003031,0.020408163265306124,0.9188376753507014,0.036487322201608,0.0007446392286042449,
balanced_medium_current,w06,2026-03-06,2026-03-09,2026-03-13,300223,0.020408163265306124,0.9188376753507014,-0.04320244117883232,-0.0008816824730373944,
balanced_medium_current,w06,2026-03-06,2026-03-09,2026-03-13,300285,0.020408163265306124,0.9188376753507014,0.06955787102224731,0.0014195483882091288,
balanced_medium_current,w06,2026-03-06,2026-03-09,2026-03-13,300604,0.020408163265306124,0.9188376753507014,-0.0368359829391236,-0.0007517547538596654,
balanced_medium_current,w06,2026-03-06,2026-03-09,2026-03-13,300857,0.020408163265306124,0.9188376753507014,0.002388663967611393,4.874824423696721e-05,
balanced_medium_current,w06,2026-03-06,2026-03-09,2026-03-13,300919,0.020408163265306124,0.9188376753507014,0.04812730448282543,0.0009821898874046006,
balanced_medium_current,w06,2026-03-06,2026-03-09,2026-03-13,600497,0.020408163265306124,0.9188376753507014,0.0050864699898272026,0.00010380550999647353,
balanced_medium_current,w06,2026-03-06,2026-03-09,2026-03-13,601168,0.020408163265306124,0.9188376753507014,-0.04969927192149415,-0.001014270855540697,
balanced_medium_current,w06,2026-03-06,2026-03-09,2026-03-13,601399,0.020408163265306124,0.9188376753507014,-0.021739130434782483,-0.0004436557231588262,
balanced_medium_current,w06,2026-03-06,2026-03-09,2026-03-13,601611,0.020408163265306124,0.9188376753507014,0.16002415458937214,0.003265799073252493,
balanced_medium_current,w06,2026-03-06,2026-03-09,2026-03-13,603077,0.020408163265306124,0.9188376753507014,0.13103448275862073,0.0026741731175228723,
balanced_medium_current,w06,2026-03-06,2026-03-09,2026-03-13,603920,0.020408163265306124,0.9188376753507014,-0.04279005044355544,-0.0008732663355827641,
balanced_medium_current,w06,2026-03-06,2026-03-09,2026-03-13,605358,0.020408163265306124,0.9188376753507014,-0.027733333333333277,-0.0005659863945578221,
balanced_medium_current,w06,2026-03-06,2026-03-09,2026-03-13,688002,0.020408163265306124,0.9188376753507014,-0.03385246666044961,-0.000690866666539788,
balanced_medium_current,w06,2026-03-06,2026-03-09,2026-03-13,688027,0.020408163265306124,0.9188376753507014,-0.05555238040806998,-0.0011337220491442854,
balanced_medium_current,w06,2026-03-06,2026-03-09,2026-03-13,688122,0.020408163265306124,0.9188376753507014,-0.09217877094972071,-0.0018811994071371576,
balanced_medium_current,w06,2026-03-06,2026-03-09,2026-03-13,688385,0.020408163265306124,0.9188376753507014,-0.1238262176036059,-0.0025270656653797125,
balanced_medium_current,w06,2026-03-06,2026-03-09,2026-03-13,003035,0.020408163265306124,0.8937875751503006,0.14466130884041317,0.0029522716089880243,
balanced_medium_current,w06,2026-03-06,2026-03-09,2026-03-13,000831,0.020408163265306124,0.8907815631262525,-0.07791304347826078,-0.0015900621118012405,
balanced_medium_current,w06,2026-03-06,2026-03-09,2026-03-13,688709,0.020408163265306124,0.8907815631262525,-0.010539901053990164,-0.00021510002151000336,
balanced_medium_current,w06,2026-03-06,2026-03-09,2026-03-13,002508,0.020408163265306124,0.8877755511022044,0.018590998043052753,0.00037940812332760727,
balanced_medium_current,w06,2026-03-06,2026-03-09,2026-03-13,002851,0.020408163265306124,0.9188376753507014,-0.08351511374259901,-0.0017043900763795718,
balanced_medium_current,w06,2026-03-06,2026-03-09,2026-03-13,002429,0.020408163265306124,0.9188376753507014,0.12641509433962272,0.0025798998844820966,
balanced_medium_current,w06,2026-03-06,2026-03-09,2026-03-13,603160,0.020408163265306124,0.9909819639278558,-0.015674412209542132,-0.0003198859634600435,
balanced_medium_current,w06,2026-03-06,2026-03-09,2026-03-13,002156,0.020408163265306124,0.9188376753507014,-0.04318798247444189,-0.0008813873974375896,
balanced_medium_current,w06,2026-03-06,2026-03-09,2026-03-13,600060,0.020408163265306124,0.9879759519038076,-0.010199556541020005,-0.00020815421512285727,
balanced_medium_current,w06,2026-03-06,2026-03-09,2026-03-13,000997,0.020408163265306124,0.9859719438877755,-0.027645788336932875,-0.000564199761978222,
balanced_medium_current,w06,2026-03-06,2026-03-09,2026-03-13,000528,0.020408163265306124,0.9789579158316634,-0.06436990027198541,-0.0013136714341221514,
balanced_medium_current,w06,2026-03-06,2026-03-09,2026-03-13,603927,0.020408163265306124,0.9789579158316634,-0.0033149171270719924,-6.765136994024474e-05,
balanced_medium_current,w06,2026-03-06,2026-03-09,2026-03-13,603688,0.020408163265306124,0.969939879759519,-0.0966598245941408,-0.0019726494815130776,
balanced_medium_current,w06,2026-03-06,2026-03-09,2026-03-13,601179,0.020408163265306124,0.9679358717434869,-0.0854922279792747,-0.0017447393465158103,
balanced_medium_current,w06,2026-03-06,2026-03-09,2026-03-13,600487,0.020408163265306124,0.9659318637274549,0.025810448069378378,0.0005267438381505792,
balanced_medium_current,w06,2026-03-06,2026-03-09,2026-03-13,002966,0.020408163265306124,0.9629258517034068,0.012195121951219745,0.00024888003982081113,
balanced_medium_current,w06,2026-03-06,2026-03-09,2026-03-13,601128,0.020408163265306124,0.9629258517034068,-0.0027700831024930483,-5.653230821414385e-05,
balanced_medium_current,w06,2026-03-06,2026-03-09,2026-03-13,688561,0.020408163265306124,0.9599198396793587,0.011754068716093968,0.00023987895338967286,
balanced_medium_current,w06,2026-03-06,2026-03-09,2026-03-13,002739,0.020408163265306124,0.9569138276553106,-0.024319066147859947,-0.0004963074724053051,
balanced_medium_current,w06,2026-03-06,2026-03-09,2026-03-13,600737,0.020408163265306124,0.9569138276553106,-0.0019023462270132407,-3.882339238802532e-05,
balanced_medium_current,w06,2026-03-06,2026-03-09,2026-03-13,000958,0.020408163265306124,0.9539078156312625,0.0014705882352941124,3.0012004801920665e-05,
balanced_medium_current,w06,2026-03-06,2026-03-09,2026-03-13,000598,0.020408163265306124,0.9509018036072144,0.01980198019801982,0.0004041220448575474,
balanced_medium_current,w06,2026-03-06,2026-03-09,2026-03-13,601577,0.020408163265306124,0.9509018036072144,0.024033437826541215,0.0004904783229906371,
balanced_medium_current,w06,2026-03-06,2026-03-09,2026-03-13,601958,0.020408163265306124,0.9478957915831663,-0.10984540276647681,-0.002241742913601568,
balanced_medium_current,w06,2026-03-06,2026-03-09,2026-03-13,601608,0.020408163265306124,0.9458917835671342,-0.0273972602739726,-0.0005591277606933184,
balanced_medium_current,w06,2026-03-06,2026-03-09,2026-03-13,300567,0.020408163265306124,0.9438877755511023,-0.06195674848758781,-0.0012644234385222003,
balanced_medium_current,w06,2026-03-06,2026-03-09,2026-03-13,000060,0.020408163265306124,0.9188376753507014,-0.0490066225165563,-0.0010001351533991082,
balanced_medium_current,w06,2026-03-06,2026-03-09,2026-03-13,000629,0.020408163265306124,0.9188376753507014,-0.034653465346534684,-0.0007072135785007079,
balanced_medium_current,w06,2026-03-06,2026-03-09,2026-03-13,000878,0.020408163265306124,0.9188376753507014,-0.040598290598290565,-0.0008285365428222565,
balanced_medium_current,w06,2026-03-06,2026-03-09,2026-03-13,688347,0.020408163265306124,0.8857715430861723,0.011291281093471328,0.00023043430803002711,
economic_medium_capacity,w06,2026-03-06,2026-03-09,2026-03-13,601567,0.036000000004219955,0.9997154308617234,0.035022101326079635,0.0012607956478866585,
economic_medium_capacity,w06,2026-03-06,2026-03-09,2026-03-13,300454,0.036000000004219955,0.9791182364729458,0.022051936994465837,0.0007938697318938283,
economic_medium_capacity,w06,2026-03-06,2026-03-09,2026-03-13,002008,0.036000000004219955,0.9939519038076152,-0.012079378774805916,-0.0004348576359439874,
economic_medium_capacity,w06,2026-03-06,2026-03-09,2026-03-13,300724,0.036000000004219955,0.9699118236472946,0.0750526685393258,0.0027018960677324473,
economic_medium_capacity,w06,2026-03-06,2026-03-09,2026-03-13,603077,0.036000000004219955,0.9719038076152304,0.13103448275862073,0.004717241379863306,
economic_medium_capacity,w06,2026-03-06,2026-03-09,2026-03-13,000657,0.036000000004219955,0.9736753507014028,-0.14605543710021318,-0.0052579957362240215,
economic_medium_capacity,w06,2026-03-06,2026-03-09,2026-03-13,600487,0.036000000004219955,0.9758196392785571,0.025810448069378378,0.0009291761306065405,
economic_medium_capacity,w06,2026-03-06,2026-03-09,2026-03-13,688220,0.036000000004219955,0.978,-0.05347012673506324,-0.0019249245626879181,
economic_medium_capacity,w06,2026-03-06,2026-03-09,2026-03-13,300058,0.036000000004219955,0.9817474949899799,-0.09267110841913995,-0.003336159903480106,
economic_medium_capacity,w06,2026-03-06,2026-03-09,2026-03-13,601168,0.036000000004219955,0.9838356713426853,-0.04969927192149415,-0.001789173789383518,
economic_medium_capacity,w06,2026-03-06,2026-03-09,2026-03-13,000878,0.036000000004219955,0.9859078156312625,-0.040598290598290565,-0.0014615384617097833,
economic_medium_capacity,w06,2026-03-06,2026-03-09,2026-03-13,000426,0.036000000004219955,0.9879679358717435,-0.06536468712634513,-0.002353128736824261,
economic_medium_capacity,w06,2026-03-06,2026-03-09,2026-03-13,600497,0.036000000004219955,0.9898476953907815,0.0050864699898272026,0.00018311291965524397,
economic_medium_capacity,w06,2026-03-06,2026-03-09,2026-03-13,000060,0.036000000004219955,0.9918356713426854,-0.0490066225165563,-0.0017642384108028325,
economic_medium_capacity,w06,2026-03-06,2026-03-09,2026-03-13,000629,0.036000000004219955,0.953939879759519,-0.034653465346534684,-0.0012475247526214847,
economic_medium_capacity,w06,2026-03-06,2026-03-09,2026-03-13,003031,0.036000000000000004,0.9558356713426853,0.036487322201608,0.001313543599257888,
economic_medium_capacity,w06,2026-03-06,2026-03-09,2026-03-13,601399,0.036000000000000004,0.9479278557114228,-0.021739130434782483,-0.0007826086956521695,
economic_medium_capacity,w06,2026-03-06,2026-03-09,2026-03-13,300285,0.036000000000000004,0.949879759519038,0.06955787102224731,0.0025040833568009033,
economic_medium_capacity,w06,2026-03-06,2026-03-09,2026-03-13,688027,0.036000000000000004,0.951875751503006,-0.05555238040806998,-0.0019998856946905194,
economic_medium_capacity,w06,2026-03-06,2026-03-09,2026-03-13,600299,0.036000000000000004,0.9655591182364729,0.1451851851851853,0.005226666666666672,
economic_medium_capacity,w06,2026-03-06,2026-03-09,2026-03-13,688281,0.036000000000000004,0.9578356713426853,-0.09716060337178345,-0.0034977817213842047,
economic_medium_capacity,w06,2026-03-06,2026-03-09,2026-03-13,688248,0.036000000000000004,0.9598036072144288,0.2088858274496297,0.00751988978818667,
economic_medium_capacity,w06,2026-03-06,2026-03-09,2026-03-13,688122,0.036000000000000004,0.9619358717434869,-0.09217877094972071,-0.003318435754189946,
economic_medium_capacity,w06,2026-03-06,2026-03-09,2026-03-13,603920,0.036000000000000004,0.9639158316633266,-0.04279005044355544,-0.001540441815967996,
economic_medium_capacity,w06,2026-03-06,2026-03-09,2026-03-13,300751,0.036000000000000004,0.9679198396793587,-0.05483328234934226,-0.0019739981645763216,
economic_medium_capacity,w06,2026-03-06,2026-03-09,2026-03-13,300604,0.03333333331223356,0.9458997995991983,-0.0368359829391236,-0.0012278660971935557,
economic_medium_capacity,w06,2026-03-06,2026-03-09,2026-03-13,605358,0.02666666664978681,0.9439478957915832,-0.027733333333333277,-0.0007395555550874193,
economic_medium_capacity,w06,2026-03-06,2026-03-09,2026-03-13,002429,0.019999999987340117,0.9419238476953908,0.12641509433962272,0.0025283018851920544,
economic_medium_capacity,w06,2026-03-06,2026-03-09,2026-03-13,300395,0.013333333324893405,0.9390260521042084,0.03273188865717658,0.0004364251818194329,
economic_medium_capacity,w06,2026-03-06,2026-03-09,2026-03-13,300223,0.0066666666624467024,0.9378677354709419,-0.04320244117883232,-0.00028801627434323605,
recent_compact_capacity,w06,2026-03-06,2026-03-09,2026-03-13,688248,0.032972380952380954,0.9982364729458917,0.2088858274496297,0.006887463078222505,
recent_compact_capacity,w06,2026-03-06,2026-03-09,2026-03-13,601567,0.032972380952380954,0.9714629258517034,0.035022101326079635,0.001154762066676384,
recent_compact_capacity,w06,2026-03-06,2026-03-09,2026-03-13,600988,0.032972380952380954,0.9371993987975952,0.0242864296444667,0.000800781410210554,
recent_compact_capacity,w06,2026-03-06,2026-03-09,2026-03-13,600141,0.032972380952380954,0.9442034068136272,0.017973040439341004,0.0005926139362384999,
recent_compact_capacity,w06,2026-03-06,2026-03-09,2026-03-13,000060,0.032972380952380954,0.9448046092184369,-0.0490066225165563,-0.0016158650268054244,
recent_compact_capacity,w06,2026-03-06,2026-03-09,2026-03-13,688122,0.032972380952380954,0.9470841683366734,-0.09217877094972071,-0.003039353551476458,
recent_compact_capacity,w06,2026-03-06,2026-03-09,2026-03-13,688361,0.032972380952380954,0.9959018036072144,-0.03676470588235292,-0.0012122198879551814,
recent_compact_capacity,w06,2026-03-06,2026-03-09,2026-03-13,002414,0.032972380952380954,0.965070140280561,-0.034199726402188824,-0.0011276464074001708,
recent_compact_capacity,w06,2026-03-06,2026-03-09,2026-03-13,600392,0.032972380952380954,0.9690581162324649,-0.09156193895870735,-0.0030190151320851496,
recent_compact_capacity,w06,2026-03-06,2026-03-09,2026-03-13,688777,0.032972380952380954,0.970070140280561,-0.04202020202020207,-0.0013855061087061104,
recent_compact_capacity,w06,2026-03-06,2026-03-09,2026-03-13,688347,0.032972380952380954,0.9601402805611222,0.011291281093471328,0.0003723004216543532,
recent_compact_capacity,w06,2026-03-06,2026-03-09,2026-03-13,002080,0.032972380952380954,0.974504008016032,0.022004889975550057,0.0007255536150890653,
recent_compact_capacity,w06,2026-03-06,2026-03-09,2026-03-13,603920,0.032972380952380954,0.9751803607214428,-0.04279005044355544,-0.0014108898441965076,
recent_compact_capacity,w06,2026-03-06,2026-03-09,2026-03-13,003035,0.032972380952380954,0.9923547094188376,0.14466130884041317,0.0047698277841561375,
recent_compact_capacity,w06,2026-03-06,2026-03-09,2026-03-13,002353,0.032972380952380954,0.9888627254509017,-0.1409795918367347,-0.004648432808551993,
recent_compact_capacity,w06,2026-03-06,2026-03-09,2026-03-13,002126,0.032972380952380954,0.9836773547094189,-0.15356287976431604,-0.005063333771733701,
recent_compact_capacity,w06,2026-03-06,2026-03-09,2026-03-13,000960,0.032972380952380954,0.982314629258517,-0.08461538461538454,-0.0027899706959706935,
recent_compact_capacity,w06,2026-03-06,2026-03-09,2026-03-13,300487,0.032972380952380954,0.9347745490981965,0.0536054421768708,0.0017674990605766135,
recent_compact_capacity,w06,2026-03-06,2026-03-09,2026-03-13,002738,0.032972380952380954,0.9801853707414829,-0.027949917794359402,-0.0009215753371033495,
recent_compact_capacity,w06,2026-03-06,2026-03-09,2026-03-13,601212,0.032972380952380954,0.9787675350701402,-0.09850746268656718,-0.0032480255863539453,
recent_compact_capacity,w06,2026-03-06,2026-03-09,2026-03-13,600299,0.032972380952380954,0.9752705410821643,0.1451851851851853,0.004787101234567905,
recent_compact_capacity,w06,2026-03-06,2026-03-09,2026-03-13,000878,0.030758,0.9571142284569139,-0.040598290598290565,-0.0012487222222222212,
recent_compact_capacity,w06,2026-03-06,2026-03-09,2026-03-13,002532,0.030758,0.9565080160320641,0.020229633679606396,0.0006222230727173335,
recent_compact_capacity,w06,2026-03-06,2026-03-09,2026-03-13,001696,0.030758,0.9550300601202404,-0.13194988253719642,-0.004058514487079087,
recent_compact_capacity,w06,2026-03-06,2026-03-09,2026-03-13,300724,0.030758,0.9575350701402805,0.0750526685393258,0.002308469978932583,
recent_compact_capacity,w06,2026-03-06,2026-03-09,2026-03-13,002156,0.030758,0.9524298597194389,-0.04318798247444189,-0.0013283759649488837,
recent_compact_capacity,w06,2026-03-06,2026-03-09,2026-03-13,000426,0.030758,0.9521042084168335,-0.06536468712634513,-0.0020104870466321235,
recent_compact_capacity,w06,2026-03-06,2026-03-09,2026-03-13,603225,0.030758,0.9581763527054107,-0.07061266874351002,-0.0021719044652128813,
recent_compact_capacity,w06,2026-03-06,2026-03-09,2026-03-13,000933,0.030758,0.9446392785571143,0.05011389521640108,0.0015414031890660645,
recent_compact_capacity,w06,2026-03-06,2026-03-09,2026-03-13,300757,0.030758,0.9421092184368737,-0.01033426894615963,-0.0003178614442459779,
recent_compact_capacity,w06,2026-03-06,2026-03-09,2026-03-13,603688,0.030758,0.9531462925851704,-0.0966598245941408,-0.0029730628848665826,
recent_compact_current,w06,2026-03-06,2026-03-09,2026-03-13,002261,0.027027027027027035,0.9644539078156313,-0.055057618437900135,-0.001488043741564869,
recent_compact_current,w06,2026-03-06,2026-03-09,2026-03-13,000960,0.027027027027027035,0.9232214428857715,-0.08461538461538454,-0.0022869022869022853,
recent_compact_current,w06,2026-03-06,2026-03-09,2026-03-13,600392,0.027027027027027035,0.9232214428857715,-0.09156193895870735,-0.002474646998883983,
recent_compact_current,w06,2026-03-06,2026-03-09,2026-03-13,601061,0.027027027027027035,0.9176352705410822,-0.06016597510373456,-0.0016261074352360697,
recent_compact_current,w06,2026-03-06,2026-03-09,2026-03-13,000830,0.027027027027027035,0.9149549098196393,-0.023255813953488524,-0.0006285355122564468,
recent_compact_current,w06,2026-03-06,2026-03-09,2026-03-13,688027,0.027027027027027035,0.9133016032064128,-0.05555238040806998,-0.0015014156867045945,
recent_compact_current,w06,2026-03-06,2026-03-09,2026-03-13,002126,0.027027027027027035,0.9129008016032064,-0.15356287976431604,-0.004150348101738273,
recent_compact_current,w06,2026-03-06,2026-03-09,2026-03-13,301308,0.027027027027027035,0.9124248496993987,0.06591503267973864,0.0017814873697226665,
recent_compact_current,w06,2026-03-06,2026-03-09,2026-03-13,688347,0.027027027027027035,0.9096693386773547,0.011291281093471328,0.00030516975928300896,
recent_compact_current,w06,2026-03-06,2026-03-09,2026-03-13,000738,0.027027027027027035,0.9091683366733467,-0.10468214693566802,-0.0028292472144775148,
recent_compact_current,w06,2026-03-06,2026-03-09,2026-03-13,001389,0.027027027027027035,0.9091683366733467,0.0817877499321451,0.0022104797278958144,
recent_compact_current,w06,2026-03-06,2026-03-09,2026-03-13,300285,0.027027027027027035,0.9091683366733467,0.06955787102224731,0.0018799424600607388,
recent_compact_current,w06,2026-03-06,2026-03-09,2026-03-13,002353,0.027027027027027035,0.9071142284569138,-0.1409795918367347,-0.0038102592388306687,
recent_compact_current,w06,2026-03-06,2026-03-09,2026-03-13,600096,0.027027027027027035,0.9050350701402806,0.010780407780642154,0.00029136237244978806,
recent_compact_current,w06,2026-03-06,2026-03-09,2026-03-13,688777,0.027027027027027035,0.9033817635270541,-0.04202020202020207,-0.0011356811356811373,
recent_compact_current,w06,2026-03-06,2026-03-09,2026-03-13,301536,0.027027027027027035,0.9017284569138277,-0.07304849016413983,-0.001974283517949726,
recent_compact_current,w06,2026-03-06,2026-03-09,2026-03-13,000629,0.027027027027027035,0.8934619238476954,-0.034653465346534684,-0.0009365801445009377,
recent_compact_current,w06,2026-03-06,2026-03-09,2026-03-13,300223,0.027027027027027035,0.9232214428857715,-0.04320244117883232,-0.0011676335453738467,
recent_compact_current,w06,2026-03-06,2026-03-09,2026-03-13,000559,0.027027027027027035,0.9232214428857715,-0.05254332029066522,-0.001420089737585547,
recent_compact_current,w06,2026-03-06,2026-03-09,2026-03-13,600497,0.027027027027027035,0.96124749498998,0.0050864699898272026,0.00013747216188722173,
recent_compact_current,w06,2026-03-06,2026-03-09,2026-03-13,300390,0.027027027027027035,0.9249749498997997,0.16225165562913912,0.004385179881868626,
recent_compact_current,w06,2026-03-06,2026-03-09,2026-03-13,300058,0.027027027027027035,0.9608717434869739,-0.09267110841913995,-0.002504624551868648,
recent_compact_current,w06,2026-03-06,2026-03-09,2026-03-13,000060,0.027027027027027035,0.9571142284569139,-0.0490066225165563,-0.0013245033112582788,
recent_compact_current,w06,2026-03-06,2026-03-09,2026-03-13,000878,0.027027027027027035,0.9571142284569139,-0.040598290598290565,-0.0010972510972510968,
recent_compact_current,w06,2026-03-06,2026-03-09,2026-03-13,000933,0.027027027027027035,0.9546342685370741,0.05011389521640108,0.0013544296004432729,
recent_compact_current,w06,2026-03-06,2026-03-09,2026-03-13,000426,0.027027027027027035,0.9529809619238477,-0.06536468712634513,-0.0017666131655768962,
recent_compact_current,w06,2026-03-06,2026-03-09,2026-03-13,002532,0.027027027027027035,0.9488476953907816,0.020229633679606396,0.0005467468562055784,
recent_compact_current,w06,2026-03-06,2026-03-09,2026-03-13,601168,0.027027027027027035,0.9488476953907816,-0.04969927192149415,-0.0013432235654457882,
recent_compact_current,w06,2026-03-06,2026-03-09,2026-03-13,002008,0.027027027027027035,0.9430360721442885,-0.012079378774805916,-0.0003264696966163762,
recent_compact_current,w06,2026-03-06,2026-03-09,2026-03-13,688248,0.027027027027027035,0.9402805611222445,0.2088858274496297,0.005645562904044048,
recent_compact_current,w06,2026-03-06,2026-03-09,2026-03-13,688297,0.027027027027027035,0.939754509018036,-0.09343434343434343,-0.002525252525252526,
recent_compact_current,w06,2026-03-06,2026-03-09,2026-03-13,002624,0.027027027027027035,0.9381012024048097,-0.04702970297029696,-0.0012710730532512697,
recent_compact_current,w06,2026-03-06,2026-03-09,2026-03-13,003035,0.027027027027027035,0.93687374749499,0.14466130884041317,0.003909765103794952,
recent_compact_current,w06,2026-03-06,2026-03-09,2026-03-13,603920,0.027027027027027035,0.9331412825651303,-0.04279005044355544,-0.001156487849825823,
recent_compact_current,w06,2026-03-06,2026-03-09,2026-03-13,002756,0.027027027027027035,0.9314879759519038,0.013501742160278773,0.0003649119502778048,
recent_compact_current,w06,2026-03-06,2026-03-09,2026-03-13,688361,0.027027027027027035,0.9281813627254509,-0.03676470588235292,-0.0009936406995230522,
recent_compact_current,w06,2026-03-06,2026-03-09,2026-03-13,000703,0.027027027027027035,0.8934619238476954,-0.011583011583011449,-0.0003130543671084176,
short_aggressive_compact_capacity,w06,2026-03-06,2026-03-09,2026-03-13,603688,0.03225806451612904,0.9890325651302606,-0.0966598245941408,-0.00311805885787551,
short_aggressive_compact_capacity,w06,2026-03-06,2026-03-09,2026-03-13,600820,0.03225806451612904,0.9454774549098197,0.03240740740740744,0.0010454002389486273,
short_aggressive_compact_capacity,w06,2026-03-06,2026-03-09,2026-03-13,002195,0.03225806451612904,0.9040425851703408,-0.028810408921933095,-0.0009293680297397775,
short_aggressive_compact_capacity,w06,2026-03-06,2026-03-09,2026-03-13,000878,0.03225806451612904,0.9040425851703408,-0.040598290598290565,-0.001309622277364212,
short_aggressive_compact_capacity,w06,2026-03-06,2026-03-09,2026-03-13,688122,0.03225806451612904,0.9055170340681363,-0.09217877094972071,-0.002973508740313572,
short_aggressive_compact_capacity,w06,2026-03-06,2026-03-09,2026-03-13,688027,0.03225806451612904,0.9058992985971944,-0.05555238040806998,-0.0017920122712280643,
short_aggressive_compact_capacity,w06,2026-03-06,2026-03-09,2026-03-13,300724,0.03225806451612904,0.9058992985971944,0.0750526685393258,0.0024210538238492196,
short_aggressive_compact_capacity,w06,2026-03-06,2026-03-09,2026-03-13,688375,0.03225806451612904,0.9063907815631264,-0.014952942211276299,-0.00048235297455730006,
short_aggressive_compact_capacity,w06,2026-03-06,2026-03-09,2026-03-13,688568,0.03225806451612904,0.9070460921843688,-0.12167008196721307,-0.003924841353781068,
short_aggressive_compact_capacity,w06,2026-03-06,2026-03-09,2026-03-13,601231,0.03225806451612904,0.9225315631262525,0.022064417955871107,0.0007117554179313262,
short_aggressive_compact_capacity,w06,2026-03-06,2026-03-09,2026-03-13,688615,0.03225806451612904,0.9308321643286573,-0.04833106781452945,-0.0015590667036944987,
short_aggressive_compact_capacity,w06,2026-03-06,2026-03-09,2026-03-13,000657,0.03225806451612904,0.9351878757515031,-0.14605543710021318,-0.004711465712910103,
short_aggressive_compact_capacity,w06,2026-03-06,2026-03-09,2026-03-13,300017,0.03225806451612904,0.9358562124248497,-0.0056022408963586345,-0.0001807174482696334,
short_aggressive_compact_capacity,w06,2026-03-06,2026-03-09,2026-03-13,002008,0.03225806451612904,0.9396658316633267,-0.012079378774805916,-0.000389657379832449,
short_aggressive_compact_capacity,w06,2026-03-06,2026-03-09,2026-03-13,000967,0.03225806451612904,0.9415225450901804,0.09223300970873782,0.0029752583777012207,
short_aggressive_compact_capacity,w06,2026-03-06,2026-03-09,2026-03-13,688525,0.03225806451612904,0.9493862725450902,0.0017675440691728994,5.701755061848064e-05,
short_aggressive_compact_capacity,w06,2026-03-06,2026-03-09,2026-03-13,600487,0.03225806451612904,0.9887049098196393,0.025810448069378378,0.0008325950990122059,
short_aggressive_compact_capacity,w06,2026-03-06,2026-03-09,2026-03-13,601577,0.03225806451612904,0.9495731462925852,0.024033437826541215,0.0007752721879529426,
short_aggressive_compact_capacity,w06,2026-03-06,2026-03-09,2026-03-13,600498,0.03225806451612904,0.9517890781563128,-0.007581501137225111,-0.0002445645528137133,
short_aggressive_compact_capacity,w06,2026-03-06,2026-03-09,2026-03-13,300136,0.03225806451612904,0.957372244488978,-0.07380127094165223,-0.0023806861594081368,
short_aggressive_compact_capacity,w06,2026-03-06,2026-03-09,2026-03-13,300383,0.03225806451612904,0.9581367735470941,0.019489247311827995,0.0006286853971557419,
short_aggressive_compact_capacity,w06,2026-03-06,2026-03-09,2026-03-13,300001,0.03225806451612904,0.9597620240480963,-0.06881980078478722,-0.002219993573702814,
short_aggressive_compact_capacity,w06,2026-03-06,2026-03-09,2026-03-13,600968,0.03225806451612904,0.9601442885771544,-0.04166666666666663,-0.0013440860215053754,
short_aggressive_compact_capacity,w06,2026-03-06,2026-03-09,2026-03-13,600339,0.03225806451612904,0.9601442885771544,-0.05161290322580647,-0.0016649323621227897,
short_aggressive_compact_capacity,w06,2026-03-06,2026-03-09,2026-03-13,601212,0.03225806451612904,0.9613041082164329,-0.09850746268656718,-0.003177660086663458,
short_aggressive_compact_capacity,w06,2026-03-06,2026-03-09,2026-03-13,688347,0.03225806451612904,0.9617955911823647,0.011291281093471328,0.00036423487398294614,
short_aggressive_compact_capacity,w06,2026-03-06,2026-03-09,2026-03-13,603920,0.03225806451612904,0.9617955911823647,-0.04279005044355544,-0.0013803242078566274,
short_aggressive_compact_capacity,w06,2026-03-06,2026-03-09,2026-03-13,000958,0.03225806451612904,0.9666658316633266,0.0014705882352941124,4.743833017077783e-05,
short_aggressive_compact_capacity,w06,2026-03-06,2026-03-09,2026-03-13,600517,0.03225806451612904,0.9734689378757516,-0.0450928381962864,-0.0014546076837511745,
short_aggressive_compact_capacity,w06,2026-03-06,2026-03-09,2026-03-13,688297,0.03225806451612904,0.9821518036072145,-0.09343434343434343,-0.0030140110785272078,
short_aggressive_compact_capacity,w06,2026-03-06,2026-03-09,2026-03-13,601608,0.03225806451612904,0.9040425851703408,-0.0273972602739726,-0.0008837825894829873,
short_aggressive_medium_capacity,w06,2026-03-06,2026-03-09,2026-03-13,603688,0.03225806451612904,0.9890325651302606,-0.0966598245941408,-0.00311805885787551,
short_aggressive_medium_capacity,w06,2026-03-06,2026-03-09,2026-03-13,600820,0.03225806451612904,0.9454774549098197,0.03240740740740744,0.0010454002389486273,
short_aggressive_medium_capacity,w06,2026-03-06,2026-03-09,2026-03-13,002195,0.03225806451612904,0.9040425851703408,-0.028810408921933095,-0.0009293680297397775,
short_aggressive_medium_capacity,w06,2026-03-06,2026-03-09,2026-03-13,000878,0.03225806451612904,0.9040425851703408,-0.040598290598290565,-0.001309622277364212,
short_aggressive_medium_capacity,w06,2026-03-06,2026-03-09,2026-03-13,688122,0.03225806451612904,0.9055170340681363,-0.09217877094972071,-0.002973508740313572,
short_aggressive_medium_capacity,w06,2026-03-06,2026-03-09,2026-03-13,688027,0.03225806451612904,0.9058992985971944,-0.05555238040806998,-0.0017920122712280643,
short_aggressive_medium_capacity,w06,2026-03-06,2026-03-09,2026-03-13,300724,0.03225806451612904,0.9058992985971944,0.0750526685393258,0.0024210538238492196,
short_aggressive_medium_capacity,w06,2026-03-06,2026-03-09,2026-03-13,688375,0.03225806451612904,0.9063907815631264,-0.014952942211276299,-0.00048235297455730006,
short_aggressive_medium_capacity,w06,2026-03-06,2026-03-09,2026-03-13,688568,0.03225806451612904,0.9070460921843688,-0.12167008196721307,-0.003924841353781068,
short_aggressive_medium_capacity,w06,2026-03-06,2026-03-09,2026-03-13,601231,0.03225806451612904,0.9225315631262525,0.022064417955871107,0.0007117554179313262,
short_aggressive_medium_capacity,w06,2026-03-06,2026-03-09,2026-03-13,688615,0.03225806451612904,0.9308321643286573,-0.04833106781452945,-0.0015590667036944987,
short_aggressive_medium_capacity,w06,2026-03-06,2026-03-09,2026-03-13,000657,0.03225806451612904,0.9351878757515031,-0.14605543710021318,-0.004711465712910103,
short_aggressive_medium_capacity,w06,2026-03-06,2026-03-09,2026-03-13,300017,0.03225806451612904,0.9358562124248497,-0.0056022408963586345,-0.0001807174482696334,
short_aggressive_medium_capacity,w06,2026-03-06,2026-03-09,2026-03-13,002008,0.03225806451612904,0.9396658316633267,-0.012079378774805916,-0.000389657379832449,
short_aggressive_medium_capacity,w06,2026-03-06,2026-03-09,2026-03-13,000967,0.03225806451612904,0.9415225450901804,0.09223300970873782,0.0029752583777012207,
short_aggressive_medium_capacity,w06,2026-03-06,2026-03-09,2026-03-13,688525,0.03225806451612904,0.9493862725450902,0.0017675440691728994,5.701755061848064e-05,
short_aggressive_medium_capacity,w06,2026-03-06,2026-03-09,2026-03-13,600487,0.03225806451612904,0.9887049098196393,0.025810448069378378,0.0008325950990122059,
short_aggressive_medium_capacity,w06,2026-03-06,2026-03-09,2026-03-13,601577,0.03225806451612904,0.9495731462925852,0.024033437826541215,0.0007752721879529426,
short_aggressive_medium_capacity,w06,2026-03-06,2026-03-09,2026-03-13,600498,0.03225806451612904,0.9517890781563128,-0.007581501137225111,-0.0002445645528137133,
short_aggressive_medium_capacity,w06,2026-03-06,2026-03-09,2026-03-13,300136,0.03225806451612904,0.957372244488978,-0.07380127094165223,-0.0023806861594081368,
short_aggressive_medium_capacity,w06,2026-03-06,2026-03-09,2026-03-13,300383,0.03225806451612904,0.9581367735470941,0.019489247311827995,0.0006286853971557419,
short_aggressive_medium_capacity,w06,2026-03-06,2026-03-09,2026-03-13,300001,0.03225806451612904,0.9597620240480963,-0.06881980078478722,-0.002219993573702814,
short_aggressive_medium_capacity,w06,2026-03-06,2026-03-09,2026-03-13,600968,0.03225806451612904,0.9601442885771544,-0.04166666666666663,-0.0013440860215053754,
short_aggressive_medium_capacity,w06,2026-03-06,2026-03-09,2026-03-13,600339,0.03225806451612904,0.9601442885771544,-0.05161290322580647,-0.0016649323621227897,
short_aggressive_medium_capacity,w06,2026-03-06,2026-03-09,2026-03-13,601212,0.03225806451612904,0.9613041082164329,-0.09850746268656718,-0.003177660086663458,
short_aggressive_medium_capacity,w06,2026-03-06,2026-03-09,2026-03-13,688347,0.03225806451612904,0.9617955911823647,0.011291281093471328,0.00036423487398294614,
short_aggressive_medium_capacity,w06,2026-03-06,2026-03-09,2026-03-13,603920,0.03225806451612904,0.9617955911823647,-0.04279005044355544,-0.0013803242078566274,
short_aggressive_medium_capacity,w06,2026-03-06,2026-03-09,2026-03-13,000958,0.03225806451612904,0.9666658316633266,0.0014705882352941124,4.743833017077783e-05,
short_aggressive_medium_capacity,w06,2026-03-06,2026-03-09,2026-03-13,600517,0.03225806451612904,0.9734689378757516,-0.0450928381962864,-0.0014546076837511745,
short_aggressive_medium_capacity,w06,2026-03-06,2026-03-09,2026-03-13,688297,0.03225806451612904,0.9821518036072145,-0.09343434343434343,-0.0030140110785272078,
short_aggressive_medium_capacity,w06,2026-03-06,2026-03-09,2026-03-13,601608,0.03225806451612904,0.9040425851703408,-0.0273972602739726,-0.0008837825894829873,
short_aggressive_wide_capacity,w06,2026-03-06,2026-03-09,2026-03-13,603688,0.036000000004219955,0.9820781563126253,-0.0966598245941408,-0.0034797536857969686,
short_aggressive_wide_capacity,w06,2026-03-06,2026-03-09,2026-03-13,601611,0.036000000004219955,0.9630480961923846,0.16002415458937214,0.005760869565892691,
short_aggressive_wide_capacity,w06,2026-03-06,2026-03-09,2026-03-13,000878,0.036000000004219955,0.9785100200400803,-0.040598290598290565,-0.0014615384617097833,
short_aggressive_wide_capacity,w06,2026-03-06,2026-03-09,2026-03-13,002851,0.036000000004219955,0.9350976953907815,-0.08351511374259901,-0.0030065440950859945,
short_aggressive_wide_capacity,w06,2026-03-06,2026-03-09,2026-03-13,000426,0.036000000004219955,0.9416392785571142,-0.06536468712634513,-0.002353128736824261,
short_aggressive_wide_capacity,w06,2026-03-06,2026-03-09,2026-03-13,688122,0.036000000004219955,0.9440180360721444,-0.09217877094972071,-0.003318435754578936,
short_aggressive_wide_capacity,w06,2026-03-06,2026-03-09,2026-03-13,300751,0.036000000004219955,0.9448812625250501,-0.05483328234934226,-0.0019739981648077155,
short_aggressive_wide_capacity,w06,2026-03-06,2026-03-09,2026-03-13,000060,0.036000000004219955,0.9582905811623246,-0.0490066225165563,-0.0017642384108028325,
short_aggressive_wide_capacity,w06,2026-03-06,2026-03-09,2026-03-13,300857,0.036000000004219955,0.9654268537074149,0.002388663967611393,8.59919028440902e-05,
short_aggressive_wide_capacity,w06,2026-03-06,2026-03-09,2026-03-13,300724,0.036000000004219955,0.9689949899799599,0.0750526685393258,0.0027018960677324473,
short_aggressive_wide_capacity,w06,2026-03-06,2026-03-09,2026-03-13,002008,0.036000000004219955,0.9701843687374749,-0.012079378774805916,-0.0004348576359439874,
short_aggressive_wide_capacity,w06,2026-03-06,2026-03-09,2026-03-13,002429,0.036000000004219955,0.97137374749499,0.12641509433962272,0.0045509433967598845,
short_aggressive_wide_capacity,w06,2026-03-06,2026-03-09,2026-03-13,002195,0.036000000004219955,0.97375250501002,-0.028810408921933095,-0.00103717472131117,
short_aggressive_wide_capacity,w06,2026-03-06,2026-03-09,2026-03-13,600497,0.036000000004219955,0.97613126252505,0.0050864699898272026,0.00018311291965524397,
short_aggressive_wide_capacity,w06,2026-03-06,2026-03-09,2026-03-13,300919,0.036000000004219955,0.9071472945891783,0.04812730448282543,0.0017325829615848106,
short_aggressive_wide_capacity,w06,2026-03-06,2026-03-09,2026-03-13,300285,0.036000000000000004,0.9083366733466933,0.06955787102224731,0.0025040833568009033,
short_aggressive_wide_capacity,w06,2026-03-06,2026-03-09,2026-03-13,688347,0.036000000000000004,0.8934694388777555,0.011291281093471328,0.00040648611936496784,
short_aggressive_wide_capacity,w06,2026-03-06,2026-03-09,2026-03-13,601399,0.036000000000000004,0.895253507014028,-0.021739130434782483,-0.0007826086956521695,
short_aggressive_wide_capacity,w06,2026-03-06,2026-03-09,2026-03-13,002156,0.036000000000000004,0.9000110220440882,-0.04318798247444189,-0.0015547673690799082,
short_aggressive_wide_capacity,w06,2026-03-06,2026-03-09,2026-03-13,000629,0.036000000000000004,0.932124248496994,-0.034653465346534684,-0.0012475247524752488,
short_aggressive_wide_capacity,w06,2026-03-06,2026-03-09,2026-03-13,300604,0.036000000000000004,0.916067635270541,-0.0368359829391236,-0.0013260953858084499,
short_aggressive_wide_capacity,w06,2026-03-06,2026-03-09,2026-03-13,601168,0.036000000000000004,0.9214198396793587,-0.04969927192149415,-0.0017891737891737895,
short_aggressive_wide_capacity,w06,2026-03-06,2026-03-09,2026-03-13,688629,0.036000000000000004,0.9249879759519037,-0.09210974778459446,-0.003315950920245401,
short_aggressive_wide_capacity,w06,2026-03-06,2026-03-09,2026-03-13,300223,0.036000000000000004,0.928556112224449,-0.04320244117883232,-0.0015552878824379637,
short_aggressive_wide_capacity,w06,2026-03-06,2026-03-09,2026-03-13,603077,0.036000000000000004,0.9350976953907815,0.13103448275862073,0.004717241379310347,
short_aggressive_wide_capacity,w06,2026-03-06,2026-03-09,2026-03-13,002202,0.03333333331223356,0.8893066132264529,0.1039690902704602,0.0034656363401549487,
short_aggressive_wide_capacity,w06,2026-03-06,2026-03-09,2026-03-13,601179,0.02666666664978681,0.8888682364729459,-0.0854922279792747,-0.0022797927446708954,
short_aggressive_wide_capacity,w06,2026-03-06,2026-03-09,2026-03-13,000039,0.019999999987340117,0.8864894789579159,-0.08358208955223889,-0.0016716417899866384,
short_aggressive_wide_capacity,w06,2026-03-06,2026-03-09,2026-03-13,601608,0.013333333324893405,0.8797915831663327,-0.0273972602739726,-0.0003652968034217371,
short_aggressive_wide_capacity,w06,2026-03-06,2026-03-09,2026-03-13,688777,0.0066666666624467024,0.8769744488977955,-0.04202020202020207,-0.0002801346799573567,
stable_compact_capacity,w06,2026-03-06,2026-03-09,2026-03-13,688297,0.030303030303030304,0.9967815631262525,-0.09343434343434343,-0.0028313437404346494,
stable_compact_capacity,w06,2026-03-06,2026-03-09,2026-03-13,002195,0.030303030303030304,0.9586753507014029,-0.028810408921933095,-0.0008730426946040332,
stable_compact_capacity,w06,2026-03-06,2026-03-09,2026-03-13,688615,0.030303030303030304,0.9362885771543086,-0.04833106781452945,-0.0014645778125614984,
stable_compact_capacity,w06,2026-03-06,2026-03-09,2026-03-13,688709,0.030303030303030304,0.9555450901803607,-0.010539901053990164,-0.00031939094103000497,
stable_compact_capacity,w06,2026-03-06,2026-03-09,2026-03-13,002008,0.030303030303030304,0.9571763527054108,-0.012079378774805916,-0.00036604178105472475,
stable_compact_capacity,w06,2026-03-06,2026-03-09,2026-03-13,300627,0.030303030303030304,0.9573527054108216,0.008196721311475308,0.00024838549428713054,
stable_compact_capacity,w06,2026-03-06,2026-03-09,2026-03-13,688385,0.030303030303030304,0.957749498997996,-0.1238262176036059,-0.003752309624351694,
stable_compact_capacity,w06,2026-03-06,2026-03-09,2026-03-13,688002,0.030303030303030304,0.9579478957915831,-0.03385246666044961,-0.0010258323230439275,
stable_compact_capacity,w06,2026-03-06,2026-03-09,2026-03-13,601611,0.030303030303030304,0.9580801603206412,0.16002415458937214,0.00484921680573855,
stable_compact_capacity,w06,2026-03-06,2026-03-09,2026-03-13,300223,0.030303030303030304,0.9580801603206412,-0.04320244117883232,-0.00130916488420704,
stable_compact_capacity,w06,2026-03-06,2026-03-09,2026-03-13,601399,0.030303030303030304,0.9582124248496994,-0.021739130434782483,-0.000658761528326742,
stable_compact_capacity,w06,2026-03-06,2026-03-09,2026-03-13,688281,0.030303030303030304,0.9583226452905812,-0.09716060337178345,-0.002944260708235862,
stable_compact_capacity,w06,2026-03-06,2026-03-09,2026-03-13,003031,0.030303030303030304,0.9583226452905812,0.036487322201608,0.0011056764303517576,
stable_compact_capacity,w06,2026-03-06,2026-03-09,2026-03-13,688122,0.030303030303030304,0.9584108216432866,-0.09217877094972071,-0.0027932960893854763,
stable_compact_capacity,w06,2026-03-06,2026-03-09,2026-03-13,300604,0.030303030303030304,0.958498997995992,-0.0368359829391236,-0.0011162419072461697,
stable_compact_capacity,w06,2026-03-06,2026-03-09,2026-03-13,605358,0.030303030303030304,0.958565130260521,-0.027733333333333277,-0.0008404040404040387,
stable_compact_capacity,w06,2026-03-06,2026-03-09,2026-03-13,002429,0.030303030303030304,0.9587635270541083,0.12641509433962272,0.003830760434534022,
stable_compact_capacity,w06,2026-03-06,2026-03-09,2026-03-13,601567,0.030303030303030304,0.9954829659318637,0.035022101326079635,0.001061275797759989,
stable_compact_capacity,w06,2026-03-06,2026-03-09,2026-03-13,688027,0.030303030303030304,0.9589839679358717,-0.05555238040806998,-0.0016834054669112115,
stable_compact_capacity,w06,2026-03-06,2026-03-09,2026-03-13,603920,0.030303030303030304,0.9590721442885771,-0.04279005044355544,-0.0012966681952592558,
stable_compact_capacity,w06,2026-03-06,2026-03-09,2026-03-13,300724,0.030303030303030304,0.9591162324649298,0.0750526685393258,0.002274323289070479,
stable_compact_capacity,w06,2026-03-06,2026-03-09,2026-03-13,688347,0.030303030303030304,0.9591603206412825,0.011291281093471328,0.0003421600331354948,
stable_compact_capacity,w06,2026-03-06,2026-03-09,2026-03-13,300285,0.030303030303030304,0.9594689378757515,0.06955787102224731,0.002107814273401434,
stable_compact_capacity,w06,2026-03-06,2026-03-09,2026-03-13,300454,0.030303030303030304,0.9660140280561123,0.022051936994465837,0.0006682405149838133,
stable_compact_capacity,w06,2026-03-06,2026-03-09,2026-03-13,688525,0.030303030303030304,0.9726573146292585,0.0017675440691728994,5.356194149008786e-05,
stable_compact_capacity,w06,2026-03-06,2026-03-09,2026-03-13,601212,0.030303030303030304,0.977565130260521,-0.09850746268656718,-0.002985074626865672,
stable_compact_capacity,w06,2026-03-06,2026-03-09,2026-03-13,688608,0.030303030303030304,0.9797835671342685,-0.057165520888418864,-0.0017322885117702685,
stable_compact_capacity,w06,2026-03-06,2026-03-09,2026-03-13,601168,0.030303030303030304,0.9898897795591183,-0.04969927192149415,-0.0015060385430755803,
stable_compact_capacity,w06,2026-03-06,2026-03-09,2026-03-13,000878,0.030303030303030304,0.9898897795591183,-0.040598290598290565,-0.0012302512302512292,
stable_compact_capacity,w06,2026-03-06,2026-03-09,2026-03-13,600497,0.030303030303030304,0.9901763527054108,0.0050864699898272026,0.00015413545423718797,
stable_compact_capacity,w06,2026-03-06,2026-03-09,2026-03-13,000060,0.030303030303030304,0.9902865731462925,-0.0490066225165563,-0.0014850491671683727,
stable_compact_capacity,w06,2026-03-06,2026-03-09,2026-03-13,000426,0.030303030303030304,0.9915871743486974,-0.06536468712634513,-0.001980748094737731,
stable_compact_capacity,w06,2026-03-06,2026-03-09,2026-03-13,300748,0.030303030303030304,0.933314629258517,-0.057269947178204106,-0.001735452944794064,
stable_compact_current,w06,2026-03-06,2026-03-09,2026-03-13,601958,0.03253310000000001,0.959501002004008,-0.10984540276647681,-0.0035736114727420677,
stable_compact_current,w06,2026-03-06,2026-03-09,2026-03-13,300223,0.03253310000000001,0.9440511022044088,-0.04320244117883232,-0.00140550933911507,
stable_compact_current,w06,2026-03-06,2026-03-09,2026-03-13,688568,0.03253310000000001,0.9195130260521043,-0.12167008196721307,-0.0039583049436475405,
stable_compact_current,w06,2026-03-06,2026-03-09,2026-03-13,300724,0.03253310000000001,0.9245115230460922,0.0750526685393258,0.0024416959708567407,
stable_compact_current,w06,2026-03-06,2026-03-09,2026-03-13,605358,0.03253310000000001,0.9295100200400802,-0.027733333333333277,-0.0009022513066666651,
stable_compact_current,w06,2026-03-06,2026-03-09,2026-03-13,300285,0.03253310000000001,0.9563201402805612,0.06955787102224731,0.0022629331737538745,
stable_compact_current,w06,2026-03-06,2026-03-09,2026-03-13,603920,0.03253310000000001,0.9440511022044088,-0.04279005044355544,-0.0013920929900852338,
stable_compact_current,w06,2026-03-06,2026-03-09,2026-03-13,601168,0.03253310000000001,0.9440511022044088,-0.04969927192149415,-0.0016168713833491616,
stable_compact_current,w06,2026-03-06,2026-03-09,2026-03-13,600497,0.03253310000000001,0.9440511022044088,0.0050864699898272026,0.0001654786368260474,
stable_compact_current,w06,2026-03-06,2026-03-09,2026-03-13,300604,0.03253310000000001,0.9440511022044088,-0.0368359829391236,-0.0011983887165568023,
stable_compact_current,w06,2026-03-06,2026-03-09,2026-03-13,688002,0.03253310000000001,0.9440511022044088,-0.03385246666044961,-0.0011013256831110736,
stable_compact_current,w06,2026-03-06,2026-03-09,2026-03-13,002851,0.03253310000000001,0.9440511022044088,-0.08351511374259901,-0.0027170055468993485,
stable_compact_current,w06,2026-03-06,2026-03-09,2026-03-13,002156,0.03253310000000001,0.9440511022044088,-0.04318798247444189,-0.0014050389526392658,
stable_compact_current,w06,2026-03-06,2026-03-09,2026-03-13,300857,0.03253310000000001,0.9563201402805612,0.002388663967611393,7.771064372469823e-05,
stable_compact_current,w06,2026-03-06,2026-03-09,2026-03-13,603077,0.03253310000000001,0.9563201402805612,0.13103448275862073,0.004262957931034485,
stable_compact_current,w06,2026-03-06,2026-03-09,2026-03-13,300748,0.03253310000000001,0.9531392785571142,-0.057269947178204106,-0.0018631689185432325,
stable_compact_current,w06,2026-03-06,2026-03-09,2026-03-13,688027,0.03253310000000001,0.915877755511022,-0.05555238040806998,-0.0018072911470537818,
stable_compact_current,w06,2026-03-06,2026-03-09,2026-03-13,000060,0.03253310000000001,0.9440511022044088,-0.0490066225165563,-0.0015943373509933782,
stable_compact_current,w06,2026-03-06,2026-03-09,2026-03-13,000629,0.03253310000000001,0.9440511022044088,-0.034653465346534684,-0.001127384653465348,
stable_compact_current,w06,2026-03-06,2026-03-09,2026-03-13,000878,0.03253310000000001,0.9440511022044088,-0.040598290598290565,-0.0013207882478632471,
stable_compact_current,w06,2026-03-06,2026-03-09,2026-03-13,688281,0.03175800000000001,0.9440511022044088,-0.09716060337178345,-0.0030856264418810996,
stable_compact_current,w06,2026-03-06,2026-03-09,2026-03-13,688385,0.03175800000000001,0.9440511022044088,-0.1238262176036059,-0.0039324730186553174,
stable_compact_current,w06,2026-03-06,2026-03-09,2026-03-13,003031,0.03175800000000001,0.9345085170340681,0.036487322201608,0.001158764378478667,
stable_compact_current,w06,2026-03-06,2026-03-09,2026-03-13,601106,0.03175800000000001,0.9345085170340681,-0.03462321792260692,-0.0010995641547861508,
stable_compact_current,w06,2026-03-06,2026-03-09,2026-03-13,688122,0.03175800000000001,0.9440511022044088,-0.09217877094972071,-0.002927413407821231,
stable_compact_current,w06,2026-03-06,2026-03-09,2026-03-13,300919,0.03175800000000001,0.9295100200400802,0.04812730448282543,0.0015284269357655703,
stable_compact_current,w06,2026-03-06,2026-03-09,2026-03-13,601608,0.03175800000000001,0.9295100200400802,-0.0273972602739726,-0.0008700821917808221,
stable_compact_current,w06,2026-03-06,2026-03-09,2026-03-13,688347,0.03175800000000001,0.9295100200400802,0.011291281093471328,0.00035858850496646254,
stable_compact_current,w06,2026-03-06,2026-03-09,2026-03-13,601399,0.03175800000000001,0.9245115230460922,-0.021739130434782483,-0.0006903913043478223,
stable_compact_current,w06,2026-03-06,2026-03-09,2026-03-13,000831,0.03175800000000001,0.9204218436873748,-0.07791304347826078,-0.0024743624347826065,
stable_compact_current,w06,2026-03-06,2026-03-09,2026-03-13,002738,0.03175800000000001,0.9295100200400802,-0.027949917794359402,-0.0008876334893132661,
stable_extra_wide_capacity,w06,2026-03-06,2026-03-09,2026-03-13,300002,0.02173913043478261,0.9783667334669339,-0.000945179584120992,-2.054738226349983e-05,
stable_extra_wide_capacity,w06,2026-03-06,2026-03-09,2026-03-13,002436,0.02173913043478261,0.754493987975952,-0.04583499402152247,-0.000996412913511358,
stable_extra_wide_capacity,w06,2026-03-06,2026-03-09,2026-03-13,688778,0.02173913043478261,0.8892685370741484,0.013633355393779079,0.00029637729116911043,
stable_extra_wide_capacity,w06,2026-03-06,2026-03-09,2026-03-13,688052,0.02173913043478261,0.8155911823647295,-0.0020081543236172283,-4.365552877428758e-05,
stable_extra_wide_capacity,w06,2026-03-06,2026-03-09,2026-03-13,688114,0.02173913043478261,0.8155911823647295,-0.04559971611071678,-0.00099129817631993,
stable_extra_wide_capacity,w06,2026-03-06,2026-03-09,2026-03-13,603979,0.02173913043478261,0.7921743486973949,-0.09531408675467878,-0.0020720453642321477,
stable_extra_wide_capacity,w06,2026-03-06,2026-03-09,2026-03-13,688234,0.02173913043478261,0.7921743486973949,0.021436491314525075,0.0004660106807505452,
stable_extra_wide_capacity,w06,2026-03-06,2026-03-09,2026-03-13,688297,0.02173913043478261,0.7793386773547095,-0.09343434343434343,-0.002031181379007466,
stable_extra_wide_capacity,w06,2026-03-06,2026-03-09,2026-03-13,600602,0.02173913043478261,0.7784819639278557,0.015316205533596916,0.0003329609898608026,
stable_extra_wide_capacity,w06,2026-03-06,2026-03-09,2026-03-13,601061,0.02173913043478261,0.7770541082164328,-0.06016597510373456,-0.001307955980515969,
stable_extra_wide_capacity,w06,2026-03-06,2026-03-09,2026-03-13,301536,0.02173913043478261,0.7747695390781564,-0.07304849016413983,-0.0015880106557421706,
stable_extra_wide_capacity,w06,2026-03-06,2026-03-09,2026-03-13,300570,0.02173913043478261,0.754493987975952,0.001566170712607784,3.404718940451705e-05,
stable_extra_wide_capacity,w06,2026-03-06,2026-03-09,2026-03-13,688615,0.02173913043478261,0.976938877755511,-0.04833106781452945,-0.0010506753872723796,
stable_extra_wide_capacity,w06,2026-03-06,2026-03-09,2026-03-13,600516,0.02173913043478261,0.754493987975952,0.004457652303120341,9.69054848504422e-05,
stable_extra_wide_capacity,w06,2026-03-06,2026-03-09,2026-03-13,601958,0.02173913043478261,0.754493987975952,-0.10984540276647681,-0.00238794353840167,
stable_extra_wide_capacity,w06,2026-03-06,2026-03-09,2026-03-13,688525,0.02173913043478261,0.754493987975952,0.0017675440691728994,3.842487106897608e-05,
stable_extra_wide_capacity,w06,2026-03-06,2026-03-09,2026-03-13,688676,0.02173913043478261,0.754493987975952,-0.07916911620615319,-0.001721067743612026,
stable_extra_wide_capacity,w06,2026-03-06,2026-03-09,2026-03-13,301611,0.02173913043478261,0.7333617234468939,-0.08094708949482865,-0.0017597193368441013,
stable_extra_wide_capacity,w06,2026-03-06,2026-03-09,2026-03-13,002080,0.02173913043478261,0.7310771543086173,0.022004889975550057,0.00047836717338152306,
stable_extra_wide_capacity,w06,2026-03-06,2026-03-09,2026-03-13,002409,0.02173913043478261,0.7310771543086173,-0.03244357638888884,-0.0007052951388888879,
stable_extra_wide_capacity,w06,2026-03-06,2026-03-09,2026-03-13,600141,0.02173913043478261,0.7310771543086173,0.017973040439341004,0.00039071827042045667,
stable_extra_wide_capacity,w06,2026-03-06,2026-03-09,2026-03-13,002025,0.02173913043478261,0.7293637274549098,0.0561754520969604,0.0012212054803687044,
stable_extra_wide_capacity,w06,2026-03-06,2026-03-09,2026-03-13,688728,0.02173913043478261,0.8892685370741484,-0.035230352303523005,-0.0007658772239896306,
stable_extra_wide_capacity,w06,2026-03-06,2026-03-09,2026-03-13,688318,0.02173913043478261,0.8892685370741484,-0.01896139391868812,-0.0004122042156236548,
stable_extra_wide_capacity,w06,2026-03-06,2026-03-09,2026-03-13,688099,0.02173913043478261,0.8892685370741484,0.0006591957811470373,1.4330343068413855e-05,
stable_extra_wide_capacity,w06,2026-03-06,2026-03-09,2026-03-13,603290,0.02173913043478261,0.8892685370741484,0.06899999999999995,0.0014999999999999992,
stable_extra_wide_capacity,w06,2026-03-06,2026-03-09,2026-03-13,000032,0.02173913043478261,0.9746543086172346,-0.06434599156118159,-0.001398825903503948,
stable_extra_wide_capacity,w06,2026-03-06,2026-03-09,2026-03-13,688582,0.02173913043478261,0.9746543086172346,-0.03890266584004953,-0.0008457101269575987,
stable_extra_wide_capacity,w06,2026-03-06,2026-03-09,2026-03-13,300450,0.02173913043478261,0.9543787575150302,0.03510171519744709,0.0007630807651618934,
stable_extra_wide_capacity,w06,2026-03-06,2026-03-09,2026-03-13,300454,0.02173913043478261,0.9543787575150302,0.022051936994465837,0.0004793899346623009,
stable_extra_wide_capacity,w06,2026-03-06,2026-03-09,2026-03-13,300748,0.02173913043478261,0.9543787575150302,-0.057269947178204106,-0.0012449988517000893,
stable_extra_wide_capacity,w06,2026-03-06,2026-03-09,2026-03-13,600363,0.02173913043478261,0.9543787575150302,-0.03396670590213546,-0.0007384066500464232,
stable_extra_wide_capacity,w06,2026-03-06,2026-03-09,2026-03-13,688018,0.02173913043478261,0.9543787575150302,-0.024041879402830757,-0.0005226495522354513,
stable_extra_wide_capacity,w06,2026-03-06,2026-03-09,2026-03-13,688220,0.02173913043478261,0.9543787575150302,-0.05347012673506324,-0.0011623940594578967,
stable_extra_wide_capacity,w06,2026-03-06,2026-03-09,2026-03-13,688599,0.02173913043478261,0.9543787575150302,0.059477487493051706,0.0012929888585446025,
stable_extra_wide_capacity,w06,2026-03-06,2026-03-09,2026-03-13,688608,0.02173913043478261,0.9543787575150302,-0.057165520888418864,-0.0012427287149656277,
stable_extra_wide_capacity,w06,2026-03-06,2026-03-09,2026-03-13,300735,0.02173913043478261,0.9332464929859721,-0.041876046901172526,-0.0009103488456776637,
stable_extra_wide_capacity,w06,2026-03-06,2026-03-09,2026-03-13,603341,0.02173913043478261,0.9332464929859721,-0.03355861104637614,-0.0007295350227473075,
stable_extra_wide_capacity,w06,2026-03-06,2026-03-09,2026-03-13,300496,0.02173913043478261,0.9309619238476955,0.0070655441972338195,0.0001535987868963874,
stable_extra_wide_capacity,w06,2026-03-06,2026-03-09,2026-03-13,000050,0.02173913043478261,0.8892685370741484,0.0,0.0,
stable_extra_wide_capacity,w06,2026-03-06,2026-03-09,2026-03-13,300003,0.02173913043478261,0.8892685370741484,0.023161551823972282,0.0005035119961733105,
stable_extra_wide_capacity,w06,2026-03-06,2026-03-09,2026-03-13,300432,0.02173913043478261,0.8892685370741484,0.0638939119951778,0.0013889980868516914,
stable_extra_wide_capacity,w06,2026-03-06,2026-03-09,2026-03-13,300458,0.02173913043478261,0.8892685370741484,-0.0380976732293532,-0.000828210287594635,
stable_extra_wide_capacity,w06,2026-03-06,2026-03-09,2026-03-13,600143,0.02173913043478261,0.8892685370741484,-0.01492537313432829,-0.0003244646333549629,
stable_extra_wide_capacity,w06,2026-03-06,2026-03-09,2026-03-13,601865,0.02173913043478261,0.8892685370741484,0.047896440129449935,0.0010412269593358683,
stable_extra_wide_capacity,w06,2026-03-06,2026-03-09,2026-03-13,000559,0.02173913043478261,0.7270791583166333,-0.05254332029066522,-0.001142246093275331,
stable_medium_capacity,w06,2026-03-06,2026-03-09,2026-03-13,688629,0.01075268817204301,0.9721142284569138,-0.09210974778459446,-0.0009904273955332738,
stable_medium_capacity,w06,2026-03-06,2026-03-09,2026-03-13,688599,0.01075268817204301,0.8929934869739479,0.059477487493051706,0.0006395428762693731,
stable_medium_capacity,w06,2026-03-06,2026-03-09,2026-03-13,688387,0.01075268817204301,0.837372244488978,-0.08406524466750309,-0.0009039273620161622,
stable_medium_capacity,w06,2026-03-06,2026-03-09,2026-03-13,000032,0.01075268817204301,0.8389879759519038,-0.06434599156118159,-0.0006918923823782966,
stable_medium_capacity,w06,2026-03-06,2026-03-09,2026-03-13,300627,0.01075268817204301,0.8402204408817635,0.008196721311475308,8.813678829543342e-05,
stable_medium_capacity,w06,2026-03-06,2026-03-09,2026-03-13,002080,0.01075268817204301,0.8422870741482965,0.022004889975550057,0.00023661172016720488,
stable_medium_capacity,w06,2026-03-06,2026-03-09,2026-03-13,300748,0.01075268817204301,0.8505936873747495,-0.057269947178204106,-0.0006158058836366032,
stable_medium_capacity,w06,2026-03-06,2026-03-09,2026-03-13,300002,0.01075268817204301,0.8650075150300601,-0.000945179584120992,-1.0163221334634322e-05,
stable_medium_capacity,w06,2026-03-06,2026-03-09,2026-03-13,600602,0.01075268817204301,0.8681988977955912,0.015316205533596916,0.00016469038208168725,
stable_medium_capacity,w06,2026-03-06,2026-03-09,2026-03-13,688018,0.01075268817204301,0.8815956913827655,-0.024041879402830757,-0.00025851483228850276,
stable_medium_capacity,w06,2026-03-06,2026-03-09,2026-03-13,688525,0.01075268817204301,0.8847870741482966,0.0017675440691728994,1.9005850206160207e-05,
stable_medium_capacity,w06,2026-03-06,2026-03-09,2026-03-13,601958,0.01075268817204301,0.9007439879759518,-0.10984540276647681,-0.0011811333630803956,
stable_medium_capacity,w06,2026-03-06,2026-03-09,2026-03-13,300757,0.01075268817204301,0.9089504008016032,-0.01033426894615963,-0.00011112117146408204,
stable_medium_capacity,w06,2026-03-06,2026-03-09,2026-03-13,601212,0.01075268817204301,0.9021117234468937,-0.09850746268656718,-0.001059220028887819,
stable_medium_capacity,w06,2026-03-06,2026-03-09,2026-03-13,000831,0.01075268817204301,0.9025676352705411,-0.07791304347826078,-0.0008377746610565675,
stable_medium_capacity,w06,2026-03-06,2026-03-09,2026-03-13,002851,0.01075268817204301,0.9034794589178357,-0.08351511374259901,-0.000898011975726871,
stable_medium_capacity,w06,2026-03-06,2026-03-09,2026-03-13,688375,0.01075268817204301,0.9039353707414829,-0.014952942211276299,-0.0001607843248524333,
stable_medium_capacity,w06,2026-03-06,2026-03-09,2026-03-13,002436,0.01075268817204301,0.9043912825651302,-0.04583499402152247,-0.0004928493980808867,
stable_medium_capacity,w06,2026-03-06,2026-03-09,2026-03-13,600516,0.01075268817204301,0.9053031062124248,0.004457652303120341,4.793174519484237e-05,
stable_medium_capacity,w06,2026-03-06,2026-03-09,2026-03-13,601168,0.01075268817204301,0.9064428857715431,-0.04969927192149415,-0.0005344007733493994,
stable_medium_capacity,w06,2026-03-06,2026-03-09,2026-03-13,000878,0.01075268817204301,0.9064428857715431,-0.040598290598290565,-0.0004365407591214039,
stable_medium_capacity,w06,2026-03-06,2026-03-09,2026-03-13,688568,0.01075268817204301,0.9080385771543086,-0.12167008196721307,-0.0013082804512603555,
stable_medium_capacity,w06,2026-03-06,2026-03-09,2026-03-13,600141,0.01075268817204301,0.8365881763527054,0.017973040439341004,0.0001932584993477527,
stable_medium_capacity,w06,2026-03-06,2026-03-09,2026-03-13,002409,0.01075268817204301,0.8338527054108216,-0.03244357638888884,-0.0003488556600955789,
stable_medium_capacity,w06,2026-03-06,2026-03-09,2026-03-13,601179,0.01075268817204301,0.8335796593186372,-0.0854922279792747,-0.0009192712685943514,
stable_medium_capacity,w06,2026-03-06,2026-03-09,2026-03-13,002126,0.01075268817204301,0.831756012024048,-0.15356287976431604,-0.0016512137609066238,
stable_medium_capacity,w06,2026-03-06,2026-03-09,2026-03-13,002683,0.01075268817204301,0.7638251503006012,-0.08241534067727474,-0.0008861864588954273,
stable_medium_capacity,w06,2026-03-06,2026-03-09,2026-03-13,600801,0.01075268817204301,0.7647369739478957,-0.017123287671232834,-0.00018412137280895518,
stable_medium_capacity,w06,2026-03-06,2026-03-09,2026-03-13,000559,0.01075268817204301,0.7651152304609218,-0.05254332029066522,-0.0005649819386093033,
stable_medium_capacity,w06,2026-03-06,2026-03-09,2026-03-13,301358,0.01075268817204301,0.7656487975951903,0.22633935463949384,0.0024337565014999336,
stable_medium_capacity,w06,2026-03-06,2026-03-09,2026-03-13,603699,0.01075268817204301,0.7674724448897795,0.09944954128440364,0.00106934990628391,
stable_medium_capacity,w06,2026-03-06,2026-03-09,2026-03-13,688563,0.01075268817204301,0.7706638276553105,-0.06447898675877961,-0.0006933224382664473,
stable_medium_capacity,w06,2026-03-06,2026-03-09,2026-03-13,603156,0.01075268817204301,0.7733992985971943,-0.021113243761996192,-0.0002270241264730773,
stable_medium_capacity,w06,2026-03-06,2026-03-09,2026-03-13,600312,0.01075268817204301,0.774311122244489,-0.07913669064748208,-0.0008509321574998072,
stable_medium_capacity,w06,2026-03-06,2026-03-09,2026-03-13,000830,0.01075268817204301,0.7747670340681362,-0.023255813953488524,-0.0002500625156289088,
stable_medium_capacity,w06,2026-03-06,2026-03-09,2026-03-13,600348,0.01075268817204301,0.7786422845691382,0.02941176470588247,0.0003162555344718545,
stable_medium_capacity,w06,2026-03-06,2026-03-09,2026-03-13,688582,0.01075268817204301,0.7819989979959919,-0.03890266584004953,-0.00041830823483924223,
stable_medium_capacity,w06,2026-03-06,2026-03-09,2026-03-13,002064,0.01075268817204301,0.7835796593186373,-0.1127694859038143,-0.001212575117245315,
stable_medium_capacity,w06,2026-03-06,2026-03-09,2026-03-13,002410,0.01075268817204301,0.7913827655310621,-0.01883830455259028,-0.0002025624145439815,
stable_medium_capacity,w06,2026-03-06,2026-03-09,2026-03-13,603650,0.01075268817204301,0.7954333667334669,-0.02027748132337248,-0.00021803743358465033,
stable_medium_capacity,w06,2026-03-06,2026-03-09,2026-03-13,002025,0.01075268817204301,0.7988902805611222,0.0561754520969604,0.0006040371193221548,
stable_medium_capacity,w06,2026-03-06,2026-03-09,2026-03-13,300450,0.01075268817204301,0.7995315631262525,0.03510171519744709,0.0003774377978220117,
stable_medium_capacity,w06,2026-03-06,2026-03-09,2026-03-13,600685,0.01075268817204301,0.8006763527054108,-0.07702888583218714,-0.00082826758959341,
stable_medium_capacity,w06,2026-03-06,2026-03-09,2026-03-13,600363,0.01075268817204301,0.8100175350701402,-0.03396670590213546,-0.0003652333967971555,
stable_medium_capacity,w06,2026-03-06,2026-03-09,2026-03-13,003035,0.01075268817204301,0.8299323647294589,0.14466130884041317,0.0015554979445205717,
stable_medium_capacity,w06,2026-03-06,2026-03-09,2026-03-13,000426,0.01075268817204301,0.9084944889779558,-0.06536468712634513,-0.0007028460981327433,
stable_medium_capacity,w06,2026-03-06,2026-03-09,2026-03-13,600497,0.01075268817204301,0.9094063126252505,0.0050864699898272026,5.469322569706669e-05,
stable_medium_capacity,w06,2026-03-06,2026-03-09,2026-03-13,301536,0.01075268817204301,0.9625400801603206,-0.07304849016413983,-0.0007854676361735465,
stable_medium_capacity,w06,2026-03-06,2026-03-09,2026-03-13,601106,0.01075268817204301,0.925819138276553,-0.03462321792260692,-0.00037229266583448296,
stable_medium_capacity,w06,2026-03-06,2026-03-09,2026-03-13,300395,0.01075268817204301,0.9221718436873747,0.03273188865717658,0.00035195579201265136,
stable_medium_capacity,w06,2026-03-06,2026-03-09,2026-03-13,002738,0.01075268817204301,0.922627755511022,-0.027949917794359402,-0.0003005367504769828,
stable_medium_capacity,w06,2026-03-06,2026-03-09,2026-03-13,603077,0.01075268817204301,0.9230836673346693,0.13103448275862073,0.0014089729328883949,
stable_medium_capacity,w06,2026-03-06,2026-03-09,2026-03-13,301308,0.01075268817204301,0.9235395791583165,0.06591503267973864,0.0007087637922552541,
stable_medium_capacity,w06,2026-03-06,2026-03-09,2026-03-13,002429,0.01075268817204301,0.9239954909819639,0.12641509433962272,0.0013593020896733624,
stable_medium_capacity,w06,2026-03-06,2026-03-09,2026-03-13,300724,0.01075268817204301,0.9244514028056112,0.0750526685393258,0.000807017941283073,
stable_medium_capacity,w06,2026-03-06,2026-03-09,2026-03-13,601061,0.01075268817204301,0.9245090180360721,-0.06016597510373456,-0.0006469459688573608,
stable_medium_capacity,w06,2026-03-06,2026-03-09,2026-03-13,603920,0.01075268817204301,0.9249073146292585,-0.04279005044355544,-0.0004601080692855423,
stable_medium_capacity,w06,2026-03-06,2026-03-09,2026-03-13,688347,0.01075268817204301,0.9253632264529058,0.011291281093471328,0.00012141162466098202,
stable_medium_capacity,w06,2026-03-06,2026-03-09,2026-03-13,688027,0.01075268817204301,0.9262750501002004,-0.05555238040806998,-0.0005973374237426879,
stable_medium_capacity,w06,2026-03-06,2026-03-09,2026-03-13,300570,0.01075268817204301,0.9098622244488977,0.001566170712607784,1.684054529685789e-05,
stable_medium_capacity,w06,2026-03-06,2026-03-09,2026-03-13,600392,0.01075268817204301,0.9267309619238476,-0.09156193895870735,-0.0009845369780506165,
stable_medium_capacity,w06,2026-03-06,2026-03-09,2026-03-13,300285,0.01075268817204301,0.927186873747495,0.06955787102224731,0.0007479340970134119,
stable_medium_capacity,w06,2026-03-06,2026-03-09,2026-03-13,300136,0.01075268817204301,0.9276427855711422,-0.07380127094165223,-0.0007935620531360454,
stable_medium_capacity,w06,2026-03-06,2026-03-09,2026-03-13,300751,0.01075268817204301,0.9294664328657314,-0.05483328234934226,-0.0005896051865520673,
stable_medium_capacity,w06,2026-03-06,2026-03-09,2026-03-13,300058,0.01075268817204301,0.9303782565130261,-0.09267110841913995,-0.0009964635313886015,
stable_medium_capacity,w06,2026-03-06,2026-03-09,2026-03-13,688220,0.01075268817204301,0.9322019038076153,-0.05347012673506324,-0.0005749475993017552,
stable_medium_capacity,w06,2026-03-06,2026-03-09,2026-03-13,688615,0.01075268817204301,0.9331713426853707,-0.04833106781452945,-0.0005196889012314994,
stable_medium_capacity,w06,2026-03-06,2026-03-09,2026-03-13,688709,0.01075268817204301,0.9511422845691382,-0.010539901053990164,-0.00011333226939774369,
stable_medium_capacity,w06,2026-03-06,2026-03-09,2026-03-13,688297,0.01075268817204301,0.9585120240480962,-0.09343434343434343,-0.001004670359509069,
stable_medium_capacity,w06,2026-03-06,2026-03-09,2026-03-13,601231,0.01075268817204301,0.9217159318637274,0.022064417955871107,0.00023725180597710866,
stable_medium_capacity,w06,2026-03-06,2026-03-09,2026-03-13,601608,0.01075268817204301,0.9210320641282564,-0.0273972602739726,-0.000294594196494329,
stable_medium_capacity,w06,2026-03-06,2026-03-09,2026-03-13,605358,0.01075268817204301,0.9210320641282564,-0.027733333333333277,-0.0002982078853046589,
stable_medium_capacity,w06,2026-03-06,2026-03-09,2026-03-13,000629,0.01075268817204301,0.9192084168336673,-0.034653465346534684,-0.00037261790695198584,
stable_medium_capacity,w06,2026-03-06,2026-03-09,2026-03-13,688385,0.01075268817204301,0.910318136272545,-0.1238262176036059,-0.001331464705415117,
stable_medium_capacity,w06,2026-03-06,2026-03-09,2026-03-13,000060,0.01075268817204301,0.9107740480961923,-0.0490066225165563,-0.0005269529302855515,
stable_medium_capacity,w06,2026-03-06,2026-03-09,2026-03-13,688676,0.01075268817204301,0.9112299599198397,-0.07916911620615319,-0.000851280819421002,
stable_medium_capacity,w06,2026-03-06,2026-03-09,2026-03-13,300604,0.01075268817204301,0.9116858717434869,-0.0368359829391236,-0.00039608583805509246,
stable_medium_capacity,w06,2026-03-06,2026-03-09,2026-03-13,300857,0.01075268817204301,0.9121417835671343,0.002388663967611393,2.5684558791520352e-05,
stable_medium_capacity,w06,2026-03-06,2026-03-09,2026-03-13,688608,0.01075268817204301,0.9125976953907815,-0.057165520888418864,-0.0006146830203055791,
stable_medium_capacity,w06,2026-03-06,2026-03-09,2026-03-13,688002,0.01075268817204301,0.9135095190380761,-0.03385246666044961,-0.00036400501785429685,
stable_medium_capacity,w06,2026-03-06,2026-03-09,2026-03-13,300919,0.01075268817204301,0.9139654308617234,0.04812730448282543,0.0005174978976647895,
stable_medium_capacity,w06,2026-03-06,2026-03-09,2026-03-13,601611,0.01075268817204301,0.9146492985971943,0.16002415458937214,0.0017206898342943238,
stable_medium_capacity,w06,2026-03-06,2026-03-09,2026-03-13,300223,0.01075268817204301,0.9146492985971943,-0.04320244117883232,-0.00046454237826701415,
stable_medium_capacity,w06,2026-03-06,2026-03-09,2026-03-13,002008,0.01075268817204301,0.9153331663326653,-0.012079378774805916,-0.00012988579327748295,
stable_medium_capacity,w06,2026-03-06,2026-03-09,2026-03-13,601399,0.01075268817204301,0.9160170340681362,-0.021739130434782483,-0.00023375409069658582,
stable_medium_capacity,w06,2026-03-06,2026-03-09,2026-03-13,002465,0.01075268817204301,0.9160170340681362,-0.06268306971294668,-0.0006740115022897493,
stable_medium_capacity,w06,2026-03-06,2026-03-09,2026-03-13,000960,0.01075268817204301,0.9167009018036072,-0.08461538461538454,-0.0009098428453267154,
stable_medium_capacity,w06,2026-03-06,2026-03-09,2026-03-13,688281,0.01075268817204301,0.9192084168336673,-0.09716060337178345,-0.001044737670664338,
stable_medium_capacity,w06,2026-03-06,2026-03-09,2026-03-13,688122,0.01075268817204301,0.9192084168336673,-0.09217877094972071,-0.0009911695801045237,
stable_medium_capacity,w06,2026-03-06,2026-03-09,2026-03-13,003031,0.01075268817204301,0.9192084168336673,0.036487322201608,0.0003923367978667526,
stable_medium_capacity,w06,2026-03-06,2026-03-09,2026-03-13,002195,0.01075268817204301,0.9192084168336673,-0.028810408921933095,-0.0003097893432465924,
stable_medium_capacity,w06,2026-03-06,2026-03-09,2026-03-13,002156,0.01075268817204301,0.9192084168336673,-0.04318798247444189,-0.0004643869083273321,
stable_medium_capacity,w06,2026-03-06,2026-03-09,2026-03-13,603179,0.01075268817204301,0.7629133266533066,-0.047038108414036106,-0.0005057861119788828,
balanced_extra_wide_capacity,w07,2026-03-13,2026-03-16,2026-03-20,000831,0.015625,0.9543336673346693,-0.12259524707657488,-0.0019155507355714824,
balanced_extra_wide_capacity,w07,2026-03-13,2026-03-16,2026-03-20,000960,0.015625,0.9543336673346693,-0.11574952561669838,-0.0018085863377609122,
balanced_extra_wide_capacity,w07,2026-03-13,2026-03-16,2026-03-20,688122,0.015625,0.8926102204408817,-0.0874358974358973,-0.0013661858974358954,
balanced_extra_wide_capacity,w07,2026-03-13,2026-03-16,2026-03-20,688281,0.015625,0.8926102204408817,-0.0626535626535627,-0.0009789619164619172,
balanced_extra_wide_capacity,w07,2026-03-13,2026-03-16,2026-03-20,688347,0.015625,0.8926102204408817,-0.026192075218267385,-0.0004092511752854279,
balanced_extra_wide_capacity,w07,2026-03-13,2026-03-16,2026-03-20,688599,0.015625,0.8926102204408817,0.0005246589716685346,8.197796432320853e-06,
balanced_extra_wide_capacity,w07,2026-03-13,2026-03-16,2026-03-20,688709,0.015625,0.8926102204408817,0.0010869565217390686,1.6983695652172948e-05,
balanced_extra_wide_capacity,w07,2026-03-13,2026-03-16,2026-03-20,300529,0.015625,0.861623246492986,-0.030801911842803897,-0.0004812798725438109,
balanced_extra_wide_capacity,w07,2026-03-13,2026-03-16,2026-03-20,300601,0.015625,0.861623246492986,0.0007097232079489313,1.1089425124202051e-05,
balanced_extra_wide_capacity,w07,2026-03-13,2026-03-16,2026-03-20,300679,0.015625,0.861623246492986,-0.08627136752136744,-0.0013479901175213662,
balanced_extra_wide_capacity,w07,2026-03-13,2026-03-16,2026-03-20,603707,0.015625,0.861623246492986,-0.00203252032520318,-3.1758130081299685e-05,
balanced_extra_wide_capacity,w07,2026-03-13,2026-03-16,2026-03-20,603927,0.015625,0.861623246492986,-0.03547671840354771,-0.000554323725055433,
balanced_extra_wide_capacity,w07,2026-03-13,2026-03-16,2026-03-20,002465,0.015625,0.8497494989979959,-0.06874999999999998,-0.0010742187499999997,
balanced_extra_wide_capacity,w07,2026-03-13,2026-03-16,2026-03-20,300136,0.015625,0.8497494989979959,-0.023857788866365137,-0.00037277795103695527,
balanced_extra_wide_capacity,w07,2026-03-13,2026-03-16,2026-03-20,300395,0.015625,0.8497494989979959,-0.1407374890254609,-0.0021990232660228266,
balanced_extra_wide_capacity,w07,2026-03-13,2026-03-16,2026-03-20,300757,0.015625,0.8497494989979959,-0.06536031971122858,-0.0010212549954879465,
balanced_extra_wide_capacity,w07,2026-03-13,2026-03-16,2026-03-20,301611,0.015625,0.8497494989979959,-0.09216889880952384,-0.00144013904389881,
balanced_extra_wide_capacity,w07,2026-03-13,2026-03-16,2026-03-20,601106,0.015625,0.8497494989979959,-0.08860759493670889,-0.0013844936708860764,
balanced_extra_wide_capacity,w07,2026-03-13,2026-03-16,2026-03-20,601212,0.015625,0.8497494989979959,-0.10264900662251653,-0.0016038907284768207,
balanced_extra_wide_capacity,w07,2026-03-13,2026-03-16,2026-03-20,688375,0.015625,0.8497494989979959,-0.024020001785873712,-0.00037531252790427676,
balanced_extra_wide_capacity,w07,2026-03-13,2026-03-16,2026-03-20,688568,0.015625,0.8497494989979959,-0.03310002916302124,-0.0005171879556722069,
balanced_extra_wide_capacity,w07,2026-03-13,2026-03-16,2026-03-20,688629,0.015625,0.8497494989979959,0.03181604880337874,0.0004971257625527928,
balanced_extra_wide_capacity,w07,2026-03-13,2026-03-16,2026-03-20,000032,0.015625,0.826753507014028,0.0219842164599775,0.00034350338218714846,
balanced_extra_wide_capacity,w07,2026-03-13,2026-03-16,2026-03-20,300748,0.015625,0.826753507014028,-0.09348274845178406,-0.001460667944559126,
balanced_extra_wide_capacity,w07,2026-03-13,2026-03-16,2026-03-20,600363,0.015625,0.826753507014028,-0.0910356832027851,-0.0014224325500435172,
balanced_extra_wide_capacity,w07,2026-03-13,2026-03-16,2026-03-20,603225,0.015625,0.826753507014028,-0.13966480446927365,-0.002182262569832401,
balanced_extra_wide_capacity,w07,2026-03-13,2026-03-16,2026-03-20,688018,0.015625,0.826753507014028,-0.053109065624792895,-0.000829829150387389,
balanced_extra_wide_capacity,w07,2026-03-13,2026-03-16,2026-03-20,688220,0.015625,0.826753507014028,-0.04845702626880899,-0.0007571410354501405,
balanced_extra_wide_capacity,w07,2026-03-13,2026-03-16,2026-03-20,688608,0.015625,0.826753507014028,-0.05771495877502941,-0.0009017962308598346,
balanced_extra_wide_capacity,w07,2026-03-13,2026-03-16,2026-03-20,300454,0.015625,0.7838927855711423,-0.07972342552482514,-0.0012456785238253928,
balanced_extra_wide_capacity,w07,2026-03-13,2026-03-16,2026-03-20,300070,0.015625,0.7720691382765531,-0.06117647058823528,-0.0009558823529411762,
balanced_extra_wide_capacity,w07,2026-03-13,2026-03-16,2026-03-20,688002,0.015625,0.8926102204408817,-0.025096525096525046,-0.00039213320463320385,
balanced_extra_wide_capacity,w07,2026-03-13,2026-03-16,2026-03-20,605358,0.015625,0.8926102204408817,-0.04991771804717504,-0.00077996434448711,
balanced_extra_wide_capacity,w07,2026-03-13,2026-03-16,2026-03-20,603920,0.015625,0.8926102204408817,-0.06014900963111036,-0.0009398282754860994,
balanced_extra_wide_capacity,w07,2026-03-13,2026-03-16,2026-03-20,688387,0.015625,0.9114729458917835,0.026712328767123372,0.0004173801369863027,
balanced_extra_wide_capacity,w07,2026-03-13,2026-03-16,2026-03-20,002335,0.015625,0.9543336673346693,-0.017327505463627824,-0.00027074227286918474,
balanced_extra_wide_capacity,w07,2026-03-13,2026-03-16,2026-03-20,002738,0.015625,0.9543336673346693,-0.11787665886026544,-0.0018418227946916475,
balanced_extra_wide_capacity,w07,2026-03-13,2026-03-16,2026-03-20,002851,0.015625,0.9543336673346693,-0.11824209452567147,-0.0018475327269636167,
balanced_extra_wide_capacity,w07,2026-03-13,2026-03-16,2026-03-20,003031,0.015625,0.9543336673346693,-0.04116945107398573,-0.000643272673031027,
balanced_extra_wide_capacity,w07,2026-03-13,2026-03-16,2026-03-20,300627,0.015625,0.9543336673346693,-0.07569386038687975,-0.0011827165685449961,
balanced_extra_wide_capacity,w07,2026-03-13,2026-03-16,2026-03-20,600392,0.015625,0.9543336673346693,-0.12055335968379444,-0.001883646245059288,
balanced_extra_wide_capacity,w07,2026-03-13,2026-03-16,2026-03-20,601611,0.015625,0.9543336673346693,-0.23217074440395635,-0.003627667881311818,
balanced_extra_wide_capacity,w07,2026-03-13,2026-03-16,2026-03-20,601958,0.015625,0.9543336673346693,-0.13436928702010964,-0.002099520109689213,
balanced_extra_wide_capacity,w07,2026-03-13,2026-03-16,2026-03-20,603688,0.015625,0.9543336673346693,-0.09708737864077666,-0.0015169902912621352,
balanced_extra_wide_capacity,w07,2026-03-13,2026-03-16,2026-03-20,688027,0.015625,0.9543336673346693,-0.027231467473525006,-0.0004254916792738282,
balanced_extra_wide_capacity,w07,2026-03-13,2026-03-16,2026-03-20,002429,0.015625,0.9114729458917835,-0.1616415410385259,-0.0025256490787269673,
balanced_extra_wide_capacity,w07,2026-03-13,2026-03-16,2026-03-20,300570,0.015625,0.9114729458917835,-0.06833463643471471,-0.0010677286942924174,
balanced_extra_wide_capacity,w07,2026-03-13,2026-03-16,2026-03-20,600498,0.015625,0.9114729458917835,-0.15469824293353707,-0.0024171600458365167,
balanced_extra_wide_capacity,w07,2026-03-13,2026-03-16,2026-03-20,688385,0.015625,0.9066633266533066,0.018290940268648193,0.000285795941697628,
balanced_extra_wide_capacity,w07,2026-03-13,2026-03-16,2026-03-20,601399,0.015625,0.8926102204408817,-0.08888888888888902,-0.001388888888888891,
balanced_extra_wide_capacity,w07,2026-03-13,2026-03-16,2026-03-20,000060,0.015625,0.8926102204408817,-0.14206128133704732,-0.0022197075208913643,
balanced_extra_wide_capacity,w07,2026-03-13,2026-03-16,2026-03-20,000426,0.015625,0.8926102204408817,-0.1605543710021322,-0.002508662046908316,
balanced_extra_wide_capacity,w07,2026-03-13,2026-03-16,2026-03-20,000878,0.015625,0.8926102204408817,-0.1670378619153675,-0.0026099665924276174,
balanced_extra_wide_capacity,w07,2026-03-13,2026-03-16,2026-03-20,002008,0.015625,0.8926102204408817,-0.05982532751091707,-0.0009347707423580792,
balanced_extra_wide_capacity,w07,2026-03-13,2026-03-16,2026-03-20,002025,0.015625,0.8926102204408817,0.15555555555555545,0.002430555555555554,
balanced_extra_wide_capacity,w07,2026-03-13,2026-03-16,2026-03-20,002156,0.015625,0.8926102204408817,-0.03314435237679891,-0.000517880505887483,
balanced_extra_wide_capacity,w07,2026-03-13,2026-03-16,2026-03-20,002195,0.015625,0.8926102204408817,-0.10526315789473684,-0.001644736842105263,
balanced_extra_wide_capacity,w07,2026-03-13,2026-03-16,2026-03-20,002436,0.015625,0.8926102204408817,-0.09482038429406847,-0.0014815685045948199,
balanced_extra_wide_capacity,w07,2026-03-13,2026-03-16,2026-03-20,300223,0.015625,0.8926102204408817,0.0054553084347459535,8.523919429290552e-05,
balanced_extra_wide_capacity,w07,2026-03-13,2026-03-16,2026-03-20,300285,0.015625,0.8926102204408817,-0.13796735123749326,-0.0021557398630858322,
balanced_extra_wide_capacity,w07,2026-03-13,2026-03-16,2026-03-20,300604,0.015625,0.8926102204408817,-0.004669887278582863,-7.296698872785723e-05,
balanced_extra_wide_capacity,w07,2026-03-13,2026-03-16,2026-03-20,600497,0.015625,0.8926102204408817,-0.18016194331983815,-0.002815030364372471,
balanced_extra_wide_capacity,w07,2026-03-13,2026-03-16,2026-03-20,601168,0.015625,0.8926102204408817,-0.1392405063291139,-0.0021756329113924045,
balanced_extra_wide_capacity,w07,2026-03-13,2026-03-16,2026-03-20,000629,0.015625,0.7480210420841684,-0.12051282051282042,-0.001883012820512819,
balanced_medium_current,w07,2026-03-13,2026-03-16,2026-03-20,000528,0.020408163265306124,1.0,-0.0794573643410853,-0.0016215788641037818,
balanced_medium_current,w07,2026-03-13,2026-03-16,2026-03-20,600060,0.020408163265306124,0.9378757515030061,-0.014336917562724039,-0.00029259015434130695,
balanced_medium_current,w07,2026-03-13,2026-03-16,2026-03-20,600392,0.020408163265306124,0.9348697394789579,-0.12055335968379444,-0.00246027264660805,
balanced_medium_current,w07,2026-03-13,2026-03-16,2026-03-20,300567,0.020408163265306124,0.9318637274549099,-0.040474425500370725,-0.0008260086836810353,
balanced_medium_current,w07,2026-03-13,2026-03-16,2026-03-20,002429,0.020408163265306124,0.9248496993987976,-0.1616415410385259,-0.0032988069599699165,
balanced_medium_current,w07,2026-03-13,2026-03-16,2026-03-20,003031,0.020408163265306124,0.9248496993987976,-0.04116945107398573,-0.0008401928790609333,
balanced_medium_current,w07,2026-03-13,2026-03-16,2026-03-20,600497,0.020408163265306124,0.9248496993987976,-0.18016194331983815,-0.003676774353466085,
balanced_medium_current,w07,2026-03-13,2026-03-16,2026-03-20,601611,0.020408163265306124,0.9248496993987976,-0.23217074440395635,-0.004738178457223599,
balanced_medium_current,w07,2026-03-13,2026-03-16,2026-03-20,601958,0.020408163265306124,0.9248496993987976,-0.13436928702010964,-0.0027422303473491768,
balanced_medium_current,w07,2026-03-13,2026-03-16,2026-03-20,603688,0.020408163265306124,0.9248496993987976,-0.09708737864077666,-0.0019813750743015645,
balanced_medium_current,w07,2026-03-13,2026-03-16,2026-03-20,688318,0.020408163265306124,0.9178356713426854,-0.02838237854779735,-0.0005792322152611705,
balanced_medium_current,w07,2026-03-13,2026-03-16,2026-03-20,002738,0.020408163265306124,0.9138276553106213,-0.11787665886026544,-0.002405646099189091,
balanced_medium_current,w07,2026-03-13,2026-03-16,2026-03-20,603920,0.020408163265306124,0.9138276553106213,-0.06014900963111036,-0.0012275308087981707,
balanced_medium_current,w07,2026-03-13,2026-03-16,2026-03-20,605358,0.020408163265306124,0.9138276553106213,-0.04991771804717504,-0.0010187289397382661,
balanced_medium_current,w07,2026-03-13,2026-03-16,2026-03-20,003035,0.020408163265306124,0.9098196392785571,-0.13239719157472418,-0.0027019835015249837,
balanced_medium_current,w07,2026-03-13,2026-03-16,2026-03-20,688568,0.020408163265306124,0.9078156312625251,-0.03310002916302124,-0.0006755107992453314,
balanced_medium_current,w07,2026-03-13,2026-03-16,2026-03-20,601399,0.020408163265306124,0.905811623246493,-0.08888888888888902,-0.0018140589569161025,
balanced_medium_current,w07,2026-03-13,2026-03-16,2026-03-20,600765,0.020408163265306124,0.9038076152304609,-0.05872388481084123,-0.0011984466287926782,
balanced_medium_current,w07,2026-03-13,2026-03-16,2026-03-20,000060,0.020408163265306124,0.8897795591182365,-0.14206128133704732,-0.0028992098232050478,
balanced_medium_current,w07,2026-03-13,2026-03-16,2026-03-20,000831,0.020408163265306124,0.8897795591182365,-0.12259524707657488,-0.0025019438178892836,
balanced_medium_current,w07,2026-03-13,2026-03-16,2026-03-20,000878,0.020408163265306124,0.8897795591182365,-0.1670378619153675,-0.00340893595745648,
balanced_medium_current,w07,2026-03-13,2026-03-16,2026-03-20,002025,0.020408163265306124,0.8897795591182365,0.15555555555555545,0.003174603174603173,
balanced_medium_current,w07,2026-03-13,2026-03-16,2026-03-20,002156,0.020408163265306124,0.8897795591182365,-0.03314435237679891,-0.0006764153546285493,
balanced_medium_current,w07,2026-03-13,2026-03-16,2026-03-20,000960,0.020408163265306124,0.9348697394789579,-0.11574952561669838,-0.002362235216667314,
balanced_medium_current,w07,2026-03-13,2026-03-16,2026-03-20,002465,0.020408163265306124,0.9398797595190381,-0.06874999999999998,-0.0014030612244897956,
balanced_medium_current,w07,2026-03-13,2026-03-16,2026-03-20,688295,0.020408163265306124,0.9979959919839679,0.1976899155930698,0.004034488073327956,
balanced_medium_current,w07,2026-03-13,2026-03-16,2026-03-20,603225,0.020408163265306124,0.9418837675350702,-0.13966480446927365,-0.0028503021320259933,
balanced_medium_current,w07,2026-03-13,2026-03-16,2026-03-20,300474,0.020408163265306124,0.9959919839679359,-0.0032487623762375017,-6.630127298443882e-05,
balanced_medium_current,w07,2026-03-13,2026-03-16,2026-03-20,300058,0.020408163265306124,0.9929859719438878,-0.031375166889185624,-0.000640309528350727,
balanced_medium_current,w07,2026-03-13,2026-03-16,2026-03-20,300136,0.020408163265306124,0.9929859719438878,-0.023857788866365137,-0.00048689365033398243,
balanced_medium_current,w07,2026-03-13,2026-03-16,2026-03-20,000921,0.020408163265306124,0.9889779559118237,-0.015017667844522964,-0.00030648301723516254,
balanced_medium_current,w07,2026-03-13,2026-03-16,2026-03-20,688608,0.020408163265306124,0.9859719438877755,-0.05771495877502941,-0.0011778563015312127,
balanced_medium_current,w07,2026-03-13,2026-03-16,2026-03-20,603077,0.020408163265306124,0.9839679358717435,-0.1554878048780487,-0.00317322050771528,
balanced_medium_current,w07,2026-03-13,2026-03-16,2026-03-20,600299,0.020408163265306124,0.9819639278557114,-0.10543337645536877,-0.0021517015603136486,
balanced_medium_current,w07,2026-03-13,2026-03-16,2026-03-20,688387,0.020408163265306124,0.9799599198396793,0.026712328767123372,0.0005451495666759873,
balanced_medium_current,w07,2026-03-13,2026-03-16,2026-03-20,688281,0.020408163265306124,0.9739478957915831,-0.0626535626535627,-0.001278644135786994,
balanced_medium_current,w07,2026-03-13,2026-03-16,2026-03-20,300285,0.020408163265306124,0.9719438877755511,-0.13796735123749326,-0.0028156602293365977,
balanced_medium_current,w07,2026-03-13,2026-03-16,2026-03-20,002265,0.020408163265306124,0.969939879759519,-0.06451612903225812,-0.00131665569453588,
balanced_medium_current,w07,2026-03-13,2026-03-16,2026-03-20,600487,0.020408163265306124,0.9679358717434869,-0.13486312399355882,-0.002752308652929772,
balanced_medium_current,w07,2026-03-13,2026-03-16,2026-03-20,002984,0.020408163265306124,0.9659318637274549,-0.043455497382199004,-0.0008868468853510001,
balanced_medium_current,w07,2026-03-13,2026-03-16,2026-03-20,688220,0.020408163265306124,0.9639278557114228,-0.04845702626880899,-0.0009889189034450814,
balanced_medium_current,w07,2026-03-13,2026-03-16,2026-03-20,688385,0.020408163265306124,0.9619238476953907,0.018290940268648193,0.0003732844952785346,
balanced_medium_current,w07,2026-03-13,2026-03-16,2026-03-20,300570,0.020408163265306124,0.9579158316633266,-0.06833463643471471,-0.0013945844170349944,
balanced_medium_current,w07,2026-03-13,2026-03-16,2026-03-20,000426,0.020408163265306124,0.9539078156312625,-0.1605543710021322,-0.0032766198163700455,
balanced_medium_current,w07,2026-03-13,2026-03-16,2026-03-20,688375,0.020408163265306124,0.9498997995991983,-0.024020001785873712,-0.0004902041180790554,
balanced_medium_current,w07,2026-03-13,2026-03-16,2026-03-20,601106,0.020408163265306124,0.9468937875751503,-0.08860759493670889,-0.0018083182640144674,
balanced_medium_current,w07,2026-03-13,2026-03-16,2026-03-20,688122,0.020408163265306124,0.9468937875751503,-0.0874358974358973,-0.0017844060701203532,
balanced_medium_current,w07,2026-03-13,2026-03-16,2026-03-20,603160,0.020408163265306124,0.9438877755511023,-0.02989244307864225,-0.000610049858747801,
balanced_medium_current,w07,2026-03-13,2026-03-16,2026-03-20,002436,0.020408163265306124,0.8897795591182365,-0.09482038429406847,-0.001935109883552418,
economic_medium_capacity,w07,2026-03-13,2026-03-16,2026-03-20,601611,0.036000000004219955,0.998,-0.23217074440395635,-0.008358146799522178,
economic_medium_capacity,w07,2026-03-13,2026-03-16,2026-03-20,002436,0.036000000004219955,0.7679839679358718,-0.09482038429406847,-0.0034135338349866027,
economic_medium_capacity,w07,2026-03-13,2026-03-16,2026-03-20,002429,0.036000000004219955,0.997815631262525,-0.1616415410385259,-0.005819095478069053,
economic_medium_capacity,w07,2026-03-13,2026-03-16,2026-03-20,688122,0.036000000004219955,0.7679599198396794,-0.0874358974358973,-0.0031476923080612784,
economic_medium_capacity,w07,2026-03-13,2026-03-16,2026-03-20,605358,0.036000000004219955,0.7679639278557114,-0.04991771804717504,-0.001797037849908952,
economic_medium_capacity,w07,2026-03-13,2026-03-16,2026-03-20,000426,0.036000000004219955,0.7679679358717435,-0.1605543710021322,-0.0057799573567542915,
economic_medium_capacity,w07,2026-03-13,2026-03-16,2026-03-20,600392,0.036000000004219955,0.7679719438877756,-0.12055335968379444,-0.004339920949125329,
economic_medium_capacity,w07,2026-03-13,2026-03-16,2026-03-20,000415,0.036000000004219955,0.7679799599198397,-0.12337662337662347,-0.004441558442079089,
economic_medium_capacity,w07,2026-03-13,2026-03-16,2026-03-20,603077,0.036000000004219955,0.7679879759519038,-0.1554878048780487,-0.005597560976265905,
economic_medium_capacity,w07,2026-03-13,2026-03-16,2026-03-20,601212,0.036000000004219955,0.7679919839679359,-0.10264900662251653,-0.003695364238843769,
economic_medium_capacity,w07,2026-03-13,2026-03-16,2026-03-20,601106,0.036000000004219955,0.767995991983968,-0.08860759493670889,-0.00318987341809544,
economic_medium_capacity,w07,2026-03-13,2026-03-16,2026-03-20,603000,0.036000000004219955,0.9915571142284569,-0.02907836372597339,-0.0010468210942577514,
economic_medium_capacity,w07,2026-03-13,2026-03-16,2026-03-20,300058,0.036000000004219955,0.9927434869739479,-0.031375166889185624,-0.0011295060081430843,
economic_medium_capacity,w07,2026-03-13,2026-03-16,2026-03-20,603659,0.036000000004219955,0.9974148296593186,-0.024844720496894568,-0.000894409937993048,
economic_medium_capacity,w07,2026-03-13,2026-03-16,2026-03-20,000878,0.036000000004219955,0.7679278557114229,-0.1670378619153675,-0.006013363029658123,
economic_medium_capacity,w07,2026-03-13,2026-03-16,2026-03-20,688709,0.036000000000000004,0.7679318637274549,0.0010869565217390686,3.9130434782606476e-05,
economic_medium_capacity,w07,2026-03-13,2026-03-16,2026-03-20,688385,0.036000000000000004,0.7679118236472946,0.018290940268648193,0.000658473849671335,
economic_medium_capacity,w07,2026-03-13,2026-03-16,2026-03-20,688297,0.036000000000000004,0.7679158316633267,-0.04735376044568251,-0.0017047353760445707,
economic_medium_capacity,w07,2026-03-13,2026-03-16,2026-03-20,603688,0.036000000000000004,0.7679238476953908,-0.09708737864077666,-0.00349514563106796,
economic_medium_capacity,w07,2026-03-13,2026-03-16,2026-03-20,002465,0.036000000000000004,0.7679519038076152,-0.06874999999999998,-0.0024749999999999993,
economic_medium_capacity,w07,2026-03-13,2026-03-16,2026-03-20,601958,0.036000000000000004,0.767935871743487,-0.13436928702010964,-0.004837294332723948,
economic_medium_capacity,w07,2026-03-13,2026-03-16,2026-03-20,688599,0.036000000000000004,0.767939879759519,0.0005246589716685346,1.8887722980067246e-05,
economic_medium_capacity,w07,2026-03-13,2026-03-16,2026-03-20,000960,0.036000000000000004,0.7679438877755511,-0.11574952561669838,-0.004166982922201142,
economic_medium_capacity,w07,2026-03-13,2026-03-16,2026-03-20,300567,0.036000000000000004,0.7679478957915832,-0.040474425500370725,-0.0014570793180133464,
economic_medium_capacity,w07,2026-03-13,2026-03-16,2026-03-20,688281,0.036000000000000004,0.7679559118236473,-0.0626535626535627,-0.0022555282555282575,
economic_medium_capacity,w07,2026-03-13,2026-03-16,2026-03-20,688248,0.03333333331223356,0.7679078156312625,-0.10940170940170935,-0.0036467236444152934,
economic_medium_capacity,w07,2026-03-13,2026-03-16,2026-03-20,000629,0.02666666664978681,0.7679038076152305,-0.12051282051282042,-0.003213675211640972,
economic_medium_capacity,w07,2026-03-13,2026-03-16,2026-03-20,300285,0.019999999987340117,0.7678997995991984,-0.13796735123749326,-0.002759347023003215,
economic_medium_capacity,w07,2026-03-13,2026-03-16,2026-03-20,601168,0.013333333324893405,0.7678957915831663,-0.1392405063291139,-0.0018565400832130053,
economic_medium_capacity,w07,2026-03-13,2026-03-16,2026-03-20,002738,0.0066666666624467024,0.7678917835671343,-0.11787665886026544,-0.0007858443919043343,
recent_compact_capacity,w07,2026-03-13,2026-03-16,2026-03-20,600299,0.032972380952380954,0.7613827655310621,-0.10543337645536877,-0.0034763894535822116,
recent_compact_capacity,w07,2026-03-13,2026-03-16,2026-03-20,603000,0.032972380952380954,0.7599498997995991,-0.02907836372597339,-0.0009587828862446902,
recent_compact_capacity,w07,2026-03-13,2026-03-16,2026-03-20,300390,0.032972380952380954,0.7577454909819639,-0.0926875593542259,-0.003056129516573957,
recent_compact_capacity,w07,2026-03-13,2026-03-16,2026-03-20,300763,0.032972380952380954,0.7579659318637274,0.15839472663823195,0.005222651267564027,
recent_compact_capacity,w07,2026-03-13,2026-03-16,2026-03-20,300857,0.032972380952380954,0.7582414829659317,-0.11446342744052673,-0.003774131734684263,
recent_compact_capacity,w07,2026-03-13,2026-03-16,2026-03-20,300567,0.032972380952380954,0.7582414829659317,-0.040474425500370725,-0.0013345381764269858,
recent_compact_capacity,w07,2026-03-13,2026-03-16,2026-03-20,688295,0.032972380952380954,0.7612725450901803,0.1976899155930698,0.006518307207378733,
recent_compact_capacity,w07,2026-03-13,2026-03-16,2026-03-20,002432,0.032972380952380954,0.7596192384769538,0.12746338817573677,0.0042027713924116025,
recent_compact_capacity,w07,2026-03-13,2026-03-16,2026-03-20,600392,0.032972380952380954,0.7597294589178356,-0.12055335968379444,-0.003974931300583474,
recent_compact_capacity,w07,2026-03-13,2026-03-16,2026-03-20,688385,0.032972380952380954,0.7598396793587173,0.018290940268648193,0.0006030958505151134,
recent_compact_capacity,w07,2026-03-13,2026-03-16,2026-03-20,301611,0.032972380952380954,0.7595090180360721,-0.09216889880952384,-0.0030390280435090714,
recent_compact_capacity,w07,2026-03-13,2026-03-16,2026-03-20,000960,0.032972380952380954,0.7601703406813627,-0.11574952561669838,-0.003816537453691157,
recent_compact_capacity,w07,2026-03-13,2026-03-16,2026-03-20,688361,0.032972380952380954,0.7602805611222444,0.0040305343511450875,0.0001328963140676134,
recent_compact_capacity,w07,2026-03-13,2026-03-16,2026-03-20,601611,0.032972380952380954,0.7610521042084167,-0.23217074440395635,-0.007655222230485118,
recent_compact_capacity,w07,2026-03-13,2026-03-16,2026-03-20,300677,0.032972380952380954,0.760941883767535,-0.09160058261854664,-0.003020289305558765,
recent_compact_capacity,w07,2026-03-13,2026-03-16,2026-03-20,002429,0.032972380952380954,0.7608316633266532,-0.1616415410385259,-0.005329706468852196,
recent_compact_capacity,w07,2026-03-13,2026-03-16,2026-03-20,688281,0.032972380952380954,0.7607214428857715,-0.0626535626535627,-0.0020658371358371376,
recent_compact_capacity,w07,2026-03-13,2026-03-16,2026-03-20,002203,0.032972380952380954,0.757635270541082,-0.06088173547935616,-0.0020074157752674186,
recent_compact_capacity,w07,2026-03-13,2026-03-16,2026-03-20,002056,0.032972380952380954,0.7606112224448897,-0.1385448916408668,-0.004568154946189,
recent_compact_capacity,w07,2026-03-13,2026-03-16,2026-03-20,688248,0.032972380952380954,0.7605010020040079,-0.10940170940170935,-0.003607234839234838,
recent_compact_capacity,w07,2026-03-13,2026-03-16,2026-03-20,000426,0.032972380952380954,0.7603907815631262,-0.1605543710021322,-0.005293859884252209,
recent_compact_capacity,w07,2026-03-13,2026-03-16,2026-03-20,000559,0.030758,0.759068136272545,-0.08259587020648962,-0.002540483775811208,
recent_compact_capacity,w07,2026-03-13,2026-03-16,2026-03-20,002008,0.030758,0.7589579158316633,-0.05982532751091707,-0.0018401074235807873,
recent_compact_capacity,w07,2026-03-13,2026-03-16,2026-03-20,002353,0.030758,0.7588476953907815,-0.08619215052741624,-0.0026510981659222687,
recent_compact_capacity,w07,2026-03-13,2026-03-16,2026-03-20,601958,0.030758,0.7591783567134268,-0.13436928702010964,-0.004132930530164532,
recent_compact_capacity,w07,2026-03-13,2026-03-16,2026-03-20,000738,0.030758,0.7586272545090179,-0.06760204081632648,-0.00207930357142857,
recent_compact_capacity,w07,2026-03-13,2026-03-16,2026-03-20,603077,0.030758,0.7584068136272545,-0.1554878048780487,-0.004782493902439022,
recent_compact_capacity,w07,2026-03-13,2026-03-16,2026-03-20,002126,0.030758,0.7592885771543085,-0.06351968675222974,-0.0019537385251250823,
recent_compact_capacity,w07,2026-03-13,2026-03-16,2026-03-20,001389,0.030758,0.7580761523046091,-0.07978589947311188,-0.0024540546959939753,
recent_compact_capacity,w07,2026-03-13,2026-03-16,2026-03-20,688615,0.030758,0.7578557114228456,-0.06295297042797443,-0.0019363074644236375,
recent_compact_capacity,w07,2026-03-13,2026-03-16,2026-03-20,600871,0.030758,0.7587374749498997,-0.09969788519637468,-0.0030665075528700926,
recent_compact_current,w07,2026-03-13,2026-03-16,2026-03-20,601611,0.027027027027027035,0.9875751503006012,-0.23217074440395635,-0.006274884983890714,
recent_compact_current,w07,2026-03-13,2026-03-16,2026-03-20,002126,0.027027027027027035,0.9313126252505011,-0.06351968675222974,-0.0017167482906008044,
recent_compact_current,w07,2026-03-13,2026-03-16,2026-03-20,601958,0.027027027027027035,0.9283567134268538,-0.13436928702010964,-0.0036316023518948564,
recent_compact_current,w07,2026-03-13,2026-03-16,2026-03-20,300390,0.027027027027027035,0.9226202404809619,-0.0926875593542259,-0.002505069171735836,
recent_compact_current,w07,2026-03-13,2026-03-16,2026-03-20,300285,0.027027027027027035,0.9209418837675352,-0.13796735123749326,-0.0037288473307430623,
recent_compact_current,w07,2026-03-13,2026-03-16,2026-03-20,600549,0.027027027027027035,0.919689378757515,-0.12948717948717947,-0.0034996534996535,
recent_compact_current,w07,2026-03-13,2026-03-16,2026-03-20,600884,0.027027027027027035,0.9189879759519037,-0.07147766323024063,-0.00193182873595245,
recent_compact_current,w07,2026-03-13,2026-03-16,2026-03-20,603225,0.027027027027027035,0.9159819639278557,-0.13966480446927365,-0.0037747244451155054,
recent_compact_current,w07,2026-03-13,2026-03-16,2026-03-20,601233,0.027027027027027035,0.9152805611222445,-0.16855036855036853,-0.004555415366226178,
recent_compact_current,w07,2026-03-13,2026-03-16,2026-03-20,000893,0.027027027027027035,0.9147294589178356,-0.13282266223442696,-0.0035898016820115407,
recent_compact_current,w07,2026-03-13,2026-03-16,2026-03-20,601168,0.027027027027027035,0.912875751503006,-0.1392405063291139,-0.00376325692781389,
recent_compact_current,w07,2026-03-13,2026-03-16,2026-03-20,603000,0.027027027027027035,0.9058617234468938,-0.02907836372597339,-0.0007859017223236053,
recent_compact_current,w07,2026-03-13,2026-03-16,2026-03-20,000933,0.027027027027027035,0.8972695390781563,-0.15916485900216926,-0.004301752946004576,
recent_compact_current,w07,2026-03-13,2026-03-16,2026-03-20,002532,0.027027027027027035,0.8972695390781563,-0.17416934619506963,-0.004707279626893776,
recent_compact_current,w07,2026-03-13,2026-03-16,2026-03-20,002738,0.027027027027027035,0.8949649298597194,-0.11787665886026544,-0.00318585564487204,
recent_compact_current,w07,2026-03-13,2026-03-16,2026-03-20,601567,0.027027027027027035,0.8922845691382766,-0.0804862023653089,-0.002175302766629971,
recent_compact_current,w07,2026-03-13,2026-03-16,2026-03-20,603659,0.027027027027027035,0.8899799599198397,-0.024844720496894568,-0.0006714789323485021,
recent_compact_current,w07,2026-03-13,2026-03-16,2026-03-20,000039,0.027027027027027035,0.9303356713426854,-0.12540716612377845,-0.003389382868210229,
recent_compact_current,w07,2026-03-13,2026-03-16,2026-03-20,601061,0.027027027027027035,0.9317134268537074,-0.10743193524650474,-0.002903565817473102,
recent_compact_current,w07,2026-03-13,2026-03-16,2026-03-20,002429,0.027027027027027035,0.9873246492985972,-0.1616415410385259,-0.004368690298338539,
recent_compact_current,w07,2026-03-13,2026-03-16,2026-03-20,000738,0.027027027027027035,0.9319138276553107,-0.06760204081632648,-0.0018270821842250407,
recent_compact_current,w07,2026-03-13,2026-03-16,2026-03-20,000960,0.027027027027027035,0.9849699398797594,-0.11574952561669838,-0.0031283655572080654,
recent_compact_current,w07,2026-03-13,2026-03-16,2026-03-20,002056,0.027027027027027035,0.9822645290581162,-0.1385448916408668,-0.003744456530834239,
recent_compact_current,w07,2026-03-13,2026-03-16,2026-03-20,688281,0.027027027027027035,0.982064128256513,-0.0626535626535627,-0.0016933395311773708,
recent_compact_current,w07,2026-03-13,2026-03-16,2026-03-20,000426,0.027027027027027035,0.9794088176352705,-0.1605543710021322,-0.004339307324381953,
recent_compact_current,w07,2026-03-13,2026-03-16,2026-03-20,688295,0.027027027027027035,0.9679859719438877,0.1976899155930698,0.005342970691704591,
recent_compact_current,w07,2026-03-13,2026-03-16,2026-03-20,688385,0.027027027027027035,0.9614228456913827,0.018290940268648193,0.0004943497369904918,
recent_compact_current,w07,2026-03-13,2026-03-16,2026-03-20,688248,0.027027027027027035,0.9607715430861724,-0.10940170940170935,-0.0029568029568029564,
recent_compact_current,w07,2026-03-13,2026-03-16,2026-03-20,600392,0.027027027027027035,0.958316633266533,-0.12055335968379444,-0.0032581989103728235,
recent_compact_current,w07,2026-03-13,2026-03-16,2026-03-20,002353,0.027027027027027035,0.9556112224448897,-0.08619215052741624,-0.0023295175818220616,
recent_compact_current,w07,2026-03-13,2026-03-16,2026-03-20,688361,0.027027027027027035,0.9491482965931864,0.0040305343511450875,0.00010893336084175915,
recent_compact_current,w07,2026-03-13,2026-03-16,2026-03-20,688608,0.027027027027027035,0.9484969939879759,-0.05771495877502941,-0.0015598637506764712,
recent_compact_current,w07,2026-03-13,2026-03-16,2026-03-20,603920,0.027027027027027035,0.9471442885771544,-0.06014900963111036,-0.0016256489089489293,
recent_compact_current,w07,2026-03-13,2026-03-16,2026-03-20,603077,0.027027027027027035,0.9426102204408818,-0.1554878048780487,-0.004202373104812128,
recent_compact_current,w07,2026-03-13,2026-03-16,2026-03-20,688777,0.027027027027027035,0.9401803607214427,-0.05806270209475606,-0.0015692622187771913,
recent_compact_current,w07,2026-03-13,2026-03-16,2026-03-20,001389,0.027027027027027035,0.9325150300601202,-0.07978589947311188,-0.0021563756614354566,
recent_compact_current,w07,2026-03-13,2026-03-16,2026-03-20,300763,0.027027027027027035,0.8876503006012024,0.15839472663823195,0.004280938557790054,
short_aggressive_compact_capacity,w07,2026-03-13,2026-03-16,2026-03-20,688295,0.03225806451612904,1.0,0.1976899155930698,0.00637709405138935,
short_aggressive_compact_capacity,w07,2026-03-13,2026-03-16,2026-03-20,603225,0.03225806451612904,0.953001002004008,-0.13966480446927365,-0.004505316273202377,
short_aggressive_compact_capacity,w07,2026-03-13,2026-03-16,2026-03-20,600685,0.03225806451612904,0.9280270541082165,-0.09895678092399396,-0.0031921542233546442,
short_aggressive_compact_capacity,w07,2026-03-13,2026-03-16,2026-03-20,300857,0.03225806451612904,0.9347439879759519,-0.11446342744052673,-0.0036923686271137664,
short_aggressive_compact_capacity,w07,2026-03-13,2026-03-16,2026-03-20,600977,0.03225806451612904,0.9354038076152305,-0.03125,-0.0010080645161290324,
short_aggressive_compact_capacity,w07,2026-03-13,2026-03-16,2026-03-20,000878,0.03225806451612904,0.9358361723446894,-0.1670378619153675,-0.005388318126302179,
short_aggressive_compact_capacity,w07,2026-03-13,2026-03-16,2026-03-20,002044,0.03225806451612904,0.9366007014028056,-0.0662358642972537,-0.002136640783782378,
short_aggressive_compact_capacity,w07,2026-03-13,2026-03-16,2026-03-20,002195,0.03225806451612904,0.9382389779559118,-0.10526315789473684,-0.0033955857385398985,
short_aggressive_compact_capacity,w07,2026-03-13,2026-03-16,2026-03-20,301611,0.03225806451612904,0.9390490981963927,-0.09216889880952384,-0.002973190284178189,
short_aggressive_compact_capacity,w07,2026-03-13,2026-03-16,2026-03-20,688122,0.03225806451612904,0.9392219438877756,-0.0874358974358973,-0.002820512820512817,
short_aggressive_compact_capacity,w07,2026-03-13,2026-03-16,2026-03-20,600299,0.03225806451612904,0.9420380761523046,-0.10543337645536877,-0.003401076659850606,
short_aggressive_compact_capacity,w07,2026-03-13,2026-03-16,2026-03-20,688037,0.03225806451612904,0.9445150300601202,-0.043420289855072514,-0.0014006545114539524,
short_aggressive_compact_capacity,w07,2026-03-13,2026-03-16,2026-03-20,600126,0.03225806451612904,0.9454268537074147,-0.08855291576673874,-0.0028565456698947983,
short_aggressive_compact_capacity,w07,2026-03-13,2026-03-16,2026-03-20,688777,0.03225806451612904,0.9457645290581161,-0.05806270209475606,-0.0018729903901534217,
short_aggressive_compact_capacity,w07,2026-03-13,2026-03-16,2026-03-20,603688,0.03225806451612904,0.9516472945891783,-0.09708737864077666,-0.0031318509238960216,
short_aggressive_compact_capacity,w07,2026-03-13,2026-03-16,2026-03-20,002353,0.03225806451612904,0.955370741482966,-0.08619215052741624,-0.0027803919524972986,
short_aggressive_compact_capacity,w07,2026-03-13,2026-03-16,2026-03-20,002429,0.03225806451612904,0.9930050100200402,-0.1616415410385259,-0.005214243259307288,
short_aggressive_compact_capacity,w07,2026-03-13,2026-03-16,2026-03-20,601233,0.03225806451612904,0.955566132264529,-0.16855036855036853,-0.005437108662915115,
short_aggressive_compact_capacity,w07,2026-03-13,2026-03-16,2026-03-20,301308,0.03225806451612904,0.9606893787575149,0.012048931538768182,0.0003886752109280059,
short_aggressive_compact_capacity,w07,2026-03-13,2026-03-16,2026-03-20,688281,0.03225806451612904,0.9612304609218436,-0.0626535626535627,-0.0020210826662439584,
short_aggressive_compact_capacity,w07,2026-03-13,2026-03-16,2026-03-20,688361,0.03225806451612904,0.9646412825651303,0.0040305343511450875,0.00013001723713371253,
short_aggressive_compact_capacity,w07,2026-03-13,2026-03-16,2026-03-20,002008,0.03225806451612904,0.9649639278557115,-0.05982532751091707,-0.0019298492745457123,
short_aggressive_compact_capacity,w07,2026-03-13,2026-03-16,2026-03-20,000967,0.03225806451612904,0.9671152304609218,-0.06222222222222229,-0.0020071684587813646,
short_aggressive_compact_capacity,w07,2026-03-13,2026-03-16,2026-03-20,002465,0.03225806451612904,0.9718892785571143,-0.06874999999999998,-0.0022177419354838706,
short_aggressive_compact_capacity,w07,2026-03-13,2026-03-16,2026-03-20,688027,0.03225806451612904,0.9735846693386774,-0.027231467473525006,-0.000878434434629839,
short_aggressive_compact_capacity,w07,2026-03-13,2026-03-16,2026-03-20,300454,0.03225806451612904,0.974935871743487,-0.07972342552482514,-0.002571723404026618,
short_aggressive_compact_capacity,w07,2026-03-13,2026-03-16,2026-03-20,601106,0.03225806451612904,0.9751137274549099,-0.08860759493670889,-0.002858309514087384,
short_aggressive_compact_capacity,w07,2026-03-13,2026-03-16,2026-03-20,002025,0.03225806451612904,0.9802164328657315,0.15555555555555545,0.005017921146953402,
short_aggressive_compact_capacity,w07,2026-03-13,2026-03-16,2026-03-20,600602,0.03225806451612904,0.9887124248496993,0.05693430656934306,0.0018365905344949378,
short_aggressive_compact_capacity,w07,2026-03-13,2026-03-16,2026-03-20,601611,0.03225806451612904,0.991001002004008,-0.23217074440395635,-0.007489378851740529,
short_aggressive_compact_capacity,w07,2026-03-13,2026-03-16,2026-03-20,002837,0.03225806451612904,0.9259519038076153,0.08002468627854342,0.00258144149285624,
short_aggressive_medium_capacity,w07,2026-03-13,2026-03-16,2026-03-20,688295,0.03225806451612904,1.0,0.1976899155930698,0.00637709405138935,
short_aggressive_medium_capacity,w07,2026-03-13,2026-03-16,2026-03-20,603225,0.03225806451612904,0.953001002004008,-0.13966480446927365,-0.004505316273202377,
short_aggressive_medium_capacity,w07,2026-03-13,2026-03-16,2026-03-20,600685,0.03225806451612904,0.9280270541082165,-0.09895678092399396,-0.0031921542233546442,
short_aggressive_medium_capacity,w07,2026-03-13,2026-03-16,2026-03-20,300857,0.03225806451612904,0.9347439879759519,-0.11446342744052673,-0.0036923686271137664,
short_aggressive_medium_capacity,w07,2026-03-13,2026-03-16,2026-03-20,600977,0.03225806451612904,0.9354038076152305,-0.03125,-0.0010080645161290324,
short_aggressive_medium_capacity,w07,2026-03-13,2026-03-16,2026-03-20,000878,0.03225806451612904,0.9358361723446894,-0.1670378619153675,-0.005388318126302179,
short_aggressive_medium_capacity,w07,2026-03-13,2026-03-16,2026-03-20,002044,0.03225806451612904,0.9366007014028056,-0.0662358642972537,-0.002136640783782378,
short_aggressive_medium_capacity,w07,2026-03-13,2026-03-16,2026-03-20,002195,0.03225806451612904,0.9382389779559118,-0.10526315789473684,-0.0033955857385398985,
short_aggressive_medium_capacity,w07,2026-03-13,2026-03-16,2026-03-20,301611,0.03225806451612904,0.9390490981963927,-0.09216889880952384,-0.002973190284178189,
short_aggressive_medium_capacity,w07,2026-03-13,2026-03-16,2026-03-20,688122,0.03225806451612904,0.9392219438877756,-0.0874358974358973,-0.002820512820512817,
short_aggressive_medium_capacity,w07,2026-03-13,2026-03-16,2026-03-20,600299,0.03225806451612904,0.9420380761523046,-0.10543337645536877,-0.003401076659850606,
short_aggressive_medium_capacity,w07,2026-03-13,2026-03-16,2026-03-20,688037,0.03225806451612904,0.9445150300601202,-0.043420289855072514,-0.0014006545114539524,
short_aggressive_medium_capacity,w07,2026-03-13,2026-03-16,2026-03-20,600126,0.03225806451612904,0.9454268537074147,-0.08855291576673874,-0.0028565456698947983,
short_aggressive_medium_capacity,w07,2026-03-13,2026-03-16,2026-03-20,688777,0.03225806451612904,0.9457645290581161,-0.05806270209475606,-0.0018729903901534217,
short_aggressive_medium_capacity,w07,2026-03-13,2026-03-16,2026-03-20,603688,0.03225806451612904,0.9516472945891783,-0.09708737864077666,-0.0031318509238960216,
short_aggressive_medium_capacity,w07,2026-03-13,2026-03-16,2026-03-20,002353,0.03225806451612904,0.955370741482966,-0.08619215052741624,-0.0027803919524972986,
short_aggressive_medium_capacity,w07,2026-03-13,2026-03-16,2026-03-20,002429,0.03225806451612904,0.9930050100200402,-0.1616415410385259,-0.005214243259307288,
short_aggressive_medium_capacity,w07,2026-03-13,2026-03-16,2026-03-20,601233,0.03225806451612904,0.955566132264529,-0.16855036855036853,-0.005437108662915115,
short_aggressive_medium_capacity,w07,2026-03-13,2026-03-16,2026-03-20,301308,0.03225806451612904,0.9606893787575149,0.012048931538768182,0.0003886752109280059,
short_aggressive_medium_capacity,w07,2026-03-13,2026-03-16,2026-03-20,688281,0.03225806451612904,0.9612304609218436,-0.0626535626535627,-0.0020210826662439584,
short_aggressive_medium_capacity,w07,2026-03-13,2026-03-16,2026-03-20,688361,0.03225806451612904,0.9646412825651303,0.0040305343511450875,0.00013001723713371253,
short_aggressive_medium_capacity,w07,2026-03-13,2026-03-16,2026-03-20,002008,0.03225806451612904,0.9649639278557115,-0.05982532751091707,-0.0019298492745457123,
short_aggressive_medium_capacity,w07,2026-03-13,2026-03-16,2026-03-20,000967,0.03225806451612904,0.9671152304609218,-0.06222222222222229,-0.0020071684587813646,
short_aggressive_medium_capacity,w07,2026-03-13,2026-03-16,2026-03-20,002465,0.03225806451612904,0.9718892785571143,-0.06874999999999998,-0.0022177419354838706,
short_aggressive_medium_capacity,w07,2026-03-13,2026-03-16,2026-03-20,688027,0.03225806451612904,0.9735846693386774,-0.027231467473525006,-0.000878434434629839,
short_aggressive_medium_capacity,w07,2026-03-13,2026-03-16,2026-03-20,300454,0.03225806451612904,0.974935871743487,-0.07972342552482514,-0.002571723404026618,
short_aggressive_medium_capacity,w07,2026-03-13,2026-03-16,2026-03-20,601106,0.03225806451612904,0.9751137274549099,-0.08860759493670889,-0.002858309514087384,
short_aggressive_medium_capacity,w07,2026-03-13,2026-03-16,2026-03-20,002025,0.03225806451612904,0.9802164328657315,0.15555555555555545,0.005017921146953402,
short_aggressive_medium_capacity,w07,2026-03-13,2026-03-16,2026-03-20,600602,0.03225806451612904,0.9887124248496993,0.05693430656934306,0.0018365905344949378,
short_aggressive_medium_capacity,w07,2026-03-13,2026-03-16,2026-03-20,601611,0.03225806451612904,0.991001002004008,-0.23217074440395635,-0.007489378851740529,
short_aggressive_medium_capacity,w07,2026-03-13,2026-03-16,2026-03-20,002837,0.03225806451612904,0.9259519038076153,0.08002468627854342,0.00258144149285624,
short_aggressive_wide_capacity,w07,2026-03-13,2026-03-16,2026-03-20,603077,0.036000000004219955,0.9911042084168338,-0.1554878048780487,-0.005597560976265905,
short_aggressive_wide_capacity,w07,2026-03-13,2026-03-16,2026-03-20,603225,0.036000000004219955,0.9512354709418838,-0.13966480446927365,-0.00502793296148323,
short_aggressive_wide_capacity,w07,2026-03-13,2026-03-16,2026-03-20,000831,0.036000000004219955,0.9745671342685371,-0.12259524707657488,-0.004413428895274042,
short_aggressive_wide_capacity,w07,2026-03-13,2026-03-16,2026-03-20,600141,0.036000000004219955,0.9239779559118237,-0.2202059833251594,-0.007927415400634998,
short_aggressive_wide_capacity,w07,2026-03-13,2026-03-16,2026-03-20,600497,0.036000000004219955,0.9275140280561123,-0.18016194331983815,-0.006485829960274449,
short_aggressive_wide_capacity,w07,2026-03-13,2026-03-16,2026-03-20,000878,0.036000000004219955,0.9310821643286573,-0.1670378619153675,-0.006013363029658123,
short_aggressive_wide_capacity,w07,2026-03-13,2026-03-16,2026-03-20,601958,0.036000000004219955,0.9412645290581163,-0.13436928702010964,-0.00483729433329098,
short_aggressive_wide_capacity,w07,2026-03-13,2026-03-16,2026-03-20,688027,0.036000000004219955,0.947806112224449,-0.027231467473525006,-0.0009803328291618158,
short_aggressive_wide_capacity,w07,2026-03-13,2026-03-16,2026-03-20,300724,0.036000000004219955,0.952067134268537,0.05413570670368251,0.0019488854415610204,
short_aggressive_wide_capacity,w07,2026-03-13,2026-03-16,2026-03-20,300763,0.036000000004219955,0.9571828657314629,0.15839472663823195,0.005702210159644769,
short_aggressive_wide_capacity,w07,2026-03-13,2026-03-16,2026-03-20,002335,0.036000000004219955,0.9602945891783568,-0.017327505463627824,-0.000623790196763723,
short_aggressive_wide_capacity,w07,2026-03-13,2026-03-16,2026-03-20,601611,0.036000000004219955,0.9626733466933868,-0.23217074440395635,-0.008358146799522178,
short_aggressive_wide_capacity,w07,2026-03-13,2026-03-16,2026-03-20,000960,0.036000000004219955,0.9686202404809618,-0.11574952561669838,-0.0041669829226896,
short_aggressive_wide_capacity,w07,2026-03-13,2026-03-16,2026-03-20,600392,0.036000000004219955,0.9721883767535071,-0.12055335968379444,-0.004339920949125329,
short_aggressive_wide_capacity,w07,2026-03-13,2026-03-16,2026-03-20,002429,0.036000000004219955,0.9032044088176352,-0.1616415410385259,-0.005819095478069053,
short_aggressive_wide_capacity,w07,2026-03-13,2026-03-16,2026-03-20,002195,0.036000000000000004,0.9120521042084169,-0.10526315789473684,-0.0037894736842105266,
short_aggressive_wide_capacity,w07,2026-03-13,2026-03-16,2026-03-20,000060,0.036000000000000004,0.8918326653306614,-0.14206128133704732,-0.005114206128133704,
short_aggressive_wide_capacity,w07,2026-03-13,2026-03-16,2026-03-20,002851,0.036000000000000004,0.8966628256513027,-0.11824209452567147,-0.0042567154029241735,
short_aggressive_wide_capacity,w07,2026-03-13,2026-03-16,2026-03-20,000426,0.036000000000000004,0.9025370741482965,-0.1605543710021322,-0.005779957356076761,
short_aggressive_wide_capacity,w07,2026-03-13,2026-03-16,2026-03-20,002340,0.036000000000000004,0.9192204408817635,-0.1077441077441077,-0.0038787878787878774,
short_aggressive_wide_capacity,w07,2026-03-13,2026-03-16,2026-03-20,300285,0.036000000000000004,0.9132414829659319,-0.13796735123749326,-0.004966824644549758,
short_aggressive_wide_capacity,w07,2026-03-13,2026-03-16,2026-03-20,688248,0.036000000000000004,0.913746993987976,-0.10940170940170935,-0.0039384615384615365,
short_aggressive_wide_capacity,w07,2026-03-13,2026-03-16,2026-03-20,002738,0.036000000000000004,0.9174769539078156,-0.11787665886026544,-0.004243559718969557,
short_aggressive_wide_capacity,w07,2026-03-13,2026-03-16,2026-03-20,002080,0.036000000000000004,0.9180310621242485,-0.09656372335798169,-0.0034762940408873413,
short_aggressive_wide_capacity,w07,2026-03-13,2026-03-16,2026-03-20,002353,0.036000000000000004,0.9199544088176352,-0.08619215052741624,-0.003102917418986985,
short_aggressive_wide_capacity,w07,2026-03-13,2026-03-16,2026-03-20,601179,0.03333333331223356,0.8894709418837676,-0.0764872521246458,-0.0025495750692076627,
short_aggressive_wide_capacity,w07,2026-03-13,2026-03-16,2026-03-20,002436,0.02666666664978681,0.8894539078156314,-0.09482038429406847,-0.0025285435795746047,
short_aggressive_wide_capacity,w07,2026-03-13,2026-03-16,2026-03-20,300223,0.019999999987340117,0.8858857715430861,0.0054553084347459535,0.0001091061686258555,
short_aggressive_wide_capacity,w07,2026-03-13,2026-03-16,2026-03-20,002008,0.013333333324893405,0.884939879759519,-0.05982532751091707,-0.0007976710329739727,
short_aggressive_wide_capacity,w07,2026-03-13,2026-03-16,2026-03-20,002156,0.0066666666624467024,0.8811282565130261,-0.03314435237679891,-0.00022096234903879144,
stable_compact_capacity,w07,2026-03-13,2026-03-16,2026-03-20,003035,0.030303030303030304,0.9960360721442886,-0.13239719157472418,-0.004012036108324975,
stable_compact_capacity,w07,2026-03-13,2026-03-16,2026-03-20,300604,0.030303030303030304,0.9624188376753507,-0.004669887278582863,-0.0001415117357146322,
stable_compact_capacity,w07,2026-03-13,2026-03-16,2026-03-20,601399,0.030303030303030304,0.9448336673346692,-0.08888888888888902,-0.0026936026936026976,
stable_compact_capacity,w07,2026-03-13,2026-03-16,2026-03-20,688122,0.030303030303030304,0.9457595190380761,-0.0874358974358973,-0.0026495726495726455,
stable_compact_capacity,w07,2026-03-13,2026-03-16,2026-03-20,688002,0.030303030303030304,0.9457595190380761,-0.025096525096525046,-0.000760500760500759,
stable_compact_capacity,w07,2026-03-13,2026-03-16,2026-03-20,605358,0.030303030303030304,0.9457595190380761,-0.04991771804717504,-0.001512658122641668,
stable_compact_capacity,w07,2026-03-13,2026-03-16,2026-03-20,603688,0.030303030303030304,0.9457595190380761,-0.09708737864077666,-0.002942041776993232,
stable_compact_capacity,w07,2026-03-13,2026-03-16,2026-03-20,600497,0.030303030303030304,0.9457595190380761,-0.18016194331983815,-0.005459452827873883,
stable_compact_capacity,w07,2026-03-13,2026-03-16,2026-03-20,300223,0.030303030303030304,0.9457595190380761,0.0054553084347459535,0.00016531237681048346,
stable_compact_capacity,w07,2026-03-13,2026-03-16,2026-03-20,003031,0.030303030303030304,0.9457595190380761,-0.04116945107398573,-0.0012475591234541131,
stable_compact_capacity,w07,2026-03-13,2026-03-16,2026-03-20,002851,0.030303030303030304,0.9457595190380761,-0.11824209452567147,-0.0035830937735051964,
stable_compact_capacity,w07,2026-03-13,2026-03-16,2026-03-20,002156,0.030303030303030304,0.9457595190380761,-0.03314435237679891,-0.001004374314448452,
stable_compact_capacity,w07,2026-03-13,2026-03-16,2026-03-20,000878,0.030303030303030304,0.9457595190380761,-0.1670378619153675,-0.005061753391374773,
stable_compact_capacity,w07,2026-03-13,2026-03-16,2026-03-20,000060,0.030303030303030304,0.9457595190380761,-0.14206128133704732,-0.004304887313243858,
stable_compact_capacity,w07,2026-03-13,2026-03-16,2026-03-20,002738,0.030303030303030304,0.9594789579158317,-0.11787665886026544,-0.0035720199654625893,
stable_compact_capacity,w07,2026-03-13,2026-03-16,2026-03-20,688027,0.030303030303030304,0.9624188376753507,-0.027231467473525006,-0.0008251959840462124,
stable_compact_capacity,w07,2026-03-13,2026-03-16,2026-03-20,000831,0.030303030303030304,0.9645210420841683,-0.12259524707657488,-0.0037150074871689356,
stable_compact_capacity,w07,2026-03-13,2026-03-16,2026-03-20,601611,0.030303030303030304,0.9938997995991984,-0.23217074440395635,-0.007035477103150192,
stable_compact_capacity,w07,2026-03-13,2026-03-16,2026-03-20,002008,0.030303030303030304,0.9683326653306613,-0.05982532751091707,-0.0018128887124520324,
stable_compact_capacity,w07,2026-03-13,2026-03-16,2026-03-20,601958,0.030303030303030304,0.9702585170340682,-0.13436928702010964,-0.004071796576366959,
stable_compact_capacity,w07,2026-03-13,2026-03-16,2026-03-20,601168,0.030303030303030304,0.9702585170340682,-0.1392405063291139,-0.004219409282700421,
stable_compact_capacity,w07,2026-03-13,2026-03-16,2026-03-20,603920,0.030303030303030304,0.9741783567134269,-0.06014900963111036,-0.001822697261548799,
stable_compact_capacity,w07,2026-03-13,2026-03-16,2026-03-20,600392,0.030303030303030304,0.9741783567134269,-0.12055335968379444,-0.0036531321116301347,
stable_compact_capacity,w07,2026-03-13,2026-03-16,2026-03-20,000426,0.030303030303030304,0.9771182364729459,-0.1605543710021322,-0.004865283969761582,
stable_compact_capacity,w07,2026-03-13,2026-03-16,2026-03-20,000960,0.030303030303030304,0.9790781563126253,-0.11574952561669838,-0.0035075613823241933,
stable_compact_capacity,w07,2026-03-13,2026-03-16,2026-03-20,688608,0.030303030303030304,0.980749498997996,-0.05771495877502941,-0.0017489381446978611,
stable_compact_capacity,w07,2026-03-13,2026-03-16,2026-03-20,002429,0.030303030303030304,0.9821843687374749,-0.1616415410385259,-0.004898228516318967,
stable_compact_capacity,w07,2026-03-13,2026-03-16,2026-03-20,688281,0.030303030303030304,0.9849579158316634,-0.0626535626535627,-0.0018985928076837182,
stable_compact_capacity,w07,2026-03-13,2026-03-16,2026-03-20,688295,0.030303030303030304,0.9858717434869739,0.1976899155930698,0.005990603502820297,
stable_compact_capacity,w07,2026-03-13,2026-03-16,2026-03-20,688220,0.030303030303030304,0.9882404809619239,-0.04845702626880899,-0.0014683947354184543,
stable_compact_capacity,w07,2026-03-13,2026-03-16,2026-03-20,603225,0.030303030303030304,0.989935871743487,-0.13966480446927365,-0.0042322668020992014,
stable_compact_capacity,w07,2026-03-13,2026-03-16,2026-03-20,688385,0.030303030303030304,0.9918076152304609,0.018290940268648193,0.0005542709172317635,
stable_compact_capacity,w07,2026-03-13,2026-03-16,2026-03-20,688347,0.030303030303030304,0.9445250501002003,-0.026192075218267385,-0.0007936992490384056,
stable_compact_current,w07,2026-03-13,2026-03-16,2026-03-20,688295,0.03253310000000001,0.9944423847695392,0.1976899155930698,0.006431465792980901,
stable_compact_current,w07,2026-03-13,2026-03-16,2026-03-20,000426,0.03253310000000001,0.950877755511022,-0.1605543710021322,-0.005223331407249469,
stable_compact_current,w07,2026-03-13,2026-03-16,2026-03-20,688027,0.03253310000000001,0.9344498997995991,-0.027231467473525006,-0.0008859240544629366,
stable_compact_current,w07,2026-03-13,2026-03-16,2026-03-20,601168,0.03253310000000001,0.9344498997995991,-0.1392405063291139,-0.0045299253164556965,
stable_compact_current,w07,2026-03-13,2026-03-16,2026-03-20,300604,0.03253310000000001,0.9344498997995991,-0.004669887278582863,-0.00015192590982286418,
stable_compact_current,w07,2026-03-13,2026-03-16,2026-03-20,601611,0.03253310000000001,0.9922750501002005,-0.23217074440395635,-0.007553234044768355,
stable_compact_current,w07,2026-03-13,2026-03-16,2026-03-20,600392,0.03253310000000001,0.9464969939879759,-0.12055335968379444,-0.003921974505928854,
stable_compact_current,w07,2026-03-13,2026-03-16,2026-03-20,603920,0.03253310000000001,0.948687374749499,-0.06014900963111036,-0.001956833745229877,
stable_compact_current,w07,2026-03-13,2026-03-16,2026-03-20,000960,0.03253310000000001,0.948687374749499,-0.11574952561669838,-0.0037656908918406113,
stable_compact_current,w07,2026-03-13,2026-03-16,2026-03-20,003035,0.03253310000000001,0.9487124248496994,-0.13239719157472418,-0.004307291073219661,
stable_compact_current,w07,2026-03-13,2026-03-16,2026-03-20,002465,0.03253310000000001,0.9443066132264529,-0.06874999999999998,-0.002236650625,
stable_compact_current,w07,2026-03-13,2026-03-16,2026-03-20,688281,0.03253310000000001,0.9552585170340682,-0.0626535626535627,-0.0020383146191646213,
stable_compact_current,w07,2026-03-13,2026-03-16,2026-03-20,603688,0.03253310000000001,0.9555861723446895,-0.09708737864077666,-0.003158553398058252,
stable_compact_current,w07,2026-03-13,2026-03-16,2026-03-20,002429,0.03253310000000001,0.9814509018036073,-0.1616415410385259,-0.005258700418760469,
stable_compact_current,w07,2026-03-13,2026-03-16,2026-03-20,688248,0.03253310000000001,0.9813001002004007,-0.10940170940170935,-0.003559176752136751,
stable_compact_current,w07,2026-03-13,2026-03-16,2026-03-20,601958,0.03253310000000001,0.9727710420841684,-0.13436928702010964,-0.00437144945155393,
stable_compact_current,w07,2026-03-13,2026-03-16,2026-03-20,603225,0.03253310000000001,0.9327244488977955,-0.13966480446927365,-0.004543729050279328,
stable_compact_current,w07,2026-03-13,2026-03-16,2026-03-20,600497,0.03253310000000001,0.9648952905811623,-0.18016194331983815,-0.005861226518218628,
stable_compact_current,w07,2026-03-13,2026-03-16,2026-03-20,003031,0.03253310000000001,0.9608056112224448,-0.04116945107398573,-0.0013393698687350856,
stable_compact_current,w07,2026-03-13,2026-03-16,2026-03-20,300285,0.03253310000000001,0.956261523046092,-0.13796735123749326,-0.004488505634544494,
stable_compact_current,w07,2026-03-13,2026-03-16,2026-03-20,688385,0.03175800000000001,0.9360916833667334,0.018290940268648193,0.0005808836810517295,
stable_compact_current,w07,2026-03-13,2026-03-16,2026-03-20,000060,0.03175800000000001,0.9344498997995991,-0.14206128133704732,-0.00451158217270195,
stable_compact_current,w07,2026-03-13,2026-03-16,2026-03-20,000878,0.03175800000000001,0.9344498997995991,-0.1670378619153675,-0.005304788418708243,
stable_compact_current,w07,2026-03-13,2026-03-16,2026-03-20,002156,0.03175800000000001,0.9344498997995991,-0.03314435237679891,-0.0010525983427823802,
stable_compact_current,w07,2026-03-13,2026-03-16,2026-03-20,002335,0.03175800000000001,0.9436668336673346,-0.017327505463627824,-0.0005502869185138925,
stable_compact_current,w07,2026-03-13,2026-03-16,2026-03-20,002851,0.03175800000000001,0.9344498997995991,-0.11824209452567147,-0.0037551324379462756,
stable_compact_current,w07,2026-03-13,2026-03-16,2026-03-20,300223,0.03175800000000001,0.9344498997995991,0.0054553084347459535,0.00017324968527066204,
stable_compact_current,w07,2026-03-13,2026-03-16,2026-03-20,601106,0.03175800000000001,0.9344498997995991,-0.08860759493670889,-0.002814000000000002,
stable_compact_current,w07,2026-03-13,2026-03-16,2026-03-20,601399,0.03175800000000001,0.9344498997995991,-0.08888888888888902,-0.002822933333333338,
stable_compact_current,w07,2026-03-13,2026-03-16,2026-03-20,688002,0.03175800000000001,0.9344498997995991,-0.025096525096525046,-0.0007970154440154427,
stable_compact_current,w07,2026-03-13,2026-03-16,2026-03-20,002738,0.03175800000000001,0.9344498997995991,-0.11787665886026544,-0.003743526932084311,
stable_extra_wide_capacity,w07,2026-03-13,2026-03-16,2026-03-20,600602,0.02173913043478261,0.985681362725451,0.05693430656934306,0.0012377023167248493,
stable_extra_wide_capacity,w07,2026-03-13,2026-03-16,2026-03-20,000050,0.02173913043478261,0.8211823647294589,-0.10756123535676243,-0.00233828772514701,
stable_extra_wide_capacity,w07,2026-03-13,2026-03-16,2026-03-20,300017,0.02173913043478261,0.8440781563126253,-0.012394366197183038,-0.0002694427434170226,
stable_extra_wide_capacity,w07,2026-03-13,2026-03-16,2026-03-20,603707,0.02173913043478261,0.8340781563126253,-0.00203252032520318,-4.41852244609387e-05,
stable_extra_wide_capacity,w07,2026-03-13,2026-03-16,2026-03-20,002244,0.02173913043478261,0.8290631262525051,-0.05904059040590415,-0.001283491095780525,
stable_extra_wide_capacity,w07,2026-03-13,2026-03-16,2026-03-20,002439,0.02173913043478261,0.8290631262525051,-0.06355645706558477,-0.0013816621101214082,
stable_extra_wide_capacity,w07,2026-03-13,2026-03-16,2026-03-20,002821,0.02173913043478261,0.8290631262525051,-0.043399456248112034,-0.0009434664401763487,
stable_extra_wide_capacity,w07,2026-03-13,2026-03-16,2026-03-20,300957,0.02173913043478261,0.8290631262525051,-0.07146171693735492,-0.0015535155855946725,
stable_extra_wide_capacity,w07,2026-03-13,2026-03-16,2026-03-20,600704,0.02173913043478261,0.8290631262525051,-0.07295373665480431,-0.0015859507968435723,
stable_extra_wide_capacity,w07,2026-03-13,2026-03-16,2026-03-20,601155,0.02173913043478261,0.8290631262525051,-0.012024048096192508,-0.0002613923499172285,
stable_extra_wide_capacity,w07,2026-03-13,2026-03-16,2026-03-20,002152,0.02173913043478261,0.8226152304609219,-0.04721362229102166,-0.0010263830932830797,
stable_extra_wide_capacity,w07,2026-03-13,2026-03-16,2026-03-20,000830,0.02173913043478261,0.820435871743487,-0.22492401215805458,-0.004889652438218578,
stable_extra_wide_capacity,w07,2026-03-13,2026-03-16,2026-03-20,000032,0.02173913043478261,0.9523647294589179,0.0219842164599775,0.00047791774912994575,
stable_extra_wide_capacity,w07,2026-03-13,2026-03-16,2026-03-20,601179,0.02173913043478261,0.820435871743487,-0.0764872521246458,-0.0016627663505357786,
stable_extra_wide_capacity,w07,2026-03-13,2026-03-16,2026-03-20,601567,0.02173913043478261,0.820435871743487,-0.0804862023653089,-0.001749700051419759,
stable_extra_wide_capacity,w07,2026-03-13,2026-03-16,2026-03-20,300763,0.02173913043478261,0.8151703406813628,0.15839472663823195,0.00344336362257026,
stable_extra_wide_capacity,w07,2026-03-13,2026-03-16,2026-03-20,300496,0.02173913043478261,0.8104358717434871,-0.06448723690102987,-0.0014018964543702145,
stable_extra_wide_capacity,w07,2026-03-13,2026-03-16,2026-03-20,603341,0.02173913043478261,0.8104358717434871,-0.05522064142753791,-0.0012004487266856069,
stable_extra_wide_capacity,w07,2026-03-13,2026-03-16,2026-03-20,688052,0.02173913043478261,0.8104358717434871,-0.014329268292682884,-0.00031150583244962795,
stable_extra_wide_capacity,w07,2026-03-13,2026-03-16,2026-03-20,688318,0.02173913043478261,0.8104358717434871,-0.02838237854779735,-0.0006170082292999425,
stable_extra_wide_capacity,w07,2026-03-13,2026-03-16,2026-03-20,688582,0.02173913043478261,0.8104358717434871,-0.04854055797452017,-0.0010552295211852213,
stable_extra_wide_capacity,w07,2026-03-13,2026-03-16,2026-03-20,688615,0.02173913043478261,0.8104358717434871,-0.06295297042797443,-0.0013685428353907487,
stable_extra_wide_capacity,w07,2026-03-13,2026-03-16,2026-03-20,300487,0.02173913043478261,0.8478507014028056,-0.1510847107438017,-0.003284450233560907,
stable_extra_wide_capacity,w07,2026-03-13,2026-03-16,2026-03-20,688248,0.02173913043478261,0.848376753507014,-0.10940170940170935,-0.0023782980304719427,
stable_extra_wide_capacity,w07,2026-03-13,2026-03-16,2026-03-20,688172,0.02173913043478261,0.8614629258517034,0.13782051282051277,0.0029960981047937566,
stable_extra_wide_capacity,w07,2026-03-13,2026-03-16,2026-03-20,601061,0.02173913043478261,0.868627254509018,-0.10743193524650474,-0.002335476853184886,
stable_extra_wide_capacity,w07,2026-03-13,2026-03-16,2026-03-20,300748,0.02173913043478261,0.9523647294589179,-0.09348274845178406,-0.002032233661995306,
stable_extra_wide_capacity,w07,2026-03-13,2026-03-16,2026-03-20,600363,0.02173913043478261,0.9523647294589179,-0.0910356832027851,-0.0019790365913648937,
stable_extra_wide_capacity,w07,2026-03-13,2026-03-16,2026-03-20,600487,0.02173913043478261,0.925751503006012,-0.13486312399355882,-0.0029318070433382356,
stable_extra_wide_capacity,w07,2026-03-13,2026-03-16,2026-03-20,002261,0.02173913043478261,0.9140380761523046,-0.03604336043360434,-0.0007835513137740076,
stable_extra_wide_capacity,w07,2026-03-13,2026-03-16,2026-03-20,003035,0.02173913043478261,0.9099899799599198,-0.13239719157472418,-0.0028781998168418304,
stable_extra_wide_capacity,w07,2026-03-13,2026-03-16,2026-03-20,301358,0.02173913043478261,0.908557114228457,-0.009316379201813052,-0.00020252998264810987,
stable_extra_wide_capacity,w07,2026-03-13,2026-03-16,2026-03-20,000967,0.02173913043478261,0.9051653306613227,-0.06222222222222229,-0.0013526570048309195,
stable_extra_wide_capacity,w07,2026-03-13,2026-03-16,2026-03-20,002683,0.02173913043478261,0.9051653306613227,-0.11805246776345035,-0.002566357994857617,
stable_extra_wide_capacity,w07,2026-03-13,2026-03-16,2026-03-20,002831,0.02173913043478261,0.9051653306613227,-0.0023148148148149916,-5.032206119163026e-05,
stable_extra_wide_capacity,w07,2026-03-13,2026-03-16,2026-03-20,600312,0.02173913043478261,0.9051653306613227,-0.08723958333333326,-0.001896512681159419,
stable_extra_wide_capacity,w07,2026-03-13,2026-03-16,2026-03-20,300454,0.02173913043478261,0.9022144288577154,-0.07972342552482514,-0.0017331179461918512,
stable_extra_wide_capacity,w07,2026-03-13,2026-03-16,2026-03-20,603225,0.02173913043478261,0.9022144288577154,-0.13966480446927365,-0.0030361914015059493,
stable_extra_wide_capacity,w07,2026-03-13,2026-03-16,2026-03-20,000537,0.02173913043478261,0.8944188376753507,-0.10411622276029064,-0.0022633961469628403,
stable_extra_wide_capacity,w07,2026-03-13,2026-03-16,2026-03-20,600486,0.02173913043478261,0.8918286573146292,-0.15595238095238084,-0.0033902691511387144,
stable_extra_wide_capacity,w07,2026-03-13,2026-03-16,2026-03-20,688018,0.02173913043478261,0.881437875751503,-0.053109065624792895,-0.0011545449048868022,
stable_extra_wide_capacity,w07,2026-03-13,2026-03-16,2026-03-20,688220,0.02173913043478261,0.881437875751503,-0.04845702626880899,-0.001053413614539326,
stable_extra_wide_capacity,w07,2026-03-13,2026-03-16,2026-03-20,688608,0.02173913043478261,0.881437875751503,-0.05771495877502941,-0.0012546730168484658,
stable_extra_wide_capacity,w07,2026-03-13,2026-03-16,2026-03-20,000400,0.02173913043478261,0.877750501002004,-0.08064516129032262,-0.001753155680224405,
stable_extra_wide_capacity,w07,2026-03-13,2026-03-16,2026-03-20,600995,0.02173913043478261,0.877750501002004,-0.02440590879897242,-0.0005305632347602701,
stable_extra_wide_capacity,w07,2026-03-13,2026-03-16,2026-03-20,688778,0.02173913043478261,0.8104358717434871,-0.05458344215199784,-0.0011865965685216924,
stable_medium_capacity,w07,2026-03-13,2026-03-16,2026-03-20,300383,0.01075268817204301,0.9653607214428858,0.02307185234014497,0.0002480844337649997,
stable_medium_capacity,w07,2026-03-13,2026-03-16,2026-03-20,688608,0.01075268817204301,0.9073922845691382,-0.05771495877502941,-0.0006205909545702087,
stable_medium_capacity,w07,2026-03-13,2026-03-16,2026-03-20,000967,0.01075268817204301,0.828376753507014,-0.06222222222222229,-0.0006690561529271214,
stable_medium_capacity,w07,2026-03-13,2026-03-16,2026-03-20,002409,0.01075268817204301,0.8388627254509018,-0.068520802960637,-0.0007367828275337312,
stable_medium_capacity,w07,2026-03-13,2026-03-16,2026-03-20,300567,0.01075268817204301,0.8436497995991984,-0.040474425500370725,-0.00043520887634807226,
stable_medium_capacity,w07,2026-03-13,2026-03-16,2026-03-20,601608,0.01075268817204301,0.8461573146292585,-0.12394366197183093,-0.0013327275480842034,
stable_medium_capacity,w07,2026-03-13,2026-03-16,2026-03-20,603077,0.01075268817204301,0.8716883767535071,-0.1554878048780487,-0.0016719118804091257,
stable_medium_capacity,w07,2026-03-13,2026-03-16,2026-03-20,688018,0.01075268817204301,0.8754784569138276,-0.053109065624792895,-0.0005710652217719666,
stable_medium_capacity,w07,2026-03-13,2026-03-16,2026-03-20,000032,0.01075268817204301,0.8754784569138276,0.0219842164599775,0.00023638942430083334,
stable_medium_capacity,w07,2026-03-13,2026-03-16,2026-03-20,002261,0.01075268817204301,0.8901352705410822,-0.03604336043360434,-0.00038756301541510046,
stable_medium_capacity,w07,2026-03-13,2026-03-16,2026-03-20,603225,0.01075268817204301,0.9069363727454909,-0.13966480446927365,-0.0015017720910674584,
stable_medium_capacity,w07,2026-03-13,2026-03-16,2026-03-20,002429,0.01075268817204301,0.9083041082164328,-0.1616415410385259,-0.0017380810864357622,
stable_medium_capacity,w07,2026-03-13,2026-03-16,2026-03-20,300757,0.01075268817204301,0.917878256513026,-0.06536031971122858,-0.0007027991366798771,
stable_medium_capacity,w07,2026-03-13,2026-03-16,2026-03-20,600486,0.01075268817204301,0.9095115230460922,-0.15595238095238084,-0.001676907322068611,
stable_medium_capacity,w07,2026-03-13,2026-03-16,2026-03-20,002624,0.01075268817204301,0.9095115230460922,-0.07376623376623381,-0.000793185309314342,
stable_medium_capacity,w07,2026-03-13,2026-03-16,2026-03-20,688347,0.01075268817204301,0.9110395791583166,-0.026192075218267385,-0.00028163521740072456,
stable_medium_capacity,w07,2026-03-13,2026-03-16,2026-03-20,688387,0.01075268817204301,0.9144589178356713,0.026712328767123372,0.0002872293415819717,
stable_medium_capacity,w07,2026-03-13,2026-03-16,2026-03-20,688709,0.01075268817204301,0.9153707414829659,0.0010869565217390686,1.1687704534828694e-05,
stable_medium_capacity,w07,2026-03-13,2026-03-16,2026-03-20,300627,0.01075268817204301,0.9153707414829659,-0.07569386038687975,-0.0008139124772782769,
stable_medium_capacity,w07,2026-03-13,2026-03-16,2026-03-20,688568,0.01075268817204301,0.917878256513026,-0.03310002916302124,-0.0003559142920754972,
stable_medium_capacity,w07,2026-03-13,2026-03-16,2026-03-20,688375,0.01075268817204301,0.917878256513026,-0.024020001785873712,-0.00025827958909541626,
stable_medium_capacity,w07,2026-03-13,2026-03-16,2026-03-20,601958,0.01075268817204301,0.917878256513026,-0.13436928702010964,-0.0014448310432269853,
stable_medium_capacity,w07,2026-03-13,2026-03-16,2026-03-20,600363,0.01075268817204301,0.828063627254509,-0.0910356832027851,-0.000978878314008442,
stable_medium_capacity,w07,2026-03-13,2026-03-16,2026-03-20,002318,0.01075268817204301,0.8274649298597194,-0.06990881458966558,-0.0007517076837598449,
stable_medium_capacity,w07,2026-03-13,2026-03-16,2026-03-20,002831,0.01075268817204301,0.8229058116232465,-0.0023148148148149916,-2.4890481879731092e-05,
stable_medium_capacity,w07,2026-03-13,2026-03-16,2026-03-20,002430,0.01075268817204301,0.8190305611222445,-0.12346068834859492,-0.0013275342833182248,
stable_medium_capacity,w07,2026-03-13,2026-03-16,2026-03-20,300857,0.01075268817204301,0.7727605210420843,-0.11446342744052673,-0.001230789542371255,
stable_medium_capacity,w07,2026-03-13,2026-03-16,2026-03-20,002683,0.01075268817204301,0.7729834669338678,-0.11805246776345035,-0.0012693813738005413,
stable_medium_capacity,w07,2026-03-13,2026-03-16,2026-03-20,301308,0.01075268817204301,0.7734443887775552,0.012048931538768182,0.0001295584036426686,
stable_medium_capacity,w07,2026-03-13,2026-03-16,2026-03-20,601179,0.01075268817204301,0.7800551102204409,-0.0764872521246458,-0.0008224435712327505,
stable_medium_capacity,w07,2026-03-13,2026-03-16,2026-03-20,688172,0.01075268817204301,0.7903081162324649,0.13782051282051277,0.0014819409980700298,
stable_medium_capacity,w07,2026-03-13,2026-03-16,2026-03-20,600312,0.01075268817204301,0.7903081162324649,-0.08723958333333326,-0.000938060035842293,
stable_medium_capacity,w07,2026-03-13,2026-03-16,2026-03-20,002271,0.01075268817204301,0.7903081162324649,-0.09398034398034405,-0.001010541333121979,
stable_medium_capacity,w07,2026-03-13,2026-03-16,2026-03-20,000683,0.01075268817204301,0.7903081162324649,-0.11922663802363065,-0.0012820068604691467,
stable_medium_capacity,w07,2026-03-13,2026-03-16,2026-03-20,000591,0.01075268817204301,0.7903081162324649,-0.022364217252396124,-0.00024047545432684002,
stable_medium_capacity,w07,2026-03-13,2026-03-16,2026-03-20,000155,0.01075268817204301,0.7903081162324649,-0.09234828496042213,-0.0009929923114023885,
stable_medium_capacity,w07,2026-03-13,2026-03-16,2026-03-20,000039,0.01075268817204301,0.7903081162324649,-0.12540716612377845,-0.0013484641518685854,
stable_medium_capacity,w07,2026-03-13,2026-03-16,2026-03-20,003035,0.01075268817204301,0.7982915831663326,-0.13239719157472418,-0.001423625715857249,
stable_medium_capacity,w07,2026-03-13,2026-03-16,2026-03-20,300454,0.01075268817204301,0.8016207414829659,-0.07972342552482514,-0.0008572411346755391,
stable_medium_capacity,w07,2026-03-13,2026-03-16,2026-03-20,600170,0.01075268817204301,0.804441382765531,-0.06953642384105962,-0.0007477034821619314,
stable_medium_capacity,w07,2026-03-13,2026-03-16,2026-03-20,300748,0.01075268817204301,0.8093712424849699,-0.09348274845178406,-0.0010051908435675704,
stable_medium_capacity,w07,2026-03-13,2026-03-16,2026-03-20,001389,0.01075268817204301,0.8126477955911824,-0.07978589947311188,-0.0008579128975603427,
stable_medium_capacity,w07,2026-03-13,2026-03-16,2026-03-20,000951,0.01075268817204301,0.8126477955911824,-0.02720785013380922,-0.00029255752832052924,
stable_medium_capacity,w07,2026-03-13,2026-03-16,2026-03-20,601061,0.01075268817204301,0.817434869739479,-0.10743193524650474,-0.001155182099424782,
stable_medium_capacity,w07,2026-03-13,2026-03-16,2026-03-20,600685,0.01075268817204301,0.8190305611222445,-0.09895678092399396,-0.0010640514077848813,
stable_medium_capacity,w07,2026-03-13,2026-03-16,2026-03-20,600497,0.01075268817204301,0.917878256513026,-0.18016194331983815,-0.0019372251969875067,
stable_medium_capacity,w07,2026-03-13,2026-03-16,2026-03-20,002851,0.01075268817204301,0.917878256513026,-0.11824209452567147,-0.001271420371243779,
stable_medium_capacity,w07,2026-03-13,2026-03-16,2026-03-20,301536,0.01075268817204301,0.9580661322645291,0.02987293863206264,0.0003212143938931466,
stable_medium_capacity,w07,2026-03-13,2026-03-16,2026-03-20,601611,0.01075268817204301,0.9338351703406813,-0.23217074440395635,-0.002496459617246842,
stable_medium_capacity,w07,2026-03-13,2026-03-16,2026-03-20,002465,0.01075268817204301,0.9288201402805611,-0.06874999999999998,-0.0007392473118279566,
stable_medium_capacity,w07,2026-03-13,2026-03-16,2026-03-20,002156,0.01075268817204301,0.9288201402805611,-0.03314435237679891,-0.0003563908857720313,
stable_medium_capacity,w07,2026-03-13,2026-03-16,2026-03-20,002025,0.01075268817204301,0.9288201402805611,0.15555555555555545,0.0016726403823178004,
stable_medium_capacity,w07,2026-03-13,2026-03-16,2026-03-20,000878,0.01075268817204301,0.9288201402805611,-0.1670378619153675,-0.001796106042100726,
stable_medium_capacity,w07,2026-03-13,2026-03-16,2026-03-20,000060,0.01075268817204301,0.9288201402805611,-0.14206128133704732,-0.001527540659538143,
stable_medium_capacity,w07,2026-03-13,2026-03-16,2026-03-20,600131,0.01075268817204301,0.9318512024048097,-0.0680889695869269,-0.000732139457923945,
stable_medium_capacity,w07,2026-03-13,2026-03-16,2026-03-20,300763,0.01075268817204301,0.9318512024048097,0.15839472663823195,0.0017031691036369025,
stable_medium_capacity,w07,2026-03-13,2026-03-16,2026-03-20,688385,0.01075268817204301,0.9329233466933867,0.018290940268648193,0.0001966767770822386,
stable_medium_capacity,w07,2026-03-13,2026-03-16,2026-03-20,000426,0.01075268817204301,0.9333792585170341,-0.1605543710021322,-0.0017263910860444323,
stable_medium_capacity,w07,2026-03-13,2026-03-16,2026-03-20,000960,0.01075268817204301,0.9342910821643287,-0.11574952561669838,-0.001244618555018262,
stable_medium_capacity,w07,2026-03-13,2026-03-16,2026-03-20,002195,0.01075268817204301,0.917878256513026,-0.10526315789473684,-0.0011318619128466326,
stable_medium_capacity,w07,2026-03-13,2026-03-16,2026-03-20,688629,0.01075268817204301,0.9352029058116232,0.03181604880337874,0.0003421080516492337,
stable_medium_capacity,w07,2026-03-13,2026-03-16,2026-03-20,688281,0.01075268817204301,0.9352029058116232,-0.0626535626535627,-0.0006736942220813193,
stable_medium_capacity,w07,2026-03-13,2026-03-16,2026-03-20,603920,0.01075268817204301,0.9352029058116232,-0.06014900963111036,-0.0006467635444205415,
stable_medium_capacity,w07,2026-03-13,2026-03-16,2026-03-20,300751,0.01075268817204301,0.9361147294589178,0.10688567036167984,0.001149308283458923,
stable_medium_capacity,w07,2026-03-13,2026-03-16,2026-03-20,002008,0.01075268817204301,0.9365706412825652,-0.05982532751091707,-0.0006432830915152373,
stable_medium_capacity,w07,2026-03-13,2026-03-16,2026-03-20,600392,0.01075268817204301,0.937938376753507,-0.12055335968379444,-0.001296272684771983,
stable_medium_capacity,w07,2026-03-13,2026-03-16,2026-03-20,688220,0.01075268817204301,0.9388502004008016,-0.04845702626880899,-0.0005210432932129999,
stable_medium_capacity,w07,2026-03-13,2026-03-16,2026-03-20,688017,0.01075268817204301,0.9443887775551103,-0.060505050505050506,-0.0006505919409145215,
stable_medium_capacity,w07,2026-03-13,2026-03-16,2026-03-20,000738,0.01075268817204301,0.9443887775551103,-0.06760204081632648,-0.0007269036646916825,
stable_medium_capacity,w07,2026-03-13,2026-03-16,2026-03-20,002738,0.01075268817204301,0.9288201402805611,-0.11787665886026544,-0.0012674909554867251,
stable_medium_capacity,w07,2026-03-13,2026-03-16,2026-03-20,003031,0.01075268817204301,0.9288201402805611,-0.04116945107398573,-0.00044268226961274973,
stable_medium_capacity,w07,2026-03-13,2026-03-16,2026-03-20,300223,0.01075268817204301,0.9288201402805611,0.0054553084347459535,5.865923048113928e-05,
stable_medium_capacity,w07,2026-03-13,2026-03-16,2026-03-20,300570,0.01075268817204301,0.9288201402805611,-0.06833463643471471,-0.0007347810369324162,
stable_medium_capacity,w07,2026-03-13,2026-03-16,2026-03-20,300395,0.01075268817204301,0.9197019038076152,-0.1407374890254609,-0.0015133063336071064,
stable_medium_capacity,w07,2026-03-13,2026-03-16,2026-03-20,601399,0.01075268817204301,0.9206137274549098,-0.08888888888888902,-0.0009557945041816022,
stable_medium_capacity,w07,2026-03-13,2026-03-16,2026-03-20,300285,0.01075268817204301,0.9210696392785571,-0.13796735123749326,-0.0014835199057794974,
stable_medium_capacity,w07,2026-03-13,2026-03-16,2026-03-20,688599,0.01075268817204301,0.9222094188376753,0.0005246589716685346,5.6414943190165006e-06,
stable_medium_capacity,w07,2026-03-13,2026-03-16,2026-03-20,002436,0.01075268817204301,0.9222094188376753,-0.09482038429406847,-0.0010195740246674028,
stable_medium_capacity,w07,2026-03-13,2026-03-16,2026-03-20,002335,0.01075268817204301,0.9222094188376753,-0.017327505463627824,-0.00018631726304976152,
stable_medium_capacity,w07,2026-03-13,2026-03-16,2026-03-20,000831,0.01075268817204301,0.9222094188376753,-0.12259524707657488,-0.001318228463188977,
stable_medium_capacity,w07,2026-03-13,2026-03-16,2026-03-20,600602,0.01075268817204301,0.9236447895791583,0.05693430656934306,0.0006121968448316458,
stable_medium_capacity,w07,2026-03-13,2026-03-16,2026-03-20,600126,0.01075268817204301,0.9236447895791583,-0.08855291576673874,-0.0009521818899649326,
stable_medium_capacity,w07,2026-03-13,2026-03-16,2026-03-20,601212,0.01075268817204301,0.9240330661322644,-0.10264900662251653,-0.001103752759381898,
stable_medium_capacity,w07,2026-03-13,2026-03-16,2026-03-20,300136,0.01075268817204301,0.9240330661322644,-0.023857788866365137,-0.0002565353641544638,
stable_medium_capacity,w07,2026-03-13,2026-03-16,2026-03-20,688122,0.01075268817204301,0.9288201402805611,-0.0874358974358973,-0.0009401709401709387,
stable_medium_capacity,w07,2026-03-13,2026-03-16,2026-03-20,688027,0.01075268817204301,0.9288201402805611,-0.027231467473525006,-0.0002928114782099463,
stable_medium_capacity,w07,2026-03-13,2026-03-16,2026-03-20,688002,0.01075268817204301,0.9288201402805611,-0.025096525096525046,-0.0002698551085647854,
stable_medium_capacity,w07,2026-03-13,2026-03-16,2026-03-20,605358,0.01075268817204301,0.9288201402805611,-0.04991771804717504,-0.0005367496564212369,
stable_medium_capacity,w07,2026-03-13,2026-03-16,2026-03-20,603688,0.01075268817204301,0.9288201402805611,-0.09708737864077666,-0.0010439503079653404,
stable_medium_capacity,w07,2026-03-13,2026-03-16,2026-03-20,601168,0.01075268817204301,0.9288201402805611,-0.1392405063291139,-0.0014972097454743428,
stable_medium_capacity,w07,2026-03-13,2026-03-16,2026-03-20,601106,0.01075268817204301,0.9288201402805611,-0.08860759493670889,-0.0009527698380291278,
stable_medium_capacity,w07,2026-03-13,2026-03-16,2026-03-20,300604,0.01075268817204301,0.9288201402805611,-0.004669887278582863,-5.0213841705192065e-05,
stable_medium_capacity,w07,2026-03-13,2026-03-16,2026-03-20,000629,0.01075268817204301,0.7704809619238477,-0.12051282051282042,-0.0012958367797077464,
balanced_extra_wide_capacity,w08,2026-03-20,2026-03-23,2026-03-27,688281,0.015625,0.9673346693386773,-0.03342070773263428,-0.0005221985583224106,
balanced_extra_wide_capacity,w08,2026-03-20,2026-03-23,2026-03-27,603688,0.015625,0.9658817635270541,-0.02905513612445676,-0.00045398650194463687,
balanced_extra_wide_capacity,w08,2026-03-20,2026-03-23,2026-03-27,603920,0.015625,0.9128507014028056,-0.011987625676720737,-0.0001873066511987615,
balanced_extra_wide_capacity,w08,2026-03-20,2026-03-23,2026-03-27,688002,0.015625,0.9128507014028056,0.001980198019801982,3.094059405940597e-05,
balanced_extra_wide_capacity,w08,2026-03-20,2026-03-23,2026-03-27,002195,0.015625,0.9099448897795591,-0.031016042780748543,-0.000484625668449196,
balanced_extra_wide_capacity,w08,2026-03-20,2026-03-23,2026-03-27,300604,0.015625,0.9099448897795591,-0.004287332146901801,-6.698956479534064e-05,
balanced_extra_wide_capacity,w08,2026-03-20,2026-03-23,2026-03-27,002156,0.015625,0.9077655310621242,-0.04262516914749659,-0.0006660182679296342,
balanced_extra_wide_capacity,w08,2026-03-20,2026-03-23,2026-03-27,688709,0.015625,0.906312625250501,-0.06927252985884902,-0.001082383279044516,
balanced_extra_wide_capacity,w08,2026-03-20,2026-03-23,2026-03-27,002436,0.015625,0.9034068136272545,-0.044762344254730135,-0.0006994116289801584,
balanced_extra_wide_capacity,w08,2026-03-20,2026-03-23,2026-03-27,300748,0.015625,0.9034068136272545,0.014313597918022225,0.00022364996746909727,
balanced_extra_wide_capacity,w08,2026-03-20,2026-03-23,2026-03-27,688220,0.015625,0.9034068136272545,-0.05856338783168058,-0.0009150529348700091,
balanced_extra_wide_capacity,w08,2026-03-20,2026-03-23,2026-03-27,600498,0.015625,0.9005010020040081,0.03886127428829633,0.0006072074107546302,
balanced_extra_wide_capacity,w08,2026-03-20,2026-03-23,2026-03-27,688375,0.015625,0.8983216432865732,-0.043549862763037406,-0.0006804666056724595,
balanced_extra_wide_capacity,w08,2026-03-20,2026-03-23,2026-03-27,688629,0.015625,0.8983216432865732,-0.007731489903583744,-0.000120804529743496,
balanced_extra_wide_capacity,w08,2026-03-20,2026-03-23,2026-03-27,000426,0.015625,0.8961422845691382,0.01803403606807219,0.00028178181356362797,
balanced_extra_wide_capacity,w08,2026-03-20,2026-03-23,2026-03-27,300285,0.015625,0.894689378757515,-0.06200366524129508,-0.0009688072693952356,
balanced_extra_wide_capacity,w08,2026-03-20,2026-03-23,2026-03-27,000831,0.015625,0.8932364729458918,0.03826311263972482,0.0005978611349957003,
balanced_extra_wide_capacity,w08,2026-03-20,2026-03-23,2026-03-27,002044,0.015625,0.8917835671342685,-0.02076124567474047,-0.00032439446366781984,
balanced_extra_wide_capacity,w08,2026-03-20,2026-03-23,2026-03-27,300757,0.015625,0.888877755511022,0.11001379310344817,0.0017189655172413776,
balanced_extra_wide_capacity,w08,2026-03-20,2026-03-23,2026-03-27,688387,0.015625,0.8874248496993988,-0.052034689793195366,-0.0008130420280186776,
balanced_extra_wide_capacity,w08,2026-03-20,2026-03-23,2026-03-27,688608,0.015625,0.8859719438877756,0.003095238095238262,4.836309523809784e-05,
balanced_extra_wide_capacity,w08,2026-03-20,2026-03-23,2026-03-27,300679,0.015625,0.8847444889779559,-0.003215434083601254,-5.0241157556269594e-05,
balanced_extra_wide_capacity,w08,2026-03-20,2026-03-23,2026-03-27,603077,0.015625,0.8845190380761523,0.032490974729241895,0.0005076714801444046,
balanced_extra_wide_capacity,w08,2026-03-20,2026-03-23,2026-03-27,003031,0.015625,0.883066132264529,-0.030491599253266832,-0.00047643123833229425,
balanced_extra_wide_capacity,w08,2026-03-20,2026-03-23,2026-03-27,300627,0.015625,0.8816132264529057,-0.005459508644222066,-8.530482256596979e-05,
balanced_extra_wide_capacity,w08,2026-03-20,2026-03-23,2026-03-27,300454,0.015625,0.8801603206412826,-0.0582058477414682,-0.0009094663709604406,
balanced_extra_wide_capacity,w08,2026-03-20,2026-03-23,2026-03-27,601233,0.015625,0.8787074148296593,0.06678486997635935,0.0010435135933806149,
balanced_extra_wide_capacity,w08,2026-03-20,2026-03-23,2026-03-27,000629,0.015625,0.877254509018036,0.0,0.0,
balanced_extra_wide_capacity,w08,2026-03-20,2026-03-23,2026-03-27,600435,0.015625,0.8743486973947896,0.01025290498974707,0.00016020164046479796,
balanced_extra_wide_capacity,w08,2026-03-20,2026-03-23,2026-03-27,002202,0.015625,0.8728957915831663,-0.05993150684931503,-0.0009364297945205474,
balanced_extra_wide_capacity,w08,2026-03-20,2026-03-23,2026-03-27,300919,0.015625,0.871442885771543,0.0614745586708203,0.0009605399792315672,
balanced_extra_wide_capacity,w08,2026-03-20,2026-03-23,2026-03-27,688568,0.015625,0.9172094188376754,-0.0975720102548635,-0.0015245626602322423,
balanced_extra_wide_capacity,w08,2026-03-20,2026-03-23,2026-03-27,002465,0.015625,0.9172094188376754,-0.012080536912751683,-0.00018875838926174504,
balanced_extra_wide_capacity,w08,2026-03-20,2026-03-23,2026-03-27,601958,0.015625,0.9193887775551103,-0.007919746568109898,-0.00012374604012671715,
balanced_extra_wide_capacity,w08,2026-03-20,2026-03-23,2026-03-27,601611,0.015625,0.944814629258517,-0.031186440677966165,-0.00048728813559322133,
balanced_extra_wide_capacity,w08,2026-03-20,2026-03-23,2026-03-27,002738,0.015625,0.9637024048096192,0.07699115044247784,0.0012029867256637163,
balanced_extra_wide_capacity,w08,2026-03-20,2026-03-23,2026-03-27,600549,0.015625,0.9637024048096192,0.08136966126656842,0.0012714009572901315,
balanced_extra_wide_capacity,w08,2026-03-20,2026-03-23,2026-03-27,300857,0.015625,0.9600701402805611,-0.030421892816419605,-0.0004753420752565563,
balanced_extra_wide_capacity,w08,2026-03-20,2026-03-23,2026-03-27,000060,0.015625,0.9586172344689379,-0.0032467532467532756,-5.073051948051993e-05,
balanced_extra_wide_capacity,w08,2026-03-20,2026-03-23,2026-03-27,601231,0.015625,0.9557114228456913,-0.0748185371300949,-0.0011690396426577328,
balanced_extra_wide_capacity,w08,2026-03-20,2026-03-23,2026-03-27,000878,0.015625,0.9528056112224449,-0.012299465240641738,-0.00019217914438502716,
balanced_extra_wide_capacity,w08,2026-03-20,2026-03-23,2026-03-27,000960,0.015625,0.9528056112224449,-0.0036787247087675112,-5.748007357449236e-05,
balanced_extra_wide_capacity,w08,2026-03-20,2026-03-23,2026-03-27,600392,0.015625,0.9528056112224449,0.009887640449438129,0.00015449438202247076,
balanced_extra_wide_capacity,w08,2026-03-20,2026-03-23,2026-03-27,688122,0.015625,0.9498997995991983,0.008710311885360866,0.00013609862320876354,
balanced_extra_wide_capacity,w08,2026-03-20,2026-03-23,2026-03-27,002851,0.015625,0.944814629258517,-0.023908223271956075,-0.00037356598862431367,
balanced_extra_wide_capacity,w08,2026-03-20,2026-03-23,2026-03-27,300223,0.015625,0.944814629258517,-0.07237061769616027,-0.0011307909015025042,
balanced_extra_wide_capacity,w08,2026-03-20,2026-03-23,2026-03-27,600141,0.015625,0.944814629258517,0.060377358490566024,0.0009433962264150941,
balanced_extra_wide_capacity,w08,2026-03-20,2026-03-23,2026-03-27,601106,0.015625,0.944814629258517,-0.011574074074074292,-0.0001808449074074108,
balanced_extra_wide_capacity,w08,2026-03-20,2026-03-23,2026-03-27,688027,0.015625,0.944814629258517,-0.14152410575427687,-0.002211314152410576,
balanced_extra_wide_capacity,w08,2026-03-20,2026-03-23,2026-03-27,603225,0.015625,0.9208416833667334,0.09610389610389602,0.0015016233766233754,
balanced_extra_wide_capacity,w08,2026-03-20,2026-03-23,2026-03-27,605358,0.015625,0.9397294589178357,-0.03493071593533492,-0.0005457924364896082,
balanced_extra_wide_capacity,w08,2026-03-20,2026-03-23,2026-03-27,002335,0.015625,0.9382765531062124,-0.07498014297061173,-0.0011715647339158083,
balanced_extra_wide_capacity,w08,2026-03-20,2026-03-23,2026-03-27,002080,0.015625,0.9353707414829658,-0.035146846413095845,-0.0005491694752046226,
balanced_extra_wide_capacity,w08,2026-03-20,2026-03-23,2026-03-27,600497,0.015625,0.9353707414829658,-0.01851851851851849,-0.0002893518518518514,
balanced_extra_wide_capacity,w08,2026-03-20,2026-03-23,2026-03-27,601168,0.015625,0.9353707414829658,-0.02089783281733748,-0.00032652863777089813,
balanced_extra_wide_capacity,w08,2026-03-20,2026-03-23,2026-03-27,300395,0.015625,0.9324649298597194,-0.037498722795545114,-0.0005859175436803924,
balanced_extra_wide_capacity,w08,2026-03-20,2026-03-23,2026-03-27,002008,0.015625,0.9310120240480961,-0.026784331939928796,-0.00041850518656138744,
balanced_extra_wide_capacity,w08,2026-03-20,2026-03-23,2026-03-27,002409,0.015625,0.929559118236473,0.0018059234288465564,2.8217553575727444e-05,
balanced_extra_wide_capacity,w08,2026-03-20,2026-03-23,2026-03-27,688347,0.015625,0.9273797595190381,-0.02939655172413791,-0.00045932112068965483,
balanced_extra_wide_capacity,w08,2026-03-20,2026-03-23,2026-03-27,688385,0.015625,0.9273797595190381,-0.046870614650575404,-0.0007323533539152407,
balanced_extra_wide_capacity,w08,2026-03-20,2026-03-23,2026-03-27,300383,0.015625,0.9252004008016033,0.11662371134020622,0.0018222454896907221,
balanced_extra_wide_capacity,w08,2026-03-20,2026-03-23,2026-03-27,002429,0.015625,0.92374749498998,-0.029970029970029843,-0.0004682817182817163,
balanced_extra_wide_capacity,w08,2026-03-20,2026-03-23,2026-03-27,002025,0.015625,0.9222945891783567,0.007723833543505698,0.00012068489911727653,
balanced_extra_wide_capacity,w08,2026-03-20,2026-03-23,2026-03-27,300699,0.015625,0.8612725450901804,-0.007119549095224054,-0.00011124295461287584,
balanced_medium_current,w08,2026-03-20,2026-03-23,2026-03-27,300763,0.020408163265306124,1.0,-0.10878661087866104,-0.0022201349158910417,
balanced_medium_current,w08,2026-03-20,2026-03-23,2026-03-27,002436,0.020408163265306124,0.9458917835671342,-0.044762344254730135,-0.0009135172296883702,
balanced_medium_current,w08,2026-03-20,2026-03-23,2026-03-27,000960,0.020408163265306124,0.9418837675350702,-0.0036787247087675112,-7.507601446464309e-05,
balanced_medium_current,w08,2026-03-20,2026-03-23,2026-03-27,601611,0.020408163265306124,0.9398797595190381,-0.031186440677966165,-0.0006364579730197177,
balanced_medium_current,w08,2026-03-20,2026-03-23,2026-03-27,601958,0.020408163265306124,0.9378757515030061,-0.007919746568109898,-0.00016162748098183467,
balanced_medium_current,w08,2026-03-20,2026-03-23,2026-03-27,300748,0.020408163265306124,0.935871743486974,0.014313597918022225,0.0002921142432249434,
balanced_medium_current,w08,2026-03-20,2026-03-23,2026-03-27,600141,0.020408163265306124,0.9338677354709419,0.060377358490566024,0.0012321909896033884,
balanced_medium_current,w08,2026-03-20,2026-03-23,2026-03-27,002080,0.020408163265306124,0.9318637274549099,-0.035146846413095845,-0.000717282579859099,
balanced_medium_current,w08,2026-03-20,2026-03-23,2026-03-27,603688,0.020408163265306124,0.9298597194388778,-0.02905513612445676,-0.0005929619617236074,
balanced_medium_current,w08,2026-03-20,2026-03-23,2026-03-27,300454,0.020408163265306124,0.9278557114228457,-0.0582058477414682,-0.0011878744437034327,
balanced_medium_current,w08,2026-03-20,2026-03-23,2026-03-27,601106,0.020408163265306124,0.9258517034068137,-0.011574074074074292,-0.00023620559334845497,
balanced_medium_current,w08,2026-03-20,2026-03-23,2026-03-27,688387,0.020408163265306124,0.9238476953907816,-0.052034689793195366,-0.0010619324447590892,
balanced_medium_current,w08,2026-03-20,2026-03-23,2026-03-27,603225,0.020408163265306124,0.9218436873747495,0.09610389610389602,0.001961304002120327,
balanced_medium_current,w08,2026-03-20,2026-03-23,2026-03-27,000021,0.020408163265306124,0.9198396793587175,-0.09839291571006892,-0.0020080186879605903,
balanced_medium_current,w08,2026-03-20,2026-03-23,2026-03-27,300285,0.020408163265306124,0.9178356713426854,-0.06200366524129508,-0.0012653809232917364,
balanced_medium_current,w08,2026-03-20,2026-03-23,2026-03-27,601233,0.020408163265306124,0.9158316633266533,0.06678486997635935,0.0013629565301297828,
balanced_medium_current,w08,2026-03-20,2026-03-23,2026-03-27,600549,0.020408163265306124,0.9138276553106213,0.08136966126656842,0.001660605331970784,
balanced_medium_current,w08,2026-03-20,2026-03-23,2026-03-27,605358,0.020408163265306124,0.9118236472945892,-0.03493071593533492,-0.0007128717537823454,
balanced_medium_current,w08,2026-03-20,2026-03-23,2026-03-27,000831,0.020408163265306124,0.9098196392785571,0.03826311263972482,0.0007808798497903024,
balanced_medium_current,w08,2026-03-20,2026-03-23,2026-03-27,601231,0.020408163265306124,0.9078156312625251,-0.0748185371300949,-0.001526908921022345,
balanced_medium_current,w08,2026-03-20,2026-03-23,2026-03-27,688676,0.020408163265306124,0.905811623246493,-0.035199004975124515,-0.0007183470403086637,
balanced_medium_current,w08,2026-03-20,2026-03-23,2026-03-27,603979,0.020408163265306124,0.9038076152304609,0.028617710583153322,0.000584034909860272,
balanced_medium_current,w08,2026-03-20,2026-03-23,2026-03-27,002756,0.020408163265306124,0.9018036072144289,0.31834415584415576,0.006496819507023587,
balanced_medium_current,w08,2026-03-20,2026-03-23,2026-03-27,300679,0.020408163265306124,0.9438877755511023,-0.003215434083601254,-6.562110374696438e-05,
balanced_medium_current,w08,2026-03-20,2026-03-23,2026-03-27,688375,0.020408163265306124,0.9478957915831663,-0.043549862763037406,-0.000888772709449743,
balanced_medium_current,w08,2026-03-20,2026-03-23,2026-03-27,688281,0.020408163265306124,0.9979959919839679,-0.03342070773263428,-0.0006820552598496793,
balanced_medium_current,w08,2026-03-20,2026-03-23,2026-03-27,002025,0.020408163265306124,0.9519038076152304,0.007723833543505698,0.00015762925598991222,
balanced_medium_current,w08,2026-03-20,2026-03-23,2026-03-27,600392,0.020408163265306124,0.9959919839679359,0.009887640449438129,0.00020178858060077815,
balanced_medium_current,w08,2026-03-20,2026-03-23,2026-03-27,600497,0.020408163265306124,0.9939879759519038,-0.01851851851851849,-0.00037792894935752025,
balanced_medium_current,w08,2026-03-20,2026-03-23,2026-03-27,002432,0.020408163265306124,0.9919839679358717,0.10070558050032075,0.0020552159285779745,
balanced_medium_current,w08,2026-03-20,2026-03-23,2026-03-27,300136,0.020408163265306124,0.9899799599198397,-0.0004792332268370725,-9.78026993545046e-06,
balanced_medium_current,w08,2026-03-20,2026-03-23,2026-03-27,601016,0.020408163265306124,0.9879759519038076,0.1078651685393257,0.0022013299701903206,
balanced_medium_current,w08,2026-03-20,2026-03-23,2026-03-27,000426,0.020408163265306124,0.9859719438877755,0.01803403606807219,0.0003680415524096366,
balanced_medium_current,w08,2026-03-20,2026-03-23,2026-03-27,002465,0.020408163265306124,0.9839679358717435,-0.012080536912751683,-0.00024654156964799357,
balanced_medium_current,w08,2026-03-20,2026-03-23,2026-03-27,301611,0.020408163265306124,0.9819639278557114,0.012498719393504665,0.00025507590598989113,
balanced_medium_current,w08,2026-03-20,2026-03-23,2026-03-27,688385,0.020408163265306124,0.9799599198396793,-0.046870614650575404,-0.000956543156134192,
balanced_medium_current,w08,2026-03-20,2026-03-23,2026-03-27,601212,0.020408163265306124,0.9779559118236473,-0.012300123001230179,-0.00025102291839245263,
balanced_medium_current,w08,2026-03-20,2026-03-23,2026-03-27,002738,0.020408163265306124,0.9759519038076152,0.07699115044247784,0.0015712479682138336,
balanced_medium_current,w08,2026-03-20,2026-03-23,2026-03-27,601168,0.020408163265306124,0.9739478957915831,-0.02089783281733748,-0.00042648638402729554,
balanced_medium_current,w08,2026-03-20,2026-03-23,2026-03-27,000878,0.020408163265306124,0.9719438877755511,-0.012299465240641738,-0.0002510094947069743,
balanced_medium_current,w08,2026-03-20,2026-03-23,2026-03-27,000060,0.020408163265306124,0.969939879759519,-0.0032467532467532756,-6.626027034190359e-05,
balanced_medium_current,w08,2026-03-20,2026-03-23,2026-03-27,300058,0.020408163265306124,0.9679358717434869,-0.017229496898690577,-0.00035162238568756284,
balanced_medium_current,w08,2026-03-20,2026-03-23,2026-03-27,002851,0.020408163265306124,0.9659318637274549,-0.023908223271956075,-0.00048792292391747097,
balanced_medium_current,w08,2026-03-20,2026-03-23,2026-03-27,688608,0.020408163265306124,0.9639278557114228,0.003095238095238262,6.31681243926176e-05,
balanced_medium_current,w08,2026-03-20,2026-03-23,2026-03-27,688220,0.020408163265306124,0.9599198396793587,-0.05856338783168058,-0.0011951711802383792,
balanced_medium_current,w08,2026-03-20,2026-03-23,2026-03-27,600879,0.020408163265306124,0.9579158316633266,-0.018047200370199024,-0.0003683102116367148,
balanced_medium_current,w08,2026-03-20,2026-03-23,2026-03-27,603920,0.020408163265306124,0.9559118236472945,-0.011987625676720737,-0.0002446454219738926,
balanced_medium_current,w08,2026-03-20,2026-03-23,2026-03-27,688122,0.020408163265306124,0.9539078156312625,0.008710311885360866,0.00017776146704818097,
balanced_medium_current,w08,2026-03-20,2026-03-23,2026-03-27,002156,0.020408163265306124,0.8997995991983968,-0.04262516914749659,-0.0008699014111733999,
economic_medium_capacity,w08,2026-03-20,2026-03-23,2026-03-27,300724,0.036000000004219955,0.9979258517034069,-0.07064291247095267,-0.002543144849252406,
economic_medium_capacity,w08,2026-03-20,2026-03-23,2026-03-27,000960,0.036000000004219955,0.9197915831663327,-0.0036787247087675112,-0.00013243408953115445,
economic_medium_capacity,w08,2026-03-20,2026-03-23,2026-03-27,300763,0.036000000004219955,0.9979258517034069,-0.10878661087866104,-0.003916317992090872,
economic_medium_capacity,w08,2026-03-20,2026-03-23,2026-03-27,300395,0.036000000004219955,0.9197915831663327,-0.037498722795545114,-0.0013499540207978671,
economic_medium_capacity,w08,2026-03-20,2026-03-23,2026-03-27,300383,0.036000000004219955,0.9197915831663327,0.11662371134020622,0.0041984536087395705,
economic_medium_capacity,w08,2026-03-20,2026-03-23,2026-03-27,002738,0.036000000004219955,0.9197915831663327,0.07699115044247784,0.0027716814162541013,
economic_medium_capacity,w08,2026-03-20,2026-03-23,2026-03-27,002080,0.036000000004219955,0.9197915831663327,-0.035146846413095845,-0.0012652864710197686,
economic_medium_capacity,w08,2026-03-20,2026-03-23,2026-03-27,002044,0.036000000004219955,0.9197915831663327,-0.02076124567474047,-0.0007474048443782684,
economic_medium_capacity,w08,2026-03-20,2026-03-23,2026-03-27,000878,0.036000000004219955,0.9197915831663327,-0.012299465240641738,-0.0004427807487150058,
economic_medium_capacity,w08,2026-03-20,2026-03-23,2026-03-27,000831,0.036000000004219955,0.9197915831663327,0.03826311263972482,0.001377472055191562,
economic_medium_capacity,w08,2026-03-20,2026-03-23,2026-03-27,000738,0.036000000004219955,0.9197915831663327,-0.017783857729138153,-0.0006402188783240206,
economic_medium_capacity,w08,2026-03-20,2026-03-23,2026-03-27,000426,0.036000000004219955,0.9197915831663327,0.01803403606807219,0.0006492252985267016,
economic_medium_capacity,w08,2026-03-20,2026-03-23,2026-03-27,000060,0.036000000004219955,0.9197915831663327,-0.0032467532467532756,-0.00011688311689681907,
economic_medium_capacity,w08,2026-03-20,2026-03-23,2026-03-27,000021,0.036000000004219955,0.9197915831663327,-0.09839291571006892,-0.0035421449659776946,
economic_medium_capacity,w08,2026-03-20,2026-03-23,2026-03-27,600549,0.036000000004219955,0.9197915831663327,0.08136966126656842,0.002929307805939839,
economic_medium_capacity,w08,2026-03-20,2026-03-23,2026-03-27,600497,0.036000000000000004,0.9197915831663327,-0.01851851851851849,-0.0006666666666666657,
economic_medium_capacity,w08,2026-03-20,2026-03-23,2026-03-27,601168,0.036000000000000004,0.9197915831663327,-0.02089783281733748,-0.0007523219814241494,
economic_medium_capacity,w08,2026-03-20,2026-03-23,2026-03-27,601061,0.036000000000000004,0.9197915831663327,-0.037098103874690924,-0.0013355317394888734,
economic_medium_capacity,w08,2026-03-20,2026-03-23,2026-03-27,600765,0.036000000000000004,0.9197915831663327,-0.017996400719856087,-0.0006478704259148192,
economic_medium_capacity,w08,2026-03-20,2026-03-23,2026-03-27,300699,0.036000000000000004,0.9197915831663327,-0.007119549095224054,-0.00025630376742806596,
economic_medium_capacity,w08,2026-03-20,2026-03-23,2026-03-27,600392,0.036000000000000004,0.9197915831663327,0.009887640449438129,0.00035595505617977267,
economic_medium_capacity,w08,2026-03-20,2026-03-23,2026-03-27,600363,0.036000000000000004,0.9197915831663327,-0.030831099195710476,-0.0011099195710455774,
economic_medium_capacity,w08,2026-03-20,2026-03-23,2026-03-27,300857,0.036000000000000004,0.9197915831663327,-0.030421892816419605,-0.0010951881413911058,
economic_medium_capacity,w08,2026-03-20,2026-03-23,2026-03-27,300748,0.036000000000000004,0.9197915831663327,0.014313597918022225,0.0005152895250488002,
economic_medium_capacity,w08,2026-03-20,2026-03-23,2026-03-27,300454,0.036000000000000004,0.9197915831663327,-0.0582058477414682,-0.0020954105186928554,
economic_medium_capacity,w08,2026-03-20,2026-03-23,2026-03-27,601231,0.03333333331223356,0.9197915831663327,-0.0748185371300949,-0.0024939512360911756,
economic_medium_capacity,w08,2026-03-20,2026-03-23,2026-03-27,601233,0.02666666664978681,0.9197915831663327,0.06678486997635935,0.0017809298649089304,
economic_medium_capacity,w08,2026-03-20,2026-03-23,2026-03-27,601958,0.019999999987340117,0.9197915831663327,-0.007919746568109898,-0.00015839493126193488,
economic_medium_capacity,w08,2026-03-20,2026-03-23,2026-03-27,603979,0.013333333324893405,0.9197915831663327,0.028617710583153322,0.00038156947420051285,
economic_medium_capacity,w08,2026-03-20,2026-03-23,2026-03-27,688122,0.0066666666624467024,0.9197915831663327,0.008710311885360866,5.806874586564857e-05,
recent_compact_capacity,w08,2026-03-20,2026-03-23,2026-03-27,000960,0.032972380952380954,0.6116633266533066,-0.0036787247087675112,-0.00012129631251641906,
recent_compact_capacity,w08,2026-03-20,2026-03-23,2026-03-27,000559,0.032972380952380954,0.610561122244489,-0.007717041800643143,-0.0002544492420762536,
recent_compact_capacity,w08,2026-03-20,2026-03-23,2026-03-27,002532,0.032972380952380954,0.6085220440881763,0.046073977936405,0.0015191687525107406,
recent_compact_capacity,w08,2026-03-20,2026-03-23,2026-03-27,600549,0.032972380952380954,0.6087975951903808,0.08136966126656842,0.002682951469247491,
recent_compact_capacity,w08,2026-03-20,2026-03-23,2026-03-27,000060,0.032972380952380954,0.6090180360721442,-0.0032467532467532756,-0.00010705318491032873,
recent_compact_capacity,w08,2026-03-20,2026-03-23,2026-03-27,688563,0.032972380952380954,0.609128256513026,0.015677680377612857,0.0005169304498603188,
recent_compact_capacity,w08,2026-03-20,2026-03-23,2026-03-27,600497,0.032972380952380954,0.6116633266533066,-0.01851851851851849,-0.000610599647266313,
recent_compact_capacity,w08,2026-03-20,2026-03-23,2026-03-27,002044,0.032972380952380954,0.6101753507014028,-0.02076124567474047,-0.0006845477014335141,
recent_compact_capacity,w08,2026-03-20,2026-03-23,2026-03-27,000878,0.032972380952380954,0.6103406813627255,-0.012299465240641738,-0.0004055426534250073,
recent_compact_capacity,w08,2026-03-20,2026-03-23,2026-03-27,601168,0.032972380952380954,0.6104509018036072,-0.02089783281733748,-0.00068905130473242,
recent_compact_capacity,w08,2026-03-20,2026-03-23,2026-03-27,688281,0.032972380952380954,0.6101753507014028,-0.03342070773263428,-0.0011019603070586013,
recent_compact_capacity,w08,2026-03-20,2026-03-23,2026-03-27,000426,0.032972380952380954,0.6106713426853707,0.01803403606807219,0.0005946251073454546,
recent_compact_capacity,w08,2026-03-20,2026-03-23,2026-03-27,000657,0.032972380952380954,0.6107815631262525,-0.02934717508484741,-0.0009676462367738117,
recent_compact_capacity,w08,2026-03-20,2026-03-23,2026-03-27,601958,0.032972380952380954,0.6116633266533066,-0.007919746568109898,-0.0002611329008900312,
recent_compact_capacity,w08,2026-03-20,2026-03-23,2026-03-27,000933,0.032972380952380954,0.6113877755511022,-0.015801354401805967,-0.000521008276899928,
recent_compact_capacity,w08,2026-03-20,2026-03-23,2026-03-27,300395,0.032972380952380954,0.6113877755511022,-0.037498722795545114,-0.0012364221732424452,
recent_compact_capacity,w08,2026-03-20,2026-03-23,2026-03-27,002624,0.032972380952380954,0.6112224448897795,0.02187324733595064,0.0007212130438266163,
recent_compact_capacity,w08,2026-03-20,2026-03-23,2026-03-27,300699,0.032972380952380954,0.6085220440881763,-0.007119549095224054,-0.00023474848497690665,
recent_compact_capacity,w08,2026-03-20,2026-03-23,2026-03-27,300857,0.032972380952380954,0.6111122244488978,-0.030421892816419605,-0.0010030822392354888,
recent_compact_capacity,w08,2026-03-20,2026-03-23,2026-03-27,600392,0.032972380952380954,0.611002004008016,0.009887640449438129,0.0003260190476190452,
recent_compact_capacity,w08,2026-03-20,2026-03-23,2026-03-27,000021,0.032972380952380954,0.6108917835671342,-0.09839291571006892,-0.0032442486998079012,
recent_compact_capacity,w08,2026-03-20,2026-03-23,2026-03-27,688615,0.030758,0.6097895791583167,-0.022187094224580872,-0.0006824306441596585,
recent_compact_capacity,w08,2026-03-20,2026-03-23,2026-03-27,002738,0.030758,0.6096793587174348,0.07699115044247784,0.0023680938053097333,
recent_compact_capacity,w08,2026-03-20,2026-03-23,2026-03-27,688122,0.030758,0.6095691382765531,0.008710311885360866,0.0002679117729699295,
recent_compact_capacity,w08,2026-03-20,2026-03-23,2026-03-27,002126,0.030758,0.6099549098196393,-0.02137049941927982,-0.0006573138211382087,
recent_compact_capacity,w08,2026-03-20,2026-03-23,2026-03-27,000703,0.030758,0.6093486973947896,0.15520446096654283,0.004773778810408924,
recent_compact_capacity,w08,2026-03-20,2026-03-23,2026-03-27,002271,0.030758,0.6092384769539078,0.03932203389830513,0.0012094671186440693,
recent_compact_capacity,w08,2026-03-20,2026-03-23,2026-03-27,000738,0.030758,0.6099549098196393,-0.017783857729138153,-0.0005469958960328314,
recent_compact_capacity,w08,2026-03-20,2026-03-23,2026-03-27,601212,0.030758,0.6089078156312625,-0.012300123001230179,-0.00037832718327183784,
recent_compact_capacity,w08,2026-03-20,2026-03-23,2026-03-27,300567,0.030758,0.608687374749499,-0.01653275648949326,-0.0005085145241038337,
recent_compact_capacity,w08,2026-03-20,2026-03-23,2026-03-27,002080,0.030758,0.6094589178356713,-0.035146846413095845,-0.001081046701974002,
recent_compact_current,w08,2026-03-20,2026-03-23,2026-03-27,601958,0.027027027027027035,0.9894288577154309,-0.007919746568109898,-0.00021404720454351082,
recent_compact_current,w08,2026-03-20,2026-03-23,2026-03-27,688563,0.027027027027027035,0.9394539078156312,0.015677680377612857,0.0004237210912868341,
recent_compact_current,w08,2026-03-20,2026-03-23,2026-03-27,601233,0.027027027027027035,0.9370240480961924,0.06678486997635935,0.0018049964858475507,
recent_compact_current,w08,2026-03-20,2026-03-23,2026-03-27,688281,0.027027027027027035,0.9354458917835672,-0.03342070773263428,-0.0009032623711522781,
recent_compact_current,w08,2026-03-20,2026-03-23,2026-03-27,002080,0.027027027027027035,0.9348947895791583,-0.035146846413095845,-0.0009499147679215096,
recent_compact_current,w08,2026-03-20,2026-03-23,2026-03-27,600316,0.027027027027027035,0.9338426853707416,0.11288987027325437,0.0030510775749528216,
recent_compact_current,w08,2026-03-20,2026-03-23,2026-03-27,002624,0.027027027027027035,0.9331412825651303,0.02187324733595064,0.0005911688469175851,
recent_compact_current,w08,2026-03-20,2026-03-23,2026-03-27,301611,0.027027027027027035,0.9304609218436873,0.012498719393504665,0.0003378032268514775,
recent_compact_current,w08,2026-03-20,2026-03-23,2026-03-27,000933,0.027027027027027035,0.9295090180360721,-0.015801354401805967,-0.0004270636324812425,
recent_compact_current,w08,2026-03-20,2026-03-23,2026-03-27,002044,0.027027027027027035,0.9287825651302605,-0.02076124567474047,-0.0005611147479659588,
recent_compact_current,w08,2026-03-20,2026-03-23,2026-03-27,603786,0.027027027027027035,0.9276052104208418,-0.00036852773171192066,-9.960208965187049e-06,
recent_compact_current,w08,2026-03-20,2026-03-23,2026-03-27,600685,0.027027027027027035,0.9193887775551102,-0.015216672179953705,-0.0004112614102690192,
recent_compact_current,w08,2026-03-20,2026-03-23,2026-03-27,300679,0.027027027027027035,0.9181362725450902,-0.003215434083601254,-8.6903623881115e-05,
recent_compact_current,w08,2026-03-20,2026-03-23,2026-03-27,002558,0.027027027027027035,0.9177855711422847,0.0009339975093400898,2.5243175928110545e-05,
recent_compact_current,w08,2026-03-20,2026-03-23,2026-03-27,000021,0.027027027027027035,0.9173597194388777,-0.09839291571006892,-0.0026592679921640257,
recent_compact_current,w08,2026-03-20,2026-03-23,2026-03-27,688122,0.027027027027027035,0.9154809619238478,0.008710311885360866,0.00023541383473948296,
recent_compact_current,w08,2026-03-20,2026-03-23,2026-03-27,002517,0.027027027027027035,0.9118236472945892,0.0010952902519167917,2.960243924099438e-05,
recent_compact_current,w08,2026-03-20,2026-03-23,2026-03-27,002532,0.027027027027027035,0.9376503006012024,0.046073977936405,0.0012452426469298653,
recent_compact_current,w08,2026-03-20,2026-03-23,2026-03-27,300699,0.027027027027027035,0.9401052104208416,-0.007119549095224054,-0.00019242024581686638,
recent_compact_current,w08,2026-03-20,2026-03-23,2026-03-27,000960,0.027027027027027035,0.9841683366733467,-0.0036787247087675112,-9.942499212885169e-05,
recent_compact_current,w08,2026-03-20,2026-03-23,2026-03-27,002738,0.027027027027027035,0.9421843687374749,0.07699115044247784,0.0020808419038507533,
recent_compact_current,w08,2026-03-20,2026-03-23,2026-03-27,000426,0.027027027027027035,0.9834669338677355,0.01803403606807219,0.00048740638021816746,
recent_compact_current,w08,2026-03-20,2026-03-23,2026-03-27,600497,0.027027027027027035,0.9799599198396793,-0.01851851851851849,-0.0005005005005004998,
recent_compact_current,w08,2026-03-20,2026-03-23,2026-03-27,600549,0.027027027027027035,0.9793587174348698,0.08136966126656842,0.0021991800342315796,
recent_compact_current,w08,2026-03-20,2026-03-23,2026-03-27,000559,0.027027027027027035,0.9757765531062125,-0.007717041800643143,-0.00020856869731467962,
recent_compact_current,w08,2026-03-20,2026-03-23,2026-03-27,000878,0.027027027027027035,0.9750501002004008,-0.012299465240641738,-0.00033241797947680386,
recent_compact_current,w08,2026-03-20,2026-03-23,2026-03-27,300395,0.027027027027027035,0.9708917835671342,-0.037498722795545114,-0.0010134789944741926,
recent_compact_current,w08,2026-03-20,2026-03-23,2026-03-27,600392,0.027027027027027035,0.9690881763527054,0.009887640449438129,0.00026723352566049004,
recent_compact_current,w08,2026-03-20,2026-03-23,2026-03-27,601168,0.027027027027027035,0.9610220440881764,-0.02089783281733748,-0.0005648062923604726,
recent_compact_current,w08,2026-03-20,2026-03-23,2026-03-27,000738,0.027027027027027035,0.9586172344689379,-0.017783857729138153,-0.0004806448034902205,
recent_compact_current,w08,2026-03-20,2026-03-23,2026-03-27,002271,0.027027027027027035,0.9538326653306614,0.03932203389830513,0.0010627576729271661,
recent_compact_current,w08,2026-03-20,2026-03-23,2026-03-27,000703,0.027027027027027035,0.9501002004008016,0.15520446096654283,0.004194715161257916,
recent_compact_current,w08,2026-03-20,2026-03-23,2026-03-27,002126,0.027027027027027035,0.9484468937875752,-0.02137049941927982,-0.0005775810653859413,
recent_compact_current,w08,2026-03-20,2026-03-23,2026-03-27,000657,0.027027027027027035,0.9459919839679359,-0.02934717508484741,-0.0007931668941850654,
recent_compact_current,w08,2026-03-20,2026-03-23,2026-03-27,000060,0.027027027027027035,0.9422845691382764,-0.0032467532467532756,-8.775008775008856e-05,
recent_compact_current,w08,2026-03-20,2026-03-23,2026-03-27,601231,0.027027027027027035,0.9422344689378758,-0.0748185371300949,-0.0020221226251377006,
recent_compact_current,w08,2026-03-20,2026-03-23,2026-03-27,601106,0.027027027027027035,0.9097945891783568,-0.011574074074074292,-0.00031281281281281883,
short_aggressive_compact_capacity,w08,2026-03-20,2026-03-23,2026-03-27,601179,0.03225806451612904,0.9952820641282565,-0.01411042944785279,-0.00045517514347912235,
short_aggressive_compact_capacity,w08,2026-03-20,2026-03-23,2026-03-27,002044,0.03225806451612904,0.9539128256513025,-0.02076124567474047,-0.000669717602410983,
short_aggressive_compact_capacity,w08,2026-03-20,2026-03-23,2026-03-27,002064,0.03225806451612904,0.9249308617234469,0.04615384615384599,0.001488833746898258,
short_aggressive_compact_capacity,w08,2026-03-20,2026-03-23,2026-03-27,000060,0.03225806451612904,0.9254909819639279,-0.0032467532467532756,-0.00010473397570171859,
short_aggressive_compact_capacity,w08,2026-03-20,2026-03-23,2026-03-27,688608,0.03225806451612904,0.9286748496993988,0.003095238095238262,9.984639016897621e-05,
short_aggressive_compact_capacity,w08,2026-03-20,2026-03-23,2026-03-27,000703,0.03225806451612904,0.9346573146292585,0.15520446096654283,0.00500659551504977,
short_aggressive_compact_capacity,w08,2026-03-20,2026-03-23,2026-03-27,002271,0.03225806451612904,0.9365521042084167,0.03932203389830513,0.0012684527063969398,
short_aggressive_compact_capacity,w08,2026-03-20,2026-03-23,2026-03-27,300395,0.03225806451612904,0.9397019038076152,-0.037498722795545114,-0.001209636219211133,
short_aggressive_compact_capacity,w08,2026-03-20,2026-03-23,2026-03-27,002756,0.03225806451612904,0.9397019038076152,0.31834415584415576,0.010269166317553414,
short_aggressive_compact_capacity,w08,2026-03-20,2026-03-23,2026-03-27,000738,0.03225806451612904,0.9397019038076152,-0.017783857729138153,-0.0005736728299721986,
short_aggressive_compact_capacity,w08,2026-03-20,2026-03-23,2026-03-27,688361,0.03225806451612904,0.9422364729458917,-0.044522839243354984,-0.0014362206207533868,
short_aggressive_compact_capacity,w08,2026-03-20,2026-03-23,2026-03-27,000657,0.03225806451612904,0.9458822645290581,-0.02934717508484741,-0.0009466830672531424,
short_aggressive_compact_capacity,w08,2026-03-20,2026-03-23,2026-03-27,600392,0.03225806451612904,0.9467209418837674,0.009887640449438129,0.0003189561435302623,
short_aggressive_compact_capacity,w08,2026-03-20,2026-03-23,2026-03-27,688281,0.03225806451612904,0.9491758517034068,-0.03342070773263428,-0.0010780873462140092,
short_aggressive_compact_capacity,w08,2026-03-20,2026-03-23,2026-03-27,002738,0.03225806451612904,0.9491758517034068,0.07699115044247784,0.002483585498144447,
short_aggressive_compact_capacity,w08,2026-03-20,2026-03-23,2026-03-27,603920,0.03225806451612904,0.9558076152304609,-0.011987625676720737,-0.00038669760247486256,
short_aggressive_compact_capacity,w08,2026-03-20,2026-03-23,2026-03-27,600487,0.03225806451612904,0.9899138276553106,0.13890181479758046,0.004480703703147758,
short_aggressive_compact_capacity,w08,2026-03-20,2026-03-23,2026-03-27,688037,0.03225806451612904,0.9611843687374749,0.03993697351675651,0.0012882894682824683,
short_aggressive_compact_capacity,w08,2026-03-20,2026-03-23,2026-03-27,002465,0.03225806451612904,0.9614919839679358,-0.012080536912751683,-0.0003896947391210221,
short_aggressive_compact_capacity,w08,2026-03-20,2026-03-23,2026-03-27,002851,0.03225806451612904,0.9633867735470941,-0.023908223271956075,-0.0007712330087727767,
short_aggressive_compact_capacity,w08,2026-03-20,2026-03-23,2026-03-27,601168,0.03225806451612904,0.96812374749499,-0.02089783281733748,-0.0006741236392689511,
short_aggressive_compact_capacity,w08,2026-03-20,2026-03-23,2026-03-27,000426,0.03225806451612904,0.96812374749499,0.01803403606807219,0.0005817430989700708,
short_aggressive_compact_capacity,w08,2026-03-20,2026-03-23,2026-03-27,603688,0.03225806451612904,0.9709659318637274,-0.02905513612445676,-0.0009372624556276376,
short_aggressive_compact_capacity,w08,2026-03-20,2026-03-23,2026-03-27,601958,0.03225806451612904,0.974755511022044,-0.007919746568109898,-0.0002554756957454806,
short_aggressive_compact_capacity,w08,2026-03-20,2026-03-23,2026-03-27,600497,0.03225806451612904,0.974755511022044,-0.01851851851851849,-0.0005973715651134998,
short_aggressive_compact_capacity,w08,2026-03-20,2026-03-23,2026-03-27,000960,0.03225806451612904,0.974755511022044,-0.0036787247087675112,-0.00011866853899250038,
short_aggressive_compact_capacity,w08,2026-03-20,2026-03-23,2026-03-27,601611,0.03225806451612904,0.9785450901803606,-0.031186440677966165,-0.0010060142154182635,
short_aggressive_compact_capacity,w08,2026-03-20,2026-03-23,2026-03-27,603979,0.03225806451612904,0.9855185370741483,0.028617710583153322,0.0009231519542952687,
short_aggressive_compact_capacity,w08,2026-03-20,2026-03-23,2026-03-27,000878,0.03225806451612904,0.986124248496994,-0.012299465240641738,-0.00039675694324650776,
short_aggressive_compact_capacity,w08,2026-03-20,2026-03-23,2026-03-27,300763,0.03225806451612904,0.9895976953907816,-0.10878661087866104,-0.0035092455122148728,
short_aggressive_compact_capacity,w08,2026-03-20,2026-03-23,2026-03-27,600141,0.03225806451612904,0.9249308617234469,0.060377358490566024,0.0019476567255021302,
short_aggressive_medium_capacity,w08,2026-03-20,2026-03-23,2026-03-27,601179,0.03225806451612904,0.9952820641282565,-0.01411042944785279,-0.00045517514347912235,
short_aggressive_medium_capacity,w08,2026-03-20,2026-03-23,2026-03-27,002044,0.03225806451612904,0.9539128256513025,-0.02076124567474047,-0.000669717602410983,
short_aggressive_medium_capacity,w08,2026-03-20,2026-03-23,2026-03-27,002064,0.03225806451612904,0.9249308617234469,0.04615384615384599,0.001488833746898258,
short_aggressive_medium_capacity,w08,2026-03-20,2026-03-23,2026-03-27,000060,0.03225806451612904,0.9254909819639279,-0.0032467532467532756,-0.00010473397570171859,
short_aggressive_medium_capacity,w08,2026-03-20,2026-03-23,2026-03-27,688608,0.03225806451612904,0.9286748496993988,0.003095238095238262,9.984639016897621e-05,
short_aggressive_medium_capacity,w08,2026-03-20,2026-03-23,2026-03-27,000703,0.03225806451612904,0.9346573146292585,0.15520446096654283,0.00500659551504977,
short_aggressive_medium_capacity,w08,2026-03-20,2026-03-23,2026-03-27,002271,0.03225806451612904,0.9365521042084167,0.03932203389830513,0.0012684527063969398,
short_aggressive_medium_capacity,w08,2026-03-20,2026-03-23,2026-03-27,300395,0.03225806451612904,0.9397019038076152,-0.037498722795545114,-0.001209636219211133,
short_aggressive_medium_capacity,w08,2026-03-20,2026-03-23,2026-03-27,002756,0.03225806451612904,0.9397019038076152,0.31834415584415576,0.010269166317553414,
short_aggressive_medium_capacity,w08,2026-03-20,2026-03-23,2026-03-27,000738,0.03225806451612904,0.9397019038076152,-0.017783857729138153,-0.0005736728299721986,
short_aggressive_medium_capacity,w08,2026-03-20,2026-03-23,2026-03-27,688361,0.03225806451612904,0.9422364729458917,-0.044522839243354984,-0.0014362206207533868,
short_aggressive_medium_capacity,w08,2026-03-20,2026-03-23,2026-03-27,000657,0.03225806451612904,0.9458822645290581,-0.02934717508484741,-0.0009466830672531424,
short_aggressive_medium_capacity,w08,2026-03-20,2026-03-23,2026-03-27,600392,0.03225806451612904,0.9467209418837674,0.009887640449438129,0.0003189561435302623,
short_aggressive_medium_capacity,w08,2026-03-20,2026-03-23,2026-03-27,688281,0.03225806451612904,0.9491758517034068,-0.03342070773263428,-0.0010780873462140092,
short_aggressive_medium_capacity,w08,2026-03-20,2026-03-23,2026-03-27,002738,0.03225806451612904,0.9491758517034068,0.07699115044247784,0.002483585498144447,
short_aggressive_medium_capacity,w08,2026-03-20,2026-03-23,2026-03-27,603920,0.03225806451612904,0.9558076152304609,-0.011987625676720737,-0.00038669760247486256,
short_aggressive_medium_capacity,w08,2026-03-20,2026-03-23,2026-03-27,600487,0.03225806451612904,0.9899138276553106,0.13890181479758046,0.004480703703147758,
short_aggressive_medium_capacity,w08,2026-03-20,2026-03-23,2026-03-27,688037,0.03225806451612904,0.9611843687374749,0.03993697351675651,0.0012882894682824683,
short_aggressive_medium_capacity,w08,2026-03-20,2026-03-23,2026-03-27,002465,0.03225806451612904,0.9614919839679358,-0.012080536912751683,-0.0003896947391210221,
short_aggressive_medium_capacity,w08,2026-03-20,2026-03-23,2026-03-27,002851,0.03225806451612904,0.9633867735470941,-0.023908223271956075,-0.0007712330087727767,
short_aggressive_medium_capacity,w08,2026-03-20,2026-03-23,2026-03-27,601168,0.03225806451612904,0.96812374749499,-0.02089783281733748,-0.0006741236392689511,
short_aggressive_medium_capacity,w08,2026-03-20,2026-03-23,2026-03-27,000426,0.03225806451612904,0.96812374749499,0.01803403606807219,0.0005817430989700708,
short_aggressive_medium_capacity,w08,2026-03-20,2026-03-23,2026-03-27,603688,0.03225806451612904,0.9709659318637274,-0.02905513612445676,-0.0009372624556276376,
short_aggressive_medium_capacity,w08,2026-03-20,2026-03-23,2026-03-27,601958,0.03225806451612904,0.974755511022044,-0.007919746568109898,-0.0002554756957454806,
short_aggressive_medium_capacity,w08,2026-03-20,2026-03-23,2026-03-27,600497,0.03225806451612904,0.974755511022044,-0.01851851851851849,-0.0005973715651134998,
short_aggressive_medium_capacity,w08,2026-03-20,2026-03-23,2026-03-27,000960,0.03225806451612904,0.974755511022044,-0.0036787247087675112,-0.00011866853899250038,
short_aggressive_medium_capacity,w08,2026-03-20,2026-03-23,2026-03-27,601611,0.03225806451612904,0.9785450901803606,-0.031186440677966165,-0.0010060142154182635,
short_aggressive_medium_capacity,w08,2026-03-20,2026-03-23,2026-03-27,603979,0.03225806451612904,0.9855185370741483,0.028617710583153322,0.0009231519542952687,
short_aggressive_medium_capacity,w08,2026-03-20,2026-03-23,2026-03-27,000878,0.03225806451612904,0.986124248496994,-0.012299465240641738,-0.00039675694324650776,
short_aggressive_medium_capacity,w08,2026-03-20,2026-03-23,2026-03-27,300763,0.03225806451612904,0.9895976953907816,-0.10878661087866104,-0.0035092455122148728,
short_aggressive_medium_capacity,w08,2026-03-20,2026-03-23,2026-03-27,600141,0.03225806451612904,0.9249308617234469,0.060377358490566024,0.0019476567255021302,
short_aggressive_wide_capacity,w08,2026-03-20,2026-03-23,2026-03-27,001696,0.036000000004219955,0.8711658316633266,-0.0678304239401496,-0.0024418952621316267,
short_aggressive_wide_capacity,w08,2026-03-20,2026-03-23,2026-03-27,002131,0.036000000004219955,0.6992790581162325,0.05593451568894947,0.002013642565038222,
short_aggressive_wide_capacity,w08,2026-03-20,2026-03-23,2026-03-27,002130,0.036000000004219955,0.8711658316633266,-0.0329134498171475,-0.0011848841935562032,
short_aggressive_wide_capacity,w08,2026-03-20,2026-03-23,2026-03-27,002837,0.036000000004219955,0.6992790581162325,-0.11304761904761906,-0.004069714286191342,
short_aggressive_wide_capacity,w08,2026-03-20,2026-03-23,2026-03-27,002432,0.036000000004219955,0.6992790581162325,0.10070558050032075,0.00362540089843652,
short_aggressive_wide_capacity,w08,2026-03-20,2026-03-23,2026-03-27,002385,0.036000000004219955,0.6992790581162325,-0.02941176470588236,-0.0010588235295358813,
short_aggressive_wide_capacity,w08,2026-03-20,2026-03-23,2026-03-27,002261,0.036000000004219955,0.6992790581162325,-0.02361540624121461,-0.0008501546247833819,
short_aggressive_wide_capacity,w08,2026-03-20,2026-03-23,2026-03-27,002155,0.036000000004219955,0.6992790581162325,-0.005102040816326481,-0.0001836734694092837,
short_aggressive_wide_capacity,w08,2026-03-20,2026-03-23,2026-03-27,000723,0.036000000004219955,0.6992790581162325,-0.015873015873015928,-0.0005714285714955568,
short_aggressive_wide_capacity,w08,2026-03-20,2026-03-23,2026-03-27,000591,0.036000000004219955,0.6992790581162325,-0.004901960784313819,-0.00017647058825598355,
short_aggressive_wide_capacity,w08,2026-03-20,2026-03-23,2026-03-27,600392,0.036000000004219955,0.8711658316633266,0.009887640449438129,0.00035595505622149803,
short_aggressive_wide_capacity,w08,2026-03-20,2026-03-23,2026-03-27,600126,0.036000000004219955,0.8711658316633266,-0.02251184834123221,-0.0008104265403793585,
short_aggressive_wide_capacity,w08,2026-03-20,2026-03-23,2026-03-27,002340,0.036000000004219955,0.8711658316633266,0.02138364779874191,0.0007698113208449469,
short_aggressive_wide_capacity,w08,2026-03-20,2026-03-23,2026-03-27,002312,0.036000000004219955,0.8711658316633266,0.04313380281690149,0.0015528169015904764,
short_aggressive_wide_capacity,w08,2026-03-20,2026-03-23,2026-03-27,600157,0.036000000004219955,0.6992790581162325,0.06486486486486487,0.002335135135408862,
short_aggressive_wide_capacity,w08,2026-03-20,2026-03-23,2026-03-27,600096,0.036000000000000004,0.6992790581162325,-0.06530502553077133,-0.002350980919107768,
short_aggressive_wide_capacity,w08,2026-03-20,2026-03-23,2026-03-27,601016,0.036000000000000004,0.6992790581162325,0.1078651685393257,0.003883146067415726,
short_aggressive_wide_capacity,w08,2026-03-20,2026-03-23,2026-03-27,600884,0.036000000000000004,0.6992790581162325,0.009622501850481191,0.0003464100666173229,
short_aggressive_wide_capacity,w08,2026-03-20,2026-03-23,2026-03-27,600602,0.036000000000000004,0.6992790581162325,-0.023480662983425327,-0.0008453038674033119,
short_aggressive_wide_capacity,w08,2026-03-20,2026-03-23,2026-03-27,300017,0.036000000000000004,0.6992790581162325,-0.005704506560182621,-0.00020536223616657436,
short_aggressive_wide_capacity,w08,2026-03-20,2026-03-23,2026-03-27,301536,0.036000000000000004,0.6992790581162325,-0.09174432340202121,-0.003302795642472764,
short_aggressive_wide_capacity,w08,2026-03-20,2026-03-23,2026-03-27,300763,0.036000000000000004,0.6992790581162325,-0.10878661087866104,-0.003916317991631798,
short_aggressive_wide_capacity,w08,2026-03-20,2026-03-23,2026-03-27,300724,0.036000000000000004,0.6992790581162325,-0.07064291247095267,-0.0025431448489542964,
short_aggressive_wide_capacity,w08,2026-03-20,2026-03-23,2026-03-27,300140,0.036000000000000004,0.6992790581162325,0.005486968449931462,0.00019753086419753264,
short_aggressive_wide_capacity,w08,2026-03-20,2026-03-23,2026-03-27,003035,0.036000000000000004,0.6992790581162325,-0.023121387283237094,-0.0008323699421965354,
short_aggressive_wide_capacity,w08,2026-03-20,2026-03-23,2026-03-27,601179,0.03333333331223356,0.6992790581162325,-0.01411042944785279,-0.00047034764796403277,
short_aggressive_wide_capacity,w08,2026-03-20,2026-03-23,2026-03-27,688525,0.02666666664978681,0.6992790581162325,-0.002009377093101117,-5.358338911544512e-05,
short_aggressive_wide_capacity,w08,2026-03-20,2026-03-23,2026-03-27,000009,0.019999999987340117,0.6594564128256513,0.023622047244094446,0.00047244094458283656,
short_aggressive_wide_capacity,w08,2026-03-20,2026-03-23,2026-03-27,000032,0.013333333324893405,0.6594564128256513,0.0347490347490349,0.000463320463027186,
short_aggressive_wide_capacity,w08,2026-03-20,2026-03-23,2026-03-27,000034,0.0066666666624467024,0.6594564128256513,-0.02218477955630438,-0.00014789853028174355,
stable_compact_capacity,w08,2026-03-20,2026-03-23,2026-03-27,688295,0.030303030303030304,0.9907414829659319,0.050816023738872396,0.0015398795072385574,
stable_compact_capacity,w08,2026-03-20,2026-03-23,2026-03-27,601106,0.030303030303030304,0.9675490981963928,-0.011574074074074292,-0.00035072951739619065,
stable_compact_capacity,w08,2026-03-20,2026-03-23,2026-03-27,300763,0.030303030303030304,0.9299839679358718,-0.10878661087866104,-0.0032965639660200315,
stable_compact_capacity,w08,2026-03-20,2026-03-23,2026-03-27,603225,0.030303030303030304,0.9544328657314629,0.09610389610389602,0.002912239275875637,
stable_compact_capacity,w08,2026-03-20,2026-03-23,2026-03-27,300748,0.030303030303030304,0.9544328657314629,0.014313597918022225,0.00043374539145521896,
stable_compact_capacity,w08,2026-03-20,2026-03-23,2026-03-27,000831,0.030303030303030304,0.9544328657314629,0.03826311263972482,0.0011594882618098429,
stable_compact_capacity,w08,2026-03-20,2026-03-23,2026-03-27,300857,0.030303030303030304,0.9547855711422846,-0.030421892816419605,-0.0009218755398915032,
stable_compact_capacity,w08,2026-03-20,2026-03-23,2026-03-27,688220,0.030303030303030304,0.9631623246492986,-0.05856338783168058,-0.0017746481161115327,
stable_compact_capacity,w08,2026-03-20,2026-03-23,2026-03-27,688709,0.030303030303030304,0.9675490981963928,-0.06927252985884902,-0.0020991675714802736,
stable_compact_capacity,w08,2026-03-20,2026-03-23,2026-03-27,688385,0.030303030303030304,0.9675490981963928,-0.046870614650575404,-0.0014203216560780426,
stable_compact_capacity,w08,2026-03-20,2026-03-23,2026-03-27,688347,0.030303030303030304,0.9675490981963928,-0.02939655172413791,-0.0008908045977011488,
stable_compact_capacity,w08,2026-03-20,2026-03-23,2026-03-27,688281,0.030303030303030304,0.9675490981963928,-0.03342070773263428,-0.0010127487191707357,
stable_compact_capacity,w08,2026-03-20,2026-03-23,2026-03-27,605358,0.030303030303030304,0.9675490981963928,-0.03493071593533492,-0.0010585065434949976,
stable_compact_capacity,w08,2026-03-20,2026-03-23,2026-03-27,603920,0.030303030303030304,0.9675490981963928,-0.011987625676720737,-0.00036326138414305263,
stable_compact_capacity,w08,2026-03-20,2026-03-23,2026-03-27,603688,0.030303030303030304,0.9675490981963928,-0.02905513612445676,-0.0008804586704380836,
stable_compact_capacity,w08,2026-03-20,2026-03-23,2026-03-27,601958,0.030303030303030304,0.9675490981963928,-0.007919746568109898,-0.0002399923202457545,
stable_compact_capacity,w08,2026-03-20,2026-03-23,2026-03-27,600497,0.030303030303030304,0.9675490981963928,-0.01851851851851849,-0.0005611672278338937,
stable_compact_capacity,w08,2026-03-20,2026-03-23,2026-03-27,300627,0.030303030303030304,0.9693346693386774,-0.005459508644222066,-0.00016543965588551718,
stable_compact_capacity,w08,2026-03-20,2026-03-23,2026-03-27,300604,0.030303030303030304,0.9675490981963928,-0.004287332146901801,-0.00012991915596672124,
stable_compact_capacity,w08,2026-03-20,2026-03-23,2026-03-27,300395,0.030303030303030304,0.9675490981963928,-0.037498722795545114,-0.0011363249331983367,
stable_compact_capacity,w08,2026-03-20,2026-03-23,2026-03-27,300285,0.030303030303030304,0.9675490981963928,-0.06200366524129508,-0.0018788989467059115,
stable_compact_capacity,w08,2026-03-20,2026-03-23,2026-03-27,300223,0.030303030303030304,0.9675490981963928,-0.07237061769616027,-0.0021930490210957656,
stable_compact_capacity,w08,2026-03-20,2026-03-23,2026-03-27,002851,0.030303030303030304,0.9675490981963928,-0.023908223271956075,-0.0007244916143016993,
stable_compact_capacity,w08,2026-03-20,2026-03-23,2026-03-27,002738,0.030303030303030304,0.9675490981963928,0.07699115044247784,0.002333065164923571,
stable_compact_capacity,w08,2026-03-20,2026-03-23,2026-03-27,002195,0.030303030303030304,0.9675490981963928,-0.031016042780748543,-0.0009398800842651074,
stable_compact_capacity,w08,2026-03-20,2026-03-23,2026-03-27,002008,0.030303030303030304,0.9675490981963928,-0.026784331939928796,-0.0008116464224220848,
stable_compact_capacity,w08,2026-03-20,2026-03-23,2026-03-27,000960,0.030303030303030304,0.9675490981963928,-0.0036787247087675112,-0.00011147650632628822,
stable_compact_capacity,w08,2026-03-20,2026-03-23,2026-03-27,000878,0.030303030303030304,0.9675490981963928,-0.012299465240641738,-0.0003727110678982345,
stable_compact_capacity,w08,2026-03-20,2026-03-23,2026-03-27,000426,0.030303030303030304,0.9675490981963928,0.01803403606807219,0.0005464859414567331,
stable_compact_capacity,w08,2026-03-20,2026-03-23,2026-03-27,000060,0.030303030303030304,0.9675490981963928,-0.0032467532467532756,-9.838646202282654e-05,
stable_compact_capacity,w08,2026-03-20,2026-03-23,2026-03-27,688122,0.030303030303030304,0.9693346693386774,0.008710311885360866,0.00026394884501093537,
stable_compact_capacity,w08,2026-03-20,2026-03-23,2026-03-27,600392,0.030303030303030304,0.9693346693386774,0.009887640449438129,0.0002996254681647918,
stable_compact_capacity,w08,2026-03-20,2026-03-23,2026-03-27,600141,0.030303030303030304,0.9242565130260522,0.060377358490566024,0.0018296169239565463,
stable_compact_current,w08,2026-03-20,2026-03-23,2026-03-27,000921,0.03253310000000001,0.908807114228457,-0.003139013452914785,-0.00010212183856502202,
stable_compact_current,w08,2026-03-20,2026-03-23,2026-03-27,002195,0.03253310000000001,0.7483872745490983,-0.031016042780748543,-0.0010090480213903706,
stable_compact_current,w08,2026-03-20,2026-03-23,2026-03-27,300748,0.03253310000000001,0.7483872745490983,0.014313597918022225,0.000465665712426809,
stable_compact_current,w08,2026-03-20,2026-03-23,2026-03-27,300454,0.03253310000000001,0.7483872745490983,-0.0582058477414682,-0.0018936166651579596,
stable_compact_current,w08,2026-03-20,2026-03-23,2026-03-27,300383,0.03253310000000001,0.7483872745490983,0.11662371134020622,0.003794130863402064,
stable_compact_current,w08,2026-03-20,2026-03-23,2026-03-27,000060,0.03253310000000001,0.7483872745490983,-0.0032467532467532756,-0.00010562694805194902,
stable_compact_current,w08,2026-03-20,2026-03-23,2026-03-27,002429,0.03253310000000001,0.7483872745490983,-0.029970029970029843,-0.0009750179820179782,
stable_compact_current,w08,2026-03-20,2026-03-23,2026-03-27,002409,0.03253310000000001,0.7483872745490983,0.0018059234288465564,5.875228750300792e-05,
stable_compact_current,w08,2026-03-20,2026-03-23,2026-03-27,002335,0.03253310000000001,0.7483872745490983,-0.07498014297061173,-0.0024393364892772093,
stable_compact_current,w08,2026-03-20,2026-03-23,2026-03-27,002202,0.03253310000000001,0.7483872745490983,-0.05993150684931503,-0.0019497577054794514,
stable_compact_current,w08,2026-03-20,2026-03-23,2026-03-27,002436,0.03253310000000001,0.7483872745490983,-0.044762344254730135,-0.0014562578218735615,
stable_compact_current,w08,2026-03-20,2026-03-23,2026-03-27,002156,0.03253310000000001,0.7483872745490983,-0.04262516914749659,-0.0013867288903924217,
stable_compact_current,w08,2026-03-20,2026-03-23,2026-03-27,002080,0.03253310000000001,0.7483872745490983,-0.035146846413095845,-0.0011434358690418887,
stable_compact_current,w08,2026-03-20,2026-03-23,2026-03-27,000426,0.03253310000000001,0.7483872745490983,0.01803403606807219,0.0005867030988061995,
stable_compact_current,w08,2026-03-20,2026-03-23,2026-03-27,000657,0.03253310000000001,0.7483872745490983,-0.02934717508484741,-0.0009547545817528495,
stable_compact_current,w08,2026-03-20,2026-03-23,2026-03-27,000831,0.03253310000000001,0.7483872745490983,0.03826311263972482,0.0012448176698194317,
stable_compact_current,w08,2026-03-20,2026-03-23,2026-03-27,300751,0.03253310000000001,0.7483872745490983,0.0004020467836256536,1.3079828216371756e-05,
stable_compact_current,w08,2026-03-20,2026-03-23,2026-03-27,000878,0.03253310000000001,0.7483872745490983,-0.012299465240641738,-0.00040013973262032187,
stable_compact_current,w08,2026-03-20,2026-03-23,2026-03-27,000960,0.03253310000000001,0.7483872745490983,-0.0036787247087675112,-0.00011968031882280436,
stable_compact_current,w08,2026-03-20,2026-03-23,2026-03-27,002008,0.03253310000000001,0.7483872745490983,-0.026784331939928796,-0.0008713773494348978,
stable_compact_current,w08,2026-03-20,2026-03-23,2026-03-27,002738,0.03175800000000001,0.7483872745490983,0.07699115044247784,0.002445084955752212,
stable_compact_current,w08,2026-03-20,2026-03-23,2026-03-27,002851,0.03175800000000001,0.7483872745490983,-0.023908223271956075,-0.0007592773546707813,
stable_compact_current,w08,2026-03-20,2026-03-23,2026-03-27,003031,0.03175800000000001,0.7483872745490983,-0.030491599253266832,-0.0009683522090852484,
stable_compact_current,w08,2026-03-20,2026-03-23,2026-03-27,300058,0.03175800000000001,0.7483872745490983,-0.017229496898690577,-0.0005471743625086155,
stable_compact_current,w08,2026-03-20,2026-03-23,2026-03-27,002465,0.03175800000000001,0.7483872745490983,-0.012080536912751683,-0.00038365369127516804,
stable_compact_current,w08,2026-03-20,2026-03-23,2026-03-27,300223,0.03175800000000001,0.7483872745490983,-0.07237061769616027,-0.0022983460767946585,
stable_compact_current,w08,2026-03-20,2026-03-23,2026-03-27,300285,0.03175800000000001,0.7483872745490983,-0.06200366524129508,-0.00196911240073305,
stable_compact_current,w08,2026-03-20,2026-03-23,2026-03-27,300395,0.03175800000000001,0.7483872745490983,-0.037498722795545114,-0.001190884438540922,
stable_compact_current,w08,2026-03-20,2026-03-23,2026-03-27,300604,0.03175800000000001,0.7483872745490983,-0.004287332146901801,-0.00013615709432130744,
stable_compact_current,w08,2026-03-20,2026-03-23,2026-03-27,300627,0.03175800000000001,0.7483872745490983,-0.005459508644222066,-0.00017338307552320443,
stable_compact_current,w08,2026-03-20,2026-03-23,2026-03-27,300136,0.03175800000000001,0.7483872745490983,-0.0004792332268370725,-1.5219488817891752e-05,
stable_extra_wide_capacity,w08,2026-03-20,2026-03-23,2026-03-27,600170,0.02173913043478261,0.9183116232464931,-0.02135231316725983,-0.00046418072102738766,
stable_extra_wide_capacity,w08,2026-03-20,2026-03-23,2026-03-27,301498,0.02173913043478261,0.8266082164328658,-0.01820546163849146,-0.000395770905184597,
stable_extra_wide_capacity,w08,2026-03-20,2026-03-23,2026-03-27,600927,0.02173913043478261,0.8516833667334669,-0.03760445682451252,-0.0008174881918372288,
stable_extra_wide_capacity,w08,2026-03-20,2026-03-23,2026-03-27,688192,0.02173913043478261,0.8516833667334669,0.1513157894736843,0.0032894736842105287,
stable_extra_wide_capacity,w08,2026-03-20,2026-03-23,2026-03-27,002607,0.02173913043478261,0.840936873747495,-0.011194029850746356,-0.00024334847501622517,
stable_extra_wide_capacity,w08,2026-03-20,2026-03-23,2026-03-27,000750,0.02173913043478261,0.8344889779559119,-0.02518891687657432,-0.0005475851494907461,
stable_extra_wide_capacity,w08,2026-03-20,2026-03-23,2026-03-27,002500,0.02173913043478261,0.8344889779559119,-0.014084507042253502,-0.0003061849357011631,
stable_extra_wide_capacity,w08,2026-03-20,2026-03-23,2026-03-27,300888,0.02173913043478261,0.8344889779559119,-0.011401140114011277,-0.00024785087204372345,
stable_extra_wide_capacity,w08,2026-03-20,2026-03-23,2026-03-27,601162,0.02173913043478261,0.8309418837675351,-0.036082474226803996,-0.000784401613626174,
stable_extra_wide_capacity,w08,2026-03-20,2026-03-23,2026-03-27,601099,0.02173913043478261,0.8295090180360722,-0.020779220779220786,-0.00045172219085262585,
stable_extra_wide_capacity,w08,2026-03-20,2026-03-23,2026-03-27,001696,0.02173913043478261,0.8280410821643287,-0.0678304239401496,-0.0014745744334815133,
stable_extra_wide_capacity,w08,2026-03-20,2026-03-23,2026-03-27,002265,0.02173913043478261,0.8237424849699398,0.19875478927203072,0.004320756288522408,
stable_extra_wide_capacity,w08,2026-03-20,2026-03-23,2026-03-27,600763,0.02173913043478261,0.9183116232464931,-0.01317957166392103,-0.0002865124274765442,
stable_extra_wide_capacity,w08,2026-03-20,2026-03-23,2026-03-27,601696,0.02173913043478261,0.823061122244489,-0.03304484657749818,-0.0007183662299456126,
stable_extra_wide_capacity,w08,2026-03-20,2026-03-23,2026-03-27,603444,0.02173913043478261,0.823061122244489,-0.003223207091055613,-7.006971937077421e-05,
stable_extra_wide_capacity,w08,2026-03-20,2026-03-23,2026-03-27,600390,0.02173913043478261,0.822309619238477,-0.016393442622950838,-0.00035637918745545305,
stable_extra_wide_capacity,w08,2026-03-20,2026-03-23,2026-03-27,601108,0.02173913043478261,0.8209118236472945,-0.04244694132334581,-0.0009227595939857786,
stable_extra_wide_capacity,w08,2026-03-20,2026-03-23,2026-03-27,688563,0.02173913043478261,0.8194438877755511,0.015677680377612857,0.0003408191386437578,
stable_extra_wide_capacity,w08,2026-03-20,2026-03-23,2026-03-27,600884,0.02173913043478261,0.8180110220440882,0.009622501850481191,0.00020918482283654766,
stable_extra_wide_capacity,w08,2026-03-20,2026-03-23,2026-03-27,600906,0.02173913043478261,0.8165781563126253,-0.030487804878048697,-0.0006627783669141022,
stable_extra_wide_capacity,w08,2026-03-20,2026-03-23,2026-03-27,603233,0.02173913043478261,0.8144288577154309,-0.03036996134732195,-0.0006602165510287381,
stable_extra_wide_capacity,w08,2026-03-20,2026-03-23,2026-03-27,000783,0.02173913043478261,0.812314629258517,-0.040277777777777746,-0.0008756038647342989,
stable_extra_wide_capacity,w08,2026-03-20,2026-03-23,2026-03-27,600848,0.02173913043478261,0.8516833667334669,-0.013806706114398493,-0.00030014578509561946,
stable_extra_wide_capacity,w08,2026-03-20,2026-03-23,2026-03-27,600739,0.02173913043478261,0.8516833667334669,-0.0431034482758621,-0.0009370314842578718,
stable_extra_wide_capacity,w08,2026-03-20,2026-03-23,2026-03-27,000009,0.02173913043478261,0.8516833667334669,0.023622047244094446,0.0005135227661759663,
stable_extra_wide_capacity,w08,2026-03-20,2026-03-23,2026-03-27,300748,0.02173913043478261,0.8564879759519038,0.014313597918022225,0.000311165172130918,
stable_extra_wide_capacity,w08,2026-03-20,2026-03-23,2026-03-27,603000,0.02173913043478261,0.9183116232464931,-0.0050761421319796,-0.00011035091591260001,
stable_extra_wide_capacity,w08,2026-03-20,2026-03-23,2026-03-27,603885,0.02173913043478261,0.9039829659318638,0.05355575065847229,0.001164255449097224,
stable_extra_wide_capacity,w08,2026-03-20,2026-03-23,2026-03-27,688475,0.02173913043478261,0.9039829659318638,-0.010447761194029903,-0.0002271252433484762,
stable_extra_wide_capacity,w08,2026-03-20,2026-03-23,2026-03-27,688538,0.02173913043478261,0.9039829659318638,-0.02941176470588225,-0.0006393861892583098,
stable_extra_wide_capacity,w08,2026-03-20,2026-03-23,2026-03-27,603338,0.02173913043478261,0.8953857715430862,-0.01736526946107797,-0.0003775058578495211,
stable_extra_wide_capacity,w08,2026-03-20,2026-03-23,2026-03-27,002153,0.02173913043478261,0.8910871743486974,-0.04397705544933084,-0.0009560229445506705,
stable_extra_wide_capacity,w08,2026-03-20,2026-03-23,2026-03-27,002439,0.02173913043478261,0.8910871743486974,-0.05920577617328526,-0.0012870820907235929,
stable_extra_wide_capacity,w08,2026-03-20,2026-03-23,2026-03-27,000997,0.02173913043478261,0.8867885771543086,-0.04093288910042847,-0.000889845415226706,
stable_extra_wide_capacity,w08,2026-03-20,2026-03-23,2026-03-27,000415,0.02173913043478261,0.8853557114228457,0.07901234567901239,0.0017176596886741824,
stable_extra_wide_capacity,w08,2026-03-20,2026-03-23,2026-03-27,000623,0.02173913043478261,0.8681613226452907,-0.024471635150166926,-0.0005319920684818898,
stable_extra_wide_capacity,w08,2026-03-20,2026-03-23,2026-03-27,000785,0.02173913043478261,0.8681613226452907,-0.09489051094890522,-0.002062837194541418,
stable_extra_wide_capacity,w08,2026-03-20,2026-03-23,2026-03-27,002841,0.02173913043478261,0.8681613226452907,-0.02284040995607617,-0.0004965306512190472,
stable_extra_wide_capacity,w08,2026-03-20,2026-03-23,2026-03-27,300558,0.02173913043478261,0.8681613226452907,0.015962441314554043,0.00034700959379465316,
stable_extra_wide_capacity,w08,2026-03-20,2026-03-23,2026-03-27,300601,0.02173913043478261,0.8681613226452907,-0.012765957446808529,-0.000277520814061055,
stable_extra_wide_capacity,w08,2026-03-20,2026-03-23,2026-03-27,600521,0.02173913043478261,0.8681613226452907,0.03398692810457504,0.0007388462631429359,
stable_extra_wide_capacity,w08,2026-03-20,2026-03-23,2026-03-27,600606,0.02173913043478261,0.8681613226452907,-0.050000000000000044,-0.0010869565217391315,
stable_extra_wide_capacity,w08,2026-03-20,2026-03-23,2026-03-27,600655,0.02173913043478261,0.8681613226452907,-0.03749999999999998,-0.0008152173913043475,
stable_extra_wide_capacity,w08,2026-03-20,2026-03-23,2026-03-27,600816,0.02173913043478261,0.8681613226452907,-0.026515151515151603,-0.0005764163372859045,
stable_extra_wide_capacity,w08,2026-03-20,2026-03-23,2026-03-27,603927,0.02173913043478261,0.8681613226452907,-0.039080459770114984,-0.0008495752123938041,
stable_extra_wide_capacity,w08,2026-03-20,2026-03-23,2026-03-27,002152,0.02173913043478261,0.812314629258517,-0.06580016246953702,-0.0014304383145551528,
stable_medium_capacity,w08,2026-03-20,2026-03-23,2026-03-27,000060,0.01075268817204301,0.9345465931863727,-0.0032467532467532756,-3.4911325233906184e-05,
stable_medium_capacity,w08,2026-03-20,2026-03-23,2026-03-27,600118,0.01075268817204301,0.8219363727454909,-0.04776484996938157,-0.0005136005373051781,
stable_medium_capacity,w08,2026-03-20,2026-03-23,2026-03-27,000528,0.01075268817204301,0.75125250501002,-0.015789473684210575,-0.00016977928692699543,
stable_medium_capacity,w08,2026-03-20,2026-03-23,2026-03-27,603077,0.01075268817204301,0.771996492985972,0.032490974729241895,0.00034936531966926765,
stable_medium_capacity,w08,2026-03-20,2026-03-23,2026-03-27,600516,0.01075268817204301,0.771996492985972,-0.003436426116838587,-3.695081846062996e-05,
stable_medium_capacity,w08,2026-03-20,2026-03-23,2026-03-27,300570,0.01075268817204301,0.771996492985972,-0.007468949311849604,-8.031128292311401e-05,
stable_medium_capacity,w08,2026-03-20,2026-03-23,2026-03-27,002756,0.01075268817204301,0.771996492985972,0.31834415584415576,0.0034230554391844704,
stable_medium_capacity,w08,2026-03-20,2026-03-23,2026-03-27,002044,0.01075268817204301,0.771996492985972,-0.02076124567474047,-0.00022323920080366094,
stable_medium_capacity,w08,2026-03-20,2026-03-23,2026-03-27,001389,0.01075268817204301,0.771996492985972,0.04398800327183494,0.00047298928249284877,
stable_medium_capacity,w08,2026-03-20,2026-03-23,2026-03-27,000921,0.01075268817204301,0.7805135270541083,-0.003139013452914785,-3.3752832827040694e-05,
stable_medium_capacity,w08,2026-03-20,2026-03-23,2026-03-27,688387,0.01075268817204301,0.8219363727454909,-0.052034689793195366,-0.000559512793475219,
stable_medium_capacity,w08,2026-03-20,2026-03-23,2026-03-27,300136,0.01075268817204301,0.8219363727454909,-0.0004792332268370725,-5.153045449860994e-06,
stable_medium_capacity,w08,2026-03-20,2026-03-23,2026-03-27,000831,0.01075268817204301,0.9028607214428856,0.03826311263972482,0.00041143131870671843,
stable_medium_capacity,w08,2026-03-20,2026-03-23,2026-03-27,000657,0.01075268817204301,0.8219363727454909,-0.02934717508484741,-0.00031556102241771407,
stable_medium_capacity,w08,2026-03-20,2026-03-23,2026-03-27,600549,0.01075268817204301,0.8235320641282564,0.08136966126656842,0.0008749425942641765,
stable_medium_capacity,w08,2026-03-20,2026-03-23,2026-03-27,688220,0.01075268817204301,0.8855360721442885,-0.05856338783168058,-0.0006297138476524793,
stable_medium_capacity,w08,2026-03-20,2026-03-23,2026-03-27,688122,0.01075268817204301,0.9028607214428856,0.008710311885360866,9.365926758452544e-05,
stable_medium_capacity,w08,2026-03-20,2026-03-23,2026-03-27,603225,0.01075268817204301,0.9028607214428856,0.09610389610389602,0.0010333752269236132,
stable_medium_capacity,w08,2026-03-20,2026-03-23,2026-03-27,600392,0.01075268817204301,0.9028607214428856,0.009887640449438129,0.0001063187145100874,
stable_medium_capacity,w08,2026-03-20,2026-03-23,2026-03-27,600141,0.01075268817204301,0.9028607214428856,0.060377358490566024,0.0006492189085007099,
stable_medium_capacity,w08,2026-03-20,2026-03-23,2026-03-27,300748,0.01075268817204301,0.9028607214428856,0.014313597918022225,0.00015390965503249703,
stable_medium_capacity,w08,2026-03-20,2026-03-23,2026-03-27,300627,0.01075268817204301,0.9028607214428856,-0.005459508644222066,-5.8704394023893183e-05,
stable_medium_capacity,w08,2026-03-20,2026-03-23,2026-03-27,000997,0.01075268817204301,0.75125250501002,-0.04093288910042847,-0.0004401385924777255,
stable_medium_capacity,w08,2026-03-20,2026-03-23,2026-03-27,002265,0.01075268817204301,0.75125250501002,0.19875478927203072,0.0021371482717422656,
stable_medium_capacity,w08,2026-03-20,2026-03-23,2026-03-27,002402,0.01075268817204301,0.75125250501002,0.0033467202141901353,3.598623886225952e-05,
stable_medium_capacity,w08,2026-03-20,2026-03-23,2026-03-27,002984,0.01075268817204301,0.75125250501002,-0.06075533661740551,-0.0006532831894344677,
stable_medium_capacity,w08,2026-03-20,2026-03-23,2026-03-27,300458,0.01075268817204301,0.7229859719438878,-0.02477038686334543,-0.00026634824584242397,
stable_medium_capacity,w08,2026-03-20,2026-03-23,2026-03-27,300024,0.01075268817204301,0.7229859719438878,-0.03354838709677421,-0.00036073534512660443,
stable_medium_capacity,w08,2026-03-20,2026-03-23,2026-03-27,300002,0.01075268817204301,0.7229859719438878,-0.0567729083665337,-0.0006104613802853086,
stable_medium_capacity,w08,2026-03-20,2026-03-23,2026-03-27,002065,0.01075268817204301,0.7229859719438878,-0.03389830508474567,-0.0003644979041370502,
stable_medium_capacity,w08,2026-03-20,2026-03-23,2026-03-27,000887,0.01075268817204301,0.7229859719438878,-0.0032876712328766544,-3.535130357931886e-05,
stable_medium_capacity,w08,2026-03-20,2026-03-23,2026-03-27,000009,0.01075268817204301,0.7229859719438878,0.023622047244094446,0.00025400050800101554,
stable_medium_capacity,w08,2026-03-20,2026-03-23,2026-03-27,300751,0.01075268817204301,0.7271067134268536,0.0004020467836256536,4.3230836948995e-06,
stable_medium_capacity,w08,2026-03-20,2026-03-23,2026-03-27,600435,0.01075268817204301,0.740310621242485,0.01025290498974707,0.00011024629021233406,
stable_medium_capacity,w08,2026-03-20,2026-03-23,2026-03-27,300496,0.01075268817204301,0.740310621242485,-0.05265677357587373,-0.0005662018664072444,
stable_medium_capacity,w08,2026-03-20,2026-03-23,2026-03-27,002312,0.01075268817204301,0.740310621242485,0.04313380281690149,0.0004638043313645321,
stable_medium_capacity,w08,2026-03-20,2026-03-23,2026-03-27,000050,0.01075268817204301,0.740310621242485,-0.04176610978520301,-0.0004490979546796022,
stable_medium_capacity,w08,2026-03-20,2026-03-23,2026-03-27,000032,0.01075268817204301,0.740310621242485,0.0347490347490349,0.00037364553493585915,
stable_medium_capacity,w08,2026-03-20,2026-03-23,2026-03-27,688772,0.01075268817204301,0.75125250501002,0.0185185185185186,0.0001991238550378344,
stable_medium_capacity,w08,2026-03-20,2026-03-23,2026-03-27,688114,0.01075268817204301,0.75125250501002,-0.02889276711266242,-0.00031067491518991846,
stable_medium_capacity,w08,2026-03-20,2026-03-23,2026-03-27,603885,0.01075268817204301,0.75125250501002,0.05355575065847229,0.0005758682866502397,
stable_medium_capacity,w08,2026-03-20,2026-03-23,2026-03-27,603786,0.01075268817204301,0.75125250501002,-0.00036852773171192066,-3.962663781848609e-06,
stable_medium_capacity,w08,2026-03-20,2026-03-23,2026-03-27,603338,0.01075268817204301,0.75125250501002,-0.01736526946107797,-0.0001867233275384728,
stable_medium_capacity,w08,2026-03-20,2026-03-23,2026-03-27,300679,0.01075268817204301,0.75125250501002,-0.003215434083601254,-3.457456003872316e-05,
stable_medium_capacity,w08,2026-03-20,2026-03-23,2026-03-27,300100,0.01075268817204301,0.75125250501002,0.03168183350185361,0.00034066487636401723,
stable_medium_capacity,w08,2026-03-20,2026-03-23,2026-03-27,300454,0.01075268817204301,0.9028607214428856,-0.0582058477414682,-0.0006258693305534215,
stable_medium_capacity,w08,2026-03-20,2026-03-23,2026-03-27,688608,0.01075268817204301,0.9138026052104208,0.003095238095238262,3.3282130056325394e-05,
stable_medium_capacity,w08,2026-03-20,2026-03-23,2026-03-27,000426,0.01075268817204301,0.9345465931863727,0.01803403606807219,0.00019391436632335688,
stable_medium_capacity,w08,2026-03-20,2026-03-23,2026-03-27,002436,0.01075268817204301,0.9345465931863727,-0.044762344254730135,-0.0004813155296207541,
stable_medium_capacity,w08,2026-03-20,2026-03-23,2026-03-27,300604,0.01075268817204301,0.9345465931863727,-0.004287332146901801,-4.610034566561076e-05,
stable_medium_capacity,w08,2026-03-20,2026-03-23,2026-03-27,300395,0.01075268817204301,0.9345465931863727,-0.037498722795545114,-0.00040321207307037756,
stable_medium_capacity,w08,2026-03-20,2026-03-23,2026-03-27,300383,0.01075268817204301,0.9345465931863727,0.11662371134020622,0.0012540184015075936,
stable_medium_capacity,w08,2026-03-20,2026-03-23,2026-03-27,300285,0.01075268817204301,0.9345465931863727,-0.06200366524129508,-0.0006667060778633879,
stable_medium_capacity,w08,2026-03-20,2026-03-23,2026-03-27,300223,0.01075268817204301,0.9345465931863727,-0.07237061769616027,-0.0007781786849049491,
stable_medium_capacity,w08,2026-03-20,2026-03-23,2026-03-27,003031,0.01075268817204301,0.9345465931863727,-0.030491599253266832,-0.00032786665863727775,
stable_medium_capacity,w08,2026-03-20,2026-03-23,2026-03-27,002851,0.01075268817204301,0.9345465931863727,-0.023908223271956075,-0.0002570776695909255,
stable_medium_capacity,w08,2026-03-20,2026-03-23,2026-03-27,002738,0.01075268817204301,0.9345465931863727,0.07699115044247784,0.0008278618327148154,
stable_medium_capacity,w08,2026-03-20,2026-03-23,2026-03-27,002465,0.01075268817204301,0.9345465931863727,-0.012080536912751683,-0.000129898246373674,
stable_medium_capacity,w08,2026-03-20,2026-03-23,2026-03-27,002429,0.01075268817204301,0.9345465931863727,-0.029970029970029843,-0.0003222583867745144,
stable_medium_capacity,w08,2026-03-20,2026-03-23,2026-03-27,688709,0.01075268817204301,0.9345465931863727,-0.06927252985884902,-0.0007448659124607421,
stable_medium_capacity,w08,2026-03-20,2026-03-23,2026-03-27,002409,0.01075268817204301,0.9345465931863727,0.0018059234288465564,1.9418531492973723e-05,
stable_medium_capacity,w08,2026-03-20,2026-03-23,2026-03-27,002335,0.01075268817204301,0.9345465931863727,-0.07498014297061173,-0.0008062380964581905,
stable_medium_capacity,w08,2026-03-20,2026-03-23,2026-03-27,002202,0.01075268817204301,0.9345465931863727,-0.05993150684931503,-0.0006444248048313444,
stable_medium_capacity,w08,2026-03-20,2026-03-23,2026-03-27,002195,0.01075268817204301,0.9345465931863727,-0.031016042780748543,-0.00033350583635213485,
stable_medium_capacity,w08,2026-03-20,2026-03-23,2026-03-27,002156,0.01075268817204301,0.9345465931863727,-0.04262516914749659,-0.0004583351521236192,
stable_medium_capacity,w08,2026-03-20,2026-03-23,2026-03-27,002080,0.01075268817204301,0.9345465931863727,-0.035146846413095845,-0.000377923079710708,
stable_medium_capacity,w08,2026-03-20,2026-03-23,2026-03-27,002008,0.01075268817204301,0.9345465931863727,-0.026784331939928796,-0.00028800356924654617,
stable_medium_capacity,w08,2026-03-20,2026-03-23,2026-03-27,000960,0.01075268817204301,0.9345465931863727,-0.0036787247087675112,-3.955617966416678e-05,
stable_medium_capacity,w08,2026-03-20,2026-03-23,2026-03-27,000878,0.01075268817204301,0.9345465931863727,-0.012299465240641738,-0.00013225231441550255,
stable_medium_capacity,w08,2026-03-20,2026-03-23,2026-03-27,300757,0.01075268817204301,0.9345465931863727,0.11001379310344817,0.001182944011865034,
stable_medium_capacity,w08,2026-03-20,2026-03-23,2026-03-27,300857,0.01075268817204301,0.9345465931863727,-0.030421892816419605,-0.0003271171270582753,
stable_medium_capacity,w08,2026-03-20,2026-03-23,2026-03-27,301611,0.01075268817204301,0.9345465931863727,0.012498719393504665,0.0001343948321882222,
stable_medium_capacity,w08,2026-03-20,2026-03-23,2026-03-27,600497,0.01075268817204301,0.9345465931863727,-0.01851851851851849,-0.0001991238550378332,
stable_medium_capacity,w08,2026-03-20,2026-03-23,2026-03-27,688629,0.01075268817204301,0.9345465931863727,-0.007731489903583744,-8.313430003853488e-05,
stable_medium_capacity,w08,2026-03-20,2026-03-23,2026-03-27,688568,0.01075268817204301,0.9345465931863727,-0.0975720102548635,-0.00104916140058993,
stable_medium_capacity,w08,2026-03-20,2026-03-23,2026-03-27,688385,0.01075268817204301,0.9345465931863727,-0.046870614650575404,-0.000503985103769628,
stable_medium_capacity,w08,2026-03-20,2026-03-23,2026-03-27,688375,0.01075268817204301,0.9345465931863727,-0.043549862763037406,-0.00046827809422620863,
stable_medium_capacity,w08,2026-03-20,2026-03-23,2026-03-27,688347,0.01075268817204301,0.9345465931863727,-0.02939655172413791,-0.0003160919540229882,
stable_medium_capacity,w08,2026-03-20,2026-03-23,2026-03-27,688281,0.01075268817204301,0.9345465931863727,-0.03342070773263428,-0.000359362448738003,
stable_medium_capacity,w08,2026-03-20,2026-03-23,2026-03-27,688027,0.01075268817204301,0.9345465931863727,-0.14152410575427687,-0.001521764578002977,
stable_medium_capacity,w08,2026-03-20,2026-03-23,2026-03-27,688002,0.01075268817204301,0.9345465931863727,0.001980198019801982,2.129245182582776e-05,
stable_medium_capacity,w08,2026-03-20,2026-03-23,2026-03-27,605358,0.01075268817204301,0.9345465931863727,-0.03493071593533492,-0.00037559909607887007,
stable_medium_capacity,w08,2026-03-20,2026-03-23,2026-03-27,603920,0.01075268817204301,0.9345465931863727,-0.011987625676720737,-0.00012889920082495416,
stable_medium_capacity,w08,2026-03-20,2026-03-23,2026-03-27,603688,0.01075268817204301,0.9345465931863727,-0.02905513612445676,-0.0003124208185425458,
stable_medium_capacity,w08,2026-03-20,2026-03-23,2026-03-27,601958,0.01075268817204301,0.9345465931863727,-0.007919746568109898,-8.515856524849352e-05,
stable_medium_capacity,w08,2026-03-20,2026-03-23,2026-03-27,601611,0.01075268817204301,0.9345465931863727,-0.031186440677966165,-0.0003353380718060878,
stable_medium_capacity,w08,2026-03-20,2026-03-23,2026-03-27,601231,0.01075268817204301,0.9345465931863727,-0.0748185371300949,-0.0008045003992483322,
stable_medium_capacity,w08,2026-03-20,2026-03-23,2026-03-27,601212,0.01075268817204301,0.9345465931863727,-0.012300123001230179,-0.0001322593871100019,
stable_medium_capacity,w08,2026-03-20,2026-03-23,2026-03-27,601168,0.01075268817204301,0.9345465931863727,-0.02089783281733748,-0.00022470787975631697,
stable_medium_capacity,w08,2026-03-20,2026-03-23,2026-03-27,601106,0.01075268817204301,0.9345465931863727,-0.011574074074074292,-0.0001244524093986483,
stable_medium_capacity,w08,2026-03-20,2026-03-23,2026-03-27,600879,0.01075268817204301,0.9345465931863727,-0.018047200370199024,-0.00019405591795912928,
stable_medium_capacity,w08,2026-03-20,2026-03-23,2026-03-27,600498,0.01075268817204301,0.9345465931863727,0.03886127428829633,0.0004178631643902831,
stable_medium_capacity,w08,2026-03-20,2026-03-23,2026-03-27,300718,0.01075268817204301,0.7229859719438878,0.0077147016011644975,8.295378065768276e-05,
balanced_extra_wide_capacity,w09,2026-03-27,2026-03-30,2026-04-03,002385,0.015625,0.9628006012024048,-0.015151515151515138,-0.00023674242424242403,
balanced_extra_wide_capacity,w09,2026-03-27,2026-03-30,2026-04-03,000883,0.015625,0.9424599198396794,-0.11877394636015326,-0.0018558429118773947,
balanced_extra_wide_capacity,w09,2026-03-27,2026-03-30,2026-04-03,300601,0.015625,0.8176102204408818,-0.007902298850574696,-0.00012347341954022963,
balanced_extra_wide_capacity,w09,2026-03-27,2026-03-30,2026-04-03,300957,0.015625,0.8176102204408818,-0.0309573361082206,-0.0004837083766909469,
balanced_extra_wide_capacity,w09,2026-03-27,2026-03-30,2026-04-03,603707,0.015625,0.8176102204408818,-0.0020639834881320818,-3.224974200206378e-05,
balanced_extra_wide_capacity,w09,2026-03-27,2026-03-30,2026-04-03,000539,0.015625,0.8135771543086172,-0.2305475504322767,-0.0036023054755043235,
balanced_extra_wide_capacity,w09,2026-03-27,2026-03-30,2026-04-03,300432,0.015625,0.8135771543086172,-0.11731843575418988,-0.0018331005586592168,
balanced_extra_wide_capacity,w09,2026-03-27,2026-03-30,2026-04-03,000060,0.015625,0.7929859719438876,-0.024429967426709998,-0.0003817182410423437,
balanced_extra_wide_capacity,w09,2026-03-27,2026-03-30,2026-04-03,000426,0.015625,0.7929859719438876,-0.01646706586826341,-0.00025729790419161576,
balanced_extra_wide_capacity,w09,2026-03-27,2026-03-30,2026-04-03,000831,0.015625,0.7929859719438876,-0.026915113871635588,-0.00042054865424430606,
balanced_extra_wide_capacity,w09,2026-03-27,2026-03-30,2026-04-03,000878,0.015625,0.7929859719438876,-0.057931781266919335,-0.0009051840822956146,
balanced_extra_wide_capacity,w09,2026-03-27,2026-03-30,2026-04-03,000960,0.015625,0.7929859719438876,-0.06800000000000006,-0.001062500000000001,
balanced_extra_wide_capacity,w09,2026-03-27,2026-03-30,2026-04-03,002080,0.015625,0.7929859719438876,-0.008982035928143728,-0.00014034431137724575,
balanced_extra_wide_capacity,w09,2026-03-27,2026-03-30,2026-04-03,002335,0.015625,0.7929859719438876,-0.0817448050832904,-0.0012772625794264126,
balanced_extra_wide_capacity,w09,2026-03-27,2026-03-30,2026-04-03,002409,0.015625,0.7929859719438876,-0.06080999879822124,-0.0009501562312222069,
balanced_extra_wide_capacity,w09,2026-03-27,2026-03-30,2026-04-03,002436,0.015625,0.7929859719438876,-0.050724637681159424,-0.000792572463768116,
balanced_extra_wide_capacity,w09,2026-03-27,2026-03-30,2026-04-03,002465,0.015625,0.7929859719438876,-0.029211956521739246,-0.0004564368206521757,
balanced_extra_wide_capacity,w09,2026-03-27,2026-03-30,2026-04-03,002738,0.015625,0.7929859719438876,-0.011092851273623694,-0.00017332580115037022,
balanced_extra_wide_capacity,w09,2026-03-27,2026-03-30,2026-04-03,002851,0.015625,0.7929859719438876,-0.06597530864197543,-0.001030864197530866,
balanced_extra_wide_capacity,w09,2026-03-27,2026-03-30,2026-04-03,003031,0.015625,0.7929859719438876,0.13697047496790749,0.0021401636713735545,
balanced_extra_wide_capacity,w09,2026-03-27,2026-03-30,2026-04-03,300223,0.015625,0.7929859719438876,-0.057860163772158635,-0.0009040650589399787,
balanced_extra_wide_capacity,w09,2026-03-27,2026-03-30,2026-04-03,300285,0.015625,0.7929859719438876,-0.003581895148160208,-5.596711169000325e-05,
balanced_extra_wide_capacity,w09,2026-03-27,2026-03-30,2026-04-03,300395,0.015625,0.7929859719438876,-0.004670912951167727,-7.298301486199574e-05,
balanced_extra_wide_capacity,w09,2026-03-27,2026-03-30,2026-04-03,300454,0.015625,0.7929859719438876,-0.07920030757401009,-0.0012375048058439076,
balanced_extra_wide_capacity,w09,2026-03-27,2026-03-30,2026-04-03,300627,0.015625,0.7929859719438876,-0.0054894784995425105,-8.577310155535173e-05,
balanced_extra_wide_capacity,w09,2026-03-27,2026-03-30,2026-04-03,300748,0.015625,0.7929859719438876,-0.024053880692751717,-0.0003758418858242456,
balanced_extra_wide_capacity,w09,2026-03-27,2026-03-30,2026-04-03,301611,0.015625,0.7929859719438876,-0.09399979763229782,-0.0014687468380046535,
balanced_extra_wide_capacity,w09,2026-03-27,2026-03-30,2026-04-03,600363,0.015625,0.7929859719438876,-0.02568662319699655,-0.0004013534874530711,
balanced_extra_wide_capacity,w09,2026-03-27,2026-03-30,2026-04-03,600392,0.015625,0.7929859719438876,0.001335113484646211,2.0861148197597046e-05,
balanced_extra_wide_capacity,w09,2026-03-27,2026-03-30,2026-04-03,600497,0.015625,0.7929859719438876,-0.03144654088050314,-0.0004913522012578615,
balanced_extra_wide_capacity,w09,2026-03-27,2026-03-30,2026-04-03,601106,0.015625,0.7929859719438876,-0.023419203747072515,-0.00036592505854800804,
balanced_extra_wide_capacity,w09,2026-03-27,2026-03-30,2026-04-03,300070,0.015625,0.8176102204408818,-0.04282115869017644,-0.0006690806045340069,
balanced_extra_wide_capacity,w09,2026-03-27,2026-03-30,2026-04-03,300390,0.015625,0.8328657314629259,-0.0915481955944385,-0.0014304405561631015,
balanced_extra_wide_capacity,w09,2026-03-27,2026-03-30,2026-04-03,603659,0.015625,0.8360971943887775,-0.12852112676056338,-0.0020081426056338027,
balanced_extra_wide_capacity,w09,2026-03-27,2026-03-30,2026-04-03,600977,0.015625,0.9424599198396794,0.0,0.0,
balanced_extra_wide_capacity,w09,2026-03-27,2026-03-30,2026-04-03,001286,0.015625,0.9424599198396794,-0.04159292035398232,-0.0006498893805309738,
balanced_extra_wide_capacity,w09,2026-03-27,2026-03-30,2026-04-03,002032,0.015625,0.9424599198396794,0.047640756781399674,0.0007443868247093699,
balanced_extra_wide_capacity,w09,2026-03-27,2026-03-30,2026-04-03,002508,0.015625,0.9424599198396794,0.04087736789631102,0.0006387088733798597,
balanced_extra_wide_capacity,w09,2026-03-27,2026-03-30,2026-04-03,002958,0.015625,0.9424599198396794,-0.026058631921824005,-0.0004071661237785001,
balanced_extra_wide_capacity,w09,2026-03-27,2026-03-30,2026-04-03,002966,0.015625,0.9424599198396794,-0.005995203836930529,-9.367505995203952e-05,
balanced_extra_wide_capacity,w09,2026-03-27,2026-03-30,2026-04-03,600007,0.015625,0.9424599198396794,0.046673286991062435,0.0007292701092353505,
balanced_extra_wide_capacity,w09,2026-03-27,2026-03-30,2026-04-03,600132,0.015625,0.9424599198396794,0.006326889279437697,9.885764499121402e-05,
balanced_extra_wide_capacity,w09,2026-03-27,2026-03-30,2026-04-03,600177,0.015625,0.9424599198396794,-0.007863695937090354,-0.00012287024901703678,
balanced_extra_wide_capacity,w09,2026-03-27,2026-03-30,2026-04-03,600332,0.015625,0.9424599198396794,0.0030487804878049918,4.7637195121952997e-05,
balanced_extra_wide_capacity,w09,2026-03-27,2026-03-30,2026-04-03,600511,0.015625,0.9424599198396794,0.008987210508123011,0.00014042516418942205,
balanced_extra_wide_capacity,w09,2026-03-27,2026-03-30,2026-04-03,600566,0.015625,0.9424599198396794,0.04096761607491217,0.0006401190011705027,
balanced_extra_wide_capacity,w09,2026-03-27,2026-03-30,2026-04-03,600737,0.015625,0.9424599198396794,-0.011142061281337101,-0.0001740947075208922,
balanced_extra_wide_capacity,w09,2026-03-27,2026-03-30,2026-04-03,600901,0.015625,0.9424599198396794,0.033950617283950546,0.0005304783950617273,
balanced_extra_wide_capacity,w09,2026-03-27,2026-03-30,2026-04-03,601139,0.015625,0.9424599198396794,-0.048913043478260865,-0.000764266304347826,
balanced_extra_wide_capacity,w09,2026-03-27,2026-03-30,2026-04-03,601001,0.015625,0.8360971943887775,-0.020334928229665095,-0.0003177332535885171,
balanced_extra_wide_capacity,w09,2026-03-27,2026-03-30,2026-04-03,601577,0.015625,0.9424599198396794,0.003154574132492094,4.929022082018897e-05,
balanced_extra_wide_capacity,w09,2026-03-27,2026-03-30,2026-04-03,601666,0.015625,0.9424599198396794,-0.08943089430894302,-0.0013973577235772347,
balanced_extra_wide_capacity,w09,2026-03-27,2026-03-30,2026-04-03,601699,0.015625,0.9424599198396794,-0.07773851590106007,-0.0012146643109540636,
balanced_extra_wide_capacity,w09,2026-03-27,2026-03-30,2026-04-03,601928,0.015625,0.9424599198396794,0.008273009307135482,0.0001292657704239919,
balanced_extra_wide_capacity,w09,2026-03-27,2026-03-30,2026-04-03,601997,0.015625,0.9424599198396794,-0.0034843205574913716,-5.444250871080268e-05,
balanced_extra_wide_capacity,w09,2026-03-27,2026-03-30,2026-04-03,603529,0.015625,0.9424599198396794,-0.06714108910891092,-0.0010490795173267332,
balanced_extra_wide_capacity,w09,2026-03-27,2026-03-30,2026-04-03,603589,0.015625,0.9424599198396794,-0.010904684975767465,-0.00017038570274636664,
balanced_extra_wide_capacity,w09,2026-03-27,2026-03-30,2026-04-03,300529,0.015625,0.904684368737475,-0.023137697516930067,-0.0003615265237020323,
balanced_extra_wide_capacity,w09,2026-03-27,2026-03-30,2026-04-03,600720,0.015625,0.904684368737475,0.028148148148148255,0.0004398148148148165,
balanced_extra_wide_capacity,w09,2026-03-27,2026-03-30,2026-04-03,601921,0.015625,0.904684368737475,0.014267185473411104,0.0002229247730220485,
balanced_extra_wide_capacity,w09,2026-03-27,2026-03-30,2026-04-03,603858,0.015625,0.904684368737475,0.00797546012269934,0.0001246165644171772,
balanced_extra_wide_capacity,w09,2026-03-27,2026-03-30,2026-04-03,600299,0.015625,0.8360971943887775,0.008626887131560013,0.0001347951114306252,
balanced_extra_wide_capacity,w09,2026-03-27,2026-03-30,2026-04-03,600985,0.015625,0.8360971943887775,-0.03730272596843609,-0.0005828550932568139,
balanced_extra_wide_capacity,w09,2026-03-27,2026-03-30,2026-04-03,601168,0.015625,0.7929859719438876,0.009486166007905084,0.00014822134387351693,
balanced_medium_current,w09,2026-03-27,2026-03-30,2026-04-03,000537,0.020408163265306124,0.9589178356713427,-0.15122377622377614,-0.003086199514770942,
balanced_medium_current,w09,2026-03-27,2026-03-30,2026-04-03,300763,0.020408163265306124,0.9589178356713427,-0.17051643192488264,-0.0034799271821404623,
balanced_medium_current,w09,2026-03-27,2026-03-30,2026-04-03,301536,0.020408163265306124,0.9589178356713427,-0.03150289017341046,-0.0006429161259879686,
balanced_medium_current,w09,2026-03-27,2026-03-30,2026-04-03,301611,0.020408163265306124,0.9589178356713427,-0.09399979763229782,-0.00191836321698567,
balanced_medium_current,w09,2026-03-27,2026-03-30,2026-04-03,600096,0.020408163265306124,0.9589178356713427,-0.09603220241518118,-0.0019598408656159427,
balanced_medium_current,w09,2026-03-27,2026-03-30,2026-04-03,600157,0.020408163265306124,0.9589178356713427,-0.12690355329949243,-0.002589868434683519,
balanced_medium_current,w09,2026-03-27,2026-03-30,2026-04-03,600487,0.020408163265306124,0.9589178356713427,0.18590398365679262,0.0037939588501386253,
balanced_medium_current,w09,2026-03-27,2026-03-30,2026-04-03,600498,0.020408163265306124,0.9589178356713427,0.06916050456720324,0.0014114388687184337,
balanced_medium_current,w09,2026-03-27,2026-03-30,2026-04-03,600549,0.020408163265306124,0.9589178356713427,-0.09448416751787547,-0.0019282483166913364,
balanced_medium_current,w09,2026-03-27,2026-03-30,2026-04-03,600602,0.020408163265306124,0.9589178356713427,0.14992927864215,0.003059781196778572,
balanced_medium_current,w09,2026-03-27,2026-03-30,2026-04-03,600879,0.020408163265306124,0.9589178356713427,-0.030631479736097922,-0.0006251322395122025,
balanced_medium_current,w09,2026-03-27,2026-03-30,2026-04-03,600884,0.020408163265306124,0.9589178356713427,-0.04618768328445755,-0.0009426057813154603,
balanced_medium_current,w09,2026-03-27,2026-03-30,2026-04-03,601016,0.020408163265306124,0.9589178356713427,-0.22718052738336714,-0.004636337293538105,
balanced_medium_current,w09,2026-03-27,2026-03-30,2026-04-03,601179,0.020408163265306124,0.9589178356713427,-0.0634723086496577,-0.0012953532377481163,
balanced_medium_current,w09,2026-03-27,2026-03-30,2026-04-03,603077,0.020408163265306124,0.9589178356713427,-0.05944055944055937,-0.001213072641644069,
balanced_medium_current,w09,2026-03-27,2026-03-30,2026-04-03,688525,0.020408163265306124,0.9589178356713427,-0.11791107382550337,-0.002406348445418436,
balanced_medium_current,w09,2026-03-27,2026-03-30,2026-04-03,688629,0.020408163265306124,0.9589178356713427,0.059583829865248905,0.0012159965278622227,
balanced_medium_current,w09,2026-03-27,2026-03-30,2026-04-03,601696,0.020408163265306124,0.9158316633266533,-0.026851098454027555,-0.0005479816011026033,
balanced_medium_current,w09,2026-03-27,2026-03-30,2026-04-03,000034,0.020408163265306124,0.8346693386773547,-0.07926479035037326,-0.0016176487826606788,
balanced_medium_current,w09,2026-03-27,2026-03-30,2026-04-03,000050,0.020408163265306124,0.8346693386773547,-0.0298879202988791,-0.0006099575571199817,
balanced_medium_current,w09,2026-03-27,2026-03-30,2026-04-03,000528,0.020408163265306124,0.8346693386773547,-0.0117647058823529,-0.00024009603841536532,
balanced_medium_current,w09,2026-03-27,2026-03-30,2026-04-03,000733,0.020408163265306124,0.8346693386773547,-0.03762029746281714,-0.000767761172710554,
balanced_medium_current,w09,2026-03-27,2026-03-30,2026-04-03,000783,0.020408163265306124,0.8346693386773547,-0.01591895803183796,-0.00032487669452730533,
balanced_medium_current,w09,2026-03-27,2026-03-30,2026-04-03,301308,0.020408163265306124,0.9589178356713427,-0.10767740524325842,-0.0021974980661889475,
balanced_medium_current,w09,2026-03-27,2026-03-30,2026-04-03,300757,0.020408163265306124,0.9589178356713427,0.07858243451463798,0.0016037231533599589,
balanced_medium_current,w09,2026-03-27,2026-03-30,2026-04-03,000591,0.020408163265306124,0.9589178356713427,-0.14614121510673228,-0.0029824737776884143,
balanced_medium_current,w09,2026-03-27,2026-03-30,2026-04-03,300751,0.020408163265306124,0.9589178356713427,-0.1961930510394213,-0.0040039398171310475,
balanced_medium_current,w09,2026-03-27,2026-03-30,2026-04-03,000657,0.020408163265306124,0.9589178356713427,-0.048334018922254085,-0.000986408549433757,
balanced_medium_current,w09,2026-03-27,2026-03-30,2026-04-03,001389,0.020408163265306124,0.9589178356713427,0.017672151127361424,0.0003606561454563556,
balanced_medium_current,w09,2026-03-27,2026-03-30,2026-04-03,002025,0.020408163265306124,0.9589178356713427,-0.05130611606444546,-0.0010470635931519483,
balanced_medium_current,w09,2026-03-27,2026-03-30,2026-04-03,002195,0.020408163265306124,0.9589178356713427,-0.058498896247240695,-0.0011938550254538918,
balanced_medium_current,w09,2026-03-27,2026-03-30,2026-04-03,002202,0.020408163265306124,0.9589178356713427,-0.1176684881602914,-0.002401397717556968,
balanced_medium_current,w09,2026-03-27,2026-03-30,2026-04-03,002261,0.020408163265306124,0.9589178356713427,-0.033400518283904335,-0.000681643230283762,
balanced_medium_current,w09,2026-03-27,2026-03-30,2026-04-03,002281,0.020408163265306124,0.9589178356713427,0.06970414201183428,0.0014225335104455976,
balanced_medium_current,w09,2026-03-27,2026-03-30,2026-04-03,002432,0.020408163265306124,0.9589178356713427,0.18196386946386944,0.003713548356405499,
balanced_medium_current,w09,2026-03-27,2026-03-30,2026-04-03,002756,0.020408163265306124,0.9589178356713427,-0.1061445634774042,-0.0021662155811715145,
balanced_medium_current,w09,2026-03-27,2026-03-30,2026-04-03,003035,0.020408163265306124,0.9589178356713427,-0.1479289940828401,-0.0030189590629151044,
balanced_medium_current,w09,2026-03-27,2026-03-30,2026-04-03,300017,0.020408163265306124,0.9589178356713427,-0.05048766494549617,-0.0010303605090917587,
balanced_medium_current,w09,2026-03-27,2026-03-30,2026-04-03,300058,0.020408163265306124,0.9589178356713427,-0.06241234221598879,-0.001273721269714057,
balanced_medium_current,w09,2026-03-27,2026-03-30,2026-04-03,300136,0.020408163265306124,0.9589178356713427,-0.012785680038357006,-0.00026093224568075527,
balanced_medium_current,w09,2026-03-27,2026-03-30,2026-04-03,300140,0.020408163265306124,0.9589178356713427,-0.15006821282401084,-0.0030626165882451195,
balanced_medium_current,w09,2026-03-27,2026-03-30,2026-04-03,300223,0.020408163265306124,0.9589178356713427,-0.057860163772158635,-0.001180819668819564,
balanced_medium_current,w09,2026-03-27,2026-03-30,2026-04-03,300285,0.020408163265306124,0.9589178356713427,-0.003581895148160208,-7.30999009828614e-05,
balanced_medium_current,w09,2026-03-27,2026-03-30,2026-04-03,300383,0.020408163265306124,0.9589178356713427,-0.025966532025389455,-0.0005299292250079481,
balanced_medium_current,w09,2026-03-27,2026-03-30,2026-04-03,300390,0.020408163265306124,0.9589178356713427,-0.0915481955944385,-0.0018683305223354796,
balanced_medium_current,w09,2026-03-27,2026-03-30,2026-04-03,300395,0.020408163265306124,0.9589178356713427,-0.004670912951167727,-9.532475410546384e-05,
balanced_medium_current,w09,2026-03-27,2026-03-30,2026-04-03,300570,0.020408163265306124,0.9589178356713427,-0.048702122262619385,-0.0009939208625024366,
balanced_medium_current,w09,2026-03-27,2026-03-30,2026-04-03,300724,0.020408163265306124,0.9589178356713427,-0.13802300383397237,-0.002816795996611681,
balanced_medium_current,w09,2026-03-27,2026-03-30,2026-04-03,000825,0.020408163265306124,0.8346693386773547,-0.0227790432801821,-0.00046487843428943065,
economic_medium_capacity,w09,2026-03-27,2026-03-30,2026-04-03,002738,0.036000000004219955,0.9389899799599198,-0.011092851273623694,-0.0003993426458972643,
economic_medium_capacity,w09,2026-03-27,2026-03-30,2026-04-03,300395,0.036000000004219955,0.9388977955911824,-0.004670912951167727,-0.00016815286626174923,
economic_medium_capacity,w09,2026-03-27,2026-03-30,2026-04-03,601106,0.036000000004219955,0.9389899799599198,-0.023419203747072515,-0.0008430913349934385,
economic_medium_capacity,w09,2026-03-27,2026-03-30,2026-04-03,600392,0.036000000004219955,0.9388617234468938,0.001335113484646211,4.8064085452897714e-05,
economic_medium_capacity,w09,2026-03-27,2026-03-30,2026-04-03,002465,0.036000000004219955,0.9388617234468938,-0.029211956521739246,-0.001051630434905886,
economic_medium_capacity,w09,2026-03-27,2026-03-30,2026-04-03,000878,0.036000000004219955,0.9388617234468938,-0.057931781266919335,-0.002085544125853566,
economic_medium_capacity,w09,2026-03-27,2026-03-30,2026-04-03,000426,0.036000000004219955,0.9388617234468938,-0.01646706586826341,-0.000592814371326973,
economic_medium_capacity,w09,2026-03-27,2026-03-30,2026-04-03,000060,0.036000000004219955,0.9388617234468938,-0.024429967426709998,-0.0008794788274646533,
economic_medium_capacity,w09,2026-03-27,2026-03-30,2026-04-03,002080,0.036000000004219955,0.9388977955911824,-0.008982035928143728,-0.00032335329345107796,
economic_medium_capacity,w09,2026-03-27,2026-03-30,2026-04-03,688172,0.036000000004219955,0.9389579158316633,-0.10480887792848337,-0.00377311960586769,
economic_medium_capacity,w09,2026-03-27,2026-03-30,2026-04-03,688037,0.036000000004219955,0.9389579158316633,-0.04277389277389276,-0.0015398601400406435,
economic_medium_capacity,w09,2026-03-27,2026-03-30,2026-04-03,601233,0.036000000004219955,0.9389579158316633,-0.006648199445983383,-0.00023933518008345688,
economic_medium_capacity,w09,2026-03-27,2026-03-30,2026-04-03,000703,0.036000000004219955,0.9389579158316633,0.03539823008849563,0.0012743362833352216,
economic_medium_capacity,w09,2026-03-27,2026-03-30,2026-04-03,000629,0.036000000004219955,0.9389579158316633,-0.06413994169096215,-0.0023090379011453054,
economic_medium_capacity,w09,2026-03-27,2026-03-30,2026-04-03,002851,0.036000000004219955,0.9387755511022043,-0.06597530864197543,-0.0023751111113895283,
economic_medium_capacity,w09,2026-03-27,2026-03-30,2026-04-03,002202,0.036000000000000004,0.9387755511022043,-0.1176684881602914,-0.004236065573770491,
economic_medium_capacity,w09,2026-03-27,2026-03-30,2026-04-03,600497,0.036000000000000004,0.9387755511022043,-0.03144654088050314,-0.001132075471698113,
economic_medium_capacity,w09,2026-03-27,2026-03-30,2026-04-03,301308,0.036000000000000004,0.9387755511022043,-0.10767740524325842,-0.0038763865887573037,
economic_medium_capacity,w09,2026-03-27,2026-03-30,2026-04-03,300857,0.036000000000000004,0.9387755511022043,-0.02154483018157871,-0.0007756138865368337,
economic_medium_capacity,w09,2026-03-27,2026-03-30,2026-04-03,688281,0.036000000000000004,0.9388617234468938,-0.0383728813559322,-0.0013814237288135593,
economic_medium_capacity,w09,2026-03-27,2026-03-30,2026-04-03,002195,0.036000000000000004,0.9387755511022043,-0.058498896247240695,-0.0021059602649006652,
economic_medium_capacity,w09,2026-03-27,2026-03-30,2026-04-03,002008,0.036000000000000004,0.9387755511022043,0.01590836780146354,0.0005727012408526875,
economic_medium_capacity,w09,2026-03-27,2026-03-30,2026-04-03,000960,0.036000000000000004,0.9387755511022043,-0.06800000000000006,-0.0024480000000000023,
economic_medium_capacity,w09,2026-03-27,2026-03-30,2026-04-03,688385,0.036000000000000004,0.9388617234468938,-0.036366313309776244,-0.001309187279151945,
economic_medium_capacity,w09,2026-03-27,2026-03-30,2026-04-03,601168,0.036000000000000004,0.9388617234468938,0.009486166007905084,0.00034150197628458304,
economic_medium_capacity,w09,2026-03-27,2026-03-30,2026-04-03,600549,0.03333333331223356,0.9387755511022043,-0.09448416751787547,-0.003149472248602254,
economic_medium_capacity,w09,2026-03-27,2026-03-30,2026-04-03,601231,0.02666666664978681,0.9387755511022043,0.03228726614363309,0.0008609937632852112,
economic_medium_capacity,w09,2026-03-27,2026-03-30,2026-04-03,601958,0.019999999987340117,0.9387755511022043,-0.01862692921766884,-0.0003725385841175621,
economic_medium_capacity,w09,2026-03-27,2026-03-30,2026-04-03,603688,0.013333333324893405,0.9387755511022043,-0.005183788878416529,-6.911718500180291e-05,
economic_medium_capacity,w09,2026-03-27,2026-03-30,2026-04-03,688375,0.0066666666624467024,0.9387755511022043,0.005261144059690137,3.507429370906574e-05,
recent_compact_capacity,w09,2026-03-27,2026-03-30,2026-04-03,000703,0.032972380952380954,0.5521192384769539,0.03539823008849563,0.0011671639275179118,
recent_compact_capacity,w09,2026-03-27,2026-03-30,2026-04-03,000878,0.032972380952380954,0.5507965931863728,-0.057931781266919335,-0.0019101487611828708,
recent_compact_capacity,w09,2026-03-27,2026-03-30,2026-04-03,002008,0.032972380952380954,0.5487024048096192,0.01590836780146354,0.000524536763480447,
recent_compact_capacity,w09,2026-03-27,2026-03-30,2026-04-03,601231,0.032972380952380954,0.5489228456913827,0.03228726614363309,0.001064588039198782,
recent_compact_capacity,w09,2026-03-27,2026-03-30,2026-04-03,300567,0.032972380952380954,0.5492535070140281,-0.08091123330714844,-0.002667836007930273,
recent_compact_capacity,w09,2026-03-27,2026-03-30,2026-04-03,002624,0.032972380952380954,0.5492535070140281,0.05433589462129529,0.0017915838168417754,
recent_compact_capacity,w09,2026-03-27,2026-03-30,2026-04-03,002025,0.032972380952380954,0.5520090180360722,-0.05130611606444546,-0.0016916848040639681,
recent_compact_capacity,w09,2026-03-27,2026-03-30,2026-04-03,300857,0.032972380952380954,0.5505210420841683,-0.02154483018157871,-0.0007103843483013682,
recent_compact_capacity,w09,2026-03-27,2026-03-30,2026-04-03,300395,0.032972380952380954,0.5505210420841683,-0.004670912951167727,-0.00015401112122131227,
recent_compact_capacity,w09,2026-03-27,2026-03-30,2026-04-03,000933,0.032972380952380954,0.5505210420841683,0.007863695937090576,0.00025928477813144077,
recent_compact_capacity,w09,2026-03-27,2026-03-30,2026-04-03,601958,0.032972380952380954,0.5505210420841683,-0.01862692921766884,-0.0006141742061380124,
recent_compact_capacity,w09,2026-03-27,2026-03-30,2026-04-03,000021,0.032972380952380954,0.5509068136272545,-0.06693343033830479,-0.0022069545635642384,
recent_compact_capacity,w09,2026-03-27,2026-03-30,2026-04-03,688220,0.032972380952380954,0.5510170340681363,-0.0575088967971531,-0.001896205253346893,
recent_compact_capacity,w09,2026-03-27,2026-03-30,2026-04-03,300757,0.032972380952380954,0.5518987975951903,0.07858243451463798,0.002591049966982173,
recent_compact_capacity,w09,2026-03-27,2026-03-30,2026-04-03,688172,0.032972380952380954,0.5517885771543086,-0.10480887792848337,-0.0034557982502495454,
recent_compact_capacity,w09,2026-03-27,2026-03-30,2026-04-03,301200,0.032972380952380954,0.5516783567134268,-0.08690497362025018,-0.0028654638968635066,
recent_compact_capacity,w09,2026-03-27,2026-03-30,2026-04-03,301308,0.032972380952380954,0.5515681362725451,-0.10767740524325842,-0.003550380425644619,
recent_compact_capacity,w09,2026-03-27,2026-03-30,2026-04-03,002044,0.032972380952380954,0.5485370741482966,-0.03886925795052998,-0.0012816119804812366,
recent_compact_capacity,w09,2026-03-27,2026-03-30,2026-04-03,000426,0.032972380952380954,0.5513476953907815,-0.01646706586826341,-0.000542958368976331,
recent_compact_capacity,w09,2026-03-27,2026-03-30,2026-04-03,000960,0.032972380952380954,0.5512374749498998,-0.06800000000000006,-0.002242121904761907,
recent_compact_capacity,w09,2026-03-27,2026-03-30,2026-04-03,002738,0.032972380952380954,0.551127254509018,-0.011092851273623694,-0.0003657577180420247,
recent_compact_capacity,w09,2026-03-27,2026-03-30,2026-04-03,600497,0.030758,0.5499148296593186,-0.03144654088050314,-0.0009672327044025155,
recent_compact_capacity,w09,2026-03-27,2026-03-30,2026-04-03,601168,0.030758,0.549694388777555,0.009486166007905084,0.00029177549407114454,
recent_compact_capacity,w09,2026-03-27,2026-03-30,2026-04-03,688281,0.030758,0.549694388777555,-0.0383728813559322,-0.0011802730847457626,
recent_compact_capacity,w09,2026-03-27,2026-03-30,2026-04-03,301536,0.030758,0.5500801603206412,-0.03150289017341046,-0.0009689658959537589,
recent_compact_capacity,w09,2026-03-27,2026-03-30,2026-04-03,002080,0.030758,0.5492535070140281,-0.008982035928143728,-0.0002762694610778448,
recent_compact_capacity,w09,2026-03-27,2026-03-30,2026-04-03,002126,0.030758,0.5492535070140281,-0.010206503679088486,-0.00031393164016140364,
recent_compact_capacity,w09,2026-03-27,2026-03-30,2026-04-03,002851,0.030758,0.5500801603206412,-0.06597530864197543,-0.00202926854320988,
recent_compact_capacity,w09,2026-03-27,2026-03-30,2026-04-03,600131,0.030758,0.5492535070140281,-0.0782608695652175,-0.00240714782608696,
recent_compact_capacity,w09,2026-03-27,2026-03-30,2026-04-03,002195,0.030758,0.548812625250501,-0.058498896247240695,-0.0017993090507726294,
recent_compact_capacity,w09,2026-03-27,2026-03-30,2026-04-03,688615,0.030758,0.549694388777555,-0.0479214780600461,-0.001473968822170898,
recent_compact_current,w09,2026-03-27,2026-03-30,2026-04-03,688220,0.027027027027027035,0.9692635270541081,-0.0575088967971531,-0.0015542945080311652,
recent_compact_current,w09,2026-03-27,2026-03-30,2026-04-03,002080,0.027027027027027035,0.8968937875751503,-0.008982035928143728,-0.0002427577277876684,
recent_compact_current,w09,2026-03-27,2026-03-30,2026-04-03,301536,0.027027027027027035,0.8944138276553105,-0.03150289017341046,-0.0008514294641462288,
recent_compact_current,w09,2026-03-27,2026-03-30,2026-04-03,300679,0.027027027027027035,0.8932114228456913,-0.009677419354838679,-0.00026155187445509953,
recent_compact_current,w09,2026-03-27,2026-03-30,2026-04-03,688361,0.027027027027027035,0.8927605210420841,-0.03437519893054941,-0.0009290594305553898,
recent_compact_current,w09,2026-03-27,2026-03-30,2026-04-03,688777,0.027027027027027035,0.8911072144288578,-0.012345679012345623,-0.0003336670003336656,
recent_compact_current,w09,2026-03-27,2026-03-30,2026-04-03,688615,0.027027027027027035,0.8899048096192386,-0.0479214780600461,-0.001295175082703949,
recent_compact_current,w09,2026-03-27,2026-03-30,2026-04-03,688375,0.027027027027027035,0.8878006012024049,0.005261144059690137,0.00014219308269432807,
recent_compact_current,w09,2026-03-27,2026-03-30,2026-04-03,301611,0.027027027027027035,0.8861472945891784,-0.09399979763229782,-0.002540535071143185,
recent_compact_current,w09,2026-03-27,2026-03-30,2026-04-03,000559,0.027027027027027035,0.8844939879759519,-0.04082955281918332,-0.0011035014275454955,
recent_compact_current,w09,2026-03-27,2026-03-30,2026-04-03,300339,0.027027027027027035,0.8816382765531061,-0.05063291139240511,-0.001368457064659598,
recent_compact_current,w09,2026-03-27,2026-03-30,2026-04-03,601233,0.027027027027027035,0.8778807615230462,-0.006648199445983383,-0.00017968106610765904,
recent_compact_current,w09,2026-03-27,2026-03-30,2026-04-03,002517,0.027027027027027035,0.8766783567134269,0.006017505470459428,0.00016263528298538998,
recent_compact_current,w09,2026-03-27,2026-03-30,2026-04-03,002353,0.027027027027027035,0.8762274549098197,0.09338085539714869,0.002523806902625641,
recent_compact_current,w09,2026-03-27,2026-03-30,2026-04-03,300567,0.027027027027027035,0.8729208416833668,-0.08091123330714844,-0.002186790089382391,
recent_compact_current,w09,2026-03-27,2026-03-30,2026-04-03,601611,0.027027027027027035,0.8712675350701403,-0.0699790062981106,-0.0018913244945435305,
recent_compact_current,w09,2026-03-27,2026-03-30,2026-04-03,000426,0.027027027027027035,0.871067134268537,-0.01646706586826341,-0.00044505583427738955,
recent_compact_current,w09,2026-03-27,2026-03-30,2026-04-03,002126,0.027027027027027035,0.8968937875751503,-0.010206503679088486,-0.0002758514507861754,
recent_compact_current,w09,2026-03-27,2026-03-30,2026-04-03,002195,0.027027027027027035,0.9026803607214429,-0.058498896247240695,-0.0015810512499254247,
recent_compact_current,w09,2026-03-27,2026-03-30,2026-04-03,000703,0.027027027027027035,0.9373997995991984,0.03539823008849563,0.000956708921310693,
recent_compact_current,w09,2026-03-27,2026-03-30,2026-04-03,688568,0.027027027027027035,0.9043336673346694,-0.03125000000000011,-0.0008445945945945979,
recent_compact_current,w09,2026-03-27,2026-03-30,2026-04-03,000657,0.027027027027027035,0.9357464929859719,-0.048334018922254085,-0.0013063248357365973,
recent_compact_current,w09,2026-03-27,2026-03-30,2026-04-03,301200,0.027027027027027035,0.9340931863727455,-0.08690497362025018,-0.0023487830708175733,
recent_compact_current,w09,2026-03-27,2026-03-30,2026-04-03,002025,0.027027027027027035,0.9307865731462925,-0.05130611606444546,-0.0013866517855255535,
recent_compact_current,w09,2026-03-27,2026-03-30,2026-04-03,300390,0.027027027027027035,0.9291332665330662,-0.0915481955944385,-0.0024742755566064464,
recent_compact_current,w09,2026-03-27,2026-03-30,2026-04-03,000960,0.027027027027027035,0.9274799599198397,-0.06800000000000006,-0.00183783783783784,
recent_compact_current,w09,2026-03-27,2026-03-30,2026-04-03,002851,0.027027027027027035,0.9258266533066132,-0.06597530864197543,-0.0017831164497831202,
recent_compact_current,w09,2026-03-27,2026-03-30,2026-04-03,300757,0.027027027027027035,0.9241733466933868,0.07858243451463798,0.002123849581476703,
recent_compact_current,w09,2026-03-27,2026-03-30,2026-04-03,688172,0.027027027027027035,0.9225200400801603,-0.10480887792848337,-0.0028326723764454972,
recent_compact_current,w09,2026-03-27,2026-03-30,2026-04-03,002738,0.027027027027027035,0.9192134268537074,-0.011092851273623694,-0.00029980679117901885,
recent_compact_current,w09,2026-03-27,2026-03-30,2026-04-03,601958,0.027027027027027035,0.917560120240481,-0.01862692921766884,-0.0005034305193964553,
recent_compact_current,w09,2026-03-27,2026-03-30,2026-04-03,600497,0.027027027027027035,0.9159068136272545,-0.03144654088050314,-0.0008499065102838689,
recent_compact_current,w09,2026-03-27,2026-03-30,2026-04-03,300857,0.027027027027027035,0.9126002004008016,-0.02154483018157871,-0.0005822927076102356,
recent_compact_current,w09,2026-03-27,2026-03-30,2026-04-03,300395,0.027027027027027035,0.9109468937875751,-0.004670912951167727,-0.00012624089057210078,
recent_compact_current,w09,2026-03-27,2026-03-30,2026-04-03,601231,0.027027027027027035,0.9076402805611222,0.03228726614363309,0.0008726288146927864,
recent_compact_current,w09,2026-03-27,2026-03-30,2026-04-03,000933,0.027027027027027035,0.9059869739478957,0.007863695937090576,0.0002125323226240697,
recent_compact_current,w09,2026-03-27,2026-03-30,2026-04-03,601106,0.027027027027027035,0.8696142284569138,-0.023419203747072515,-0.0006329514526235817,
short_aggressive_compact_capacity,w09,2026-03-27,2026-03-30,2026-04-03,688295,0.03225806451612904,0.9998907815631263,-0.11736674902929756,-0.003786024162235406,
short_aggressive_compact_capacity,w09,2026-03-27,2026-03-30,2026-04-03,300383,0.03225806451612904,0.9466698396793588,-0.025966532025389455,-0.0008376300653351439,
short_aggressive_compact_capacity,w09,2026-03-27,2026-03-30,2026-04-03,603688,0.03225806451612904,0.917942384769539,-0.005183788878416529,-0.00016721899607795258,
short_aggressive_compact_capacity,w09,2026-03-27,2026-03-30,2026-04-03,300604,0.03225806451612904,0.917942384769539,-0.06572426679665289,-0.0021201376386017065,
short_aggressive_compact_capacity,w09,2026-03-27,2026-03-30,2026-04-03,002008,0.03225806451612904,0.917942384769539,0.01590836780146354,0.0005131731548859207,
short_aggressive_compact_capacity,w09,2026-03-27,2026-03-30,2026-04-03,002429,0.03225806451612904,0.9258271543086173,-0.016477857878475777,-0.0005315438025314768,
short_aggressive_compact_capacity,w09,2026-03-27,2026-03-30,2026-04-03,000883,0.03225806451612904,0.9260140280561121,-0.11877394636015326,-0.0038314176245210735,
short_aggressive_compact_capacity,w09,2026-03-27,2026-03-30,2026-04-03,002831,0.03225806451612904,0.9335931863727454,0.09630319975147561,0.003106554830692762,
short_aggressive_compact_capacity,w09,2026-03-27,2026-03-30,2026-04-03,600879,0.03225806451612904,0.9379594188376753,-0.030631479736097922,-0.000988112249551546,
short_aggressive_compact_capacity,w09,2026-03-27,2026-03-30,2026-04-03,600118,0.03225806451612904,0.9379594188376753,-0.011575562700964714,-0.00037340524841821665,
short_aggressive_compact_capacity,w09,2026-03-27,2026-03-30,2026-04-03,300857,0.03225806451612904,0.9390906813627254,-0.02154483018157871,-0.0006949945219864101,
short_aggressive_compact_capacity,w09,2026-03-27,2026-03-30,2026-04-03,603786,0.03225806451612904,0.9397790581162325,-0.01603686635944701,-0.0005173182696595811,
short_aggressive_compact_capacity,w09,2026-03-27,2026-03-30,2026-04-03,601611,0.03225806451612904,0.9411723446893787,-0.0699790062981106,-0.002257387299939052,
short_aggressive_compact_capacity,w09,2026-03-27,2026-03-30,2026-04-03,000703,0.03225806451612904,0.9411723446893787,0.03539823008849563,0.0011418783899514722,
short_aggressive_compact_capacity,w09,2026-03-27,2026-03-30,2026-04-03,688114,0.03225806451612904,0.9416738476953909,-0.036741214057507965,-0.001185200453467999,
short_aggressive_compact_capacity,w09,2026-03-27,2026-03-30,2026-04-03,300054,0.03225806451612904,0.9466698396793588,-0.06255888449218017,-0.002018028532005812,
short_aggressive_compact_capacity,w09,2026-03-27,2026-03-30,2026-04-03,000657,0.03225806451612904,0.9768026052104208,-0.048334018922254085,-0.001559161900717874,
short_aggressive_compact_capacity,w09,2026-03-27,2026-03-30,2026-04-03,000878,0.03225806451612904,0.9519849699398798,-0.057931781266919335,-0.0018687671376425596,
short_aggressive_compact_capacity,w09,2026-03-27,2026-03-30,2026-04-03,601179,0.03225806451612904,0.9559599198396793,-0.0634723086496577,-0.002047493827408313,
short_aggressive_compact_capacity,w09,2026-03-27,2026-03-30,2026-04-03,688266,0.03225806451612904,0.9577735470941884,-0.011818452676531921,-0.0003812404089203846,
short_aggressive_compact_capacity,w09,2026-03-27,2026-03-30,2026-04-03,601016,0.03225806451612904,0.9620150300601202,-0.22718052738336714,-0.007328404109140877,
short_aggressive_compact_capacity,w09,2026-03-27,2026-03-30,2026-04-03,600032,0.03225806451612904,0.9620150300601202,-0.2365499573014519,-0.007630643783917804,
short_aggressive_compact_capacity,w09,2026-03-27,2026-03-30,2026-04-03,300763,0.03225806451612904,0.9620150300601202,-0.17051643192488264,-0.00550053006209299,
short_aggressive_compact_capacity,w09,2026-03-27,2026-03-30,2026-04-03,001389,0.03225806451612904,0.9620150300601202,0.017672151127361424,0.0005700693912052073,
short_aggressive_compact_capacity,w09,2026-03-27,2026-03-30,2026-04-03,000539,0.03225806451612904,0.9620150300601202,-0.2305475504322767,-0.007437017755879895,
short_aggressive_compact_capacity,w09,2026-03-27,2026-03-30,2026-04-03,002851,0.03225806451612904,0.9624699398797595,-0.06597530864197543,-0.002128235762644369,
short_aggressive_compact_capacity,w09,2026-03-27,2026-03-30,2026-04-03,002195,0.03225806451612904,0.9624699398797595,-0.058498896247240695,-0.0018870611692658292,
short_aggressive_compact_capacity,w09,2026-03-27,2026-03-30,2026-04-03,300390,0.03225806451612904,0.9714889779559118,-0.0915481955944385,-0.0029531675998205973,
short_aggressive_compact_capacity,w09,2026-03-27,2026-03-30,2026-04-03,002756,0.03225806451612904,0.97338376753507,-0.1061445634774042,-0.0034240181766904587,
short_aggressive_compact_capacity,w09,2026-03-27,2026-03-30,2026-04-03,002432,0.03225806451612904,0.9752785571142284,0.18196386946386944,0.005869802240769983,
short_aggressive_compact_capacity,w09,2026-03-27,2026-03-30,2026-04-03,688375,0.03225806451612904,0.917942384769539,0.005261144059690137,0.00016971432450613348,
short_aggressive_medium_capacity,w09,2026-03-27,2026-03-30,2026-04-03,688295,0.03225806451612904,0.9998907815631263,-0.11736674902929756,-0.003786024162235406,
short_aggressive_medium_capacity,w09,2026-03-27,2026-03-30,2026-04-03,300383,0.03225806451612904,0.9466698396793588,-0.025966532025389455,-0.0008376300653351439,
short_aggressive_medium_capacity,w09,2026-03-27,2026-03-30,2026-04-03,603688,0.03225806451612904,0.917942384769539,-0.005183788878416529,-0.00016721899607795258,
short_aggressive_medium_capacity,w09,2026-03-27,2026-03-30,2026-04-03,300604,0.03225806451612904,0.917942384769539,-0.06572426679665289,-0.0021201376386017065,
short_aggressive_medium_capacity,w09,2026-03-27,2026-03-30,2026-04-03,002008,0.03225806451612904,0.917942384769539,0.01590836780146354,0.0005131731548859207,
short_aggressive_medium_capacity,w09,2026-03-27,2026-03-30,2026-04-03,002429,0.03225806451612904,0.9258271543086173,-0.016477857878475777,-0.0005315438025314768,
short_aggressive_medium_capacity,w09,2026-03-27,2026-03-30,2026-04-03,000883,0.03225806451612904,0.9260140280561121,-0.11877394636015326,-0.0038314176245210735,
short_aggressive_medium_capacity,w09,2026-03-27,2026-03-30,2026-04-03,002831,0.03225806451612904,0.9335931863727454,0.09630319975147561,0.003106554830692762,
short_aggressive_medium_capacity,w09,2026-03-27,2026-03-30,2026-04-03,600879,0.03225806451612904,0.9379594188376753,-0.030631479736097922,-0.000988112249551546,
short_aggressive_medium_capacity,w09,2026-03-27,2026-03-30,2026-04-03,600118,0.03225806451612904,0.9379594188376753,-0.011575562700964714,-0.00037340524841821665,
short_aggressive_medium_capacity,w09,2026-03-27,2026-03-30,2026-04-03,300857,0.03225806451612904,0.9390906813627254,-0.02154483018157871,-0.0006949945219864101,
short_aggressive_medium_capacity,w09,2026-03-27,2026-03-30,2026-04-03,603786,0.03225806451612904,0.9397790581162325,-0.01603686635944701,-0.0005173182696595811,
short_aggressive_medium_capacity,w09,2026-03-27,2026-03-30,2026-04-03,601611,0.03225806451612904,0.9411723446893787,-0.0699790062981106,-0.002257387299939052,
short_aggressive_medium_capacity,w09,2026-03-27,2026-03-30,2026-04-03,000703,0.03225806451612904,0.9411723446893787,0.03539823008849563,0.0011418783899514722,
short_aggressive_medium_capacity,w09,2026-03-27,2026-03-30,2026-04-03,688114,0.03225806451612904,0.9416738476953909,-0.036741214057507965,-0.001185200453467999,
short_aggressive_medium_capacity,w09,2026-03-27,2026-03-30,2026-04-03,300054,0.03225806451612904,0.9466698396793588,-0.06255888449218017,-0.002018028532005812,
short_aggressive_medium_capacity,w09,2026-03-27,2026-03-30,2026-04-03,000657,0.03225806451612904,0.9768026052104208,-0.048334018922254085,-0.001559161900717874,
short_aggressive_medium_capacity,w09,2026-03-27,2026-03-30,2026-04-03,000878,0.03225806451612904,0.9519849699398798,-0.057931781266919335,-0.0018687671376425596,
short_aggressive_medium_capacity,w09,2026-03-27,2026-03-30,2026-04-03,601179,0.03225806451612904,0.9559599198396793,-0.0634723086496577,-0.002047493827408313,
short_aggressive_medium_capacity,w09,2026-03-27,2026-03-30,2026-04-03,688266,0.03225806451612904,0.9577735470941884,-0.011818452676531921,-0.0003812404089203846,
short_aggressive_medium_capacity,w09,2026-03-27,2026-03-30,2026-04-03,601016,0.03225806451612904,0.9620150300601202,-0.22718052738336714,-0.007328404109140877,
short_aggressive_medium_capacity,w09,2026-03-27,2026-03-30,2026-04-03,600032,0.03225806451612904,0.9620150300601202,-0.2365499573014519,-0.007630643783917804,
short_aggressive_medium_capacity,w09,2026-03-27,2026-03-30,2026-04-03,300763,0.03225806451612904,0.9620150300601202,-0.17051643192488264,-0.00550053006209299,
short_aggressive_medium_capacity,w09,2026-03-27,2026-03-30,2026-04-03,001389,0.03225806451612904,0.9620150300601202,0.017672151127361424,0.0005700693912052073,
short_aggressive_medium_capacity,w09,2026-03-27,2026-03-30,2026-04-03,000539,0.03225806451612904,0.9620150300601202,-0.2305475504322767,-0.007437017755879895,
short_aggressive_medium_capacity,w09,2026-03-27,2026-03-30,2026-04-03,002851,0.03225806451612904,0.9624699398797595,-0.06597530864197543,-0.002128235762644369,
short_aggressive_medium_capacity,w09,2026-03-27,2026-03-30,2026-04-03,002195,0.03225806451612904,0.9624699398797595,-0.058498896247240695,-0.0018870611692658292,
short_aggressive_medium_capacity,w09,2026-03-27,2026-03-30,2026-04-03,300390,0.03225806451612904,0.9714889779559118,-0.0915481955944385,-0.0029531675998205973,
short_aggressive_medium_capacity,w09,2026-03-27,2026-03-30,2026-04-03,002756,0.03225806451612904,0.97338376753507,-0.1061445634774042,-0.0034240181766904587,
short_aggressive_medium_capacity,w09,2026-03-27,2026-03-30,2026-04-03,002432,0.03225806451612904,0.9752785571142284,0.18196386946386944,0.005869802240769983,
short_aggressive_medium_capacity,w09,2026-03-27,2026-03-30,2026-04-03,688375,0.03225806451612904,0.917942384769539,0.005261144059690137,0.00016971432450613348,
short_aggressive_wide_capacity,w09,2026-03-27,2026-03-30,2026-04-03,000657,0.036000000004219955,0.9390165330661322,-0.048334018922254085,-0.0017400246814051144,
short_aggressive_wide_capacity,w09,2026-03-27,2026-03-30,2026-04-03,002294,0.036000000004219955,0.8170911823647294,0.07304460245636712,0.0026296056887374613,
short_aggressive_wide_capacity,w09,2026-03-27,2026-03-30,2026-04-03,300058,0.036000000004219955,0.9390165330661322,-0.06241234221598879,-0.0022468443200389736,
short_aggressive_wide_capacity,w09,2026-03-27,2026-03-30,2026-04-03,600095,0.036000000004219955,0.7831938877755511,-0.03404255319148941,-0.0012255319150372768,
short_aggressive_wide_capacity,w09,2026-03-27,2026-03-30,2026-04-03,002223,0.036000000004219955,0.7831938877755511,-0.022366097704532018,-0.0008051795174575365,
short_aggressive_wide_capacity,w09,2026-03-27,2026-03-30,2026-04-03,601179,0.036000000004219955,0.8046027054108216,-0.0634723086496577,-0.002285003111655527,
short_aggressive_wide_capacity,w09,2026-03-27,2026-03-30,2026-04-03,300390,0.036000000004219955,0.8170911823647294,-0.0915481955944385,-0.003295735041786115,
short_aggressive_wide_capacity,w09,2026-03-27,2026-03-30,2026-04-03,002756,0.036000000004219955,0.8170911823647294,-0.1061445634774042,-0.0038212042856344765,
short_aggressive_wide_capacity,w09,2026-03-27,2026-03-30,2026-04-03,688387,0.036000000004219955,0.9390165330661322,0.008444757213230014,0.000304011259711917,
short_aggressive_wide_capacity,w09,2026-03-27,2026-03-30,2026-04-03,601212,0.036000000004219955,0.9390165330661322,-0.036114570361145626,-0.0013001245331536444,
short_aggressive_wide_capacity,w09,2026-03-27,2026-03-30,2026-04-03,600879,0.036000000004219955,0.9390165330661322,-0.030631479736097922,-0.0011027332706287887,
short_aggressive_wide_capacity,w09,2026-03-27,2026-03-30,2026-04-03,600118,0.036000000004219955,0.9390165330661322,-0.011575562700964714,-0.00041672025728357805,
short_aggressive_wide_capacity,w09,2026-03-27,2026-03-30,2026-04-03,301611,0.036000000004219955,0.9390165330661322,-0.09399979763229782,-0.0033839927151593963,
short_aggressive_wide_capacity,w09,2026-03-27,2026-03-30,2026-04-03,300136,0.036000000004219955,0.9390165330661322,-0.012785680038357006,-0.0004602844814348072,
short_aggressive_wide_capacity,w09,2026-03-27,2026-03-30,2026-04-03,000629,0.036000000004219955,0.6969779559118237,-0.06413994169096215,-0.0023090379011453054,
short_aggressive_wide_capacity,w09,2026-03-27,2026-03-30,2026-04-03,000519,0.036000000000000004,0.6969779559118237,-0.04057971014492745,-0.0014608695652173884,
short_aggressive_wide_capacity,w09,2026-03-27,2026-03-30,2026-04-03,000831,0.036000000000000004,0.6969779559118237,-0.026915113871635588,-0.0009689440993788812,
short_aggressive_wide_capacity,w09,2026-03-27,2026-03-30,2026-04-03,000825,0.036000000000000004,0.6969779559118237,-0.0227790432801821,-0.0008200455580865556,
short_aggressive_wide_capacity,w09,2026-03-27,2026-03-30,2026-04-03,000738,0.036000000000000004,0.6969779559118237,-0.03806870937790163,-0.0013704735376044589,
short_aggressive_wide_capacity,w09,2026-03-27,2026-03-30,2026-04-03,000021,0.036000000000000004,0.6969779559118237,-0.06693343033830479,-0.0024096034921789727,
short_aggressive_wide_capacity,w09,2026-03-27,2026-03-30,2026-04-03,000426,0.036000000000000004,0.6969779559118237,-0.01646706586826341,-0.0005928143712574828,
short_aggressive_wide_capacity,w09,2026-03-27,2026-03-30,2026-04-03,000060,0.036000000000000004,0.6969779559118237,-0.024429967426709998,-0.0008794788273615601,
short_aggressive_wide_capacity,w09,2026-03-27,2026-03-30,2026-04-03,000050,0.036000000000000004,0.6969779559118237,-0.0298879202988791,-0.0010759651307596478,
short_aggressive_wide_capacity,w09,2026-03-27,2026-03-30,2026-04-03,000032,0.036000000000000004,0.6969779559118237,-0.0863539445628998,-0.003108742004264393,
short_aggressive_wide_capacity,w09,2026-03-27,2026-03-30,2026-04-03,688538,0.036000000000000004,0.7831938877755511,-0.017316017316017285,-0.0006233766233766224,
short_aggressive_wide_capacity,w09,2026-03-27,2026-03-30,2026-04-03,000878,0.03333333331223356,0.6969779559118237,-0.057931781266919335,-0.0019310593743416303,
short_aggressive_wide_capacity,w09,2026-03-27,2026-03-30,2026-04-03,000960,0.02666666664978681,0.6969779559118237,-0.06800000000000006,-0.0018133333321855047,
short_aggressive_wide_capacity,w09,2026-03-27,2026-03-30,2026-04-03,001389,0.019999999987340117,0.6969779559118237,0.017672151127361424,0.0003534430223235011,
short_aggressive_wide_capacity,w09,2026-03-27,2026-03-30,2026-04-03,002008,0.013333333324893405,0.6969779559118237,0.01590836780146354,0.00021211157055191506,
short_aggressive_wide_capacity,w09,2026-03-27,2026-03-30,2026-04-03,002025,0.0066666666624467024,0.6969779559118237,-0.05130611606444546,-0.0003420407735464598,
stable_compact_capacity,w09,2026-03-27,2026-03-30,2026-04-03,002294,0.030303030303030304,0.9880300601202405,0.07304460245636712,0.0022134728017080946,
stable_compact_capacity,w09,2026-03-27,2026-03-30,2026-04-03,002409,0.030303030303030304,0.9371923847695391,-0.06080999879822124,-0.0018427272363097348,
stable_compact_capacity,w09,2026-03-27,2026-03-30,2026-04-03,688027,0.030303030303030304,0.9371923847695391,-0.044057971014492825,-0.0013350900307422069,
stable_compact_capacity,w09,2026-03-27,2026-03-30,2026-04-03,603920,0.030303030303030304,0.9371923847695391,-0.04031311154598827,-0.0012216094407875233,
stable_compact_capacity,w09,2026-03-27,2026-03-30,2026-04-03,603688,0.030303030303030304,0.9371923847695391,-0.005183788878416529,-0.00015708451146716754,
stable_compact_capacity,w09,2026-03-27,2026-03-30,2026-04-03,601958,0.030303030303030304,0.9371923847695391,-0.01862692921766884,-0.0005644524005354195,
stable_compact_capacity,w09,2026-03-27,2026-03-30,2026-04-03,600549,0.030303030303030304,0.9371923847695391,-0.09448416751787547,-0.002863156591450772,
stable_compact_capacity,w09,2026-03-27,2026-03-30,2026-04-03,600497,0.030303030303030304,0.9371923847695391,-0.03144654088050314,-0.0009529254812273678,
stable_compact_capacity,w09,2026-03-27,2026-03-30,2026-04-03,300604,0.030303030303030304,0.9371923847695391,-0.06572426679665289,-0.001991644448383421,
stable_compact_capacity,w09,2026-03-27,2026-03-30,2026-04-03,300395,0.030303030303030304,0.9371923847695391,-0.004670912951167727,-0.00014154281670205235,
stable_compact_capacity,w09,2026-03-27,2026-03-30,2026-04-03,300285,0.030303030303030304,0.9371923847695391,-0.003581895148160208,-0.000108542277216976,
stable_compact_capacity,w09,2026-03-27,2026-03-30,2026-04-03,300223,0.030303030303030304,0.9371923847695391,-0.057860163772158635,-0.0017533382961260192,
stable_compact_capacity,w09,2026-03-27,2026-03-30,2026-04-03,300054,0.030303030303030304,0.9371923847695391,-0.06255888449218017,-0.001895723772490308,
stable_compact_capacity,w09,2026-03-27,2026-03-30,2026-04-03,003031,0.030303030303030304,0.9371923847695391,0.13697047496790749,0.004150620453572954,
stable_compact_capacity,w09,2026-03-27,2026-03-30,2026-04-03,002851,0.030303030303030304,0.9371923847695391,-0.06597530864197543,-0.0019992517770295584,
stable_compact_capacity,w09,2026-03-27,2026-03-30,2026-04-03,002738,0.030303030303030304,0.9371923847695391,-0.011092851273623694,-0.0003361470082916271,
stable_compact_capacity,w09,2026-03-27,2026-03-30,2026-04-03,002080,0.030303030303030304,0.9371923847695391,-0.008982035928143728,-0.0002721829069134463,
stable_compact_capacity,w09,2026-03-27,2026-03-30,2026-04-03,000155,0.030303030303030304,0.9834889779559118,-0.003712871287128605,-0.00011251125112510925,
stable_compact_capacity,w09,2026-03-27,2026-03-30,2026-04-03,002008,0.030303030303030304,0.9371923847695391,0.01590836780146354,0.00048207175155950125,
stable_compact_capacity,w09,2026-03-27,2026-03-30,2026-04-03,688608,0.030303030303030304,0.9386032064128257,-0.03928317113695701,-0.0011903991253623335,
stable_compact_capacity,w09,2026-03-27,2026-03-30,2026-04-03,000657,0.030303030303030304,0.9388897795591182,-0.048334018922254085,-0.0014646672400683057,
stable_compact_capacity,w09,2026-03-27,2026-03-30,2026-04-03,601106,0.030303030303030304,0.9391102204408818,-0.023419203747072515,-0.0007096728408203792,
stable_compact_capacity,w09,2026-03-27,2026-03-30,2026-04-03,000960,0.030303030303030304,0.9391102204408818,-0.06800000000000006,-0.0020606060606060627,
stable_compact_capacity,w09,2026-03-27,2026-03-30,2026-04-03,000426,0.030303030303030304,0.9391102204408818,-0.01646706586826341,-0.000499001996007982,
stable_compact_capacity,w09,2026-03-27,2026-03-30,2026-04-03,002265,0.030303030303030304,0.969314629258517,-0.1130643228126249,-0.003426191600382573,
stable_compact_capacity,w09,2026-03-27,2026-03-30,2026-04-03,688192,0.030303030303030304,0.9727535070140281,0.02678571428571419,0.0008116883116883088,
stable_compact_capacity,w09,2026-03-27,2026-03-30,2026-04-03,600332,0.030303030303030304,0.974935871743487,0.0030487804878049918,9.238728750924217e-05,
stable_compact_capacity,w09,2026-03-27,2026-03-30,2026-04-03,688295,0.030303030303030304,0.9780440881763527,-0.11736674902929756,-0.0035565681524029565,
stable_compact_capacity,w09,2026-03-27,2026-03-30,2026-04-03,300390,0.030303030303030304,0.9834889779559118,-0.0915481955944385,-0.002774187745286015,
stable_compact_capacity,w09,2026-03-27,2026-03-30,2026-04-03,002756,0.030303030303030304,0.9834889779559118,-0.1061445634774042,-0.003216501923557703,
stable_compact_capacity,w09,2026-03-27,2026-03-30,2026-04-03,002432,0.030303030303030304,0.9834889779559118,0.18196386946386944,0.005514056650420286,
stable_compact_capacity,w09,2026-03-27,2026-03-30,2026-04-03,000893,0.030303030303030304,0.9834889779559118,-0.06627438835552801,-0.002008314798652364,
stable_compact_capacity,w09,2026-03-27,2026-03-30,2026-04-03,002436,0.030303030303030304,0.9362004008016033,-0.050724637681159424,-0.0015371102327624067,
stable_compact_current,w09,2026-03-27,2026-03-30,2026-04-03,000657,0.03253310000000001,0.9231598196392786,-0.048334018922254085,-0.0015724554709995848,
stable_compact_current,w09,2026-03-27,2026-03-30,2026-04-03,600549,0.03253310000000001,0.9231598196392786,-0.09448416751787547,-0.0030738628702757956,
stable_compact_current,w09,2026-03-27,2026-03-30,2026-04-03,300395,0.03253310000000001,0.7077700400801603,-0.004670912951167727,-0.00015195927813163482,
stable_compact_current,w09,2026-03-27,2026-03-30,2026-04-03,300136,0.03253310000000001,0.7077700400801603,-0.012785680038357006,-0.00041595780725587245,
stable_compact_current,w09,2026-03-27,2026-03-30,2026-04-03,002851,0.03253310000000001,0.7077700400801603,-0.06597530864197543,-0.0021463813135802513,
stable_compact_current,w09,2026-03-27,2026-03-30,2026-04-03,002008,0.03253310000000001,0.9231598196392786,0.01590836780146354,0.0005175485205217937,
stable_compact_current,w09,2026-03-27,2026-03-30,2026-04-03,000831,0.03253310000000001,0.7077700400801603,-0.026915113871635588,-0.000875632091097308,
stable_compact_current,w09,2026-03-27,2026-03-30,2026-04-03,000426,0.03253310000000001,0.7077700400801603,-0.01646706586826341,-0.0005357247005988004,
stable_compact_current,w09,2026-03-27,2026-03-30,2026-04-03,000060,0.03253310000000001,0.7077700400801603,-0.024429967426709998,-0.0007947825732898992,
stable_compact_current,w09,2026-03-27,2026-03-30,2026-04-03,688525,0.03253310000000001,0.9231598196392786,-0.11791107382550337,-0.0038360127558724846,
stable_compact_current,w09,2026-03-27,2026-03-30,2026-04-03,000878,0.03253310000000001,0.7077700400801603,-0.057931781266919335,-0.001884700433134814,
stable_compact_current,w09,2026-03-27,2026-03-30,2026-04-03,600498,0.03253310000000001,0.9231598196392786,0.06916050456720324,0.00225000561113528,
stable_compact_current,w09,2026-03-27,2026-03-30,2026-04-03,301308,0.03253310000000001,0.9231598196392786,-0.10767740524325842,-0.003503079792519451,
stable_compact_current,w09,2026-03-27,2026-03-30,2026-04-03,002202,0.03253310000000001,0.9231598196392786,-0.1176684881602914,-0.0038281206921675776,
stable_compact_current,w09,2026-03-27,2026-03-30,2026-04-03,002429,0.03253310000000001,0.9231598196392786,-0.016477857878475777,-0.0005360757981462404,
stable_compact_current,w09,2026-03-27,2026-03-30,2026-04-03,003031,0.03253310000000001,0.9231598196392786,0.13697047496790749,0.0044560741591784326,
stable_compact_current,w09,2026-03-27,2026-03-30,2026-04-03,300454,0.03253310000000001,0.7077700400801603,-0.07920030757401009,-0.0025766315263360284,
stable_compact_current,w09,2026-03-27,2026-03-30,2026-04-03,300054,0.03253310000000001,0.9231598196392786,-0.06255888449218017,-0.0020352344450725473,
stable_compact_current,w09,2026-03-27,2026-03-30,2026-04-03,300383,0.03253310000000001,0.9231598196392786,-0.025966532025389455,-0.0008447717830351979,
stable_compact_current,w09,2026-03-27,2026-03-30,2026-04-03,300757,0.03253310000000001,0.9231598196392786,0.07858243451463798,0.0025565302003081694,
stable_compact_current,w09,2026-03-27,2026-03-30,2026-04-03,002080,0.03175800000000001,0.7077700400801603,-0.008982035928143728,-0.0002852514970059886,
stable_compact_current,w09,2026-03-27,2026-03-30,2026-04-03,002195,0.03175800000000001,0.7077700400801603,-0.058498896247240695,-0.0018578079470198705,
stable_compact_current,w09,2026-03-27,2026-03-30,2026-04-03,002335,0.03175800000000001,0.7077700400801603,-0.0817448050832904,-0.0025960515198351374,
stable_compact_current,w09,2026-03-27,2026-03-30,2026-04-03,002409,0.03175800000000001,0.7077700400801603,-0.06080999879822124,-0.0019312039418339108,
stable_compact_current,w09,2026-03-27,2026-03-30,2026-04-03,000960,0.03175800000000001,0.7077700400801603,-0.06800000000000006,-0.0021595440000000024,
stable_compact_current,w09,2026-03-27,2026-03-30,2026-04-03,002465,0.03175800000000001,0.7077700400801603,-0.029211956521739246,-0.0009277133152173952,
stable_compact_current,w09,2026-03-27,2026-03-30,2026-04-03,002738,0.03175800000000001,0.7077700400801603,-0.011092851273623694,-0.00035228677074774134,
stable_compact_current,w09,2026-03-27,2026-03-30,2026-04-03,300058,0.03175800000000001,0.7077700400801603,-0.06241234221598879,-0.0019820911640953728,
stable_compact_current,w09,2026-03-27,2026-03-30,2026-04-03,300223,0.03175800000000001,0.7077700400801603,-0.057860163772158635,-0.0018375230810762145,
stable_compact_current,w09,2026-03-27,2026-03-30,2026-04-03,300285,0.03175800000000001,0.7077700400801603,-0.003581895148160208,-0.00011375382611527191,
stable_compact_current,w09,2026-03-27,2026-03-30,2026-04-03,002436,0.03175800000000001,0.7077700400801603,-0.050724637681159424,-0.0016109130434782614,
stable_extra_wide_capacity,w09,2026-03-27,2026-03-30,2026-04-03,002432,0.02173913043478261,0.9845691382765531,0.18196386946386944,0.003955736292692815,
stable_extra_wide_capacity,w09,2026-03-27,2026-03-30,2026-04-03,002080,0.02173913043478261,0.8328607214428858,-0.008982035928143728,-0.0001952616506118202,
stable_extra_wide_capacity,w09,2026-03-27,2026-03-30,2026-04-03,688375,0.02173913043478261,0.8484368737474951,0.005261144059690137,0.0001143726969497856,
stable_extra_wide_capacity,w09,2026-03-27,2026-03-30,2026-04-03,688568,0.02173913043478261,0.8484368737474951,-0.03125000000000011,-0.000679347826086959,
stable_extra_wide_capacity,w09,2026-03-27,2026-03-30,2026-04-03,000591,0.02173913043478261,0.8462324649298598,-0.14614121510673228,-0.0031769829371028763,
stable_extra_wide_capacity,w09,2026-03-27,2026-03-30,2026-04-03,002131,0.02173913043478261,0.845180360721443,-0.08010335917312661,-0.0017413773733288395,
stable_extra_wide_capacity,w09,2026-03-27,2026-03-30,2026-04-03,301611,0.02173913043478261,0.8418687374749501,-0.09399979763229782,-0.002043473861571692,
stable_extra_wide_capacity,w09,2026-03-27,2026-03-30,2026-04-03,600549,0.02173913043478261,0.8407414829659319,-0.09448416751787547,-0.0020540036416929453,
stable_extra_wide_capacity,w09,2026-03-27,2026-03-30,2026-04-03,000657,0.02173913043478261,0.8386372745490983,-0.048334018922254085,-0.0010507395417881323,
stable_extra_wide_capacity,w09,2026-03-27,2026-03-30,2026-04-03,601212,0.02173913043478261,0.8369739478957916,-0.036114570361145626,-0.000785099355677079,
stable_extra_wide_capacity,w09,2026-03-27,2026-03-30,2026-04-03,002409,0.02173913043478261,0.8357865731462926,-0.06080999879822124,-0.0013219564956135055,
stable_extra_wide_capacity,w09,2026-03-27,2026-03-30,2026-04-03,688027,0.02173913043478261,0.8307565130260522,-0.044057971014492825,-0.0009577819785759311,
stable_extra_wide_capacity,w09,2026-03-27,2026-03-30,2026-04-03,000539,0.02173913043478261,0.9777004008016033,-0.2305475504322767,-0.005011903270266886,
stable_extra_wide_capacity,w09,2026-03-27,2026-03-30,2026-04-03,600487,0.02173913043478261,0.825120240480962,0.18590398365679262,0.00404139094906071,
stable_extra_wide_capacity,w09,2026-03-27,2026-03-30,2026-04-03,002335,0.02173913043478261,0.8241382765531062,-0.0817448050832904,-0.0017770609800715309,
stable_extra_wide_capacity,w09,2026-03-27,2026-03-30,2026-04-03,300383,0.02173913043478261,0.8191983967935872,-0.025966532025389455,-0.0005644898266389013,
stable_extra_wide_capacity,w09,2026-03-27,2026-03-30,2026-04-03,688387,0.02173913043478261,0.8146442885771544,0.008444757213230014,0.0001835816785484786,
stable_extra_wide_capacity,w09,2026-03-27,2026-03-30,2026-04-03,603979,0.02173913043478261,0.8125400801603206,0.011548556430446277,0.0002510555745749191,
stable_extra_wide_capacity,w09,2026-03-27,2026-03-30,2026-04-03,300001,0.02173913043478261,0.8115080160320641,-0.0797780090183835,-0.0017343045438779024,
stable_extra_wide_capacity,w09,2026-03-27,2026-03-30,2026-04-03,002756,0.02173913043478261,0.8103807615230462,-0.1061445634774042,-0.0023074905103783526,
stable_extra_wide_capacity,w09,2026-03-27,2026-03-30,2026-04-03,000060,0.02173913043478261,0.8092785571142285,-0.024429967426709998,-0.0005310862484067391,
stable_extra_wide_capacity,w09,2026-03-27,2026-03-30,2026-04-03,300724,0.02173913043478261,0.8079258517034069,-0.13802300383397237,-0.003000500083347226,
stable_extra_wide_capacity,w09,2026-03-27,2026-03-30,2026-04-03,000155,0.02173913043478261,0.849559118236473,-0.003712871287128605,-8.071459319844795e-05,
stable_extra_wide_capacity,w09,2026-03-27,2026-03-30,2026-04-03,000960,0.02173913043478261,0.8514879759519038,-0.06800000000000006,-0.001478260869565219,
stable_extra_wide_capacity,w09,2026-03-27,2026-03-30,2026-04-03,300604,0.02173913043478261,0.8515330661322646,-0.06572426679665289,-0.001428788408622889,
stable_extra_wide_capacity,w09,2026-03-27,2026-03-30,2026-04-03,300857,0.02173913043478261,0.8556012024048097,-0.02154483018157871,-0.00046836587351258073,
stable_extra_wide_capacity,w09,2026-03-27,2026-03-30,2026-04-03,002025,0.02173913043478261,0.9662374749498999,-0.05130611606444546,-0.0011153503492270754,
stable_extra_wide_capacity,w09,2026-03-27,2026-03-30,2026-04-03,002008,0.02173913043478261,0.9016833667334669,0.01590836780146354,0.0003458340826405118,
stable_extra_wide_capacity,w09,2026-03-27,2026-03-30,2026-04-03,300757,0.02173913043478261,0.9000200400801603,0.07858243451463798,0.001708313793796478,
stable_extra_wide_capacity,w09,2026-03-27,2026-03-30,2026-04-03,300395,0.02173913043478261,0.8808617234468938,-0.004670912951167727,-0.0001015415858949506,
stable_extra_wide_capacity,w09,2026-03-27,2026-03-30,2026-04-03,300285,0.02173913043478261,0.8802054108216434,-0.003581895148160208,-7.786728582956975e-05,
stable_extra_wide_capacity,w09,2026-03-27,2026-03-30,2026-04-03,601958,0.02173913043478261,0.8794739478957917,-0.01862692921766884,-0.0004049332438623662,
stable_extra_wide_capacity,w09,2026-03-27,2026-03-30,2026-04-03,002202,0.02173913043478261,0.8785270541082164,-0.1176684881602914,-0.0025580106121802482,
stable_extra_wide_capacity,w09,2026-03-27,2026-03-30,2026-04-03,003031,0.02173913043478261,0.8773396793587175,0.13697047496790749,0.0029776190210414675,
stable_extra_wide_capacity,w09,2026-03-27,2026-03-30,2026-04-03,002851,0.02173913043478261,0.8744589178356714,-0.06597530864197543,-0.0014342458400429443,
stable_extra_wide_capacity,w09,2026-03-27,2026-03-30,2026-04-03,002195,0.02173913043478261,0.8727955911823647,-0.058498896247240695,-0.0012717151358095805,
stable_extra_wide_capacity,w09,2026-03-27,2026-03-30,2026-04-03,300223,0.02173913043478261,0.8693987975951905,-0.057860163772158635,-0.00125782964722084,
stable_extra_wide_capacity,w09,2026-03-27,2026-03-30,2026-04-03,300570,0.02173913043478261,0.8691583166332666,-0.048702122262619385,-0.001058741788317813,
stable_extra_wide_capacity,w09,2026-03-27,2026-03-30,2026-04-03,600118,0.02173913043478261,0.8684969939879761,-0.011575562700964714,-0.00025164266741227643,
stable_extra_wide_capacity,w09,2026-03-27,2026-03-30,2026-04-03,600879,0.02173913043478261,0.8684969939879761,-0.030631479736097922,-0.0006659017333934332,
stable_extra_wide_capacity,w09,2026-03-27,2026-03-30,2026-04-03,688629,0.02173913043478261,0.8662925851703408,0.059583829865248905,0.0012953006492445417,
stable_extra_wide_capacity,w09,2026-03-27,2026-03-30,2026-04-03,002738,0.02173913043478261,0.8636673346693386,-0.011092851273623694,-0.0002411489407309499,
stable_extra_wide_capacity,w09,2026-03-27,2026-03-30,2026-04-03,001389,0.02173913043478261,0.8634268537074149,0.017672151127361424,0.00038417719842090056,
stable_extra_wide_capacity,w09,2026-03-27,2026-03-30,2026-04-03,600498,0.02173913043478261,0.8613326653306614,0.06916050456720324,0.0015034892297218097,
stable_extra_wide_capacity,w09,2026-03-27,2026-03-30,2026-04-03,603688,0.02173913043478261,0.856563126252505,-0.005183788878416529,-0.00011269106257427238,
stable_extra_wide_capacity,w09,2026-03-27,2026-03-30,2026-04-03,603920,0.02173913043478261,0.8077855711422846,-0.04031311154598827,-0.0008763719901301798,
stable_medium_capacity,w09,2026-03-27,2026-03-30,2026-04-03,000729,0.01075268817204301,0.9705235470941884,0.06528417818740406,0.0007019804106172479,
stable_medium_capacity,w09,2026-03-27,2026-03-30,2026-04-03,002436,0.01075268817204301,0.7573171342685371,-0.050724637681159424,-0.0005454262116253701,
stable_medium_capacity,w09,2026-03-27,2026-03-30,2026-04-03,601156,0.01075268817204301,0.7305936873747495,-0.02086956521739125,-0.0002244039270687231,
stable_medium_capacity,w09,2026-03-27,2026-03-30,2026-04-03,600998,0.01075268817204301,0.7305936873747495,0.037328094302554016,0.0004013773580919786,
stable_medium_capacity,w09,2026-03-27,2026-03-30,2026-04-03,601001,0.01075268817204301,0.735127755511022,-0.020334928229665095,-0.00021865514225446336,
stable_medium_capacity,w09,2026-03-27,2026-03-30,2026-04-03,600801,0.01075268817204301,0.7390280561122244,0.1289215686274512,0.0013862534261016256,
stable_medium_capacity,w09,2026-03-27,2026-03-30,2026-04-03,601106,0.01075268817204301,0.7416482965931863,-0.023419203747072515,-0.000251819395129812,
stable_medium_capacity,w09,2026-03-27,2026-03-30,2026-04-03,600642,0.01075268817204301,0.7428682364729459,-0.04885993485342033,-0.0005253756435851648,
stable_medium_capacity,w09,2026-03-27,2026-03-30,2026-04-03,688568,0.01075268817204301,0.7509368737474951,-0.03125000000000011,-0.00033602150537634525,
stable_medium_capacity,w09,2026-03-27,2026-03-30,2026-04-03,688375,0.01075268817204301,0.7509368737474951,0.005261144059690137,5.657144150204448e-05,
stable_medium_capacity,w09,2026-03-27,2026-03-30,2026-04-03,000997,0.01075268817204301,0.7540706412825652,-0.028287841191066976,-0.0003041703353878169,
stable_medium_capacity,w09,2026-03-27,2026-03-30,2026-04-03,603688,0.01075268817204301,0.7619288577154308,-0.005183788878416529,-5.573966535931751e-05,
stable_medium_capacity,w09,2026-03-27,2026-03-30,2026-04-03,002851,0.01075268817204301,0.7735395791583166,-0.06597530864197543,-0.0007094119208814561,
stable_medium_capacity,w09,2026-03-27,2026-03-30,2026-04-03,300285,0.01075268817204301,0.7619288577154308,-0.003581895148160208,-3.851500159312051e-05,
stable_medium_capacity,w09,2026-03-27,2026-03-30,2026-04-03,003031,0.01075268817204301,0.7619288577154308,0.13697047496790749,0.001472800806106532,
stable_medium_capacity,w09,2026-03-27,2026-03-30,2026-04-03,002409,0.01075268817204301,0.7619288577154308,-0.06080999879822124,-0.0006538709548195832,
stable_medium_capacity,w09,2026-03-27,2026-03-30,2026-04-03,601139,0.01075268817204301,0.7637675350701403,-0.048913043478260865,-0.0005259467040673211,
stable_medium_capacity,w09,2026-03-27,2026-03-30,2026-04-03,000883,0.01075268817204301,0.7637675350701403,-0.11877394636015326,-0.0012771392081736908,
stable_medium_capacity,w09,2026-03-27,2026-03-30,2026-04-03,002939,0.01075268817204301,0.766993987975952,-0.024553571428571508,-0.00026401689708141404,
stable_medium_capacity,w09,2026-03-27,2026-03-30,2026-04-03,605358,0.01075268817204301,0.7697019038076153,-0.029614119054741317,-0.00031843138768539045,
stable_medium_capacity,w09,2026-03-27,2026-03-30,2026-04-03,688027,0.01075268817204301,0.7735395791583166,-0.044057971014492825,-0.00047374162381175075,
stable_medium_capacity,w09,2026-03-27,2026-03-30,2026-04-03,601958,0.01075268817204301,0.7735395791583166,-0.01862692921766884,-0.00020028956148031011,
stable_medium_capacity,w09,2026-03-27,2026-03-30,2026-04-03,002195,0.01075268817204301,0.7301928857715431,-0.058498896247240695,-0.0006290203897552762,
stable_medium_capacity,w09,2026-03-27,2026-03-30,2026-04-03,002202,0.01075268817204301,0.7301928857715431,-0.1176684881602914,-0.0012652525608633483,
stable_medium_capacity,w09,2026-03-27,2026-03-30,2026-04-03,300757,0.01075268817204301,0.7301928857715431,0.07858243451463798,0.0008449724141358922,
stable_medium_capacity,w09,2026-03-27,2026-03-30,2026-04-03,300857,0.01075268817204301,0.7301928857715431,-0.02154483018157871,-0.00023166484066213666,
stable_medium_capacity,w09,2026-03-27,2026-03-30,2026-04-03,600497,0.01075268817204301,0.6976828657314629,-0.03144654088050314,-0.00033813484817745305,
stable_medium_capacity,w09,2026-03-27,2026-03-30,2026-04-03,300395,0.01075268817204301,0.6976828657314629,-0.004670912951167727,-5.022487044266373e-05,
stable_medium_capacity,w09,2026-03-27,2026-03-30,2026-04-03,300223,0.01075268817204301,0.6976828657314629,-0.057860163772158635,-0.0006221522986253616,
stable_medium_capacity,w09,2026-03-27,2026-03-30,2026-04-03,300054,0.01075268817204301,0.6976828657314629,-0.06255888449218017,-0.0006726761773352706,
stable_medium_capacity,w09,2026-03-27,2026-03-30,2026-04-03,002738,0.01075268817204301,0.6976828657314629,-0.011092851273623694,-0.00011927797068412573,
stable_medium_capacity,w09,2026-03-27,2026-03-30,2026-04-03,002080,0.01075268817204301,0.6976828657314629,-0.008982035928143728,-9.658103148541642e-05,
stable_medium_capacity,w09,2026-03-27,2026-03-30,2026-04-03,600546,0.01075268817204301,0.6979734468937875,-0.06514382402707275,-0.0007004712260975564,
stable_medium_capacity,w09,2026-03-27,2026-03-30,2026-04-03,600583,0.01075268817204301,0.7041658316633266,0.01041666666666674,0.00011200716845878215,
stable_medium_capacity,w09,2026-03-27,2026-03-30,2026-04-03,001286,0.01075268817204301,0.7072620240480961,-0.04159292035398232,-0.0004472357027309927,
stable_medium_capacity,w09,2026-03-27,2026-03-30,2026-04-03,002266,0.01075268817204301,0.7141808617234469,-0.03325415676959609,-0.00035757157816769986,
stable_medium_capacity,w09,2026-03-27,2026-03-30,2026-04-03,605589,0.01075268817204301,0.7150475951903807,0.08389037433155067,0.0009020470358231254,
stable_medium_capacity,w09,2026-03-27,2026-03-30,2026-04-03,000960,0.01075268817204301,0.7184268537074148,-0.06800000000000006,-0.0007311827956989253,
stable_medium_capacity,w09,2026-03-27,2026-03-30,2026-04-03,000426,0.01075268817204301,0.7184268537074148,-0.01646706586826341,-0.00017706522438992912,
stable_medium_capacity,w09,2026-03-27,2026-03-30,2026-04-03,601866,0.01075268817204301,0.7235170340681362,0.032490974729241895,0.00034936531966926765,
stable_medium_capacity,w09,2026-03-27,2026-03-30,2026-04-03,603129,0.01075268817204301,0.7246568136272545,0.05251544571932931,0.000564682212035799,
stable_medium_capacity,w09,2026-03-27,2026-03-30,2026-04-03,600566,0.01075268817204301,0.7271568136272545,0.04096761607491217,0.0004405120008055072,
stable_medium_capacity,w09,2026-03-27,2026-03-30,2026-04-03,688220,0.01075268817204301,0.7282915831663328,-0.0575088967971531,-0.0006183752343779902,
stable_medium_capacity,w09,2026-03-27,2026-03-30,2026-04-03,600208,0.01075268817204301,0.7298396793587174,-0.012618296529968487,-0.0001356806078491235,
stable_medium_capacity,w09,2026-03-27,2026-03-30,2026-04-03,600498,0.01075268817204301,0.7301928857715431,0.06916050456720324,0.0007436613394322929,
stable_medium_capacity,w09,2026-03-27,2026-03-30,2026-04-03,300604,0.01075268817204301,0.7735395791583166,-0.06572426679665289,-0.0007067125462005686,
stable_medium_capacity,w09,2026-03-27,2026-03-30,2026-04-03,002008,0.01075268817204301,0.7735395791583166,0.01590836780146354,0.00017105771829530687,
stable_medium_capacity,w09,2026-03-27,2026-03-30,2026-04-03,002966,0.01075268817204301,0.9705235470941884,-0.005995203836930529,-6.446455738634977e-05,
stable_medium_capacity,w09,2026-03-27,2026-03-30,2026-04-03,603786,0.01075268817204301,0.9235871743486974,-0.01603686635944701,-0.00017243942321986031,
stable_medium_capacity,w09,2026-03-27,2026-03-30,2026-04-03,300001,0.01075268817204301,0.8596067134268537,-0.0797780090183835,-0.0008578280539611129,
stable_medium_capacity,w09,2026-03-27,2026-03-30,2026-04-03,600737,0.01075268817204301,0.8652980961923848,-0.011142061281337101,-0.00011980711055201183,
stable_medium_capacity,w09,2026-03-27,2026-03-30,2026-04-03,600332,0.01075268817204301,0.8652980961923848,0.0030487804878049918,3.278258589037625e-05,
stable_medium_capacity,w09,2026-03-27,2026-03-30,2026-04-03,002517,0.01075268817204301,0.8722645290581161,0.006017505470459428,6.470435989741319e-05,
stable_medium_capacity,w09,2026-03-27,2026-03-30,2026-04-03,300677,0.01075268817204301,0.8750876753507013,0.0818724019519248,0.0008803484080852128,
stable_medium_capacity,w09,2026-03-27,2026-03-30,2026-04-03,002025,0.01075268817204301,0.8750876753507013,-0.05130611606444546,-0.0005516786673596286,
stable_medium_capacity,w09,2026-03-27,2026-03-30,2026-04-03,000539,0.01075268817204301,0.8750876753507013,-0.2305475504322767,-0.002479005918626631,
stable_medium_capacity,w09,2026-03-27,2026-03-30,2026-04-03,002432,0.01075268817204301,0.8820541082164328,0.18196386946386944,0.001956600746923327,
stable_medium_capacity,w09,2026-03-27,2026-03-30,2026-04-03,603979,0.01075268817204301,0.9135245490981964,0.011548556430446277,0.00012417802613383093,
stable_medium_capacity,w09,2026-03-27,2026-03-30,2026-04-03,300679,0.01075268817204301,0.9235871743486974,-0.009677419354838679,-0.00010405827263267396,
stable_medium_capacity,w09,2026-03-27,2026-03-30,2026-04-03,300627,0.01075268817204301,0.774556613226453,-0.0054894784995425105,-5.902665053271516e-05,
stable_medium_capacity,w09,2026-03-27,2026-03-30,2026-04-03,000528,0.01075268817204301,0.9235871743486974,-0.0117647058823529,-0.00012650221378874085,
stable_medium_capacity,w09,2026-03-27,2026-03-30,2026-04-03,600598,0.01075268817204301,0.9302730460921843,-0.008059516429014146,-8.666146697864673e-05,
stable_medium_capacity,w09,2026-03-27,2026-03-30,2026-04-03,600008,0.01075268817204301,0.9302730460921843,-0.04049844236760125,-0.0004354671222322715,
stable_medium_capacity,w09,2026-03-27,2026-03-30,2026-04-03,000088,0.01075268817204301,0.9302730460921843,-0.0065502183406114245,-7.043245527539165e-05,
stable_medium_capacity,w09,2026-03-27,2026-03-30,2026-04-03,603565,0.01075268817204301,0.9511723446893787,0.012422360248447228,0.0001335737661123358,
stable_medium_capacity,w09,2026-03-27,2026-03-30,2026-04-03,603529,0.01075268817204301,0.9705235470941884,-0.06714108910891092,-0.0007219471947194722,
stable_medium_capacity,w09,2026-03-27,2026-03-30,2026-04-03,600901,0.01075268817204301,0.9705235470941884,0.033950617283950546,0.000365060400902694,
stable_medium_capacity,w09,2026-03-27,2026-03-30,2026-04-03,600177,0.01075268817204301,0.9705235470941884,-0.007863695937090354,-8.455587029129411e-05,
stable_medium_capacity,w09,2026-03-27,2026-03-30,2026-04-03,600132,0.01075268817204301,0.9705235470941884,0.006326889279437697,6.803106752083545e-05,
stable_medium_capacity,w09,2026-03-27,2026-03-30,2026-04-03,301301,0.01075268817204301,0.8596067134268537,-0.06483126110124338,-0.0006971103344219717,
stable_medium_capacity,w09,2026-03-27,2026-03-30,2026-04-03,601128,0.01075268817204301,0.8490230460921844,-0.008450704225352101,-9.086778736937743e-05,
stable_medium_capacity,w09,2026-03-27,2026-03-30,2026-04-03,601333,0.01075268817204301,0.8490230460921844,-0.003225806451612967,-3.468609087755878e-05,
stable_medium_capacity,w09,2026-03-27,2026-03-30,2026-04-03,601665,0.01075268817204301,0.8490230460921844,0.005235602094240788,5.629679671226653e-05,
stable_medium_capacity,w09,2026-03-27,2026-03-30,2026-04-03,601577,0.01075268817204301,0.7793587174348697,0.003154574132492094,3.3920151962280576e-05,
stable_medium_capacity,w09,2026-03-27,2026-03-30,2026-04-03,688819,0.01075268817204301,0.7878081162324649,-0.06642728904847406,-0.0007142719252524091,
stable_medium_capacity,w09,2026-03-27,2026-03-30,2026-04-03,601880,0.01075268817204301,0.7878081162324649,-0.041420118343195145,-0.00044537761659349615,
stable_medium_capacity,w09,2026-03-27,2026-03-30,2026-04-03,000657,0.01075268817204301,0.7915480961923848,-0.048334018922254085,-0.0005197206335726245,
stable_medium_capacity,w09,2026-03-27,2026-03-30,2026-04-03,603486,0.01075268817204301,0.7947595190380761,-0.029020752269779515,-0.0003120510996750485,
stable_medium_capacity,w09,2026-03-27,2026-03-30,2026-04-03,601997,0.01075268817204301,0.7968211422845691,-0.0034843205574913716,-3.7465812446143775e-05,
stable_medium_capacity,w09,2026-03-27,2026-03-30,2026-04-03,600511,0.01075268817204301,0.7968211422845691,0.008987210508123011,9.663667213035495e-05,
stable_medium_capacity,w09,2026-03-27,2026-03-30,2026-04-03,300144,0.01075268817204301,0.7968211422845691,-0.02179487179487183,-0.00023435346015991212,
stable_medium_capacity,w09,2026-03-27,2026-03-30,2026-04-03,002958,0.01075268817204301,0.7968211422845691,-0.026058631921824005,-0.00028020034324541937,
stable_medium_capacity,w09,2026-03-27,2026-03-30,2026-04-03,600282,0.01075268817204301,0.8130410821643287,0.01869158878504673,0.00020098482564566376,
stable_medium_capacity,w09,2026-03-27,2026-03-30,2026-04-03,603444,0.01075268817204301,0.8165330661322645,-0.032093775262732493,-0.00034509435766379024,
stable_medium_capacity,w09,2026-03-27,2026-03-30,2026-04-03,603338,0.01075268817204301,0.8165330661322645,-0.028234816169002475,-0.00030360017386024164,
stable_medium_capacity,w09,2026-03-27,2026-03-30,2026-04-03,300002,0.01075268817204301,0.8165330661322645,-0.02111932418162632,-0.00022708950732931526,
stable_medium_capacity,w09,2026-03-27,2026-03-30,2026-04-03,000921,0.01075268817204301,0.8165330661322645,-0.03238866396761131,-0.0003482652039528097,
stable_medium_capacity,w09,2026-03-27,2026-03-30,2026-04-03,000887,0.01075268817204301,0.8165330661322645,-0.03298515667949431,-0.00035467910408058394,
stable_medium_capacity,w09,2026-03-27,2026-03-30,2026-04-03,603939,0.01075268817204301,0.8288326653306612,-0.02863070539419088,-0.0003078570472493643,
stable_medium_capacity,w09,2026-03-27,2026-03-30,2026-04-03,600329,0.01075268817204301,0.8288326653306612,-0.06633348477964562,-0.0007132632772004905,
stable_medium_capacity,w09,2026-03-27,2026-03-30,2026-04-03,000733,0.01075268817204301,0.8331738476953908,-0.03762029746281714,-0.00040451932755717354,
stable_medium_capacity,w09,2026-03-27,2026-03-30,2026-04-03,688266,0.01075268817204301,0.844313627254509,-0.011818452676531921,-0.00012708013630679483,
stable_medium_capacity,w09,2026-03-27,2026-03-30,2026-04-03,600549,0.01075268817204301,0.6976828657314629,-0.09448416751787547,-0.0010159587905147899,
balanced_extra_wide_capacity,w10,2026-04-03,2026-04-07,2026-04-13,000657,0.015625,0.8863476953907816,0.04495353360708876,0.0007023989626107618,
balanced_extra_wide_capacity,w10,2026-04-03,2026-04-07,2026-04-13,002008,0.015625,0.8863476953907816,0.18665831506420294,0.002916536172878171,
balanced_extra_wide_capacity,w10,2026-04-03,2026-04-07,2026-04-13,000032,0.015625,0.7538076152304609,0.05484247374562412,0.0008569136522753769,
balanced_extra_wide_capacity,w10,2026-04-03,2026-04-07,2026-04-13,000034,0.015625,0.7538076152304609,0.09107922645040523,0.0014231129132875817,
balanced_extra_wide_capacity,w10,2026-04-03,2026-04-07,2026-04-13,000050,0.015625,0.7538076152304609,0.0641848523748394,0.0010028883183568656,
balanced_extra_wide_capacity,w10,2026-04-03,2026-04-07,2026-04-13,000060,0.015625,0.7538076152304609,0.06010016694490816,0.00093906510851419,
balanced_extra_wide_capacity,w10,2026-04-03,2026-04-07,2026-04-13,000426,0.015625,0.7538076152304609,0.08371385083713845,0.0013080289193302883,
balanced_extra_wide_capacity,w10,2026-04-03,2026-04-07,2026-04-13,000629,0.015625,0.7538076152304609,0.04672897196261672,0.0007301401869158862,
balanced_extra_wide_capacity,w10,2026-04-03,2026-04-07,2026-04-13,000738,0.015625,0.7538076152304609,0.01978764478764483,0.0003091819498069505,
balanced_extra_wide_capacity,w10,2026-04-03,2026-04-07,2026-04-13,000831,0.015625,0.7538076152304609,0.11063829787234059,0.0017287234042553216,
balanced_extra_wide_capacity,w10,2026-04-03,2026-04-07,2026-04-13,000878,0.015625,0.7538076152304609,0.09137931034482749,0.0014278017241379296,
balanced_extra_wide_capacity,w10,2026-04-03,2026-04-07,2026-04-13,000960,0.015625,0.7538076152304609,0.07725321888412018,0.0012070815450643778,
balanced_extra_wide_capacity,w10,2026-04-03,2026-04-07,2026-04-13,000987,0.015625,0.7538076152304609,0.09713574097135758,0.0015177459526774621,
balanced_extra_wide_capacity,w10,2026-04-03,2026-04-07,2026-04-13,002025,0.015625,0.7538076152304609,0.27551525144270417,0.004304925803792253,
balanced_extra_wide_capacity,w10,2026-04-03,2026-04-07,2026-04-13,002044,0.015625,0.7538076152304609,-0.03308823529411775,-0.0005170036764705899,
balanced_extra_wide_capacity,w10,2026-04-03,2026-04-07,2026-04-13,002080,0.015625,0.7538076152304609,0.2623363544813697,0.004099005538771402,
balanced_extra_wide_capacity,w10,2026-04-03,2026-04-07,2026-04-13,002156,0.015625,0.7538076152304609,0.1293913904007915,0.0020217404750123673,
balanced_extra_wide_capacity,w10,2026-04-03,2026-04-07,2026-04-13,002185,0.015625,0.7538076152304609,0.0880281690140845,0.0013754401408450703,
balanced_extra_wide_capacity,w10,2026-04-03,2026-04-07,2026-04-13,002195,0.015625,0.7538076152304609,0.06799531066822984,0.0010624267291910912,
balanced_extra_wide_capacity,w10,2026-04-03,2026-04-07,2026-04-13,002202,0.015625,0.7538076152304609,-0.003303055326176696,-5.1610239471510874e-05,
balanced_extra_wide_capacity,w10,2026-04-03,2026-04-07,2026-04-13,002281,0.015625,0.7538076152304609,0.2582144042482575,0.004034600066379023,
balanced_extra_wide_capacity,w10,2026-04-03,2026-04-07,2026-04-13,002335,0.015625,0.7538076152304609,0.10641481204413683,0.001662731438189638,
balanced_extra_wide_capacity,w10,2026-04-03,2026-04-07,2026-04-13,002409,0.015625,0.7538076152304609,0.0948176583493281,0.0014815259117082515,
balanced_extra_wide_capacity,w10,2026-04-03,2026-04-07,2026-04-13,002429,0.015625,0.7538076152304609,0.08481675392670152,0.0013252617801047112,
balanced_extra_wide_capacity,w10,2026-04-03,2026-04-07,2026-04-13,002436,0.015625,0.7538076152304609,0.28396946564885517,0.004437022900763362,
balanced_extra_wide_capacity,w10,2026-04-03,2026-04-07,2026-04-13,002465,0.015625,0.7538076152304609,0.05318404478656413,0.0008310006997900646,
balanced_extra_wide_capacity,w10,2026-04-03,2026-04-07,2026-04-13,002624,0.015625,0.7538076152304609,0.015616866215512726,0.00024401353461738634,
balanced_extra_wide_capacity,w10,2026-04-03,2026-04-07,2026-04-13,002738,0.015625,0.7538076152304609,0.14831740756127965,0.0023174594931449945,
balanced_extra_wide_capacity,w10,2026-04-03,2026-04-07,2026-04-13,002851,0.015625,0.7538076152304609,0.10447287723379528,0.0016323887067780513,
balanced_extra_wide_capacity,w10,2026-04-03,2026-04-07,2026-04-13,003031,0.015625,0.7538076152304609,0.17534153776673822,0.0027397115276052847,
balanced_extra_wide_capacity,w10,2026-04-03,2026-04-07,2026-04-13,300003,0.015625,0.7538076152304609,0.010532837670383932,0.00016457558859974894,
balanced_extra_wide_capacity,w10,2026-04-03,2026-04-07,2026-04-13,000021,0.015625,0.7538076152304609,0.10136452241715399,0.001583820662768031,
balanced_extra_wide_capacity,w10,2026-04-03,2026-04-07,2026-04-13,603927,0.015625,0.8329909819639278,0.03913043478260869,0.0006114130434782608,
balanced_extra_wide_capacity,w10,2026-04-03,2026-04-07,2026-04-13,603707,0.015625,0.8329909819639278,0.004136504653567741,6.463288521199595e-05,
balanced_extra_wide_capacity,w10,2026-04-03,2026-04-07,2026-04-13,601333,0.015625,0.8526052104208417,-0.009708737864077555,-0.0001516990291262118,
balanced_extra_wide_capacity,w10,2026-04-03,2026-04-07,2026-04-13,300058,0.015625,0.8863476953907816,0.23709798055347786,0.0037046559461480916,
balanced_extra_wide_capacity,w10,2026-04-03,2026-04-07,2026-04-13,300567,0.015625,0.8863476953907816,0.08940170940170944,0.00139690170940171,
balanced_extra_wide_capacity,w10,2026-04-03,2026-04-07,2026-04-13,300857,0.015625,0.8863476953907816,0.0,0.0,
balanced_extra_wide_capacity,w10,2026-04-03,2026-04-07,2026-04-13,688525,0.015625,0.8863476953907816,0.2166531932093776,0.003385206143896525,
balanced_extra_wide_capacity,w10,2026-04-03,2026-04-07,2026-04-13,002739,0.015625,0.8526052104208417,0.04206098843322814,0.0006572029442691897,
balanced_extra_wide_capacity,w10,2026-04-03,2026-04-07,2026-04-13,002966,0.015625,0.8526052104208417,-0.00603136308805774,-9.424004825090218e-05,
balanced_extra_wide_capacity,w10,2026-04-03,2026-04-07,2026-04-13,600004,0.015625,0.8526052104208417,-0.0022471910112359383,-3.5112359550561537e-05,
balanced_extra_wide_capacity,w10,2026-04-03,2026-04-07,2026-04-13,600177,0.015625,0.8526052104208417,-0.05416116248348746,-0.0008462681638044915,
balanced_extra_wide_capacity,w10,2026-04-03,2026-04-07,2026-04-13,600332,0.015625,0.8526052104208417,-0.012592270950933626,-0.0001967542336083379,
balanced_extra_wide_capacity,w10,2026-04-03,2026-04-07,2026-04-13,600511,0.015625,0.8526052104208417,-0.016443987667009274,-0.0002569373072970199,
balanced_extra_wide_capacity,w10,2026-04-03,2026-04-07,2026-04-13,600566,0.015625,0.8526052104208417,-0.08770614692653678,-0.0013704085457271371,
balanced_extra_wide_capacity,w10,2026-04-03,2026-04-07,2026-04-13,600977,0.015625,0.8526052104208417,0.053665910808767814,0.0008385298563869971,
balanced_extra_wide_capacity,w10,2026-04-03,2026-04-07,2026-04-13,601128,0.015625,0.8526052104208417,-0.0042613636363636465,-6.658380681818198e-05,
balanced_extra_wide_capacity,w10,2026-04-03,2026-04-07,2026-04-13,601577,0.015625,0.8526052104208417,-0.023060796645702153,-0.00036032494758909614,
balanced_extra_wide_capacity,w10,2026-04-03,2026-04-07,2026-04-13,600720,0.015625,0.8329909819639278,-0.0014409221902018654,-2.2514409221904147e-05,
balanced_extra_wide_capacity,w10,2026-04-03,2026-04-07,2026-04-13,601928,0.015625,0.8526052104208417,-0.008205128205128198,-0.0001282051282051281,
balanced_extra_wide_capacity,w10,2026-04-03,2026-04-07,2026-04-13,601997,0.015625,0.8526052104208417,0.0,0.0,
balanced_extra_wide_capacity,w10,2026-04-03,2026-04-07,2026-04-13,603529,0.015625,0.8526052104208417,-0.018905472636815968,-0.0002953980099502495,
balanced_extra_wide_capacity,w10,2026-04-03,2026-04-07,2026-04-13,603589,0.015625,0.8526052104208417,0.011841567986933477,0.00018502449979583557,
balanced_extra_wide_capacity,w10,2026-04-03,2026-04-07,2026-04-13,000785,0.015625,0.8329909819639278,0.042735042735042805,0.0006677350427350438,
balanced_extra_wide_capacity,w10,2026-04-03,2026-04-07,2026-04-13,002439,0.015625,0.8329909819639278,0.12816455696202533,0.002002571202531646,
balanced_extra_wide_capacity,w10,2026-04-03,2026-04-07,2026-04-13,002607,0.015625,0.8329909819639278,0.03515625,0.00054931640625,
balanced_extra_wide_capacity,w10,2026-04-03,2026-04-07,2026-04-13,300070,0.015625,0.8329909819639278,0.04210526315789487,0.0006578947368421073,
balanced_extra_wide_capacity,w10,2026-04-03,2026-04-07,2026-04-13,300529,0.015625,0.8329909819639278,0.008665511265164794,0.0001353986135181999,
balanced_extra_wide_capacity,w10,2026-04-03,2026-04-07,2026-04-13,300601,0.015625,0.8329909819639278,0.014482259232440287,0.00022628530050687948,
balanced_extra_wide_capacity,w10,2026-04-03,2026-04-07,2026-04-13,300679,0.015625,0.8329909819639278,0.2514065738821438,0.003928227716908497,
balanced_extra_wide_capacity,w10,2026-04-03,2026-04-07,2026-04-13,300735,0.015625,0.8329909819639278,0.05876685934489401,0.0009182321772639689,
balanced_extra_wide_capacity,w10,2026-04-03,2026-04-07,2026-04-13,300957,0.015625,0.8329909819639278,-0.0026845637583893245,-4.1946308724833195e-05,
balanced_extra_wide_capacity,w10,2026-04-03,2026-04-07,2026-04-13,300136,0.015625,0.7538076152304609,0.02865468674113636,0.0004477294803302556,
balanced_medium_current,w10,2026-04-03,2026-04-07,2026-04-13,688295,0.020408163265306124,1.0,0.04959008198360326,0.0010120424894612913,
balanced_medium_current,w10,2026-04-03,2026-04-07,2026-04-13,000582,0.020408163265306124,0.5871743486973948,0.023255813953488413,0.0004746084480303758,
balanced_medium_current,w10,2026-04-03,2026-04-07,2026-04-13,000598,0.020408163265306124,0.5871743486973948,-0.004524886877828038,-9.234463015975589e-05,
balanced_medium_current,w10,2026-04-03,2026-04-07,2026-04-13,000623,0.020408163265306124,0.5871743486973948,0.04587155963302725,0.000936154278225046,
balanced_medium_current,w10,2026-04-03,2026-04-07,2026-04-13,000629,0.020408163265306124,0.5871743486973948,0.04672897196261672,0.0009536524890329943,
balanced_medium_current,w10,2026-04-03,2026-04-07,2026-04-13,000683,0.020408163265306124,0.5871743486973948,0.053507728894173434,0.0010919944672280293,
balanced_medium_current,w10,2026-04-03,2026-04-07,2026-04-13,000703,0.020408163265306124,0.5871743486973948,0.18803418803418803,0.0038374324088609807,
balanced_medium_current,w10,2026-04-03,2026-04-07,2026-04-13,000709,0.020408163265306124,0.5871743486973948,0.03508771929824572,0.0007160759040458312,
balanced_medium_current,w10,2026-04-03,2026-04-07,2026-04-13,000723,0.020408163265306124,0.5871743486973948,0.03167420814479627,0.0006464124111182913,
balanced_medium_current,w10,2026-04-03,2026-04-07,2026-04-13,000729,0.020408163265306124,0.5871743486973948,0.0064888248017305195,0.00013242499595368407,
balanced_medium_current,w10,2026-04-03,2026-04-07,2026-04-13,000738,0.020408163265306124,0.5871743486973948,0.01978764478764483,0.0004038294854621394,
balanced_medium_current,w10,2026-04-03,2026-04-07,2026-04-13,000739,0.020408163265306124,0.5871743486973948,-0.0062500000000002,-0.00012755102040816734,
balanced_medium_current,w10,2026-04-03,2026-04-07,2026-04-13,000785,0.020408163265306124,0.5871743486973948,0.042735042735042805,0.000872143729286588,
balanced_medium_current,w10,2026-04-03,2026-04-07,2026-04-13,000830,0.020408163265306124,0.5871743486973948,0.0951760104302477,0.0019423675598009738,
balanced_medium_current,w10,2026-04-03,2026-04-07,2026-04-13,000831,0.020408163265306124,0.5871743486973948,0.11063829787234059,0.002257924446374298,
balanced_medium_current,w10,2026-04-03,2026-04-07,2026-04-13,000878,0.020408163265306124,0.5871743486973948,0.09137931034482749,0.0018648838845883163,
balanced_medium_current,w10,2026-04-03,2026-04-07,2026-04-13,000883,0.020408163265306124,0.5871743486973948,0.006521739130434856,0.00013309671694765015,
balanced_medium_current,w10,2026-04-03,2026-04-07,2026-04-13,000887,0.020408163265306124,0.5871743486973948,0.05628197839681626,0.0011486118040166585,
balanced_medium_current,w10,2026-04-03,2026-04-07,2026-04-13,000893,0.020408163265306124,0.5871743486973948,-0.007296849087893853,-0.00014891528750803784,
balanced_medium_current,w10,2026-04-03,2026-04-07,2026-04-13,000898,0.020408163265306124,0.5871743486973948,0.026086956521739202,0.000532386867790596,
balanced_medium_current,w10,2026-04-03,2026-04-07,2026-04-13,000921,0.020408163265306124,0.5871743486973948,0.021850302185030257,0.00044592453438837263,
balanced_medium_current,w10,2026-04-03,2026-04-07,2026-04-13,000932,0.020408163265306124,0.5871743486973948,0.03434343434343434,0.0007008864151721295,
balanced_medium_current,w10,2026-04-03,2026-04-07,2026-04-13,000933,0.020408163265306124,0.5871743486973948,0.08355006501950579,0.0017051033677450164,
balanced_medium_current,w10,2026-04-03,2026-04-07,2026-04-13,000591,0.020408163265306124,0.5871743486973948,0.023076923076922995,0.00047095761381475503,
balanced_medium_current,w10,2026-04-03,2026-04-07,2026-04-13,000563,0.020408163265306124,0.5871743486973948,0.02102102102102088,0.0004290004290004262,
balanced_medium_current,w10,2026-04-03,2026-04-07,2026-04-13,000657,0.020408163265306124,0.9949899799599199,0.04495353360708876,0.0009174190532058931,
balanced_medium_current,w10,2026-04-03,2026-04-07,2026-04-13,000559,0.020408163265306124,0.5871743486973948,0.091216216216216,0.0018615554329840002,
balanced_medium_current,w10,2026-04-03,2026-04-07,2026-04-13,300058,0.020408163265306124,0.9949899799599199,0.23709798055347786,0.004838734297009753,
balanced_medium_current,w10,2026-04-03,2026-04-07,2026-04-13,300136,0.020408163265306124,0.9949899799599199,0.02865468674113636,0.0005847895253293135,
balanced_medium_current,w10,2026-04-03,2026-04-07,2026-04-13,600118,0.020408163265306124,0.9949899799599199,0.04749512036434611,0.0009692881707009411,
balanced_medium_current,w10,2026-04-03,2026-04-07,2026-04-13,000009,0.020408163265306124,0.5871743486973948,0.06049822064056931,0.0012346575640932514,
balanced_medium_current,w10,2026-04-03,2026-04-07,2026-04-13,000021,0.020408163265306124,0.5871743486973948,0.10136452241715399,0.002068663722799061,
balanced_medium_current,w10,2026-04-03,2026-04-07,2026-04-13,000027,0.020408163265306124,0.5871743486973948,0.015151515151515138,0.0003092145949288804,
balanced_medium_current,w10,2026-04-03,2026-04-07,2026-04-13,000032,0.020408163265306124,0.5871743486973948,0.05484247374562412,0.0011192341580739617,
balanced_medium_current,w10,2026-04-03,2026-04-07,2026-04-13,000034,0.020408163265306124,0.5871743486973948,0.09107922645040523,0.0018587597234776577,
balanced_medium_current,w10,2026-04-03,2026-04-07,2026-04-13,000039,0.020408163265306124,0.5871743486973948,0.1005586592178771,0.0020522175350587164,
balanced_medium_current,w10,2026-04-03,2026-04-07,2026-04-13,000060,0.020408163265306124,0.5871743486973948,0.06010016694490816,0.0012265340192838402,
balanced_medium_current,w10,2026-04-03,2026-04-07,2026-04-13,000062,0.020408163265306124,0.5871743486973948,0.16768416768416783,0.0034221258711054662,
balanced_medium_current,w10,2026-04-03,2026-04-07,2026-04-13,000088,0.020408163265306124,0.5871743486973948,0.00879120879120876,0.00017941242431038286,
balanced_medium_current,w10,2026-04-03,2026-04-07,2026-04-13,000155,0.020408163265306124,0.5871743486973948,0.07453416149068315,0.0015211053365445542,
balanced_medium_current,w10,2026-04-03,2026-04-07,2026-04-13,000400,0.020408163265306124,0.5871743486973948,-0.046451133407655165,-0.0009479823144419422,
balanced_medium_current,w10,2026-04-03,2026-04-07,2026-04-13,000415,0.020408163265306124,0.5871743486973948,0.0278422273781902,0.0005682087220038817,
balanced_medium_current,w10,2026-04-03,2026-04-07,2026-04-13,000426,0.020408163265306124,0.5871743486973948,0.08371385083713845,0.0017084459354518053,
balanced_medium_current,w10,2026-04-03,2026-04-07,2026-04-13,000513,0.020408163265306124,0.5871743486973948,-0.024978216671507347,-0.0005097595239083133,
balanced_medium_current,w10,2026-04-03,2026-04-07,2026-04-13,000519,0.020408163265306124,0.5871743486973948,0.06586102719033238,0.001344102595721069,
balanced_medium_current,w10,2026-04-03,2026-04-07,2026-04-13,000528,0.020408163265306124,0.5871743486973948,0.03896103896103886,0.000795123244102834,
balanced_medium_current,w10,2026-04-03,2026-04-07,2026-04-13,000537,0.020408163265306124,0.5871743486973948,0.026776519052523096,0.0005464595725004714,
balanced_medium_current,w10,2026-04-03,2026-04-07,2026-04-13,000539,0.020408163265306124,0.5871743486973948,0.03745318352059934,0.0007643506840938643,
balanced_medium_current,w10,2026-04-03,2026-04-07,2026-04-13,000937,0.020408163265306124,0.5871743486973948,0.014571948998178597,0.0002973867142485428,
economic_medium_capacity,w10,2026-04-03,2026-04-07,2026-04-13,603688,0.036000000004219955,0.909993987975952,0.19777356702984372,0.007119848413908969,
economic_medium_capacity,w10,2026-04-03,2026-04-07,2026-04-13,000426,0.036000000004219955,0.9091563126252505,0.08371385083713845,0.003013698630490253,
economic_medium_capacity,w10,2026-04-03,2026-04-07,2026-04-13,300679,0.036000000004219955,0.9099839679358718,0.2514065738821438,0.009050636660818102,
economic_medium_capacity,w10,2026-04-03,2026-04-07,2026-04-13,000738,0.036000000004219955,0.9091563126252505,0.01978764478764483,0.0007123552124387169,
economic_medium_capacity,w10,2026-04-03,2026-04-07,2026-04-13,000703,0.036000000004219955,0.9091563126252505,0.18803418803418803,0.006769230770024265,
economic_medium_capacity,w10,2026-04-03,2026-04-07,2026-04-13,000683,0.036000000004219955,0.9091563126252505,0.053507728894173434,0.0019262782404160439,
economic_medium_capacity,w10,2026-04-03,2026-04-07,2026-04-13,000657,0.036000000004219955,0.9091563126252505,0.04495353360708876,0.0016183272100448972,
economic_medium_capacity,w10,2026-04-03,2026-04-07,2026-04-13,000629,0.036000000004219955,0.9091563126252505,0.04672897196261672,0.001682242990851396,
economic_medium_capacity,w10,2026-04-03,2026-04-07,2026-04-13,000400,0.036000000004219955,0.9091563126252505,-0.046451133407655165,-0.0016722408028716077,
economic_medium_capacity,w10,2026-04-03,2026-04-07,2026-04-13,000060,0.036000000004219955,0.9091563126252505,0.06010016694490816,0.002163606010270314,
economic_medium_capacity,w10,2026-04-03,2026-04-07,2026-04-13,000039,0.036000000004219955,0.9091563126252505,0.1005586592178771,0.0036201117322679287,
economic_medium_capacity,w10,2026-04-03,2026-04-07,2026-04-13,000034,0.036000000004219955,0.9091563126252505,0.09107922645040523,0.0032788521525989383,
economic_medium_capacity,w10,2026-04-03,2026-04-07,2026-04-13,000021,0.036000000004219955,0.9091563126252505,0.10136452241715399,0.0036491228074452976,
economic_medium_capacity,w10,2026-04-03,2026-04-07,2026-04-13,603728,0.036000000004219955,0.9099839679358718,0.04297015462064002,0.001546925566524373,
economic_medium_capacity,w10,2026-04-03,2026-04-07,2026-04-13,002195,0.036000000004219955,0.9091563126252505,0.06799531066822984,0.0024478311843432114,
economic_medium_capacity,w10,2026-04-03,2026-04-07,2026-04-13,002131,0.036000000000000004,0.9091563126252505,0.13061797752809,0.004702247191011241,
economic_medium_capacity,w10,2026-04-03,2026-04-07,2026-04-13,002312,0.036000000000000004,0.9091563126252505,0.05758683729433289,0.0020731261425959843,
economic_medium_capacity,w10,2026-04-03,2026-04-07,2026-04-13,002203,0.036000000000000004,0.9091563126252505,0.013962765957446832,0.000502659574468086,
economic_medium_capacity,w10,2026-04-03,2026-04-07,2026-04-13,002202,0.036000000000000004,0.9091563126252505,-0.003303055326176696,-0.00011890999174236107,
economic_medium_capacity,w10,2026-04-03,2026-04-07,2026-04-13,000831,0.036000000000000004,0.9091563126252505,0.11063829787234059,0.003982978723404262,
economic_medium_capacity,w10,2026-04-03,2026-04-07,2026-04-13,000960,0.036000000000000004,0.9091563126252505,0.07725321888412018,0.0027811158798283268,
economic_medium_capacity,w10,2026-04-03,2026-04-07,2026-04-13,000933,0.036000000000000004,0.9091563126252505,0.08355006501950579,0.003007802340702209,
economic_medium_capacity,w10,2026-04-03,2026-04-07,2026-04-13,000893,0.036000000000000004,0.9091563126252505,-0.007296849087893853,-0.0002626865671641787,
economic_medium_capacity,w10,2026-04-03,2026-04-07,2026-04-13,000878,0.036000000000000004,0.9091563126252505,0.09137931034482749,0.00328965517241379,
economic_medium_capacity,w10,2026-04-03,2026-04-07,2026-04-13,000830,0.036000000000000004,0.9091563126252505,0.0951760104302477,0.0034263363754889176,
economic_medium_capacity,w10,2026-04-03,2026-04-07,2026-04-13,002335,0.03333333331223356,0.9091563126252505,0.10641481204413683,0.003547160399225899,
economic_medium_capacity,w10,2026-04-03,2026-04-07,2026-04-13,002402,0.02666666664978681,0.9091563126252505,0.07352941176470607,0.001960784312484329,
economic_medium_capacity,w10,2026-04-03,2026-04-07,2026-04-13,002444,0.019999999987340117,0.9091563126252505,0.017785234899328817,0.00035570469776141737,
economic_medium_capacity,w10,2026-04-03,2026-04-07,2026-04-13,002532,0.013333333324893405,0.9091563126252505,0.04279930595720072,0.0005706574124014532,
economic_medium_capacity,w10,2026-04-03,2026-04-07,2026-04-13,002738,0.0066666666624467024,0.9091563126252505,0.14831740756127965,0.0009887827164493034,
recent_compact_capacity,w10,2026-04-03,2026-04-07,2026-04-13,000733,0.032972380952380954,0.964438877755511,0.053636363636363704,0.0017685186147186171,
recent_compact_capacity,w10,2026-04-03,2026-04-07,2026-04-13,002065,0.032972380952380954,0.9249799599198396,0.06505102040816313,0.002144887026239063,
recent_compact_capacity,w10,2026-04-03,2026-04-07,2026-04-13,605589,0.032972380952380954,0.5591983967935872,0.1566450817144618,0.005164961308606078,
recent_compact_capacity,w10,2026-04-03,2026-04-07,2026-04-13,300757,0.032972380952380954,0.5591983967935872,0.14094470046082952,0.004647282356813694,
recent_compact_capacity,w10,2026-04-03,2026-04-07,2026-04-13,002831,0.032972380952380954,0.5591983967935872,0.058090110512893256,0.0019153692533970263,
recent_compact_capacity,w10,2026-04-03,2026-04-07,2026-04-13,002281,0.032972380952380954,0.5591983967935872,0.2582144042482575,0.00851394370426564,
recent_compact_capacity,w10,2026-04-03,2026-04-07,2026-04-13,002414,0.032972380952380954,0.964438877755511,0.07934014139827172,0.0026160333669995864,
recent_compact_capacity,w10,2026-04-03,2026-04-07,2026-04-13,002939,0.032972380952380954,0.9249799599198396,0.05034324942791746,0.001659936798518029,
recent_compact_capacity,w10,2026-04-03,2026-04-07,2026-04-13,002670,0.032972380952380954,0.9249799599198396,0.06069364161849711,0.00200121387283237,
recent_compact_capacity,w10,2026-04-03,2026-04-07,2026-04-13,002152,0.032972380952380954,0.9249799599198396,0.05013192612137196,0.0016529689659504942,
recent_compact_capacity,w10,2026-04-03,2026-04-07,2026-04-13,300735,0.032972380952380954,0.9249799599198396,0.05876685934489401,0.0019376832736948339,
recent_compact_capacity,w10,2026-04-03,2026-04-07,2026-04-13,000997,0.032972380952380954,0.9249799599198396,0.00306435137895833,0.00010103896103896795,
recent_compact_capacity,w10,2026-04-03,2026-04-07,2026-04-13,000783,0.032972380952380954,0.9249799599198396,0.0676470588235294,0.0022304845938375347,
recent_compact_capacity,w10,2026-04-03,2026-04-07,2026-04-13,300002,0.032972380952380954,0.964438877755511,0.02373247033441217,0.0007825160528073179,
recent_compact_capacity,w10,2026-04-03,2026-04-07,2026-04-13,300679,0.032972380952380954,0.964438877755511,0.2514065738821438,0.008289473327974955,
recent_compact_capacity,w10,2026-04-03,2026-04-07,2026-04-13,600765,0.032972380952380954,0.964438877755511,0.03775959723096278,0.001245023824507774,
recent_compact_capacity,w10,2026-04-03,2026-04-07,2026-04-13,600909,0.032972380952380954,0.964438877755511,0.049632352941176405,0.0016364968487394937,
recent_compact_capacity,w10,2026-04-03,2026-04-07,2026-04-13,688213,0.032972380952380954,0.5591983967935872,0.024814445552232334,0.0008181913518703197,
recent_compact_capacity,w10,2026-04-03,2026-04-07,2026-04-13,688322,0.032972380952380954,0.964438877755511,0.08249047681597266,0.0027199074265197997,
recent_compact_capacity,w10,2026-04-03,2026-04-07,2026-04-13,688692,0.032972380952380954,0.964438877755511,0.09916482672554472,0.0032697004438715085,
recent_compact_capacity,w10,2026-04-03,2026-04-07,2026-04-13,300718,0.032972380952380954,0.9450951903807615,0.057464541599648866,0.0018947427568775652,
recent_compact_capacity,w10,2026-04-03,2026-04-07,2026-04-13,600536,0.030758,0.9249799599198396,0.028658875904284953,0.0008814897050639966,
recent_compact_capacity,w10,2026-04-03,2026-04-07,2026-04-13,601696,0.030758,0.9249799599198396,0.05518394648829417,0.001697347826086952,
recent_compact_capacity,w10,2026-04-03,2026-04-07,2026-04-13,603338,0.030758,0.9249799599198396,0.03532608695652173,0.0010865597826086955,
recent_compact_capacity,w10,2026-04-03,2026-04-07,2026-04-13,600208,0.030758,0.9249799599198396,0.03194888178913735,0.0009826837060702867,
recent_compact_capacity,w10,2026-04-03,2026-04-07,2026-04-13,688728,0.030758,0.9249799599198396,0.025821596244131495,0.0007942206572769965,
recent_compact_capacity,w10,2026-04-03,2026-04-07,2026-04-13,000729,0.030758,0.5591983967935872,0.0064888248017305195,0.00019958327325162733,
recent_compact_capacity,w10,2026-04-03,2026-04-07,2026-04-13,600095,0.030758,0.9249799599198396,0.03854625550660784,0.001185605726872244,
recent_compact_capacity,w10,2026-04-03,2026-04-07,2026-04-13,003031,0.030758,0.5591983967935872,0.17534153776673822,0.005393155018629334,
recent_compact_capacity,w10,2026-04-03,2026-04-07,2026-04-13,600602,0.030758,0.5591983967935872,0.00041000410004099486,1.261090610906092e-05,
recent_compact_capacity,w10,2026-04-03,2026-04-07,2026-04-13,603728,0.030758,0.9249799599198396,0.04297015462064002,0.0013216760158216458,
recent_compact_current,w10,2026-04-03,2026-04-07,2026-04-13,000729,0.027027027027027035,0.9203156312625251,0.0064888248017305195,0.0001753736432900141,
recent_compact_current,w10,2026-04-03,2026-04-07,2026-04-13,000060,0.027027027027027035,0.8062374749498998,0.06010016694490816,0.0016243288363488697,
recent_compact_current,w10,2026-04-03,2026-04-07,2026-04-13,000559,0.027027027027027035,0.8062374749498998,0.091216216216216,0.002465303140978812,
recent_compact_current,w10,2026-04-03,2026-04-07,2026-04-13,000738,0.027027027027027035,0.8062374749498998,0.01978764478764483,0.0005348012104768876,
recent_compact_current,w10,2026-04-03,2026-04-07,2026-04-13,000785,0.027027027027027035,0.8062374749498998,0.042735042735042805,0.0011550011550011572,
recent_compact_current,w10,2026-04-03,2026-04-07,2026-04-13,000878,0.027027027027027035,0.8062374749498998,0.09137931034482749,0.0024697110904007436,
recent_compact_current,w10,2026-04-03,2026-04-07,2026-04-13,000960,0.027027027027027035,0.8062374749498998,0.07725321888412018,0.0020879248347059516,
recent_compact_current,w10,2026-04-03,2026-04-07,2026-04-13,000987,0.027027027027027035,0.8062374749498998,0.09713574097135758,0.0026252902965231786,
recent_compact_current,w10,2026-04-03,2026-04-07,2026-04-13,002044,0.027027027027027035,0.8062374749498998,-0.03308823529411775,-0.0008942766295707503,
recent_compact_current,w10,2026-04-03,2026-04-07,2026-04-13,002130,0.027027027027027035,0.8062374749498998,0.09785932721712531,0.0026448466815439282,
recent_compact_current,w10,2026-04-03,2026-04-07,2026-04-13,002153,0.027027027027027035,0.8062374749498998,0.04885993485342022,0.0013205387798221684,
recent_compact_current,w10,2026-04-03,2026-04-07,2026-04-13,002156,0.027027027027027035,0.8062374749498998,0.1293913904007915,0.0034970646054267984,
recent_compact_current,w10,2026-04-03,2026-04-07,2026-04-13,002185,0.027027027027027035,0.8062374749498998,0.0880281690140845,0.0023791397030833656,
recent_compact_current,w10,2026-04-03,2026-04-07,2026-04-13,002195,0.027027027027027035,0.8062374749498998,0.06799531066822984,0.0018377110991413476,
recent_compact_current,w10,2026-04-03,2026-04-07,2026-04-13,002465,0.027027027027027035,0.8062374749498998,0.05318404478656413,0.0014374066158530851,
recent_compact_current,w10,2026-04-03,2026-04-07,2026-04-13,002517,0.027027027027027035,0.8062374749498998,-0.011963023382272953,-0.00032332495627764745,
recent_compact_current,w10,2026-04-03,2026-04-07,2026-04-13,002558,0.027027027027027035,0.8062374749498998,-0.050602409638554335,-0.0013676326929339014,
recent_compact_current,w10,2026-04-03,2026-04-07,2026-04-13,000426,0.027027027027027035,0.8062374749498998,0.08371385083713845,0.0022625365091118507,
recent_compact_current,w10,2026-04-03,2026-04-07,2026-04-13,600118,0.027027027027027035,0.8779559118236473,0.04749512036434611,0.0012836519017390845,
recent_compact_current,w10,2026-04-03,2026-04-07,2026-04-13,002281,0.027027027027027035,0.9203156312625251,0.2582144042482575,0.0069787676823853395,
recent_compact_current,w10,2026-04-03,2026-04-07,2026-04-13,600566,0.027027027027027035,0.905435871743487,-0.08770614692653678,-0.0023704364034199134,
recent_compact_current,w10,2026-04-03,2026-04-07,2026-04-13,002831,0.027027027027027035,0.9203156312625251,0.058090110512893256,0.0015700029868349534,
recent_compact_current,w10,2026-04-03,2026-04-07,2026-04-13,003031,0.027027027027027035,0.9203156312625251,0.17534153776673822,0.004738960480182116,
recent_compact_current,w10,2026-04-03,2026-04-07,2026-04-13,300757,0.027027027027027035,0.9203156312625251,0.14094470046082952,0.003809316228671069,
recent_compact_current,w10,2026-04-03,2026-04-07,2026-04-13,600602,0.027027027027027035,0.9203156312625251,0.00041000410004099486,1.1081191892999864e-05,
recent_compact_current,w10,2026-04-03,2026-04-07,2026-04-13,605589,0.027027027027027035,0.9203156312625251,0.1566450817144618,0.004233650857147617,
recent_compact_current,w10,2026-04-03,2026-04-07,2026-04-13,688213,0.027027027027027035,0.9203156312625251,0.024814445552232334,0.0006706606906008741,
recent_compact_current,w10,2026-04-03,2026-04-07,2026-04-13,688234,0.027027027027027035,0.9203156312625251,0.03184431667403809,0.000860657207406435,
recent_compact_current,w10,2026-04-03,2026-04-07,2026-04-13,688629,0.027027027027027035,0.9203156312625251,0.07734233065144047,0.002090333260849743,
recent_compact_current,w10,2026-04-03,2026-04-07,2026-04-13,002583,0.027027027027027035,0.905435871743487,0.07022749752720081,0.0018980404737081306,
recent_compact_current,w10,2026-04-03,2026-04-07,2026-04-13,002608,0.027027027027027035,0.905435871743487,0.03065134099616862,0.000828414621518071,
recent_compact_current,w10,2026-04-03,2026-04-07,2026-04-13,002984,0.027027027027027035,0.905435871743487,0.0017241379310346527,4.6598322460396035e-05,
recent_compact_current,w10,2026-04-03,2026-04-07,2026-04-13,300558,0.027027027027027035,0.905435871743487,-0.013128112267994485,-0.00035481384508093215,
recent_compact_current,w10,2026-04-03,2026-04-07,2026-04-13,600171,0.027027027027027035,0.905435871743487,0.050710718401844046,0.0013705599568065963,
recent_compact_current,w10,2026-04-03,2026-04-07,2026-04-13,600483,0.027027027027027035,0.905435871743487,-0.015655577299412915,-0.00042312371079494376,
recent_compact_current,w10,2026-04-03,2026-04-07,2026-04-13,600521,0.027027027027027035,0.905435871743487,-0.0025188916876575096,-6.807815372047325e-05,
recent_compact_current,w10,2026-04-03,2026-04-07,2026-04-13,002683,0.027027027027027035,0.8062374749498998,0.11608093716719914,0.0031373226261405185,
short_aggressive_compact_capacity,w10,2026-04-03,2026-04-07,2026-04-13,600642,0.03225806451612904,0.9828286573146293,-0.007990867579908745,-0.0002577699219325402,
short_aggressive_compact_capacity,w10,2026-04-03,2026-04-07,2026-04-13,002851,0.03225806451612904,0.8814574148296593,0.10447287723379528,0.003370092813993397,
short_aggressive_compact_capacity,w10,2026-04-03,2026-04-07,2026-04-13,688777,0.03225806451612904,0.8814574148296593,0.012499999999999956,0.00040322580645161155,
short_aggressive_compact_capacity,w10,2026-04-03,2026-04-07,2026-04-13,688568,0.03225806451612904,0.8814574148296593,0.03156805244091765,0.0010183242722876663,
short_aggressive_compact_capacity,w10,2026-04-03,2026-04-07,2026-04-13,688375,0.03225806451612904,0.8814574148296593,0.051479684080312005,0.0016606349703326456,
short_aggressive_compact_capacity,w10,2026-04-03,2026-04-07,2026-04-13,688037,0.03225806451612904,0.8814574148296593,0.11530500426153667,0.0037195162665011835,
short_aggressive_compact_capacity,w10,2026-04-03,2026-04-07,2026-04-13,601233,0.03225806451612904,0.8814574148296593,0.07752370329057445,0.0025007646222765956,
short_aggressive_compact_capacity,w10,2026-04-03,2026-04-07,2026-04-13,601212,0.03225806451612904,0.8814574148296593,0.036175710594315236,0.0011669584062682335,
short_aggressive_compact_capacity,w10,2026-04-03,2026-04-07,2026-04-13,601106,0.03225806451612904,0.8814574148296593,0.0023980815347721673,7.735746886361831e-05,
short_aggressive_compact_capacity,w10,2026-04-03,2026-04-07,2026-04-13,600879,0.03225806451612904,0.8814574148296593,0.03986387943607195,0.0012859315947119985,
short_aggressive_compact_capacity,w10,2026-04-03,2026-04-07,2026-04-13,600549,0.03225806451612904,0.8814574148296593,0.09325061101710852,0.00300808422635834,
short_aggressive_compact_capacity,w10,2026-04-03,2026-04-07,2026-04-13,600118,0.03225806451612904,0.8814574148296593,0.04749512036434611,0.001532100656914391,
short_aggressive_compact_capacity,w10,2026-04-03,2026-04-07,2026-04-13,301611,0.03225806451612904,0.8814574148296593,0.03897699352244799,0.0012573223716918708,
short_aggressive_compact_capacity,w10,2026-04-03,2026-04-07,2026-04-13,300017,0.03225806451612904,0.8814574148296593,0.09728096676737152,0.0031380957021732757,
short_aggressive_compact_capacity,w10,2026-04-03,2026-04-07,2026-04-13,003035,0.03225806451612904,0.8814574148296593,0.05972222222222223,0.0019265232974910401,
short_aggressive_compact_capacity,w10,2026-04-03,2026-04-07,2026-04-13,688387,0.03225806451612904,0.8903587174348697,0.03558967201674812,0.0011480539360241332,
short_aggressive_compact_capacity,w10,2026-04-03,2026-04-07,2026-04-13,600998,0.03225806451612904,0.9828286573146293,0.0018939393939394478,6.109481915933704e-05,
short_aggressive_compact_capacity,w10,2026-04-03,2026-04-07,2026-04-13,300751,0.03225806451612904,0.8903587174348697,-0.03140766328803235,-0.001013150428646205,
short_aggressive_compact_capacity,w10,2026-04-03,2026-04-07,2026-04-13,300136,0.03225806451612904,0.8903587174348697,0.02865468674113636,0.0009243447335850441,
short_aggressive_compact_capacity,w10,2026-04-03,2026-04-07,2026-04-13,300058,0.03225806451612904,0.8903587174348697,0.23709798055347786,0.007648321953337997,
short_aggressive_compact_capacity,w10,2026-04-03,2026-04-07,2026-04-13,000657,0.03225806451612904,0.8903587174348697,0.04495353360708876,0.0014501139873254441,
short_aggressive_compact_capacity,w10,2026-04-03,2026-04-07,2026-04-13,688676,0.03225806451612904,0.8913962925851703,0.1563888888888889,0.005044802867383514,
short_aggressive_compact_capacity,w10,2026-04-03,2026-04-07,2026-04-13,688608,0.03225806451612904,0.8913962925851703,0.04231006794317471,0.001364840901392733,
short_aggressive_compact_capacity,w10,2026-04-03,2026-04-07,2026-04-13,603979,0.03225806451612904,0.8913962925851703,0.03736377789309797,0.0012052831578418704,
short_aggressive_compact_capacity,w10,2026-04-03,2026-04-07,2026-04-13,600580,0.03225806451612904,0.8913962925851703,0.07681405895691618,0.0024778728695779417,
short_aggressive_compact_capacity,w10,2026-04-03,2026-04-07,2026-04-13,300458,0.03225806451612904,0.8913962925851703,0.1566043518234752,0.005051753284628233,
short_aggressive_compact_capacity,w10,2026-04-03,2026-04-07,2026-04-13,002558,0.03225806451612904,0.8913962925851703,-0.050602409638554335,-0.0016323357947920756,
short_aggressive_compact_capacity,w10,2026-04-03,2026-04-07,2026-04-13,600511,0.03225806451612904,0.9507184368737476,-0.016443987667009274,-0.0005304512150648154,
short_aggressive_compact_capacity,w10,2026-04-03,2026-04-07,2026-04-13,600008,0.03225806451612904,0.9507184368737476,-0.009740259740259827,-0.0003142019271051558,
short_aggressive_compact_capacity,w10,2026-04-03,2026-04-07,2026-04-13,601665,0.03225806451612904,0.9828286573146293,0.015625,0.0005040322580645162,
short_aggressive_compact_capacity,w10,2026-04-03,2026-04-07,2026-04-13,000426,0.03225806451612904,0.8686242484969939,0.08371385083713845,0.002700446801198015,
short_aggressive_medium_capacity,w10,2026-04-03,2026-04-07,2026-04-13,600642,0.03225806451612904,0.9828286573146293,-0.007990867579908745,-0.0002577699219325402,
short_aggressive_medium_capacity,w10,2026-04-03,2026-04-07,2026-04-13,002851,0.03225806451612904,0.8814574148296593,0.10447287723379528,0.003370092813993397,
short_aggressive_medium_capacity,w10,2026-04-03,2026-04-07,2026-04-13,688777,0.03225806451612904,0.8814574148296593,0.012499999999999956,0.00040322580645161155,
short_aggressive_medium_capacity,w10,2026-04-03,2026-04-07,2026-04-13,688568,0.03225806451612904,0.8814574148296593,0.03156805244091765,0.0010183242722876663,
short_aggressive_medium_capacity,w10,2026-04-03,2026-04-07,2026-04-13,688375,0.03225806451612904,0.8814574148296593,0.051479684080312005,0.0016606349703326456,
short_aggressive_medium_capacity,w10,2026-04-03,2026-04-07,2026-04-13,688037,0.03225806451612904,0.8814574148296593,0.11530500426153667,0.0037195162665011835,
short_aggressive_medium_capacity,w10,2026-04-03,2026-04-07,2026-04-13,601233,0.03225806451612904,0.8814574148296593,0.07752370329057445,0.0025007646222765956,
short_aggressive_medium_capacity,w10,2026-04-03,2026-04-07,2026-04-13,601212,0.03225806451612904,0.8814574148296593,0.036175710594315236,0.0011669584062682335,
short_aggressive_medium_capacity,w10,2026-04-03,2026-04-07,2026-04-13,601106,0.03225806451612904,0.8814574148296593,0.0023980815347721673,7.735746886361831e-05,
short_aggressive_medium_capacity,w10,2026-04-03,2026-04-07,2026-04-13,600879,0.03225806451612904,0.8814574148296593,0.03986387943607195,0.0012859315947119985,
short_aggressive_medium_capacity,w10,2026-04-03,2026-04-07,2026-04-13,600549,0.03225806451612904,0.8814574148296593,0.09325061101710852,0.00300808422635834,
short_aggressive_medium_capacity,w10,2026-04-03,2026-04-07,2026-04-13,600118,0.03225806451612904,0.8814574148296593,0.04749512036434611,0.001532100656914391,
short_aggressive_medium_capacity,w10,2026-04-03,2026-04-07,2026-04-13,301611,0.03225806451612904,0.8814574148296593,0.03897699352244799,0.0012573223716918708,
short_aggressive_medium_capacity,w10,2026-04-03,2026-04-07,2026-04-13,300017,0.03225806451612904,0.8814574148296593,0.09728096676737152,0.0031380957021732757,
short_aggressive_medium_capacity,w10,2026-04-03,2026-04-07,2026-04-13,003035,0.03225806451612904,0.8814574148296593,0.05972222222222223,0.0019265232974910401,
short_aggressive_medium_capacity,w10,2026-04-03,2026-04-07,2026-04-13,688387,0.03225806451612904,0.8903587174348697,0.03558967201674812,0.0011480539360241332,
short_aggressive_medium_capacity,w10,2026-04-03,2026-04-07,2026-04-13,600998,0.03225806451612904,0.9828286573146293,0.0018939393939394478,6.109481915933704e-05,
short_aggressive_medium_capacity,w10,2026-04-03,2026-04-07,2026-04-13,300751,0.03225806451612904,0.8903587174348697,-0.03140766328803235,-0.001013150428646205,
short_aggressive_medium_capacity,w10,2026-04-03,2026-04-07,2026-04-13,300136,0.03225806451612904,0.8903587174348697,0.02865468674113636,0.0009243447335850441,
short_aggressive_medium_capacity,w10,2026-04-03,2026-04-07,2026-04-13,300058,0.03225806451612904,0.8903587174348697,0.23709798055347786,0.007648321953337997,
short_aggressive_medium_capacity,w10,2026-04-03,2026-04-07,2026-04-13,000657,0.03225806451612904,0.8903587174348697,0.04495353360708876,0.0014501139873254441,
short_aggressive_medium_capacity,w10,2026-04-03,2026-04-07,2026-04-13,688676,0.03225806451612904,0.8913962925851703,0.1563888888888889,0.005044802867383514,
short_aggressive_medium_capacity,w10,2026-04-03,2026-04-07,2026-04-13,688608,0.03225806451612904,0.8913962925851703,0.04231006794317471,0.001364840901392733,
short_aggressive_medium_capacity,w10,2026-04-03,2026-04-07,2026-04-13,603979,0.03225806451612904,0.8913962925851703,0.03736377789309797,0.0012052831578418704,
short_aggressive_medium_capacity,w10,2026-04-03,2026-04-07,2026-04-13,600580,0.03225806451612904,0.8913962925851703,0.07681405895691618,0.0024778728695779417,
short_aggressive_medium_capacity,w10,2026-04-03,2026-04-07,2026-04-13,300458,0.03225806451612904,0.8913962925851703,0.1566043518234752,0.005051753284628233,
short_aggressive_medium_capacity,w10,2026-04-03,2026-04-07,2026-04-13,002558,0.03225806451612904,0.8913962925851703,-0.050602409638554335,-0.0016323357947920756,
short_aggressive_medium_capacity,w10,2026-04-03,2026-04-07,2026-04-13,600511,0.03225806451612904,0.9507184368737476,-0.016443987667009274,-0.0005304512150648154,
short_aggressive_medium_capacity,w10,2026-04-03,2026-04-07,2026-04-13,600008,0.03225806451612904,0.9507184368737476,-0.009740259740259827,-0.0003142019271051558,
short_aggressive_medium_capacity,w10,2026-04-03,2026-04-07,2026-04-13,601665,0.03225806451612904,0.9828286573146293,0.015625,0.0005040322580645162,
short_aggressive_medium_capacity,w10,2026-04-03,2026-04-07,2026-04-13,000426,0.03225806451612904,0.8686242484969939,0.08371385083713845,0.002700446801198015,
short_aggressive_wide_capacity,w10,2026-04-03,2026-04-07,2026-04-13,000021,0.036000000004219955,0.9357009018036072,0.10136452241715399,0.0036491228074452976,
short_aggressive_wide_capacity,w10,2026-04-03,2026-04-07,2026-04-13,300136,0.036000000004219955,0.9357009018036072,0.02865468674113636,0.0010315687228018304,
short_aggressive_wide_capacity,w10,2026-04-03,2026-04-07,2026-04-13,001389,0.036000000004219955,0.9357009018036072,0.12917023096663804,0.004650128315344062,
short_aggressive_wide_capacity,w10,2026-04-03,2026-04-07,2026-04-13,300751,0.036000000004219955,0.9357009018036072,-0.03140766328803235,-0.0011306758785017035,
short_aggressive_wide_capacity,w10,2026-04-03,2026-04-07,2026-04-13,300570,0.036000000004219955,0.9357009018036072,0.21411430095102646,0.007708114835140506,
short_aggressive_wide_capacity,w10,2026-04-03,2026-04-07,2026-04-13,300395,0.036000000004219955,0.9357009018036072,0.16147610921501698,0.005813139932422033,
short_aggressive_wide_capacity,w10,2026-04-03,2026-04-07,2026-04-13,300383,0.036000000004219955,0.9357009018036072,0.042654028436019065,0.0015355450238766844,
short_aggressive_wide_capacity,w10,2026-04-03,2026-04-07,2026-04-13,300223,0.036000000004219955,0.9357009018036072,0.07153772683858639,0.002575358166490996,
short_aggressive_wide_capacity,w10,2026-04-03,2026-04-07,2026-04-13,300058,0.036000000004219955,0.9357009018036072,0.23709798055347786,0.008535527300925745,
short_aggressive_wide_capacity,w10,2026-04-03,2026-04-07,2026-04-13,002335,0.036000000004219955,0.9357009018036072,0.10641481204413683,0.0038309332340379916,
short_aggressive_wide_capacity,w10,2026-04-03,2026-04-07,2026-04-13,002281,0.036000000004219955,0.9357009018036072,0.2582144042482575,0.009295718554026923,
short_aggressive_wide_capacity,w10,2026-04-03,2026-04-07,2026-04-13,002202,0.036000000004219955,0.9357009018036072,-0.003303055326176696,-0.0001189099917562998,
short_aggressive_wide_capacity,w10,2026-04-03,2026-04-07,2026-04-13,002195,0.036000000004219955,0.9357009018036072,0.06799531066822984,0.0024478311843432114,
short_aggressive_wide_capacity,w10,2026-04-03,2026-04-07,2026-04-13,002025,0.036000000004219955,0.9357009018036072,0.27551525144270417,0.009918549053100013,
short_aggressive_wide_capacity,w10,2026-04-03,2026-04-07,2026-04-13,000537,0.036000000004219955,0.800879759519038,0.026776519052523096,0.0009639546860038271,
short_aggressive_wide_capacity,w10,2026-04-03,2026-04-07,2026-04-13,688629,0.036000000000000004,0.9357009018036072,0.07734233065144047,0.002784323903451857,
short_aggressive_wide_capacity,w10,2026-04-03,2026-04-07,2026-04-13,002130,0.036000000000000004,0.800879759519038,0.09785932721712531,0.0035229357798165118,
short_aggressive_wide_capacity,w10,2026-04-03,2026-04-07,2026-04-13,001696,0.036000000000000004,0.800879759519038,0.014586709886547755,0.0005251215559157192,
short_aggressive_wide_capacity,w10,2026-04-03,2026-04-07,2026-04-13,000591,0.036000000000000004,0.800879759519038,0.023076923076922995,0.0008307692307692279,
short_aggressive_wide_capacity,w10,2026-04-03,2026-04-07,2026-04-13,301308,0.036000000000000004,0.9357009018036072,0.24137689533214268,0.008689568231957137,
short_aggressive_wide_capacity,w10,2026-04-03,2026-04-07,2026-04-13,688525,0.036000000000000004,0.9357009018036072,0.2166531932093776,0.007799514955537594,
short_aggressive_wide_capacity,w10,2026-04-03,2026-04-07,2026-04-13,600498,0.036000000000000004,0.9357009018036072,0.02054515866558182,0.0007396257119609455,
short_aggressive_wide_capacity,w10,2026-04-03,2026-04-07,2026-04-13,600487,0.036000000000000004,0.9357009018036072,-0.07855297157622732,-0.0028279069767441836,
short_aggressive_wide_capacity,w10,2026-04-03,2026-04-07,2026-04-13,301611,0.036000000000000004,0.9357009018036072,0.03897699352244799,0.0014031717668081278,
short_aggressive_wide_capacity,w10,2026-04-03,2026-04-07,2026-04-13,300757,0.036000000000000004,0.9357009018036072,0.14094470046082952,0.005074009216589863,
short_aggressive_wide_capacity,w10,2026-04-03,2026-04-07,2026-04-13,002261,0.03333333331223356,0.800879759519038,0.07208817396484957,0.002402939130640608,
short_aggressive_wide_capacity,w10,2026-04-03,2026-04-07,2026-04-13,002756,0.02666666664978681,0.800879759519038,0.045874087339853986,0.0012233089949550916,
short_aggressive_wide_capacity,w10,2026-04-03,2026-04-07,2026-04-13,300017,0.019999999987340117,0.800879759519038,0.09728096676737152,0.0019456193341158647,
short_aggressive_wide_capacity,w10,2026-04-03,2026-04-07,2026-04-13,300140,0.013333333324893405,0.800879759519038,0.017656500802568198,0.0002354200105518897,
short_aggressive_wide_capacity,w10,2026-04-03,2026-04-07,2026-04-13,300390,0.0066666666624467024,0.800879759519038,0.3791917454858127,0.0025279449683052423,
stable_compact_capacity,w10,2026-04-03,2026-04-07,2026-04-13,002831,0.030303030303030304,0.9897194388777555,0.058090110512893256,0.0017603063791785836,
stable_compact_capacity,w10,2026-04-03,2026-04-07,2026-04-13,002851,0.030303030303030304,0.9436613226452905,0.10447287723379528,0.003165844764660463,
stable_compact_capacity,w10,2026-04-03,2026-04-07,2026-04-13,002156,0.030303030303030304,0.9368276553106212,0.1293913904007915,0.003920951224266409,
stable_compact_capacity,w10,2026-04-03,2026-04-07,2026-04-13,000960,0.030303030303030304,0.9368276553106212,0.07725321888412018,0.0023410066328521267,
stable_compact_capacity,w10,2026-04-03,2026-04-07,2026-04-13,000060,0.030303030303030304,0.9368276553106212,0.06010016694490816,0.0018212171801487323,
stable_compact_capacity,w10,2026-04-03,2026-04-07,2026-04-13,688220,0.030303030303030304,0.9399358717434869,0.11085938679957708,0.003359375357562942,
stable_compact_capacity,w10,2026-04-03,2026-04-07,2026-04-13,603688,0.030303030303030304,0.9436613226452905,0.19777356702984372,0.005993138394843749,
stable_compact_capacity,w10,2026-04-03,2026-04-07,2026-04-13,601958,0.030303030303030304,0.9436613226452905,0.0249457700650757,0.0007559324262144152,
stable_compact_capacity,w10,2026-04-03,2026-04-07,2026-04-13,601106,0.030303030303030304,0.9436613226452905,0.0023980815347721673,7.26691374173384e-05,
stable_compact_capacity,w10,2026-04-03,2026-04-07,2026-04-13,600549,0.030303030303030304,0.9436613226452905,0.09325061101710852,0.002825776091427531,
stable_compact_capacity,w10,2026-04-03,2026-04-07,2026-04-13,300604,0.030303030303030304,0.9436613226452905,0.1764347826086956,0.005346508563899867,
stable_compact_capacity,w10,2026-04-03,2026-04-07,2026-04-13,300567,0.030303030303030304,0.9436613226452905,0.08940170940170944,0.00270914270914271,
stable_compact_capacity,w10,2026-04-03,2026-04-07,2026-04-13,300395,0.030303030303030304,0.9436613226452905,0.16147610921501698,0.004893215430758091,
stable_compact_capacity,w10,2026-04-03,2026-04-07,2026-04-13,300285,0.030303030303030304,0.9436613226452905,0.11862745098039196,0.0035947712418300595,
stable_compact_capacity,w10,2026-04-03,2026-04-07,2026-04-13,300054,0.030303030303030304,0.9436613226452905,0.038793969849246324,0.0011755748439165553,
stable_compact_capacity,w10,2026-04-03,2026-04-07,2026-04-13,003031,0.030303030303030304,0.9436613226452905,0.17534153776673822,0.005313379932325401,
stable_compact_capacity,w10,2026-04-03,2026-04-07,2026-04-13,002429,0.030303030303030304,0.9436613226452905,0.08481675392670152,0.0025702046644455003,
stable_compact_capacity,w10,2026-04-03,2026-04-07,2026-04-13,600487,0.030303030303030304,0.9897194388777555,-0.07855297157622732,-0.0023803930780674945,
stable_compact_capacity,w10,2026-04-03,2026-04-07,2026-04-13,002202,0.030303030303030304,0.9436613226452905,-0.003303055326176696,-0.00010009258564171807,
stable_compact_capacity,w10,2026-04-03,2026-04-07,2026-04-13,002080,0.030303030303030304,0.9436613226452905,0.2623363544813697,0.007949586499435446,
stable_compact_capacity,w10,2026-04-03,2026-04-07,2026-04-13,002025,0.030303030303030304,0.9436613226452905,0.27551525144270417,0.008348947013415278,
stable_compact_capacity,w10,2026-04-03,2026-04-07,2026-04-13,002008,0.030303030303030304,0.9436613226452905,0.18665831506420294,0.00565631257770312,
stable_compact_capacity,w10,2026-04-03,2026-04-07,2026-04-13,000657,0.030303030303030304,0.9436613226452905,0.04495353360708876,0.0013622282911239017,
stable_compact_capacity,w10,2026-04-03,2026-04-07,2026-04-13,688347,0.030303030303030304,0.9483346693386773,0.10809049436737728,0.00327546952628416,
stable_compact_capacity,w10,2026-04-03,2026-04-07,2026-04-13,688027,0.030303030303030304,0.9483346693386773,0.040554881746513116,0.0012289358105003975,
stable_compact_capacity,w10,2026-04-03,2026-04-07,2026-04-13,300223,0.030303030303030304,0.9483346693386773,0.07153772683858639,0.0021678099041995877,
stable_compact_capacity,w10,2026-04-03,2026-04-07,2026-04-13,002409,0.030303030303030304,0.9483346693386773,0.0948176583493281,0.0028732623742220636,
stable_compact_capacity,w10,2026-04-03,2026-04-07,2026-04-13,002335,0.030303030303030304,0.9483346693386773,0.10641481204413683,0.0032246912740647527,
stable_compact_capacity,w10,2026-04-03,2026-04-07,2026-04-13,002185,0.030303030303030304,0.9483346693386773,0.0880281690140845,0.002667520273154076,
stable_compact_capacity,w10,2026-04-03,2026-04-07,2026-04-13,000426,0.030303030303030304,0.9483346693386773,0.08371385083713845,0.002536783358701165,
stable_compact_capacity,w10,2026-04-03,2026-04-07,2026-04-13,605589,0.030303030303030304,0.9897194388777555,0.1566450817144618,0.004746820658013994,
stable_compact_capacity,w10,2026-04-03,2026-04-07,2026-04-13,600602,0.030303030303030304,0.9897194388777555,0.00041000410004099486,1.2424366667908936e-05,
stable_compact_capacity,w10,2026-04-03,2026-04-07,2026-04-13,300627,0.030303030303030304,0.9368276553106212,0.02913216804661145,0.000882792971109438,
stable_compact_current,w10,2026-04-03,2026-04-07,2026-04-13,000060,0.03253310000000001,0.7799278557114229,0.06010016694490816,0.001955244741235392,
stable_compact_current,w10,2026-04-03,2026-04-07,2026-04-13,002185,0.03253310000000001,0.7799278557114229,0.0880281690140845,0.0028638292253521133,
stable_compact_current,w10,2026-04-03,2026-04-07,2026-04-13,300604,0.03253310000000001,0.7799278557114229,0.1764347826086956,0.005739970426086957,
stable_compact_current,w10,2026-04-03,2026-04-07,2026-04-13,300395,0.03253310000000001,0.7799278557114229,0.16147610921501698,0.00525331840870307,
stable_compact_current,w10,2026-04-03,2026-04-07,2026-04-13,300285,0.03253310000000001,0.7799278557114229,0.11862745098039196,0.0038593187254901905,
stable_compact_current,w10,2026-04-03,2026-04-07,2026-04-13,000426,0.03253310000000001,0.7799278557114229,0.08371385083713845,0.0027234710806697095,
stable_compact_current,w10,2026-04-03,2026-04-07,2026-04-13,002409,0.03253310000000001,0.7799278557114229,0.0948176583493281,0.003084712360844527,
stable_compact_current,w10,2026-04-03,2026-04-07,2026-04-13,002335,0.03253310000000001,0.7799278557114229,0.10641481204413683,0.003462003721713109,
stable_compact_current,w10,2026-04-03,2026-04-07,2026-04-13,002202,0.03253310000000001,0.7799278557114229,-0.003303055326176696,-0.0001074586292320391,
stable_compact_current,w10,2026-04-03,2026-04-07,2026-04-13,002195,0.03253310000000001,0.7799278557114229,0.06799531066822984,0.0022120982415005886,
stable_compact_current,w10,2026-04-03,2026-04-07,2026-04-13,002429,0.03253310000000001,0.7799278557114229,0.08481675392670152,0.002759351937172774,
stable_compact_current,w10,2026-04-03,2026-04-07,2026-04-13,002156,0.03253310000000001,0.7799278557114229,0.1293913904007915,0.004209503043047991,
stable_compact_current,w10,2026-04-03,2026-04-07,2026-04-13,002080,0.03253310000000001,0.7799278557114229,0.2623363544813697,0.008534614853977851,
stable_compact_current,w10,2026-04-03,2026-04-07,2026-04-13,000657,0.03253310000000001,0.7799278557114229,0.04495353360708876,0.0014624778041927796,
stable_compact_current,w10,2026-04-03,2026-04-07,2026-04-13,000831,0.03253310000000001,0.7799278557114229,0.11063829787234059,0.0035994068085106446,
stable_compact_current,w10,2026-04-03,2026-04-07,2026-04-13,000878,0.03253310000000001,0.7799278557114229,0.09137931034482749,0.0029728522413793083,
stable_compact_current,w10,2026-04-03,2026-04-07,2026-04-13,300627,0.03253310000000001,0.7799278557114229,0.02913216804661145,0.0009477597362772153,
stable_compact_current,w10,2026-04-03,2026-04-07,2026-04-13,000960,0.03253310000000001,0.7799278557114229,0.07725321888412018,0.0025132866952789707,
stable_compact_current,w10,2026-04-03,2026-04-07,2026-04-13,002008,0.03253310000000001,0.7799278557114229,0.18665831506420294,0.006072573629815222,
stable_compact_current,w10,2026-04-03,2026-04-07,2026-04-13,002025,0.03253310000000001,0.7799278557114229,0.27551525144270417,0.00896336522671064,
stable_compact_current,w10,2026-04-03,2026-04-07,2026-04-13,002465,0.03175800000000001,0.7799278557114229,0.05318404478656413,0.0016890188943317042,
stable_compact_current,w10,2026-04-03,2026-04-07,2026-04-13,002851,0.03175800000000001,0.7799278557114229,0.10447287723379528,0.0033178496351908716,
stable_compact_current,w10,2026-04-03,2026-04-07,2026-04-13,003031,0.03175800000000001,0.7799278557114229,0.17534153776673822,0.005568496556396074,
stable_compact_current,w10,2026-04-03,2026-04-07,2026-04-13,300054,0.03175800000000001,0.7799278557114229,0.038793969849246324,0.001232018894472365,
stable_compact_current,w10,2026-04-03,2026-04-07,2026-04-13,002436,0.03175800000000001,0.7799278557114229,0.28396946564885517,0.009018302290076345,
stable_compact_current,w10,2026-04-03,2026-04-07,2026-04-13,300136,0.03175800000000001,0.7799278557114229,0.02865468674113636,0.0009100155415250088,
stable_compact_current,w10,2026-04-03,2026-04-07,2026-04-13,300223,0.03175800000000001,0.7799278557114229,0.07153772683858639,0.002271895128939827,
stable_compact_current,w10,2026-04-03,2026-04-07,2026-04-13,300383,0.03175800000000001,0.7799278557114229,0.042654028436019065,0.0013546066350710938,
stable_compact_current,w10,2026-04-03,2026-04-07,2026-04-13,300454,0.03175800000000001,0.7799278557114229,0.11576200417536531,0.0036763697286012523,
stable_compact_current,w10,2026-04-03,2026-04-07,2026-04-13,300567,0.03175800000000001,0.7799278557114229,0.08940170940170944,0.002839219487179489,
stable_compact_current,w10,2026-04-03,2026-04-07,2026-04-13,300058,0.03175800000000001,0.7799278557114229,0.23709798055347786,0.007529757666417352,
stable_extra_wide_capacity,w10,2026-04-03,2026-04-07,2026-04-13,000060,0.02173913043478261,0.7403557114228457,0.06010016694490816,0.0013065253683675689,
stable_extra_wide_capacity,w10,2026-04-03,2026-04-07,2026-04-13,301308,0.02173913043478261,0.7403557114228457,0.24137689533214268,0.00524732381156832,
stable_extra_wide_capacity,w10,2026-04-03,2026-04-07,2026-04-13,300383,0.02173913043478261,0.7403557114228457,0.042654028436019065,0.000927261487739545,
stable_extra_wide_capacity,w10,2026-04-03,2026-04-07,2026-04-13,300395,0.02173913043478261,0.7403557114228457,0.16147610921501698,0.0035103502003264566,
stable_extra_wide_capacity,w10,2026-04-03,2026-04-07,2026-04-13,300454,0.02173913043478261,0.7403557114228457,0.11576200417536531,0.0025165653081601156,
stable_extra_wide_capacity,w10,2026-04-03,2026-04-07,2026-04-13,300567,0.02173913043478261,0.7403557114228457,0.08940170940170944,0.0019435154217762923,
stable_extra_wide_capacity,w10,2026-04-03,2026-04-07,2026-04-13,300604,0.02173913043478261,0.7403557114228457,0.1764347826086956,0.0038355387523629483,
stable_extra_wide_capacity,w10,2026-04-03,2026-04-07,2026-04-13,300627,0.02173913043478261,0.7403557114228457,0.02913216804661145,0.0006333080010132925,
stable_extra_wide_capacity,w10,2026-04-03,2026-04-07,2026-04-13,300748,0.02173913043478261,0.7403557114228457,0.07919815971081179,0.0017216991241480826,
stable_extra_wide_capacity,w10,2026-04-03,2026-04-07,2026-04-13,300757,0.02173913043478261,0.7403557114228457,0.14094470046082952,0.0030640152274093377,
stable_extra_wide_capacity,w10,2026-04-03,2026-04-07,2026-04-13,300857,0.02173913043478261,0.7403557114228457,0.0,0.0,
stable_extra_wide_capacity,w10,2026-04-03,2026-04-07,2026-04-13,301611,0.02173913043478261,0.7403557114228457,0.03897699352244799,0.0008473259461401738,
stable_extra_wide_capacity,w10,2026-04-03,2026-04-07,2026-04-13,000426,0.02173913043478261,0.7403557114228457,0.08371385083713845,0.0018198663225464883,
stable_extra_wide_capacity,w10,2026-04-03,2026-04-07,2026-04-13,600363,0.02173913043478261,0.7403557114228457,0.04542689109714049,0.000987541110807402,
stable_extra_wide_capacity,w10,2026-04-03,2026-04-07,2026-04-13,600392,0.02173913043478261,0.7403557114228457,0.13288888888888883,0.002888888888888888,
stable_extra_wide_capacity,w10,2026-04-03,2026-04-07,2026-04-13,600497,0.02173913043478261,0.7403557114228457,0.08311688311688314,0.0018068887634105034,
stable_extra_wide_capacity,w10,2026-04-03,2026-04-07,2026-04-13,600498,0.02173913043478261,0.7403557114228457,0.02054515866558182,0.00044663388403438746,
stable_extra_wide_capacity,w10,2026-04-03,2026-04-07,2026-04-13,600549,0.02173913043478261,0.7403557114228457,0.09325061101710852,0.0020271871960240986,
stable_extra_wide_capacity,w10,2026-04-03,2026-04-07,2026-04-13,600879,0.02173913043478261,0.7403557114228457,0.03986387943607195,0.0008666060746972163,
stable_extra_wide_capacity,w10,2026-04-03,2026-04-07,2026-04-13,601106,0.02173913043478261,0.7403557114228457,0.0023980815347721673,5.2132207277655816e-05,
stable_extra_wide_capacity,w10,2026-04-03,2026-04-07,2026-04-13,601168,0.02173913043478261,0.7403557114228457,0.07008613938919339,0.0015236117258520304,
stable_extra_wide_capacity,w10,2026-04-03,2026-04-07,2026-04-13,601212,0.02173913043478261,0.7403557114228457,0.036175710594315236,0.0007864284911807661,
stable_extra_wide_capacity,w10,2026-04-03,2026-04-07,2026-04-13,300285,0.02173913043478261,0.7403557114228457,0.11862745098039196,0.002578857630008521,
stable_extra_wide_capacity,w10,2026-04-03,2026-04-07,2026-04-13,300223,0.02173913043478261,0.7403557114228457,0.07153772683858639,0.0015551679747518783,
stable_extra_wide_capacity,w10,2026-04-03,2026-04-07,2026-04-13,300136,0.02173913043478261,0.7403557114228457,0.02865468674113636,0.0006229279726333992,
stable_extra_wide_capacity,w10,2026-04-03,2026-04-07,2026-04-13,300058,0.02173913043478261,0.7403557114228457,0.23709798055347786,0.005154303925075606,
stable_extra_wide_capacity,w10,2026-04-03,2026-04-07,2026-04-13,000657,0.02173913043478261,0.7403557114228457,0.04495353360708876,0.000977250730588886,
stable_extra_wide_capacity,w10,2026-04-03,2026-04-07,2026-04-13,000831,0.02173913043478261,0.7403557114228457,0.11063829787234059,0.0024051803885291436,
stable_extra_wide_capacity,w10,2026-04-03,2026-04-07,2026-04-13,000878,0.02173913043478261,0.7403557114228457,0.09137931034482749,0.001986506746626685,
stable_extra_wide_capacity,w10,2026-04-03,2026-04-07,2026-04-13,000960,0.02173913043478261,0.7403557114228457,0.07725321888412018,0.0016794178018286997,
stable_extra_wide_capacity,w10,2026-04-03,2026-04-07,2026-04-13,002008,0.02173913043478261,0.7403557114228457,0.18665831506420294,0.004057789457917456,
stable_extra_wide_capacity,w10,2026-04-03,2026-04-07,2026-04-13,002025,0.02173913043478261,0.7403557114228457,0.27551525144270417,0.005989461987884874,
stable_extra_wide_capacity,w10,2026-04-03,2026-04-07,2026-04-13,002080,0.02173913043478261,0.7403557114228457,0.2623363544813697,0.005702964227855864,
stable_extra_wide_capacity,w10,2026-04-03,2026-04-07,2026-04-13,002156,0.02173913043478261,0.7403557114228457,0.1293913904007915,0.0028128563130606853,
stable_extra_wide_capacity,w10,2026-04-03,2026-04-07,2026-04-13,002185,0.02173913043478261,0.7403557114228457,0.0880281690140845,0.001913655848132272,
stable_extra_wide_capacity,w10,2026-04-03,2026-04-07,2026-04-13,002195,0.02173913043478261,0.7403557114228457,0.06799531066822984,0.001478158927570214,
stable_extra_wide_capacity,w10,2026-04-03,2026-04-07,2026-04-13,002202,0.02173913043478261,0.7403557114228457,-0.003303055326176696,-7.180555056905861e-05,
stable_extra_wide_capacity,w10,2026-04-03,2026-04-07,2026-04-13,002335,0.02173913043478261,0.7403557114228457,0.10641481204413683,0.002313365479220366,
stable_extra_wide_capacity,w10,2026-04-03,2026-04-07,2026-04-13,002409,0.02173913043478261,0.7403557114228457,0.0948176583493281,0.002061253442376698,
stable_extra_wide_capacity,w10,2026-04-03,2026-04-07,2026-04-13,002429,0.02173913043478261,0.7403557114228457,0.08481675392670152,0.0018438424766674245,
stable_extra_wide_capacity,w10,2026-04-03,2026-04-07,2026-04-13,002436,0.02173913043478261,0.7403557114228457,0.28396946564885517,0.006173249253235983,
stable_extra_wide_capacity,w10,2026-04-03,2026-04-07,2026-04-13,002465,0.02173913043478261,0.7403557114228457,0.05318404478656413,0.0011561748866644379,
stable_extra_wide_capacity,w10,2026-04-03,2026-04-07,2026-04-13,002851,0.02173913043478261,0.7403557114228457,0.10447287723379528,0.0022711495050825063,
stable_extra_wide_capacity,w10,2026-04-03,2026-04-07,2026-04-13,003031,0.02173913043478261,0.7403557114228457,0.17534153776673822,0.0038117725601464836,
stable_extra_wide_capacity,w10,2026-04-03,2026-04-07,2026-04-13,300054,0.02173913043478261,0.7403557114228457,0.038793969849246324,0.0008433471706357897,
stable_extra_wide_capacity,w10,2026-04-03,2026-04-07,2026-04-13,601958,0.02173913043478261,0.7403557114228457,0.0249457700650757,0.0005422993492407762,
stable_medium_capacity,w10,2026-04-03,2026-04-07,2026-04-13,601699,0.01075268817204301,0.9440956913827655,0.03908045977011487,0.00042021999752811685,
stable_medium_capacity,w10,2026-04-03,2026-04-07,2026-04-13,688387,0.01075268817204301,0.8137575150300601,0.03558967201674812,0.0003826846453413776,
stable_medium_capacity,w10,2026-04-03,2026-04-07,2026-04-13,000887,0.01075268817204301,0.7646367735470943,0.05628197839681626,0.0006051825634066264,
stable_medium_capacity,w10,2026-04-03,2026-04-07,2026-04-13,688220,0.01075268817204301,0.7690781563126252,0.11085938679957708,0.0011920364171997533,
stable_medium_capacity,w10,2026-04-03,2026-04-07,2026-04-13,601997,0.01075268817204301,0.7772319639278557,0.0,0.0,
stable_medium_capacity,w10,2026-04-03,2026-04-07,2026-04-13,600977,0.01075268817204301,0.7772319639278557,0.053665910808767814,0.0005770528043953528,
stable_medium_capacity,w10,2026-04-03,2026-04-07,2026-04-13,300144,0.01075268817204301,0.7772319639278557,0.02096985583224109,0.0002254823207767859,
stable_medium_capacity,w10,2026-04-03,2026-04-07,2026-04-13,600332,0.01075268817204301,0.8116533066132263,-0.012592270950933626,-0.00013540076291326477,
stable_medium_capacity,w10,2026-04-03,2026-04-07,2026-04-13,688702,0.01075268817204301,0.8137575150300601,0.2873172977327656,0.0030894333089544687,
stable_medium_capacity,w10,2026-04-03,2026-04-07,2026-04-13,688568,0.01075268817204301,0.8137575150300601,0.03156805244091765,0.0003394414240958887,
stable_medium_capacity,w10,2026-04-03,2026-04-07,2026-04-13,688525,0.01075268817204301,0.8137575150300601,0.2166531932093776,0.0023296042280578234,
stable_medium_capacity,w10,2026-04-03,2026-04-07,2026-04-13,688375,0.01075268817204301,0.8137575150300601,0.051479684080312005,0.0005535449901108817,
stable_medium_capacity,w10,2026-04-03,2026-04-07,2026-04-13,300757,0.01075268817204301,0.8137575150300601,0.14094470046082952,0.0015155344135573065,
stable_medium_capacity,w10,2026-04-03,2026-04-07,2026-04-13,603688,0.01075268817204301,0.8137575150300601,0.19777356702984372,0.002126597494944556,
stable_medium_capacity,w10,2026-04-03,2026-04-07,2026-04-13,601958,0.01075268817204301,0.8137575150300601,0.0249457700650757,0.00026823408672124407,
stable_medium_capacity,w10,2026-04-03,2026-04-07,2026-04-13,601212,0.01075268817204301,0.8137575150300601,0.036175710594315236,0.00038898613542274444,
stable_medium_capacity,w10,2026-04-03,2026-04-07,2026-04-13,601106,0.01075268817204301,0.8137575150300601,0.0023980815347721673,2.5785822954539433e-05,
stable_medium_capacity,w10,2026-04-03,2026-04-07,2026-04-13,600879,0.01075268817204301,0.8137575150300601,0.03986387943607195,0.0004286438649039994,
stable_medium_capacity,w10,2026-04-03,2026-04-07,2026-04-13,600549,0.01075268817204301,0.8137575150300601,0.09325061101710852,0.0010026947421194463,
stable_medium_capacity,w10,2026-04-03,2026-04-07,2026-04-13,600498,0.01075268817204301,0.8137575150300601,0.02054515866558182,0.00022091568457614858,
stable_medium_capacity,w10,2026-04-03,2026-04-07,2026-04-13,301611,0.01075268817204301,0.8137575150300601,0.03897699352244799,0.0004191074572306235,
stable_medium_capacity,w10,2026-04-03,2026-04-07,2026-04-13,301308,0.01075268817204301,0.8137575150300601,0.24137689533214268,0.002595450487442394,
stable_medium_capacity,w10,2026-04-03,2026-04-07,2026-04-13,000997,0.01075268817204301,0.7646367735470943,0.00306435137895833,3.295001482750892e-05,
stable_medium_capacity,w10,2026-04-03,2026-04-07,2026-04-13,002472,0.01075268817204301,0.7646367735470943,0.07902217168845938,0.0008497007708436491,
stable_medium_capacity,w10,2026-04-03,2026-04-07,2026-04-13,003021,0.01075268817204301,0.7646367735470943,0.062380038387715775,0.0006707531009431803,
stable_medium_capacity,w10,2026-04-03,2026-04-07,2026-04-13,300100,0.01075268817204301,0.7646367735470943,0.06511142061281339,0.0007001228022883159,
stable_medium_capacity,w10,2026-04-03,2026-04-07,2026-04-13,603920,0.01075268817204301,0.7501578156312625,0.11011419249592169,0.0011840235752249644,
stable_medium_capacity,w10,2026-04-03,2026-04-07,2026-04-13,601168,0.01075268817204301,0.7501578156312625,0.07008613938919339,0.0007536144020343375,
stable_medium_capacity,w10,2026-04-03,2026-04-07,2026-04-13,600497,0.01075268817204301,0.7501578156312625,0.08311688311688314,0.0008937299259879907,
stable_medium_capacity,w10,2026-04-03,2026-04-07,2026-04-13,600392,0.01075268817204301,0.7501578156312625,0.13288888888888883,0.0014289127837514928,
stable_medium_capacity,w10,2026-04-03,2026-04-07,2026-04-13,300627,0.01075268817204301,0.7501578156312625,0.02913216804661145,0.00031324911878076824,
stable_medium_capacity,w10,2026-04-03,2026-04-07,2026-04-13,002465,0.01075268817204301,0.7501578156312625,0.05318404478656413,0.0005718714493178938,
stable_medium_capacity,w10,2026-04-03,2026-04-07,2026-04-13,002195,0.01075268817204301,0.7501578156312625,0.06799531066822984,0.0007311323727766648,
stable_medium_capacity,w10,2026-04-03,2026-04-07,2026-04-13,002156,0.01075268817204301,0.7501578156312625,0.1293913904007915,0.0013913052731267903,
stable_medium_capacity,w10,2026-04-03,2026-04-07,2026-04-13,000960,0.01075268817204301,0.7501578156312625,0.07725321888412018,0.0008306797729475288,
stable_medium_capacity,w10,2026-04-03,2026-04-07,2026-04-13,000060,0.01075268817204301,0.7501578156312625,0.06010016694490816,0.0006462383542463243,
stable_medium_capacity,w10,2026-04-03,2026-04-07,2026-04-13,688772,0.01075268817204301,0.7646367735470943,0.09530292716133437,0.0010247626576487567,
stable_medium_capacity,w10,2026-04-03,2026-04-07,2026-04-13,688608,0.01075268817204301,0.7646367735470943,0.04231006794317471,0.00045494696713091086,
stable_medium_capacity,w10,2026-04-03,2026-04-07,2026-04-13,688318,0.01075268817204301,0.7646367735470943,0.10181997048696512,0.0010948383923329581,
stable_medium_capacity,w10,2026-04-03,2026-04-07,2026-04-13,603786,0.01075268817204301,0.7646367735470943,0.04196328212813771,0.0004512180873993302,
stable_medium_capacity,w10,2026-04-03,2026-04-07,2026-04-13,603728,0.01075268817204301,0.7646367735470943,0.04297015462064002,0.00046204467334021523,
stable_medium_capacity,w10,2026-04-03,2026-04-07,2026-04-13,300679,0.01075268817204301,0.7646367735470943,0.2514065738821438,0.002703296493356385,
stable_medium_capacity,w10,2026-04-03,2026-04-07,2026-04-13,300474,0.01075268817204301,0.7646367735470943,0.09427792915531352,0.0010137411737130486,
stable_medium_capacity,w10,2026-04-03,2026-04-07,2026-04-13,300458,0.01075268817204301,0.7646367735470943,0.1566043518234752,0.001683917761542744,
stable_medium_capacity,w10,2026-04-03,2026-04-07,2026-04-13,300339,0.01075268817204301,0.7646367735470943,0.07253333333333334,0.0007799283154121863,
stable_medium_capacity,w10,2026-04-03,2026-04-07,2026-04-13,300857,0.01075268817204301,0.8137575150300601,0.0,0.0,
stable_medium_capacity,w10,2026-04-03,2026-04-07,2026-04-13,300604,0.01075268817204301,0.8137575150300601,0.1764347826086956,0.001897148200093501,
stable_medium_capacity,w10,2026-04-03,2026-04-07,2026-04-13,000423,0.01075268817204301,0.8896142284569137,-0.026911423988593808,-0.00028937015041498716,
stable_medium_capacity,w10,2026-04-03,2026-04-07,2026-04-13,600901,0.01075268817204301,0.8896142284569137,0.00746268656716409,8.024394158240956e-05,
stable_medium_capacity,w10,2026-04-03,2026-04-07,2026-04-13,002335,0.01075268817204301,0.8682389779559119,0.10641481204413683,0.00114424529079717,
stable_medium_capacity,w10,2026-04-03,2026-04-07,2026-04-13,002185,0.01075268817204301,0.8682389779559119,0.0880281690140845,0.0009465394517643494,
stable_medium_capacity,w10,2026-04-03,2026-04-07,2026-04-13,000426,0.01075268817204301,0.8682389779559119,0.08371385083713845,0.0009001489337326714,
stable_medium_capacity,w10,2026-04-03,2026-04-07,2026-04-13,603565,0.01075268817204301,0.8896142284569137,-0.00876424189307623,-9.423916014060461e-05,
stable_medium_capacity,w10,2026-04-03,2026-04-07,2026-04-13,601665,0.01075268817204301,0.8896142284569137,0.015625,0.00016801075268817203,
stable_medium_capacity,w10,2026-04-03,2026-04-07,2026-04-13,601139,0.01075268817204301,0.8896142284569137,0.03571428571428581,0.00038402457757296565,
stable_medium_capacity,w10,2026-04-03,2026-04-07,2026-04-13,601001,0.01075268817204301,0.8896142284569137,0.001831501831501825,1.9693568080664784e-05,
stable_medium_capacity,w10,2026-04-03,2026-04-07,2026-04-13,600985,0.01075268817204301,0.8896142284569137,0.0014903129657226621,1.6024870599168407e-05,
stable_medium_capacity,w10,2026-04-03,2026-04-07,2026-04-13,600968,0.01075268817204301,0.8896142284569137,0.006696428571428381,7.200460829492883e-05,
stable_medium_capacity,w10,2026-04-03,2026-04-07,2026-04-13,600642,0.01075268817204301,0.8896142284569137,-0.007990867579908745,-8.592330731084672e-05,
stable_medium_capacity,w10,2026-04-03,2026-04-07,2026-04-13,300567,0.01075268817204301,0.8137575150300601,0.08940170940170944,0.0009613087032441874,
stable_medium_capacity,w10,2026-04-03,2026-04-07,2026-04-13,600583,0.01075268817204301,0.8896142284569137,0.03387334315169355,0.0003642294962547693,
stable_medium_capacity,w10,2026-04-03,2026-04-07,2026-04-13,600566,0.01075268817204301,0.8896142284569137,-0.08770614692653678,-0.0009430768486724384,
stable_medium_capacity,w10,2026-04-03,2026-04-07,2026-04-13,600546,0.01075268817204301,0.8896142284569137,0.06153846153846154,0.0006617038875103391,
stable_medium_capacity,w10,2026-04-03,2026-04-07,2026-04-13,600299,0.01075268817204301,0.8896142284569137,0.08196721311475419,0.000881367882954346,
stable_medium_capacity,w10,2026-04-03,2026-04-07,2026-04-13,600177,0.01075268817204301,0.8896142284569137,-0.05416116248348746,-0.0005823780912202951,
stable_medium_capacity,w10,2026-04-03,2026-04-07,2026-04-13,600132,0.01075268817204301,0.8896142284569137,-0.046280125742228395,-0.0004976357606691225,
stable_medium_capacity,w10,2026-04-03,2026-04-07,2026-04-13,002966,0.01075268817204301,0.8896142284569137,-0.00603136308805774,-6.485336653825526e-05,
stable_medium_capacity,w10,2026-04-03,2026-04-07,2026-04-13,001286,0.01075268817204301,0.8896142284569137,0.024007386888273308,0.0002581439450351968,
stable_medium_capacity,w10,2026-04-03,2026-04-07,2026-04-13,000729,0.01075268817204301,0.8896142284569137,0.0064888248017305195,6.977230969602708e-05,
stable_medium_capacity,w10,2026-04-03,2026-04-07,2026-04-13,002409,0.01075268817204301,0.8682389779559119,0.0948176583493281,0.0010195447134336354,
stable_medium_capacity,w10,2026-04-03,2026-04-07,2026-04-13,300223,0.01075268817204301,0.8682389779559119,0.07153772683858639,0.0007692228692321117,
stable_medium_capacity,w10,2026-04-03,2026-04-07,2026-04-13,300454,0.01075268817204301,0.8682389779559119,0.11576200417536531,0.001244752733068444,
stable_medium_capacity,w10,2026-04-03,2026-04-07,2026-04-13,688027,0.01075268817204301,0.8682389779559119,0.040554881746513116,0.00043607399727433455,
stable_medium_capacity,w10,2026-04-03,2026-04-07,2026-04-13,300395,0.01075268817204301,0.8137575150300601,0.16147610921501698,0.0017363022496238384,
stable_medium_capacity,w10,2026-04-03,2026-04-07,2026-04-13,300383,0.01075268817204301,0.8137575150300601,0.042654028436019065,0.0004586454670539684,
stable_medium_capacity,w10,2026-04-03,2026-04-07,2026-04-13,300285,0.01075268817204301,0.8137575150300601,0.11862745098039196,0.0012755639890364725,
stable_medium_capacity,w10,2026-04-03,2026-04-07,2026-04-13,300136,0.01075268817204301,0.8137575150300601,0.02865468674113636,0.0003081149111950146,
stable_medium_capacity,w10,2026-04-03,2026-04-07,2026-04-13,300058,0.01075268817204301,0.8137575150300601,0.23709798055347786,0.002549440651112665,
stable_medium_capacity,w10,2026-04-03,2026-04-07,2026-04-13,300054,0.01075268817204301,0.8137575150300601,0.038793969849246324,0.0004171394607445841,
stable_medium_capacity,w10,2026-04-03,2026-04-07,2026-04-13,003031,0.01075268817204301,0.8137575150300601,0.17534153776673822,0.0018853928792122389,
stable_medium_capacity,w10,2026-04-03,2026-04-07,2026-04-13,002851,0.01075268817204301,0.8137575150300601,0.10447287723379528,0.001123364271331132,
stable_medium_capacity,w10,2026-04-03,2026-04-07,2026-04-13,002429,0.01075268817204301,0.8137575150300601,0.08481675392670152,0.0009120081067387259,
stable_medium_capacity,w10,2026-04-03,2026-04-07,2026-04-13,002202,0.01075268817204301,0.8137575150300601,-0.003303055326176696,-3.5516723937383825e-05,
stable_medium_capacity,w10,2026-04-03,2026-04-07,2026-04-13,002080,0.01075268817204301,0.8137575150300601,0.2623363544813697,0.0028208210159287065,
stable_medium_capacity,w10,2026-04-03,2026-04-07,2026-04-13,002025,0.01075268817204301,0.8137575150300601,0.27551525144270417,0.002962529585405421,
stable_medium_capacity,w10,2026-04-03,2026-04-07,2026-04-13,002008,0.01075268817204301,0.8137575150300601,0.18665831506420294,0.0020070786566043324,
stable_medium_capacity,w10,2026-04-03,2026-04-07,2026-04-13,000657,0.01075268817204301,0.8137575150300601,0.04495353360708876,0.0004833713291084812,
stable_medium_capacity,w10,2026-04-03,2026-04-07,2026-04-13,603529,0.01075268817204301,0.8260145290581161,-0.018905472636815968,-0.00020328465200877382,
stable_medium_capacity,w10,2026-04-03,2026-04-07,2026-04-13,601333,0.01075268817204301,0.8260145290581161,-0.009708737864077555,-0.00010439503079653284,
stable_medium_capacity,w10,2026-04-03,2026-04-07,2026-04-13,600511,0.01075268817204301,0.8260145290581161,-0.016443987667009274,-0.00017681707168827176,
stable_medium_capacity,w10,2026-04-03,2026-04-07,2026-04-13,600737,0.01075268817204301,0.8449348697394788,0.019718309859154903,0.000212024837195214,
stable_medium_capacity,w10,2026-04-03,2026-04-07,2026-04-13,688347,0.01075268817204301,0.8682389779559119,0.10809049436737728,0.0011622633802943793,
stable_medium_capacity,w10,2026-04-03,2026-04-07,2026-04-13,688281,0.01075268817204301,0.7501578156312625,0.04624929498025954,0.0004973042470995648,
balanced_extra_wide_capacity,w11,2026-04-13,2026-04-14,2026-04-20,300679,0.015625,0.9912575150300601,0.02129673450070979,0.0003327614765735905,
balanced_extra_wide_capacity,w11,2026-04-13,2026-04-14,2026-04-20,688281,0.015625,0.9548847695390781,0.04703504043126672,0.0007349225067385425,
balanced_extra_wide_capacity,w11,2026-04-13,2026-04-14,2026-04-20,301536,0.015625,0.8784569138276553,0.041347424042271985,0.0006460535006604998,
balanced_extra_wide_capacity,w11,2026-04-13,2026-04-14,2026-04-20,002738,0.015625,0.8779058116232465,0.004100337674867394,6.406777616980303e-05,
balanced_extra_wide_capacity,w11,2026-04-13,2026-04-14,2026-04-20,002624,0.015625,0.8773547094188376,0.032803690415171616,0.0005125576627370565,
balanced_extra_wide_capacity,w11,2026-04-13,2026-04-14,2026-04-20,301611,0.015625,0.876803607214429,0.0761044824250241,0.0011891325378910016,
balanced_extra_wide_capacity,w11,2026-04-13,2026-04-14,2026-04-20,300857,0.015625,0.87625250501002,0.480721153846154,0.007511268028846156,
balanced_extra_wide_capacity,w11,2026-04-13,2026-04-14,2026-04-20,002410,0.015625,0.8760771543086172,0.031028368794326466,0.00048481826241135104,
balanced_extra_wide_capacity,w11,2026-04-13,2026-04-14,2026-04-20,002195,0.015625,0.8757014028056113,0.02414928649835346,0.00037733260153677284,
balanced_extra_wide_capacity,w11,2026-04-13,2026-04-14,2026-04-20,300373,0.015625,0.8751503006012025,0.0554981930820857,0.0008671592669075891,
balanced_extra_wide_capacity,w11,2026-04-13,2026-04-14,2026-04-20,002156,0.015625,0.8745991983967936,0.062212486308871995,0.0009720700985761249,
balanced_extra_wide_capacity,w11,2026-04-13,2026-04-14,2026-04-20,601611,0.015625,0.8740480961923849,0.024096385542168752,0.00037650602409638675,
balanced_extra_wide_capacity,w11,2026-04-13,2026-04-14,2026-04-20,300676,0.015625,0.8733216432865731,0.013052208835341306,0.0002039407630522079,
balanced_extra_wide_capacity,w11,2026-04-13,2026-04-14,2026-04-20,688019,0.015625,0.8712925851703407,-0.03521623315575062,-0.0005502536430586034,
balanced_extra_wide_capacity,w11,2026-04-13,2026-04-14,2026-04-20,002429,0.015625,0.8707414829659319,0.05791505791505802,0.0009049227799227816,
balanced_extra_wide_capacity,w11,2026-04-13,2026-04-14,2026-04-20,688608,0.015625,0.8701903807615231,0.020266666666666655,0.0003166666666666665,
balanced_extra_wide_capacity,w11,2026-04-13,2026-04-14,2026-04-20,002409,0.015625,0.8696392785571143,0.010518934081346298,0.0001643583450210359,
balanced_extra_wide_capacity,w11,2026-04-13,2026-04-14,2026-04-20,688347,0.015625,0.8690881763527054,0.09855486472861719,0.0015399197613846435,
balanced_extra_wide_capacity,w11,2026-04-13,2026-04-14,2026-04-20,300570,0.015625,0.8679859719438878,0.006222547584187277,9.72273060029262e-05,
balanced_extra_wide_capacity,w11,2026-04-13,2026-04-14,2026-04-20,002837,0.015625,0.867434869739479,0.17713396850087504,0.0027677182578261725,
balanced_extra_wide_capacity,w11,2026-04-13,2026-04-14,2026-04-20,000039,0.015625,0.8668837675350702,-0.03130287648054153,-0.0004891074450084614,
balanced_extra_wide_capacity,w11,2026-04-13,2026-04-14,2026-04-20,300285,0.015625,0.8657815631262525,0.04089979550102263,0.0006390593047034786,
balanced_extra_wide_capacity,w11,2026-04-13,2026-04-14,2026-04-20,300017,0.015625,0.864128256513026,0.02753303964757703,0.0004302037444933911,
balanced_extra_wide_capacity,w11,2026-04-13,2026-04-14,2026-04-20,603979,0.015625,0.8633016032064129,0.06236451559112899,0.0009744455561113904,
balanced_extra_wide_capacity,w11,2026-04-13,2026-04-14,2026-04-20,688568,0.015625,0.8624749498997997,0.0913043478260871,0.0014266304347826109,
balanced_extra_wide_capacity,w11,2026-04-13,2026-04-14,2026-04-20,002335,0.015625,0.8619238476953908,0.08215010141987822,0.0012835953346855972,
balanced_extra_wide_capacity,w11,2026-04-13,2026-04-14,2026-04-20,601212,0.015625,0.861372745490982,0.017456359102244523,0.00027275561097257067,
balanced_extra_wide_capacity,w11,2026-04-13,2026-04-14,2026-04-20,601106,0.015625,0.8608216432865732,0.028708133971291794,0.0004485645933014343,
balanced_extra_wide_capacity,w11,2026-04-13,2026-04-14,2026-04-20,600497,0.015625,0.8602705410821644,0.1007194244604317,0.0015737410071942452,
balanced_extra_wide_capacity,w11,2026-04-13,2026-04-14,2026-04-20,601233,0.015625,0.8580661322645291,0.031055900621118182,0.0004852484472049716,
balanced_extra_wide_capacity,w11,2026-04-13,2026-04-14,2026-04-20,000987,0.015625,0.8575150300601202,0.018161180476730987,0.00028376844494892167,
balanced_extra_wide_capacity,w11,2026-04-13,2026-04-14,2026-04-20,601168,0.015625,0.8790080160320641,0.06110501280643987,0.000954765825100623,
balanced_extra_wide_capacity,w11,2026-04-13,2026-04-14,2026-04-20,000831,0.015625,0.879559118236473,0.04118773946360155,0.0006435584291187742,
balanced_extra_wide_capacity,w11,2026-04-13,2026-04-14,2026-04-20,002353,0.015625,0.8801102204408818,0.056296428891076555,0.0008796317014230712,
balanced_extra_wide_capacity,w11,2026-04-13,2026-04-14,2026-04-20,300002,0.015625,0.8909569138276553,0.02212855637513167,0.00034575869336143233,
balanced_extra_wide_capacity,w11,2026-04-13,2026-04-14,2026-04-20,002044,0.015625,0.9493737474949899,0.024714828897338448,0.00038616920152091325,
balanced_extra_wide_capacity,w11,2026-04-13,2026-04-14,2026-04-20,300735,0.015625,0.9152054108216433,0.09508644222020024,0.0014857256596906288,
balanced_extra_wide_capacity,w11,2026-04-13,2026-04-14,2026-04-20,002281,0.015625,0.8982965931863728,0.05557021014683894,0.0008682845335443584,
balanced_extra_wide_capacity,w11,2026-04-13,2026-04-14,2026-04-20,688114,0.015625,0.8970190380761522,-0.03803486529318534,-0.0005942947702060209,
balanced_extra_wide_capacity,w11,2026-04-13,2026-04-14,2026-04-20,300604,0.015625,0.8966432865731464,0.12203414886540043,0.0019067835760218817,
balanced_extra_wide_capacity,w11,2026-04-13,2026-04-14,2026-04-20,301200,0.015625,0.8955410821643287,0.12480218281036848,0.0019500341064120075,
balanced_extra_wide_capacity,w11,2026-04-13,2026-04-14,2026-04-20,300395,0.015625,0.8949899799599199,0.01845730027548198,0.00028839531680440594,
balanced_extra_wide_capacity,w11,2026-04-13,2026-04-14,2026-04-20,688702,0.015625,0.894438877755511,0.05440078673282378,0.0008500122927003716,
balanced_extra_wide_capacity,w11,2026-04-13,2026-04-14,2026-04-20,600879,0.015625,0.8938877755511022,0.19354838709677424,0.0030241935483870976,
balanced_extra_wide_capacity,w11,2026-04-13,2026-04-14,2026-04-20,600118,0.015625,0.8933366733466934,0.17416149068322984,0.002721273291925466,
balanced_extra_wide_capacity,w11,2026-04-13,2026-04-14,2026-04-20,301308,0.015625,0.8927855711422845,0.05842031029619177,0.0009128173483779964,
balanced_extra_wide_capacity,w11,2026-04-13,2026-04-14,2026-04-20,300054,0.015625,0.8916833667334669,0.016253869969040213,0.00025396671826625333,
balanced_extra_wide_capacity,w11,2026-04-13,2026-04-14,2026-04-20,003031,0.015625,0.8911322645290581,0.14322766570605205,0.0022379322766570633,
balanced_extra_wide_capacity,w11,2026-04-13,2026-04-14,2026-04-20,688525,0.015625,0.8905811623246493,0.05022474105921426,0.0007847615790502228,
balanced_extra_wide_capacity,w11,2026-04-13,2026-04-14,2026-04-20,601231,0.015625,0.8806613226452906,0.13349384697699285,0.0020858413590155132,
balanced_extra_wide_capacity,w11,2026-04-13,2026-04-14,2026-04-20,300223,0.015625,0.8894789579158318,0.07888403601033978,0.001232563062661559,
balanced_extra_wide_capacity,w11,2026-04-13,2026-04-14,2026-04-20,002202,0.015625,0.8889278557114229,0.10149130074565038,0.0015858015741507872,
balanced_extra_wide_capacity,w11,2026-04-13,2026-04-14,2026-04-20,300567,0.015625,0.8883767535070141,0.011140750039227987,0.0001740742193629373,
balanced_extra_wide_capacity,w11,2026-04-13,2026-04-14,2026-04-20,000960,0.015625,0.8872745490981964,0.1507814894269075,0.0023559607722954297,
balanced_extra_wide_capacity,w11,2026-04-13,2026-04-14,2026-04-20,600392,0.015625,0.8867234468937877,0.05570812083169874,0.0008704393879952928,
balanced_extra_wide_capacity,w11,2026-04-13,2026-04-14,2026-04-20,600602,0.015625,0.8861723446893788,-0.02786885245901638,-0.00043545081967213094,
balanced_extra_wide_capacity,w11,2026-04-13,2026-04-14,2026-04-20,002851,0.015625,0.88562124248497,0.07276208712302523,0.0011369076112972692,
balanced_extra_wide_capacity,w11,2026-04-13,2026-04-14,2026-04-20,000021,0.015625,0.8850701402805612,0.030088495575221197,0.0004701327433628312,
balanced_extra_wide_capacity,w11,2026-04-13,2026-04-14,2026-04-20,000426,0.015625,0.8845190380761523,0.06460674157303359,0.0010094803370786498,
balanced_extra_wide_capacity,w11,2026-04-13,2026-04-14,2026-04-20,688676,0.015625,0.8839679358717435,0.07506605813115552,0.001172907158299305,
balanced_extra_wide_capacity,w11,2026-04-13,2026-04-14,2026-04-20,002126,0.015625,0.8834168336673347,0.04487722269263328,0.000701206604572395,
balanced_extra_wide_capacity,w11,2026-04-13,2026-04-14,2026-04-20,300346,0.015625,0.8823146292585171,0.060142497904442704,0.0009397265297569173,
balanced_extra_wide_capacity,w11,2026-04-13,2026-04-14,2026-04-20,002273,0.015625,0.8812124248496995,0.03006276841757516,0.00046973075652461185,
balanced_extra_wide_capacity,w11,2026-04-13,2026-04-14,2026-04-20,600549,0.015625,0.8569639278557114,0.09458297506448843,0.0014778589853826317,
balanced_medium_current,w11,2026-04-13,2026-04-14,2026-04-20,300390,0.020408163265306124,0.9979959919839679,0.07992518703241891,0.001631126265967733,
balanced_medium_current,w11,2026-04-13,2026-04-14,2026-04-20,002335,0.020408163265306124,0.9478957915831663,0.08215010141987822,0.001676532682038331,
balanced_medium_current,w11,2026-04-13,2026-04-14,2026-04-20,300058,0.020408163265306124,0.9438877755511023,0.18077388149939555,0.0036892628877427665,
balanced_medium_current,w11,2026-04-13,2026-04-14,2026-04-20,601212,0.020408163265306124,0.9418837675350702,0.017456359102244523,0.00035625222657641886,
balanced_medium_current,w11,2026-04-13,2026-04-14,2026-04-20,002432,0.020408163265306124,0.9398797595190381,-0.06575119283137443,-0.001341861078191315,
balanced_medium_current,w11,2026-04-13,2026-04-14,2026-04-20,300395,0.020408163265306124,0.9378757515030061,0.01845730027548198,0.00037667959745881597,
balanced_medium_current,w11,2026-04-13,2026-04-14,2026-04-20,601958,0.020408163265306124,0.935871743486974,0.05661375661375656,0.0011553827880358483,
balanced_medium_current,w11,2026-04-13,2026-04-14,2026-04-20,688180,0.020408163265306124,0.9338677354709419,0.03872985325956213,0.0007904051685624925,
balanced_medium_current,w11,2026-04-13,2026-04-14,2026-04-20,605589,0.020408163265306124,0.9318637274549099,-0.019461476939482747,-0.00039717299876495404,
balanced_medium_current,w11,2026-04-13,2026-04-14,2026-04-20,688568,0.020408163265306124,0.9298597194388778,0.0913043478260871,0.0018633540372670837,
balanced_medium_current,w11,2026-04-13,2026-04-14,2026-04-20,300373,0.020408163265306124,0.9278557114228457,0.0554981930820857,0.001132616185348688,
balanced_medium_current,w11,2026-04-13,2026-04-14,2026-04-20,688002,0.020408163265306124,0.9258517034068137,0.10261147031656725,0.0020941116391136176,
balanced_medium_current,w11,2026-04-13,2026-04-14,2026-04-20,300567,0.020408163265306124,0.9238476953907816,0.011140750039227987,0.00022736224569853036,
balanced_medium_current,w11,2026-04-13,2026-04-14,2026-04-20,601611,0.020408163265306124,0.9218436873747495,0.024096385542168752,0.0004917629702483419,
balanced_medium_current,w11,2026-04-13,2026-04-14,2026-04-20,688027,0.020408163265306124,0.9198396793587175,0.08195527063451591,0.0016725565435615492,
balanced_medium_current,w11,2026-04-13,2026-04-14,2026-04-20,603979,0.020408163265306124,0.9178356713426854,0.06236451559112899,0.0012727452161454896,
balanced_medium_current,w11,2026-04-13,2026-04-14,2026-04-20,002851,0.020408163265306124,0.9158316633266533,0.07276208712302523,0.0014849405535311273,
balanced_medium_current,w11,2026-04-13,2026-04-14,2026-04-20,000021,0.020408163265306124,0.9138276553106213,0.030088495575221197,0.0006140509301065551,
balanced_medium_current,w11,2026-04-13,2026-04-14,2026-04-20,002429,0.020408163265306124,0.9118236472945892,0.05791505791505802,0.0011819399574501638,
balanced_medium_current,w11,2026-04-13,2026-04-14,2026-04-20,002738,0.020408163265306124,0.9098196392785571,0.004100337674867394,8.368036071157947e-05,
balanced_medium_current,w11,2026-04-13,2026-04-14,2026-04-20,688347,0.020408163265306124,0.9078156312625251,0.09855486472861719,0.0020113237699717797,
balanced_medium_current,w11,2026-04-13,2026-04-14,2026-04-20,001389,0.020408163265306124,0.905811623246493,0.12348484848484853,0.0025200989486703785,
balanced_medium_current,w11,2026-04-13,2026-04-14,2026-04-20,002195,0.020408163265306124,0.9038076152304609,0.02414928649835346,0.0004928425815990502,
balanced_medium_current,w11,2026-04-13,2026-04-14,2026-04-20,301536,0.020408163265306124,0.9458917835671342,0.041347424042271985,0.0008438249804545304,
balanced_medium_current,w11,2026-04-13,2026-04-14,2026-04-20,300604,0.020408163265306124,0.9498997995991983,0.12203414886540043,0.0024904928339877642,
balanced_medium_current,w11,2026-04-13,2026-04-14,2026-04-20,002281,0.020408163265306124,0.9959919839679359,0.05557021014683894,0.00113408592136406,
balanced_medium_current,w11,2026-04-13,2026-04-14,2026-04-20,600549,0.020408163265306124,0.9519038076152304,0.09458297506448843,0.0019302647972344578,
balanced_medium_current,w11,2026-04-13,2026-04-14,2026-04-20,300570,0.020408163265306124,0.9939879759519038,0.006222547584187277,0.00012699076702423016,
balanced_medium_current,w11,2026-04-13,2026-04-14,2026-04-20,003031,0.020408163265306124,0.9919839679358717,0.14322766570605205,0.0029230135858377975,
balanced_medium_current,w11,2026-04-13,2026-04-14,2026-04-20,002273,0.020408163265306124,0.9899799599198397,0.03006276841757516,0.0006135258860729625,
balanced_medium_current,w11,2026-04-13,2026-04-14,2026-04-20,000703,0.020408163265306124,0.9879759519038076,0.0006540222367561466,1.3347392586860135e-05,
balanced_medium_current,w11,2026-04-13,2026-04-14,2026-04-20,002025,0.020408163265306124,0.9859719438877755,0.04007238883143738,0.0008178038537028037,
balanced_medium_current,w11,2026-04-13,2026-04-14,2026-04-20,301611,0.020408163265306124,0.9839679358717435,0.0761044824250241,0.0015531527025515123,
balanced_medium_current,w11,2026-04-13,2026-04-14,2026-04-20,688629,0.020408163265306124,0.9819639278557114,0.11218180358146634,0.0022894245628870685,
balanced_medium_current,w11,2026-04-13,2026-04-14,2026-04-20,002436,0.020408163265306124,0.9799599198396793,0.05231866825208087,0.0010677279235118545,
balanced_medium_current,w11,2026-04-13,2026-04-14,2026-04-20,600879,0.020408163265306124,0.9779559118236473,0.19354838709677424,0.003949967083607638,
balanced_medium_current,w11,2026-04-13,2026-04-14,2026-04-20,002837,0.020408163265306124,0.9759519038076152,0.17713396850087504,0.00361497894899745,
balanced_medium_current,w11,2026-04-13,2026-04-14,2026-04-20,600498,0.020408163265306124,0.9739478957915831,0.05581024516643396,0.0011389845952333461,
balanced_medium_current,w11,2026-04-13,2026-04-14,2026-04-20,688235,0.020408163265306124,0.9719438877755511,0.013432527381690429,0.00027413321187123326,
balanced_medium_current,w11,2026-04-13,2026-04-14,2026-04-20,000960,0.020408163265306124,0.969939879759519,0.1507814894269075,0.0030771732536103574,
balanced_medium_current,w11,2026-04-13,2026-04-14,2026-04-20,002008,0.020408163265306124,0.9679358717434869,0.1768276590129323,0.003608727734957802,
balanced_medium_current,w11,2026-04-13,2026-04-14,2026-04-20,002202,0.020408163265306124,0.9659318637274549,0.10149130074565038,0.0020712510356255182,
balanced_medium_current,w11,2026-04-13,2026-04-14,2026-04-20,000426,0.020408163265306124,0.9639278557114228,0.06460674157303359,0.0013185049300619102,
balanced_medium_current,w11,2026-04-13,2026-04-14,2026-04-20,002353,0.020408163265306124,0.9619238476953907,0.056296428891076555,0.0011489067120627869,
balanced_medium_current,w11,2026-04-13,2026-04-14,2026-04-20,002439,0.020408163265306124,0.9599198396793587,0.09607293127629735,0.0019606720668632113,
balanced_medium_current,w11,2026-04-13,2026-04-14,2026-04-20,300757,0.020408163265306124,0.9579158316633266,0.05713189409697694,0.0011659570223872848,
balanced_medium_current,w11,2026-04-13,2026-04-14,2026-04-20,600118,0.020408163265306124,0.9559118236472945,0.17416149068322984,0.003554316136392446,
balanced_medium_current,w11,2026-04-13,2026-04-14,2026-04-20,300223,0.020408163265306124,0.9539078156312625,0.07888403601033978,0.0016098782859253016,
balanced_medium_current,w11,2026-04-13,2026-04-14,2026-04-20,300017,0.020408163265306124,0.9018036072144289,0.02753303964757703,0.0005618987683178986,
economic_medium_capacity,w11,2026-04-13,2026-04-14,2026-04-20,300390,0.036000000004219955,0.9985931863727455,0.07992518703241891,0.0028773067335043615,
economic_medium_capacity,w11,2026-04-13,2026-04-14,2026-04-20,002436,0.036000000004219955,0.9419519038076153,0.05231866825208087,0.0018834720572956938,
economic_medium_capacity,w11,2026-04-13,2026-04-14,2026-04-20,002432,0.036000000004219955,0.998,-0.06575119283137443,-0.0023670429422069463,
economic_medium_capacity,w11,2026-04-13,2026-04-14,2026-04-20,688629,0.036000000004219955,0.9418837675350702,0.11218180358146634,0.004038544929406191,
economic_medium_capacity,w11,2026-04-13,2026-04-14,2026-04-20,000426,0.036000000004219955,0.9418917835671343,0.06460674157303359,0.002325842696901847,
economic_medium_capacity,w11,2026-04-13,2026-04-14,2026-04-20,300383,0.036000000004219955,0.941935871743487,0.011931818181817988,0.0004295454545957993,
economic_medium_capacity,w11,2026-04-13,2026-04-14,2026-04-20,688702,0.036000000004219955,0.9419398797595191,0.05440078673282378,0.001958428322611225,
economic_medium_capacity,w11,2026-04-13,2026-04-14,2026-04-20,600879,0.036000000004219955,0.9419438877755512,0.19354838709677424,0.006967741936300638,
economic_medium_capacity,w11,2026-04-13,2026-04-14,2026-04-20,688347,0.036000000004219955,0.9419559118236474,0.09855486472861719,0.003547975130646116,
economic_medium_capacity,w11,2026-04-13,2026-04-14,2026-04-20,301611,0.036000000004219955,0.9419639278557115,0.0761044824250241,0.002739761367622025,
economic_medium_capacity,w11,2026-04-13,2026-04-14,2026-04-20,601212,0.036000000004219955,0.941995991983968,0.017456359102244523,0.0006284289277544679,
economic_medium_capacity,w11,2026-04-13,2026-04-14,2026-04-20,300751,0.036000000004219955,0.9917755511022044,0.12125762552792119,0.004365274519516864,
economic_medium_capacity,w11,2026-04-13,2026-04-14,2026-04-20,002202,0.036000000004219955,0.9939118236472946,0.10149130074565038,0.0036536868272717023,
economic_medium_capacity,w11,2026-04-13,2026-04-14,2026-04-20,688183,0.036000000004219955,0.9959799599198397,0.023200980854475084,0.0008352353108590101,
economic_medium_capacity,w11,2026-04-13,2026-04-14,2026-04-20,600392,0.036000000004219955,0.9417515030060121,0.05570812083169874,0.00200549235017624,
economic_medium_capacity,w11,2026-04-13,2026-04-14,2026-04-20,600497,0.036000000000000004,0.9417595190380762,0.1007194244604317,0.0036258992805755412,
economic_medium_capacity,w11,2026-04-13,2026-04-14,2026-04-20,688027,0.036000000000000004,0.9417154308617235,0.08195527063451591,0.002950389742842573,
economic_medium_capacity,w11,2026-04-13,2026-04-14,2026-04-20,000060,0.036000000000000004,0.9417194388777556,0.08188976377952772,0.0029480314960629982,
economic_medium_capacity,w11,2026-04-13,2026-04-14,2026-04-20,688568,0.036000000000000004,0.94174749498998,0.0913043478260871,0.003286956521739136,
economic_medium_capacity,w11,2026-04-13,2026-04-14,2026-04-20,688375,0.036000000000000004,0.9418597194388778,0.26877828054298636,0.00967601809954751,
economic_medium_capacity,w11,2026-04-13,2026-04-14,2026-04-20,603688,0.036000000000000004,0.9417635270541083,0.007514336563179791,0.0002705161162744725,
economic_medium_capacity,w11,2026-04-13,2026-04-14,2026-04-20,300223,0.036000000000000004,0.9417875751503006,0.07888403601033978,0.002839825296372232,
economic_medium_capacity,w11,2026-04-13,2026-04-14,2026-04-20,688385,0.036000000000000004,0.941807615230461,0.11744566835367642,0.004228044060732352,
economic_medium_capacity,w11,2026-04-13,2026-04-14,2026-04-20,000960,0.036000000000000004,0.9418557114228457,0.1507814894269075,0.005428133619368671,
economic_medium_capacity,w11,2026-04-13,2026-04-14,2026-04-20,002156,0.036000000000000004,0.941871743486974,0.062212486308871995,0.0022396495071193923,
economic_medium_capacity,w11,2026-04-13,2026-04-14,2026-04-20,300857,0.03333333331223356,0.9417114228456914,0.480721153846154,0.01602403845139536,
economic_medium_capacity,w11,2026-04-13,2026-04-14,2026-04-20,688709,0.02666666664978681,0.9416953907815632,0.045241443975621465,0.0012064385052529033,
economic_medium_capacity,w11,2026-04-13,2026-04-14,2026-04-20,300604,0.019999999987340117,0.9416913827655311,0.12203414886540043,0.0024406829757630706,
economic_medium_capacity,w11,2026-04-13,2026-04-14,2026-04-20,603920,0.013333333324893405,0.9416673346693387,0.06851579720793533,0.0009135439621942025,
economic_medium_capacity,w11,2026-04-13,2026-04-14,2026-04-20,002335,0.0066666666624467024,0.9416553106212425,0.08215010141987822,0.0005476673424525177,
recent_compact_capacity,w11,2026-04-13,2026-04-14,2026-04-20,300390,0.032972380952380954,0.9956813627254508,0.07992518703241891,0.0026353237145232146,
recent_compact_capacity,w11,2026-04-13,2026-04-14,2026-04-20,688375,0.032972380952380954,0.964193386773547,0.26877828054298636,0.008862259857789268,
recent_compact_capacity,w11,2026-04-13,2026-04-14,2026-04-20,300223,0.032972380952380954,0.9263176352705411,0.07888403601033978,0.0026009944863942605,
recent_compact_capacity,w11,2026-04-13,2026-04-14,2026-04-20,300857,0.032972380952380954,0.9282114228456914,0.480721153846154,0.015850521016483522,
recent_compact_capacity,w11,2026-04-13,2026-04-14,2026-04-20,688037,0.032972380952380954,0.931998997995992,-0.007532751091703038,-0.0002483727386150961,
recent_compact_capacity,w11,2026-04-13,2026-04-14,2026-04-20,688248,0.032972380952380954,0.9338927855711423,0.052556053811659176,0.0017328982276318594,
recent_compact_capacity,w11,2026-04-13,2026-04-14,2026-04-20,002025,0.032972380952380954,0.9918937875751502,0.04007238883143738,0.001321282070222089,
recent_compact_capacity,w11,2026-04-13,2026-04-14,2026-04-20,300567,0.032972380952380954,0.9604058116232465,0.011140750039227987,0.00036733705438867826,
recent_compact_capacity,w11,2026-04-13,2026-04-14,2026-04-20,300751,0.032972380952380954,0.9606162324649298,0.12125762552792119,0.003998152622287771,
recent_compact_capacity,w11,2026-04-13,2026-04-14,2026-04-20,003031,0.032972380952380954,0.9634869739478957,0.14322766570605205,0.004722557156580217,
recent_compact_capacity,w11,2026-04-13,2026-04-14,2026-04-20,301611,0.032972380952380954,0.9585120240480961,0.0761044824250241,0.0025093459867016757,
recent_compact_capacity,w11,2026-04-13,2026-04-14,2026-04-20,605589,0.032972380952380954,0.9653807615230461,-0.019461476939482747,-0.0006416912315446021,
recent_compact_capacity,w11,2026-04-13,2026-04-14,2026-04-20,600118,0.032972380952380954,0.9717685370741482,0.17416149068322984,0.005742519018042001,
recent_compact_capacity,w11,2026-04-13,2026-04-14,2026-04-20,002281,0.032972380952380954,0.99,0.05557021014683894,0.001832282138565439,
recent_compact_capacity,w11,2026-04-13,2026-04-14,2026-04-20,002432,0.032972380952380954,0.9881062124248496,-0.06575119283137443,-0.0021679733781095373,
recent_compact_capacity,w11,2026-04-13,2026-04-14,2026-04-20,688702,0.032972380952380954,0.984318637274549,0.05440078673282378,0.0017937234642638974,
recent_compact_capacity,w11,2026-04-13,2026-04-14,2026-04-20,002202,0.032972380952380954,0.9824248496993988,0.10149130074565038,0.0033464098315382496,
recent_compact_capacity,w11,2026-04-13,2026-04-14,2026-04-20,000960,0.032972380952380954,0.9244238476953908,0.1507814894269075,0.004971624709951395,
recent_compact_capacity,w11,2026-04-13,2026-04-14,2026-04-20,600879,0.032972380952380954,0.9774498997995992,0.19354838709677424,0.006381751152073734,
recent_compact_capacity,w11,2026-04-13,2026-04-14,2026-04-20,002008,0.032972380952380954,0.9767434869739479,0.1768276590129323,0.005830428935892123,
recent_compact_capacity,w11,2026-04-13,2026-04-14,2026-04-20,000703,0.032972380952380954,0.9748496993987975,0.0006540222367561466,2.1564670341651954e-05,
recent_compact_capacity,w11,2026-04-13,2026-04-14,2026-04-20,000426,0.030758,0.9528306613226452,0.06460674157303359,0.0019871741573033674,
recent_compact_capacity,w11,2026-04-13,2026-04-14,2026-04-20,300763,0.030758,0.9490430861723446,0.0035797009896818555,0.00011010444304063451,
recent_compact_capacity,w11,2026-04-13,2026-04-14,2026-04-20,003035,0.030758,0.9433617234468937,0.047182175622542566,0.0014512293577981642,
recent_compact_capacity,w11,2026-04-13,2026-04-14,2026-04-20,688676,0.030758,0.9559118236472945,0.07506605813115552,0.0023088818159980816,
recent_compact_capacity,w11,2026-04-13,2026-04-14,2026-04-20,002465,0.030758,0.9376803607214428,0.11627906976744184,0.0035765116279069765,
recent_compact_capacity,w11,2026-04-13,2026-04-14,2026-04-20,601016,0.030758,0.9373747494989979,0.012345679012345734,0.0003797283950617301,
recent_compact_capacity,w11,2026-04-13,2026-04-14,2026-04-20,002439,0.030758,0.9569739478957915,0.09607293127629735,0.0029550112201963538,
recent_compact_capacity,w11,2026-04-13,2026-04-14,2026-04-20,601611,0.030758,0.9301052104208417,0.024096385542168752,0.0007411566265060265,
recent_compact_capacity,w11,2026-04-13,2026-04-14,2026-04-20,000537,0.030758,0.9279058116232465,0.026078234704112413,0.0008021143430290897,
recent_compact_capacity,w11,2026-04-13,2026-04-14,2026-04-20,002532,0.030758,0.9414679358717434,0.047698280643372115,0.0014671037160288395,
recent_compact_current,w11,2026-04-13,2026-04-14,2026-04-20,603179,0.027027027027027035,0.9709919839679358,0.03501129396579561,0.0009462511882647465,
recent_compact_current,w11,2026-04-13,2026-04-14,2026-04-20,300207,0.027027027027027035,0.9299599198396793,0.003455425017277136,9.338986533181451e-05,
recent_compact_current,w11,2026-04-13,2026-04-14,2026-04-20,002821,0.027027027027027035,0.9268036072144288,-0.05985449735449733,-0.0016176891176891174,
recent_compact_current,w11,2026-04-13,2026-04-14,2026-04-20,002831,0.027027027027027035,0.9229458917835671,-0.01339046598821636,-0.00036190448616800984,
recent_compact_current,w11,2026-04-13,2026-04-14,2026-04-20,600392,0.027027027027027035,0.9201402805611222,0.05570812083169874,0.0015056248873432097,
recent_compact_current,w11,2026-04-13,2026-04-14,2026-04-20,603920,0.027027027027027035,0.9169839679358717,0.06851579720793533,0.0018517783029171715,
recent_compact_current,w11,2026-04-13,2026-04-14,2026-04-20,300604,0.027027027027027035,0.908567134268537,0.12203414886540043,0.003298220239605418,
recent_compact_current,w11,2026-04-13,2026-04-14,2026-04-20,300037,0.027027027027027035,0.902254509018036,-0.013099747474747403,-0.0003540472290472272,
recent_compact_current,w11,2026-04-13,2026-04-14,2026-04-20,002353,0.027027027027027035,0.9008517034068135,0.056296428891076555,0.0015215251051642316,
recent_compact_current,w11,2026-04-13,2026-04-14,2026-04-20,688676,0.027027027027027035,0.8997995991983967,0.07506605813115552,0.002028812381923123,
recent_compact_current,w11,2026-04-13,2026-04-14,2026-04-20,002153,0.027027027027027035,0.8953657314629258,0.022774327122153215,0.0006155223546527897,
recent_compact_current,w11,2026-04-13,2026-04-14,2026-04-20,000062,0.027027027027027035,0.8917334669338677,0.08644126873475089,0.0023362505063446192,
recent_compact_current,w11,2026-04-13,2026-04-14,2026-04-20,688180,0.027027027027027035,0.8868236472945891,0.03872985325956213,0.0010467527907989768,
recent_compact_current,w11,2026-04-13,2026-04-14,2026-04-20,605589,0.027027027027027035,0.8805110220440882,-0.019461476939482747,-0.0005259858632292635,
recent_compact_current,w11,2026-04-13,2026-04-14,2026-04-20,301200,0.027027027027027035,0.8763026052104208,0.12480218281036848,0.003373031967847798,
recent_compact_current,w11,2026-04-13,2026-04-14,2026-04-20,603688,0.027027027027027035,0.8727955911823646,0.007514336563179791,0.00020309017738323766,
recent_compact_current,w11,2026-04-13,2026-04-14,2026-04-20,000997,0.027027027027027035,0.870816633266533,0.09419551934826864,0.0025458248472505045,
recent_compact_current,w11,2026-04-13,2026-04-14,2026-04-20,002436,0.027027027027027035,0.9278557114228456,0.05231866825208087,0.001414018060867051,
recent_compact_current,w11,2026-04-13,2026-04-14,2026-04-20,688525,0.027027027027027035,0.9334669338677354,0.05022474105921426,0.0013574254340328184,
recent_compact_current,w11,2026-04-13,2026-04-14,2026-04-20,002281,0.027027027027027035,0.9632765531062124,0.05557021014683894,0.001501897571536188,
recent_compact_current,w11,2026-04-13,2026-04-14,2026-04-20,002044,0.027027027027027035,0.9376753507014027,0.024714828897338448,0.000667968348576715,
recent_compact_current,w11,2026-04-13,2026-04-14,2026-04-20,300390,0.027027027027027035,0.9629258517034067,0.07992518703241891,0.0021601401900653767,
recent_compact_current,w11,2026-04-13,2026-04-14,2026-04-20,002273,0.027027027027027035,0.9625751503006011,0.03006276841757516,0.0008125072545290586,
recent_compact_current,w11,2026-04-13,2026-04-14,2026-04-20,300570,0.027027027027027035,0.9622244488977956,0.006222547584187277,0.00016817696173479133,
recent_compact_current,w11,2026-04-13,2026-04-14,2026-04-20,002025,0.027027027027027035,0.9618737474949899,0.04007238883143738,0.0010830375359847943,
recent_compact_current,w11,2026-04-13,2026-04-14,2026-04-20,003031,0.027027027027027035,0.9611723446893787,0.14322766570605205,0.003871017992055462,
recent_compact_current,w11,2026-04-13,2026-04-14,2026-04-20,000703,0.027027027027027035,0.9604709418837675,0.0006540222367561466,1.7676276669085047e-05,
recent_compact_current,w11,2026-04-13,2026-04-14,2026-04-20,002202,0.027027027027027035,0.9601202404809619,0.10149130074565038,0.002743008128260822,
recent_compact_current,w11,2026-04-13,2026-04-14,2026-04-20,002008,0.027027027027027035,0.9597695390781562,0.1768276590129323,0.004779125919268442,
recent_compact_current,w11,2026-04-13,2026-04-14,2026-04-20,688629,0.027027027027027035,0.9580160320641282,0.11218180358146634,0.0030319406373369292,
recent_compact_current,w11,2026-04-13,2026-04-14,2026-04-20,002080,0.027027027027027035,0.9569639278557114,-0.01695253290785803,-0.00045817656507724425,
recent_compact_current,w11,2026-04-13,2026-04-14,2026-04-20,688002,0.027027027027027035,0.9552104208416833,0.10261147031656725,0.002773282981528846,
recent_compact_current,w11,2026-04-13,2026-04-14,2026-04-20,002837,0.027027027027027035,0.952755511022044,0.17713396850087504,0.004787404554077705,
recent_compact_current,w11,2026-04-13,2026-04-14,2026-04-20,301308,0.027027027027027035,0.9506513026052104,0.05842031029619177,0.0015789273053024807,
recent_compact_current,w11,2026-04-13,2026-04-14,2026-04-20,688183,0.027027027027027035,0.9387274549098196,0.023200980854475084,0.000627053536607435,
recent_compact_current,w11,2026-04-13,2026-04-14,2026-04-20,688234,0.027027027027027035,0.938376753507014,0.048221174453493276,0.0013032749852295484,
recent_compact_current,w11,2026-04-13,2026-04-14,2026-04-20,002558,0.027027027027027035,0.8608717434869739,0.02315989847715727,0.0006259432020853319,
short_aggressive_compact_capacity,w11,2026-04-13,2026-04-14,2026-04-20,600118,0.03225806451612904,0.9901628256513026,0.17416149068322984,0.005618112602684834,
short_aggressive_compact_capacity,w11,2026-04-13,2026-04-14,2026-04-20,603786,0.03225806451612904,0.9639529058116233,0.02588996763754059,0.0008351602463722772,
short_aggressive_compact_capacity,w11,2026-04-13,2026-04-14,2026-04-20,003031,0.03225806451612904,0.927939378757515,0.14322766570605205,0.00462024728084039,
short_aggressive_compact_capacity,w11,2026-04-13,2026-04-14,2026-04-20,002821,0.03225806451612904,0.9296868737474949,-0.05985449735449733,-0.0019307902372418496,
short_aggressive_compact_capacity,w11,2026-04-13,2026-04-14,2026-04-20,603688,0.03225806451612904,0.9330726452905811,0.007514336563179791,0.00024239795365096103,
short_aggressive_compact_capacity,w11,2026-04-13,2026-04-14,2026-04-20,600392,0.03225806451612904,0.9331818637274549,0.05570812083169874,0.00179703615586125,
short_aggressive_compact_capacity,w11,2026-04-13,2026-04-14,2026-04-20,002831,0.03225806451612904,0.9332910821643287,-0.01339046598821636,-0.00043195051574891494,
short_aggressive_compact_capacity,w11,2026-04-13,2026-04-14,2026-04-20,603228,0.03225806451612904,0.9351653306613227,0.06307490144546635,0.0020346742401763343,
short_aggressive_compact_capacity,w11,2026-04-13,2026-04-14,2026-04-20,603920,0.03225806451612904,0.9389704408817635,0.06851579720793533,0.0022101870067075917,
short_aggressive_compact_capacity,w11,2026-04-13,2026-04-14,2026-04-20,688002,0.03225806451612904,0.9397349699398797,0.10261147031656725,0.0033100474295666865,
short_aggressive_compact_capacity,w11,2026-04-13,2026-04-14,2026-04-20,300570,0.03225806451612904,0.9426838677354709,0.006222547584187277,0.00020072734142539606,
short_aggressive_compact_capacity,w11,2026-04-13,2026-04-14,2026-04-20,002432,0.03225806451612904,0.9435576152304609,-0.06575119283137443,-0.0021210062203669174,
short_aggressive_compact_capacity,w11,2026-04-13,2026-04-14,2026-04-20,002281,0.03225806451612904,0.9441037074148296,0.05557021014683894,0.001792587424091579,
short_aggressive_compact_capacity,w11,2026-04-13,2026-04-14,2026-04-20,000657,0.03225806451612904,0.9587865731462926,0.210754912099276,0.00679854555158955,
short_aggressive_compact_capacity,w11,2026-04-13,2026-04-14,2026-04-20,688676,0.03225806451612904,0.9588046092184368,0.07506605813115552,0.0024214857461663077,
short_aggressive_compact_capacity,w11,2026-04-13,2026-04-14,2026-04-20,301200,0.03225806451612904,0.9692895791583166,0.12480218281036848,0.004025876864850597,
short_aggressive_compact_capacity,w11,2026-04-13,2026-04-14,2026-04-20,603979,0.03225806451612904,0.9879098196392785,0.06236451559112899,0.002011758567455774,
short_aggressive_compact_capacity,w11,2026-04-13,2026-04-14,2026-04-20,605589,0.03225806451612904,0.9693987975951903,-0.019461476939482747,-0.000627789578692992,
short_aggressive_compact_capacity,w11,2026-04-13,2026-04-14,2026-04-20,002008,0.03225806451612904,0.9711462925851703,0.1768276590129323,0.005704118032675236,
short_aggressive_compact_capacity,w11,2026-04-13,2026-04-14,2026-04-20,688180,0.03225806451612904,0.9722384769539077,0.03872985325956213,0.0012493501051471657,
short_aggressive_compact_capacity,w11,2026-04-13,2026-04-14,2026-04-20,000703,0.03225806451612904,0.9724569138276552,0.0006540222367561466,2.1097491508262795e-05,
short_aggressive_compact_capacity,w11,2026-04-13,2026-04-14,2026-04-20,688234,0.03225806451612904,0.9726753507014028,0.048221174453493276,0.0015555217565642995,
short_aggressive_compact_capacity,w11,2026-04-13,2026-04-14,2026-04-20,300604,0.03225806451612904,0.9727845691382765,0.12203414886540043,0.003936585447270983,
short_aggressive_compact_capacity,w11,2026-04-13,2026-04-14,2026-04-20,002436,0.03225806451612904,0.9739859719438877,0.05231866825208087,0.0016876989758735767,
short_aggressive_compact_capacity,w11,2026-04-13,2026-04-14,2026-04-20,002837,0.03225806451612904,0.9752965931863726,0.17713396850087504,0.005713998983899196,
short_aggressive_compact_capacity,w11,2026-04-13,2026-04-14,2026-04-20,688629,0.03225806451612904,0.9755150300601202,0.11218180358146634,0.003618767857466657,
short_aggressive_compact_capacity,w11,2026-04-13,2026-04-14,2026-04-20,002202,0.03225806451612904,0.9766072144288577,0.10149130074565038,0.003273912927279045,
short_aggressive_compact_capacity,w11,2026-04-13,2026-04-14,2026-04-20,002025,0.03225806451612904,0.9768256513026051,0.04007238883143738,0.0012926577042399157,
short_aggressive_compact_capacity,w11,2026-04-13,2026-04-14,2026-04-20,601106,0.03225806451612904,0.9837189378757515,0.028708133971291794,0.0009260688377836064,
short_aggressive_compact_capacity,w11,2026-04-13,2026-04-14,2026-04-20,603179,0.03225806451612904,0.986129258517034,0.03501129396579561,0.001129396579541794,
short_aggressive_compact_capacity,w11,2026-04-13,2026-04-14,2026-04-20,300037,0.03225806451612904,0.926191883767535,-0.013099747474747403,-0.0004225724991854002,
short_aggressive_medium_capacity,w11,2026-04-13,2026-04-14,2026-04-20,600118,0.03225806451612904,0.9901628256513026,0.17416149068322984,0.005618112602684834,
short_aggressive_medium_capacity,w11,2026-04-13,2026-04-14,2026-04-20,603786,0.03225806451612904,0.9639529058116233,0.02588996763754059,0.0008351602463722772,
short_aggressive_medium_capacity,w11,2026-04-13,2026-04-14,2026-04-20,003031,0.03225806451612904,0.927939378757515,0.14322766570605205,0.00462024728084039,
short_aggressive_medium_capacity,w11,2026-04-13,2026-04-14,2026-04-20,002821,0.03225806451612904,0.9296868737474949,-0.05985449735449733,-0.0019307902372418496,
short_aggressive_medium_capacity,w11,2026-04-13,2026-04-14,2026-04-20,603688,0.03225806451612904,0.9330726452905811,0.007514336563179791,0.00024239795365096103,
short_aggressive_medium_capacity,w11,2026-04-13,2026-04-14,2026-04-20,600392,0.03225806451612904,0.9331818637274549,0.05570812083169874,0.00179703615586125,
short_aggressive_medium_capacity,w11,2026-04-13,2026-04-14,2026-04-20,002831,0.03225806451612904,0.9332910821643287,-0.01339046598821636,-0.00043195051574891494,
short_aggressive_medium_capacity,w11,2026-04-13,2026-04-14,2026-04-20,603228,0.03225806451612904,0.9351653306613227,0.06307490144546635,0.0020346742401763343,
short_aggressive_medium_capacity,w11,2026-04-13,2026-04-14,2026-04-20,603920,0.03225806451612904,0.9389704408817635,0.06851579720793533,0.0022101870067075917,
short_aggressive_medium_capacity,w11,2026-04-13,2026-04-14,2026-04-20,688002,0.03225806451612904,0.9397349699398797,0.10261147031656725,0.0033100474295666865,
short_aggressive_medium_capacity,w11,2026-04-13,2026-04-14,2026-04-20,300570,0.03225806451612904,0.9426838677354709,0.006222547584187277,0.00020072734142539606,
short_aggressive_medium_capacity,w11,2026-04-13,2026-04-14,2026-04-20,002432,0.03225806451612904,0.9435576152304609,-0.06575119283137443,-0.0021210062203669174,
short_aggressive_medium_capacity,w11,2026-04-13,2026-04-14,2026-04-20,002281,0.03225806451612904,0.9441037074148296,0.05557021014683894,0.001792587424091579,
short_aggressive_medium_capacity,w11,2026-04-13,2026-04-14,2026-04-20,000657,0.03225806451612904,0.9587865731462926,0.210754912099276,0.00679854555158955,
short_aggressive_medium_capacity,w11,2026-04-13,2026-04-14,2026-04-20,688676,0.03225806451612904,0.9588046092184368,0.07506605813115552,0.0024214857461663077,
short_aggressive_medium_capacity,w11,2026-04-13,2026-04-14,2026-04-20,301200,0.03225806451612904,0.9692895791583166,0.12480218281036848,0.004025876864850597,
short_aggressive_medium_capacity,w11,2026-04-13,2026-04-14,2026-04-20,603979,0.03225806451612904,0.9879098196392785,0.06236451559112899,0.002011758567455774,
short_aggressive_medium_capacity,w11,2026-04-13,2026-04-14,2026-04-20,605589,0.03225806451612904,0.9693987975951903,-0.019461476939482747,-0.000627789578692992,
short_aggressive_medium_capacity,w11,2026-04-13,2026-04-14,2026-04-20,002008,0.03225806451612904,0.9711462925851703,0.1768276590129323,0.005704118032675236,
short_aggressive_medium_capacity,w11,2026-04-13,2026-04-14,2026-04-20,688180,0.03225806451612904,0.9722384769539077,0.03872985325956213,0.0012493501051471657,
short_aggressive_medium_capacity,w11,2026-04-13,2026-04-14,2026-04-20,000703,0.03225806451612904,0.9724569138276552,0.0006540222367561466,2.1097491508262795e-05,
short_aggressive_medium_capacity,w11,2026-04-13,2026-04-14,2026-04-20,688234,0.03225806451612904,0.9726753507014028,0.048221174453493276,0.0015555217565642995,
short_aggressive_medium_capacity,w11,2026-04-13,2026-04-14,2026-04-20,300604,0.03225806451612904,0.9727845691382765,0.12203414886540043,0.003936585447270983,
short_aggressive_medium_capacity,w11,2026-04-13,2026-04-14,2026-04-20,002436,0.03225806451612904,0.9739859719438877,0.05231866825208087,0.0016876989758735767,
short_aggressive_medium_capacity,w11,2026-04-13,2026-04-14,2026-04-20,002837,0.03225806451612904,0.9752965931863726,0.17713396850087504,0.005713998983899196,
short_aggressive_medium_capacity,w11,2026-04-13,2026-04-14,2026-04-20,688629,0.03225806451612904,0.9755150300601202,0.11218180358146634,0.003618767857466657,
short_aggressive_medium_capacity,w11,2026-04-13,2026-04-14,2026-04-20,002202,0.03225806451612904,0.9766072144288577,0.10149130074565038,0.003273912927279045,
short_aggressive_medium_capacity,w11,2026-04-13,2026-04-14,2026-04-20,002025,0.03225806451612904,0.9768256513026051,0.04007238883143738,0.0012926577042399157,
short_aggressive_medium_capacity,w11,2026-04-13,2026-04-14,2026-04-20,601106,0.03225806451612904,0.9837189378757515,0.028708133971291794,0.0009260688377836064,
short_aggressive_medium_capacity,w11,2026-04-13,2026-04-14,2026-04-20,603179,0.03225806451612904,0.986129258517034,0.03501129396579561,0.001129396579541794,
short_aggressive_medium_capacity,w11,2026-04-13,2026-04-14,2026-04-20,300037,0.03225806451612904,0.926191883767535,-0.013099747474747403,-0.0004225724991854002,
short_aggressive_wide_capacity,w11,2026-04-13,2026-04-14,2026-04-20,002281,0.036000000004219955,0.996431863727455,0.05557021014683894,0.0020005275655207056,
short_aggressive_wide_capacity,w11,2026-04-13,2026-04-14,2026-04-20,002202,0.036000000004219955,0.9609544088176353,0.10149130074565038,0.0036536868272717023,
short_aggressive_wide_capacity,w11,2026-04-13,2026-04-14,2026-04-20,002432,0.036000000004219955,0.9944278557114228,-0.06575119283137443,-0.0023670429422069463,
short_aggressive_wide_capacity,w11,2026-04-13,2026-04-14,2026-04-20,300395,0.036000000004219955,0.9492560120240481,0.01845730027548198,0.0006644628099952403,
short_aggressive_wide_capacity,w11,2026-04-13,2026-04-14,2026-04-20,301308,0.036000000004219955,0.9508852705410822,0.05842031029619177,0.002103131170909435,
short_aggressive_wide_capacity,w11,2026-04-13,2026-04-14,2026-04-20,002025,0.036000000004219955,0.9509674348697394,0.04007238883143738,0.0014426059981008494,
short_aggressive_wide_capacity,w11,2026-04-13,2026-04-14,2026-04-20,300223,0.036000000004219955,0.95688126252505,0.07888403601033978,0.002839825296705119,
short_aggressive_wide_capacity,w11,2026-04-13,2026-04-14,2026-04-20,301536,0.036000000004219955,0.9603351703406813,0.041347424042271985,0.0014885072656962758,
short_aggressive_wide_capacity,w11,2026-04-13,2026-04-14,2026-04-20,301611,0.036000000004219955,0.9695651302605209,0.0761044824250241,0.002739761367622025,
short_aggressive_wide_capacity,w11,2026-04-13,2026-04-14,2026-04-20,301200,0.036000000004219955,0.9709989979959919,0.12480218281036848,0.004492878581699925,
short_aggressive_wide_capacity,w11,2026-04-13,2026-04-14,2026-04-20,688525,0.036000000004219955,0.9784203406813627,0.05022474105921426,0.0018080906783436595,
short_aggressive_wide_capacity,w11,2026-04-13,2026-04-14,2026-04-20,003031,0.036000000004219955,0.9791452905811622,0.14322766570605205,0.005156195966022288,
short_aggressive_wide_capacity,w11,2026-04-13,2026-04-14,2026-04-20,688702,0.036000000004219955,0.9792755511022044,0.05440078673282378,0.001958428322611225,
short_aggressive_wide_capacity,w11,2026-04-13,2026-04-14,2026-04-20,300390,0.036000000004219955,0.9898251503006013,0.07992518703241891,0.0028773067335043615,
short_aggressive_wide_capacity,w11,2026-04-13,2026-04-14,2026-04-20,001389,0.036000000004219955,0.9027655310621242,0.12348484848484853,0.004445454545975647,
short_aggressive_wide_capacity,w11,2026-04-13,2026-04-14,2026-04-20,688709,0.036000000000000004,0.9081988977955912,0.045241443975621465,0.0016286919831223728,
short_aggressive_wide_capacity,w11,2026-04-13,2026-04-14,2026-04-20,600602,0.036000000000000004,0.8865295591182365,-0.02786885245901638,-0.0010032786885245898,
short_aggressive_wide_capacity,w11,2026-04-13,2026-04-14,2026-04-20,300757,0.036000000000000004,0.8892264529058116,0.05713189409697694,0.0020567481874911703,
short_aggressive_wide_capacity,w11,2026-04-13,2026-04-14,2026-04-20,000060,0.036000000000000004,0.8893642284569139,0.08188976377952772,0.0029480314960629982,
short_aggressive_wide_capacity,w11,2026-04-13,2026-04-14,2026-04-20,600392,0.036000000000000004,0.9399694388777555,0.05570812083169874,0.002005492349941155,
short_aggressive_wide_capacity,w11,2026-04-13,2026-04-14,2026-04-20,002335,0.036000000000000004,0.9125976953907816,0.08215010141987822,0.0029574036511156162,
short_aggressive_wide_capacity,w11,2026-04-13,2026-04-14,2026-04-20,688629,0.036000000000000004,0.9144639278557114,0.11218180358146634,0.004038544928932789,
short_aggressive_wide_capacity,w11,2026-04-13,2026-04-14,2026-04-20,300054,0.036000000000000004,0.9297049098196393,0.016253869969040213,0.0005851393188854477,
short_aggressive_wide_capacity,w11,2026-04-13,2026-04-14,2026-04-20,000021,0.036000000000000004,0.9337780561122245,0.030088495575221197,0.0010831858407079633,
short_aggressive_wide_capacity,w11,2026-04-13,2026-04-14,2026-04-20,300207,0.036000000000000004,0.9411097194388778,0.003455425017277136,0.00012439530062197693,
short_aggressive_wide_capacity,w11,2026-04-13,2026-04-14,2026-04-20,002261,0.03333333331223356,0.8860085170340681,0.04667963323145319,0.001555987773396843,
short_aggressive_wide_capacity,w11,2026-04-13,2026-04-14,2026-04-20,600118,0.02666666664978681,0.8821132264529058,0.17416149068322984,0.004644306415279641,
short_aggressive_wide_capacity,w11,2026-04-13,2026-04-14,2026-04-20,600879,0.019999999987340117,0.8821132264529058,0.19354838709677424,0.003870967739485185,
short_aggressive_wide_capacity,w11,2026-04-13,2026-04-14,2026-04-20,002851,0.013333333324893405,0.874374248496994,0.07276208712302523,0.0009701611610262297,
short_aggressive_wide_capacity,w11,2026-04-13,2026-04-14,2026-04-20,300567,0.0066666666624467024,0.874374248496994,0.011140750039227987,7.427166688117301e-05,
stable_compact_capacity,w11,2026-04-13,2026-04-14,2026-04-20,300390,0.030303030303030304,0.9990200400801603,0.07992518703241891,0.0024219753646187547,
stable_compact_capacity,w11,2026-04-13,2026-04-14,2026-04-20,600549,0.030303030303030304,0.9341322645290582,0.09458297506448843,0.0028661507595299524,
stable_compact_capacity,w11,2026-04-13,2026-04-14,2026-04-20,600497,0.030303030303030304,0.9332064128256513,0.1007194244604317,0.0030521037715282332,
stable_compact_capacity,w11,2026-04-13,2026-04-14,2026-04-20,601958,0.030303030303030304,0.9333827655310621,0.05661375661375656,0.0017155683822350474,
stable_compact_capacity,w11,2026-04-13,2026-04-14,2026-04-20,688027,0.030303030303030304,0.9334709418837676,0.08195527063451591,0.002483493049530785,
stable_compact_capacity,w11,2026-04-13,2026-04-14,2026-04-20,002851,0.030303030303030304,0.9335150300601203,0.07276208712302523,0.0022049117310007646,
stable_compact_capacity,w11,2026-04-13,2026-04-14,2026-04-20,301200,0.030303030303030304,0.933559118236473,0.12480218281036848,0.003781884327586924,
stable_compact_capacity,w11,2026-04-13,2026-04-14,2026-04-20,300604,0.030303030303030304,0.9336913827655311,0.12203414886540043,0.0036980045110727405,
stable_compact_capacity,w11,2026-04-13,2026-04-14,2026-04-20,688568,0.030303030303030304,0.9337354709418838,0.0913043478260871,0.0027667984189723364,
stable_compact_capacity,w11,2026-04-13,2026-04-14,2026-04-20,688387,0.030303030303030304,0.9337795591182365,0.21091644204851745,0.006391407334803559,
stable_compact_capacity,w11,2026-04-13,2026-04-14,2026-04-20,300857,0.030303030303030304,0.9338236472945892,0.480721153846154,0.014567307692307697,
stable_compact_capacity,w11,2026-04-13,2026-04-14,2026-04-20,300751,0.030303030303030304,0.9338677354709419,0.12125762552792119,0.0036744735008460965,
stable_compact_capacity,w11,2026-04-13,2026-04-14,2026-04-20,300223,0.030303030303030304,0.9339118236472946,0.07888403601033978,0.00239042533364666,
stable_compact_capacity,w11,2026-04-13,2026-04-14,2026-04-20,000060,0.030303030303030304,0.9339559118236473,0.08188976377952772,0.002481507993319022,
stable_compact_capacity,w11,2026-04-13,2026-04-14,2026-04-20,688002,0.030303030303030304,0.934,0.10261147031656725,0.003109438494441432,
stable_compact_capacity,w11,2026-04-13,2026-04-14,2026-04-20,603920,0.030303030303030304,0.9340440881763528,0.06851579720793533,0.0020762362790283434,
stable_compact_capacity,w11,2026-04-13,2026-04-14,2026-04-20,000426,0.030303030303030304,0.9341763527054109,0.06460674157303359,0.0019577800476676846,
stable_compact_capacity,w11,2026-04-13,2026-04-14,2026-04-20,600166,0.030303030303030304,0.9935470941883767,-0.07356948228882831,-0.0022293782511766157,
stable_compact_capacity,w11,2026-04-13,2026-04-14,2026-04-20,300383,0.030303030303030304,0.9342204408817636,0.011931818181817988,0.0003615702479338784,
stable_compact_capacity,w11,2026-04-13,2026-04-14,2026-04-20,601212,0.030303030303030304,0.9342645290581163,0.017456359102244523,0.0005289805788558946,
stable_compact_capacity,w11,2026-04-13,2026-04-14,2026-04-20,688629,0.030303030303030304,0.9343527054108216,0.11218180358146634,0.003399448593377768,
stable_compact_capacity,w11,2026-04-13,2026-04-14,2026-04-20,688375,0.030303030303030304,0.9346613226452906,0.26877828054298636,0.008144796380090497,
stable_compact_capacity,w11,2026-04-13,2026-04-14,2026-04-20,002436,0.030303030303030304,0.9347054108216433,0.05231866825208087,0.0015854141894569961,
stable_compact_capacity,w11,2026-04-13,2026-04-14,2026-04-20,002008,0.030303030303030304,0.9348376753507014,0.1768276590129323,0.005358413909482797,
stable_compact_capacity,w11,2026-04-13,2026-04-14,2026-04-20,688702,0.030303030303030304,0.9348817635270541,0.05440078673282378,0.001648508688873448,
stable_compact_capacity,w11,2026-04-13,2026-04-14,2026-04-20,000960,0.030303030303030304,0.9349258517034068,0.1507814894269075,0.004569136043239622,
stable_compact_capacity,w11,2026-04-13,2026-04-14,2026-04-20,301611,0.030303030303030304,0.9350581162324649,0.0761044824250241,0.0023061964371219423,
stable_compact_capacity,w11,2026-04-13,2026-04-14,2026-04-20,002202,0.030303030303030304,0.9351462925851703,0.10149130074565038,0.0030754939619894056,
stable_compact_capacity,w11,2026-04-13,2026-04-14,2026-04-20,600879,0.030303030303030304,0.9352344689378758,0.19354838709677424,0.005865102639296189,
stable_compact_capacity,w11,2026-04-13,2026-04-14,2026-04-20,000951,0.030303030303030304,0.9834949899799599,-0.10745365115399164,-0.0032561712470906556,
stable_compact_capacity,w11,2026-04-13,2026-04-14,2026-04-20,002432,0.030303030303030304,0.9852204408817635,-0.06575119283137443,-0.001992460388829528,
stable_compact_capacity,w11,2026-04-13,2026-04-14,2026-04-20,000967,0.030303030303030304,0.9886092184368738,0.326434619002822,0.009891958151600667,
stable_compact_capacity,w11,2026-04-13,2026-04-14,2026-04-20,300017,0.030303030303030304,0.9331623246492986,0.02753303964757703,0.0008343345347750615,
stable_compact_current,w11,2026-04-13,2026-04-14,2026-04-20,000039,0.03253310000000001,0.9012224448897797,-0.03130287648054153,-0.0010183796108291059,
stable_compact_current,w11,2026-04-13,2026-04-14,2026-04-20,003031,0.03253310000000001,0.9012224448897797,0.14322766570605205,0.004659639971181563,
stable_compact_current,w11,2026-04-13,2026-04-14,2026-04-20,688702,0.03253310000000001,0.9012224448897797,0.05440078673282378,0.0017698262348576298,
stable_compact_current,w11,2026-04-13,2026-04-14,2026-04-20,688002,0.03253310000000001,0.9012224448897797,0.10261147031656725,0.003338269224955915,
stable_compact_current,w11,2026-04-13,2026-04-14,2026-04-20,603077,0.03253310000000001,0.9012224448897797,0.09030100334448155,0.0029377715719063535,
stable_compact_current,w11,2026-04-13,2026-04-14,2026-04-20,001389,0.03253310000000001,0.9012224448897797,0.12348484848484853,0.0040173449242424265,
stable_compact_current,w11,2026-04-13,2026-04-14,2026-04-20,300383,0.03253310000000001,0.9012224448897797,0.011931818181817988,0.0003881790340909029,
stable_compact_current,w11,2026-04-13,2026-04-14,2026-04-20,300285,0.03253310000000001,0.9012224448897797,0.04089979550102263,0.0013305971370143196,
stable_compact_current,w11,2026-04-13,2026-04-14,2026-04-20,300054,0.03253310000000001,0.9012224448897797,0.016253869969040213,0.0005287887770897824,
stable_compact_current,w11,2026-04-13,2026-04-14,2026-04-20,300017,0.03253310000000001,0.9012224448897797,0.02753303964757703,0.0008957351321585885,
stable_compact_current,w11,2026-04-13,2026-04-14,2026-04-20,300395,0.03253310000000001,0.9012224448897797,0.01845730027548198,0.000600473195592283,
stable_compact_current,w11,2026-04-13,2026-04-14,2026-04-20,002436,0.03253310000000001,0.9012224448897797,0.05231866825208087,0.0017020884661117727,
stable_compact_current,w11,2026-04-13,2026-04-14,2026-04-20,002429,0.03253310000000001,0.9012224448897797,0.05791505791505802,0.0018841563706563746,
stable_compact_current,w11,2026-04-13,2026-04-14,2026-04-20,002008,0.03253310000000001,0.9012224448897797,0.1768276590129323,0.0057527519134336295,
stable_compact_current,w11,2026-04-13,2026-04-14,2026-04-20,002025,0.03253310000000001,0.9012224448897797,0.04007238883143738,0.0013036790330920357,
stable_compact_current,w11,2026-04-13,2026-04-14,2026-04-20,002080,0.03253310000000001,0.9012224448897797,-0.01695253290785803,-0.0005515184483446362,
stable_compact_current,w11,2026-04-13,2026-04-14,2026-04-20,002273,0.03253310000000001,0.8862269539078156,0.03006276841757516,0.0009780350512058147,
stable_compact_current,w11,2026-04-13,2026-04-14,2026-04-20,002126,0.03253310000000001,0.9012224448897797,0.04487722269263328,0.0014599951735817082,
stable_compact_current,w11,2026-04-13,2026-04-14,2026-04-20,002281,0.03253310000000001,0.9012224448897797,0.05557021014683894,0.0018078712037281263,
stable_compact_current,w11,2026-04-13,2026-04-14,2026-04-20,002353,0.03253310000000001,0.9012224448897797,0.056296428891076555,0.0018314973507562832,
stable_compact_current,w11,2026-04-13,2026-04-14,2026-04-20,300604,0.03175800000000001,0.9012224448897797,0.12203414886540043,0.003875560499667388,
stable_compact_current,w11,2026-04-13,2026-04-14,2026-04-20,300757,0.03175800000000001,0.9012224448897797,0.05713189409697694,0.0018143946927317942,
stable_compact_current,w11,2026-04-13,2026-04-14,2026-04-20,301200,0.03175800000000001,0.9012224448897797,0.12480218281036848,0.003963467721691683,
stable_compact_current,w11,2026-04-13,2026-04-14,2026-04-20,301308,0.03175800000000001,0.9012224448897797,0.05842031029619177,0.0018553122143864587,
stable_compact_current,w11,2026-04-13,2026-04-14,2026-04-20,300570,0.03175800000000001,0.9012224448897797,0.006222547584187277,0.0001976156661786196,
stable_compact_current,w11,2026-04-13,2026-04-14,2026-04-20,600498,0.03175800000000001,0.9012224448897797,0.05581024516643396,0.0017724217659956102,
stable_compact_current,w11,2026-04-13,2026-04-14,2026-04-20,601231,0.03175800000000001,0.9012224448897797,0.13349384697699285,0.00423949759229534,
stable_compact_current,w11,2026-04-13,2026-04-14,2026-04-20,603688,0.03175800000000001,0.9012224448897797,0.007514336563179791,0.00023864030057346386,
stable_compact_current,w11,2026-04-13,2026-04-14,2026-04-20,688525,0.03175800000000001,0.9012224448897797,0.05022474105921426,0.0015950373265585269,
stable_compact_current,w11,2026-04-13,2026-04-14,2026-04-20,688629,0.03175800000000001,0.9012224448897797,0.11218180358146634,0.0035626697181402093,
stable_compact_current,w11,2026-04-13,2026-04-14,2026-04-20,301536,0.03175800000000001,0.9012224448897797,0.041347424042271985,0.0013131114927344742,
stable_extra_wide_capacity,w11,2026-04-13,2026-04-14,2026-04-20,002432,0.02173913043478261,0.9982815631262525,-0.06575119283137443,-0.0014293737572037921,
stable_extra_wide_capacity,w11,2026-04-13,2026-04-14,2026-04-20,688608,0.02173913043478261,0.8997645290581162,0.020266666666666655,0.0004405797101449273,
stable_extra_wide_capacity,w11,2026-04-13,2026-04-14,2026-04-20,002044,0.02173913043478261,0.9083617234468939,0.024714828897338448,0.000537278889072575,
stable_extra_wide_capacity,w11,2026-04-13,2026-04-14,2026-04-20,002429,0.02173913043478261,0.907935871743487,0.05791505791505802,0.0012590229981534354,
stable_extra_wide_capacity,w11,2026-04-13,2026-04-14,2026-04-20,300390,0.02173913043478261,0.9065781563126254,0.07992518703241891,0.0017375040659221505,
stable_extra_wide_capacity,w11,2026-04-13,2026-04-14,2026-04-20,600879,0.02173913043478261,0.906503006012024,0.19354838709677424,0.004207573632538571,
stable_extra_wide_capacity,w11,2026-04-13,2026-04-14,2026-04-20,688281,0.02173913043478261,0.905495991983968,0.04703504043126672,0.0010225008789405809,
stable_extra_wide_capacity,w11,2026-04-13,2026-04-14,2026-04-20,002156,0.02173913043478261,0.9050701402805611,0.062212486308871995,0.0013524453545406957,
stable_extra_wide_capacity,w11,2026-04-13,2026-04-14,2026-04-20,003031,0.02173913043478261,0.9036372745490981,0.14322766570605205,0.003113644906653306,
stable_extra_wide_capacity,w11,2026-04-13,2026-04-14,2026-04-20,601168,0.02173913043478261,0.9014879759519039,0.06110501280643987,0.0013283698436182584,
stable_extra_wide_capacity,w11,2026-04-13,2026-04-14,2026-04-20,688027,0.02173913043478261,0.9014879759519039,0.08195527063451591,0.0017816363181416505,
stable_extra_wide_capacity,w11,2026-04-13,2026-04-14,2026-04-20,000426,0.02173913043478261,0.8993386773547095,0.06460674157303359,0.0014044943820224695,
stable_extra_wide_capacity,w11,2026-04-13,2026-04-14,2026-04-20,300570,0.02173913043478261,0.9908366733466935,0.006222547584187277,0.00013527277356928865,
stable_extra_wide_capacity,w11,2026-04-13,2026-04-14,2026-04-20,002195,0.02173913043478261,0.8964729458917836,0.02414928649835346,0.0005249844890946406,
stable_extra_wide_capacity,w11,2026-04-13,2026-04-14,2026-04-20,600392,0.02173913043478261,0.8950400801603207,0.05570812083169874,0.0012110461050369292,
stable_extra_wide_capacity,w11,2026-04-13,2026-04-14,2026-04-20,000032,0.02173913043478261,0.8940330661322646,0.03761061946902666,0.0008176221623701449,
stable_extra_wide_capacity,w11,2026-04-13,2026-04-14,2026-04-20,300373,0.02173913043478261,0.8936072144288578,0.0554981930820857,0.001206482458306211,
stable_extra_wide_capacity,w11,2026-04-13,2026-04-14,2026-04-20,603077,0.02173913043478261,0.8911673346693387,0.09030100334448155,0.001963065290097425,
stable_extra_wide_capacity,w11,2026-04-13,2026-04-14,2026-04-20,300751,0.02173913043478261,0.8907414829659319,0.12125762552792119,0.0026360353375635046,
stable_extra_wide_capacity,w11,2026-04-13,2026-04-14,2026-04-20,688220,0.02173913043478261,0.8897344689378757,0.2810333106730116,0.006109419797239384,
stable_extra_wide_capacity,w11,2026-04-13,2026-04-14,2026-04-20,688568,0.02173913043478261,0.889308617234469,0.0913043478260871,0.0019848771266540674,
stable_extra_wide_capacity,w11,2026-04-13,2026-04-14,2026-04-20,300857,0.02173913043478261,0.887875751503006,0.480721153846154,0.01045045986622074,
stable_extra_wide_capacity,w11,2026-04-13,2026-04-14,2026-04-20,300567,0.02173913043478261,0.9100851703406814,0.011140750039227987,0.0002421902182440867,
stable_extra_wide_capacity,w11,2026-04-13,2026-04-14,2026-04-20,002851,0.02173913043478261,0.9100851703406814,0.07276208712302523,0.0015817845026744619,
stable_extra_wide_capacity,w11,2026-04-13,2026-04-14,2026-04-20,601231,0.02173913043478261,0.9122344689378757,0.13349384697699285,0.002902040151673758,
stable_extra_wide_capacity,w11,2026-04-13,2026-04-14,2026-04-20,000060,0.02173913043478261,0.9140931863727455,0.08188976377952772,0.00178021225607669,
stable_extra_wide_capacity,w11,2026-04-13,2026-04-14,2026-04-20,002335,0.02173913043478261,0.9656763527054109,0.08215010141987822,0.0017858717699973528,
stable_extra_wide_capacity,w11,2026-04-13,2026-04-14,2026-04-20,301536,0.02173913043478261,0.962810621242485,0.041347424042271985,0.0008988570443972172,
stable_extra_wide_capacity,w11,2026-04-13,2026-04-14,2026-04-20,301611,0.02173913043478261,0.959944889779559,0.0761044824250241,0.0016544452701092198,
stable_extra_wide_capacity,w11,2026-04-13,2026-04-14,2026-04-20,002409,0.02173913043478261,0.9398847695390782,0.010518934081346298,0.0002286724800292674,
stable_extra_wide_capacity,w11,2026-04-13,2026-04-14,2026-04-20,002281,0.02173913043478261,0.9394589178356714,0.05557021014683894,0.0012080480466704119,
stable_extra_wide_capacity,w11,2026-04-13,2026-04-14,2026-04-20,301308,0.02173913043478261,0.9351603206412826,0.05842031029619177,0.0012700067455693863,
stable_extra_wide_capacity,w11,2026-04-13,2026-04-14,2026-04-20,300285,0.02173913043478261,0.9341533066132266,0.04089979550102263,0.000889125989152666,
stable_extra_wide_capacity,w11,2026-04-13,2026-04-14,2026-04-20,301200,0.02173913043478261,0.9337274549098197,0.12480218281036848,0.002713090930660185,
stable_extra_wide_capacity,w11,2026-04-13,2026-04-14,2026-04-20,300679,0.02173913043478261,0.9320891783567136,0.02129673450070979,0.00046297248914586506,
stable_extra_wide_capacity,w11,2026-04-13,2026-04-14,2026-04-20,002202,0.02173913043478261,0.9308617234468938,0.10149130074565038,0.0022063326249054434,
stable_extra_wide_capacity,w11,2026-04-13,2026-04-14,2026-04-20,300223,0.02173913043478261,0.9294288577154308,0.07888403601033978,0.0017148703480508649,
stable_extra_wide_capacity,w11,2026-04-13,2026-04-14,2026-04-20,300395,0.02173913043478261,0.927995991983968,0.01845730027548198,0.0004012456581626518,
stable_extra_wide_capacity,w11,2026-04-13,2026-04-14,2026-04-20,603688,0.02173913043478261,0.9277905811623247,0.007514336563179791,0.00016335514267782155,
stable_extra_wide_capacity,w11,2026-04-13,2026-04-14,2026-04-20,300699,0.02173913043478261,0.926988977955912,0.0610140360928102,0.001326392088974135,
stable_extra_wide_capacity,w11,2026-04-13,2026-04-14,2026-04-20,000021,0.02173913043478261,0.9251302605210421,0.030088495575221197,0.000654097729896113,
stable_extra_wide_capacity,w11,2026-04-13,2026-04-14,2026-04-20,300136,0.02173913043478261,0.9222645290581163,0.22442555870317915,0.004878816493547373,
stable_extra_wide_capacity,w11,2026-04-13,2026-04-14,2026-04-20,300054,0.02173913043478261,0.9193987975951904,0.016253869969040213,0.0003533449993269612,
stable_extra_wide_capacity,w11,2026-04-13,2026-04-14,2026-04-20,300604,0.02173913043478261,0.9165330661322645,0.12203414886540043,0.002652916279682618,
stable_extra_wide_capacity,w11,2026-04-13,2026-04-14,2026-04-20,600118,0.02173913043478261,0.9151002004008016,0.17416149068322984,0.00378611936267891,
stable_extra_wide_capacity,w11,2026-04-13,2026-04-14,2026-04-20,600549,0.02173913043478261,0.8864428857715432,0.09458297506448843,0.0020561516318367053,
stable_medium_capacity,w11,2026-04-13,2026-04-14,2026-04-20,300390,0.01075268817204301,0.9987700400801605,0.07992518703241891,0.0008594106132518162,
stable_medium_capacity,w11,2026-04-13,2026-04-14,2026-04-20,688002,0.01075268817204301,0.8226803607214429,0.10261147031656725,0.0011033491431888952,
stable_medium_capacity,w11,2026-04-13,2026-04-14,2026-04-20,603920,0.01075268817204301,0.8158416833667335,0.06851579720793533,0.0007367290022358636,
stable_medium_capacity,w11,2026-04-13,2026-04-14,2026-04-20,300735,0.01075268817204301,0.8170165330661322,0.09508644222020024,0.0010224348625827982,
stable_medium_capacity,w11,2026-04-13,2026-04-14,2026-04-20,601611,0.01075268817204301,0.8172094188376754,0.024096385542168752,0.00025910091980826613,
stable_medium_capacity,w11,2026-04-13,2026-04-14,2026-04-20,300567,0.01075268817204301,0.81812124248497,0.011140750039227987,0.00011979301117449447,
stable_medium_capacity,w11,2026-04-13,2026-04-14,2026-04-20,300058,0.01075268817204301,0.8190330661322646,0.18077388149939555,0.0019438051774128553,
stable_medium_capacity,w11,2026-04-13,2026-04-14,2026-04-20,600549,0.01075268817204301,0.8194889779559118,0.09458297506448843,0.0010170212372525636,
stable_medium_capacity,w11,2026-04-13,2026-04-14,2026-04-20,688387,0.01075268817204301,0.8208567134268537,0.21091644204851745,0.0022679187317044885,
stable_medium_capacity,w11,2026-04-13,2026-04-14,2026-04-20,000426,0.01075268817204301,0.821312625250501,0.06460674157303359,0.0006946961459465977,
stable_medium_capacity,w11,2026-04-13,2026-04-14,2026-04-20,300054,0.01075268817204301,0.8217685370741483,0.016253869969040213,0.0001747727953660238,
stable_medium_capacity,w11,2026-04-13,2026-04-14,2026-04-20,300604,0.01075268817204301,0.8231362725450901,0.12203414886540043,0.001312195149090327,
stable_medium_capacity,w11,2026-04-13,2026-04-14,2026-04-20,600118,0.01075268817204301,0.8295190380761523,0.17416149068322984,0.0018727042008949443,
stable_medium_capacity,w11,2026-04-13,2026-04-14,2026-04-20,301200,0.01075268817204301,0.8235921843687375,0.12480218281036848,0.0013419589549501986,
stable_medium_capacity,w11,2026-04-13,2026-04-14,2026-04-20,300757,0.01075268817204301,0.8240480961923848,0.05713189409697694,0.0006143214419029778,
stable_medium_capacity,w11,2026-04-13,2026-04-14,2026-04-20,688375,0.01075268817204301,0.8245040080160321,0.26877828054298636,0.002890089038096627,
stable_medium_capacity,w11,2026-04-13,2026-04-14,2026-04-20,300676,0.01075268817204301,0.8252229458917835,0.013052208835341306,0.00014034633156280972,
stable_medium_capacity,w11,2026-04-13,2026-04-14,2026-04-20,002025,0.01075268817204301,0.8254158316633267,0.04007238883143738,0.0004308859014133051,
stable_medium_capacity,w11,2026-04-13,2026-04-14,2026-04-20,300383,0.01075268817204301,0.825871743486974,0.011931818181817988,0.00012829912023460202,
stable_medium_capacity,w11,2026-04-13,2026-04-14,2026-04-20,002273,0.01075268817204301,0.8272394789579158,0.03006276841757516,0.00032325557438252857,
stable_medium_capacity,w11,2026-04-13,2026-04-14,2026-04-20,002138,0.01075268817204301,0.82750250501002,0.01909169800404964,0.0002052870753123617,
stable_medium_capacity,w11,2026-04-13,2026-04-14,2026-04-20,002436,0.01075268817204301,0.8276953907815632,0.05231866825208087,0.0005625663252911921,
stable_medium_capacity,w11,2026-04-13,2026-04-14,2026-04-20,601212,0.01075268817204301,0.8153857715430862,0.017456359102244523,0.00018770278604564002,
stable_medium_capacity,w11,2026-04-13,2026-04-14,2026-04-20,000050,0.01075268817204301,0.815192885771543,0.01568154402895061,0.00016861875299946892,
stable_medium_capacity,w11,2026-04-13,2026-04-14,2026-04-20,300223,0.01075268817204301,0.8135621242484969,0.07888403601033978,0.0008482154409713954,
stable_medium_capacity,w11,2026-04-13,2026-04-14,2026-04-20,002429,0.01075268817204301,0.8126503006012025,0.05791505791505802,0.0006227425582264303,
stable_medium_capacity,w11,2026-04-13,2026-04-14,2026-04-20,688018,0.01075268817204301,0.8037950901803607,0.1527571794526088,0.0016425503166947182,
stable_medium_capacity,w11,2026-04-13,2026-04-14,2026-04-20,002353,0.01075268817204301,0.8039879759519037,0.056296428891076555,0.0006053379450653393,
stable_medium_capacity,w11,2026-04-13,2026-04-14,2026-04-20,002465,0.01075268817204301,0.8044438877755511,0.11627906976744184,0.0012503125781445359,
stable_medium_capacity,w11,2026-04-13,2026-04-14,2026-04-20,300136,0.01075268817204301,0.805811623246493,0.22442555870317915,0.0024131780505718186,
stable_medium_capacity,w11,2026-04-13,2026-04-14,2026-04-20,000825,0.01075268817204301,0.8060746492985971,0.04545454545454519,0.0004887585532746795,
stable_medium_capacity,w11,2026-04-13,2026-04-14,2026-04-20,002738,0.01075268817204301,0.8062675350701403,0.004100337674867394,4.408965241792896e-05,
stable_medium_capacity,w11,2026-04-13,2026-04-14,2026-04-20,688019,0.01075268817204301,0.8067234468937876,-0.03521623315575062,-0.00037866917371774856,
stable_medium_capacity,w11,2026-04-13,2026-04-14,2026-04-20,601608,0.01075268817204301,0.8069864729458918,0.024271844660194164,0.0002609875769913351,
stable_medium_capacity,w11,2026-04-13,2026-04-14,2026-04-20,002195,0.01075268817204301,0.8071793587174348,0.02414928649835346,0.0002596697472941232,
stable_medium_capacity,w11,2026-04-13,2026-04-14,2026-04-20,688027,0.01075268817204301,0.8076352705410822,0.08195527063451591,0.000881239469188343,
stable_medium_capacity,w11,2026-04-13,2026-04-14,2026-04-20,000519,0.01075268817204301,0.8078982965931862,0.030612244897959107,0.0003291639236339689,
stable_medium_capacity,w11,2026-04-13,2026-04-14,2026-04-20,601106,0.01075268817204301,0.8085470941883768,0.028708133971291794,0.0003086896125945354,
stable_medium_capacity,w11,2026-04-13,2026-04-14,2026-04-20,601233,0.01075268817204301,0.809003006012024,0.031055900621118182,0.0003339344152808406,
stable_medium_capacity,w11,2026-04-13,2026-04-14,2026-04-20,002266,0.01075268817204301,0.8092660320641282,0.020408163265306145,0.00021944261575598004,
stable_medium_capacity,w11,2026-04-13,2026-04-14,2026-04-20,002851,0.01075268817204301,0.810370741482966,0.07276208712302523,0.0007823880335809164,
stable_medium_capacity,w11,2026-04-13,2026-04-14,2026-04-20,300857,0.01075268817204301,0.8108266533066133,0.480721153846154,0.005169044665012408,
stable_medium_capacity,w11,2026-04-13,2026-04-14,2026-04-20,002156,0.01075268817204301,0.8112825651302605,0.062212486308871995,0.0006689514656867955,
stable_medium_capacity,w11,2026-04-13,2026-04-14,2026-04-20,600516,0.01075268817204301,0.8115455911823647,-0.010619469026548756,-0.0001141878389951479,
stable_medium_capacity,w11,2026-04-13,2026-04-14,2026-04-20,600497,0.01075268817204301,0.8117384769539078,0.1007194244604317,0.0010830045640906633,
stable_medium_capacity,w11,2026-04-13,2026-04-14,2026-04-20,301308,0.01075268817204301,0.8281513026052104,0.05842031029619177,0.0006281753795289437,
stable_medium_capacity,w11,2026-04-13,2026-04-14,2026-04-20,000960,0.01075268817204301,0.8304308617234469,0.1507814894269075,0.0016213063379237364,
stable_medium_capacity,w11,2026-04-13,2026-04-14,2026-04-20,300570,0.01075268817204301,0.9850075150300601,0.006222547584187277,6.690911380846534e-05,
stable_medium_capacity,w11,2026-04-13,2026-04-14,2026-04-20,300699,0.01075268817204301,0.90500751503006,0.0610140360928102,0.0006560649042237656,
stable_medium_capacity,w11,2026-04-13,2026-04-14,2026-04-20,605358,0.01075268817204301,0.8808441883767535,0.093329596412556,0.0010035440474468387,
stable_medium_capacity,w11,2026-04-13,2026-04-14,2026-04-20,688281,0.01075268817204301,0.8854033066132264,0.04703504043126672,0.0005057531229168464,
stable_medium_capacity,w11,2026-04-13,2026-04-14,2026-04-20,000032,0.01075268817204301,0.8881387775551102,0.03761061946902666,0.00040441526310781357,
stable_medium_capacity,w11,2026-04-13,2026-04-14,2026-04-20,688709,0.01075268817204301,0.8899624248496993,0.045241443975621465,0.0004864671395228114,
stable_medium_capacity,w11,2026-04-13,2026-04-14,2026-04-20,300285,0.01075268817204301,0.8917860721442885,0.04089979550102263,0.00043978274732282396,
stable_medium_capacity,w11,2026-04-13,2026-04-14,2026-04-20,600602,0.01075268817204301,0.8949774549098196,-0.02786885245901638,-0.0002996650802044772,
stable_medium_capacity,w11,2026-04-13,2026-04-14,2026-04-20,002335,0.01075268817204301,0.8981688376753506,0.08215010141987822,0.0008833344238696582,
stable_medium_capacity,w11,2026-04-13,2026-04-14,2026-04-20,000039,0.01075268817204301,0.9022720440881763,-0.03130287648054153,-0.00033659006968324225,
stable_medium_capacity,w11,2026-04-13,2026-04-14,2026-04-20,603077,0.01075268817204301,0.9031838677354709,0.09030100334448155,0.0009709785305858229,
stable_medium_capacity,w11,2026-04-13,2026-04-14,2026-04-20,000060,0.01075268817204301,0.9127580160320641,0.08188976377952772,0.0008805350944035238,
stable_medium_capacity,w11,2026-04-13,2026-04-14,2026-04-20,000951,0.01075268817204301,0.8309619238476954,-0.10745365115399164,-0.0011554156038063616,
stable_medium_capacity,w11,2026-04-13,2026-04-14,2026-04-20,002409,0.01075268817204301,0.9132139278557114,0.010518934081346298,0.00011310681807899244,
stable_medium_capacity,w11,2026-04-13,2026-04-14,2026-04-20,301536,0.01075268817204301,0.9287149298597194,0.041347424042271985,0.00044459595744378473,
stable_medium_capacity,w11,2026-04-13,2026-04-14,2026-04-20,002044,0.01075268817204301,0.9305385771543085,0.024714828897338448,0.0002657508483584779,
stable_medium_capacity,w11,2026-04-13,2026-04-14,2026-04-20,301611,0.01075268817204301,0.9428481963927855,0.0761044824250241,0.0008183277680110118,
stable_medium_capacity,w11,2026-04-13,2026-04-14,2026-04-20,603688,0.01075268817204301,0.947622745490982,0.007514336563179791,8.079931788365365e-05,
stable_medium_capacity,w11,2026-04-13,2026-04-14,2026-04-20,000967,0.01075268817204301,0.9718386773547094,0.326434619002822,0.0035100496666970104,
stable_medium_capacity,w11,2026-04-13,2026-04-14,2026-04-20,600166,0.01075268817204301,0.9800450901803608,-0.07356948228882831,-0.0007910697020304119,
stable_medium_capacity,w11,2026-04-13,2026-04-14,2026-04-20,300679,0.01075268817204301,0.9809043086172344,0.02129673450070979,0.00022899714516892247,
stable_medium_capacity,w11,2026-04-13,2026-04-14,2026-04-20,688629,0.01075268817204301,0.9836397795591183,0.11218180358146634,0.0012062559524888853,
stable_medium_capacity,w11,2026-04-13,2026-04-14,2026-04-20,600563,0.01075268817204301,0.8790205410821643,0.0553647709188374,0.0005953201174068538,
stable_medium_capacity,w11,2026-04-13,2026-04-14,2026-04-20,600363,0.01075268817204301,0.8781087174348696,0.053152279340446196,0.0005715298853811419,
stable_medium_capacity,w11,2026-04-13,2026-04-14,2026-04-20,600808,0.01075268817204301,0.8717259519038075,-0.01990049751243772,-0.00021398384421976042,
stable_medium_capacity,w11,2026-04-13,2026-04-14,2026-04-20,688318,0.01075268817204301,0.8708141282565129,0.03125,0.00033602150537634406,
stable_medium_capacity,w11,2026-04-13,2026-04-14,2026-04-20,300496,0.01075268817204301,0.8311497995991983,0.028963919232042334,0.0003114399917423907,
stable_medium_capacity,w11,2026-04-13,2026-04-14,2026-04-20,600879,0.01075268817204301,0.8313426853707415,0.19354838709677424,0.002081165452653486,
stable_medium_capacity,w11,2026-04-13,2026-04-14,2026-04-20,600765,0.01075268817204301,0.8316057114228457,0.025469981807155984,0.0002738707721199568,
stable_medium_capacity,w11,2026-04-13,2026-04-14,2026-04-20,002202,0.01075268817204301,0.8317985971943888,0.10149130074565038,0.0010913043090930148,
stable_medium_capacity,w11,2026-04-13,2026-04-14,2026-04-20,688220,0.01075268817204301,0.8320616232464929,0.2810333106730116,0.0030218635556237806,
stable_medium_capacity,w11,2026-04-13,2026-04-14,2026-04-20,300623,0.01075268817204301,0.8325175350701403,0.044065387348969365,0.00047382136934375656,
stable_medium_capacity,w11,2026-04-13,2026-04-14,2026-04-20,002008,0.01075268817204301,0.8340781563126253,0.1768276590129323,0.0019013726775584116,
stable_medium_capacity,w11,2026-04-13,2026-04-14,2026-04-20,003031,0.01075268817204301,0.8349899799599199,0.14322766570605205,0.0015400824269467962,
stable_medium_capacity,w11,2026-04-13,2026-04-14,2026-04-20,300627,0.01075268817204301,0.8379884769539078,0.052145411203813996,0.0005607033462775698,
stable_medium_capacity,w11,2026-04-13,2026-04-14,2026-04-20,000034,0.01075268817204301,0.8457389779559118,0.07289879931389387,0.0007838580571386437,
stable_medium_capacity,w11,2026-04-13,2026-04-14,2026-04-20,688582,0.01075268817204301,0.846194889779559,0.026547231270358296,0.00028545409968127195,
stable_medium_capacity,w11,2026-04-13,2026-04-14,2026-04-20,002432,0.01075268817204301,0.8510546092184369,-0.06575119283137443,-0.0007070020734556389,
stable_medium_capacity,w11,2026-04-13,2026-04-14,2026-04-20,688692,0.01075268817204301,0.8548572144288576,0.11812227074235815,0.0012701319434662165,
stable_medium_capacity,w11,2026-04-13,2026-04-14,2026-04-20,300002,0.01075268817204301,0.8598722444889779,0.02212855637513167,0.00023794146639926524,
stable_medium_capacity,w11,2026-04-13,2026-04-14,2026-04-20,688608,0.01075268817204301,0.8612399799599197,0.020266666666666655,0.00021792114695340486,
stable_medium_capacity,w11,2026-04-13,2026-04-14,2026-04-20,603341,0.01075268817204301,0.8616958917835671,0.017475221700573584,0.0001879056096835869,
stable_medium_capacity,w11,2026-04-13,2026-04-14,2026-04-20,001389,0.01075268817204301,0.86625501002004,0.12348484848484853,0.001327794069729554,
stable_medium_capacity,w11,2026-04-13,2026-04-14,2026-04-20,688615,0.01075268817204301,0.8694463927855711,0.09720116618075791,0.0010451738299006226,
stable_medium_capacity,w11,2026-04-13,2026-04-14,2026-04-20,000738,0.01075268817204301,0.8699023046092184,0.03975390440132509,0.00042746133764865683,
stable_medium_capacity,w11,2026-04-13,2026-04-14,2026-04-20,601958,0.01075268817204301,0.8035320641282565,0.05661375661375656,0.0006087500711156619,
balanced_extra_wide_capacity,w12,2026-04-20,2026-04-21,2026-04-27,600707,0.015625,0.9933867735470943,0.03617269544924162,0.0005651983663944003,
balanced_extra_wide_capacity,w12,2026-04-20,2026-04-21,2026-04-27,300567,0.015625,0.973997995991984,0.0843420235878336,0.0013178441185599,
balanced_extra_wide_capacity,w12,2026-04-20,2026-04-21,2026-04-27,603920,0.015625,0.925501002004008,-0.03472580367887235,-0.0005425906824823804,
balanced_extra_wide_capacity,w12,2026-04-20,2026-04-21,2026-04-27,000021,0.015625,0.9240731462925851,0.006529209621993104,0.00010201890034364225,
balanced_extra_wide_capacity,w12,2026-04-20,2026-04-21,2026-04-27,301611,0.015625,0.9231462925851703,0.15962441314554,0.0024941314553990623,
balanced_extra_wide_capacity,w12,2026-04-20,2026-04-21,2026-04-27,300395,0.015625,0.9216933867735471,-0.019926066179785318,-0.0003113447840591456,
balanced_extra_wide_capacity,w12,2026-04-20,2026-04-21,2026-04-27,002008,0.015625,0.9205911823647295,0.17369365328549002,0.0027139633325857816,
balanced_extra_wide_capacity,w12,2026-04-20,2026-04-21,2026-04-27,601168,0.015625,0.9197895791583166,-0.001034482758620725,-1.616379310344883e-05,
balanced_extra_wide_capacity,w12,2026-04-20,2026-04-21,2026-04-27,601212,0.015625,0.918436873747495,-0.06495098039215685,-0.0010148590686274508,
balanced_extra_wide_capacity,w12,2026-04-20,2026-04-21,2026-04-27,000657,0.015625,0.9129759519038076,-0.08045780662794677,-0.0012571532285616683,
balanced_extra_wide_capacity,w12,2026-04-20,2026-04-21,2026-04-27,002185,0.015625,0.9129759519038076,0.010188087774294807,0.00015918887147335636,
balanced_extra_wide_capacity,w12,2026-04-20,2026-04-21,2026-04-27,002025,0.015625,0.9127254509018037,-0.07419835943325881,-0.001159349366144669,
balanced_extra_wide_capacity,w12,2026-04-20,2026-04-21,2026-04-27,300757,0.015625,0.9113226452905812,-0.009475413594162041,-0.0001480533374087819,
balanced_extra_wide_capacity,w12,2026-04-20,2026-04-21,2026-04-27,300136,0.015625,0.9079659318637274,0.13701799485861188,0.0021409061696658106,
balanced_extra_wide_capacity,w12,2026-04-20,2026-04-21,2026-04-27,300373,0.015625,0.9077655310621242,-0.032404010760577195,-0.0005063126681340187,
balanced_extra_wide_capacity,w12,2026-04-20,2026-04-21,2026-04-27,003031,0.015625,0.9051102204408817,0.06629694983614831,0.0010358898411898174,
balanced_extra_wide_capacity,w12,2026-04-20,2026-04-21,2026-04-27,300570,0.015625,0.9042585170340682,0.08999636231356867,0.0014061931611495104,
balanced_extra_wide_capacity,w12,2026-04-20,2026-04-21,2026-04-27,600497,0.015625,0.9012274549098196,-0.020697167755991286,-0.00032339324618736384,
balanced_extra_wide_capacity,w12,2026-04-20,2026-04-21,2026-04-27,000060,0.015625,0.8997745490981963,-0.042212518195050897,-0.0006595705967976703,
balanced_extra_wide_capacity,w12,2026-04-20,2026-04-21,2026-04-27,000426,0.015625,0.8978957915831663,-0.0760773966578715,-0.0011887093227792422,
balanced_extra_wide_capacity,w12,2026-04-20,2026-04-21,2026-04-27,301536,0.015625,0.894188376753507,0.045287327159710955,0.0007076144868704837,
balanced_extra_wide_capacity,w12,2026-04-20,2026-04-21,2026-04-27,600392,0.015625,0.8935370741482966,-0.09773318468970638,-0.0015270810107766621,
balanced_extra_wide_capacity,w12,2026-04-20,2026-04-21,2026-04-27,603699,0.015625,0.8931362725450902,0.030007102272727293,0.00046886097301136395,
balanced_extra_wide_capacity,w12,2026-04-20,2026-04-21,2026-04-27,688002,0.015625,0.8928356713426854,0.05094813799405995,0.0007960646561571867,
balanced_extra_wide_capacity,w12,2026-04-20,2026-04-21,2026-04-27,600498,0.015625,0.8824649298597194,-0.02586369643194253,-0.000404120256749102,
balanced_extra_wide_capacity,w12,2026-04-20,2026-04-21,2026-04-27,300058,0.015625,0.8799599198396792,-0.11571940604198672,-0.0018081157194060424,
balanced_extra_wide_capacity,w12,2026-04-20,2026-04-21,2026-04-27,603979,0.015625,0.8791332665330661,-0.02982263380944905,-0.0004659786532726414,
balanced_extra_wide_capacity,w12,2026-04-20,2026-04-21,2026-04-27,002353,0.015625,0.8781062124248498,0.09557702084392483,0.0014933909506863255,
balanced_extra_wide_capacity,w12,2026-04-20,2026-04-21,2026-04-27,002126,0.015625,0.87374749498998,-0.06969205834683945,-0.0010889384116693664,
balanced_extra_wide_capacity,w12,2026-04-20,2026-04-21,2026-04-27,002465,0.015625,0.8731963927855712,-0.05833333333333335,-0.0009114583333333336,
balanced_extra_wide_capacity,w12,2026-04-20,2026-04-21,2026-04-27,601958,0.015625,0.8696893787575151,-0.03955933900851272,-0.0006181146720080112,
balanced_extra_wide_capacity,w12,2026-04-20,2026-04-21,2026-04-27,688347,0.015625,0.9274799599198397,0.09445506692160599,0.0014758604206500936,
balanced_extra_wide_capacity,w12,2026-04-20,2026-04-21,2026-04-27,002156,0.015625,0.9310120240480961,0.05588781191998349,0.000873247061249742,
balanced_extra_wide_capacity,w12,2026-04-20,2026-04-21,2026-04-27,688375,0.015625,0.9312124248496995,-0.10149786019971463,-0.001585904065620541,
balanced_extra_wide_capacity,w12,2026-04-20,2026-04-21,2026-04-27,600549,0.015625,0.9572895791583167,-0.10777690494893954,-0.0016840141398271804,
balanced_extra_wide_capacity,w12,2026-04-20,2026-04-21,2026-04-27,301200,0.015625,0.9718937875751502,-0.08664855424024842,-0.0013538836600038816,
balanced_extra_wide_capacity,w12,2026-04-20,2026-04-21,2026-04-27,688281,0.015625,0.9711923847695391,-0.03488222422448184,-0.0005450347535075287,
balanced_extra_wide_capacity,w12,2026-04-20,2026-04-21,2026-04-27,002202,0.015625,0.9710921843687375,-0.002256487401278595,-3.525761564497805e-05,
balanced_extra_wide_capacity,w12,2026-04-20,2026-04-21,2026-04-27,688220,0.015625,0.9699398797595191,-0.009976650392697906,-0.00015588516238590477,
balanced_extra_wide_capacity,w12,2026-04-20,2026-04-21,2026-04-27,002436,0.015625,0.9689879759519038,0.10094161958568737,0.0015772128060263652,
balanced_extra_wide_capacity,w12,2026-04-20,2026-04-21,2026-04-27,688702,0.015625,0.9687374749498998,0.25678311005596055,0.004012236094624384,
balanced_extra_wide_capacity,w12,2026-04-20,2026-04-21,2026-04-27,300679,0.015625,0.9682364729458918,0.0229379054680261,0.0003584047729379078,
balanced_extra_wide_capacity,w12,2026-04-20,2026-04-21,2026-04-27,603077,0.015625,0.9648296593186372,-0.09202453987730053,-0.0014378834355828207,
balanced_extra_wide_capacity,w12,2026-04-20,2026-04-21,2026-04-27,002851,0.015625,0.9638276553106213,-0.03578759482373928,-0.0005591811691209262,
balanced_extra_wide_capacity,w12,2026-04-20,2026-04-21,2026-04-27,000960,0.015625,0.9619238476953909,0.010119840213049347,0.00015812250332889605,
balanced_extra_wide_capacity,w12,2026-04-20,2026-04-21,2026-04-27,301308,0.015625,0.9602705410821643,0.04863942858665804,0.0007599910716665319,
balanced_extra_wide_capacity,w12,2026-04-20,2026-04-21,2026-04-27,688629,0.015625,0.9594689378757515,-0.01790613718411549,-0.0002797833935018045,
balanced_extra_wide_capacity,w12,2026-04-20,2026-04-21,2026-04-27,001389,0.015625,0.9573146292585171,0.1611598111935264,0.00251812204989885,
balanced_extra_wide_capacity,w12,2026-04-20,2026-04-21,2026-04-27,002080,0.015625,0.9500250501002003,0.056400892675999126,0.0008812639480624863,
balanced_extra_wide_capacity,w12,2026-04-20,2026-04-21,2026-04-27,300604,0.015625,0.9312625250501003,0.15296442687747036,0.0023900691699604744,
balanced_extra_wide_capacity,w12,2026-04-20,2026-04-21,2026-04-27,300223,0.015625,0.9495741482965931,0.011896893588896118,0.00018588896232650184,
balanced_extra_wide_capacity,w12,2026-04-20,2026-04-21,2026-04-27,688676,0.015625,0.9449148296593186,0.0058094067701932595,9.077198078426968e-05,
balanced_extra_wide_capacity,w12,2026-04-20,2026-04-21,2026-04-27,300285,0.015625,0.9440380761523046,-0.016839741790625862,-0.0002631209654785291,
balanced_extra_wide_capacity,w12,2026-04-20,2026-04-21,2026-04-27,002429,0.015625,0.9421843687374749,0.08576642335766427,0.0013401003649635042,
balanced_extra_wide_capacity,w12,2026-04-20,2026-04-21,2026-04-27,002409,0.015625,0.9411072144288577,0.03076567198704616,0.00048071362479759627,
balanced_extra_wide_capacity,w12,2026-04-20,2026-04-21,2026-04-27,300383,0.015625,0.9405811623246494,-0.09376754632229078,-0.0014651179112857935,
balanced_extra_wide_capacity,w12,2026-04-20,2026-04-21,2026-04-27,300857,0.015625,0.9397795591182365,-0.16231046462547483,-0.002536101009773044,
balanced_extra_wide_capacity,w12,2026-04-20,2026-04-21,2026-04-27,000878,0.015625,0.9386022044088176,-0.01216421692853531,-0.00019006588950836421,
balanced_extra_wide_capacity,w12,2026-04-20,2026-04-21,2026-04-27,002837,0.015625,0.9384769539078156,-0.20713577799801786,-0.003236496531219029,
balanced_extra_wide_capacity,w12,2026-04-20,2026-04-21,2026-04-27,002335,0.015625,0.9362725450901803,-0.008903467666354192,-0.00013911668228678425,
balanced_extra_wide_capacity,w12,2026-04-20,2026-04-21,2026-04-27,600118,0.015625,0.933191382765531,0.05268726195514173,0.0008232384680490895,
balanced_extra_wide_capacity,w12,2026-04-20,2026-04-21,2026-04-27,688387,0.015625,0.9326653306613226,-0.04284919309961044,-0.0006695186421814131,
balanced_extra_wide_capacity,w12,2026-04-20,2026-04-21,2026-04-27,601231,0.015625,0.9324148296593187,-0.06419636535284401,-0.0010030682086381876,
balanced_extra_wide_capacity,w12,2026-04-20,2026-04-21,2026-04-27,688037,0.015625,0.8693887775551101,0.1659883401165989,0.002593567814321858,
balanced_medium_current,w12,2026-04-20,2026-04-21,2026-04-27,001389,0.020408163265306124,1.0,0.1611598111935264,0.0032889757386433964,
balanced_medium_current,w12,2026-04-20,2026-04-21,2026-04-27,300054,0.020408163265306124,0.9498997995991983,0.07216298552932221,0.0014727139903943308,
balanced_medium_current,w12,2026-04-20,2026-04-21,2026-04-27,000426,0.020408163265306124,0.9458917835671342,-0.0760773966578715,-0.001552599931793296,
balanced_medium_current,w12,2026-04-20,2026-04-21,2026-04-27,300570,0.020408163265306124,0.9438877755511023,0.08999636231356867,0.0018366604553789526,
balanced_medium_current,w12,2026-04-20,2026-04-21,2026-04-27,002353,0.020408163265306124,0.9418837675350702,0.09557702084392483,0.0019505514457943845,
balanced_medium_current,w12,2026-04-20,2026-04-21,2026-04-27,002126,0.020408163265306124,0.9398797595190381,-0.06969205834683945,-0.00142228690503754,
balanced_medium_current,w12,2026-04-20,2026-04-21,2026-04-27,002080,0.020408163265306124,0.9378757515030061,0.056400892675999126,0.0011510386260407987,
balanced_medium_current,w12,2026-04-20,2026-04-21,2026-04-27,603920,0.020408163265306124,0.935871743486974,-0.03472580367887235,-0.0007086898709973948,
balanced_medium_current,w12,2026-04-20,2026-04-21,2026-04-27,002202,0.020408163265306124,0.9338677354709419,-0.002256487401278595,-4.605076329139991e-05,
balanced_medium_current,w12,2026-04-20,2026-04-21,2026-04-27,601233,0.020408163265306124,0.9318637274549099,0.020582329317268888,0.0004200475370871202,
balanced_medium_current,w12,2026-04-20,2026-04-21,2026-04-27,300604,0.020408163265306124,0.9298597194388778,0.15296442687747036,0.0031217229974993955,
balanced_medium_current,w12,2026-04-20,2026-04-21,2026-04-27,603077,0.020408163265306124,0.9278557114228457,-0.09202453987730053,-0.001878051834230623,
balanced_medium_current,w12,2026-04-20,2026-04-21,2026-04-27,002465,0.020408163265306124,0.9258517034068137,-0.05833333333333335,-0.0011904761904761908,
balanced_medium_current,w12,2026-04-20,2026-04-21,2026-04-27,300017,0.020408163265306124,0.9238476953907816,-0.09485530546623788,-0.0019358225605354672,
balanced_medium_current,w12,2026-04-20,2026-04-21,2026-04-27,300383,0.020408163265306124,0.9218436873747495,-0.09376754632229078,-0.0019136233943324653,
balanced_medium_current,w12,2026-04-20,2026-04-21,2026-04-27,688347,0.020408163265306124,0.9198396793587175,0.09445506692160599,0.001927654426971551,
balanced_medium_current,w12,2026-04-20,2026-04-21,2026-04-27,000831,0.020408163265306124,0.9178356713426854,-0.0783808647654094,-0.0015996094850083552,
balanced_medium_current,w12,2026-04-20,2026-04-21,2026-04-27,300285,0.020408163265306124,0.9158316633266533,-0.016839741790625862,-0.00034366819980869107,
balanced_medium_current,w12,2026-04-20,2026-04-21,2026-04-27,300567,0.020408163265306124,0.9138276553106213,0.0843420235878336,0.0017212657875068083,
balanced_medium_current,w12,2026-04-20,2026-04-21,2026-04-27,600497,0.020408163265306124,0.9118236472945892,-0.020697167755991286,-0.00042239117869369975,
balanced_medium_current,w12,2026-04-20,2026-04-21,2026-04-27,688037,0.020408163265306124,0.9098196392785571,0.1659883401165989,0.003387517145236713,
balanced_medium_current,w12,2026-04-20,2026-04-21,2026-04-27,002851,0.020408163265306124,0.9078156312625251,-0.03578759482373928,-0.0007303590780354955,
balanced_medium_current,w12,2026-04-20,2026-04-21,2026-04-27,300223,0.020408163265306124,0.905811623246493,0.011896893588896118,0.0002427937467121657,
balanced_medium_current,w12,2026-04-20,2026-04-21,2026-04-27,300395,0.020408163265306124,0.9478957915831663,-0.019926066179785318,-0.0004066544118323535,
balanced_medium_current,w12,2026-04-20,2026-04-21,2026-04-27,688629,0.020408163265306124,0.9519038076152304,-0.01790613718411549,-0.0003654313711043978,
balanced_medium_current,w12,2026-04-20,2026-04-21,2026-04-27,600879,0.020408163265306124,0.9979959919839679,-0.0838229533881708,-0.001710672518125935,
balanced_medium_current,w12,2026-04-20,2026-04-21,2026-04-27,603688,0.020408163265306124,0.9539078156312625,0.038272816486751626,0.0007810778874847271,
balanced_medium_current,w12,2026-04-20,2026-04-21,2026-04-27,300136,0.020408163265306124,0.9959919839679359,0.13701799485861188,0.0027962856093594265,
balanced_medium_current,w12,2026-04-20,2026-04-21,2026-04-27,300058,0.020408163265306124,0.9939879759519038,-0.11571940604198672,-0.002361620531469117,
balanced_medium_current,w12,2026-04-20,2026-04-21,2026-04-27,688375,0.020408163265306124,0.9919839679358717,-0.10149786019971463,-0.0020713849020349926,
balanced_medium_current,w12,2026-04-20,2026-04-21,2026-04-27,688387,0.020408163265306124,0.9899799599198397,-0.04284919309961044,-0.0008744733285634785,
balanced_medium_current,w12,2026-04-20,2026-04-21,2026-04-27,688525,0.020408163265306124,0.9879759519038076,-0.015072571641235655,-0.0003076035028823603,
balanced_medium_current,w12,2026-04-20,2026-04-21,2026-04-27,301200,0.020408163265306124,0.9859719438877755,-0.08664855424024842,-0.001768337841637723,
balanced_medium_current,w12,2026-04-20,2026-04-21,2026-04-27,601231,0.020408163265306124,0.9839679358717435,-0.06419636535284401,-0.001310129905160082,
balanced_medium_current,w12,2026-04-20,2026-04-21,2026-04-27,002837,0.020408163265306124,0.9819639278557114,-0.20713577799801786,-0.004227260775469753,
balanced_medium_current,w12,2026-04-20,2026-04-21,2026-04-27,600118,0.020408163265306124,0.9799599198396793,0.05268726195514173,0.0010752502439824844,
balanced_medium_current,w12,2026-04-20,2026-04-21,2026-04-27,000657,0.020408163265306124,0.9779559118236473,-0.08045780662794677,-0.0016419960536315668,
balanced_medium_current,w12,2026-04-20,2026-04-21,2026-04-27,002436,0.020408163265306124,0.9759519038076152,0.10094161958568737,0.0020600330527691304,
balanced_medium_current,w12,2026-04-20,2026-04-21,2026-04-27,300390,0.020408163265306124,0.9739478957915831,0.08798060270176666,0.0017955225041176872,
balanced_medium_current,w12,2026-04-20,2026-04-21,2026-04-27,600549,0.020408163265306124,0.9719438877755511,-0.10777690494893954,-0.002199528672427338,
balanced_medium_current,w12,2026-04-20,2026-04-21,2026-04-27,000960,0.020408163265306124,0.969939879759519,0.010119840213049347,0.0002065273512867214,
balanced_medium_current,w12,2026-04-20,2026-04-21,2026-04-27,688002,0.020408163265306124,0.9679358717434869,0.05094813799405995,0.0010397579182461216,
balanced_medium_current,w12,2026-04-20,2026-04-21,2026-04-27,600498,0.020408163265306124,0.9659318637274549,-0.02586369643194253,-0.0005278305394273985,
balanced_medium_current,w12,2026-04-20,2026-04-21,2026-04-27,301308,0.020408163265306124,0.9639278557114228,0.04863942858665804,0.0009926413997277152,
balanced_medium_current,w12,2026-04-20,2026-04-21,2026-04-27,002738,0.020408163265306124,0.9619238476953907,0.01861638241652641,0.00037992617176584514,
balanced_medium_current,w12,2026-04-20,2026-04-21,2026-04-27,688220,0.020408163265306124,0.9599198396793587,-0.009976650392697906,-0.00020360511005505932,
balanced_medium_current,w12,2026-04-20,2026-04-21,2026-04-27,301611,0.020408163265306124,0.9579158316633266,0.15962441314554,0.003257641084602857,
balanced_medium_current,w12,2026-04-20,2026-04-21,2026-04-27,600392,0.020408163265306124,0.9559118236472945,-0.09773318468970638,-0.0019945547895858446,
balanced_medium_current,w12,2026-04-20,2026-04-21,2026-04-27,002156,0.020408163265306124,0.9038076152304609,0.05588781191998349,0.0011405675902037447,
economic_medium_capacity,w12,2026-04-20,2026-04-21,2026-04-27,300390,0.036000000004219955,0.9997835671342685,0.08798060270176666,0.003167301697634874,
economic_medium_capacity,w12,2026-04-20,2026-04-21,2026-04-27,301200,0.036000000004219955,0.9839278557114228,-0.08664855424024842,-0.0031193479530145962,
economic_medium_capacity,w12,2026-04-20,2026-04-21,2026-04-27,603699,0.036000000004219955,0.9968537074148297,0.030007102272727293,0.0010802556819448112,
economic_medium_capacity,w12,2026-04-20,2026-04-21,2026-04-27,300604,0.036000000004219955,0.973939879759519,0.15296442687747036,0.005506719368234436,
economic_medium_capacity,w12,2026-04-20,2026-04-21,2026-04-27,002281,0.036000000004219955,0.9759639278557114,0.12053311120366517,0.004339192003840591,
economic_medium_capacity,w12,2026-04-20,2026-04-21,2026-04-27,600487,0.036000000004219955,0.9764448897795591,0.17227787814090978,0.006202003613799757,
economic_medium_capacity,w12,2026-04-20,2026-04-21,2026-04-27,688295,0.036000000004219955,0.9780080160320641,-0.03219448094612354,-0.0011590013141963066,
economic_medium_capacity,w12,2026-04-20,2026-04-21,2026-04-27,002837,0.036000000004219955,0.9819799599198397,-0.20713577799801786,-0.007456888008802747,
economic_medium_capacity,w12,2026-04-20,2026-04-21,2026-04-27,000703,0.036000000004219955,0.985815631262525,0.0032679738562091387,0.0001176470588373197,
economic_medium_capacity,w12,2026-04-20,2026-04-21,2026-04-27,300058,0.036000000004219955,0.9876793587174348,-0.11571940604198672,-0.004165898617999852,
economic_medium_capacity,w12,2026-04-20,2026-04-21,2026-04-27,688220,0.036000000004219955,0.9880440881763527,-0.009976650392697906,-0.0003591594141792256,
economic_medium_capacity,w12,2026-04-20,2026-04-21,2026-04-27,000967,0.036000000004219955,0.9902805611222445,-0.08581560283687939,-0.003089361702489796,
economic_medium_capacity,w12,2026-04-20,2026-04-21,2026-04-27,002432,0.036000000004219955,0.9939038076152305,-0.03649725959143013,-0.0013139013454455015,
economic_medium_capacity,w12,2026-04-20,2026-04-21,2026-04-27,600707,0.036000000004219955,0.9959238476953908,0.03617269544924162,0.0013022170363253456,
economic_medium_capacity,w12,2026-04-20,2026-04-21,2026-04-27,603077,0.036000000004219955,0.9579118236472945,-0.09202453987730053,-0.0033128834359711585,
economic_medium_capacity,w12,2026-04-20,2026-04-21,2026-04-27,002008,0.036000000000000004,0.959438877755511,0.17369365328549002,0.006252971518277642,
economic_medium_capacity,w12,2026-04-20,2026-04-21,2026-04-27,300223,0.036000000000000004,0.9518196392785571,0.011896893588896118,0.0004282881692002603,
economic_medium_capacity,w12,2026-04-20,2026-04-21,2026-04-27,600118,0.036000000000000004,0.9539959919839679,0.05268726195514173,0.0018967414303851025,
economic_medium_capacity,w12,2026-04-20,2026-04-21,2026-04-27,300395,0.036000000000000004,0.9559198396793587,-0.019926066179785318,-0.0007173383824722715,
economic_medium_capacity,w12,2026-04-20,2026-04-21,2026-04-27,001389,0.036000000000000004,0.9697955911823647,0.1611598111935264,0.005801753202966951,
economic_medium_capacity,w12,2026-04-20,2026-04-21,2026-04-27,300567,0.036000000000000004,0.9619519038076152,0.0843420235878336,0.00303631284916201,
economic_medium_capacity,w12,2026-04-20,2026-04-21,2026-04-27,003031,0.036000000000000004,0.9631703406813626,0.06629694983614831,0.0023866901941013395,
economic_medium_capacity,w12,2026-04-20,2026-04-21,2026-04-27,002436,0.036000000000000004,0.9659158316633266,0.10094161958568737,0.0036338983050847457,
economic_medium_capacity,w12,2026-04-20,2026-04-21,2026-04-27,002202,0.036000000000000004,0.9677114228456913,-0.002256487401278595,-8.123354644602943e-05,
economic_medium_capacity,w12,2026-04-20,2026-04-21,2026-04-27,688375,0.036000000000000004,0.9719478957915831,-0.10149786019971463,-0.003653922967189727,
economic_medium_capacity,w12,2026-04-20,2026-04-21,2026-04-27,600549,0.03333333331223356,0.9497034068136272,-0.10777690494893954,-0.0035925634960239164,
economic_medium_capacity,w12,2026-04-20,2026-04-21,2026-04-27,300285,0.02666666664978681,0.9478917835671342,-0.016839741790625862,-0.0004490597807991039,
economic_medium_capacity,w12,2026-04-20,2026-04-21,2026-04-27,301308,0.019999999987340117,0.945755511022044,0.04863942858665804,0.0009727885711173913,
economic_medium_capacity,w12,2026-04-20,2026-04-21,2026-04-27,002851,0.013333333324893405,0.9438036072144289,-0.03578759482373928,-0.0004771679306811456,
economic_medium_capacity,w12,2026-04-20,2026-04-21,2026-04-27,688702,0.0066666666624467024,0.941871743486974,0.25678311005596055,0.0017118873992894548,
recent_compact_capacity,w12,2026-04-20,2026-04-21,2026-04-27,300390,0.032972380952380954,0.9962324649298596,0.08798060270176666,0.0029009299487027275,
recent_compact_capacity,w12,2026-04-20,2026-04-21,2026-04-27,300567,0.032972380952380954,0.9684168336673346,0.0843420235878336,0.00278095733203275,
recent_compact_capacity,w12,2026-04-20,2026-04-21,2026-04-27,688183,0.032972380952380954,0.9356713426853708,0.11254493501705243,0.0037108744716432118,
recent_compact_capacity,w12,2026-04-20,2026-04-21,2026-04-27,688002,0.032972380952380954,0.9423246492985972,0.05094813799405995,0.0016798814147546187,
recent_compact_capacity,w12,2026-04-20,2026-04-21,2026-04-27,600498,0.032972380952380954,0.942755511022044,-0.02586369643194253,-0.000852787651590745,
recent_compact_capacity,w12,2026-04-20,2026-04-21,2026-04-27,002532,0.032972380952380954,0.9450300601202404,-0.07146638433033359,-0.002356416849429028,
recent_compact_capacity,w12,2026-04-20,2026-04-21,2026-04-27,002281,0.032972380952380954,0.99250501002004,0.12053311120366517,0.003974263659982945,
recent_compact_capacity,w12,2026-04-20,2026-04-21,2026-04-27,300751,0.032972380952380954,0.9644689378757515,-0.03281158449820043,-0.001081876063725902,
recent_compact_capacity,w12,2026-04-20,2026-04-21,2026-04-27,002837,0.032972380952380954,0.9659118236472946,-0.20713577799801786,-0.006829759781018454,
recent_compact_capacity,w12,2026-04-20,2026-04-21,2026-04-27,688387,0.032972380952380954,0.9680861723446893,-0.04284919309961044,-0.0014128399183824887,
recent_compact_capacity,w12,2026-04-20,2026-04-21,2026-04-27,688525,0.032972380952380954,0.9631663326653306,-0.015072571641235655,-0.0004969785740868758,
recent_compact_capacity,w12,2026-04-20,2026-04-21,2026-04-27,301308,0.032972380952380954,0.9684869739478957,0.04863942858665804,0.0016037577686654173,
recent_compact_capacity,w12,2026-04-20,2026-04-21,2026-04-27,002008,0.032972380952380954,0.9784569138276553,0.17369365328549002,0.005727093305139953,
recent_compact_capacity,w12,2026-04-20,2026-04-21,2026-04-27,002025,0.032972380952380954,0.9892084168336672,-0.07419835943325881,-0.0024464965732750987,
recent_compact_capacity,w12,2026-04-20,2026-04-21,2026-04-27,001389,0.032972380952380954,0.9889378757515029,0.1611598111935264,0.005313822688886741,
recent_compact_capacity,w12,2026-04-20,2026-04-21,2026-04-27,600118,0.032972380952380954,0.9885270541082164,0.05268726195514173,0.0017372244725228209,
recent_compact_capacity,w12,2026-04-20,2026-04-21,2026-04-27,688375,0.032972380952380954,0.9853106212424849,-0.10149786019971463,-0.0033466261123564957,
recent_compact_capacity,w12,2026-04-20,2026-04-21,2026-04-27,000703,0.032972380952380954,0.9292585170340681,0.0032679738562091387,0.00010775287892934914,
recent_compact_capacity,w12,2026-04-20,2026-04-21,2026-04-27,600879,0.032972380952380954,0.9827354709418837,-0.0838229533881708,-0.00276384235166844,
recent_compact_capacity,w12,2026-04-20,2026-04-21,2026-04-27,301611,0.032972380952380954,0.9805210420841683,0.15962441314554,0.005263196959534991,
recent_compact_capacity,w12,2026-04-20,2026-04-21,2026-04-27,300058,0.032972380952380954,0.9802905811623245,-0.11571940604198672,-0.00381554433959964,
recent_compact_capacity,w12,2026-04-20,2026-04-21,2026-04-27,688037,0.030758,0.9598296593186372,0.1659883401165989,0.005105469365306349,
recent_compact_capacity,w12,2026-04-20,2026-04-21,2026-04-27,688629,0.030758,0.9563727454909818,-0.01790613718411549,-0.0005507569675090242,
recent_compact_capacity,w12,2026-04-20,2026-04-21,2026-04-27,301200,0.030758,0.9557815631262524,-0.08664855424024842,-0.002665136231321561,
recent_compact_capacity,w12,2026-04-20,2026-04-21,2026-04-27,300604,0.030758,0.9604709418837675,0.15296442687747036,0.004704879841897234,
recent_compact_capacity,w12,2026-04-20,2026-04-21,2026-04-27,000893,0.030758,0.9497394789579158,-0.011117392123610403,-0.0003419487469380088,
recent_compact_capacity,w12,2026-04-20,2026-04-21,2026-04-27,002436,0.030758,0.9485370741482965,0.10094161958568737,0.003104762335216572,
recent_compact_capacity,w12,2026-04-20,2026-04-21,2026-04-27,002202,0.030758,0.9610821643286573,-0.002256487401278595,-6.940503948852704e-05,
recent_compact_capacity,w12,2026-04-20,2026-04-21,2026-04-27,002353,0.030758,0.9426352705410821,0.09557702084392483,0.00293975800711744,
recent_compact_capacity,w12,2026-04-20,2026-04-21,2026-04-27,002738,0.030758,0.9368336673346693,0.01861638241652641,0.0005726026903675194,
recent_compact_capacity,w12,2026-04-20,2026-04-21,2026-04-27,688295,0.030758,0.9519739478957916,-0.03219448094612354,-0.0009902378449408679,
recent_compact_current,w12,2026-04-20,2026-04-21,2026-04-27,002837,0.027027027027027035,0.9985971943887776,-0.20713577799801786,-0.005598264270216701,
recent_compact_current,w12,2026-04-20,2026-04-21,2026-04-27,300017,0.027027027027027035,0.9491482965931864,-0.09485530546623788,-0.0025636569044929164,
recent_compact_current,w12,2026-04-20,2026-04-21,2026-04-27,688002,0.027027027027027035,0.9461422845691382,0.05094813799405995,0.0013769767025421612,
recent_compact_current,w12,2026-04-20,2026-04-21,2026-04-27,300054,0.027027027027027035,0.945691382765531,0.07216298552932221,0.0019503509602519522,
recent_compact_current,w12,2026-04-20,2026-04-21,2026-04-27,000657,0.027027027027027035,0.9450400801603207,-0.08045780662794677,-0.0021745353142688323,
recent_compact_current,w12,2026-04-20,2026-04-21,2026-04-27,300677,0.027027027027027035,0.9425350701402806,0.06885671863400145,0.0018609923955135532,
recent_compact_current,w12,2026-04-20,2026-04-21,2026-04-27,002126,0.027027027027027035,0.9312124248496995,-0.06969205834683945,-0.001883569144509175,
recent_compact_current,w12,2026-04-20,2026-04-21,2026-04-27,300058,0.027027027027027035,0.9255511022044088,-0.11571940604198672,-0.0031275515146482907,
recent_compact_current,w12,2026-04-20,2026-04-21,2026-04-27,601179,0.027027027027027035,0.9253006012024048,-0.07135016465422594,-0.0019283828284925937,
recent_compact_current,w12,2026-04-20,2026-04-21,2026-04-27,300567,0.027027027027027035,0.9248496993987976,0.0843420235878336,0.0022795141510225307,
recent_compact_current,w12,2026-04-20,2026-04-21,2026-04-27,600299,0.027027027027027035,0.9248496993987976,0.07505686125852917,0.0020285638177980863,
recent_compact_current,w12,2026-04-20,2026-04-21,2026-04-27,688172,0.027027027027027035,0.9193887775551102,0.07063197026022316,0.0019089721691952213,
recent_compact_current,w12,2026-04-20,2026-04-21,2026-04-27,688361,0.027027027027027035,0.9192885771543087,0.08411160058737144,0.002273286502361391,
recent_compact_current,w12,2026-04-20,2026-04-21,2026-04-27,688629,0.027027027027027035,0.9191382765531062,-0.01790613718411549,-0.0004839496536247431,
recent_compact_current,w12,2026-04-20,2026-04-21,2026-04-27,300679,0.027027027027027035,0.915681362725451,0.0229379054680261,0.0006199433910277326,
recent_compact_current,w12,2026-04-20,2026-04-21,2026-04-27,688037,0.027027027027027035,0.9149799599198397,0.1659883401165989,0.004486171354502674,
recent_compact_current,w12,2026-04-20,2026-04-21,2026-04-27,002273,0.027027027027027035,0.912124248496994,0.05355997434252724,0.0014475668741223582,
recent_compact_current,w12,2026-04-20,2026-04-21,2026-04-27,002465,0.027027027027027035,0.9473446893787575,-0.05833333333333335,-0.0015765765765765774,
recent_compact_current,w12,2026-04-20,2026-04-21,2026-04-27,002353,0.027027027027027035,0.951753507014028,0.09557702084392483,0.002583162725511483,
recent_compact_current,w12,2026-04-20,2026-04-21,2026-04-27,600879,0.027027027027027035,0.9941382765531062,-0.0838229533881708,-0.00226548522670732,
recent_compact_current,w12,2026-04-20,2026-04-21,2026-04-27,603659,0.027027027027027035,0.956813627254509,0.044645380050861716,0.0012066318932665333,
recent_compact_current,w12,2026-04-20,2026-04-21,2026-04-27,002436,0.027027027027027035,0.9930360721442886,0.10094161958568737,0.002728151880694254,
recent_compact_current,w12,2026-04-20,2026-04-21,2026-04-27,301308,0.027027027027027035,0.9833667334669338,0.04863942858665804,0.0013145791509907583,
recent_compact_current,w12,2026-04-20,2026-04-21,2026-04-27,002025,0.027027027027027035,0.9785571142284568,-0.07419835943325881,-0.0020053610657637523,
recent_compact_current,w12,2026-04-20,2026-04-21,2026-04-27,301200,0.027027027027027035,0.9772044088176353,-0.08664855424024842,-0.002341852817304012,
recent_compact_current,w12,2026-04-20,2026-04-21,2026-04-27,300604,0.027027027027027035,0.9741983967935872,0.15296442687747036,0.0041341736993910925,
recent_compact_current,w12,2026-04-20,2026-04-21,2026-04-27,600118,0.027027027027027035,0.9733466933867736,0.05268726195514173,0.0014239800528416688,
recent_compact_current,w12,2026-04-20,2026-04-21,2026-04-27,300136,0.027027027027027035,0.9713426853707414,0.13701799485861188,0.0037031890502327545,
recent_compact_current,w12,2026-04-20,2026-04-21,2026-04-27,688375,0.027027027027027035,0.9707414829659318,-0.10149786019971463,-0.002743185410803099,
recent_compact_current,w12,2026-04-20,2026-04-21,2026-04-27,002203,0.027027027027027035,0.9665831663326653,-0.0379676158570631,-0.0010261517799206245,
recent_compact_current,w12,2026-04-20,2026-04-21,2026-04-27,002432,0.027027027027027035,0.9637274549098197,-0.03649725959143013,-0.000986412421390004,
recent_compact_current,w12,2026-04-20,2026-04-21,2026-04-27,601231,0.027027027027027035,0.9606212424849699,-0.06419636535284401,-0.001735036901428217,
recent_compact_current,w12,2026-04-20,2026-04-21,2026-04-27,301358,0.027027027027027035,0.9591182364729458,0.08107782990496815,0.002191292700134275,
recent_compact_current,w12,2026-04-20,2026-04-21,2026-04-27,300390,0.027027027027027035,0.9579659318637274,0.08798060270176666,0.0023778541270747756,
recent_compact_current,w12,2026-04-20,2026-04-21,2026-04-27,688183,0.027027027027027035,0.9572144288577153,0.11254493501705243,0.0030417550004608776,
recent_compact_current,w12,2026-04-20,2026-04-21,2026-04-27,300395,0.027027027027027035,0.9569639278557114,-0.019926066179785318,-0.0005385423291833872,
recent_compact_current,w12,2026-04-20,2026-04-21,2026-04-27,002202,0.027027027027027035,0.905310621242485,-0.002256487401278595,-6.098614598050259e-05,
short_aggressive_compact_capacity,w12,2026-04-20,2026-04-21,2026-04-27,002837,0.03225806451612904,0.995811623246493,-0.20713577799801786,-0.006681799290258642,
short_aggressive_compact_capacity,w12,2026-04-20,2026-04-21,2026-04-27,000426,0.03225806451612904,0.9636713426853707,-0.0760773966578715,-0.0024541095696087585,
short_aggressive_compact_capacity,w12,2026-04-20,2026-04-21,2026-04-27,601231,0.03225806451612904,0.9383126252505011,-0.06419636535284401,-0.002070850495253033,
short_aggressive_compact_capacity,w12,2026-04-20,2026-04-21,2026-04-27,300390,0.03225806451612904,0.9393667334669339,0.08798060270176666,0.0028380839581215057,
short_aggressive_compact_capacity,w12,2026-04-20,2026-04-21,2026-04-27,002436,0.03225806451612904,0.9418456913827656,0.10094161958568737,0.0032561812769576577,
short_aggressive_compact_capacity,w12,2026-04-20,2026-04-21,2026-04-27,002465,0.03225806451612904,0.9421783567134268,-0.05833333333333335,-0.0018817204301075276,
short_aggressive_compact_capacity,w12,2026-04-20,2026-04-21,2026-04-27,600707,0.03225806451612904,0.9427294589178357,0.03617269544924162,0.0011668611435239234,
short_aggressive_compact_capacity,w12,2026-04-20,2026-04-21,2026-04-27,688234,0.03225806451612904,0.9471032064128256,0.10100184011449609,0.0032581238746611646,
short_aggressive_compact_capacity,w12,2026-04-20,2026-04-21,2026-04-27,002126,0.03225806451612904,0.9476062124248497,-0.06969205834683945,-0.002248130914414176,
short_aggressive_compact_capacity,w12,2026-04-20,2026-04-21,2026-04-27,000703,0.03225806451612904,0.947872745490982,0.0032679738562091387,0.0001054185114906174,
short_aggressive_compact_capacity,w12,2026-04-20,2026-04-21,2026-04-27,300136,0.03225806451612904,0.94800501002004,0.13701799485861188,0.004419935318019739,
short_aggressive_compact_capacity,w12,2026-04-20,2026-04-21,2026-04-27,603077,0.03225806451612904,0.9505220440881763,-0.09202453987730053,-0.0029685335444290498,
short_aggressive_compact_capacity,w12,2026-04-20,2026-04-21,2026-04-27,603179,0.03225806451612904,0.957816633266533,-0.043491816056118515,-0.0014029618082618879,
short_aggressive_compact_capacity,w12,2026-04-20,2026-04-21,2026-04-27,688375,0.03225806451612904,0.9610120240480962,-0.10149786019971463,-0.0032741245225714403,
short_aggressive_compact_capacity,w12,2026-04-20,2026-04-21,2026-04-27,688361,0.03225806451612904,0.9622565130260521,0.08411160058737144,0.002713277438302305,
short_aggressive_compact_capacity,w12,2026-04-20,2026-04-21,2026-04-27,300857,0.03225806451612904,0.9637725450901803,-0.16231046462547483,-0.005235821439531447,
short_aggressive_compact_capacity,w12,2026-04-20,2026-04-21,2026-04-27,688220,0.03225806451612904,0.9947575150300602,-0.009976650392697906,-0.00032182743202251315,
short_aggressive_compact_capacity,w12,2026-04-20,2026-04-21,2026-04-27,605589,0.03225806451612904,0.9643366733466934,0.07939097335508438,0.0025609991404865933,
short_aggressive_compact_capacity,w12,2026-04-20,2026-04-21,2026-04-27,600118,0.03225806451612904,0.9665871743486973,0.05268726195514173,0.001699589095327153,
short_aggressive_compact_capacity,w12,2026-04-20,2026-04-21,2026-04-27,688629,0.03225806451612904,0.9728176352705411,-0.01790613718411549,-0.0005776173285198547,
short_aggressive_compact_capacity,w12,2026-04-20,2026-04-21,2026-04-27,300604,0.03225806451612904,0.9740951903807614,0.15296442687747036,0.004934336350886141,
short_aggressive_compact_capacity,w12,2026-04-20,2026-04-21,2026-04-27,300432,0.03225806451612904,0.9745751503006013,0.028015564202334753,0.0009037278774946696,
short_aggressive_compact_capacity,w12,2026-04-20,2026-04-21,2026-04-27,600879,0.03225806451612904,0.9766452905811622,-0.0838229533881708,-0.002703966238328091,
short_aggressive_compact_capacity,w12,2026-04-20,2026-04-21,2026-04-27,002203,0.03225806451612904,0.9788727454909819,-0.0379676158570631,-0.0012247618018407453,
short_aggressive_compact_capacity,w12,2026-04-20,2026-04-21,2026-04-27,300679,0.03225806451612904,0.9790861723446893,0.0229379054680261,0.0007399324344524549,
short_aggressive_compact_capacity,w12,2026-04-20,2026-04-21,2026-04-27,688525,0.03225806451612904,0.9808436873747495,-0.015072571641235655,-0.0004862119884269567,
short_aggressive_compact_capacity,w12,2026-04-20,2026-04-21,2026-04-27,002025,0.03225806451612904,0.9820731462925851,-0.07419835943325881,-0.0023934954655889943,
short_aggressive_compact_capacity,w12,2026-04-20,2026-04-21,2026-04-27,301308,0.03225806451612904,0.9862665330661322,0.04863942858665804,0.001569013825376066,
short_aggressive_compact_capacity,w12,2026-04-20,2026-04-21,2026-04-27,300751,0.03225806451612904,0.9871022044088176,-0.03281158449820043,-0.0010584382096193688,
short_aggressive_compact_capacity,w12,2026-04-20,2026-04-21,2026-04-27,301200,0.03225806451612904,0.9928957915831663,-0.08664855424024842,-0.00279511465291124,
short_aggressive_compact_capacity,w12,2026-04-20,2026-04-21,2026-04-27,301358,0.03225806451612904,0.9373446893787575,0.08107782990496815,0.002615413867902199,
short_aggressive_medium_capacity,w12,2026-04-20,2026-04-21,2026-04-27,002837,0.03225806451612904,0.995811623246493,-0.20713577799801786,-0.006681799290258642,
short_aggressive_medium_capacity,w12,2026-04-20,2026-04-21,2026-04-27,000426,0.03225806451612904,0.9636713426853707,-0.0760773966578715,-0.0024541095696087585,
short_aggressive_medium_capacity,w12,2026-04-20,2026-04-21,2026-04-27,601231,0.03225806451612904,0.9383126252505011,-0.06419636535284401,-0.002070850495253033,
short_aggressive_medium_capacity,w12,2026-04-20,2026-04-21,2026-04-27,300390,0.03225806451612904,0.9393667334669339,0.08798060270176666,0.0028380839581215057,
short_aggressive_medium_capacity,w12,2026-04-20,2026-04-21,2026-04-27,002436,0.03225806451612904,0.9418456913827656,0.10094161958568737,0.0032561812769576577,
short_aggressive_medium_capacity,w12,2026-04-20,2026-04-21,2026-04-27,002465,0.03225806451612904,0.9421783567134268,-0.05833333333333335,-0.0018817204301075276,
short_aggressive_medium_capacity,w12,2026-04-20,2026-04-21,2026-04-27,600707,0.03225806451612904,0.9427294589178357,0.03617269544924162,0.0011668611435239234,
short_aggressive_medium_capacity,w12,2026-04-20,2026-04-21,2026-04-27,688234,0.03225806451612904,0.9471032064128256,0.10100184011449609,0.0032581238746611646,
short_aggressive_medium_capacity,w12,2026-04-20,2026-04-21,2026-04-27,002126,0.03225806451612904,0.9476062124248497,-0.06969205834683945,-0.002248130914414176,
short_aggressive_medium_capacity,w12,2026-04-20,2026-04-21,2026-04-27,000703,0.03225806451612904,0.947872745490982,0.0032679738562091387,0.0001054185114906174,
short_aggressive_medium_capacity,w12,2026-04-20,2026-04-21,2026-04-27,300136,0.03225806451612904,0.94800501002004,0.13701799485861188,0.004419935318019739,
short_aggressive_medium_capacity,w12,2026-04-20,2026-04-21,2026-04-27,603077,0.03225806451612904,0.9505220440881763,-0.09202453987730053,-0.0029685335444290498,
short_aggressive_medium_capacity,w12,2026-04-20,2026-04-21,2026-04-27,603179,0.03225806451612904,0.957816633266533,-0.043491816056118515,-0.0014029618082618879,
short_aggressive_medium_capacity,w12,2026-04-20,2026-04-21,2026-04-27,688375,0.03225806451612904,0.9610120240480962,-0.10149786019971463,-0.0032741245225714403,
short_aggressive_medium_capacity,w12,2026-04-20,2026-04-21,2026-04-27,688361,0.03225806451612904,0.9622565130260521,0.08411160058737144,0.002713277438302305,
short_aggressive_medium_capacity,w12,2026-04-20,2026-04-21,2026-04-27,300857,0.03225806451612904,0.9637725450901803,-0.16231046462547483,-0.005235821439531447,
short_aggressive_medium_capacity,w12,2026-04-20,2026-04-21,2026-04-27,688220,0.03225806451612904,0.9947575150300602,-0.009976650392697906,-0.00032182743202251315,
short_aggressive_medium_capacity,w12,2026-04-20,2026-04-21,2026-04-27,605589,0.03225806451612904,0.9643366733466934,0.07939097335508438,0.0025609991404865933,
short_aggressive_medium_capacity,w12,2026-04-20,2026-04-21,2026-04-27,600118,0.03225806451612904,0.9665871743486973,0.05268726195514173,0.001699589095327153,
short_aggressive_medium_capacity,w12,2026-04-20,2026-04-21,2026-04-27,688629,0.03225806451612904,0.9728176352705411,-0.01790613718411549,-0.0005776173285198547,
short_aggressive_medium_capacity,w12,2026-04-20,2026-04-21,2026-04-27,300604,0.03225806451612904,0.9740951903807614,0.15296442687747036,0.004934336350886141,
short_aggressive_medium_capacity,w12,2026-04-20,2026-04-21,2026-04-27,300432,0.03225806451612904,0.9745751503006013,0.028015564202334753,0.0009037278774946696,
short_aggressive_medium_capacity,w12,2026-04-20,2026-04-21,2026-04-27,600879,0.03225806451612904,0.9766452905811622,-0.0838229533881708,-0.002703966238328091,
short_aggressive_medium_capacity,w12,2026-04-20,2026-04-21,2026-04-27,002203,0.03225806451612904,0.9788727454909819,-0.0379676158570631,-0.0012247618018407453,
short_aggressive_medium_capacity,w12,2026-04-20,2026-04-21,2026-04-27,300679,0.03225806451612904,0.9790861723446893,0.0229379054680261,0.0007399324344524549,
short_aggressive_medium_capacity,w12,2026-04-20,2026-04-21,2026-04-27,688525,0.03225806451612904,0.9808436873747495,-0.015072571641235655,-0.0004862119884269567,
short_aggressive_medium_capacity,w12,2026-04-20,2026-04-21,2026-04-27,002025,0.03225806451612904,0.9820731462925851,-0.07419835943325881,-0.0023934954655889943,
short_aggressive_medium_capacity,w12,2026-04-20,2026-04-21,2026-04-27,301308,0.03225806451612904,0.9862665330661322,0.04863942858665804,0.001569013825376066,
short_aggressive_medium_capacity,w12,2026-04-20,2026-04-21,2026-04-27,300751,0.03225806451612904,0.9871022044088176,-0.03281158449820043,-0.0010584382096193688,
short_aggressive_medium_capacity,w12,2026-04-20,2026-04-21,2026-04-27,301200,0.03225806451612904,0.9928957915831663,-0.08664855424024842,-0.00279511465291124,
short_aggressive_medium_capacity,w12,2026-04-20,2026-04-21,2026-04-27,301358,0.03225806451612904,0.9373446893787575,0.08107782990496815,0.002615413867902199,
short_aggressive_wide_capacity,w12,2026-04-20,2026-04-21,2026-04-27,002837,0.036000000004219955,0.9951122244488978,-0.20713577799801786,-0.007456888008802747,
short_aggressive_wide_capacity,w12,2026-04-20,2026-04-21,2026-04-27,688702,0.036000000004219955,0.9695651302605209,0.25678311005596055,0.009244191963098194,
short_aggressive_wide_capacity,w12,2026-04-20,2026-04-21,2026-04-27,301308,0.036000000004219955,0.9914789579158316,0.04863942858665804,0.0017510194293249457,
short_aggressive_wide_capacity,w12,2026-04-20,2026-04-21,2026-04-27,002025,0.036000000004219955,0.9484338677354709,-0.07419835943325881,-0.002671140939910431,
short_aggressive_wide_capacity,w12,2026-04-20,2026-04-21,2026-04-27,300857,0.036000000004219955,0.948938877755511,-0.16231046462547483,-0.005843176727202037,
short_aggressive_wide_capacity,w12,2026-04-20,2026-04-21,2026-04-27,300223,0.036000000004219955,0.9570360721442885,0.011896893588896118,0.0004282881692504646,
short_aggressive_wide_capacity,w12,2026-04-20,2026-04-21,2026-04-27,300604,0.036000000004219955,0.9629178356713427,0.15296442687747036,0.005506719368234436,
short_aggressive_wide_capacity,w12,2026-04-20,2026-04-21,2026-04-27,601231,0.036000000004219955,0.9666322645290581,-0.06419636535284401,-0.00231106915297329,
short_aggressive_wide_capacity,w12,2026-04-20,2026-04-21,2026-04-27,300751,0.036000000004219955,0.973442885771543,-0.03281158449820043,-0.001181217042073679,
short_aggressive_wide_capacity,w12,2026-04-20,2026-04-21,2026-04-27,301200,0.036000000004219955,0.9776462925851703,-0.08664855424024842,-0.0031193479530145962,
short_aggressive_wide_capacity,w12,2026-04-20,2026-04-21,2026-04-27,688629,0.036000000004219955,0.9805140280561122,-0.01790613718411549,-0.0006446209387037207,
short_aggressive_wide_capacity,w12,2026-04-20,2026-04-21,2026-04-27,002436,0.036000000004219955,0.9822735470941883,0.10094161958568737,0.0036338983055107144,
short_aggressive_wide_capacity,w12,2026-04-20,2026-04-21,2026-04-27,688525,0.036000000004219955,0.9882855711422847,-0.015072571641235655,-0.0005426125791480891,
short_aggressive_wide_capacity,w12,2026-04-20,2026-04-21,2026-04-27,001389,0.036000000004219955,0.9884809619238477,0.1611598111935264,0.005801753203647037,
short_aggressive_wide_capacity,w12,2026-04-20,2026-04-21,2026-04-27,688375,0.036000000004219955,0.9325150300601202,-0.10149786019971463,-0.003653922967618043,
short_aggressive_wide_capacity,w12,2026-04-20,2026-04-21,2026-04-27,300054,0.036000000000000004,0.9370120240480961,0.07216298552932221,0.0025978674790555997,
short_aggressive_wide_capacity,w12,2026-04-20,2026-04-21,2026-04-27,600126,0.036000000000000004,0.9273346693386774,-0.032820512820512904,-0.0011815384615384648,
short_aggressive_wide_capacity,w12,2026-04-20,2026-04-21,2026-04-27,002335,0.036000000000000004,0.9280350701402806,-0.008903467666354192,-0.00032052483598875097,
short_aggressive_wide_capacity,w12,2026-04-20,2026-04-21,2026-04-27,000426,0.036000000000000004,0.9284749498997997,-0.0760773966578715,-0.002738786279683374,
short_aggressive_wide_capacity,w12,2026-04-20,2026-04-21,2026-04-27,300395,0.036000000000000004,0.9469018036072143,-0.019926066179785318,-0.0007173383824722715,
short_aggressive_wide_capacity,w12,2026-04-20,2026-04-21,2026-04-27,300017,0.036000000000000004,0.9393256513026053,-0.09485530546623788,-0.003414790996784564,
short_aggressive_wide_capacity,w12,2026-04-20,2026-04-21,2026-04-27,002202,0.036000000000000004,0.944572144288577,-0.002256487401278595,-8.123354644602943e-05,
short_aggressive_wide_capacity,w12,2026-04-20,2026-04-21,2026-04-27,600879,0.036000000000000004,0.9448817635270541,-0.0838229533881708,-0.0030176263219741494,
short_aggressive_wide_capacity,w12,2026-04-20,2026-04-21,2026-04-27,300567,0.036000000000000004,0.9458917835671342,0.0843420235878336,0.00303631284916201,
short_aggressive_wide_capacity,w12,2026-04-20,2026-04-21,2026-04-27,002281,0.036000000000000004,0.9477655310621242,0.12053311120366517,0.004339192003331946,
short_aggressive_wide_capacity,w12,2026-04-20,2026-04-21,2026-04-27,002353,0.03333333331223356,0.9238316633266532,0.09557702084392483,0.0031859006927808407,
short_aggressive_wide_capacity,w12,2026-04-20,2026-04-21,2026-04-27,600549,0.02666666664978681,0.9217134268537075,-0.10777690494893954,-0.0028740507968191293,
short_aggressive_wide_capacity,w12,2026-04-20,2026-04-21,2026-04-27,300679,0.019999999987340117,0.9172494989979959,0.0229379054680261,0.0004587581090701308,
short_aggressive_wide_capacity,w12,2026-04-20,2026-04-21,2026-04-27,688676,0.013333333324893405,0.9162064128256513,0.0058094067701932595,7.745875688687914e-05,
short_aggressive_wide_capacity,w12,2026-04-20,2026-04-21,2026-04-27,000657,0.0066666666624467024,0.9147565130260521,-0.08045780662794677,-0.000536385377180116,
stable_compact_capacity,w12,2026-04-20,2026-04-21,2026-04-27,600707,0.030303030303030304,0.996937875751503,0.03617269544924162,0.0010961422863406552,
stable_compact_capacity,w12,2026-04-20,2026-04-21,2026-04-27,002202,0.030303030303030304,0.9662404809619238,-0.002256487401278595,-6.837840609935137e-05,
stable_compact_capacity,w12,2026-04-20,2026-04-21,2026-04-27,688676,0.030303030303030304,0.9332424849699399,0.0058094067701932595,0.00017604262939979574,
stable_compact_capacity,w12,2026-04-20,2026-04-21,2026-04-27,000021,0.030303030303030304,0.9347695390781563,0.006529209621993104,0.00019785483703009407,
stable_compact_capacity,w12,2026-04-20,2026-04-21,2026-04-27,601168,0.030303030303030304,0.93549498997996,-0.001034482758620725,-3.134796238244621e-05,
stable_compact_capacity,w12,2026-04-20,2026-04-21,2026-04-27,600549,0.030303030303030304,0.9437995991983968,-0.10777690494893954,-0.0032659668166345316,
stable_compact_capacity,w12,2026-04-20,2026-04-21,2026-04-27,000426,0.030303030303030304,0.9463767535070139,-0.0760773966578715,-0.0023053756562991363,
stable_compact_capacity,w12,2026-04-20,2026-04-21,2026-04-27,002156,0.030303030303030304,0.9464168336673345,0.05588781191998349,0.0016935700581813178,
stable_compact_capacity,w12,2026-04-20,2026-04-21,2026-04-27,002080,0.030303030303030304,0.9475430861723446,0.056400892675999126,0.0017091179598787613,
stable_compact_capacity,w12,2026-04-20,2026-04-21,2026-04-27,301611,0.030303030303030304,0.9528737474949899,0.15962441314554,0.004837103428652727,
stable_compact_capacity,w12,2026-04-20,2026-04-21,2026-04-27,002008,0.030303030303030304,0.9534669338677355,0.17369365328549002,0.005263444038954243,
stable_compact_capacity,w12,2026-04-20,2026-04-21,2026-04-27,300223,0.030303030303030304,0.9544569138276553,0.011896893588896118,0.000360511926936246,
stable_compact_capacity,w12,2026-04-20,2026-04-21,2026-04-27,688002,0.030303030303030304,0.9571663326653307,0.05094813799405995,0.0015438829695169681,
stable_compact_capacity,w12,2026-04-20,2026-04-21,2026-04-27,301308,0.030303030303030304,0.9604929859719439,0.04863942858665804,0.001473922078383577,
stable_compact_capacity,w12,2026-04-20,2026-04-21,2026-04-27,603077,0.030303030303030304,0.9610420841683367,-0.09202453987730053,-0.0027886224205242584,
stable_compact_capacity,w12,2026-04-20,2026-04-21,2026-04-27,300604,0.030303030303030304,0.9642364729458918,0.15296442687747036,0.004635285662953647,
stable_compact_capacity,w12,2026-04-20,2026-04-21,2026-04-27,002281,0.030303030303030304,0.9679799599198396,0.12053311120366517,0.003652518521323187,
stable_compact_capacity,w12,2026-04-20,2026-04-21,2026-04-27,603699,0.030303030303030304,0.9953707414829659,0.030007102272727293,0.0009093061294765846,
stable_compact_capacity,w12,2026-04-20,2026-04-21,2026-04-27,300679,0.030303030303030304,0.9694268537074149,0.0229379054680261,0.0006950880444856394,
stable_compact_capacity,w12,2026-04-20,2026-04-21,2026-04-27,300285,0.030303030303030304,0.9698076152304609,-0.016839741790625862,-0.0005102952057765412,
stable_compact_capacity,w12,2026-04-20,2026-04-21,2026-04-27,688629,0.030303030303030304,0.9723406813627254,-0.01790613718411549,-0.0005426102177004694,
stable_compact_capacity,w12,2026-04-20,2026-04-21,2026-04-27,300567,0.030303030303030304,0.9737715430861723,0.0843420235878336,0.0025558188966010183,
stable_compact_capacity,w12,2026-04-20,2026-04-21,2026-04-27,002436,0.030303030303030304,0.9781763527054108,0.10094161958568737,0.0030588369571420415,
stable_compact_capacity,w12,2026-04-20,2026-04-21,2026-04-27,300395,0.030303030303030304,0.9789899799599199,-0.019926066179785318,-0.0006038201872662218,
stable_compact_capacity,w12,2026-04-20,2026-04-21,2026-04-27,688702,0.030303030303030304,0.9792064128256514,0.25678311005596055,0.007781306365332138,
stable_compact_capacity,w12,2026-04-20,2026-04-21,2026-04-27,688375,0.030303030303030304,0.9822284569138277,-0.10149786019971463,-0.003075692733324686,
stable_compact_capacity,w12,2026-04-20,2026-04-21,2026-04-27,002025,0.030303030303030304,0.985442885771543,-0.07419835943325881,-0.0022484351343411762,
stable_compact_capacity,w12,2026-04-20,2026-04-21,2026-04-27,688220,0.030303030303030304,0.9869619238476954,-0.009976650392697906,-0.00030232273917266383,
stable_compact_capacity,w12,2026-04-20,2026-04-21,2026-04-27,301200,0.030303030303030304,0.9883046092184369,-0.08664855424024842,-0.0026257137648560127,
stable_compact_capacity,w12,2026-04-20,2026-04-21,2026-04-27,300390,0.030303030303030304,0.9921162324649299,0.08798060270176666,0.0026660788697505052,
stable_compact_capacity,w12,2026-04-20,2026-04-21,2026-04-27,001389,0.030303030303030304,0.9937234468937876,0.1611598111935264,0.004883630642228073,
stable_compact_capacity,w12,2026-04-20,2026-04-21,2026-04-27,002837,0.030303030303030304,0.9938316633266533,-0.20713577799801786,-0.0062768417575156926,
stable_compact_capacity,w12,2026-04-20,2026-04-21,2026-04-27,603920,0.030303030303030304,0.932060120240481,-0.03472580367887235,-0.00105229708117795,
stable_compact_current,w12,2026-04-20,2026-04-21,2026-04-27,600118,0.03253310000000001,0.9958056112224449,0.05268726195514173,0.0017140799619128218,
stable_compact_current,w12,2026-04-20,2026-04-21,2026-04-27,600879,0.03253310000000001,0.957310621242485,-0.0838229533881708,-0.0027270205248727006,
stable_compact_current,w12,2026-04-20,2026-04-21,2026-04-27,002335,0.03253310000000001,0.9241628256513026,-0.008903467666354192,-0.00028965740393626765,
stable_compact_current,w12,2026-04-20,2026-04-21,2026-04-27,300570,0.03253310000000001,0.9324228456913828,0.08999636231356867,0.0029278606547835616,
stable_compact_current,w12,2026-04-20,2026-04-21,2026-04-27,300136,0.03253310000000001,0.933566132264529,0.13701799485861188,0.004457620128534707,
stable_compact_current,w12,2026-04-20,2026-04-21,2026-04-27,300857,0.03253310000000001,0.9912384769539078,-0.16231046462547483,-0.005280462576707037,
stable_compact_current,w12,2026-04-20,2026-04-21,2026-04-27,002080,0.03253310000000001,0.9515080160320641,0.056400892675999126,0.0018348958815175478,
stable_compact_current,w12,2026-04-20,2026-04-21,2026-04-27,002436,0.03253310000000001,0.9523937875751503,0.10094161958568737,0.0032839438041431268,
stable_compact_current,w12,2026-04-20,2026-04-21,2026-04-27,000960,0.03253310000000001,0.953371743486974,0.010119840213049347,0.00032922977363515583,
stable_compact_current,w12,2026-04-20,2026-04-21,2026-04-27,300604,0.03253310000000001,0.9541172344689379,0.15296442687747036,0.004976406996047432,
stable_compact_current,w12,2026-04-20,2026-04-21,2026-04-27,301200,0.03253310000000001,0.9504819639278557,-0.08664855424024842,-0.002818946079953427,
stable_compact_current,w12,2026-04-20,2026-04-21,2026-04-27,600707,0.03253310000000001,0.9598256513026051,0.03617269544924162,0.001176809918319723,
stable_compact_current,w12,2026-04-20,2026-04-21,2026-04-27,688702,0.03253310000000001,0.970312625250501,0.25678311005596055,0.008353950597761572,
stable_compact_current,w12,2026-04-20,2026-04-21,2026-04-27,688220,0.03253310000000001,0.990003006012024,-0.009976650392697906,-0.00032457136489068034,
stable_compact_current,w12,2026-04-20,2026-04-21,2026-04-27,688375,0.03253310000000001,0.987253507014028,-0.10149786019971463,-0.003302040035663337,
stable_compact_current,w12,2026-04-20,2026-04-21,2026-04-27,301611,0.03253310000000001,0.9843176352705411,0.15962441314554,0.005193076995305169,
stable_compact_current,w12,2026-04-20,2026-04-21,2026-04-27,002156,0.03253310000000001,0.9204564128256513,0.05588781191998349,0.0018182037739740153,
stable_compact_current,w12,2026-04-20,2026-04-21,2026-04-27,002837,0.03253310000000001,0.9814509018036073,-0.20713577799801786,-0.006738768979187316,
stable_compact_current,w12,2026-04-20,2026-04-21,2026-04-27,601231,0.03253310000000001,0.9783286573146293,-0.06419636535284401,-0.00208850677366061,
stable_compact_current,w12,2026-04-20,2026-04-21,2026-04-27,001389,0.03253310000000001,0.9735521042084168,0.1611598111935264,0.005243028253540115,
stable_compact_current,w12,2026-04-20,2026-04-21,2026-04-27,301308,0.03175800000000001,0.9486643286573146,0.04863942858665804,0.0015446909730550864,
stable_compact_current,w12,2026-04-20,2026-04-21,2026-04-27,601212,0.03175800000000001,0.9470561122244489,-0.06495098039215685,-0.002062713235294118,
stable_compact_current,w12,2026-04-20,2026-04-21,2026-04-27,300395,0.03175800000000001,0.945937875751503,-0.019926066179785318,-0.0006328120097376223,
stable_compact_current,w12,2026-04-20,2026-04-21,2026-04-27,600549,0.03175800000000001,0.9431077154308616,-0.10777690494893954,-0.003422778947368423,
stable_compact_current,w12,2026-04-20,2026-04-21,2026-04-27,000426,0.03175800000000001,0.9497825651302605,-0.0760773966578715,-0.0024160659630606835,
stable_compact_current,w12,2026-04-20,2026-04-21,2026-04-27,002202,0.03175800000000001,0.9359063126252505,-0.002256487401278595,-7.166152688980565e-05,
stable_compact_current,w12,2026-04-20,2026-04-21,2026-04-27,300383,0.03175800000000001,0.9349283567134268,-0.09376754632229078,-0.0029778697361033117,
stable_compact_current,w12,2026-04-20,2026-04-21,2026-04-27,603077,0.03175800000000001,0.933179859719439,-0.09202453987730053,-0.0029225153374233107,
stable_compact_current,w12,2026-04-20,2026-04-21,2026-04-27,300285,0.03175800000000001,0.9277269539078157,-0.016839741790625862,-0.0005347965197866962,
stable_compact_current,w12,2026-04-20,2026-04-21,2026-04-27,300454,0.03175800000000001,0.925315631262525,0.061464457509353254,0.0019519882415820413,
stable_compact_current,w12,2026-04-20,2026-04-21,2026-04-27,600497,0.03175800000000001,0.9428617234468938,-0.020697167755991286,-0.0006573006535947714,
stable_extra_wide_capacity,w12,2026-04-20,2026-04-21,2026-04-27,301200,0.02173913043478261,0.9899799599198398,-0.08664855424024842,-0.0018836642226140964,
stable_extra_wide_capacity,w12,2026-04-20,2026-04-21,2026-04-27,002409,0.02173913043478261,0.9232164328657315,0.03076567198704616,0.000668818956240134,
stable_extra_wide_capacity,w12,2026-04-20,2026-04-21,2026-04-27,002156,0.02173913043478261,0.9366983967935874,0.05588781191998349,0.0012149524330431194,
stable_extra_wide_capacity,w12,2026-04-20,2026-04-21,2026-04-27,601231,0.02173913043478261,0.9347645290581161,-0.06419636535284401,-0.0013955731598444352,
stable_extra_wide_capacity,w12,2026-04-20,2026-04-21,2026-04-27,688676,0.02173913043478261,0.9332815631262525,0.0058094067701932595,0.00012629145152594044,
stable_extra_wide_capacity,w12,2026-04-20,2026-04-21,2026-04-27,002126,0.02173913043478261,0.9308016032064128,-0.06969205834683945,-0.0015150447466704229,
stable_extra_wide_capacity,w12,2026-04-20,2026-04-21,2026-04-27,600549,0.02173913043478261,0.9295340681362727,-0.10777690494893954,-0.002342976194542164,
stable_extra_wide_capacity,w12,2026-04-20,2026-04-21,2026-04-27,002025,0.02173913043478261,0.9274549098196393,-0.07419835943325881,-0.001613007813766496,
stable_extra_wide_capacity,w12,2026-04-20,2026-04-21,2026-04-27,300679,0.02173913043478261,0.9264128256513027,0.0229379054680261,0.0004986501188701326,
stable_extra_wide_capacity,w12,2026-04-20,2026-04-21,2026-04-27,688525,0.02173913043478261,0.9240380761523046,-0.015072571641235655,-0.0003276646008964273,
stable_extra_wide_capacity,w12,2026-04-20,2026-04-21,2026-04-27,688037,0.02173913043478261,0.9236673346693387,0.1659883401165989,0.003608442176447803,
stable_extra_wide_capacity,w12,2026-04-20,2026-04-21,2026-04-27,688702,0.02173913043478261,0.923066132264529,0.25678311005596055,0.005582241522955665,
stable_extra_wide_capacity,w12,2026-04-20,2026-04-21,2026-04-27,300567,0.02173913043478261,0.9836673346693388,0.0843420235878336,0.0018335222519094265,
stable_extra_wide_capacity,w12,2026-04-20,2026-04-21,2026-04-27,600126,0.02173913043478261,0.9205110220440882,-0.032820512820512904,-0.000713489409141585,
stable_extra_wide_capacity,w12,2026-04-20,2026-04-21,2026-04-27,002353,0.02173913043478261,0.9196593186372746,0.09557702084392483,0.0020777613226940182,
stable_extra_wide_capacity,w12,2026-04-20,2026-04-21,2026-04-27,603920,0.02173913043478261,0.9152054108216434,-0.03472580367887235,-0.0007549087756276599,
stable_extra_wide_capacity,w12,2026-04-20,2026-04-21,2026-04-27,688385,0.02173913043478261,0.9133366733466934,-0.03849740242440369,-0.0008369000527044282,
stable_extra_wide_capacity,w12,2026-04-20,2026-04-21,2026-04-27,300454,0.02173913043478261,0.9129559118236474,0.061464457509353254,0.001336183858898984,
stable_extra_wide_capacity,w12,2026-04-20,2026-04-21,2026-04-27,002429,0.02173913043478261,0.9118386773547094,0.08576642335766427,0.0018644874642970496,
stable_extra_wide_capacity,w12,2026-04-20,2026-04-21,2026-04-27,300373,0.02173913043478261,0.9109519038076153,-0.032404010760577195,-0.000704435016534287,
stable_extra_wide_capacity,w12,2026-04-20,2026-04-21,2026-04-27,300570,0.02173913043478261,0.9075350701402807,0.08999636231356867,0.0019564426589906234,
stable_extra_wide_capacity,w12,2026-04-20,2026-04-21,2026-04-27,688220,0.02173913043478261,0.9072144288577155,-0.009976650392697906,-0.00021688370418908494,
stable_extra_wide_capacity,w12,2026-04-20,2026-04-21,2026-04-27,601212,0.02173913043478261,0.9367334669338678,-0.06495098039215685,-0.0014119778346121058,
stable_extra_wide_capacity,w12,2026-04-20,2026-04-21,2026-04-27,002335,0.02173913043478261,0.9369739478957917,-0.008903467666354192,-0.00019355364492074334,
stable_extra_wide_capacity,w12,2026-04-20,2026-04-21,2026-04-27,000960,0.02173913043478261,0.9369989979959921,0.010119840213049347,0.00021999652637063802,
stable_extra_wide_capacity,w12,2026-04-20,2026-04-21,2026-04-27,000426,0.02173913043478261,0.9381312625250502,-0.0760773966578715,-0.0016538564490841633,
stable_extra_wide_capacity,w12,2026-04-20,2026-04-21,2026-04-27,300395,0.02173913043478261,0.979684368737475,-0.019926066179785318,-0.0004331753517344635,
stable_extra_wide_capacity,w12,2026-04-20,2026-04-21,2026-04-27,300604,0.02173913043478261,0.9756563126252505,0.15296442687747036,0.0033253136277710954,
stable_extra_wide_capacity,w12,2026-04-20,2026-04-21,2026-04-27,301308,0.02173913043478261,0.9748496993987976,0.04863942858665804,0.0010573788823186531,
stable_extra_wide_capacity,w12,2026-04-20,2026-04-21,2026-04-27,002202,0.02173913043478261,0.9739529058116234,-0.002256487401278595,-4.905407394083903e-05,
stable_extra_wide_capacity,w12,2026-04-20,2026-04-21,2026-04-27,300285,0.02173913043478261,0.9696543086172345,-0.016839741790625862,-0.0003660813432744753,
stable_extra_wide_capacity,w12,2026-04-20,2026-04-21,2026-04-27,603077,0.02173913043478261,0.9684769539078157,-0.09202453987730053,-0.00200053347559349,
stable_extra_wide_capacity,w12,2026-04-20,2026-04-21,2026-04-27,002837,0.02173913043478261,0.9665831663326654,-0.20713577799801786,-0.004502951695609084,
stable_extra_wide_capacity,w12,2026-04-20,2026-04-21,2026-04-27,301611,0.02173913043478261,0.9622545090180361,0.15962441314554,0.003470095937946522,
stable_extra_wide_capacity,w12,2026-04-20,2026-04-21,2026-04-27,001389,0.02173913043478261,0.9613827655310623,0.1611598111935264,0.003503474156381009,
stable_extra_wide_capacity,w12,2026-04-20,2026-04-21,2026-04-27,300223,0.02173913043478261,0.961057114228457,0.011896893588896118,0.0002586281214977417,
stable_extra_wide_capacity,w12,2026-04-20,2026-04-21,2026-04-27,002436,0.02173913043478261,0.9581663326653308,0.10094161958568737,0.002194383034471465,
stable_extra_wide_capacity,w12,2026-04-20,2026-04-21,2026-04-27,300054,0.02173913043478261,0.9557014028056112,0.07216298552932221,0.0015687605549852656,
stable_extra_wide_capacity,w12,2026-04-20,2026-04-21,2026-04-27,300751,0.02173913043478261,0.951122244488978,-0.03281158449820043,-0.0007132953151782703,
stable_extra_wide_capacity,w12,2026-04-20,2026-04-21,2026-04-27,688375,0.02173913043478261,0.949864729458918,-0.10149786019971463,-0.002206475221732927,
stable_extra_wide_capacity,w12,2026-04-20,2026-04-21,2026-04-27,002851,0.02173913043478261,0.9481613226452907,-0.03578759482373928,-0.0007779911918204192,
stable_extra_wide_capacity,w12,2026-04-20,2026-04-21,2026-04-27,300136,0.02173913043478261,0.9465831663326654,0.13701799485861188,0.002978652062143737,
stable_extra_wide_capacity,w12,2026-04-20,2026-04-21,2026-04-27,002080,0.02173913043478261,0.943862725450902,0.056400892675999126,0.0012261063625217204,
stable_extra_wide_capacity,w12,2026-04-20,2026-04-21,2026-04-27,688347,0.02173913043478261,0.9433116232464931,0.09445506692160599,0.002053371020034913,
stable_extra_wide_capacity,w12,2026-04-20,2026-04-21,2026-04-27,688629,0.02173913043478261,0.9427655310621242,-0.01790613718411549,-0.00038926385182859767,
stable_extra_wide_capacity,w12,2026-04-20,2026-04-21,2026-04-27,688002,0.02173913043478261,0.9040881763527054,0.05094813799405995,0.001107568217262173,
stable_medium_capacity,w12,2026-04-20,2026-04-21,2026-04-27,000967,0.01075268817204301,0.9969038076152305,-0.08581560283687939,-0.0009227484176008536,
stable_medium_capacity,w12,2026-04-20,2026-04-21,2026-04-27,600879,0.01075268817204301,0.8667409819639278,-0.0838229533881708,-0.0009013220794426968,
stable_medium_capacity,w12,2026-04-20,2026-04-21,2026-04-27,000629,0.01075268817204301,0.8378456913827654,0.06552706552706566,0.0007045921024415663,
stable_medium_capacity,w12,2026-04-20,2026-04-21,2026-04-27,688387,0.01075268817204301,0.8383517034068136,-0.04284919309961044,-0.0004607440118237681,
stable_medium_capacity,w12,2026-04-20,2026-04-21,2026-04-27,688037,0.01075268817204301,0.8459018036072145,0.1659883401165989,0.0017848208614688053,
stable_medium_capacity,w12,2026-04-20,2026-04-21,2026-04-27,300857,0.01075268817204301,0.8466132264529058,-0.16231046462547483,-0.0017452738131771485,
stable_medium_capacity,w12,2026-04-20,2026-04-21,2026-04-27,603699,0.01075268817204301,0.8507715430861723,0.030007102272727293,0.0003226570136852397,
stable_medium_capacity,w12,2026-04-20,2026-04-21,2026-04-27,600316,0.01075268817204301,0.8532414829659318,-0.05836867049139449,-0.0006276201128106934,
stable_medium_capacity,w12,2026-04-20,2026-04-21,2026-04-27,300136,0.01075268817204301,0.8559218436873748,0.13701799485861188,0.0014733117726732459,
stable_medium_capacity,w12,2026-04-20,2026-04-21,2026-04-27,002126,0.01075268817204301,0.86000501002004,-0.06969205834683945,-0.0007493769714713919,
stable_medium_capacity,w12,2026-04-20,2026-04-21,2026-04-27,300751,0.01075268817204301,0.8637174348697395,-0.03281158449820043,-0.00035281273653978954,
stable_medium_capacity,w12,2026-04-20,2026-04-21,2026-04-27,600352,0.01075268817204301,0.8697394789579158,0.002307692307692344,2.4813895781638103e-05,
stable_medium_capacity,w12,2026-04-20,2026-04-21,2026-04-27,600118,0.01075268817204301,0.8904483967935871,0.05268726195514173,0.0005665296984423841,
stable_medium_capacity,w12,2026-04-20,2026-04-21,2026-04-27,300454,0.01075268817204301,0.8711422845691383,0.061464457509353254,0.0006609081452618628,
stable_medium_capacity,w12,2026-04-20,2026-04-21,2026-04-27,003031,0.01075268817204301,0.8712975951903807,0.06629694983614831,0.0007128704283456808,
stable_medium_capacity,w12,2026-04-20,2026-04-21,2026-04-27,000960,0.01075268817204301,0.8726177354709419,0.010119840213049347,0.00010881548616182093,
stable_medium_capacity,w12,2026-04-20,2026-04-21,2026-04-27,603225,0.01075268817204301,0.8730160320641283,0.017814726840855055,0.00019155620258983928,
stable_medium_capacity,w12,2026-04-20,2026-04-21,2026-04-27,600497,0.01075268817204301,0.8737700400801602,-0.020697167755991286,-0.00022255019092463747,
stable_medium_capacity,w12,2026-04-20,2026-04-21,2026-04-27,003035,0.01075268817204301,0.8744288577154309,-0.01251564455569465,-0.00013457682317951234,
stable_medium_capacity,w12,2026-04-20,2026-04-21,2026-04-27,000060,0.01075268817204301,0.8823997995991983,-0.042212518195050897,-0.0004538980451080741,
stable_medium_capacity,w12,2026-04-20,2026-04-21,2026-04-27,688027,0.01075268817204301,0.8850501002004009,-0.058072986803124116,-0.0006244407183131625,
stable_medium_capacity,w12,2026-04-20,2026-04-21,2026-04-27,601958,0.01075268817204301,0.8857715430861723,-0.03955933900851272,-0.00042536923665067436,
stable_medium_capacity,w12,2026-04-20,2026-04-21,2026-04-27,688347,0.01075268817204301,0.8363351703406813,0.09445506692160599,0.0010156458808774837,
stable_medium_capacity,w12,2026-04-20,2026-04-21,2026-04-27,601233,0.01075268817204301,0.8358817635270541,0.020582329317268888,0.00022131536900289126,
stable_medium_capacity,w12,2026-04-20,2026-04-21,2026-04-27,300699,0.01075268817204301,0.8335420841683366,-0.10772138228941686,-0.001158294433219536,
stable_medium_capacity,w12,2026-04-20,2026-04-21,2026-04-27,300346,0.01075268817204301,0.832565130260521,0.02253409764775638,0.00024230212524469223,
stable_medium_capacity,w12,2026-04-20,2026-04-21,2026-04-27,688122,0.01075268817204301,0.7888276553106213,-0.06529528865295275,-0.0007020998779887392,
stable_medium_capacity,w12,2026-04-20,2026-04-21,2026-04-27,601061,0.01075268817204301,0.7898997995991983,0.09597523219814241,0.0010319917440660474,
stable_medium_capacity,w12,2026-04-20,2026-04-21,2026-04-27,688220,0.01075268817204301,0.7899799599198397,-0.009976650392697906,-0.00010727581067417101,
stable_medium_capacity,w12,2026-04-20,2026-04-21,2026-04-27,688568,0.01075268817204301,0.7901227454909819,-0.1494023904382471,-0.0016064773165402912,
stable_medium_capacity,w12,2026-04-20,2026-04-21,2026-04-27,600295,0.01075268817204301,0.7902054108216432,0.029054054054054035,0.00031240918337692506,
stable_medium_capacity,w12,2026-04-20,2026-04-21,2026-04-27,002271,0.01075268817204301,0.7910420841683368,-0.03895274584929753,-0.00041884672956233904,
stable_medium_capacity,w12,2026-04-20,2026-04-21,2026-04-27,300919,0.01075268817204301,0.7912750501002004,0.09216101694915246,0.000990978676872607,
stable_medium_capacity,w12,2026-04-20,2026-04-21,2026-04-27,300142,0.01075268817204301,0.7937725450901804,-0.02924451665312766,-0.00031445716831320065,
stable_medium_capacity,w12,2026-04-20,2026-04-21,2026-04-27,688017,0.01075268817204301,0.7972019038076151,0.014375859942117097,0.00015457913916254942,
stable_medium_capacity,w12,2026-04-20,2026-04-21,2026-04-27,000032,0.01075268817204301,0.799123246492986,-0.041577825159914816,-0.00044707338881628834,
stable_medium_capacity,w12,2026-04-20,2026-04-21,2026-04-27,688676,0.01075268817204301,0.800318136272545,0.0058094067701932595,6.246673946444365e-05,
stable_medium_capacity,w12,2026-04-20,2026-04-21,2026-04-27,002738,0.01075268817204301,0.8013476953907815,0.01861638241652641,0.000200176155016413,
stable_medium_capacity,w12,2026-04-20,2026-04-21,2026-04-27,002025,0.01075268817204301,0.8015581162324649,-0.07419835943325881,-0.0007978318218629978,
stable_medium_capacity,w12,2026-04-20,2026-04-21,2026-04-27,688777,0.01075268817204301,0.8024323647294589,0.049159663865546044,0.0005285985361886671,
stable_medium_capacity,w12,2026-04-20,2026-04-21,2026-04-27,002353,0.01075268817204301,0.8222895791583167,0.09557702084392483,0.0010277099015475787,
stable_medium_capacity,w12,2026-04-20,2026-04-21,2026-04-27,002195,0.01075268817204301,0.8236172344689379,-0.04394426580921762,-0.00047251898719588835,
stable_medium_capacity,w12,2026-04-20,2026-04-21,2026-04-27,600126,0.01075268817204301,0.8252905811623247,-0.032820512820512904,-0.00035290874000551507,
stable_medium_capacity,w12,2026-04-20,2026-04-21,2026-04-27,300748,0.01075268817204301,0.8261723446893787,-0.050741839762611374,-0.000545611180243133,
stable_medium_capacity,w12,2026-04-20,2026-04-21,2026-04-27,600563,0.01075268817204301,0.8310921843687373,-0.060317460317460325,-0.0006485748421232293,
stable_medium_capacity,w12,2026-04-20,2026-04-21,2026-04-27,300054,0.01075268817204301,0.888877755511022,0.07216298552932221,0.0007759460809604538,
stable_medium_capacity,w12,2026-04-20,2026-04-21,2026-04-27,300390,0.01075268817204301,0.8907214428857715,0.08798060270176666,0.0009460279860405016,
stable_medium_capacity,w12,2026-04-20,2026-04-21,2026-04-27,600707,0.01075268817204301,0.9933517034068136,0.03617269544924162,0.00038895371450797437,
stable_medium_capacity,w12,2026-04-20,2026-04-21,2026-04-27,300395,0.01075268817204301,0.9591357715430862,-0.019926066179785318,-0.00021425877612672384,
stable_medium_capacity,w12,2026-04-20,2026-04-21,2026-04-27,301611,0.01075268817204301,0.9347044088176353,0.15962441314554,0.0017163915391993545,
stable_medium_capacity,w12,2026-04-20,2026-04-21,2026-04-27,002156,0.01075268817204301,0.9413552104208416,0.05588781191998349,0.0006009442141933708,
stable_medium_capacity,w12,2026-04-20,2026-04-21,2026-04-27,301308,0.01075268817204301,0.942805611222445,0.04863942858665804,0.0005230046084586886,
stable_medium_capacity,w12,2026-04-20,2026-04-21,2026-04-27,001389,0.01075268817204301,0.9430811623246493,0.1611598111935264,0.001732901195629316,
stable_medium_capacity,w12,2026-04-20,2026-04-21,2026-04-27,603979,0.01075268817204301,0.9446943887775551,-0.02982263380944905,-0.0003206734818220328,
stable_medium_capacity,w12,2026-04-20,2026-04-21,2026-04-27,300223,0.01075268817204301,0.9513852705410821,0.011896893588896118,0.0001279235869773776,
stable_medium_capacity,w12,2026-04-20,2026-04-21,2026-04-27,002202,0.01075268817204301,0.952753006012024,-0.002256487401278595,-2.426330539009242e-05,
stable_medium_capacity,w12,2026-04-20,2026-04-21,2026-04-27,002080,0.01075268817204301,0.9564003006012024,0.056400892675999126,0.000606461211569883,
stable_medium_capacity,w12,2026-04-20,2026-04-21,2026-04-27,002409,0.01075268817204301,0.9568887775551103,0.03076567198704616,0.00033081367728006624,
stable_medium_capacity,w12,2026-04-20,2026-04-21,2026-04-27,000426,0.01075268817204301,0.9595916833667335,-0.0760773966578715,-0.0008180365232029193,
stable_medium_capacity,w12,2026-04-20,2026-04-21,2026-04-27,000039,0.01075268817204301,0.8912124248496994,-0.02532751091703045,-0.00027233882706484354,
stable_medium_capacity,w12,2026-04-20,2026-04-21,2026-04-27,600549,0.01075268817204301,0.9618712424849699,-0.10777690494893954,-0.001158891451063866,
stable_medium_capacity,w12,2026-04-20,2026-04-21,2026-04-27,688281,0.01075268817204301,0.9638126252505009,-0.03488222422448184,-0.000375077679833138,
stable_medium_capacity,w12,2026-04-20,2026-04-21,2026-04-27,300285,0.01075268817204301,0.9641508016032063,-0.016839741790625862,-0.0001810724923723211,
stable_medium_capacity,w12,2026-04-20,2026-04-21,2026-04-27,300604,0.01075268817204301,0.9779033066132264,0.15296442687747036,0.0016447787836287135,
stable_medium_capacity,w12,2026-04-20,2026-04-21,2026-04-27,603077,0.01075268817204301,0.9808517034068136,-0.09202453987730053,-0.0009895111814763496,
stable_medium_capacity,w12,2026-04-20,2026-04-21,2026-04-27,301200,0.01075268817204301,0.9822294589178358,-0.08664855424024842,-0.0009317048843037464,
stable_medium_capacity,w12,2026-04-20,2026-04-21,2026-04-27,688375,0.01075268817204301,0.9861097194388777,-0.10149786019971463,-0.0010913748408571465,
stable_medium_capacity,w12,2026-04-20,2026-04-21,2026-04-27,002436,0.01075268817204301,0.9866933867735471,0.10094161958568737,0.0010853937589858857,
stable_medium_capacity,w12,2026-04-20,2026-04-21,2026-04-27,300567,0.01075268817204301,0.9870541082164329,0.0843420235878336,0.0009069034794390709,
stable_medium_capacity,w12,2026-04-20,2026-04-21,2026-04-27,300679,0.01075268817204301,0.934684368737475,0.0229379054680261,0.0002466441448174849,
stable_medium_capacity,w12,2026-04-20,2026-04-21,2026-04-27,000021,0.01075268817204301,0.9339003006012023,0.006529209621993104,7.020655507519466e-05,
stable_medium_capacity,w12,2026-04-20,2026-04-21,2026-04-27,601212,0.01075268817204301,0.9311322645290582,-0.06495098039215685,-0.0006983976386253425,
stable_medium_capacity,w12,2026-04-20,2026-04-21,2026-04-27,603920,0.01075268817204301,0.9304133266533066,-0.03472580367887235,-0.0003733957384824983,
stable_medium_capacity,w12,2026-04-20,2026-04-21,2026-04-27,601231,0.01075268817204301,0.8929183366733466,-0.06419636535284401,-0.0006902834984176774,
stable_medium_capacity,w12,2026-04-20,2026-04-21,2026-04-27,002429,0.01075268817204301,0.8988451903807615,0.08576642335766427,0.00092221960599639,
stable_medium_capacity,w12,2026-04-20,2026-04-21,2026-04-27,300373,0.01075268817204301,0.8992284569138277,-0.032404010760577195,-0.00034843022323201284,
stable_medium_capacity,w12,2026-04-20,2026-04-21,2026-04-27,002185,0.01075268817204301,0.8997595190380762,0.010188087774294807,0.00010954933090639577,
stable_medium_capacity,w12,2026-04-20,2026-04-21,2026-04-27,300570,0.01075268817204301,0.9040831663326653,0.08999636231356867,0.0009677028205760071,
stable_medium_capacity,w12,2026-04-20,2026-04-21,2026-04-27,002851,0.01075268817204301,0.9057940881763527,-0.03578759482373928,-0.000384812847567089,
stable_medium_capacity,w12,2026-04-20,2026-04-21,2026-04-27,600392,0.01075268817204301,0.9065956913827655,-0.09773318468970638,-0.0010508944590291007,
stable_medium_capacity,w12,2026-04-20,2026-04-21,2026-04-27,000878,0.01075268817204301,0.907001503006012,-0.01216421692853531,-0.00013079803148962696,
stable_medium_capacity,w12,2026-04-20,2026-04-21,2026-04-27,600498,0.01075268817204301,0.9084719438877756,-0.02586369643194253,-0.0002781042627090594,
stable_medium_capacity,w12,2026-04-20,2026-04-21,2026-04-27,002837,0.01075268817204301,0.9096593186372746,-0.20713577799801786,-0.0022272664300862135,
stable_medium_capacity,w12,2026-04-20,2026-04-21,2026-04-27,688709,0.01075268817204301,0.9168086172344689,-0.03453689167974894,-0.000371364426663967,
stable_medium_capacity,w12,2026-04-20,2026-04-21,2026-04-27,603688,0.01075268817204301,0.9188426853707414,0.038272816486751626,0.0004115356611478669,
stable_medium_capacity,w12,2026-04-20,2026-04-21,2026-04-27,301536,0.01075268817204301,0.9199899799599198,0.045287327159710955,0.00048696050709366614,
stable_medium_capacity,w12,2026-04-20,2026-04-21,2026-04-27,688002,0.01075268817204301,0.9212174348697395,0.05094813799405995,0.0005478294407963435,
stable_medium_capacity,w12,2026-04-20,2026-04-21,2026-04-27,002008,0.01075268817204301,0.9268687374749499,0.17369365328549002,0.0018676736912418281,
stable_medium_capacity,w12,2026-04-20,2026-04-21,2026-04-27,002335,0.01075268817204301,0.9275300601202404,-0.008903467666354192,-9.57362114661741e-05,
stable_medium_capacity,w12,2026-04-20,2026-04-21,2026-04-27,300383,0.01075268817204301,0.9283116232464931,-0.09376754632229078,-0.0010082531862611911,
stable_medium_capacity,w12,2026-04-20,2026-04-21,2026-04-27,601168,0.01075268817204301,0.9296067134268537,-0.001034482758620725,-1.1123470522803495e-05,
stable_medium_capacity,w12,2026-04-20,2026-04-21,2026-04-27,688629,0.01075268817204301,0.9298697394789579,-0.01790613718411549,-0.00019253910950661814,
stable_medium_capacity,w12,2026-04-20,2026-04-21,2026-04-27,000831,0.01075268817204301,0.7880511022044088,-0.0783808647654094,-0.0008428049974775203,
balanced_extra_wide_capacity,w13,2026-04-27,2026-04-28,2026-05-07,300604,0.015625,0.9921342685370741,0.0615929608044794,0.0009623900125699907,
balanced_extra_wide_capacity,w13,2026-04-27,2026-04-28,2026-05-07,688037,0.015625,0.9884769539078156,0.12306603773584901,0.0019229068396226408,
balanced_extra_wide_capacity,w13,2026-04-27,2026-04-28,2026-05-07,600498,0.015625,0.9210170340681363,0.00426356589147292,6.661821705426438e-05,
balanced_extra_wide_capacity,w13,2026-04-27,2026-04-28,2026-05-07,601958,0.015625,0.9205911823647295,0.08915537017726805,0.0013930526590198132,
balanced_extra_wide_capacity,w13,2026-04-27,2026-04-28,2026-05-07,003031,0.015625,0.9195390781563126,0.04570527974783278,0.0007141449960598872,
balanced_extra_wide_capacity,w13,2026-04-27,2026-04-28,2026-05-07,688002,0.015625,0.9185120240480962,0.06492753623188419,0.0010144927536231904,
balanced_extra_wide_capacity,w13,2026-04-27,2026-04-28,2026-05-07,300383,0.015625,0.9179108216432866,0.08674101610904583,0.0013553283767038411,
balanced_extra_wide_capacity,w13,2026-04-27,2026-04-28,2026-05-07,688525,0.015625,0.9169589178356714,0.13300585679198962,0.002078216512374838,
balanced_extra_wide_capacity,w13,2026-04-27,2026-04-28,2026-05-07,002409,0.015625,0.9138777555110221,0.03321364452423681,0.0005189631956912001,
balanced_extra_wide_capacity,w13,2026-04-27,2026-04-28,2026-05-07,002436,0.015625,0.9137274549098197,0.10913445090660279,0.0017052257954156685,
balanced_extra_wide_capacity,w13,2026-04-27,2026-04-28,2026-05-07,600392,0.015625,0.9107715430861724,0.10873146622734753,0.0016989291598023051,
balanced_extra_wide_capacity,w13,2026-04-27,2026-04-28,2026-05-07,002335,0.015625,0.910245490981964,0.08999211977935362,0.0014061268715524003,
balanced_extra_wide_capacity,w13,2026-04-27,2026-04-28,2026-05-07,300757,0.015625,0.9093937875751503,-0.015776277724204424,-0.0002465043394406941,
balanced_extra_wide_capacity,w13,2026-04-27,2026-04-28,2026-05-07,300285,0.015625,0.9083416833667335,0.10419640308307154,0.0016280687981729929,
balanced_extra_wide_capacity,w13,2026-04-27,2026-04-28,2026-05-07,603688,0.015625,0.9038577154308618,0.19697542533081291,0.003077741020793952,
balanced_extra_wide_capacity,w13,2026-04-27,2026-04-28,2026-05-07,000021,0.015625,0.90125250501002,0.07681802663024917,0.0012002816660976433,
balanced_extra_wide_capacity,w13,2026-04-27,2026-04-28,2026-05-07,688387,0.015625,0.9011022044088176,0.20348837209302317,0.003179505813953487,
balanced_extra_wide_capacity,w13,2026-04-27,2026-04-28,2026-05-07,600118,0.015625,0.8975951903807615,0.07839195979899505,0.0012248743718592976,
balanced_extra_wide_capacity,w13,2026-04-27,2026-04-28,2026-05-07,688361,0.015625,0.8948897795591182,0.07270954109551941,0.0011360865796174908,
balanced_extra_wide_capacity,w13,2026-04-27,2026-04-28,2026-05-07,600549,0.015625,0.893812625250501,0.05300228913541116,0.0008281607677407994,
balanced_extra_wide_capacity,w13,2026-04-27,2026-04-28,2026-05-07,600879,0.015625,0.8922595190380762,0.08208636169303118,0.0012825994014536123,
balanced_extra_wide_capacity,w13,2026-04-27,2026-04-28,2026-05-07,603077,0.015625,0.888001002004008,-0.020270270270270285,-0.0003167229729729732,
balanced_extra_wide_capacity,w13,2026-04-27,2026-04-28,2026-05-07,688777,0.015625,0.8801102204408818,0.10238953410759577,0.001599836470431184,
balanced_extra_wide_capacity,w13,2026-04-27,2026-04-28,2026-05-07,000629,0.015625,0.8795090180360721,0.03743315508021383,0.0005848930481283411,
balanced_extra_wide_capacity,w13,2026-04-27,2026-04-28,2026-05-07,605358,0.015625,0.87875751503006,0.12363996043521275,0.0019318743818001992,
balanced_extra_wide_capacity,w13,2026-04-27,2026-04-28,2026-05-07,002738,0.015625,0.8782314629258516,0.037613488975356546,0.000587710765239946,
balanced_extra_wide_capacity,w13,2026-04-27,2026-04-28,2026-05-07,688629,0.015625,0.8762775551102204,0.04425819732392289,0.0006915343331862951,
balanced_extra_wide_capacity,w13,2026-04-27,2026-04-28,2026-05-07,000539,0.015625,0.8739478957915832,0.055152394775036306,0.0008617561683599423,
balanced_extra_wide_capacity,w13,2026-04-27,2026-04-28,2026-05-07,300054,0.015625,0.8704659318637274,0.22180784940507903,0.00346574764695436,
balanced_extra_wide_capacity,w13,2026-04-27,2026-04-28,2026-05-07,001389,0.015625,0.8663326653306613,0.047154471544715415,0.0007367886178861784,
balanced_extra_wide_capacity,w13,2026-04-27,2026-04-28,2026-05-07,688166,0.015625,0.8662074148296592,0.10260533933740756,0.0016032084271469932,
balanced_extra_wide_capacity,w13,2026-04-27,2026-04-28,2026-05-07,300058,0.015625,0.9213176352705411,0.11754487550665904,0.0018366386797915475,
balanced_extra_wide_capacity,w13,2026-04-27,2026-04-28,2026-05-07,600497,0.015625,0.9262525050100201,0.07563959955506117,0.0011818687430478307,
balanced_extra_wide_capacity,w13,2026-04-27,2026-04-28,2026-05-07,000060,0.015625,0.9311122244488977,0.22796352583586632,0.0035619300911854113,
balanced_extra_wide_capacity,w13,2026-04-27,2026-04-28,2026-05-07,002080,0.015625,0.959193386773547,0.21336662185519484,0.0033338534664874193,
balanced_extra_wide_capacity,w13,2026-04-27,2026-04-28,2026-05-07,300136,0.015625,0.9868737474949899,0.14910694099027832,0.002329795952973099,
balanced_extra_wide_capacity,w13,2026-04-27,2026-04-28,2026-05-07,301308,0.015625,0.9808867735470942,0.22840949524729326,0.003568898363238957,
balanced_extra_wide_capacity,w13,2026-04-27,2026-04-28,2026-05-07,300567,0.015625,0.9751753507014028,0.06711985688729882,0.0010487477638640441,
balanced_extra_wide_capacity,w13,2026-04-27,2026-04-28,2026-05-07,000657,0.015625,0.9736222444889779,0.1738807356492662,0.0027168864945197845,
balanced_extra_wide_capacity,w13,2026-04-27,2026-04-28,2026-05-07,688347,0.015625,0.9716432865731462,0.15946890286512927,0.002491701607267645,
balanced_extra_wide_capacity,w13,2026-04-27,2026-04-28,2026-05-07,601231,0.015625,0.9693637274549098,0.06002522068095839,0.0009378940731399749,
balanced_extra_wide_capacity,w13,2026-04-27,2026-04-28,2026-05-07,002851,0.015625,0.9683116232464929,0.13846723435764519,0.002163550536838206,
balanced_extra_wide_capacity,w13,2026-04-27,2026-04-28,2026-05-07,300679,0.015625,0.9682364729458918,0.14405436013590034,0.002250849377123443,
balanced_extra_wide_capacity,w13,2026-04-27,2026-04-28,2026-05-07,000960,0.015625,0.9679108216432866,0.054574215660427194,0.0008527221196941749,
balanced_extra_wide_capacity,w13,2026-04-27,2026-04-28,2026-05-07,300570,0.015625,0.9670340681362726,0.0015351755439863002,2.398711787478594e-05,
balanced_extra_wide_capacity,w13,2026-04-27,2026-04-28,2026-05-07,002429,0.015625,0.9646793587174348,0.015126050420168013,0.0002363445378151252,
balanced_extra_wide_capacity,w13,2026-04-27,2026-04-28,2026-05-07,002202,0.015625,0.9594188376753507,0.07274783264229168,0.0011366848850358074,
balanced_extra_wide_capacity,w13,2026-04-27,2026-04-28,2026-05-07,600707,0.015625,0.9592184368737475,0.018018018018017834,0.00028153153153152866,
balanced_extra_wide_capacity,w13,2026-04-27,2026-04-28,2026-05-07,002465,0.015625,0.9567635270541083,0.06005056890012628,0.0009382901390644731,
balanced_extra_wide_capacity,w13,2026-04-27,2026-04-28,2026-05-07,300857,0.015625,0.9320140280561122,0.10461240310077513,0.0016345687984496114,
balanced_extra_wide_capacity,w13,2026-04-27,2026-04-28,2026-05-07,300223,0.015625,0.9567635270541082,0.12140757674722402,0.0018969933866753753,
balanced_extra_wide_capacity,w13,2026-04-27,2026-04-28,2026-05-07,688702,0.015625,0.9567134268537074,0.051813121942992035,0.0008095800303592506,
balanced_extra_wide_capacity,w13,2026-04-27,2026-04-28,2026-05-07,301611,0.015625,0.9547344689378757,-0.07399431475579299,-0.0011561611680592655,
balanced_extra_wide_capacity,w13,2026-04-27,2026-04-28,2026-05-07,000062,0.015625,0.9537575150300601,-0.005574727900185872,-8.710512344040425e-05,
balanced_extra_wide_capacity,w13,2026-04-27,2026-04-28,2026-05-07,002837,0.015625,0.9469689378757515,0.06802083333333342,0.0010628255208333347,
balanced_extra_wide_capacity,w13,2026-04-27,2026-04-28,2026-05-07,301200,0.015625,0.9461172344689378,0.03022415807925216,0.000472252469988315,
balanced_extra_wide_capacity,w13,2026-04-27,2026-04-28,2026-05-07,601212,0.015625,0.943687374749499,0.05242463958060273,0.0008191349934469176,
balanced_extra_wide_capacity,w13,2026-04-27,2026-04-28,2026-05-07,300395,0.015625,0.9431112224448899,0.18233670653173872,0.0028490110395584176,
balanced_extra_wide_capacity,w13,2026-04-27,2026-04-28,2026-05-07,688375,0.015625,0.9417585170340681,0.008970389775343257,0.0001401623402397384,
balanced_extra_wide_capacity,w13,2026-04-27,2026-04-28,2026-05-07,688220,0.015625,0.9387775551102204,0.09401801029159507,0.001469031410806173,
balanced_extra_wide_capacity,w13,2026-04-27,2026-04-28,2026-05-07,603920,0.015625,0.93875250501002,0.05129118432769375,0.0008014247551202149,
balanced_extra_wide_capacity,w13,2026-04-27,2026-04-28,2026-05-07,002156,0.015625,0.9364228456913828,0.1539062499999999,0.0024047851562499986,
balanced_extra_wide_capacity,w13,2026-04-27,2026-04-28,2026-05-07,688676,0.015625,0.9344689378757515,0.05598133955348206,0.0008747084305231571,
balanced_extra_wide_capacity,w13,2026-04-27,2026-04-28,2026-05-07,300017,0.015625,0.8661072144288577,0.04085257548845456,0.0006383214920071024,
balanced_medium_current,w13,2026-04-27,2026-04-28,2026-05-07,300390,0.020408163265306124,1.0,0.178817786267643,0.0036493425768906735,
balanced_medium_current,w13,2026-04-27,2026-04-28,2026-05-07,300058,0.020408163265306124,0.9498997995991983,0.11754487550665904,0.0023988750103399806,
balanced_medium_current,w13,2026-04-27,2026-04-28,2026-05-07,300285,0.020408163265306124,0.9458917835671342,0.10419640308307154,0.0021264572057769706,
balanced_medium_current,w13,2026-04-27,2026-04-28,2026-05-07,688347,0.020408163265306124,0.9438877755511023,0.15946890286512927,0.0032544674054108018,
balanced_medium_current,w13,2026-04-27,2026-04-28,2026-05-07,000539,0.020408163265306124,0.9418837675350702,0.055152394775036306,0.0011255590770415573,
balanced_medium_current,w13,2026-04-27,2026-04-28,2026-05-07,603920,0.020408163265306124,0.9398797595190381,0.05129118432769375,0.0010467588638304849,
balanced_medium_current,w13,2026-04-27,2026-04-28,2026-05-07,601231,0.020408163265306124,0.9378757515030061,0.06002522068095839,0.0012250045036930285,
balanced_medium_current,w13,2026-04-27,2026-04-28,2026-05-07,300054,0.020408163265306124,0.935871743486974,0.22180784940507903,0.004526690804185287,
balanced_medium_current,w13,2026-04-27,2026-04-28,2026-05-07,688375,0.020408163265306124,0.9338677354709419,0.008970389775343257,0.0001830691790886379,
balanced_medium_current,w13,2026-04-27,2026-04-28,2026-05-07,002851,0.020408163265306124,0.9318637274549099,0.13846723435764519,0.0028258619256662284,
balanced_medium_current,w13,2026-04-27,2026-04-28,2026-05-07,600497,0.020408163265306124,0.9298597194388778,0.07563959955506117,0.0015436652970420648,
balanced_medium_current,w13,2026-04-27,2026-04-28,2026-05-07,300757,0.020408163265306124,0.9278557114228457,-0.015776277724204424,-0.00032196485151437604,
balanced_medium_current,w13,2026-04-27,2026-04-28,2026-05-07,300383,0.020408163265306124,0.9258517034068137,0.08674101610904583,0.001770224818551956,
balanced_medium_current,w13,2026-04-27,2026-04-28,2026-05-07,300454,0.020408163265306124,0.9238476953907816,0.04590466599530041,0.000936829918271437,
balanced_medium_current,w13,2026-04-27,2026-04-28,2026-05-07,002202,0.020408163265306124,0.9218436873747495,0.07274783264229168,0.0014846496457610547,
balanced_medium_current,w13,2026-04-27,2026-04-28,2026-05-07,688676,0.020408163265306124,0.9198396793587175,0.05598133955348206,0.0011424763174180013,
balanced_medium_current,w13,2026-04-27,2026-04-28,2026-05-07,603688,0.020408163265306124,0.9178356713426854,0.19697542533081291,0.004019906639404346,
balanced_medium_current,w13,2026-04-27,2026-04-28,2026-05-07,002281,0.020408163265306124,0.9158316633266533,0.22130538209931583,0.004516436369373793,
balanced_medium_current,w13,2026-04-27,2026-04-28,2026-05-07,002126,0.020408163265306124,0.9138276553106213,0.07796167247386765,0.0015910545402830134,
balanced_medium_current,w13,2026-04-27,2026-04-28,2026-05-07,002465,0.020408163265306124,0.9118236472945892,0.06005056890012628,0.0012255218142882916,
balanced_medium_current,w13,2026-04-27,2026-04-28,2026-05-07,300223,0.020408163265306124,0.9098196392785571,0.12140757674722402,0.0024777056479025313,
balanced_medium_current,w13,2026-04-27,2026-04-28,2026-05-07,000657,0.020408163265306124,0.9078156312625251,0.1738807356492662,0.0035485864418217596,
balanced_medium_current,w13,2026-04-27,2026-04-28,2026-05-07,300346,0.020408163265306124,0.905811623246493,0.0790643727044269,0.0016135586266209573,
balanced_medium_current,w13,2026-04-27,2026-04-28,2026-05-07,301536,0.020408163265306124,0.9478957915831663,0.07499999999999996,0.0015306122448979585,
balanced_medium_current,w13,2026-04-27,2026-04-28,2026-05-07,002080,0.020408163265306124,0.9519038076152304,0.21336662185519484,0.00435442085418765,
balanced_medium_current,w13,2026-04-27,2026-04-28,2026-05-07,001389,0.020408163265306124,0.9979959919839679,0.047154471544715415,0.0009623361539737841,
balanced_medium_current,w13,2026-04-27,2026-04-28,2026-05-07,300570,0.020408163265306124,0.9539078156312625,0.0015351755439863002,3.1330113142577555e-05,
balanced_medium_current,w13,2026-04-27,2026-04-28,2026-05-07,000960,0.020408163265306124,0.9959919839679359,0.054574215660427194,0.0011137595032740244,
balanced_medium_current,w13,2026-04-27,2026-04-28,2026-05-07,301611,0.020408163265306124,0.9939879759519038,-0.07399431475579299,-0.0015100880562406733,
balanced_medium_current,w13,2026-04-27,2026-04-28,2026-05-07,600879,0.020408163265306124,0.9919839679358717,0.08208636169303118,0.001675231871286351,
balanced_medium_current,w13,2026-04-27,2026-04-28,2026-05-07,688387,0.020408163265306124,0.9899799599198397,0.20348837209302317,0.004152823920265779,
balanced_medium_current,w13,2026-04-27,2026-04-28,2026-05-07,300751,0.020408163265306124,0.9879759519038076,0.14357421029857198,0.002930085924460653,
balanced_medium_current,w13,2026-04-27,2026-04-28,2026-05-07,000426,0.020408163265306124,0.9859719438877755,0.145644930985245,0.0029723455303111226,
balanced_medium_current,w13,2026-04-27,2026-04-28,2026-05-07,688295,0.020408163265306124,0.9839679358717435,0.03581126951799041,0.0007308422350610288,
balanced_medium_current,w13,2026-04-27,2026-04-28,2026-05-07,002429,0.020408163265306124,0.9819639278557114,0.015126050420168013,0.0003086949065340411,
balanced_medium_current,w13,2026-04-27,2026-04-28,2026-05-07,600498,0.020408163265306124,0.9799599198396793,0.00426356589147292,8.701154880556981e-05,
balanced_medium_current,w13,2026-04-27,2026-04-28,2026-05-07,300136,0.020408163265306124,0.9779559118236473,0.14910694099027832,0.003042998795719966,
balanced_medium_current,w13,2026-04-27,2026-04-28,2026-05-07,002738,0.020408163265306124,0.9759519038076152,0.037613488975356546,0.0007676222239868684,
balanced_medium_current,w13,2026-04-27,2026-04-28,2026-05-07,600118,0.020408163265306124,0.9739478957915831,0.07839195979899505,0.0015998359142652052,
balanced_medium_current,w13,2026-04-27,2026-04-28,2026-05-07,300395,0.020408163265306124,0.9719438877755511,0.18233670653173872,0.0037211572761579334,
balanced_medium_current,w13,2026-04-27,2026-04-28,2026-05-07,301308,0.020408163265306124,0.969939879759519,0.22840949524729326,0.004661418270352924,
balanced_medium_current,w13,2026-04-27,2026-04-28,2026-05-07,300567,0.020408163265306124,0.9679358717434869,0.06711985688729882,0.0013697929976999761,
balanced_medium_current,w13,2026-04-27,2026-04-28,2026-05-07,601212,0.020408163265306124,0.9659318637274549,0.05242463958060273,0.00106989060368577,
balanced_medium_current,w13,2026-04-27,2026-04-28,2026-05-07,688629,0.020408163265306124,0.9639278557114228,0.04425819732392289,0.0009032285168147528,
balanced_medium_current,w13,2026-04-27,2026-04-28,2026-05-07,688220,0.020408163265306124,0.9619238476953907,0.09401801029159507,0.0019187349039101035,
balanced_medium_current,w13,2026-04-27,2026-04-28,2026-05-07,002156,0.020408163265306124,0.9599198396793587,0.1539062499999999,0.003140943877551019,
balanced_medium_current,w13,2026-04-27,2026-04-28,2026-05-07,688017,0.020408163265306124,0.9579158316633266,0.07801683816651073,0.001592180370745117,
balanced_medium_current,w13,2026-04-27,2026-04-28,2026-05-07,688037,0.020408163265306124,0.9559118236472945,0.12306603773584901,0.002511551790527531,
balanced_medium_current,w13,2026-04-27,2026-04-28,2026-05-07,301200,0.020408163265306124,0.9038076152304609,0.03022415807925216,0.0006168195526377992,
economic_medium_capacity,w13,2026-04-27,2026-04-28,2026-05-07,300390,0.036000000004219955,1.0,0.178817786267643,0.006437440306389751,
economic_medium_capacity,w13,2026-04-27,2026-04-28,2026-05-07,000062,0.036000000004219955,0.9832064128256512,-0.005574727900185872,-0.0002006902044302165,
economic_medium_capacity,w13,2026-04-27,2026-04-28,2026-05-07,000967,0.036000000004219955,0.9979919839679359,0.27385570209464705,0.009858805276562953,
economic_medium_capacity,w13,2026-04-27,2026-04-28,2026-05-07,002432,0.036000000004219955,0.9735390781563126,0.012281835811247532,0.00044214608925673994,
economic_medium_capacity,w13,2026-04-27,2026-04-28,2026-05-07,601231,0.036000000004219955,0.9758837675350701,0.06002522068095839,0.0021609079447678058,
economic_medium_capacity,w13,2026-04-27,2026-04-28,2026-05-07,301308,0.036000000004219955,0.9776152304609218,0.22840949524729326,0.008222741829866435,
economic_medium_capacity,w13,2026-04-27,2026-04-28,2026-05-07,300857,0.036000000004219955,0.9796753507014028,0.10461240310077513,0.0037660465120693642,
economic_medium_capacity,w13,2026-04-27,2026-04-28,2026-05-07,688183,0.036000000004219955,0.981438877755511,-0.10555095277547644,-0.003799834300362572,
economic_medium_capacity,w13,2026-04-27,2026-04-28,2026-05-07,300570,0.036000000004219955,0.985875751503006,0.0015351755439863002,5.5266319589985175e-05,
economic_medium_capacity,w13,2026-04-27,2026-04-28,2026-05-07,688037,0.036000000004219955,0.9874148296593186,0.12306603773584901,0.004430377359009897,
economic_medium_capacity,w13,2026-04-27,2026-04-28,2026-05-07,300136,0.036000000004219955,0.989815631262525,0.14910694099027832,0.0053678498762792445,
economic_medium_capacity,w13,2026-04-27,2026-04-28,2026-05-07,002281,0.036000000004219955,0.9919879759519038,0.22130538209931583,0.007966993756509269,
economic_medium_capacity,w13,2026-04-27,2026-04-28,2026-05-07,688702,0.036000000004219955,0.9921723446893788,0.051813121942992035,0.0018652723901663624,
economic_medium_capacity,w13,2026-04-27,2026-04-28,2026-05-07,300604,0.036000000004219955,0.9956633266533066,0.0615929608044794,0.002217346589221178,
economic_medium_capacity,w13,2026-04-27,2026-04-28,2026-05-07,002080,0.036000000004219955,0.9578637274549098,0.21336662185519484,0.007681198387687412,
economic_medium_capacity,w13,2026-04-27,2026-04-28,2026-05-07,000657,0.036000000000000004,0.9598997995991984,0.1738807356492662,0.0062597064833735845,
economic_medium_capacity,w13,2026-04-27,2026-04-28,2026-05-07,600498,0.036000000000000004,0.9518557114228456,0.00426356589147292,0.00015348837209302514,
economic_medium_capacity,w13,2026-04-27,2026-04-28,2026-05-07,300223,0.036000000000000004,0.9539198396793587,0.12140757674722402,0.004370672762900065,
economic_medium_capacity,w13,2026-04-27,2026-04-28,2026-05-07,002261,0.036000000000000004,0.9551102204408817,-0.014360313315926798,-0.0005169712793733648,
economic_medium_capacity,w13,2026-04-27,2026-04-28,2026-05-07,301611,0.036000000000000004,0.9699719438877755,-0.07399431475579299,-0.002663795331208548,
economic_medium_capacity,w13,2026-04-27,2026-04-28,2026-05-07,002008,0.036000000000000004,0.9607414829659319,0.0739466895958727,0.002662080825451417,
economic_medium_capacity,w13,2026-04-27,2026-04-28,2026-05-07,601212,0.036000000000000004,0.9639559118236473,0.05242463958060273,0.0018872870249016984,
economic_medium_capacity,w13,2026-04-27,2026-04-28,2026-05-07,002202,0.036000000000000004,0.9658396793587174,0.07274783264229168,0.0026189219751225007,
economic_medium_capacity,w13,2026-04-27,2026-04-28,2026-05-07,000960,0.036000000000000004,0.9679478957915831,0.054574215660427194,0.001964671763775379,
economic_medium_capacity,w13,2026-04-27,2026-04-28,2026-05-07,300395,0.036000000000000004,0.9718276553106212,0.18233670653173872,0.006564121435142595,
economic_medium_capacity,w13,2026-04-27,2026-04-28,2026-05-07,300567,0.03333333331223356,0.9499639278557114,0.06711985688729882,0.0022373285614937467,
economic_medium_capacity,w13,2026-04-27,2026-04-28,2026-05-07,301200,0.02666666664978681,0.947879759519038,0.03022415807925216,0.0008059775482698782,
economic_medium_capacity,w13,2026-04-27,2026-04-28,2026-05-07,688220,0.019999999987340117,0.9456432865731462,0.09401801029159507,0.0018803602046416443,
economic_medium_capacity,w13,2026-04-27,2026-04-28,2026-05-07,688347,0.013333333324893405,0.9439278557114229,0.15946890286512927,0.0021262520368558174,
economic_medium_capacity,w13,2026-04-27,2026-04-28,2026-05-07,002429,0.0066666666624467024,0.9419078156312626,0.015126050420168013,0.00010084033607062203,
recent_compact_capacity,w13,2026-04-27,2026-04-28,2026-05-07,000062,0.032972380952380954,0.9962124248496994,-0.005574727900185872,-0.0001838120520307953,
recent_compact_capacity,w13,2026-04-27,2026-04-28,2026-05-07,301611,0.032972380952380954,0.9741883767535069,-0.07399431475579299,-0.0024397687344383896,
recent_compact_capacity,w13,2026-04-27,2026-04-28,2026-05-07,300724,0.032972380952380954,0.9358917835671343,0.04526151095216813,0.0014923797815952504,
recent_compact_capacity,w13,2026-04-27,2026-04-28,2026-05-07,600498,0.032972380952380954,0.940380761523046,0.00426356589147292,0.00014057991878922284,
recent_compact_capacity,w13,2026-04-27,2026-04-28,2026-05-07,003031,0.032972380952380954,0.9509819639278556,0.04570527974783278,0.0015070118953806847,
recent_compact_capacity,w13,2026-04-27,2026-04-28,2026-05-07,300957,0.032972380952380954,0.951012024048096,-0.015764705882353014,-0.0005197998879551845,
recent_compact_capacity,w13,2026-04-27,2026-04-28,2026-05-07,002281,0.032972380952380954,0.9957915831663325,0.22130538209931583,0.00729696536539087,
recent_compact_capacity,w13,2026-04-27,2026-04-28,2026-05-07,300751,0.032972380952380954,0.9643687374749498,0.14357421029857198,0.004733983556901772,
recent_compact_capacity,w13,2026-04-27,2026-04-28,2026-05-07,688387,0.032972380952380954,0.9644088176352704,0.20348837209302317,0.006709496124031006,
recent_compact_capacity,w13,2026-04-27,2026-04-28,2026-05-07,600637,0.032972380952380954,0.9735070140280561,-0.027624309392265123,-0.0009108392528282009,
recent_compact_capacity,w13,2026-04-27,2026-04-28,2026-05-07,603529,0.032972380952380954,0.9638977955911823,-0.02726510067114085,-0.0008989952860338738,
recent_compact_capacity,w13,2026-04-27,2026-04-28,2026-05-07,601212,0.032972380952380954,0.9764128256513025,0.05242463958060273,0.001728565187542902,
recent_compact_capacity,w13,2026-04-27,2026-04-28,2026-05-07,002429,0.032972380952380954,0.9786573146292584,0.015126050420168013,0.0004987418967587017,
recent_compact_capacity,w13,2026-04-27,2026-04-28,2026-05-07,600118,0.032972380952380954,0.9909919839679359,0.07839195979899505,0.002584769562096198,
recent_compact_capacity,w13,2026-04-27,2026-04-28,2026-05-07,300604,0.032972380952380954,0.9900901803607214,0.0615929608044794,0.0020308665676303634,
recent_compact_capacity,w13,2026-04-27,2026-04-28,2026-05-07,600879,0.032972380952380954,0.9877555110220441,0.08208636169303118,0.002706582788737555,
recent_compact_capacity,w13,2026-04-27,2026-04-28,2026-05-07,688702,0.032972380952380954,0.9859719438877754,0.051813121942992035,0.0017084019950365022,
recent_compact_capacity,w13,2026-04-27,2026-04-28,2026-05-07,000960,0.032972380952380954,0.9358717434869739,0.054574215660427194,0.001799441828933,
recent_compact_capacity,w13,2026-04-27,2026-04-28,2026-05-07,688037,0.032972380952380954,0.9807314629258516,0.12306603773584901,0.0040577802785265035,
recent_compact_capacity,w13,2026-04-27,2026-04-28,2026-05-07,300058,0.032972380952380954,0.9806613226452906,0.11754487550665904,0.0038757344142057552,
recent_compact_capacity,w13,2026-04-27,2026-04-28,2026-05-07,300390,0.032972380952380954,0.9786673346693386,0.178817786267643,0.00589604816987816,
recent_compact_capacity,w13,2026-04-27,2026-04-28,2026-05-07,688234,0.030758,0.9571643286573146,0.031754874651810594,0.0009767164345403903,
recent_compact_capacity,w13,2026-04-27,2026-04-28,2026-05-07,601179,0.030758,0.9543687374749499,0.03427895981087459,0.0010543522458628806,
recent_compact_capacity,w13,2026-04-27,2026-04-28,2026-05-07,002353,0.030758,0.9540180360721442,0.16627996906419185,0.005114439288476413,
recent_compact_capacity,w13,2026-04-27,2026-04-28,2026-05-07,603228,0.030758,0.9596793587174347,-0.01486396814863955,-0.0004571859323158553,
recent_compact_capacity,w13,2026-04-27,2026-04-28,2026-05-07,300136,0.030758,0.9524348697394789,0.14910694099027832,0.004586231290978981,
recent_compact_capacity,w13,2026-04-27,2026-04-28,2026-05-07,300567,0.030758,0.9516833667334669,0.06711985688729882,0.002064472558139537,
recent_compact_capacity,w13,2026-04-27,2026-04-28,2026-05-07,688375,0.030758,0.9617434869739478,0.008970389775343257,0.00027591124871000793,
recent_compact_capacity,w13,2026-04-27,2026-04-28,2026-05-07,688220,0.030758,0.9417935871743487,0.09401801029159507,0.002891805960548881,
recent_compact_capacity,w13,2026-04-27,2026-04-28,2026-05-07,688361,0.030758,0.9364028056112225,0.07270954109551941,0.002236400065015986,
recent_compact_capacity,w13,2026-04-27,2026-04-28,2026-05-07,001389,0.030758,0.9527154308617234,0.047154471544715415,0.0014503772357723568,
recent_compact_current,w13,2026-04-27,2026-04-28,2026-05-07,300136,0.027027027027027035,0.9979959919839679,0.14910694099027832,0.004029917324061578,
recent_compact_current,w13,2026-04-27,2026-04-28,2026-05-07,601231,0.027027027027027035,0.9462925851703406,0.06002522068095839,0.0016223032616475247,
recent_compact_current,w13,2026-04-27,2026-04-28,2026-05-07,002025,0.027027027027027035,0.9413827655310621,0.03799167673513226,0.0010268020739224938,
recent_compact_current,w13,2026-04-27,2026-04-28,2026-05-07,002429,0.027027027027027035,0.9385270541082165,0.015126050420168013,0.00040881217351805457,
recent_compact_current,w13,2026-04-27,2026-04-28,2026-05-07,688234,0.027027027027027035,0.9366733466933866,0.031754874651810594,0.0008582398554543406,
recent_compact_current,w13,2026-04-27,2026-04-28,2026-05-07,300058,0.027027027027027035,0.9362224448897795,0.11754487550665904,0.003176888527207002,
recent_compact_current,w13,2026-04-27,2026-04-28,2026-05-07,688183,0.027027027027027035,0.9344188376753507,-0.10555095277547644,-0.002852728453391256,
recent_compact_current,w13,2026-04-27,2026-04-28,2026-05-07,603228,0.027027027027027035,0.9306112224448897,-0.01486396814863955,-0.0004017288688821501,
recent_compact_current,w13,2026-04-27,2026-04-28,2026-05-07,301308,0.027027027027027035,0.9303106212424851,0.22840949524729326,0.006173229601278198,
recent_compact_current,w13,2026-04-27,2026-04-28,2026-05-07,688172,0.027027027027027035,0.9292585170340681,0.13101851851851842,0.0035410410410410395,
recent_compact_current,w13,2026-04-27,2026-04-28,2026-05-07,002203,0.027027027027027035,0.9269038076152305,0.21242019733023798,0.005741086414330758,
recent_compact_current,w13,2026-04-27,2026-04-28,2026-05-07,000559,0.027027027027027035,0.9246492985971945,0.007025761124121788,0.00018988543578707541,
recent_compact_current,w13,2026-04-27,2026-04-28,2026-05-07,300724,0.027027027027027035,0.9245490981963929,0.04526151095216813,0.0012232840797883281,
recent_compact_current,w13,2026-04-27,2026-04-28,2026-05-07,300677,0.027027027027027035,0.9199398797595191,-0.09011981246744238,-0.002435670607228173,
recent_compact_current,w13,2026-04-27,2026-04-28,2026-05-07,301611,0.027027027027027035,0.9197394789579159,-0.07399431475579299,-0.0019998463447511625,
recent_compact_current,w13,2026-04-27,2026-04-28,2026-05-07,301200,0.027027027027027035,0.9194889779559119,0.03022415807925216,0.0008168691372770857,
recent_compact_current,w13,2026-04-27,2026-04-28,2026-05-07,300857,0.027027027027027035,0.9175350701402805,0.10461240310077513,0.0028273622459668965,
recent_compact_current,w13,2026-04-27,2026-04-28,2026-05-07,300751,0.027027027027027035,0.9453406813627254,0.14357421029857198,0.003880384062123568,
recent_compact_current,w13,2026-04-27,2026-04-28,2026-05-07,000657,0.027027027027027035,0.9463426853707415,0.1738807356492662,0.004699479341872061,
recent_compact_current,w13,2026-04-27,2026-04-28,2026-05-07,300604,0.027027027027027035,0.9849198396793587,0.0615929608044794,0.0016646746163372817,
recent_compact_current,w13,2026-04-27,2026-04-28,2026-05-07,688347,0.027027027027027035,0.9488977955911824,0.15946890286512927,0.004309970347706198,
recent_compact_current,w13,2026-04-27,2026-04-28,2026-05-07,688037,0.027027027027027035,0.9845190380761524,0.12306603773584901,0.00332610912799592,
recent_compact_current,w13,2026-04-27,2026-04-28,2026-05-07,002273,0.027027027027027035,0.9787074148296593,0.06727549467275495,0.0018182566127771616,
recent_compact_current,w13,2026-04-27,2026-04-28,2026-05-07,000062,0.027027027027027035,0.9780561122244489,-0.005574727900185872,-0.00015066832162664523,
recent_compact_current,w13,2026-04-27,2026-04-28,2026-05-07,002353,0.027027027027027035,0.977004008016032,0.16627996906419185,0.004494053217951132,
recent_compact_current,w13,2026-04-27,2026-04-28,2026-05-07,002281,0.027027027027027035,0.9737975951903808,0.22130538209931583,0.005981226543224754,
recent_compact_current,w13,2026-04-27,2026-04-28,2026-05-07,601212,0.027027027027027035,0.9677855711422846,0.05242463958060273,0.0014168821508271012,
recent_compact_current,w13,2026-04-27,2026-04-28,2026-05-07,688361,0.027027027027027035,0.9665330661322645,0.07270954109551941,0.0019651227323113363,
recent_compact_current,w13,2026-04-27,2026-04-28,2026-05-07,600879,0.027027027027027035,0.9662825651302606,0.08208636169303118,0.0022185503160278707,
recent_compact_current,w13,2026-04-27,2026-04-28,2026-05-07,600118,0.027027027027027035,0.9658817635270541,0.07839195979899505,0.002118701616189056,
recent_compact_current,w13,2026-04-27,2026-04-28,2026-05-07,600707,0.027027027027027035,0.9640781563126253,0.018018018018017834,0.0004869734599464281,
recent_compact_current,w13,2026-04-27,2026-04-28,2026-05-07,002837,0.027027027027027035,0.9627254509018036,0.06802083333333342,0.0018384009009009038,
recent_compact_current,w13,2026-04-27,2026-04-28,2026-05-07,000960,0.027027027027027035,0.9570641282565129,0.054574215660427194,0.0014749788016331679,
recent_compact_current,w13,2026-04-27,2026-04-28,2026-05-07,688777,0.027027027027027035,0.9556613226452906,0.10238953410759577,0.0027672847056106975,
recent_compact_current,w13,2026-04-27,2026-04-28,2026-05-07,002465,0.027027027027027035,0.9531563126252505,0.06005056890012628,0.001622988348652062,
recent_compact_current,w13,2026-04-27,2026-04-28,2026-05-07,300567,0.027027027027027035,0.9509018036072145,0.06711985688729882,0.001814050186143212,
recent_compact_current,w13,2026-04-27,2026-04-28,2026-05-07,688220,0.027027027027027035,0.9146793587174349,0.09401801029159507,0.002541027305178246,
short_aggressive_compact_capacity,w13,2026-04-27,2026-04-28,2026-05-07,688615,0.03225806451612904,0.9954839679358717,0.15945312499999997,0.0051436491935483875,
short_aggressive_compact_capacity,w13,2026-04-27,2026-04-28,2026-05-07,603228,0.03225806451612904,0.9601202404809619,-0.01486396814863955,-0.0004794828435045017,
short_aggressive_compact_capacity,w13,2026-04-27,2026-04-28,2026-05-07,002202,0.03225806451612904,0.9367505010020041,0.07274783264229168,0.0023467042787836028,
short_aggressive_compact_capacity,w13,2026-04-27,2026-04-28,2026-05-07,002837,0.03225806451612904,0.9373296593186373,0.06802083333333342,0.00219422043010753,
short_aggressive_compact_capacity,w13,2026-04-27,2026-04-28,2026-05-07,600487,0.03225806451612904,0.9420841683366734,0.06416363126926306,0.002069794557073002,
short_aggressive_compact_capacity,w13,2026-04-27,2026-04-28,2026-05-07,002131,0.03225806451612904,0.9440400801603206,0.03970588235294126,0.0012808349146110085,
short_aggressive_compact_capacity,w13,2026-04-27,2026-04-28,2026-05-07,300724,0.03225806451612904,0.9449519038076152,0.04526151095216813,0.0014600487403925205,
short_aggressive_compact_capacity,w13,2026-04-27,2026-04-28,2026-05-07,300567,0.03225806451612904,0.9455260521042084,0.06711985688729882,0.0021651566737838335,
short_aggressive_compact_capacity,w13,2026-04-27,2026-04-28,2026-05-07,300857,0.03225806451612904,0.9470470941883767,0.10461240310077513,0.0033745936484121017,
short_aggressive_compact_capacity,w13,2026-04-27,2026-04-28,2026-05-07,002080,0.03225806451612904,0.9487695390781563,0.21336662185519484,0.006882794253393383,
short_aggressive_compact_capacity,w13,2026-04-27,2026-04-28,2026-05-07,688166,0.03225806451612904,0.9490260521042084,0.10260533933740756,0.003309849656045406,
short_aggressive_compact_capacity,w13,2026-04-27,2026-04-28,2026-05-07,688002,0.03225806451612904,0.9527825651302605,0.06492753623188419,0.0020944366526414256,
short_aggressive_compact_capacity,w13,2026-04-27,2026-04-28,2026-05-07,605589,0.03225806451612904,0.9538517034068137,0.027707808564231495,0.0008938002762655323,
short_aggressive_compact_capacity,w13,2026-04-27,2026-04-28,2026-05-07,000657,0.03225806451612904,0.9543496993987975,0.1738807356492662,0.005609055988686008,
short_aggressive_compact_capacity,w13,2026-04-27,2026-04-28,2026-05-07,301200,0.03225806451612904,0.956567134268537,0.03022415807925216,0.0009749728412661989,
short_aggressive_compact_capacity,w13,2026-04-27,2026-04-28,2026-05-07,301308,0.03225806451612904,0.9614869739478957,0.22840949524729326,0.007368048233783655,
short_aggressive_compact_capacity,w13,2026-04-27,2026-04-28,2026-05-07,300604,0.03225806451612904,0.9946482965931864,0.0615929608044794,0.0019868697033703035,
short_aggressive_compact_capacity,w13,2026-04-27,2026-04-28,2026-05-07,688336,0.03225806451612904,0.9619058116232465,-0.03213114754098367,-0.0010364886303543123,
short_aggressive_compact_capacity,w13,2026-04-27,2026-04-28,2026-05-07,688361,0.03225806451612904,0.966259519038076,0.07270954109551941,0.002345469067597401,
short_aggressive_compact_capacity,w13,2026-04-27,2026-04-28,2026-05-07,002353,0.03225806451612904,0.9674278557114229,0.16627996906419185,0.005363869969812641,
short_aggressive_compact_capacity,w13,2026-04-27,2026-04-28,2026-05-07,600879,0.03225806451612904,0.968372745490982,0.08208636169303118,0.0026479471513881033,
short_aggressive_compact_capacity,w13,2026-04-27,2026-04-28,2026-05-07,600118,0.03225806451612904,0.9728176352705411,0.07839195979899505,0.002528772896741776,
short_aggressive_compact_capacity,w13,2026-04-27,2026-04-28,2026-05-07,300390,0.03225806451612904,0.9771533066132264,0.178817786267643,0.005768315686053001,
short_aggressive_compact_capacity,w13,2026-04-27,2026-04-28,2026-05-07,000062,0.03225806451612904,0.9776052104208417,-0.005574727900185872,-0.0001798299322640604,
short_aggressive_compact_capacity,w13,2026-04-27,2026-04-28,2026-05-07,300136,0.03225806451612904,0.9800691382765531,0.14910694099027832,0.004809901322267044,
short_aggressive_compact_capacity,w13,2026-04-27,2026-04-28,2026-05-07,688037,0.03225806451612904,0.9826953907815631,0.12306603773584901,0.0039698721850273885,
short_aggressive_compact_capacity,w13,2026-04-27,2026-04-28,2026-05-07,688234,0.03225806451612904,0.987686372745491,0.031754874651810594,0.0010243507952196968,
short_aggressive_compact_capacity,w13,2026-04-27,2026-04-28,2026-05-07,002281,0.03225806451612904,0.9884128256513026,0.22130538209931583,0.007138883293526318,
short_aggressive_compact_capacity,w13,2026-04-27,2026-04-28,2026-05-07,002273,0.03225806451612904,0.9911863727454909,0.06727549467275495,0.0021701772475082245,
short_aggressive_compact_capacity,w13,2026-04-27,2026-04-28,2026-05-07,300751,0.03225806451612904,0.9920931863727455,0.14357421029857198,0.004631426138663613,
short_aggressive_compact_capacity,w13,2026-04-27,2026-04-28,2026-05-07,688183,0.03225806451612904,0.9311472945891783,-0.10555095277547644,-0.003404869444370208,
short_aggressive_medium_capacity,w13,2026-04-27,2026-04-28,2026-05-07,688615,0.03225806451612904,0.9954839679358717,0.15945312499999997,0.0051436491935483875,
short_aggressive_medium_capacity,w13,2026-04-27,2026-04-28,2026-05-07,603228,0.03225806451612904,0.9601202404809619,-0.01486396814863955,-0.0004794828435045017,
short_aggressive_medium_capacity,w13,2026-04-27,2026-04-28,2026-05-07,002202,0.03225806451612904,0.9367505010020041,0.07274783264229168,0.0023467042787836028,
short_aggressive_medium_capacity,w13,2026-04-27,2026-04-28,2026-05-07,002837,0.03225806451612904,0.9373296593186373,0.06802083333333342,0.00219422043010753,
short_aggressive_medium_capacity,w13,2026-04-27,2026-04-28,2026-05-07,600487,0.03225806451612904,0.9420841683366734,0.06416363126926306,0.002069794557073002,
short_aggressive_medium_capacity,w13,2026-04-27,2026-04-28,2026-05-07,002131,0.03225806451612904,0.9440400801603206,0.03970588235294126,0.0012808349146110085,
short_aggressive_medium_capacity,w13,2026-04-27,2026-04-28,2026-05-07,300724,0.03225806451612904,0.9449519038076152,0.04526151095216813,0.0014600487403925205,
short_aggressive_medium_capacity,w13,2026-04-27,2026-04-28,2026-05-07,300567,0.03225806451612904,0.9455260521042084,0.06711985688729882,0.0021651566737838335,
short_aggressive_medium_capacity,w13,2026-04-27,2026-04-28,2026-05-07,300857,0.03225806451612904,0.9470470941883767,0.10461240310077513,0.0033745936484121017,
short_aggressive_medium_capacity,w13,2026-04-27,2026-04-28,2026-05-07,002080,0.03225806451612904,0.9487695390781563,0.21336662185519484,0.006882794253393383,
short_aggressive_medium_capacity,w13,2026-04-27,2026-04-28,2026-05-07,688166,0.03225806451612904,0.9490260521042084,0.10260533933740756,0.003309849656045406,
short_aggressive_medium_capacity,w13,2026-04-27,2026-04-28,2026-05-07,688002,0.03225806451612904,0.9527825651302605,0.06492753623188419,0.0020944366526414256,
short_aggressive_medium_capacity,w13,2026-04-27,2026-04-28,2026-05-07,605589,0.03225806451612904,0.9538517034068137,0.027707808564231495,0.0008938002762655323,
short_aggressive_medium_capacity,w13,2026-04-27,2026-04-28,2026-05-07,000657,0.03225806451612904,0.9543496993987975,0.1738807356492662,0.005609055988686008,
short_aggressive_medium_capacity,w13,2026-04-27,2026-04-28,2026-05-07,301200,0.03225806451612904,0.956567134268537,0.03022415807925216,0.0009749728412661989,
short_aggressive_medium_capacity,w13,2026-04-27,2026-04-28,2026-05-07,301308,0.03225806451612904,0.9614869739478957,0.22840949524729326,0.007368048233783655,
short_aggressive_medium_capacity,w13,2026-04-27,2026-04-28,2026-05-07,300604,0.03225806451612904,0.9946482965931864,0.0615929608044794,0.0019868697033703035,
short_aggressive_medium_capacity,w13,2026-04-27,2026-04-28,2026-05-07,688336,0.03225806451612904,0.9619058116232465,-0.03213114754098367,-0.0010364886303543123,
short_aggressive_medium_capacity,w13,2026-04-27,2026-04-28,2026-05-07,688361,0.03225806451612904,0.966259519038076,0.07270954109551941,0.002345469067597401,
short_aggressive_medium_capacity,w13,2026-04-27,2026-04-28,2026-05-07,002353,0.03225806451612904,0.9674278557114229,0.16627996906419185,0.005363869969812641,
short_aggressive_medium_capacity,w13,2026-04-27,2026-04-28,2026-05-07,600879,0.03225806451612904,0.968372745490982,0.08208636169303118,0.0026479471513881033,
short_aggressive_medium_capacity,w13,2026-04-27,2026-04-28,2026-05-07,600118,0.03225806451612904,0.9728176352705411,0.07839195979899505,0.002528772896741776,
short_aggressive_medium_capacity,w13,2026-04-27,2026-04-28,2026-05-07,300390,0.03225806451612904,0.9771533066132264,0.178817786267643,0.005768315686053001,
short_aggressive_medium_capacity,w13,2026-04-27,2026-04-28,2026-05-07,000062,0.03225806451612904,0.9776052104208417,-0.005574727900185872,-0.0001798299322640604,
short_aggressive_medium_capacity,w13,2026-04-27,2026-04-28,2026-05-07,300136,0.03225806451612904,0.9800691382765531,0.14910694099027832,0.004809901322267044,
short_aggressive_medium_capacity,w13,2026-04-27,2026-04-28,2026-05-07,688037,0.03225806451612904,0.9826953907815631,0.12306603773584901,0.0039698721850273885,
short_aggressive_medium_capacity,w13,2026-04-27,2026-04-28,2026-05-07,688234,0.03225806451612904,0.987686372745491,0.031754874651810594,0.0010243507952196968,
short_aggressive_medium_capacity,w13,2026-04-27,2026-04-28,2026-05-07,002281,0.03225806451612904,0.9884128256513026,0.22130538209931583,0.007138883293526318,
short_aggressive_medium_capacity,w13,2026-04-27,2026-04-28,2026-05-07,002273,0.03225806451612904,0.9911863727454909,0.06727549467275495,0.0021701772475082245,
short_aggressive_medium_capacity,w13,2026-04-27,2026-04-28,2026-05-07,300751,0.03225806451612904,0.9920931863727455,0.14357421029857198,0.004631426138663613,
short_aggressive_medium_capacity,w13,2026-04-27,2026-04-28,2026-05-07,688183,0.03225806451612904,0.9311472945891783,-0.10555095277547644,-0.003404869444370208,
short_aggressive_wide_capacity,w13,2026-04-27,2026-04-28,2026-05-07,300604,0.036000000004219955,0.997556112224449,0.0615929608044794,0.002217346589221178,
short_aggressive_wide_capacity,w13,2026-04-27,2026-04-28,2026-05-07,301308,0.036000000004219955,0.9716833667334669,0.22840949524729326,0.008222741829866435,
short_aggressive_wide_capacity,w13,2026-04-27,2026-04-28,2026-05-07,688037,0.036000000004219955,0.9864118236472946,0.12306603773584901,0.004430377359009897,
short_aggressive_wide_capacity,w13,2026-04-27,2026-04-28,2026-05-07,688002,0.036000000004219955,0.9553416833667334,0.06492753623188419,0.002337391304621822,
short_aggressive_wide_capacity,w13,2026-04-27,2026-04-28,2026-05-07,601231,0.036000000004219955,0.9560260521042084,0.06002522068095839,0.0021609079447678058,
short_aggressive_wide_capacity,w13,2026-04-27,2026-04-28,2026-05-07,000657,0.036000000004219955,0.9601643286573146,0.1738807356492662,0.006259706484107353,
short_aggressive_wide_capacity,w13,2026-04-27,2026-04-28,2026-05-07,688347,0.036000000004219955,0.960620240480962,0.15946890286512927,0.005740880503817605,
short_aggressive_wide_capacity,w13,2026-04-27,2026-04-28,2026-05-07,300751,0.036000000004219955,0.9612234468937875,0.14357421029857198,0.005168671571354468,
short_aggressive_wide_capacity,w13,2026-04-27,2026-04-28,2026-05-07,300136,0.036000000004219955,0.9776462925851703,0.14910694099027832,0.0053678498762792445,
short_aggressive_wide_capacity,w13,2026-04-27,2026-04-28,2026-05-07,301611,0.036000000004219955,0.9803346693386774,-0.07399431475579299,-0.0026637953315208004,
short_aggressive_wide_capacity,w13,2026-04-27,2026-04-28,2026-05-07,001389,0.036000000004219955,0.9809699398797594,0.047154471544715415,0.0016975609758087447,
short_aggressive_wide_capacity,w13,2026-04-27,2026-04-28,2026-05-07,002273,0.036000000004219955,0.9813937875751502,0.06727549467275495,0.002421917808503078,
short_aggressive_wide_capacity,w13,2026-04-27,2026-04-28,2026-05-07,002837,0.036000000004219955,0.9841472945891784,0.06802083333333342,0.002448750000287048,
short_aggressive_wide_capacity,w13,2026-04-27,2026-04-28,2026-05-07,688629,0.036000000004219955,0.9843426853707415,0.04425819732392289,0.0015932951038479916,
short_aggressive_wide_capacity,w13,2026-04-27,2026-04-28,2026-05-07,002281,0.036000000004219955,0.9442955911823647,0.22130538209931583,0.007966993756509269,
short_aggressive_wide_capacity,w13,2026-04-27,2026-04-28,2026-05-07,600498,0.036000000000000004,0.9448326653306613,0.00426356589147292,0.00015348837209302514,
short_aggressive_wide_capacity,w13,2026-04-27,2026-04-28,2026-05-07,002851,0.036000000000000004,0.9332975951903808,0.13846723435764519,0.004984820436875227,
short_aggressive_wide_capacity,w13,2026-04-27,2026-04-28,2026-05-07,300054,0.036000000000000004,0.9371753507014029,0.22180784940507903,0.007985082578582846,
short_aggressive_wide_capacity,w13,2026-04-27,2026-04-28,2026-05-07,688361,0.036000000000000004,0.9414118236472946,0.07270954109551941,0.002617543479438699,
short_aggressive_wide_capacity,w13,2026-04-27,2026-04-28,2026-05-07,000062,0.036000000000000004,0.9516102204408817,-0.005574727900185872,-0.00020069020440669142,
short_aggressive_wide_capacity,w13,2026-04-27,2026-04-28,2026-05-07,600118,0.036000000000000004,0.9452565130260522,0.07839195979899505,0.002822110552763822,
short_aggressive_wide_capacity,w13,2026-04-27,2026-04-28,2026-05-07,002429,0.036000000000000004,0.9476513026052105,0.015126050420168013,0.0005445378151260486,
short_aggressive_wide_capacity,w13,2026-04-27,2026-04-28,2026-05-07,600879,0.036000000000000004,0.9486452905811623,0.08208636169303118,0.002955109020949123,
short_aggressive_wide_capacity,w13,2026-04-27,2026-04-28,2026-05-07,000960,0.036000000000000004,0.9490200400801603,0.054574215660427194,0.001964671763775379,
short_aggressive_wide_capacity,w13,2026-04-27,2026-04-28,2026-05-07,002202,0.036000000000000004,0.9539569138276554,0.07274783264229168,0.0026189219751225007,
short_aggressive_wide_capacity,w13,2026-04-27,2026-04-28,2026-05-07,300223,0.03333333331223356,0.9323196392785571,0.12140757674722402,0.004046919222345795,
short_aggressive_wide_capacity,w13,2026-04-27,2026-04-28,2026-05-07,002738,0.02666666664978681,0.9295340681362725,0.037613488975356546,0.0010030263720412643,
short_aggressive_wide_capacity,w13,2026-04-27,2026-04-28,2026-05-07,002156,0.019999999987340117,0.9269599198396794,0.1539062499999999,0.003078124998051563,
short_aggressive_wide_capacity,w13,2026-04-27,2026-04-28,2026-05-07,000426,0.013333333324893405,0.9222349699398797,0.145644930985245,0.0019419324119073673,
short_aggressive_wide_capacity,w13,2026-04-27,2026-04-28,2026-05-07,002335,0.0066666666624467024,0.9148216432865732,0.08999211977935362,0.0005999474648159273,
stable_compact_capacity,w13,2026-04-27,2026-04-28,2026-05-07,000062,0.030303030303030304,0.9993827655310621,-0.005574727900185872,-0.00016893114849048096,
stable_compact_capacity,w13,2026-04-27,2026-04-28,2026-05-07,300570,0.030303030303030304,0.9626693386773547,0.0015351755439863002,4.6520471029887886e-05,
stable_compact_capacity,w13,2026-04-27,2026-04-28,2026-05-07,688375,0.030303030303030304,0.938184368737475,0.008970389775343257,0.00027182999319221994,
stable_compact_capacity,w13,2026-04-27,2026-04-28,2026-05-07,002080,0.030303030303030304,0.9400120240480963,0.21336662185519484,0.006465655207733177,
stable_compact_capacity,w13,2026-04-27,2026-04-28,2026-05-07,300223,0.030303030303030304,0.9401843687374749,0.12140757674722402,0.003679017477188607,
stable_compact_capacity,w13,2026-04-27,2026-04-28,2026-05-07,300395,0.030303030303030304,0.940561122244489,0.18233670653173872,0.005525354743386022,
stable_compact_capacity,w13,2026-04-27,2026-04-28,2026-05-07,002851,0.030303030303030304,0.9450981963927855,0.13846723435764519,0.004195976798716521,
stable_compact_capacity,w13,2026-04-27,2026-04-28,2026-05-07,300679,0.030303030303030304,0.945755511022044,0.14405436013590034,0.004365283640481828,
stable_compact_capacity,w13,2026-04-27,2026-04-28,2026-05-07,002202,0.030303030303030304,0.9463967935871742,0.07274783264229168,0.002204479777039142,
stable_compact_capacity,w13,2026-04-27,2026-04-28,2026-05-07,688183,0.030303030303030304,0.9527414829659318,-0.10555095277547644,-0.003198513720468983,
stable_compact_capacity,w13,2026-04-27,2026-04-28,2026-05-07,301308,0.030303030303030304,0.9538196392785572,0.22840949524729326,0.006921499855978583,
stable_compact_capacity,w13,2026-04-27,2026-04-28,2026-05-07,688777,0.030303030303030304,0.9548537074148297,0.10238953410759577,0.0031027131547756294,
stable_compact_capacity,w13,2026-04-27,2026-04-28,2026-05-07,300567,0.030303030303030304,0.9580480961923847,0.06711985688729882,0.0020339350571908733,
stable_compact_capacity,w13,2026-04-27,2026-04-28,2026-05-07,600497,0.030303030303030304,0.9592685370741483,0.07563959955506117,0.002292109077426096,
stable_compact_capacity,w13,2026-04-27,2026-04-28,2026-05-07,600549,0.030303030303030304,0.9601763527054108,0.05300228913541116,0.0016061299738003383,
stable_compact_capacity,w13,2026-04-27,2026-04-28,2026-05-07,601958,0.030303030303030304,0.9603266533066133,0.08915537017726805,0.002701677884159638,
stable_compact_capacity,w13,2026-04-27,2026-04-28,2026-05-07,002429,0.030303030303030304,0.9640160320641282,0.015126050420168013,0.00045836516424751557,
stable_compact_capacity,w13,2026-04-27,2026-04-28,2026-05-07,688702,0.030303030303030304,0.9959038076152305,0.051813121942992035,0.001570094604333092,
stable_compact_capacity,w13,2026-04-27,2026-04-28,2026-05-07,688361,0.030303030303030304,0.9691903807615231,0.07270954109551941,0.002203319427136952,
stable_compact_capacity,w13,2026-04-27,2026-04-28,2026-05-07,000960,0.030303030303030304,0.9704649298597194,0.054574215660427194,0.0016537641109220362,
stable_compact_capacity,w13,2026-04-27,2026-04-28,2026-05-07,603228,0.030303030303030304,0.9707254509018036,-0.01486396814863955,-0.0004504232772315015,
stable_compact_capacity,w13,2026-04-27,2026-04-28,2026-05-07,601231,0.030303030303030304,0.9718957915831663,0.06002522068095839,0.0018189460812411634,
stable_compact_capacity,w13,2026-04-27,2026-04-28,2026-05-07,000426,0.030303030303030304,0.9724288577154309,0.145644930985245,0.0044134827571286365,
stable_compact_capacity,w13,2026-04-27,2026-04-28,2026-05-07,301611,0.030303030303030304,0.9794308617234468,-0.07399431475579299,-0.0022422519622967573,
stable_compact_capacity,w13,2026-04-27,2026-04-28,2026-05-07,600118,0.030303030303030304,0.9820961923847695,0.07839195979899505,0.0023755139333028804,
stable_compact_capacity,w13,2026-04-27,2026-04-28,2026-05-07,688220,0.030303030303030304,0.9830420841683367,0.09401801029159507,0.0028490306148968203,
stable_compact_capacity,w13,2026-04-27,2026-04-28,2026-05-07,601212,0.030303030303030304,0.9859719438877755,0.05242463958060273,0.0015886254418364463,
stable_compact_capacity,w13,2026-04-27,2026-04-28,2026-05-07,300136,0.030303030303030304,0.9871583166332666,0.14910694099027832,0.004518392151220556,
stable_compact_capacity,w13,2026-04-27,2026-04-28,2026-05-07,300390,0.030303030303030304,0.9882404809619239,0.178817786267643,0.005418720795989182,
stable_compact_capacity,w13,2026-04-27,2026-04-28,2026-05-07,688037,0.030303030303030304,0.9917635270541082,0.12306603773584901,0.0037292738707833035,
stable_compact_capacity,w13,2026-04-27,2026-04-28,2026-05-07,600707,0.030303030303030304,0.9940320641282565,0.018018018018017834,0.0005460005460005404,
stable_compact_capacity,w13,2026-04-27,2026-04-28,2026-05-07,300604,0.030303030303030304,0.9941162324649299,0.0615929608044794,0.001866453357711497,
stable_compact_capacity,w13,2026-04-27,2026-04-28,2026-05-07,000060,0.030303030303030304,0.9356072144288577,0.22796352583586632,0.0069079856313898885,
stable_compact_current,w13,2026-04-27,2026-04-28,2026-05-07,300604,0.03253310000000001,0.9934519038076152,0.0615929608044794,0.0020038099531482093,
stable_compact_current,w13,2026-04-27,2026-04-28,2026-05-07,300570,0.03253310000000001,0.9614108216432866,0.0015351755439863002,4.994401949006072e-05,
stable_compact_current,w13,2026-04-27,2026-04-28,2026-05-07,002353,0.03253310000000001,0.9210290581162325,0.16627996906419185,0.005409602861562261,
stable_compact_current,w13,2026-04-27,2026-04-28,2026-05-07,688777,0.03253310000000001,0.9315831663326654,0.10238953410759577,0.003331048952075825,
stable_compact_current,w13,2026-04-27,2026-04-28,2026-05-07,000426,0.03253310000000001,0.9377354709418838,0.145644930985245,0.004738281104236076,
stable_compact_current,w13,2026-04-27,2026-04-28,2026-05-07,300136,0.03253310000000001,0.9863216432865731,0.14910694099027832,0.0048509110219308255,
stable_compact_current,w13,2026-04-27,2026-04-28,2026-05-07,300567,0.03253310000000001,0.9572875751503006,0.06711985688729882,0.002183617016100182,
stable_compact_current,w13,2026-04-27,2026-04-28,2026-05-07,000657,0.03253310000000001,0.9578697394789579,0.1738807356492662,0.005656879360951144,
stable_compact_current,w13,2026-04-27,2026-04-28,2026-05-07,301611,0.03253310000000001,0.9591513026052104,-0.07399431475579299,-0.0024072644413816895,
stable_compact_current,w13,2026-04-27,2026-04-28,2026-05-07,600118,0.03253310000000001,0.9609458917835672,0.07839195979899505,0.0025503334673366864,
stable_compact_current,w13,2026-04-27,2026-04-28,2026-05-07,688183,0.03253310000000001,0.9543496993987977,-0.10555095277547644,-0.0034338997017398535,
stable_compact_current,w13,2026-04-27,2026-04-28,2026-05-07,002429,0.03253310000000001,0.962809619238477,0.015126050420168013,0.0004920973109243681,
stable_compact_current,w13,2026-04-27,2026-04-28,2026-05-07,301308,0.03253310000000001,0.9635551102204409,0.22840949524729326,0.0074308689498297185,
stable_compact_current,w13,2026-04-27,2026-04-28,2026-05-07,688037,0.03253310000000001,0.9838046092184368,0.12306603773584901,0.004003719712264151,
stable_compact_current,w13,2026-04-27,2026-04-28,2026-05-07,601212,0.03253310000000001,0.9774198396793587,0.05242463958060273,0.001705536041939707,
stable_compact_current,w13,2026-04-27,2026-04-28,2026-05-07,688220,0.03253310000000001,0.9728296593186373,0.09401801029159507,0.003058697330617492,
stable_compact_current,w13,2026-04-27,2026-04-28,2026-05-07,001389,0.03253310000000001,0.9191422845691382,0.047154471544715415,0.0015340811382113814,
stable_compact_current,w13,2026-04-27,2026-04-28,2026-05-07,688361,0.03253310000000001,0.9712444889779559,0.07270954109551941,0.002365466771414643,
stable_compact_current,w13,2026-04-27,2026-04-28,2026-05-07,000960,0.03253310000000001,0.9650230460921843,0.054574215660427194,0.0017754684155022445,
stable_compact_current,w13,2026-04-27,2026-04-28,2026-05-07,688375,0.03253310000000001,0.9637645290581162,0.008970389775343257,0.0002918345876002198,
stable_compact_current,w13,2026-04-27,2026-04-28,2026-05-07,688002,0.03175800000000001,0.9517635270541082,0.06492753623188419,0.0020619686956521786,
stable_compact_current,w13,2026-04-27,2026-04-28,2026-05-07,300857,0.03175800000000001,0.950691382765531,0.10461240310077513,0.0033222806976744173,
stable_compact_current,w13,2026-04-27,2026-04-28,2026-05-07,688347,0.03175800000000001,0.9489218436873748,0.15946890286512927,0.005064413417190777,
stable_compact_current,w13,2026-04-27,2026-04-28,2026-05-07,002080,0.03175800000000001,0.9420470941883767,0.21336662185519484,0.006776097176877279,
stable_compact_current,w13,2026-04-27,2026-04-28,2026-05-07,601231,0.03175800000000001,0.9530450901803608,0.06002522068095839,0.0019062809583858772,
stable_compact_current,w13,2026-04-27,2026-04-28,2026-05-07,300395,0.03175800000000001,0.9393667334669339,0.18233670653173872,0.0057906491260349595,
stable_compact_current,w13,2026-04-27,2026-04-28,2026-05-07,301200,0.03175800000000001,0.9389939879759519,0.03022415807925216,0.0009598588122808904,
stable_compact_current,w13,2026-04-27,2026-04-28,2026-05-07,002156,0.03175800000000001,0.9344038076152306,0.1539062499999999,0.004887754687499998,
stable_compact_current,w13,2026-04-27,2026-04-28,2026-05-07,300285,0.03175800000000001,0.928624248496994,0.10419640308307154,0.003309069369112187,
stable_compact_current,w13,2026-04-27,2026-04-28,2026-05-07,688525,0.03175800000000001,0.9253281563126252,0.13300585679198962,0.004224000000000007,
stable_compact_current,w13,2026-04-27,2026-04-28,2026-05-07,600498,0.03175800000000001,0.9417560120240482,0.00426356589147292,0.00013540232558139704,
stable_extra_wide_capacity,w13,2026-04-27,2026-04-28,2026-05-07,001389,0.02173913043478261,0.995430861723447,0.047154471544715415,0.0010250972074938136,
stable_extra_wide_capacity,w13,2026-04-27,2026-04-28,2026-05-07,688387,0.02173913043478261,0.9195891783567136,0.20348837209302317,0.004423660262891808,
stable_extra_wide_capacity,w13,2026-04-27,2026-04-28,2026-05-07,688002,0.02173913043478261,0.9287374749498998,0.06492753623188419,0.0014114681789540043,
stable_extra_wide_capacity,w13,2026-04-27,2026-04-28,2026-05-07,601212,0.02173913043478261,0.9286472945891784,0.05242463958060273,0.0011396660778391899,
stable_extra_wide_capacity,w13,2026-04-27,2026-04-28,2026-05-07,300223,0.02173913043478261,0.9261422845691383,0.12140757674722402,0.0026392951466787835,
stable_extra_wide_capacity,w13,2026-04-27,2026-04-28,2026-05-07,300285,0.02173913043478261,0.9241983967935872,0.10419640308307154,0.0022651391974580774,
stable_extra_wide_capacity,w13,2026-04-27,2026-04-28,2026-05-07,688347,0.02173913043478261,0.9232565130260522,0.15946890286512927,0.0034667152796767236,
stable_extra_wide_capacity,w13,2026-04-27,2026-04-28,2026-05-07,300390,0.02173913043478261,0.9232164328657315,0.178817786267643,0.00388734317973137,
stable_extra_wide_capacity,w13,2026-04-27,2026-04-28,2026-05-07,300054,0.02173913043478261,0.9222244488977955,0.22180784940507903,0.0048219097696756315,
stable_extra_wide_capacity,w13,2026-04-27,2026-04-28,2026-05-07,300383,0.02173913043478261,0.9206913827655311,0.08674101610904583,0.0018856742632401271,
stable_extra_wide_capacity,w13,2026-04-27,2026-04-28,2026-05-07,000426,0.02173913043478261,0.9206713426853708,0.145644930985245,0.0031661941518531527,
stable_extra_wide_capacity,w13,2026-04-27,2026-04-28,2026-05-07,002335,0.02173913043478261,0.9181062124248498,0.08999211977935362,0.0019563504299859487,
stable_extra_wide_capacity,w13,2026-04-27,2026-04-28,2026-05-07,300136,0.02173913043478261,0.9951402805611222,0.14910694099027832,0.0032414552389190944,
stable_extra_wide_capacity,w13,2026-04-27,2026-04-28,2026-05-07,603688,0.02173913043478261,0.9167535070140281,0.19697542533081291,0.004282074463713325,
stable_extra_wide_capacity,w13,2026-04-27,2026-04-28,2026-05-07,300751,0.02173913043478261,0.9154008016032065,0.14357421029857198,0.0031211784847515653,
stable_extra_wide_capacity,w13,2026-04-27,2026-04-28,2026-05-07,688777,0.02173913043478261,0.9146392785571142,0.10238953410759577,0.0022258594371216476,
stable_extra_wide_capacity,w13,2026-04-27,2026-04-28,2026-05-07,002436,0.02173913043478261,0.9120140280561122,0.10913445090660279,0.0023724880631870175,
stable_extra_wide_capacity,w13,2026-04-27,2026-04-28,2026-05-07,002156,0.02173913043478261,0.9109018036072145,0.1539062499999999,0.0033457880434782593,
stable_extra_wide_capacity,w13,2026-04-27,2026-04-28,2026-05-07,003031,0.02173913043478261,0.9107314629258518,0.04570527974783278,0.000993593037996365,
stable_extra_wide_capacity,w13,2026-04-27,2026-04-28,2026-05-07,002273,0.02173913043478261,0.9076252505010021,0.06727549467275495,0.0014625107537555428,
stable_extra_wide_capacity,w13,2026-04-27,2026-04-28,2026-05-07,688525,0.02173913043478261,0.9056012024048098,0.13300585679198962,0.002891431669391079,
stable_extra_wide_capacity,w13,2026-04-27,2026-04-28,2026-05-07,688676,0.02173913043478261,0.9043386773547095,0.05598133955348206,0.0012169856424670013,
stable_extra_wide_capacity,w13,2026-04-27,2026-04-28,2026-05-07,300058,0.02173913043478261,0.9322344689378759,0.11754487550665904,0.002555323380579545,
stable_extra_wide_capacity,w13,2026-04-27,2026-04-28,2026-05-07,301200,0.02173913043478261,0.9407014028056113,0.03022415807925216,0.0006570469147663514,
stable_extra_wide_capacity,w13,2026-04-27,2026-04-28,2026-05-07,300395,0.02173913043478261,0.9427354709418838,0.18233670653173872,0.0039638414463421465,
stable_extra_wide_capacity,w13,2026-04-27,2026-04-28,2026-05-07,688375,0.02173913043478261,0.942995991983968,0.008970389775343257,0.00019500847337702734,
stable_extra_wide_capacity,w13,2026-04-27,2026-04-28,2026-05-07,300604,0.02173913043478261,0.9928356713426854,0.0615929608044794,0.0013389774087930306,
stable_extra_wide_capacity,w13,2026-04-27,2026-04-28,2026-05-07,000062,0.02173913043478261,0.9914128256513026,-0.005574727900185872,-0.00012118973696056245,
stable_extra_wide_capacity,w13,2026-04-27,2026-04-28,2026-05-07,002080,0.02173913043478261,0.9845390781563127,0.21336662185519484,0.004638404822939019,
stable_extra_wide_capacity,w13,2026-04-27,2026-04-28,2026-05-07,688037,0.02173913043478261,0.9762224448897796,0.12306603773584901,0.0026753486464315005,
stable_extra_wide_capacity,w13,2026-04-27,2026-04-28,2026-05-07,301611,0.02173913043478261,0.9745290581162325,-0.07399431475579299,-0.0016085720599085434,
stable_extra_wide_capacity,w13,2026-04-27,2026-04-28,2026-05-07,300679,0.02173913043478261,0.9739679358717435,0.14405436013590034,0.003131616524693486,
stable_extra_wide_capacity,w13,2026-04-27,2026-04-28,2026-05-07,301308,0.02173913043478261,0.9736673346693387,0.22840949524729326,0.004965423809723767,
stable_extra_wide_capacity,w13,2026-04-27,2026-04-28,2026-05-07,000657,0.02173913043478261,0.968807615230461,0.1738807356492662,0.0037800159923753528,
stable_extra_wide_capacity,w13,2026-04-27,2026-04-28,2026-05-07,300757,0.02173913043478261,0.9654108216432866,-0.015776277724204424,-0.00034296255922183533,
stable_extra_wide_capacity,w13,2026-04-27,2026-04-28,2026-05-07,300567,0.02173913043478261,0.9641983967935872,0.06711985688729882,0.0014591273236369312,
stable_extra_wide_capacity,w13,2026-04-27,2026-04-28,2026-05-07,002202,0.02173913043478261,0.9613527054108216,0.07274783264229168,0.0015814746226585148,
stable_extra_wide_capacity,w13,2026-04-27,2026-04-28,2026-05-07,000960,0.02173913043478261,0.9605010020040081,0.054574215660427194,0.0011863959926179826,
stable_extra_wide_capacity,w13,2026-04-27,2026-04-28,2026-05-07,002837,0.02173913043478261,0.9581663326653308,0.06802083333333342,0.001478713768115944,
stable_extra_wide_capacity,w13,2026-04-27,2026-04-28,2026-05-07,601231,0.02173913043478261,0.9570440881763527,0.06002522068095839,0.001304896101759965,
stable_extra_wide_capacity,w13,2026-04-27,2026-04-28,2026-05-07,002281,0.02173913043478261,0.9479759519038076,0.22130538209931583,0.004810986567376432,
stable_extra_wide_capacity,w13,2026-04-27,2026-04-28,2026-05-07,002851,0.02173913043478261,0.9476252505010021,0.13846723435764519,0.003010157268644461,
stable_extra_wide_capacity,w13,2026-04-27,2026-04-28,2026-05-07,600879,0.02173913043478261,0.9473446893787576,0.08208636169303118,0.0017844861237615477,
stable_extra_wide_capacity,w13,2026-04-27,2026-04-28,2026-05-07,002429,0.02173913043478261,0.9450400801603207,0.015126050420168013,0.00032882718304713074,
stable_extra_wide_capacity,w13,2026-04-27,2026-04-28,2026-05-07,600498,0.02173913043478261,0.9445190380761523,0.00426356589147292,9.268621503202002e-05,
stable_extra_wide_capacity,w13,2026-04-27,2026-04-28,2026-05-07,002738,0.02173913043478261,0.9032364729458919,0.037613488975356546,0.0008176845429425338,
stable_medium_capacity,w13,2026-04-27,2026-04-28,2026-05-07,300604,0.01075268817204301,0.9995440881763527,0.0615929608044794,0.0006622899011234344,
stable_medium_capacity,w13,2026-04-27,2026-04-28,2026-05-07,688692,0.01075268817204301,0.8759318637274549,0.04425287356321839,0.0004758373501421332,
stable_medium_capacity,w13,2026-04-27,2026-04-28,2026-05-07,002008,0.01075268817204301,0.8606112224448897,0.0739466895958727,0.0007951256945792762,
stable_medium_capacity,w13,2026-04-27,2026-04-28,2026-05-07,301536,0.01075268817204301,0.8637474949899799,0.07499999999999996,0.0008064516129032253,
stable_medium_capacity,w13,2026-04-27,2026-04-28,2026-05-07,002624,0.01075268817204301,0.8640230460921843,-0.020270270270270396,-0.00021795989537925155,
stable_medium_capacity,w13,2026-04-27,2026-04-28,2026-05-07,002465,0.01075268817204301,0.8641182364729458,0.06005056890012628,0.0006457050419368417,
stable_medium_capacity,w13,2026-04-27,2026-04-28,2026-05-07,603228,0.01075268817204301,0.8664779559118236,-0.01486396814863955,-0.00015982761450150052,
stable_medium_capacity,w13,2026-04-27,2026-04-28,2026-05-07,300724,0.01075268817204301,0.8667384769539078,0.04526151095216813,0.0004866829134641734,
stable_medium_capacity,w13,2026-04-27,2026-04-28,2026-05-07,000021,0.01075268817204301,0.8708867735470942,0.07681802663024917,0.0008260002863467652,
stable_medium_capacity,w13,2026-04-27,2026-04-28,2026-05-07,300058,0.01075268817204301,0.8736823647294589,0.11754487550665904,0.0012639233925447208,
stable_medium_capacity,w13,2026-04-27,2026-04-28,2026-05-07,300285,0.01075268817204301,0.8756763527054108,0.10419640308307154,0.0011203914310007692,
stable_medium_capacity,w13,2026-04-27,2026-04-28,2026-05-07,600118,0.01075268817204301,0.878061122244489,0.07839195979899505,0.0008429242989139252,
stable_medium_capacity,w13,2026-04-27,2026-04-28,2026-05-07,603979,0.01075268817204301,0.8900901803607214,0.09221808768807649,0.0009915923407320052,
stable_medium_capacity,w13,2026-04-27,2026-04-28,2026-05-07,605358,0.01075268817204301,0.8787625250501002,0.12363996043521275,0.0013294619401635777,
stable_medium_capacity,w13,2026-04-27,2026-04-28,2026-05-07,603688,0.01075268817204301,0.8787825651302605,0.19697542533081291,0.002118015326137773,
stable_medium_capacity,w13,2026-04-27,2026-04-28,2026-05-07,601168,0.01075268817204301,0.8808617234468937,0.08974801518812581,0.0009650324213776967,
stable_medium_capacity,w13,2026-04-27,2026-04-28,2026-05-07,003031,0.01075268817204301,0.8837024048096193,0.04570527974783278,0.0004914546209444384,
stable_medium_capacity,w13,2026-04-27,2026-04-28,2026-05-07,600549,0.01075268817204301,0.8840430861723447,0.05300228913541116,0.0005699170874775393,
stable_medium_capacity,w13,2026-04-27,2026-04-28,2026-05-07,688166,0.01075268817204301,0.885320641282565,0.10260533933740756,0.0011032832186818017,
stable_medium_capacity,w13,2026-04-27,2026-04-28,2026-05-07,300757,0.01075268817204301,0.8860170340681363,-0.015776277724204424,-0.00016963739488391852,
stable_medium_capacity,w13,2026-04-27,2026-04-28,2026-05-07,600498,0.01075268817204301,0.8885070140280562,0.00426356589147292,4.584479453196688e-05,
stable_medium_capacity,w13,2026-04-27,2026-04-28,2026-05-07,688220,0.01075268817204301,0.8892585170340681,0.09401801029159507,0.0010109463472214523,
stable_medium_capacity,w13,2026-04-27,2026-04-28,2026-05-07,600637,0.01075268817204301,0.8606012024048096,-0.027624309392265123,-0.0002970355848630658,
stable_medium_capacity,w13,2026-04-27,2026-04-28,2026-05-07,300857,0.01075268817204301,0.8570691382765532,0.10461240310077513,0.0011248645494707002,
stable_medium_capacity,w13,2026-04-27,2026-04-28,2026-05-07,000539,0.01075268817204301,0.8546442885771544,0.055152394775036306,0.0005930365029573795,
stable_medium_capacity,w13,2026-04-27,2026-04-28,2026-05-07,300454,0.01075268817204301,0.8538677354709419,0.04590466599530041,0.0004935985590892517,
stable_medium_capacity,w13,2026-04-27,2026-04-28,2026-05-07,002126,0.01075268817204301,0.8114629258517034,0.07796167247386765,0.0008382975534824478,
stable_medium_capacity,w13,2026-04-27,2026-04-28,2026-05-07,300346,0.01075268817204301,0.8132014028056113,0.0790643727044269,0.0008501545452088914,
stable_medium_capacity,w13,2026-04-27,2026-04-28,2026-05-07,000629,0.01075268817204301,0.8151753507014029,0.03743315508021383,0.00040250704387326697,
stable_medium_capacity,w13,2026-04-27,2026-04-28,2026-05-07,002273,0.01075268817204301,0.8157264529058117,0.06727549467275495,0.0007233924158360747,
stable_medium_capacity,w13,2026-04-27,2026-04-28,2026-05-07,688281,0.01075268817204301,0.8174148296593186,0.045745532141904466,0.0004918874423860695,
stable_medium_capacity,w13,2026-04-27,2026-04-28,2026-05-07,688385,0.01075268817204301,0.8180260521042084,0.01607093377666935,0.00017280573953407902,
stable_medium_capacity,w13,2026-04-27,2026-04-28,2026-05-07,000831,0.01075268817204301,0.8207214428857715,0.1098023557596326,0.00118067049203906,
stable_medium_capacity,w13,2026-04-27,2026-04-28,2026-05-07,300751,0.01075268817204301,0.8209619238476954,0.14357421029857198,0.0015438087128878707,
stable_medium_capacity,w13,2026-04-27,2026-04-28,2026-05-07,603568,0.01075268817204301,0.8248547094188377,0.040599323344610916,0.00043655186392054743,
stable_medium_capacity,w13,2026-04-27,2026-04-28,2026-05-07,688027,0.01075268817204301,0.8277505010020041,0.06488795167804406,0.0006977199105166028,
stable_medium_capacity,w13,2026-04-27,2026-04-28,2026-05-07,002195,0.01075268817204301,0.829754509018036,0.024663677130045025,0.00026520082935532286,
stable_medium_capacity,w13,2026-04-27,2026-04-28,2026-05-07,300373,0.01075268817204301,0.8301352705410822,-0.008467079489447804,-9.104386547793337e-05,
stable_medium_capacity,w13,2026-04-27,2026-04-28,2026-05-07,000878,0.01075268817204301,0.8312424849699398,0.03283735248845554,0.000353089811703823,
stable_medium_capacity,w13,2026-04-27,2026-04-28,2026-05-07,003035,0.01075268817204301,0.8397144288577154,-0.020278833967046772,-0.00021805197814028784,
stable_medium_capacity,w13,2026-04-27,2026-04-28,2026-05-07,688709,0.01075268817204301,0.8418136272545089,-0.06922183507549351,-0.000744320807263371,
stable_medium_capacity,w13,2026-04-27,2026-04-28,2026-05-07,000039,0.01075268817204301,0.8434969939879758,0.18369175627240142,0.001975180174972058,
stable_medium_capacity,w13,2026-04-27,2026-04-28,2026-05-07,300054,0.01075268817204301,0.8481713426853709,0.22180784940507903,0.0023850306387642904,
stable_medium_capacity,w13,2026-04-27,2026-04-28,2026-05-07,688120,0.01075268817204301,0.848311623246493,0.03417525773195873,0.00036747588959095404,
stable_medium_capacity,w13,2026-04-27,2026-04-28,2026-05-07,688017,0.01075268817204301,0.8523597194388777,0.07801683816651073,0.0008388907329732336,
stable_medium_capacity,w13,2026-04-27,2026-04-28,2026-05-07,603077,0.01075268817204301,0.8900450901803607,-0.020270270270270285,-0.00021795989537925036,
stable_medium_capacity,w13,2026-04-27,2026-04-28,2026-05-07,300450,0.01075268817204301,0.8906813627254508,-0.019502002437750243,-0.00020969895094355098,
stable_medium_capacity,w13,2026-04-27,2026-04-28,2026-05-07,600707,0.01075268817204301,0.9984519038076153,0.018018018018017834,0.0001937421292259982,
stable_medium_capacity,w13,2026-04-27,2026-04-28,2026-05-07,301200,0.01075268817204301,0.9556162324649299,0.03022415807925216,0.0003249909470887329,
stable_medium_capacity,w13,2026-04-27,2026-04-28,2026-05-07,001389,0.01075268817204301,0.9447595190380761,0.047154471544715415,0.0005070373284378001,
stable_medium_capacity,w13,2026-04-27,2026-04-28,2026-05-07,002202,0.01075268817204301,0.944874749498998,0.07274783264229168,0.0007822347595945341,
stable_medium_capacity,w13,2026-04-27,2026-04-28,2026-05-07,002429,0.01075268817204301,0.9460821643286573,0.015126050420168013,0.0001626457034426668,
stable_medium_capacity,w13,2026-04-27,2026-04-28,2026-05-07,601231,0.01075268817204301,0.9480561122244489,0.06002522068095839,0.0006454324804404128,
stable_medium_capacity,w13,2026-04-27,2026-04-28,2026-05-07,002837,0.01075268817204301,0.9515881763527054,0.06802083333333342,0.0007314068100358432,
stable_medium_capacity,w13,2026-04-27,2026-04-28,2026-05-07,002156,0.01075268817204301,0.952064128256513,0.1539062499999999,0.0016549059139784935,
stable_medium_capacity,w13,2026-04-27,2026-04-28,2026-05-07,000960,0.01075268817204301,0.9528156312625251,0.054574215660427194,0.0005868195232303999,
stable_medium_capacity,w13,2026-04-27,2026-04-28,2026-05-07,688777,0.01075268817204301,0.9541733466933868,0.10238953410759577,0.0011009627323397394,
stable_medium_capacity,w13,2026-04-27,2026-04-28,2026-05-07,601958,0.01075268817204301,0.9551803607214429,0.08915537017726805,0.0009586598943792262,
stable_medium_capacity,w13,2026-04-27,2026-04-28,2026-05-07,301611,0.01075268817204301,0.9563577154308617,-0.07399431475579299,-0.0007956377930730429,
stable_medium_capacity,w13,2026-04-27,2026-04-28,2026-05-07,600392,0.01075268817204301,0.8924949899799599,0.10873146622734753,0.0011691555508316937,
stable_medium_capacity,w13,2026-04-27,2026-04-28,2026-05-07,000426,0.01075268817204301,0.9565581162324649,0.145644930985245,0.0015660745267230645,
stable_medium_capacity,w13,2026-04-27,2026-04-28,2026-05-07,301308,0.01075268817204301,0.9661122244488978,0.22840949524729326,0.0024560160779278843,
stable_medium_capacity,w13,2026-04-27,2026-04-28,2026-05-07,688375,0.01075268817204301,0.9672895791583166,0.008970389775343257,9.6455804035949e-05,
stable_medium_capacity,w13,2026-04-27,2026-04-28,2026-05-07,300567,0.01075268817204301,0.9749448897795591,0.06711985688729882,0.0007217188912612777,
stable_medium_capacity,w13,2026-04-27,2026-04-28,2026-05-07,002080,0.01075268817204301,0.9777655310621243,0.21336662185519484,0.002294264751131127,
stable_medium_capacity,w13,2026-04-27,2026-04-28,2026-05-07,300136,0.01075268817204301,0.9797695390781562,0.14910694099027832,0.0016033004407556809,
stable_medium_capacity,w13,2026-04-27,2026-04-28,2026-05-07,300390,0.01075268817204301,0.9851553106212425,0.178817786267643,0.001922771895351,
stable_medium_capacity,w13,2026-04-27,2026-04-28,2026-05-07,688037,0.01075268817204301,0.9887925851703406,0.12306603773584901,0.0013232907283424623,
stable_medium_capacity,w13,2026-04-27,2026-04-28,2026-05-07,601212,0.01075268817204301,0.9950801603206413,0.05242463958060273,0.0005637058019419647,
stable_medium_capacity,w13,2026-04-27,2026-04-28,2026-05-07,688347,0.01075268817204301,0.943251503006012,0.15946890286512927,0.0017147193856465511,
stable_medium_capacity,w13,2026-04-27,2026-04-28,2026-05-07,600879,0.01075268817204301,0.9390731462925852,0.08208636169303118,0.0008826490504627009,
stable_medium_capacity,w13,2026-04-27,2026-04-28,2026-05-07,688676,0.01075268817204301,0.9313026052104207,0.05598133955348206,0.00060194988767185,
stable_medium_capacity,w13,2026-04-27,2026-04-28,2026-05-07,300395,0.01075268817204301,0.9289278557114228,0.18233670653173872,0.0019606097476531042,
stable_medium_capacity,w13,2026-04-27,2026-04-28,2026-05-07,002281,0.01075268817204301,0.8955460921843688,0.22130538209931583,0.0023796277645087723,
stable_medium_capacity,w13,2026-04-27,2026-04-28,2026-05-07,688361,0.01075268817204301,0.898622244488978,0.07270954109551941,0.0007818230225324667,
stable_medium_capacity,w13,2026-04-27,2026-04-28,2026-05-07,300383,0.01075268817204301,0.8995891783567135,0.08674101610904583,0.0009326990979467293,
stable_medium_capacity,w13,2026-04-27,2026-04-28,2026-05-07,688002,0.01075268817204301,0.9021643286573147,0.06492753623188419,0.0006981455508804751,
stable_medium_capacity,w13,2026-04-27,2026-04-28,2026-05-07,688387,0.01075268817204301,0.9029158316633267,0.20348837209302317,0.002188047011752937,
stable_medium_capacity,w13,2026-04-27,2026-04-28,2026-05-07,688615,0.01075268817204301,0.906437875751503,0.15945312499999997,0.0017145497311827952,
stable_medium_capacity,w13,2026-04-27,2026-04-28,2026-05-07,300223,0.01075268817204301,0.9067985971943888,0.12140757674722402,0.0013054578144862797,
stable_medium_capacity,w13,2026-04-27,2026-04-28,2026-05-07,300679,0.01075268817204301,0.9105961923847695,0.14405436013590034,0.0015489716143645197,
stable_medium_capacity,w13,2026-04-27,2026-04-28,2026-05-07,000060,0.01075268817204301,0.9111022044088177,0.22796352583586632,0.0024512207079125407,
stable_medium_capacity,w13,2026-04-27,2026-04-28,2026-05-07,002738,0.01075268817204301,0.9113777555110221,0.037613488975356546,0.0004044461180145865,
stable_medium_capacity,w13,2026-04-27,2026-04-28,2026-05-07,688183,0.01075268817204301,0.911623246492986,-0.10555095277547644,-0.0011349564814567357,
stable_medium_capacity,w13,2026-04-27,2026-04-28,2026-05-07,002409,0.01075268817204301,0.9135320641282566,0.03321364452423681,0.0003571359626262022,
stable_medium_capacity,w13,2026-04-27,2026-04-28,2026-05-07,002335,0.01075268817204301,0.9183667334669339,0.08999211977935362,0.0009676572019285335,
stable_medium_capacity,w13,2026-04-27,2026-04-28,2026-05-07,600497,0.01075268817204301,0.919744488977956,0.07563959955506117,0.0008133290274737759,
stable_medium_capacity,w13,2026-04-27,2026-04-28,2026-05-07,603920,0.01075268817204301,0.919934869739479,0.05129118432769375,0.0005515181110504704,
stable_medium_capacity,w13,2026-04-27,2026-04-28,2026-05-07,002353,0.01075268817204301,0.922439879759519,0.16627996906419185,0.0017879566566042133,
stable_medium_capacity,w13,2026-04-27,2026-04-28,2026-05-07,002851,0.01075268817204301,0.9250250501002004,0.13846723435764519,0.001488894993092959,
stable_medium_capacity,w13,2026-04-27,2026-04-28,2026-05-07,300570,0.01075268817204301,0.9250450901803607,0.0015351755439863002,1.6507263913831184e-05,
stable_medium_capacity,w13,2026-04-27,2026-04-28,2026-05-07,000657,0.01075268817204301,0.9253657314629259,0.1738807356492662,0.001869685329562002,
stable_medium_capacity,w13,2026-04-27,2026-04-28,2026-05-07,300017,0.01075268817204301,0.808376753507014,0.04085257548845456,0.0004392750052521995,
