candidate,window_id,entry_date,start_date,end_date,stock_code,weight,score,stock_return,return_contribution,note
balanced_extra_wide_capacity,w01,2026-01-21,2026-01-22,2026-01-28,002044,0.015625,0.9907314629258517,-0.06896551724137934,-0.0010775862068965521,
balanced_extra_wide_capacity,w01,2026-01-21,2026-01-22,2026-01-28,601212,0.015625,0.9887274549098197,0.6114352392065345,0.009553675612602102,
balanced_extra_wide_capacity,w01,2026-01-21,2026-01-22,2026-01-28,688778,0.015625,0.9065130260521043,-0.03570293463290608,-0.0005578583536391575,
balanced_extra_wide_capacity,w01,2026-01-21,2026-01-22,2026-01-28,002335,0.015625,0.903557114228457,0.04567620286085816,0.0007136906697009088,
balanced_extra_wide_capacity,w01,2026-01-21,2026-01-22,2026-01-28,605358,0.015625,0.9019539078156312,0.0610849056603775,0.0009544516509433984,
balanced_extra_wide_capacity,w01,2026-01-21,2026-01-22,2026-01-28,300748,0.015625,0.9019038076152305,0.032882524529302515,0.0005137894457703518,
balanced_extra_wide_capacity,w01,2026-01-21,2026-01-22,2026-01-28,688525,0.015625,0.8987975951903808,0.005200672410170082,8.126050640890753e-05,
balanced_extra_wide_capacity,w01,2026-01-21,2026-01-22,2026-01-28,300432,0.015625,0.8961422845691382,-0.08329075114971896,-0.0013014179867143587,
balanced_extra_wide_capacity,w01,2026-01-21,2026-01-22,2026-01-28,002436,0.015625,0.8955911823647295,-0.040471512770137386,-0.0006323673870333966,
balanced_extra_wide_capacity,w01,2026-01-21,2026-01-22,2026-01-28,301611,0.015625,0.8952905811623246,-0.09694430398035103,-0.0015147547496929849,
balanced_extra_wide_capacity,w01,2026-01-21,2026-01-22,2026-01-28,601611,0.015625,0.894689378757515,-0.02437538086532598,-0.00038086532602071843,
balanced_extra_wide_capacity,w01,2026-01-21,2026-01-22,2026-01-28,688183,0.015625,0.8927855711422846,0.004741890289901907,7.409203577971729e-05,
balanced_extra_wide_capacity,w01,2026-01-21,2026-01-22,2026-01-28,688172,0.015625,0.8909819639278558,0.28113879003558706,0.004392793594306048,
balanced_extra_wide_capacity,w01,2026-01-21,2026-01-22,2026-01-28,600435,0.015625,0.8882765531062125,-0.005247813411078717,-8.199708454810495e-05,
balanced_extra_wide_capacity,w01,2026-01-21,2026-01-22,2026-01-28,688234,0.015625,0.8868236472945892,-0.16486392184228893,-0.0025759987787857645,
balanced_extra_wide_capacity,w01,2026-01-21,2026-01-22,2026-01-28,002130,0.015625,0.8862224448897795,-0.052665589660743084,-0.0008228998384491107,
balanced_extra_wide_capacity,w01,2026-01-21,2026-01-22,2026-01-28,688709,0.015625,0.8835671342685372,-0.0007705644384511379,-1.204006935079903e-05,
balanced_extra_wide_capacity,w01,2026-01-21,2026-01-22,2026-01-28,300919,0.015625,0.881563126252505,0.04878501205713226,0.0007622658133926916,
balanced_extra_wide_capacity,w01,2026-01-21,2026-01-22,2026-01-28,601106,0.015625,0.8815130260521042,0.0949494949494949,0.0014835858585858577,
balanced_extra_wide_capacity,w01,2026-01-21,2026-01-22,2026-01-28,300450,0.015625,0.8812124248496995,0.010015277542013257,0.00015648871159395714,
balanced_extra_wide_capacity,w01,2026-01-21,2026-01-22,2026-01-28,002281,0.015625,0.880060120240481,-0.010416666666666519,-0.00016276041666666435,
balanced_extra_wide_capacity,w01,2026-01-21,2026-01-22,2026-01-28,002153,0.015625,0.8729959919839678,-0.05962643678160917,-0.0009316630747126433,
balanced_extra_wide_capacity,w01,2026-01-21,2026-01-22,2026-01-28,002532,0.015625,0.8715931863727455,0.11225040474905557,0.0017539125742039932,
balanced_extra_wide_capacity,w01,2026-01-21,2026-01-22,2026-01-28,002185,0.015625,0.8702905811623246,0.07193229901269382,0.001123942172073341,
balanced_extra_wide_capacity,w01,2026-01-21,2026-01-22,2026-01-28,688220,0.015625,0.8662324649298597,-0.034076433121019156,-0.0005324442675159243,
balanced_extra_wide_capacity,w01,2026-01-21,2026-01-22,2026-01-28,300496,0.015625,0.8645791583166333,0.005709095627352001,8.920461917737502e-05,
balanced_extra_wide_capacity,w01,2026-01-21,2026-01-22,2026-01-28,002202,0.015625,0.8571643286573146,0.08880157170923386,0.001387524557956779,
balanced_extra_wide_capacity,w01,2026-01-21,2026-01-22,2026-01-28,300223,0.015625,0.8565631262525051,0.12664222425908966,0.001978784754048276,
balanced_extra_wide_capacity,w01,2026-01-21,2026-01-22,2026-01-28,600765,0.015625,0.8563627254509018,0.027706516162134598,0.0004329143150333531,
balanced_extra_wide_capacity,w01,2026-01-21,2026-01-22,2026-01-28,000155,0.015625,0.8532565130260521,0.06133540372670798,0.0009583656832298122,
balanced_extra_wide_capacity,w01,2026-01-21,2026-01-22,2026-01-28,002429,0.015625,0.8489478957915831,0.14409534127843981,0.002251489707475622,
balanced_extra_wide_capacity,w01,2026-01-21,2026-01-22,2026-01-28,000021,0.015625,0.9095190380761524,-0.025122549019607865,-0.0003925398284313729,
balanced_extra_wide_capacity,w01,2026-01-21,2026-01-22,2026-01-28,688122,0.015625,0.9098196392785571,0.029566210045662178,0.00046197203196347153,
balanced_extra_wide_capacity,w01,2026-01-21,2026-01-22,2026-01-28,300285,0.015625,0.9137775551102204,-0.013975155279503215,-0.00021836180124223774,
balanced_extra_wide_capacity,w01,2026-01-21,2026-01-22,2026-01-28,300724,0.015625,0.946192384769539,0.19867611411523378,0.003104314283050528,
balanced_extra_wide_capacity,w01,2026-01-21,2026-01-22,2026-01-28,603650,0.015625,0.9799599198396793,-0.0508934269304403,-0.0007952097957881297,
balanced_extra_wide_capacity,w01,2026-01-21,2026-01-22,2026-01-28,002195,0.015625,0.9779559118236472,0.018750000000000044,0.0002929687500000007,
balanced_extra_wide_capacity,w01,2026-01-21,2026-01-22,2026-01-28,688037,0.015625,0.9756012024048095,0.05511069241639177,0.0008611045690061214,
balanced_extra_wide_capacity,w01,2026-01-21,2026-01-22,2026-01-28,002025,0.015625,0.9715931863727454,-0.005152671755725091,-8.051049618320455e-05,
balanced_extra_wide_capacity,w01,2026-01-21,2026-01-22,2026-01-28,002465,0.015625,0.9708917835671342,-0.02655367231638417,-0.00041490112994350264,
balanced_extra_wide_capacity,w01,2026-01-21,2026-01-22,2026-01-28,688281,0.015625,0.9649799599198396,-0.02371807182638752,-0.000370594872287305,
balanced_extra_wide_capacity,w01,2026-01-21,2026-01-22,2026-01-28,301200,0.015625,0.9597194388777555,0.02795339035577027,0.00043677172430891045,
balanced_extra_wide_capacity,w01,2026-01-21,2026-01-22,2026-01-28,000657,0.015625,0.958567134268537,0.25431861804222655,0.00397372840690979,
balanced_extra_wide_capacity,w01,2026-01-21,2026-01-22,2026-01-28,300751,0.015625,0.9579158316633267,0.38775344687753455,0.006058647607461477,
balanced_extra_wide_capacity,w01,2026-01-21,2026-01-22,2026-01-28,600498,0.015625,0.9557615230460922,0.10385351188849401,0.001622711123257719,
balanced_extra_wide_capacity,w01,2026-01-21,2026-01-22,2026-01-28,688629,0.015625,0.9517034068136272,-0.0010978043912175384,-1.7153193612774037e-05,
balanced_extra_wide_capacity,w01,2026-01-21,2026-01-22,2026-01-28,300567,0.015625,0.9514529058116232,-0.029791721592407172,-0.00046549564988136206,
balanced_extra_wide_capacity,w01,2026-01-21,2026-01-22,2026-01-28,688361,0.015625,0.9504509018036073,-0.02263111286037589,-0.0003536111384433733,
balanced_extra_wide_capacity,w01,2026-01-21,2026-01-22,2026-01-28,000878,0.015625,0.9425350701402805,0.20080681308830117,0.003137606454504706,
balanced_extra_wide_capacity,w01,2026-01-21,2026-01-22,2026-01-28,002409,0.015625,0.9172845691382766,0.009165808444902224,0.00014321575695159725,
balanced_extra_wide_capacity,w01,2026-01-21,2026-01-22,2026-01-28,002851,0.015625,0.9419839679358718,0.22248572683355294,0.0034763394817742647,
balanced_extra_wide_capacity,w01,2026-01-21,2026-01-22,2026-01-28,603920,0.015625,0.9379759519038076,0.12116740449253971,0.001893240695195933,
balanced_extra_wide_capacity,w01,2026-01-21,2026-01-22,2026-01-28,300857,0.015625,0.935120240480962,0.13692988254436367,0.0021395294147556823,
balanced_extra_wide_capacity,w01,2026-01-21,2026-01-22,2026-01-28,688615,0.015625,0.9346693386773547,-0.03073000536768644,-0.00048015633387010065,
balanced_extra_wide_capacity,w01,2026-01-21,2026-01-22,2026-01-28,688387,0.015625,0.9304609218436874,0.01025641025641022,0.0001602564102564097,
balanced_extra_wide_capacity,w01,2026-01-21,2026-01-22,2026-01-28,688777,0.015625,0.9279559118236473,0.20149899106370728,0.003148421735370426,
balanced_extra_wide_capacity,w01,2026-01-21,2026-01-22,2026-01-28,301358,0.015625,0.9251503006012025,-0.054109689751507206,-0.0008454639023673001,
balanced_extra_wide_capacity,w01,2026-01-21,2026-01-22,2026-01-28,688027,0.015625,0.9251002004008015,0.08294071789309565,0.0012959487170796195,
balanced_extra_wide_capacity,w01,2026-01-21,2026-01-22,2026-01-28,002837,0.015625,0.923997995991984,0.049008755157492034,0.000765761799335813,
balanced_extra_wide_capacity,w01,2026-01-21,2026-01-22,2026-01-28,300037,0.015625,0.9212424849699399,-0.06809406809406804,-0.001063969813969813,
balanced_extra_wide_capacity,w01,2026-01-21,2026-01-22,2026-01-28,603179,0.015625,0.9204408817635271,-0.0643080124869927,-0.0010048126951092608,
balanced_extra_wide_capacity,w01,2026-01-21,2026-01-22,2026-01-28,688568,0.015625,0.9177855711422845,0.00612244897959191,9.56632653061236e-05,
balanced_extra_wide_capacity,w01,2026-01-21,2026-01-22,2026-01-28,300570,0.015625,0.9177354709418838,0.05211726384364823,0.0008143322475570036,
balanced_extra_wide_capacity,w01,2026-01-21,2026-01-22,2026-01-28,600516,0.015625,0.8471442885771543,0.06818181818181834,0.0010653409090909116,
balanced_medium_current,w01,2026-01-21,2026-01-22,2026-01-28,300699,0.020408163265306124,1.0,0.032562764106388364,0.0006645462062528239,
balanced_medium_current,w01,2026-01-21,2026-01-22,2026-01-28,300567,0.020408163265306124,0.9498997995991983,-0.029791721592407172,-0.0006079943182123913,
balanced_medium_current,w01,2026-01-21,2026-01-22,2026-01-28,688568,0.020408163265306124,0.9458917835671342,0.00612244897959191,0.0001249479383590186,
balanced_medium_current,w01,2026-01-21,2026-01-22,2026-01-28,600988,0.020408163265306124,0.9438877755511023,0.22063037249283668,0.004502660663119116,
balanced_medium_current,w01,2026-01-21,2026-01-22,2026-01-28,300432,0.020408163265306124,0.9418837675350702,-0.08329075114971896,-0.0016998112479534482,
balanced_medium_current,w01,2026-01-21,2026-01-22,2026-01-28,000878,0.020408163265306124,0.9398797595190381,0.20080681308830117,0.004098098226291861,
balanced_medium_current,w01,2026-01-21,2026-01-22,2026-01-28,688778,0.020408163265306124,0.9378757515030061,-0.03570293463290608,-0.0007286313190388997,
balanced_medium_current,w01,2026-01-21,2026-01-22,2026-01-28,002008,0.020408163265306124,0.935871743486974,0.04847144006436044,0.0009892130625379681,
balanced_medium_current,w01,2026-01-21,2026-01-22,2026-01-28,300037,0.020408163265306124,0.9338677354709419,-0.06809406809406804,-0.0013896748590626132,
balanced_medium_current,w01,2026-01-21,2026-01-22,2026-01-28,600879,0.020408163265306124,0.9318637274549099,0.01559598960267361,0.00031828550209537983,
balanced_medium_current,w01,2026-01-21,2026-01-22,2026-01-28,002156,0.020408163265306124,0.9298597194388778,-0.03564427018356797,-0.0007274340853789383,
balanced_medium_current,w01,2026-01-21,2026-01-22,2026-01-28,300003,0.020408163265306124,0.9278557114228457,-0.03729355354288755,-0.0007610929294466848,
balanced_medium_current,w01,2026-01-21,2026-01-22,2026-01-28,002409,0.020408163265306124,0.9258517034068137,0.009165808444902224,0.00018705731520208621,
balanced_medium_current,w01,2026-01-21,2026-01-22,2026-01-28,300919,0.020408163265306124,0.9238476953907816,0.04878501205713226,0.000995612490961883,
balanced_medium_current,w01,2026-01-21,2026-01-22,2026-01-28,688709,0.020408163265306124,0.9218436873747495,-0.0007705644384511379,-1.5725804866349753e-05,
balanced_medium_current,w01,2026-01-21,2026-01-22,2026-01-28,688183,0.020408163265306124,0.9198396793587175,0.004741890289901907,9.67732712224879e-05,
balanced_medium_current,w01,2026-01-21,2026-01-22,2026-01-28,002202,0.020408163265306124,0.9178356713426854,0.08880157170923386,0.001812276973657834,
balanced_medium_current,w01,2026-01-21,2026-01-22,2026-01-28,300285,0.020408163265306124,0.9158316633266533,-0.013975155279503215,-0.00028520725060210644,
balanced_medium_current,w01,2026-01-21,2026-01-22,2026-01-28,300223,0.020408163265306124,0.9138276553106213,0.12664222425908966,0.0025845351889610137,
balanced_medium_current,w01,2026-01-21,2026-01-22,2026-01-28,000559,0.020408163265306124,0.9118236472945892,-0.11266201395812558,-0.0022992247746556243,
balanced_medium_current,w01,2026-01-21,2026-01-22,2026-01-28,601399,0.020408163265306124,0.9098196392785571,-0.03321033210332103,-0.0006777618796596129,
balanced_medium_current,w01,2026-01-21,2026-01-22,2026-01-28,300450,0.020408163265306124,0.9078156312625251,0.010015277542013257,0.00020439341922476035,
balanced_medium_current,w01,2026-01-21,2026-01-22,2026-01-28,688027,0.020408163265306124,0.905811623246493,0.08294071789309565,0.001692667712103993,
balanced_medium_current,w01,2026-01-21,2026-01-22,2026-01-28,000021,0.020408163265306124,0.9478957915831663,-0.025122549019607865,-0.0005127050820328136,
balanced_medium_current,w01,2026-01-21,2026-01-22,2026-01-28,002532,0.020408163265306124,0.9519038076152304,0.11225040474905557,0.00229082458671542,
balanced_medium_current,w01,2026-01-21,2026-01-22,2026-01-28,600637,0.020408163265306124,0.9979959919839679,-0.009401709401709368,-0.00019187162044304834,
balanced_medium_current,w01,2026-01-21,2026-01-22,2026-01-28,688234,0.020408163265306124,0.9539078156312625,-0.16486392184228893,-0.0033645698335161007,
balanced_medium_current,w01,2026-01-21,2026-01-22,2026-01-28,603000,0.020408163265306124,0.9959919839679359,-0.05680425010216594,-0.0011592704102482846,
balanced_medium_current,w01,2026-01-21,2026-01-22,2026-01-28,688037,0.020408163265306124,0.9939879759519038,0.05511069241639177,0.0011247080084977913,
balanced_medium_current,w01,2026-01-21,2026-01-22,2026-01-28,300757,0.020408163265306124,0.9919839679358717,0.036746268656716374,0.0007499238501370689,
balanced_medium_current,w01,2026-01-21,2026-01-22,2026-01-28,688281,0.020408163265306124,0.9899799599198397,-0.02371807182638752,-0.00048404228217117397,
balanced_medium_current,w01,2026-01-21,2026-01-22,2026-01-28,301200,0.020408163265306124,0.9879759519038076,0.02795339035577027,0.0005704773541993933,
balanced_medium_current,w01,2026-01-21,2026-01-22,2026-01-28,688385,0.020408163265306124,0.9859719438877755,0.0045094454600853595,9.20294991854155e-05,
balanced_medium_current,w01,2026-01-21,2026-01-22,2026-01-28,002465,0.020408163265306124,0.9839679358717435,-0.02655367231638417,-0.0005419116799262076,
balanced_medium_current,w01,2026-01-21,2026-01-22,2026-01-28,002195,0.020408163265306124,0.9819639278557114,0.018750000000000044,0.00038265306122449075,
balanced_medium_current,w01,2026-01-21,2026-01-22,2026-01-28,002044,0.020408163265306124,0.9799599198396793,-0.06896551724137934,-0.001407459535538354,
balanced_medium_current,w01,2026-01-21,2026-01-22,2026-01-28,300751,0.020408163265306124,0.9779559118236473,0.38775344687753455,0.00791333565056193,
balanced_medium_current,w01,2026-01-21,2026-01-22,2026-01-28,600498,0.020408163265306124,0.9759519038076152,0.10385351188849401,0.002119459426295796,
balanced_medium_current,w01,2026-01-21,2026-01-22,2026-01-28,002025,0.020408163265306124,0.9739478957915831,-0.005152671755725091,-0.00010515656644336921,
balanced_medium_current,w01,2026-01-21,2026-01-22,2026-01-28,300058,0.020408163265306124,0.9719438877755511,0.09227467811158796,0.0018831566961548564,
balanced_medium_current,w01,2026-01-21,2026-01-22,2026-01-28,000657,0.020408163265306124,0.969939879759519,0.25431861804222655,0.005190175878412787,
balanced_medium_current,w01,2026-01-21,2026-01-22,2026-01-28,300627,0.020408163265306124,0.9679358717434869,0.004828462515882981,9.854005134455064e-05,
balanced_medium_current,w01,2026-01-21,2026-01-22,2026-01-28,601106,0.020408163265306124,0.9659318637274549,0.0949494949494949,0.001937744794887651,
balanced_medium_current,w01,2026-01-21,2026-01-22,2026-01-28,603920,0.020408163265306124,0.9639278557114228,0.12116740449253971,0.002472804173317137,
balanced_medium_current,w01,2026-01-21,2026-01-22,2026-01-28,002851,0.020408163265306124,0.9619238476953907,0.22248572683355294,0.004540525037419448,
balanced_medium_current,w01,2026-01-21,2026-01-22,2026-01-28,688375,0.020408163265306124,0.9599198396793587,0.05498085851592416,0.0011220583370596768,
balanced_medium_current,w01,2026-01-21,2026-01-22,2026-01-28,300346,0.020408163265306124,0.9579158316633266,-0.04086970737289519,-0.0008340756606713306,
balanced_medium_current,w01,2026-01-21,2026-01-22,2026-01-28,688676,0.020408163265306124,0.9559118236472945,-0.03372001572945338,-0.0006881635863153751,
balanced_medium_current,w01,2026-01-21,2026-01-22,2026-01-28,688387,0.020408163265306124,0.9038076152304609,0.01025641025641022,0.00020931449502878,
economic_medium_capacity,w01,2026-01-21,2026-01-22,2026-01-28,002607,0.036000000004219955,0.9953667334669338,0.0034246575342467,0.0001232876712473331,
economic_medium_capacity,w01,2026-01-21,2026-01-22,2026-01-28,001389,0.036000000004219955,0.9808997995991984,0.08595958538372939,0.0030945450741770037,
economic_medium_capacity,w01,2026-01-21,2026-01-22,2026-01-28,600685,0.036000000004219955,0.9952304609218436,0.04772439949431084,0.0017180783819965852,
economic_medium_capacity,w01,2026-01-21,2026-01-22,2026-01-28,688777,0.036000000004219955,0.9805791583166332,0.20149899106370728,0.007253963679143779,
economic_medium_capacity,w01,2026-01-21,2026-01-22,2026-01-28,002738,0.036000000004219955,0.9806513026052104,0.027391304347825995,0.000986086956637326,
economic_medium_capacity,w01,2026-01-21,2026-01-22,2026-01-28,600549,0.036000000004219955,0.9807034068136272,0.10067796610169477,0.0036244067800858685,
economic_medium_capacity,w01,2026-01-21,2026-01-22,2026-01-28,000657,0.036000000004219955,0.980875751503006,0.25431861804222655,0.00915547025059337,
economic_medium_capacity,w01,2026-01-21,2026-01-22,2026-01-28,002851,0.036000000004219955,0.9808917835671342,0.22248572683355294,0.008009486166946786,
economic_medium_capacity,w01,2026-01-21,2026-01-22,2026-01-28,301200,0.036000000004219955,0.9809559118236473,0.02795339035577027,0.0010063220529256916,
economic_medium_capacity,w01,2026-01-21,2026-01-22,2026-01-28,300757,0.036000000004219955,0.9809839679358717,0.036746268656716374,0.001322865671796857,
economic_medium_capacity,w01,2026-01-21,2026-01-22,2026-01-28,601212,0.036000000004219955,0.981,0.6114352392065345,0.022011668614015472,
economic_medium_capacity,w01,2026-01-21,2026-01-22,2026-01-28,601118,0.036000000004219955,0.9949418837675351,0.17851239669421481,0.006426446281745048,
economic_medium_capacity,w01,2026-01-21,2026-01-22,2026-01-28,688266,0.036000000004219955,0.9950581162324649,-0.00603095129722353,-0.00021711424672549742,
economic_medium_capacity,w01,2026-01-21,2026-01-22,2026-01-28,601567,0.036000000004219955,0.9951743486973947,-0.042748091603053484,-0.0015389312978903204,
economic_medium_capacity,w01,2026-01-21,2026-01-22,2026-01-28,688037,0.036000000004219955,0.947879759519038,0.05511069241639177,0.0019839849272226683,
economic_medium_capacity,w01,2026-01-21,2026-01-22,2026-01-28,603920,0.036000000000000004,0.9478837675350701,0.12116740449253971,0.00436202656173143,
economic_medium_capacity,w01,2026-01-21,2026-01-22,2026-01-28,601179,0.036000000000000004,0.9476833667334669,-0.04738154613466328,-0.0017057356608478783,
economic_medium_capacity,w01,2026-01-21,2026-01-22,2026-01-28,000426,0.036000000000000004,0.9477234468937875,0.2693726937269372,0.00969741697416974,
economic_medium_capacity,w01,2026-01-21,2026-01-22,2026-01-28,688778,0.036000000000000004,0.9477755511022043,-0.03570293463290608,-0.001285305646784619,
economic_medium_capacity,w01,2026-01-21,2026-01-22,2026-01-28,300751,0.036000000000000004,0.9479599198396793,0.38775344687753455,0.013959124087591245,
economic_medium_capacity,w01,2026-01-21,2026-01-22,2026-01-28,002195,0.036000000000000004,0.9479038076152304,0.018750000000000044,0.0006750000000000017,
economic_medium_capacity,w01,2026-01-21,2026-01-22,2026-01-28,688387,0.036000000000000004,0.9479358717434869,0.01025641025641022,0.00036923076923076796,
economic_medium_capacity,w01,2026-01-21,2026-01-22,2026-01-28,300857,0.036000000000000004,0.947939879759519,0.13692988254436367,0.004929475771597093,
economic_medium_capacity,w01,2026-01-21,2026-01-22,2026-01-28,301611,0.036000000000000004,0.947943887775551,-0.09694430398035103,-0.0034899949432926377,
economic_medium_capacity,w01,2026-01-21,2026-01-22,2026-01-28,002185,0.036000000000000004,0.9797815631262525,0.07193229901269382,0.002589562764456978,
economic_medium_capacity,w01,2026-01-21,2026-01-22,2026-01-28,603179,0.03333333331223356,0.9476072144288576,-0.0643080124869927,-0.0021436004148762053,
economic_medium_capacity,w01,2026-01-21,2026-01-22,2026-01-28,688281,0.02666666664978681,0.9475871743486973,-0.02371807182638752,-0.0006324819149699763,
economic_medium_capacity,w01,2026-01-21,2026-01-22,2026-01-28,000559,0.019999999987340117,0.9475310621242484,-0.11266201395812558,-0.002253240277736224,
economic_medium_capacity,w01,2026-01-21,2026-01-22,2026-01-28,000987,0.013333333324893405,0.947507014028056,-0.024390243902439046,-0.0003252032518266687,
economic_medium_capacity,w01,2026-01-21,2026-01-22,2026-01-28,688615,0.0066666666624467024,0.9474869739478957,-0.03073000536768644,-0.00020486670232156343,
recent_compact_capacity,w01,2026-01-21,2026-01-22,2026-01-28,601212,0.032972380952380954,0.9972244488977955,0.6114352392065345,0.02016047563482803,
recent_compact_capacity,w01,2026-01-21,2026-01-22,2026-01-28,002044,0.032972380952380954,0.9743887775551102,-0.06896551724137934,-0.0022739573070607562,
recent_compact_capacity,w01,2026-01-21,2026-01-22,2026-01-28,603650,0.032972380952380954,0.9302605210420841,-0.0508934269304403,-0.0016780774607226417,
recent_compact_capacity,w01,2026-01-21,2026-01-22,2026-01-28,000830,0.032972380952380954,0.934749498997996,0.03850102669404509,0.0012694705192138431,
recent_compact_capacity,w01,2026-01-21,2026-01-22,2026-01-28,600637,0.032972380952380954,0.9408517034068136,-0.009401709401709368,-0.0003099967439967429,
recent_compact_capacity,w01,2026-01-21,2026-01-22,2026-01-28,600435,0.032972380952380954,0.941312625250501,-0.005247813411078717,-0.0001730329029571012,
recent_compact_capacity,w01,2026-01-21,2026-01-22,2026-01-28,002851,0.032972380952380954,0.9945591182364729,0.22248572683355294,0.007335884141623273,
recent_compact_capacity,w01,2026-01-21,2026-01-22,2026-01-28,000960,0.032972380952380954,0.9617234468937875,0.14387080988500123,0.004743763151455836,
recent_compact_capacity,w01,2026-01-21,2026-01-22,2026-01-28,600498,0.032972380952380954,0.9632865731462925,0.10385351188849401,0.0034242975572300488,
recent_compact_capacity,w01,2026-01-21,2026-01-22,2026-01-28,688037,0.032972380952380954,0.9734869739478957,0.05511069241639177,0.0018171307449027616,
recent_compact_capacity,w01,2026-01-21,2026-01-22,2026-01-28,002195,0.032972380952380954,0.9617034068136271,0.018750000000000044,0.0006182321428571443,
recent_compact_capacity,w01,2026-01-21,2026-01-22,2026-01-28,601106,0.032972380952380954,0.9770541082164328,0.0949494949494949,0.003130710918710917,
recent_compact_capacity,w01,2026-01-21,2026-01-22,2026-01-28,001389,0.032972380952380954,0.978196392785571,0.08595958538372939,0.0028342921957810433,
recent_compact_capacity,w01,2026-01-21,2026-01-22,2026-01-28,688281,0.032972380952380954,0.9921142284569138,-0.02371807182638752,-0.0007820412997155832,
recent_compact_capacity,w01,2026-01-21,2026-01-22,2026-01-28,002156,0.032972380952380954,0.9917635270541082,-0.03564427018356797,-0.001175276455262197,
recent_compact_capacity,w01,2026-01-21,2026-01-22,2026-01-28,301200,0.032972380952380954,0.9894288577154308,0.02795339035577027,0.0009216898357210691,
recent_compact_capacity,w01,2026-01-21,2026-01-22,2026-01-28,300757,0.032972380952380954,0.9863026052104208,0.036746268656716374,0.0012116119687277883,
recent_compact_capacity,w01,2026-01-21,2026-01-22,2026-01-28,002153,0.032972380952380954,0.9299699398797596,-0.05962643678160917,-0.001966025588396277,
recent_compact_capacity,w01,2026-01-21,2026-01-22,2026-01-28,688234,0.032972380952380954,0.9842985971943887,-0.16486392184228893,-0.00543595603628751,
recent_compact_capacity,w01,2026-01-21,2026-01-22,2026-01-28,000657,0.032972380952380954,0.982254509018036,0.25431861804222655,0.008385490357371359,
recent_compact_capacity,w01,2026-01-21,2026-01-22,2026-01-28,600549,0.032972380952380954,0.9802605210420842,0.10067796610169477,0.003319592251815976,
recent_compact_capacity,w01,2026-01-21,2026-01-22,2026-01-28,603920,0.030758,0.9520140280561121,0.12116740449253971,0.0037268670273815363,
recent_compact_capacity,w01,2026-01-21,2026-01-22,2026-01-28,002353,0.030758,0.9486573146292584,0.03704118173679505,0.001139312667860342,
recent_compact_capacity,w01,2026-01-21,2026-01-22,2026-01-28,002064,0.030758,0.9476553106212424,0.0253353204172877,0.000779263785394935,
recent_compact_capacity,w01,2026-01-21,2026-01-22,2026-01-28,002738,0.030758,0.9523046092184368,0.027391304347825995,0.0008425017391304319,
recent_compact_capacity,w01,2026-01-21,2026-01-22,2026-01-28,600497,0.030758,0.9428857715430861,0.21583514099783074,0.006638657266811278,
recent_compact_capacity,w01,2026-01-21,2026-01-22,2026-01-28,600988,0.030758,0.9426553106212425,0.22063037249283668,0.0067861489971346705,
recent_compact_capacity,w01,2026-01-21,2026-01-22,2026-01-28,300346,0.030758,0.9536072144288577,-0.04086970737289519,-0.0012570704593755104,
recent_compact_capacity,w01,2026-01-21,2026-01-22,2026-01-28,600295,0.030758,0.939749498997996,-0.01850670070197824,-0.0005692291001914467,
recent_compact_capacity,w01,2026-01-21,2026-01-22,2026-01-28,300567,0.030758,0.930380761523046,-0.029791721592407172,-0.0009163337727392598,
recent_compact_capacity,w01,2026-01-21,2026-01-22,2026-01-28,002025,0.030758,0.9449899799599198,-0.005152671755725091,-0.00015848587786259236,
recent_compact_current,w01,2026-01-21,2026-01-22,2026-01-28,002465,0.027027027027027035,0.9964929859719439,-0.02655367231638417,-0.0007176668193617345,
recent_compact_current,w01,2026-01-21,2026-01-22,2026-01-28,002414,0.027027027027027035,0.9402304609218436,0.07285546415981203,0.0019690665989138393,
recent_compact_current,w01,2026-01-21,2026-01-22,2026-01-28,000021,0.027027027027027035,0.9399298597194389,-0.025122549019607865,-0.0006789878113407533,
recent_compact_current,w01,2026-01-21,2026-01-22,2026-01-28,000703,0.027027027027027035,0.9363727454909819,0.049165935030728525,0.001328809054884555,
recent_compact_current,w01,2026-01-21,2026-01-22,2026-01-28,300627,0.027027027027027035,0.935871743486974,0.004828462515882981,0.00013049898691575628,
recent_compact_current,w01,2026-01-21,2026-01-22,2026-01-28,000559,0.027027027027027035,0.9337174348697395,-0.11266201395812558,-0.0030449192961655575,
recent_compact_current,w01,2026-01-21,2026-01-22,2026-01-28,688017,0.027027027027027035,0.9331162324649298,-0.020744186046511626,-0.0005606536769327468,
recent_compact_current,w01,2026-01-21,2026-01-22,2026-01-28,600435,0.027027027027027035,0.92750501002004,-0.005247813411078717,-0.00014183279489401942,
recent_compact_current,w01,2026-01-21,2026-01-22,2026-01-28,600295,0.027027027027027035,0.9251503006012023,-0.01850670070197824,-0.0005001811000534661,
recent_compact_current,w01,2026-01-21,2026-01-22,2026-01-28,002008,0.027027027027027035,0.9243486973947896,0.04847144006436044,0.0013100389206583906,
recent_compact_current,w01,2026-01-21,2026-01-22,2026-01-28,600141,0.027027027027027035,0.9164829659318638,0.04800768122899668,0.0012975048980809918,
recent_compact_current,w01,2026-01-21,2026-01-22,2026-01-28,002064,0.027027027027027035,0.9161322645290582,0.0253353204172877,0.0006847383896564245,
recent_compact_current,w01,2026-01-21,2026-01-22,2026-01-28,001389,0.027027027027027035,0.9160821643286574,0.08595958538372939,0.002323232037398092,
recent_compact_current,w01,2026-01-21,2026-01-22,2026-01-28,688387,0.027027027027027035,0.9132765531062124,0.01025641025641022,0.0002772002772002763,
recent_compact_current,w01,2026-01-21,2026-01-22,2026-01-28,605358,0.027027027027027035,0.9115731462925851,0.0610849056603775,0.0016509433962264193,
recent_compact_current,w01,2026-01-21,2026-01-22,2026-01-28,600580,0.027027027027027035,0.910120240480962,-0.06899453092132946,-0.0018647170519278237,
recent_compact_current,w01,2026-01-21,2026-01-22,2026-01-28,688266,0.027027027027027035,0.905561122244489,-0.00603095129722353,-0.0001629986837087441,
recent_compact_current,w01,2026-01-21,2026-01-22,2026-01-28,600988,0.027027027027027035,0.940180360721443,0.22063037249283668,0.005962983040346939,
recent_compact_current,w01,2026-01-21,2026-01-22,2026-01-28,688563,0.027027027027027035,0.9437875751503005,0.08045801526717544,0.0021745409531669043,
recent_compact_current,w01,2026-01-21,2026-01-22,2026-01-28,601212,0.027027027027027035,0.9943386773547094,0.6114352392065345,0.01652527673531175,
recent_compact_current,w01,2026-01-21,2026-01-22,2026-01-28,002153,0.027027027027027035,0.9452905811623247,-0.05962643678160917,-0.00161152531842187,
recent_compact_current,w01,2026-01-21,2026-01-22,2026-01-28,688037,0.027027027027027035,0.993436873747495,0.05511069241639177,0.0014894781734159943,
recent_compact_current,w01,2026-01-21,2026-01-22,2026-01-28,601106,0.027027027027027035,0.9871743486973948,0.0949494949494949,0.0025662025662025654,
recent_compact_current,w01,2026-01-21,2026-01-22,2026-01-28,300757,0.027027027027027035,0.9866733466933867,0.036746268656716374,0.0009931423961274698,
recent_compact_current,w01,2026-01-21,2026-01-22,2026-01-28,688234,0.027027027027027035,0.9861723446893789,-0.16486392184228893,-0.004455781671413216,
recent_compact_current,w01,2026-01-21,2026-01-22,2026-01-28,002044,0.027027027027027035,0.9846693386773547,-0.06896551724137934,-0.0018639328984156583,
recent_compact_current,w01,2026-01-21,2026-01-22,2026-01-28,002156,0.027027027027027035,0.9837675350701403,-0.03564427018356797,-0.0009633586536099455,
recent_compact_current,w01,2026-01-21,2026-01-22,2026-01-28,600498,0.027027027027027035,0.982064128256513,0.10385351188849401,0.002806851672662001,
recent_compact_current,w01,2026-01-21,2026-01-22,2026-01-28,002195,0.027027027027027035,0.9814629258517035,0.018750000000000044,0.0005067567567567581,
recent_compact_current,w01,2026-01-21,2026-01-22,2026-01-28,002851,0.027027027027027035,0.972745490981964,0.22248572683355294,0.00601312775225819,
recent_compact_current,w01,2026-01-21,2026-01-22,2026-01-28,002025,0.027027027027027035,0.96437875751503,-0.005152671755725091,-0.0001392613988033809,
recent_compact_current,w01,2026-01-21,2026-01-22,2026-01-28,002436,0.027027027027027035,0.9632264529058117,-0.040471512770137386,-0.001093824669463173,
recent_compact_current,w01,2026-01-21,2026-01-22,2026-01-28,301200,0.027027027027027035,0.9615731462925852,0.02795339035577027,0.0007554970366424399,
recent_compact_current,w01,2026-01-21,2026-01-22,2026-01-28,688281,0.027027027027027035,0.9555110220440881,-0.02371807182638752,-0.000641028968280744,
recent_compact_current,w01,2026-01-21,2026-01-22,2026-01-28,600487,0.027027027027027035,0.9489478957915831,0.20200214515552384,0.005459517436635781,
recent_compact_current,w01,2026-01-21,2026-01-22,2026-01-28,603920,0.027027027027027035,0.9477454909819639,0.12116740449253971,0.0032747947160145876,
recent_compact_current,w01,2026-01-21,2026-01-22,2026-01-28,000657,0.027027027027027035,0.9052104208416833,0.25431861804222655,0.006873476163303423,
short_aggressive_compact_capacity,w01,2026-01-21,2026-01-22,2026-01-28,688281,0.03225806451612904,0.9946813627254508,-0.02371807182638752,-0.0007650990911737912,
short_aggressive_compact_capacity,w01,2026-01-21,2026-01-22,2026-01-28,601106,0.03225806451612904,0.9465140280561122,0.0949494949494949,0.0030628869338546745,
short_aggressive_compact_capacity,w01,2026-01-21,2026-01-22,2026-01-28,688525,0.03225806451612904,0.9275350701402806,0.005200672410170082,0.0001677636261345188,
short_aggressive_compact_capacity,w01,2026-01-21,2026-01-22,2026-01-28,000021,0.03225806451612904,0.9278937875751504,-0.025122549019607865,-0.0008104048070841248,
short_aggressive_compact_capacity,w01,2026-01-21,2026-01-22,2026-01-28,002025,0.03225806451612904,0.9297124248496994,-0.005152671755725091,-0.00016621521792661587,
short_aggressive_compact_capacity,w01,2026-01-21,2026-01-22,2026-01-28,688615,0.03225806451612904,0.9311573146292584,-0.03073000536768644,-0.000991290495731821,
short_aggressive_compact_capacity,w01,2026-01-21,2026-01-22,2026-01-28,002851,0.03225806451612904,0.9363797595190381,0.22248572683355294,0.007176958930114613,
short_aggressive_compact_capacity,w01,2026-01-21,2026-01-22,2026-01-28,300699,0.03225806451612904,0.9386022044088177,0.032562764106388364,0.0010504117453673668,
short_aggressive_compact_capacity,w01,2026-01-21,2026-01-22,2026-01-28,002202,0.03225806451612904,0.9388176352705411,0.08880157170923386,0.0028645668293301252,
short_aggressive_compact_capacity,w01,2026-01-21,2026-01-22,2026-01-28,000878,0.03225806451612904,0.9413376753507015,0.20080681308830117,0.006477639131880684,
short_aggressive_compact_capacity,w01,2026-01-21,2026-01-22,2026-01-28,688172,0.03225806451612904,0.9429959919839679,0.28113879003558706,0.009068993226954423,
short_aggressive_compact_capacity,w01,2026-01-21,2026-01-22,2026-01-28,603179,0.03225806451612904,0.9433286573146292,-0.0643080124869927,-0.002074452015709442,
short_aggressive_compact_capacity,w01,2026-01-21,2026-01-22,2026-01-28,000657,0.03225806451612904,0.9440370741482966,0.25431861804222655,0.008203826388458922,
short_aggressive_compact_capacity,w01,2026-01-21,2026-01-22,2026-01-28,688568,0.03225806451612904,0.9455991983967935,0.00612244897959191,0.00019749835418038424,
short_aggressive_compact_capacity,w01,2026-01-21,2026-01-22,2026-01-28,688777,0.03225806451612904,0.9459549098196393,0.20149899106370728,0.006499967453667978,
short_aggressive_compact_capacity,w01,2026-01-21,2026-01-22,2026-01-28,002195,0.03225806451612904,0.9495340681362725,0.018750000000000044,0.0006048387096774209,
short_aggressive_compact_capacity,w01,2026-01-21,2026-01-22,2026-01-28,301200,0.03225806451612904,0.993190380761523,0.02795339035577027,0.0009017222695409765,
short_aggressive_compact_capacity,w01,2026-01-21,2026-01-22,2026-01-28,300757,0.03225806451612904,0.9543066132264529,0.036746268656716374,0.0011853635050553671,
short_aggressive_compact_capacity,w01,2026-01-21,2026-01-22,2026-01-28,300751,0.03225806451612904,0.954502004008016,0.38775344687753455,0.012508175705726923,
short_aggressive_compact_capacity,w01,2026-01-21,2026-01-22,2026-01-28,601212,0.03225806451612904,0.954565130260521,0.6114352392065345,0.019723717393759183,
short_aggressive_compact_capacity,w01,2026-01-21,2026-01-22,2026-01-28,002414,0.03225806451612904,0.9546773547094188,0.07285546415981203,0.0023501762632197436,
short_aggressive_compact_capacity,w01,2026-01-21,2026-01-22,2026-01-28,002008,0.03225806451612904,0.9615961923847696,0.04847144006436044,0.001563594840785821,
short_aggressive_compact_capacity,w01,2026-01-21,2026-01-22,2026-01-28,300058,0.03225806451612904,0.9623987975951904,0.09227467811158796,0.0029766025197286443,
short_aggressive_compact_capacity,w01,2026-01-21,2026-01-22,2026-01-28,300857,0.03225806451612904,0.9630591182364729,0.13692988254436367,0.004417092985302054,
short_aggressive_compact_capacity,w01,2026-01-21,2026-01-22,2026-01-28,688563,0.03225806451612904,0.9743847695390782,0.08045801526717544,0.0025954198473282404,
short_aggressive_compact_capacity,w01,2026-01-21,2026-01-22,2026-01-28,688234,0.03225806451612904,0.9791623246492986,-0.16486392184228893,-0.005318191027170612,
short_aggressive_compact_capacity,w01,2026-01-21,2026-01-22,2026-01-28,002465,0.03225806451612904,0.9815270541082164,-0.02655367231638417,-0.0008565700747220702,
short_aggressive_compact_capacity,w01,2026-01-21,2026-01-22,2026-01-28,002044,0.03225806451612904,0.9862995991983967,-0.06896551724137934,-0.002224694104560624,
short_aggressive_compact_capacity,w01,2026-01-21,2026-01-22,2026-01-28,688037,0.03225806451612904,0.9878717434869739,0.05511069241639177,0.0017777642714965091,
short_aggressive_compact_capacity,w01,2026-01-21,2026-01-22,2026-01-28,688387,0.03225806451612904,0.9896523046092184,0.01025641025641022,0.0003308519437551684,
short_aggressive_compact_capacity,w01,2026-01-21,2026-01-22,2026-01-28,002409,0.03225806451612904,0.926184368737475,0.009165808444902224,0.0002956712401581363,
short_aggressive_medium_capacity,w01,2026-01-21,2026-01-22,2026-01-28,688281,0.03225806451612904,0.9946813627254508,-0.02371807182638752,-0.0007650990911737912,
short_aggressive_medium_capacity,w01,2026-01-21,2026-01-22,2026-01-28,601106,0.03225806451612904,0.9465140280561122,0.0949494949494949,0.0030628869338546745,
short_aggressive_medium_capacity,w01,2026-01-21,2026-01-22,2026-01-28,688525,0.03225806451612904,0.9275350701402806,0.005200672410170082,0.0001677636261345188,
short_aggressive_medium_capacity,w01,2026-01-21,2026-01-22,2026-01-28,000021,0.03225806451612904,0.9278937875751504,-0.025122549019607865,-0.0008104048070841248,
short_aggressive_medium_capacity,w01,2026-01-21,2026-01-22,2026-01-28,002025,0.03225806451612904,0.9297124248496994,-0.005152671755725091,-0.00016621521792661587,
short_aggressive_medium_capacity,w01,2026-01-21,2026-01-22,2026-01-28,688615,0.03225806451612904,0.9311573146292584,-0.03073000536768644,-0.000991290495731821,
short_aggressive_medium_capacity,w01,2026-01-21,2026-01-22,2026-01-28,002851,0.03225806451612904,0.9363797595190381,0.22248572683355294,0.007176958930114613,
short_aggressive_medium_capacity,w01,2026-01-21,2026-01-22,2026-01-28,300699,0.03225806451612904,0.9386022044088177,0.032562764106388364,0.0010504117453673668,
short_aggressive_medium_capacity,w01,2026-01-21,2026-01-22,2026-01-28,002202,0.03225806451612904,0.9388176352705411,0.08880157170923386,0.0028645668293301252,
short_aggressive_medium_capacity,w01,2026-01-21,2026-01-22,2026-01-28,000878,0.03225806451612904,0.9413376753507015,0.20080681308830117,0.006477639131880684,
short_aggressive_medium_capacity,w01,2026-01-21,2026-01-22,2026-01-28,688172,0.03225806451612904,0.9429959919839679,0.28113879003558706,0.009068993226954423,
short_aggressive_medium_capacity,w01,2026-01-21,2026-01-22,2026-01-28,603179,0.03225806451612904,0.9433286573146292,-0.0643080124869927,-0.002074452015709442,
short_aggressive_medium_capacity,w01,2026-01-21,2026-01-22,2026-01-28,000657,0.03225806451612904,0.9440370741482966,0.25431861804222655,0.008203826388458922,
short_aggressive_medium_capacity,w01,2026-01-21,2026-01-22,2026-01-28,688568,0.03225806451612904,0.9455991983967935,0.00612244897959191,0.00019749835418038424,
short_aggressive_medium_capacity,w01,2026-01-21,2026-01-22,2026-01-28,688777,0.03225806451612904,0.9459549098196393,0.20149899106370728,0.006499967453667978,
short_aggressive_medium_capacity,w01,2026-01-21,2026-01-22,2026-01-28,002195,0.03225806451612904,0.9495340681362725,0.018750000000000044,0.0006048387096774209,
short_aggressive_medium_capacity,w01,2026-01-21,2026-01-22,2026-01-28,301200,0.03225806451612904,0.993190380761523,0.02795339035577027,0.0009017222695409765,
short_aggressive_medium_capacity,w01,2026-01-21,2026-01-22,2026-01-28,300757,0.03225806451612904,0.9543066132264529,0.036746268656716374,0.0011853635050553671,
short_aggressive_medium_capacity,w01,2026-01-21,2026-01-22,2026-01-28,300751,0.03225806451612904,0.954502004008016,0.38775344687753455,0.012508175705726923,
short_aggressive_medium_capacity,w01,2026-01-21,2026-01-22,2026-01-28,601212,0.03225806451612904,0.954565130260521,0.6114352392065345,0.019723717393759183,
short_aggressive_medium_capacity,w01,2026-01-21,2026-01-22,2026-01-28,002414,0.03225806451612904,0.9546773547094188,0.07285546415981203,0.0023501762632197436,
short_aggressive_medium_capacity,w01,2026-01-21,2026-01-22,2026-01-28,002008,0.03225806451612904,0.9615961923847696,0.04847144006436044,0.001563594840785821,
short_aggressive_medium_capacity,w01,2026-01-21,2026-01-22,2026-01-28,300058,0.03225806451612904,0.9623987975951904,0.09227467811158796,0.0029766025197286443,
short_aggressive_medium_capacity,w01,2026-01-21,2026-01-22,2026-01-28,300857,0.03225806451612904,0.9630591182364729,0.13692988254436367,0.004417092985302054,
short_aggressive_medium_capacity,w01,2026-01-21,2026-01-22,2026-01-28,688563,0.03225806451612904,0.9743847695390782,0.08045801526717544,0.0025954198473282404,
short_aggressive_medium_capacity,w01,2026-01-21,2026-01-22,2026-01-28,688234,0.03225806451612904,0.9791623246492986,-0.16486392184228893,-0.005318191027170612,
short_aggressive_medium_capacity,w01,2026-01-21,2026-01-22,2026-01-28,002465,0.03225806451612904,0.9815270541082164,-0.02655367231638417,-0.0008565700747220702,
short_aggressive_medium_capacity,w01,2026-01-21,2026-01-22,2026-01-28,002044,0.03225806451612904,0.9862995991983967,-0.06896551724137934,-0.002224694104560624,
short_aggressive_medium_capacity,w01,2026-01-21,2026-01-22,2026-01-28,688037,0.03225806451612904,0.9878717434869739,0.05511069241639177,0.0017777642714965091,
short_aggressive_medium_capacity,w01,2026-01-21,2026-01-22,2026-01-28,688387,0.03225806451612904,0.9896523046092184,0.01025641025641022,0.0003308519437551684,
short_aggressive_medium_capacity,w01,2026-01-21,2026-01-22,2026-01-28,002409,0.03225806451612904,0.926184368737475,0.009165808444902224,0.0002956712401581363,
short_aggressive_wide_capacity,w01,2026-01-21,2026-01-22,2026-01-28,002044,0.036000000004219955,0.9896052104208417,-0.06896551724137934,-0.0024827586209806877,
short_aggressive_wide_capacity,w01,2026-01-21,2026-01-22,2026-01-28,601212,0.036000000004219955,0.9682615230460921,0.6114352392065345,0.022011668614015472,
short_aggressive_wide_capacity,w01,2026-01-21,2026-01-22,2026-01-28,002195,0.036000000004219955,0.9844078156312626,0.018750000000000044,0.0006750000000791258,
short_aggressive_wide_capacity,w01,2026-01-21,2026-01-22,2026-01-28,603920,0.036000000004219955,0.9541032064128256,0.12116740449253971,0.00436202656224275,
short_aggressive_wide_capacity,w01,2026-01-21,2026-01-22,2026-01-28,688281,0.036000000004219955,0.9572645290581163,-0.02371807182638752,-0.00085385058585004,
short_aggressive_wide_capacity,w01,2026-01-21,2026-01-22,2026-01-28,002409,0.036000000004219955,0.9580951903807615,0.009165808444902224,0.00032996910405515934,
short_aggressive_wide_capacity,w01,2026-01-21,2026-01-22,2026-01-28,688525,0.036000000004219955,0.959056112224449,0.005200672410170082,0.00018722420678806955,
short_aggressive_wide_capacity,w01,2026-01-21,2026-01-22,2026-01-28,688563,0.036000000004219955,0.9638466933867735,0.08045801526717544,0.0028964885499578453,
short_aggressive_wide_capacity,w01,2026-01-21,2026-01-22,2026-01-28,002156,0.036000000004219955,0.9698256513026051,-0.03564427018356797,-0.0012831937267588642,
short_aggressive_wide_capacity,w01,2026-01-21,2026-01-22,2026-01-28,000878,0.036000000004219955,0.973882765531062,0.20080681308830117,0.007229045272026238,
short_aggressive_wide_capacity,w01,2026-01-21,2026-01-22,2026-01-28,000657,0.036000000004219955,0.9740781563126252,0.25431861804222655,0.00915547025059337,
short_aggressive_wide_capacity,w01,2026-01-21,2026-01-22,2026-01-28,002025,0.036000000004219955,0.9766362725450901,-0.005152671755725091,-0.00018549618322784734,
short_aggressive_wide_capacity,w01,2026-01-21,2026-01-22,2026-01-28,688037,0.036000000004219955,0.9821432865731463,0.05511069241639177,0.0019839849272226683,
short_aggressive_wide_capacity,w01,2026-01-21,2026-01-22,2026-01-28,002465,0.036000000004219955,0.9834629258517034,-0.02655367231638417,-0.0009559322035018854,
short_aggressive_wide_capacity,w01,2026-01-21,2026-01-22,2026-01-28,300857,0.036000000004219955,0.9228216432865731,0.13692988254436367,0.00492947577217493,
short_aggressive_wide_capacity,w01,2026-01-21,2026-01-22,2026-01-28,600498,0.036000000000000004,0.9237174348697395,0.10385351188849401,0.0037387264279857848,
short_aggressive_wide_capacity,w01,2026-01-21,2026-01-22,2026-01-28,688629,0.036000000000000004,0.9152615230460923,-0.0010978043912175384,-3.952095808383139e-05,
short_aggressive_wide_capacity,w01,2026-01-21,2026-01-22,2026-01-28,688568,0.036000000000000004,0.9192204408817635,0.00612244897959191,0.00022040816326530878,
short_aggressive_wide_capacity,w01,2026-01-21,2026-01-22,2026-01-28,300699,0.036000000000000004,0.9194809619238477,0.032562764106388364,0.0011722595078299813,
short_aggressive_wide_capacity,w01,2026-01-21,2026-01-22,2026-01-28,301200,0.036000000000000004,0.9455501002004008,0.02795339035577027,0.0010063220528077298,
short_aggressive_wide_capacity,w01,2026-01-21,2026-01-22,2026-01-28,300724,0.036000000000000004,0.9242555110220441,0.19867611411523378,0.007152340108148417,
short_aggressive_wide_capacity,w01,2026-01-21,2026-01-22,2026-01-28,002340,0.036000000000000004,0.9302184368737475,0.05355191256830594,0.0019278688524590139,
short_aggressive_wide_capacity,w01,2026-01-21,2026-01-22,2026-01-28,603179,0.036000000000000004,0.9305280561122244,-0.0643080124869927,-0.0023150884495317372,
short_aggressive_wide_capacity,w01,2026-01-21,2026-01-22,2026-01-28,000559,0.036000000000000004,0.9398957915831663,-0.11266201395812558,-0.004055832502492521,
short_aggressive_wide_capacity,w01,2026-01-21,2026-01-22,2026-01-28,688615,0.036000000000000004,0.9532725450901802,-0.03073000536768644,-0.001106280193236712,
short_aggressive_wide_capacity,w01,2026-01-21,2026-01-22,2026-01-28,600487,0.03333333331223356,0.9150981963927856,0.20200214515552384,0.006733404834255261,
short_aggressive_wide_capacity,w01,2026-01-21,2026-01-22,2026-01-28,688387,0.02666666664978681,0.9134529058116233,0.01025641025641022,0.0002735042733311458,
short_aggressive_wide_capacity,w01,2026-01-21,2026-01-22,2026-01-28,002202,0.019999999987340117,0.9124919839679358,0.08880157170923386,0.0017760314330604596,
short_aggressive_wide_capacity,w01,2026-01-21,2026-01-22,2026-01-28,300604,0.013333333324893405,0.9113997995991984,-0.04264069264069259,-0.0005685425681826835,
short_aggressive_wide_capacity,w01,2026-01-21,2026-01-22,2026-01-28,600765,0.0066666666624467024,0.9107815631262526,0.027706516162134598,0.00018471010763064348,
stable_compact_capacity,w01,2026-01-21,2026-01-22,2026-01-28,688037,0.030303030303030304,0.9977074148296593,0.05511069241639177,0.0016700209823149023,
stable_compact_capacity,w01,2026-01-21,2026-01-22,2026-01-28,300751,0.030303030303030304,0.9580120240480962,0.38775344687753455,0.011750104450834381,
stable_compact_capacity,w01,2026-01-21,2026-01-22,2026-01-28,300450,0.030303030303030304,0.9281643286573147,0.010015277542013257,0.00030349325884888656,
stable_compact_capacity,w01,2026-01-21,2026-01-22,2026-01-28,605358,0.030303030303030304,0.9290220440881763,0.0610849056603775,0.0018510577472841665,
stable_compact_capacity,w01,2026-01-21,2026-01-22,2026-01-28,002436,0.030303030303030304,0.9327214428857715,-0.040471512770137386,-0.001226409477882951,
stable_compact_capacity,w01,2026-01-21,2026-01-22,2026-01-28,300432,0.030303030303030304,0.936180360721443,-0.08329075114971896,-0.0025239621560520895,
stable_compact_capacity,w01,2026-01-21,2026-01-22,2026-01-28,688183,0.030303030303030304,0.9373026052104209,0.004741890289901907,0.00014369364514854263,
stable_compact_capacity,w01,2026-01-21,2026-01-22,2026-01-28,688027,0.030303030303030304,0.9374108216432866,0.08294071789309565,0.0025133550876695653,
stable_compact_capacity,w01,2026-01-21,2026-01-22,2026-01-28,002202,0.030303030303030304,0.9401643286573147,0.08880157170923386,0.002690956718461632,
stable_compact_capacity,w01,2026-01-21,2026-01-22,2026-01-28,688375,0.030303030303030304,0.9432224448897795,0.05498085851592416,0.0016660866216946714,
stable_compact_capacity,w01,2026-01-21,2026-01-22,2026-01-28,300037,0.030303030303030304,0.9440641282565131,-0.06809406809406804,-0.002063456608911153,
stable_compact_capacity,w01,2026-01-21,2026-01-22,2026-01-28,601611,0.030303030303030304,0.944569138276553,-0.02437538086532598,-0.0007386479050098782,
stable_compact_capacity,w01,2026-01-21,2026-01-22,2026-01-28,688615,0.030303030303030304,0.9470741482965932,-0.03073000536768644,-0.0009312122838692861,
stable_compact_capacity,w01,2026-01-21,2026-01-22,2026-01-28,002465,0.030303030303030304,0.9481523046092184,-0.02655367231638417,-0.0008046567368601264,
stable_compact_capacity,w01,2026-01-21,2026-01-22,2026-01-28,001389,0.030303030303030304,0.9507815631262524,0.08595958538372939,0.0026048359207190724,
stable_compact_capacity,w01,2026-01-21,2026-01-22,2026-01-28,603650,0.030303030303030304,0.9517274549098196,-0.0508934269304403,-0.001542225058498191,
stable_compact_capacity,w01,2026-01-21,2026-01-22,2026-01-28,688568,0.030303030303030304,0.9592945891783567,0.00612244897959191,0.00018552875695733063,
stable_compact_capacity,w01,2026-01-21,2026-01-22,2026-01-28,601212,0.030303030303030304,0.9965851703406814,0.6114352392065345,0.0185283405820162,
stable_compact_capacity,w01,2026-01-21,2026-01-22,2026-01-28,688122,0.030303030303030304,0.9604048096192385,0.029566210045662178,0.0008959457589594599,
stable_compact_capacity,w01,2026-01-21,2026-01-22,2026-01-28,603920,0.030303030303030304,0.960689378757515,0.12116740449253971,0.003671739530076961,
stable_compact_capacity,w01,2026-01-21,2026-01-22,2026-01-28,688777,0.030303030303030304,0.9616352705410822,0.20149899106370728,0.006106030032233554,
stable_compact_capacity,w01,2026-01-21,2026-01-22,2026-01-28,601106,0.030303030303030304,0.9661963927855711,0.0949494949494949,0.0028772574227119664,
stable_compact_capacity,w01,2026-01-21,2026-01-22,2026-01-28,688281,0.030303030303030304,0.9681322645290581,-0.02371807182638752,-0.0007187294492844704,
stable_compact_capacity,w01,2026-01-21,2026-01-22,2026-01-28,000657,0.030303030303030304,0.9744769539078156,0.25431861804222655,0.007706624789158381,
stable_compact_capacity,w01,2026-01-21,2026-01-22,2026-01-28,002044,0.030303030303030304,0.9760400801603206,-0.06896551724137934,-0.002089864158829677,
stable_compact_capacity,w01,2026-01-21,2026-01-22,2026-01-28,002195,0.030303030303030304,0.9781763527054108,0.018750000000000044,0.0005681818181818196,
stable_compact_capacity,w01,2026-01-21,2026-01-22,2026-01-28,300757,0.030303030303030304,0.980312625250501,0.036746268656716374,0.001113523292627769,
stable_compact_capacity,w01,2026-01-21,2026-01-22,2026-01-28,301200,0.030303030303030304,0.9874028056112224,0.02795339035577027,0.0008470724350233415,
stable_compact_capacity,w01,2026-01-21,2026-01-22,2026-01-28,002156,0.030303030303030304,0.9900681362725451,-0.03564427018356797,-0.0010801293995020599,
stable_compact_capacity,w01,2026-01-21,2026-01-22,2026-01-28,600498,0.030303030303030304,0.9915430861723447,0.10385351188849401,0.003147076117833152,
stable_compact_capacity,w01,2026-01-21,2026-01-22,2026-01-28,688234,0.030303030303030304,0.9935470941883767,-0.16486392184228893,-0.004995876419463301,
stable_compact_capacity,w01,2026-01-21,2026-01-22,2026-01-28,002851,0.030303030303030304,0.9954188376753507,0.22248572683355294,0.0067419917222288775,
stable_compact_capacity,w01,2026-01-21,2026-01-22,2026-01-28,002153,0.030303030303030304,0.9272785571142285,-0.05962643678160917,-0.0018068617206548235,
stable_compact_current,w01,2026-01-21,2026-01-22,2026-01-28,688281,0.03253310000000001,0.9870440881763527,-0.02371807182638752,-0.0007716224025350481,
stable_compact_current,w01,2026-01-21,2026-01-22,2026-01-28,002851,0.03253310000000001,0.9636012024048096,0.22248572683355294,0.007238150399648664,
stable_compact_current,w01,2026-01-21,2026-01-22,2026-01-28,603920,0.03253310000000001,0.9125105210420842,0.12116740449253971,0.003941951287096245,
stable_compact_current,w01,2026-01-21,2026-01-22,2026-01-28,300223,0.03253310000000001,0.9136182364729459,0.12664222425908966,0.0041200641460433915,
stable_compact_current,w01,2026-01-21,2026-01-22,2026-01-28,601611,0.03253310000000001,0.9180325651302605,-0.02437538086532598,-0.0007930067032297369,
stable_compact_current,w01,2026-01-21,2026-01-22,2026-01-28,601212,0.03253310000000001,0.9801693386773547,0.6114352392065345,0.019891883780630115,
stable_compact_current,w01,2026-01-21,2026-01-22,2026-01-28,688234,0.03253310000000001,0.9584393787575151,-0.16486392184228893,-0.005363534455687371,
stable_compact_current,w01,2026-01-21,2026-01-22,2026-01-28,600498,0.03253310000000001,0.9591157314629258,0.10385351188849401,0.0033786766876195656,
stable_compact_current,w01,2026-01-21,2026-01-22,2026-01-28,002465,0.03253310000000001,0.9606192384769539,-0.02655367231638417,-0.0008638732768361581,
stable_compact_current,w01,2026-01-21,2026-01-22,2026-01-28,600637,0.03253310000000001,0.9617730460921844,-0.009401709401709368,-0.0003058667521367511,
stable_compact_current,w01,2026-01-21,2026-01-22,2026-01-28,688777,0.03253310000000001,0.9528587174348697,0.20149899106370728,0.006555386826174697,
stable_compact_current,w01,2026-01-21,2026-01-22,2026-01-28,300757,0.03253310000000001,0.9665140280561122,0.036746268656716374,0.00119547003283582,
stable_compact_current,w01,2026-01-21,2026-01-22,2026-01-28,300699,0.03253310000000001,0.9671673346693386,0.032562764106388364,0.0010593676609495437,
stable_compact_current,w01,2026-01-21,2026-01-22,2026-01-28,301200,0.03253310000000001,0.977256513026052,0.02795339035577027,0.00090941044378331,
stable_compact_current,w01,2026-01-21,2026-01-22,2026-01-28,002195,0.03253310000000001,0.9730390781563126,0.018750000000000044,0.0006099956250000016,
stable_compact_current,w01,2026-01-21,2026-01-22,2026-01-28,688037,0.03253310000000001,0.9718977955911823,0.05511069241639177,0.0017929216674517157,
stable_compact_current,w01,2026-01-21,2026-01-22,2026-01-28,688122,0.03253310000000001,0.9123346693386774,0.029566210045662178,0.0009618804680365325,
stable_compact_current,w01,2026-01-21,2026-01-22,2026-01-28,002044,0.03253310000000001,0.9714308617234468,-0.06896551724137934,-0.0022436620689655186,
stable_compact_current,w01,2026-01-21,2026-01-22,2026-01-28,000657,0.03253310000000001,0.9710120240480962,0.25431861804222655,0.008273773032629562,
stable_compact_current,w01,2026-01-21,2026-01-22,2026-01-28,601106,0.03253310000000001,0.9689724448897795,0.0949494949494949,0.003089001414141413,
stable_compact_current,w01,2026-01-21,2026-01-22,2026-01-28,603000,0.03175800000000001,0.9376788577154309,-0.05680425010216594,-0.0018039893747445865,
stable_compact_current,w01,2026-01-21,2026-01-22,2026-01-28,603179,0.03175800000000001,0.9302555110220441,-0.0643080124869927,-0.0020422938605619144,
stable_compact_current,w01,2026-01-21,2026-01-22,2026-01-28,688027,0.03175800000000001,0.9270390781563127,0.08294071789309565,0.0026340313188489323,
stable_compact_current,w01,2026-01-21,2026-01-22,2026-01-28,002153,0.03175800000000001,0.9226813627254509,-0.05962643678160917,-0.0018936163793103445,
stable_compact_current,w01,2026-01-21,2026-01-22,2026-01-28,688615,0.03175800000000001,0.9420115230460921,-0.03073000536768644,-0.0009759235104669862,
stable_compact_current,w01,2026-01-21,2026-01-22,2026-01-28,300857,0.03175800000000001,0.9205851703406813,0.13692988254436367,0.004348619209843902,
stable_compact_current,w01,2026-01-21,2026-01-22,2026-01-28,600549,0.03175800000000001,0.9197705410821644,0.10067796610169477,0.0031973308474576236,
stable_compact_current,w01,2026-01-21,2026-01-22,2026-01-28,001389,0.03175800000000001,0.916309118236473,0.08595958538372939,0.002729904512616479,
stable_compact_current,w01,2026-01-21,2026-01-22,2026-01-28,300285,0.03175800000000001,0.9125566132264529,-0.013975155279503215,-0.0004438229813664632,
stable_compact_current,w01,2026-01-21,2026-01-22,2026-01-28,002335,0.03175800000000001,0.9125460921843688,0.04567620286085816,0.0014505848504551338,
stable_compact_current,w01,2026-01-21,2026-01-22,2026-01-28,688172,0.03175800000000001,0.9217034068136272,0.28113879003558706,0.008928405693950175,
stable_extra_wide_capacity,w01,2026-01-21,2026-01-22,2026-01-28,601212,0.02173913043478261,0.9960020040080161,0.6114352392065345,0.013292070417533362,
stable_extra_wide_capacity,w01,2026-01-21,2026-01-22,2026-01-28,600363,0.02173913043478261,0.9075250501002006,-0.00870609426598612,-0.00018926291882578522,
stable_extra_wide_capacity,w01,2026-01-21,2026-01-22,2026-01-28,605358,0.02173913043478261,0.9232665330661323,0.0610849056603775,0.0013279327317473372,
stable_extra_wide_capacity,w01,2026-01-21,2026-01-22,2026-01-28,300450,0.02173913043478261,0.9215280561122245,0.010015277542013257,0.00021772342482637518,
stable_extra_wide_capacity,w01,2026-01-21,2026-01-22,2026-01-28,002335,0.02173913043478261,0.9201052104208418,0.04567620286085816,0.0009929609317577864,
stable_extra_wide_capacity,w01,2026-01-21,2026-01-22,2026-01-28,688122,0.02173913043478261,0.9167334669338678,0.029566210045662178,0.00064274369664483,
stable_extra_wide_capacity,w01,2026-01-21,2026-01-22,2026-01-28,301358,0.02173913043478261,0.9144889779559118,-0.054109689751507206,-0.001176297603293635,
stable_extra_wide_capacity,w01,2026-01-21,2026-01-22,2026-01-28,002436,0.02173913043478261,0.9138977955911824,-0.040471512770137386,-0.0008798154950029868,
stable_extra_wide_capacity,w01,2026-01-21,2026-01-22,2026-01-28,000426,0.02173913043478261,0.9126352705410822,0.2693726937269372,0.005855928124498635,
stable_extra_wide_capacity,w01,2026-01-21,2026-01-22,2026-01-28,300919,0.02173913043478261,0.9106613226452906,0.04878501205713226,0.0010605437403724406,
stable_extra_wide_capacity,w01,2026-01-21,2026-01-22,2026-01-28,002837,0.02173913043478261,0.9078957915831665,0.049008755157492034,0.0010654077208150444,
stable_extra_wide_capacity,w01,2026-01-21,2026-01-22,2026-01-28,300718,0.02173913043478261,0.9054008016032065,-0.048400523248900096,-0.0010521852880195674,
stable_extra_wide_capacity,w01,2026-01-21,2026-01-22,2026-01-28,688387,0.02173913043478261,0.9819739478957916,0.01025641025641022,0.00022296544035674395,
stable_extra_wide_capacity,w01,2026-01-21,2026-01-22,2026-01-28,000021,0.02173913043478261,0.9000801603206414,-0.025122549019607865,-0.0005461423699914754,
stable_extra_wide_capacity,w01,2026-01-21,2026-01-22,2026-01-28,300037,0.02173913043478261,0.8865831663326653,-0.06809406809406804,-0.001480305828131914,
stable_extra_wide_capacity,w01,2026-01-21,2026-01-22,2026-01-28,688281,0.02173913043478261,0.8865230460921844,-0.02371807182638752,-0.000515610257095381,
stable_extra_wide_capacity,w01,2026-01-21,2026-01-22,2026-01-28,688525,0.02173913043478261,0.8841382765531063,0.005200672410170082,0.00011305809587326266,
stable_extra_wide_capacity,w01,2026-01-21,2026-01-22,2026-01-28,002465,0.02173913043478261,0.8817735470941884,-0.02655367231638417,-0.0005772537460083516,
stable_extra_wide_capacity,w01,2026-01-21,2026-01-22,2026-01-28,301200,0.02173913043478261,0.881743486973948,0.02795339035577027,0.0006076823990384842,
stable_extra_wide_capacity,w01,2026-01-21,2026-01-22,2026-01-28,688709,0.02173913043478261,0.8805410821643287,-0.0007705644384511379,-1.6751400835894305e-05,
stable_extra_wide_capacity,w01,2026-01-21,2026-01-22,2026-01-28,688183,0.02173913043478261,0.8771092184368738,0.004741890289901907,0.00010308457151960668,
stable_extra_wide_capacity,w01,2026-01-21,2026-01-22,2026-01-28,300699,0.02173913043478261,0.8761723446893788,0.032562764106388364,0.0007078861762258341,
stable_extra_wide_capacity,w01,2026-01-21,2026-01-22,2026-01-28,600487,0.02173913043478261,0.9277304609218437,0.20200214515552384,0.004391350981641823,
stable_extra_wide_capacity,w01,2026-01-21,2026-01-22,2026-01-28,688778,0.02173913043478261,0.9344238476953908,-0.03570293463290608,-0.0007761507528892627,
stable_extra_wide_capacity,w01,2026-01-21,2026-01-22,2026-01-28,601061,0.02173913043478261,0.9359519038076152,0.09366925064599485,0.0020362880575216275,
stable_extra_wide_capacity,w01,2026-01-21,2026-01-22,2026-01-28,688347,0.02173913043478261,0.9399198396793588,0.1682912844036697,0.003658506182688472,
stable_extra_wide_capacity,w01,2026-01-21,2026-01-22,2026-01-28,300285,0.02173913043478261,0.9770941883767537,-0.013975155279503215,-0.00030380772346746125,
stable_extra_wide_capacity,w01,2026-01-21,2026-01-22,2026-01-28,603650,0.02173913043478261,0.9742885771543086,-0.0508934269304403,-0.0011063788463139196,
stable_extra_wide_capacity,w01,2026-01-21,2026-01-22,2026-01-28,603920,0.02173913043478261,0.9717034068136273,0.12116740449253971,0.002634074010707385,
stable_extra_wide_capacity,w01,2026-01-21,2026-01-22,2026-01-28,002851,0.02173913043478261,0.9708316633266534,0.22248572683355294,0.004836646235512021,
stable_extra_wide_capacity,w01,2026-01-21,2026-01-22,2026-01-28,002156,0.02173913043478261,0.9670741482965932,-0.03564427018356797,-0.0007748754387732169,
stable_extra_wide_capacity,w01,2026-01-21,2026-01-22,2026-01-28,000878,0.02173913043478261,0.9659468937875753,0.20080681308830117,0.004365365501919591,
stable_extra_wide_capacity,w01,2026-01-21,2026-01-22,2026-01-28,600498,0.02173913043478261,0.9659218436873748,0.10385351188849401,0.002257685041054218,
stable_extra_wide_capacity,w01,2026-01-21,2026-01-22,2026-01-28,688615,0.02173913043478261,0.9633266533066132,-0.03073000536768644,-0.0006680435949497054,
stable_extra_wide_capacity,w01,2026-01-21,2026-01-22,2026-01-28,301611,0.02173913043478261,0.9593186372745491,-0.09694430398035103,-0.0021074848691380664,
stable_extra_wide_capacity,w01,2026-01-21,2026-01-22,2026-01-28,002281,0.02173913043478261,0.9573847695390783,-0.010416666666666519,-0.00022644927536231564,
stable_extra_wide_capacity,w01,2026-01-21,2026-01-22,2026-01-28,300627,0.02173913043478261,0.9556913827655311,0.004828462515882981,0.00010496657643223873,
stable_extra_wide_capacity,w01,2026-01-21,2026-01-22,2026-01-28,002409,0.02173913043478261,0.9521743486973948,0.009165808444902224,0.0001992567053239614,
stable_extra_wide_capacity,w01,2026-01-21,2026-01-22,2026-01-28,002044,0.02173913043478261,0.9516332665330661,-0.06896551724137934,-0.0014992503748125945,
stable_extra_wide_capacity,w01,2026-01-21,2026-01-22,2026-01-28,002195,0.02173913043478261,0.950440881763527,0.018750000000000044,0.0004076086956521749,
stable_extra_wide_capacity,w01,2026-01-21,2026-01-22,2026-01-28,300604,0.02173913043478261,0.9453406813627254,-0.04264069264069259,-0.0009269715791454912,
stable_extra_wide_capacity,w01,2026-01-21,2026-01-22,2026-01-28,688037,0.02173913043478261,0.9441182364729459,0.05511069241639177,0.0011980585307911256,
stable_extra_wide_capacity,w01,2026-01-21,2026-01-22,2026-01-28,300223,0.02173913043478261,0.9436523046092185,0.12664222425908966,0.002753091831719341,
stable_extra_wide_capacity,w01,2026-01-21,2026-01-22,2026-01-28,300570,0.02173913043478261,0.9408316633266534,0.05211726384364823,0.0011329839966010486,
stable_extra_wide_capacity,w01,2026-01-21,2026-01-22,2026-01-28,000657,0.02173913043478261,0.9400000000000001,0.25431861804222655,0.005528665609613621,
stable_extra_wide_capacity,w01,2026-01-21,2026-01-22,2026-01-28,002130,0.02173913043478261,0.8759218436873749,-0.052665589660743084,-0.0011449041230596323,
stable_medium_capacity,w01,2026-01-21,2026-01-22,2026-01-28,688281,0.01075268817204301,0.9930761523046092,-0.02371807182638752,-0.00025503303039126367,
stable_medium_capacity,w01,2026-01-21,2026-01-22,2026-01-28,301358,0.01075268817204301,0.8384168336673347,-0.054109689751507206,-0.0005818246209839484,
stable_medium_capacity,w01,2026-01-21,2026-01-22,2026-01-28,601212,0.01075268817204301,0.8131813627254509,0.6114352392065345,0.006574572464586393,
stable_medium_capacity,w01,2026-01-21,2026-01-22,2026-01-28,601061,0.01075268817204301,0.8137675350701402,0.09366925064599485,0.0010071962435053209,
stable_medium_capacity,w01,2026-01-21,2026-01-22,2026-01-28,002850,0.01075268817204301,0.8161072144288577,-0.06973995271867606,-0.0007498919647169468,
stable_medium_capacity,w01,2026-01-21,2026-01-22,2026-01-28,600637,0.01075268817204301,0.8162925851703406,-0.009401709401709368,-0.0001010936494807459,
stable_medium_capacity,w01,2026-01-21,2026-01-22,2026-01-28,300487,0.01075268817204301,0.8175125250501003,-0.013515396405183178,-0.00014532684306648577,
stable_medium_capacity,w01,2026-01-21,2026-01-22,2026-01-28,600497,0.01075268817204301,0.8183967935871744,0.21583514099783074,0.00232080796771861,
stable_medium_capacity,w01,2026-01-21,2026-01-22,2026-01-28,002202,0.01075268817204301,0.8194689378757516,0.08880157170923386,0.0009548556097767081,
stable_medium_capacity,w01,2026-01-21,2026-01-22,2026-01-28,688037,0.01075268817204301,0.8272094188376753,0.05511069241639177,0.0005925880904988362,
stable_medium_capacity,w01,2026-01-21,2026-01-22,2026-01-28,688248,0.01075268817204301,0.830816633266533,-0.047816330053512934,-0.0005141540865969132,
stable_medium_capacity,w01,2026-01-21,2026-01-22,2026-01-28,002756,0.01075268817204301,0.8459569138276553,0.010040907400520549,0.00010796674624215644,
stable_medium_capacity,w01,2026-01-21,2026-01-22,2026-01-28,300724,0.01075268817204301,0.8706513026052104,0.19867611411523378,0.0021363023023143416,
stable_medium_capacity,w01,2026-01-21,2026-01-22,2026-01-28,300748,0.01075268817204301,0.8463577154308617,0.032882524529302515,0.00035357553257314527,
stable_medium_capacity,w01,2026-01-21,2026-01-22,2026-01-28,002837,0.01075268817204301,0.8468036072144289,0.049008755157492034,0.0005269758619085164,
stable_medium_capacity,w01,2026-01-21,2026-01-22,2026-01-28,002064,0.01075268817204301,0.8487875751503006,0.0253353204172877,0.0002724228001858892,
stable_medium_capacity,w01,2026-01-21,2026-01-22,2026-01-28,688582,0.01075268817204301,0.8531462925851703,-0.02037947997189038,-0.0002191341932461331,
stable_medium_capacity,w01,2026-01-21,2026-01-22,2026-01-28,300857,0.01075268817204301,0.8550150300601203,0.13692988254436367,0.001472364328434018,
stable_medium_capacity,w01,2026-01-21,2026-01-22,2026-01-28,002025,0.01075268817204301,0.8556813627254509,-0.005152671755725091,-5.5405072642205276e-05,
stable_medium_capacity,w01,2026-01-21,2026-01-22,2026-01-28,688266,0.01075268817204301,0.8594639278557114,-0.00603095129722353,-6.48489386798229e-05,
stable_medium_capacity,w01,2026-01-21,2026-01-22,2026-01-28,002436,0.01075268817204301,0.8619238476953908,-0.040471512770137386,-0.0004351775566681439,
stable_medium_capacity,w01,2026-01-21,2026-01-22,2026-01-28,600516,0.01075268817204301,0.8665581162324649,0.06818181818181834,0.0007331378299120251,
stable_medium_capacity,w01,2026-01-21,2026-01-22,2026-01-28,002683,0.01075268817204301,0.8125150300601203,-0.03818112049117417,-0.0004105496827007975,
stable_medium_capacity,w01,2026-01-21,2026-01-22,2026-01-28,688777,0.01075268817204301,0.810561122244489,0.20149899106370728,0.0021666558178893252,
stable_medium_capacity,w01,2026-01-21,2026-01-22,2026-01-28,688615,0.01075268817204301,0.808251503006012,-0.03073000536768644,-0.0003304301652439402,
stable_medium_capacity,w01,2026-01-21,2026-01-22,2026-01-28,000893,0.01075268817204301,0.8081462925851705,0.02327586206896548,0.00025027808676306965,
stable_medium_capacity,w01,2026-01-21,2026-01-22,2026-01-28,300570,0.01075268817204301,0.7843236472945891,0.05211726384364823,0.0005604006864908411,
stable_medium_capacity,w01,2026-01-21,2026-01-22,2026-01-28,603077,0.01075268817204301,0.7851703406813627,0.16049382716049365,0.0017257400769945552,
stable_medium_capacity,w01,2026-01-21,2026-01-22,2026-01-28,000830,0.01075268817204301,0.785686372745491,0.03850102669404509,0.00041398953434457084,
stable_medium_capacity,w01,2026-01-21,2026-01-22,2026-01-28,600487,0.01075268817204301,0.7859093186372745,0.20200214515552384,0.0021720660769411165,
stable_medium_capacity,w01,2026-01-21,2026-01-22,2026-01-28,688347,0.01075268817204301,0.7867334669338677,0.1682912844036697,0.0018095837032652653,
stable_medium_capacity,w01,2026-01-21,2026-01-22,2026-01-28,688002,0.01075268817204301,0.7872194388777555,0.15827616194801442,0.0017018942144947785,
stable_medium_capacity,w01,2026-01-21,2026-01-22,2026-01-28,688172,0.01075268817204301,0.7876152304609219,0.28113879003558706,0.00302299774231814,
stable_medium_capacity,w01,2026-01-21,2026-01-22,2026-01-28,300383,0.01075268817204301,0.7895941883767534,0.10481586402266285,0.0011270523013189554,
stable_medium_capacity,w01,2026-01-21,2026-01-22,2026-01-28,600141,0.01075268817204301,0.7903406813627254,0.04800768122899668,0.0005162116261182438,
stable_medium_capacity,w01,2026-01-21,2026-01-22,2026-01-28,000933,0.01075268817204301,0.7943086172344689,0.15184590690208677,0.0016327516871192124,
stable_medium_capacity,w01,2026-01-21,2026-01-22,2026-01-28,688120,0.01075268817204301,0.7950300601202405,0.01438774453990277,0.0001547069305365889,
stable_medium_capacity,w01,2026-01-21,2026-01-22,2026-01-28,300207,0.01075268817204301,0.7988977955911823,-0.010629599345870822,-0.0001142967671599013,
stable_medium_capacity,w01,2026-01-21,2026-01-22,2026-01-28,688295,0.01075268817204301,0.8004834669338678,0.005295675198587757,5.694274407083609e-05,
stable_medium_capacity,w01,2026-01-21,2026-01-22,2026-01-28,002430,0.01075268817204301,0.8026578156312625,-0.012962962962962954,-0.00013938669852648337,
stable_medium_capacity,w01,2026-01-21,2026-01-22,2026-01-28,600967,0.01075268817204301,0.803376753507014,-0.048192771084337505,-0.0005182018396165323,
stable_medium_capacity,w01,2026-01-21,2026-01-22,2026-01-28,603156,0.01075268817204301,0.8034043086172344,-0.09151462496379958,-0.0009840282254171997,
stable_medium_capacity,w01,2026-01-21,2026-01-22,2026-01-28,002080,0.01075268817204301,0.8040931863727455,0.09320091673032849,0.0010021603949497686,
stable_medium_capacity,w01,2026-01-21,2026-01-22,2026-01-28,603225,0.01075268817204301,0.8042535070140281,-0.004621072088724643,-4.968894719058755e-05,
stable_medium_capacity,w01,2026-01-21,2026-01-22,2026-01-28,603786,0.01075268817204301,0.8044438877755511,-0.06234567901234567,-0.0006703836452940394,
stable_medium_capacity,w01,2026-01-21,2026-01-22,2026-01-28,688702,0.01075268817204301,0.8670891783567134,0.0959343794579175,0.0010315524672894353,
stable_medium_capacity,w01,2026-01-21,2026-01-22,2026-01-28,300073,0.01075268817204301,0.8760370741482966,-0.043139798897178006,-0.000463868805346,
stable_medium_capacity,w01,2026-01-21,2026-01-22,2026-01-28,300285,0.01075268817204301,0.9781362725450902,-0.013975155279503215,-0.00015027048687637863,
stable_medium_capacity,w01,2026-01-21,2026-01-22,2026-01-28,002335,0.01075268817204301,0.9534193386773547,0.04567620286085816,0.0004911419662457867,
stable_medium_capacity,w01,2026-01-21,2026-01-22,2026-01-28,688318,0.01075268817204301,0.929689378757515,-0.04068522483940051,-0.0004374755359075324,
stable_medium_capacity,w01,2026-01-21,2026-01-22,2026-01-28,688599,0.01075268817204301,0.9312825651302605,0.14991284137129557,0.0016119660362504899,
stable_medium_capacity,w01,2026-01-21,2026-01-22,2026-01-28,605358,0.01075268817204301,0.93186372745491,0.0610849056603775,0.0006568269425847042,
stable_medium_capacity,w01,2026-01-21,2026-01-22,2026-01-28,300037,0.01075268817204301,0.9352354709418838,-0.06809406809406804,-0.0007321942805813767,
stable_medium_capacity,w01,2026-01-21,2026-01-22,2026-01-28,300919,0.01075268817204301,0.936062124248497,0.04878501205713226,0.0005245700221197017,
stable_medium_capacity,w01,2026-01-21,2026-01-22,2026-01-28,002851,0.01075268817204301,0.941067134268537,0.22248572683355294,0.002392319643371537,
stable_medium_capacity,w01,2026-01-21,2026-01-22,2026-01-28,688027,0.01075268817204301,0.9424899799599198,0.08294071789309565,0.0008918356762698457,
stable_medium_capacity,w01,2026-01-21,2026-01-22,2026-01-28,300432,0.01075268817204301,0.949316132264529,-0.08329075114971896,-0.0008955994747281607,
stable_medium_capacity,w01,2026-01-21,2026-01-22,2026-01-28,688183,0.01075268817204301,0.9524974949899799,0.004741890289901907,5.098806763335383e-05,
stable_medium_capacity,w01,2026-01-21,2026-01-22,2026-01-28,300450,0.01075268817204301,0.9561447895791583,0.010015277542013257,0.00010769115636573393,
stable_medium_capacity,w01,2026-01-21,2026-01-22,2026-01-28,603650,0.01075268817204301,0.8774398797595191,-0.0508934269304403,-0.0005472411497896806,
stable_medium_capacity,w01,2026-01-21,2026-01-22,2026-01-28,688778,0.01075268817204301,0.9566007014028056,-0.03570293463290608,-0.000383902522934474,
stable_medium_capacity,w01,2026-01-21,2026-01-22,2026-01-28,000878,0.01075268817204301,0.9579684368737474,0.20080681308830117,0.0021592130439602275,
stable_medium_capacity,w01,2026-01-21,2026-01-22,2026-01-28,001389,0.01075268817204301,0.9598246492985971,0.08595958538372939,0.0009242966170293482,
stable_medium_capacity,w01,2026-01-21,2026-01-22,2026-01-28,002156,0.01075268817204301,0.9599098196392786,-0.03564427018356797,-0.00038327172240395667,
stable_medium_capacity,w01,2026-01-21,2026-01-22,2026-01-28,688709,0.01075268817204301,0.9638426853707415,-0.0007705644384511379,-8.285639123130514e-06,
stable_medium_capacity,w01,2026-01-21,2026-01-22,2026-01-28,002195,0.01075268817204301,0.9641833667334669,0.018750000000000044,0.0002016129032258069,
stable_medium_capacity,w01,2026-01-21,2026-01-22,2026-01-28,601106,0.01075268817204301,0.9711172344689378,0.0949494949494949,0.0010209623112848914,
stable_medium_capacity,w01,2026-01-21,2026-01-22,2026-01-28,688387,0.01075268817204301,0.9737675350701402,0.01025641025641022,0.00011028398125172278,
stable_medium_capacity,w01,2026-01-21,2026-01-22,2026-01-28,600498,0.01075268817204301,0.974128256513026,0.10385351188849401,0.0011167044289085376,
stable_medium_capacity,w01,2026-01-21,2026-01-22,2026-01-28,601611,0.01075268817204301,0.9270190380761523,-0.02437538086532598,-0.00026210086951963417,
stable_medium_capacity,w01,2026-01-21,2026-01-22,2026-01-28,002281,0.01075268817204301,0.9263176352705411,-0.010416666666666519,-0.00011200716845877976,
stable_medium_capacity,w01,2026-01-21,2026-01-22,2026-01-28,002409,0.01075268817204301,0.9255360721442885,0.009165808444902224,9.855708005271207e-05,
stable_medium_capacity,w01,2026-01-21,2026-01-22,2026-01-28,688220,0.01075268817204301,0.9245791583166333,-0.034076433121019156,-0.00036641325936579734,
stable_medium_capacity,w01,2026-01-21,2026-01-22,2026-01-28,600673,0.01075268817204301,0.8790956913827654,-0.034205933682373346,-0.0003678057385201435,
stable_medium_capacity,w01,2026-01-21,2026-01-22,2026-01-28,601399,0.01075268817204301,0.8850300601202404,-0.03321033210332103,-0.0003571003451970003,
stable_medium_capacity,w01,2026-01-21,2026-01-22,2026-01-28,688361,0.01075268817204301,0.8854909819639278,-0.02263111286037589,-0.0002433452995739343,
stable_medium_capacity,w01,2026-01-21,2026-01-22,2026-01-28,603920,0.01075268817204301,0.8857314629258517,0.12116740449253971,0.0013028753171240828,
stable_medium_capacity,w01,2026-01-21,2026-01-22,2026-01-28,300763,0.01075268817204301,0.8908817635270542,0.09855892949047851,0.0010597734353814893,
stable_medium_capacity,w01,2026-01-21,2026-01-22,2026-01-28,000060,0.01075268817204301,0.8909769539078156,0.22222222222222232,0.002389486260454003,
stable_medium_capacity,w01,2026-01-21,2026-01-22,2026-01-28,688122,0.01075268817204301,0.892439879759519,0.029566210045662178,0.00031791623705013095,
stable_medium_capacity,w01,2026-01-21,2026-01-22,2026-01-28,688018,0.01075268817204301,0.8929809619238477,-0.009268565047459543,-9.966198975762949e-05,
stable_medium_capacity,w01,2026-01-21,2026-01-22,2026-01-28,600988,0.01075268817204301,0.8937024048096193,0.22063037249283668,0.0023723695966971683,
stable_medium_capacity,w01,2026-01-21,2026-01-22,2026-01-28,300627,0.01075268817204301,0.8984418837675352,0.004828462515882981,5.191895178368796e-05,
stable_medium_capacity,w01,2026-01-21,2026-01-22,2026-01-28,000155,0.01075268817204301,0.9003507014028056,0.06133540372670798,0.0006595204701796557,
stable_medium_capacity,w01,2026-01-21,2026-01-22,2026-01-28,000021,0.01075268817204301,0.9044438877755511,-0.025122549019607865,-0.0002701349356947082,
stable_medium_capacity,w01,2026-01-21,2026-01-22,2026-01-28,688385,0.01075268817204301,0.9057790581162324,0.0045094454600853595,4.8488660861132894e-05,
stable_medium_capacity,w01,2026-01-21,2026-01-22,2026-01-28,600363,0.01075268817204301,0.9104559118236474,-0.00870609426598612,-9.361391683856042e-05,
stable_medium_capacity,w01,2026-01-21,2026-01-22,2026-01-28,002532,0.01075268817204301,0.9128331663326653,0.11225040474905557,0.0012069935994522103,
stable_medium_capacity,w01,2026-01-21,2026-01-22,2026-01-28,300223,0.01075268817204301,0.9139854709418836,0.12664222425908966,0.0013617443468719318,
stable_medium_capacity,w01,2026-01-21,2026-01-22,2026-01-28,688608,0.01075268817204301,0.9165731462925852,-0.033082585133058284,-0.0003557267218608417,
stable_medium_capacity,w01,2026-01-21,2026-01-22,2026-01-28,688676,0.01075268817204301,0.9210370741482966,-0.03372001572945338,-0.0003625808142951976,
stable_medium_capacity,w01,2026-01-21,2026-01-22,2026-01-28,301200,0.01075268817204301,0.9236873747494989,0.02795339035577027,0.0003005740898469921,
stable_medium_capacity,w01,2026-01-21,2026-01-22,2026-01-28,600580,0.01075268817204301,0.7806813627254509,-0.06899453092132946,-0.0007418766765734349,
balanced_extra_wide_capacity,w02,2026-01-28,2026-01-29,2026-02-04,300454,0.015625,0.9535070140280562,-0.1869409150475757,-0.0029209517976183704,
balanced_extra_wide_capacity,w02,2026-01-28,2026-01-29,2026-02-04,002851,0.015625,0.9524048096192386,-0.11991665469176616,-0.0018736977295588462,
balanced_extra_wide_capacity,w02,2026-01-28,2026-01-29,2026-02-04,300757,0.015625,0.9259519038076153,0.20808499611298248,0.0032513280642653512,
balanced_extra_wide_capacity,w02,2026-01-28,2026-01-29,2026-02-04,002532,0.015625,0.9254008016032065,-0.11693352741387675,-0.0018270863658418242,
balanced_extra_wide_capacity,w02,2026-01-28,2026-01-29,2026-02-04,688375,0.015625,0.9242985971943888,-0.04061148857319341,-0.000634554508956147,
balanced_extra_wide_capacity,w02,2026-01-28,2026-01-29,2026-02-04,300432,0.015625,0.9226452905811624,0.03065774804905219,0.0004790273132664405,
balanced_extra_wide_capacity,w02,2026-01-28,2026-01-29,2026-02-04,002335,0.015625,0.9215430861723447,-0.08503031245142234,-0.001328598632053474,
balanced_extra_wide_capacity,w02,2026-01-28,2026-01-29,2026-02-04,688709,0.015625,0.9209919839679359,-0.08849045691150947,-0.0013826633892423355,
balanced_extra_wide_capacity,w02,2026-01-28,2026-01-29,2026-02-04,000960,0.015625,0.9198897795591183,-0.21112299465240636,-0.0032987967914438494,
balanced_extra_wide_capacity,w02,2026-01-28,2026-01-29,2026-02-04,300037,0.015625,0.9193386773547094,-0.06760828625235416,-0.0010563794726930337,
balanced_extra_wide_capacity,w02,2026-01-28,2026-01-29,2026-02-04,688608,0.015625,0.9187875751503006,-0.1301238079303999,-0.0020331844989124985,
balanced_extra_wide_capacity,w02,2026-01-28,2026-01-29,2026-02-04,300450,0.015625,0.9182364729458918,-0.003529411764705892,-5.514705882352956e-05,
balanced_extra_wide_capacity,w02,2026-01-28,2026-01-29,2026-02-04,688220,0.015625,0.9176853707414829,-0.11001208924057582,-0.0017189388943839971,
balanced_extra_wide_capacity,w02,2026-01-28,2026-01-29,2026-02-04,003031,0.015625,0.9160320641282566,-0.044142822205918364,-0.0006897315969674744,
balanced_extra_wide_capacity,w02,2026-01-28,2026-01-29,2026-02-04,688582,0.015625,0.9149298597194389,-0.07919655667144898,-0.0012374461979913903,
balanced_extra_wide_capacity,w02,2026-01-28,2026-01-29,2026-02-04,000155,0.015625,0.9143787575150301,-0.05340160936356986,-0.000834400146305779,
balanced_extra_wide_capacity,w02,2026-01-28,2026-01-29,2026-02-04,688599,0.015625,0.9138276553106213,0.1162203132895403,0.0018159423951490672,
balanced_extra_wide_capacity,w02,2026-01-28,2026-01-29,2026-02-04,300763,0.015625,0.9132765531062125,-0.0029280862028577825,-4.575134691965285e-05,
balanced_extra_wide_capacity,w02,2026-01-28,2026-01-29,2026-02-04,300207,0.015625,0.9127254509018037,-0.018181818181818077,-0.00028409090909090745,
balanced_extra_wide_capacity,w02,2026-01-28,2026-01-29,2026-02-04,600363,0.015625,0.911623246492986,-0.03876438522107828,-0.0006056935190793481,
balanced_extra_wide_capacity,w02,2026-01-28,2026-01-29,2026-02-04,002281,0.015625,0.9110721442885772,-0.03462603878116344,-0.0005410318559556787,
balanced_extra_wide_capacity,w02,2026-01-28,2026-01-29,2026-02-04,688018,0.015625,0.9094188376753507,-0.09828674481514876,-0.0015357303877366994,
balanced_extra_wide_capacity,w02,2026-01-28,2026-01-29,2026-02-04,300496,0.015625,0.9083166332665331,-0.0691523674364598,-0.0010805057411946845,
balanced_extra_wide_capacity,w02,2026-01-28,2026-01-29,2026-02-04,600435,0.015625,0.9077655310621242,-0.020515826494724387,-0.00032055978898006855,
balanced_extra_wide_capacity,w02,2026-01-28,2026-01-29,2026-02-04,300073,0.015625,0.9066633266533066,-0.05118644067796618,-0.0007997881355932216,
balanced_extra_wide_capacity,w02,2026-01-28,2026-01-29,2026-02-04,002738,0.015625,0.9044589178356714,-0.11500211595429533,-0.0017969080617858645,
balanced_extra_wide_capacity,w02,2026-01-28,2026-01-29,2026-02-04,300627,0.015625,0.902805611222445,-0.03060192210419832,-0.00047815503287809875,
balanced_extra_wide_capacity,w02,2026-01-28,2026-01-29,2026-02-04,688318,0.015625,0.9017034068136273,-0.03873847926267282,-0.0006052887384792628,
balanced_extra_wide_capacity,w02,2026-01-28,2026-01-29,2026-02-04,300748,0.015625,0.9011523046092185,-0.06598202824133503,-0.00103096919127086,
balanced_extra_wide_capacity,w02,2026-01-28,2026-01-29,2026-02-04,600516,0.015625,0.899498997995992,-0.039279869067103124,-0.0006137479541734863,
balanced_extra_wide_capacity,w02,2026-01-28,2026-01-29,2026-02-04,688183,0.015625,0.8989478957915832,-0.0888126139654618,-0.0013876970932103407,
balanced_extra_wide_capacity,w02,2026-01-28,2026-01-29,2026-02-04,002756,0.015625,0.9265030060120241,-0.093519882179676,-0.0014612481590574374,
balanced_extra_wide_capacity,w02,2026-01-28,2026-01-29,2026-02-04,000878,0.015625,0.9276052104208418,-0.08883911907428144,-0.0013881112355356474,
balanced_extra_wide_capacity,w02,2026-01-28,2026-01-29,2026-02-04,300724,0.015625,0.9287074148296594,0.14879054211713472,0.00232485222058023,
balanced_extra_wide_capacity,w02,2026-01-28,2026-01-29,2026-02-04,601611,0.015625,0.9386272545090181,-0.008119925046845777,-0.00012687382885696527,
balanced_extra_wide_capacity,w02,2026-01-28,2026-01-29,2026-02-04,603920,0.015625,0.9513026052104209,0.03363556595495787,0.0005255557180462167,
balanced_extra_wide_capacity,w02,2026-01-28,2026-01-29,2026-02-04,688347,0.015625,0.9490981963927856,-0.17920245398773016,-0.0028000383435582837,
balanced_extra_wide_capacity,w02,2026-01-28,2026-01-29,2026-02-04,300919,0.015625,0.9485470941883768,-0.05801202688362228,-0.0009064379200565981,
balanced_extra_wide_capacity,w02,2026-01-28,2026-01-29,2026-02-04,688172,0.015625,0.947995991983968,-0.12222222222222223,-0.0019097222222222224,
balanced_extra_wide_capacity,w02,2026-01-28,2026-01-29,2026-02-04,300857,0.015625,0.9468937875751504,-0.07938282647584971,-0.0012403566636851517,
balanced_extra_wide_capacity,w02,2026-01-28,2026-01-29,2026-02-04,300223,0.015625,0.9463426853707415,-0.1040677966101694,-0.001626059322033897,
balanced_extra_wide_capacity,w02,2026-01-28,2026-01-29,2026-02-04,002195,0.015625,0.944689378757515,0.0316973415132924,0.0004952709611451937,
balanced_extra_wide_capacity,w02,2026-01-28,2026-01-29,2026-02-04,688281,0.015625,0.9441382765531062,-0.014065112619258469,-0.00021976738467591357,
balanced_extra_wide_capacity,w02,2026-01-28,2026-01-29,2026-02-04,601179,0.015625,0.9435871743486974,0.017015706806282616,0.00026587041884816587,
balanced_extra_wide_capacity,w02,2026-01-28,2026-01-29,2026-02-04,002156,0.015625,0.9430360721442885,-0.09351321382369249,-0.0014611439659951951,
balanced_extra_wide_capacity,w02,2026-01-28,2026-01-29,2026-02-04,002429,0.015625,0.9419338677354709,-0.08712121212121215,-0.00136126893939394,
balanced_extra_wide_capacity,w02,2026-01-28,2026-01-29,2026-02-04,605358,0.015625,0.9397294589178358,-0.10002222716159148,-0.001562847299399867,
balanced_extra_wide_capacity,w02,2026-01-28,2026-01-29,2026-02-04,300604,0.015625,0.9391783567134269,-0.022985907001281225,-0.00035915479689501914,
balanced_extra_wide_capacity,w02,2026-01-28,2026-01-29,2026-02-04,688385,0.015625,0.9380761523046093,-0.05508371754428543,-0.0008606830866294598,
balanced_extra_wide_capacity,w02,2026-01-28,2026-01-29,2026-02-04,300285,0.015625,0.9292585170340681,-0.022992125984251932,-0.00035925196850393644,
balanced_extra_wide_capacity,w02,2026-01-28,2026-01-29,2026-02-04,002465,0.015625,0.9375250501002004,0.02727800348229814,0.00042621880441090845,
balanced_extra_wide_capacity,w02,2026-01-28,2026-01-29,2026-02-04,601106,0.015625,0.9369739478957917,-0.023985239852398532,-0.00037476937269372707,
balanced_extra_wide_capacity,w02,2026-01-28,2026-01-29,2026-02-04,688122,0.015625,0.935871743486974,-0.07085042687659382,-0.0011070379199467784,
balanced_extra_wide_capacity,w02,2026-01-28,2026-01-29,2026-02-04,688027,0.015625,0.9353206412825652,0.06416275430359941,0.0010025430359937408,
balanced_extra_wide_capacity,w02,2026-01-28,2026-01-29,2026-02-04,688778,0.015625,0.9347695390781563,-0.07207207207207211,-0.0011261261261261268,
balanced_extra_wide_capacity,w02,2026-01-28,2026-01-29,2026-02-04,688019,0.015625,0.9342184368737476,-0.11385599564448068,-0.0017789999319450106,
balanced_extra_wide_capacity,w02,2026-01-28,2026-01-29,2026-02-04,601399,0.015625,0.9336673346693387,-0.003816793893129833,-5.963740458015364e-05,
balanced_extra_wide_capacity,w02,2026-01-28,2026-01-29,2026-02-04,002409,0.015625,0.9325651302605211,-0.08878456985406658,-0.0013872589039697902,
balanced_extra_wide_capacity,w02,2026-01-28,2026-01-29,2026-02-04,600498,0.015625,0.9320140280561122,0.0108937855904927,0.00017021539985144843,
balanced_extra_wide_capacity,w02,2026-01-28,2026-01-29,2026-02-04,301358,0.015625,0.9314629258517035,-0.01787657391574693,-0.00027932146743354577,
balanced_extra_wide_capacity,w02,2026-01-28,2026-01-29,2026-02-04,688676,0.015625,0.9309118236472946,0.05605860209583868,0.0008759156577474794,
balanced_extra_wide_capacity,w02,2026-01-28,2026-01-29,2026-02-04,002008,0.015625,0.9303607214428858,-0.0333780932284673,-0.0005215327066948015,
balanced_extra_wide_capacity,w02,2026-01-28,2026-01-29,2026-02-04,600673,0.015625,0.929809619238477,0.06469100108420678,0.001010796891940731,
balanced_extra_wide_capacity,w02,2026-01-28,2026-01-29,2026-02-04,688568,0.015625,0.8972945891783568,-0.05490196078431375,-0.0008578431372549024,
balanced_medium_current,w02,2026-01-28,2026-01-29,2026-02-04,300751,0.020408163265306124,1.0,-0.03979895973350478,-0.0008122236680307099,
balanced_medium_current,w02,2026-01-28,2026-01-29,2026-02-04,688525,0.020408163265306124,0.9498997995991983,-0.11941468513195708,-0.002437034390448104,
balanced_medium_current,w02,2026-01-28,2026-01-29,2026-02-04,601611,0.020408163265306124,0.9458917835671342,-0.008119925046845777,-0.0001657127560580771,
balanced_medium_current,w02,2026-01-28,2026-01-29,2026-02-04,002409,0.020408163265306124,0.9438877755511023,-0.08878456985406658,-0.001811929997021767,
balanced_medium_current,w02,2026-01-28,2026-01-29,2026-02-04,002080,0.020408163265306124,0.9418837675350702,-0.03983228511530401,-0.0008129037778633472,
balanced_medium_current,w02,2026-01-28,2026-01-29,2026-02-04,688122,0.020408163265306124,0.9398797595190381,-0.07085042687659382,-0.0014459270791141597,
balanced_medium_current,w02,2026-01-28,2026-01-29,2026-02-04,688709,0.020408163265306124,0.9378757515030061,-0.08849045691150947,-0.0018059276920716222,
balanced_medium_current,w02,2026-01-28,2026-01-29,2026-02-04,002185,0.020408163265306124,0.935871743486974,-0.05986842105263157,-0.0012218045112781955,
balanced_medium_current,w02,2026-01-28,2026-01-29,2026-02-04,002738,0.020408163265306124,0.9338677354709419,-0.11500211595429533,-0.0023469819582509254,
balanced_medium_current,w02,2026-01-28,2026-01-29,2026-02-04,688019,0.020408163265306124,0.9318637274549099,-0.11385599564448068,-0.0023235917478465445,
balanced_medium_current,w02,2026-01-28,2026-01-29,2026-02-04,601399,0.020408163265306124,0.9298597194388778,-0.003816793893129833,-7.7893752921017e-05,
balanced_medium_current,w02,2026-01-28,2026-01-29,2026-02-04,600435,0.020408163265306124,0.9278557114228457,-0.020515826494724387,-0.0004186903366270283,
balanced_medium_current,w02,2026-01-28,2026-01-29,2026-02-04,688385,0.020408163265306124,0.9258517034068137,-0.05508371754428543,-0.0011241575009037844,
balanced_medium_current,w02,2026-01-28,2026-01-29,2026-02-04,600871,0.020408163265306124,0.9238476953907816,0.020408163265306145,0.00041649312786339076,
balanced_medium_current,w02,2026-01-28,2026-01-29,2026-02-04,300627,0.020408163265306124,0.9218436873747495,-0.03060192210419832,-0.0006245290225346597,
balanced_medium_current,w02,2026-01-28,2026-01-29,2026-02-04,002281,0.020408163265306124,0.9188376753507014,-0.03462603878116344,-0.0007066538526768049,
balanced_medium_current,w02,2026-01-28,2026-01-29,2026-02-04,002335,0.020408163265306124,0.9188376753507014,-0.08503031245142234,-0.0017353124990086193,
balanced_medium_current,w02,2026-01-28,2026-01-29,2026-02-04,002156,0.020408163265306124,0.9158316633266533,-0.09351321382369249,-0.0019084329351773978,
balanced_medium_current,w02,2026-01-28,2026-01-29,2026-02-04,300919,0.020408163265306124,0.9138276553106213,-0.05801202688362228,-0.0011839189159922915,
balanced_medium_current,w02,2026-01-28,2026-01-29,2026-02-04,301308,0.020408163265306124,0.9118236472945892,-0.18642241379310343,-0.003804539057002111,
balanced_medium_current,w02,2026-01-28,2026-01-29,2026-02-04,688037,0.020408163265306124,0.9098196392785571,-0.12816964285714294,-0.00261570699708455,
balanced_medium_current,w02,2026-01-28,2026-01-29,2026-02-04,301200,0.020408163265306124,0.9078156312625251,-0.045945131142598794,-0.0009376557376040571,
balanced_medium_current,w02,2026-01-28,2026-01-29,2026-02-04,000155,0.020408163265306124,0.9048096192384769,-0.05340160936356986,-0.001089828762521834,
balanced_medium_current,w02,2026-01-28,2026-01-29,2026-02-04,605358,0.020408163265306124,0.9478957915831663,-0.10002222716159148,-0.0020412699420732957,
balanced_medium_current,w02,2026-01-28,2026-01-29,2026-02-04,601168,0.020408163265306124,0.9519038076152304,-0.12051687763713081,-0.0024595281150434863,
balanced_medium_current,w02,2026-01-28,2026-01-29,2026-02-04,600497,0.020408163265306124,0.9979959919839679,-0.1917930419268511,-0.0039141437127928795,
balanced_medium_current,w02,2026-01-28,2026-01-29,2026-02-04,002008,0.020408163265306124,0.9539078156312625,-0.0333780932284673,-0.0006811855760911694,
balanced_medium_current,w02,2026-01-28,2026-01-29,2026-02-04,000060,0.020408163265306124,0.9959919839679359,-0.168997668997669,-0.003448932020360592,
balanced_medium_current,w02,2026-01-28,2026-01-29,2026-02-04,000878,0.020408163265306124,0.9939879759519038,-0.08883911907428144,-0.001813043246413907,
balanced_medium_current,w02,2026-01-28,2026-01-29,2026-02-04,688027,0.020408163265306124,0.9919839679358717,0.06416275430359941,0.0013094439653795799,
balanced_medium_current,w02,2026-01-28,2026-01-29,2026-02-04,300373,0.020408163265306124,0.9899799599198397,-0.12777777777777777,-0.0026077097505668935,
balanced_medium_current,w02,2026-01-28,2026-01-29,2026-02-04,688172,0.020408163265306124,0.9879759519038076,-0.12222222222222223,-0.0024943310657596376,
balanced_medium_current,w02,2026-01-28,2026-01-29,2026-02-04,300724,0.020408163265306124,0.9859719438877755,0.14879054211713472,0.0030365416758598926,
balanced_medium_current,w02,2026-01-28,2026-01-29,2026-02-04,603920,0.020408163265306124,0.9839679358717435,0.03363556595495787,0.0006864401215297525,
balanced_medium_current,w02,2026-01-28,2026-01-29,2026-02-04,300454,0.020408163265306124,0.9819639278557114,-0.1869409150475757,-0.0038151207152566473,
balanced_medium_current,w02,2026-01-28,2026-01-29,2026-02-04,600988,0.020408163265306124,0.9799599198396793,-0.17776355100298757,-0.0036278275714895425,
balanced_medium_current,w02,2026-01-28,2026-01-29,2026-02-04,300857,0.020408163265306124,0.9779559118236473,-0.07938282647584971,-0.0016200576831806065,
balanced_medium_current,w02,2026-01-28,2026-01-29,2026-02-04,002195,0.020408163265306124,0.9759519038076152,0.0316973415132924,0.0006468845206794368,
balanced_medium_current,w02,2026-01-28,2026-01-29,2026-02-04,000933,0.020408163265306124,0.9739478957915831,-0.09141583054626534,-0.0018656291948217418,
balanced_medium_current,w02,2026-01-28,2026-01-29,2026-02-04,300757,0.020408163265306124,0.9719438877755511,0.20808499611298248,0.004246632573734336,
balanced_medium_current,w02,2026-01-28,2026-01-29,2026-02-04,688347,0.020408163265306124,0.969939879759519,-0.17920245398773016,-0.003657192938525106,
balanced_medium_current,w02,2026-01-28,2026-01-29,2026-02-04,600498,0.020408163265306124,0.9679358717434869,0.0108937855904927,0.0002223221549080143,
balanced_medium_current,w02,2026-01-28,2026-01-29,2026-02-04,002532,0.020408163265306124,0.9659318637274549,-0.11693352741387675,-0.002386398518650546,
balanced_medium_current,w02,2026-01-28,2026-01-29,2026-02-04,688281,0.020408163265306124,0.9639278557114228,-0.014065112619258469,-0.00028704311467874427,
balanced_medium_current,w02,2026-01-28,2026-01-29,2026-02-04,300223,0.020408163265306124,0.9619238476953907,-0.1040677966101694,-0.0021238325838810086,
balanced_medium_current,w02,2026-01-28,2026-01-29,2026-02-04,300017,0.020408163265306124,0.9599198396793587,0.07248236048749201,0.0014792318466835105,
balanced_medium_current,w02,2026-01-28,2026-01-29,2026-02-04,002851,0.020408163265306124,0.9579158316633266,-0.11991665469176616,-0.0024472786671789013,
balanced_medium_current,w02,2026-01-28,2026-01-29,2026-02-04,603077,0.020408163265306124,0.9559118236472945,-0.12056737588652477,-0.0024605586915617305,
balanced_medium_current,w02,2026-01-28,2026-01-29,2026-02-04,688676,0.020408163265306124,0.9048096192384769,0.05605860209583868,0.0011440531039967079,
economic_medium_capacity,w02,2026-01-28,2026-01-29,2026-02-04,601567,0.036000000004219955,0.9954589178356713,-0.018740031897926612,-0.0006746411484044401,
economic_medium_capacity,w02,2026-01-28,2026-01-29,2026-02-04,300857,0.036000000004219955,0.9639679358717435,-0.07938282647584971,-0.0028577817534655814,
economic_medium_capacity,w02,2026-01-28,2026-01-29,2026-02-04,002157,0.036000000004219955,0.9954468937875751,-0.02409638554216853,-0.0008674698796197527,
economic_medium_capacity,w02,2026-01-28,2026-01-29,2026-02-04,301611,0.036000000004219955,0.9638637274549098,-0.049756019518438555,-0.0017912167028737561,
economic_medium_capacity,w02,2026-01-28,2026-01-29,2026-02-04,002044,0.036000000004219955,0.9638957915831663,0.03276353276353272,0.0011794871796254386,
economic_medium_capacity,w02,2026-01-28,2026-01-29,2026-02-04,603920,0.036000000004219955,0.9639238476953907,0.03363556595495787,0.001210880374520424,
economic_medium_capacity,w02,2026-01-28,2026-01-29,2026-02-04,688347,0.036000000004219955,0.963939879759519,-0.17920245398773016,-0.006451288344314512,
economic_medium_capacity,w02,2026-01-28,2026-01-29,2026-02-04,688375,0.036000000004219955,0.9639559118236473,-0.04061148857319341,-0.0014620135888063414,
economic_medium_capacity,w02,2026-01-28,2026-01-29,2026-02-04,300567,0.036000000004219955,0.9639799599198396,-0.11582880434782594,-0.004169836957010526,
economic_medium_capacity,w02,2026-01-28,2026-01-29,2026-02-04,688387,0.036000000004219955,0.9639879759519038,-0.05978567399887191,-0.0021522842642116816,
economic_medium_capacity,w02,2026-01-28,2026-01-29,2026-02-04,300751,0.036000000004219955,0.9639919839679358,-0.03979895973350478,-0.0014327625505741219,
economic_medium_capacity,w02,2026-01-28,2026-01-29,2026-02-04,000785,0.036000000004219955,0.9944729458917836,-0.05063291139240511,-0.0018227848103402526,
economic_medium_capacity,w02,2026-01-28,2026-01-29,2026-02-04,002607,0.036000000004219955,0.9946973947895792,-0.017064846416382395,-0.0006143344710617791,
economic_medium_capacity,w02,2026-01-28,2026-01-29,2026-02-04,688114,0.036000000004219955,0.9950541082164328,0.018333333333333313,0.0006600000000773651,
economic_medium_capacity,w02,2026-01-28,2026-01-29,2026-02-04,688281,0.036000000004219955,0.963194388777555,-0.014065112619258469,-0.000506344054352659,
economic_medium_capacity,w02,2026-01-28,2026-01-29,2026-02-04,603179,0.036000000000000004,0.9633547094188376,-0.034141459074733205,-0.0012290925266903955,
economic_medium_capacity,w02,2026-01-28,2026-01-29,2026-02-04,688525,0.036000000000000004,0.9624128256513026,-0.11941468513195708,-0.004298928664750456,
economic_medium_capacity,w02,2026-01-28,2026-01-29,2026-02-04,002156,0.036000000000000004,0.9624208416833667,-0.09351321382369249,-0.00336647569765293,
economic_medium_capacity,w02,2026-01-28,2026-01-29,2026-02-04,002945,0.036000000000000004,0.9626012024048096,0.06253521126760564,0.0022512676056338035,
economic_medium_capacity,w02,2026-01-28,2026-01-29,2026-02-04,601179,0.036000000000000004,0.9637394789579158,0.017015706806282616,0.0006125654450261743,
economic_medium_capacity,w02,2026-01-28,2026-01-29,2026-02-04,000960,0.036000000000000004,0.9635911823647294,-0.21112299465240636,-0.0076004278074866295,
economic_medium_capacity,w02,2026-01-28,2026-01-29,2026-02-04,002195,0.036000000000000004,0.9636152304609218,0.0316973415132924,0.0011411042944785264,
economic_medium_capacity,w02,2026-01-28,2026-01-29,2026-02-04,688777,0.036000000000000004,0.963627254509018,0.0724568138195778,0.002608445297504801,
economic_medium_capacity,w02,2026-01-28,2026-01-29,2026-02-04,300454,0.036000000000000004,0.9636472945891783,-0.1869409150475757,-0.0067298729417127265,
economic_medium_capacity,w02,2026-01-28,2026-01-29,2026-02-04,300919,0.036000000000000004,0.9638517034068136,-0.05801202688362228,-0.0020884329678104024,
economic_medium_capacity,w02,2026-01-28,2026-01-29,2026-02-04,300136,0.03333333331223356,0.9621643286573146,-0.040170419963481585,-0.0013390139979351328,
economic_medium_capacity,w02,2026-01-28,2026-01-29,2026-02-04,000559,0.02666666664978681,0.9620601202404809,-0.034269662921348254,-0.000913857677324153,
economic_medium_capacity,w02,2026-01-28,2026-01-29,2026-02-04,002851,0.019999999987340117,0.9620480961923847,-0.11991665469176616,-0.0023983330923171924,
economic_medium_capacity,w02,2026-01-28,2026-01-29,2026-02-04,688037,0.013333333324893405,0.9620360721442885,-0.12816964285714294,-0.0017089285703468298,
economic_medium_capacity,w02,2026-01-28,2026-01-29,2026-02-04,000657,0.0066666666624467024,0.9620320641282565,-0.10328997704667175,-0.0006885998465419317,
recent_compact_capacity,w02,2026-01-28,2026-01-29,2026-02-04,000060,0.032972380952380954,0.9975551102204407,-0.168997668997669,-0.005572255522255523,
recent_compact_capacity,w02,2026-01-28,2026-01-29,2026-02-04,002064,0.032972380952380954,0.9721643286573145,-0.16351744186046513,-0.00539155938538206,
recent_compact_capacity,w02,2026-01-28,2026-01-29,2026-02-04,002044,0.032972380952380954,0.9350300601202405,0.03276353276353272,0.0010802916836250157,
recent_compact_capacity,w02,2026-01-28,2026-01-29,2026-02-04,688387,0.032972380952380954,0.9441082164328657,-0.05978567399887191,-0.0019712760185856618,
recent_compact_capacity,w02,2026-01-28,2026-01-29,2026-02-04,001389,0.032972380952380954,0.9443286573146292,-0.006266872348630992,-0.0002066337024590034,
recent_compact_capacity,w02,2026-01-28,2026-01-29,2026-02-04,600637,0.032972380952380954,0.9447194388777554,-0.018981880931837836,-0.0006258778092772931,
recent_compact_capacity,w02,2026-01-28,2026-01-29,2026-02-04,000878,0.032972380952380954,0.9945591182364729,-0.08883911907428144,-0.002929237277591141,
recent_compact_capacity,w02,2026-01-28,2026-01-29,2026-02-04,000933,0.032972380952380954,0.9617334669338676,-0.09141583054626534,-0.0030141975898497642,
recent_compact_capacity,w02,2026-01-28,2026-01-29,2026-02-04,688777,0.032972380952380954,0.9627154308617234,0.0724568138195778,0.00238907366785486,
recent_compact_capacity,w02,2026-01-28,2026-01-29,2026-02-04,300454,0.032972380952380954,0.9712625250501001,-0.1869409150475757,-0.006163887066535352,
recent_compact_capacity,w02,2026-01-28,2026-01-29,2026-02-04,300223,0.032972380952380954,0.9600501002004007,-0.1040677966101694,-0.003431363034705405,
recent_compact_capacity,w02,2026-01-28,2026-01-29,2026-02-04,688172,0.032972380952380954,0.9753807615230461,-0.12222222222222223,-0.0040299576719576725,
recent_compact_capacity,w02,2026-01-28,2026-01-29,2026-02-04,002080,0.032972380952380954,0.978066132264529,-0.03983228511530401,-0.0013133652790256573,
recent_compact_capacity,w02,2026-01-28,2026-01-29,2026-02-04,300017,0.032972380952380954,0.9928857715430861,0.07248236048749201,0.0023899160023213915,
recent_compact_capacity,w02,2026-01-28,2026-01-29,2026-02-04,600871,0.032972380952380954,0.9922044088176353,0.020408163265306145,0.0006729057337220611,
recent_compact_capacity,w02,2026-01-28,2026-01-29,2026-02-04,300373,0.032972380952380954,0.9844288577154308,-0.12777777777777777,-0.004213137566137566,
recent_compact_capacity,w02,2026-01-28,2026-01-29,2026-02-04,603077,0.032972380952380954,0.9802204408817635,-0.12056737588652477,-0.003975393448159404,
recent_compact_capacity,w02,2026-01-28,2026-01-29,2026-02-04,600352,0.032972380952380954,0.9338577154308617,-0.026440677966101722,-0.0008718121065375312,
recent_compact_capacity,w02,2026-01-28,2026-01-29,2026-02-04,002532,0.032972380952380954,0.9797294589178356,-0.11693352741387675,-0.003855576811996026,
recent_compact_capacity,w02,2026-01-28,2026-01-29,2026-02-04,600497,0.032972380952380954,0.9789679358717434,-0.1917930419268511,-0.006323873242428107,
recent_compact_capacity,w02,2026-01-28,2026-01-29,2026-02-04,600170,0.032972380952380954,0.978877755511022,-0.04716981132075482,-0.0015553009883198597,
recent_compact_capacity,w02,2026-01-28,2026-01-29,2026-02-04,002429,0.030758,0.9552705410821642,-0.08712121212121215,-0.0026796742424242434,
recent_compact_capacity,w02,2026-01-28,2026-01-29,2026-02-04,600487,0.030758,0.9535771543086171,0.11094586555621677,0.0034124729327781153,
recent_compact_capacity,w02,2026-01-28,2026-01-29,2026-02-04,688375,0.030758,0.9526152304609218,-0.04061148857319341,-0.0012491281655342829,
recent_compact_capacity,w02,2026-01-28,2026-01-29,2026-02-04,000960,0.030758,0.9556212424849698,-0.21112299465240636,-0.006493721069518715,
recent_compact_capacity,w02,2026-01-28,2026-01-29,2026-02-04,002465,0.030758,0.9479859719438877,0.02727800348229814,0.0008390168311085262,
recent_compact_capacity,w02,2026-01-28,2026-01-29,2026-02-04,600988,0.030758,0.9472044088176352,-0.17776355100298757,-0.005467651301749892,
recent_compact_capacity,w02,2026-01-28,2026-01-29,2026-02-04,000629,0.030758,0.9578957915831663,-0.12702078521939963,-0.003906905311778294,
recent_compact_capacity,w02,2026-01-28,2026-01-29,2026-02-04,601611,0.030758,0.9442985971943887,-0.008119925046845777,-0.0002497526545908824,
recent_compact_capacity,w02,2026-01-28,2026-01-29,2026-02-04,603920,0.030758,0.9376553106212425,0.03363556595495787,0.001034562737642594,
recent_compact_capacity,w02,2026-01-28,2026-01-29,2026-02-04,002153,0.030758,0.948006012024048,-0.006111535523300238,-0.0001879786096256687,
recent_compact_current,w02,2026-01-28,2026-01-29,2026-02-04,600871,0.027027027027027035,0.9956412825651303,0.020408163265306145,0.0005515719801434095,
recent_compact_current,w02,2026-01-28,2026-01-29,2026-02-04,001389,0.027027027027027035,0.9502505010020039,-0.006266872348630992,-0.0001693749283413782,
recent_compact_current,w02,2026-01-28,2026-01-29,2026-02-04,000703,0.027027027027027035,0.9484468937875752,-0.010041841004184038,-0.0002714011082211903,
recent_compact_current,w02,2026-01-28,2026-01-29,2026-02-04,601061,0.027027027027027035,0.9416332665330662,-0.134672179562906,-0.0036397886368352986,
recent_compact_current,w02,2026-01-28,2026-01-29,2026-02-04,002153,0.027027027027027035,0.9368987975951903,-0.006111535523300238,-0.00016517663576487134,
recent_compact_current,w02,2026-01-28,2026-01-29,2026-02-04,605358,0.027027027027027035,0.935320641282565,-0.10002222716159148,-0.0027033034367997706,
recent_compact_current,w02,2026-01-28,2026-01-29,2026-02-04,002436,0.027027027027027035,0.9336673346693387,-0.06470106470106474,-0.0017486774243531016,
recent_compact_current,w02,2026-01-28,2026-01-29,2026-02-04,000825,0.027027027027027035,0.9313627254509018,-0.0724637681159419,-0.0019584802193497817,
recent_compact_current,w02,2026-01-28,2026-01-29,2026-02-04,603077,0.027027027027027035,0.930811623246493,-0.12056737588652477,-0.0032585777266628327,
recent_compact_current,w02,2026-01-28,2026-01-29,2026-02-04,688469,0.027027027027027035,0.9290581162324649,-0.10922330097087385,-0.002951981107320916,
recent_compact_current,w02,2026-01-28,2026-01-29,2026-02-04,002195,0.027027027027027035,0.9211172344689379,0.0316973415132924,0.0008566849057646597,
recent_compact_current,w02,2026-01-28,2026-01-29,2026-02-04,002156,0.027027027027027035,0.9200901803607215,-0.09351321382369249,-0.002527384157397095,
recent_compact_current,w02,2026-01-28,2026-01-29,2026-02-04,300757,0.027027027027027035,0.9189128256513026,0.20808499611298248,0.005623918813864393,
recent_compact_current,w02,2026-01-28,2026-01-29,2026-02-04,300919,0.027027027027027035,0.9164829659318638,-0.05801202688362228,-0.0015678926184762784,
recent_compact_current,w02,2026-01-28,2026-01-29,2026-02-04,688361,0.027027027027027035,0.9140280561122245,-0.05617638175777706,-0.0015182805880480292,
recent_compact_current,w02,2026-01-28,2026-01-29,2026-02-04,300857,0.027027027027027035,0.9139529058116233,-0.07938282647584971,-0.0021454817966445874,
recent_compact_current,w02,2026-01-28,2026-01-29,2026-02-04,301358,0.027027027027027035,0.9138276553106213,-0.01787657391574693,-0.00048315064637153877,
recent_compact_current,w02,2026-01-28,2026-01-29,2026-02-04,603920,0.027027027027027035,0.9486973947895792,0.03363556595495787,0.0009090693501339968,
recent_compact_current,w02,2026-01-28,2026-01-29,2026-02-04,000878,0.027027027027027035,0.9530060120240481,-0.08883911907428144,-0.0024010572722778776,
recent_compact_current,w02,2026-01-28,2026-01-29,2026-02-04,300454,0.027027027027027035,0.995190380761523,-0.1869409150475757,-0.005052457163447994,
recent_compact_current,w02,2026-01-28,2026-01-29,2026-02-04,300373,0.027027027027027035,0.953507014028056,-0.12777777777777777,-0.0034534534534534545,
recent_compact_current,w02,2026-01-28,2026-01-29,2026-02-04,000060,0.027027027027027035,0.9930360721442886,-0.168997668997669,-0.0045675045675045685,
recent_compact_current,w02,2026-01-28,2026-01-29,2026-02-04,300017,0.027027027027027035,0.9899799599198397,0.07248236048749201,0.0019589827158781633,
recent_compact_current,w02,2026-01-28,2026-01-29,2026-02-04,688172,0.027027027027027035,0.987625250501002,-0.12222222222222223,-0.0033033033033033044,
recent_compact_current,w02,2026-01-28,2026-01-29,2026-02-04,600487,0.027027027027027035,0.9835170340681363,0.11094586555621677,0.0029985369069247788,
recent_compact_current,w02,2026-01-28,2026-01-29,2026-02-04,000629,0.027027027027027035,0.9799599198396793,-0.12702078521939963,-0.00343299419511891,
recent_compact_current,w02,2026-01-28,2026-01-29,2026-02-04,300223,0.027027027027027035,0.9789078156312625,-0.1040677966101694,-0.002812643151626201,
recent_compact_current,w02,2026-01-28,2026-01-29,2026-02-04,600497,0.027027027027027035,0.9779559118236474,-0.1917930419268511,-0.005183595727752734,
recent_compact_current,w02,2026-01-28,2026-01-29,2026-02-04,688563,0.027027027027027035,0.9755511022044089,-0.0052282040412602315,-0.00014130281192595225,
recent_compact_current,w02,2026-01-28,2026-01-29,2026-02-04,002080,0.027027027027027035,0.9731462925851704,-0.03983228511530401,-0.0010765482463595683,
recent_compact_current,w02,2026-01-28,2026-01-29,2026-02-04,002851,0.027027027027027035,0.9725450901803607,-0.11991665469176616,-0.003240990667345032,
recent_compact_current,w02,2026-01-28,2026-01-29,2026-02-04,002465,0.027027027027027035,0.9674098196392785,0.02727800348229814,0.0007372433373594095,
recent_compact_current,w02,2026-01-28,2026-01-29,2026-02-04,300567,0.027027027027027035,0.9657314629258517,-0.11582880434782594,-0.0031305082256169185,
recent_compact_current,w02,2026-01-28,2026-01-29,2026-02-04,002064,0.027027027027027035,0.9625250501002004,-0.16351744186046513,-0.004419390320553113,
recent_compact_current,w02,2026-01-28,2026-01-29,2026-02-04,688027,0.027027027027027035,0.9570140280561121,0.06416275430359941,0.0017341284946918766,
recent_compact_current,w02,2026-01-28,2026-01-29,2026-02-04,601168,0.027027027027027035,0.9561623246492985,-0.12051687763713081,-0.0032572129091116447,
recent_compact_current,w02,2026-01-28,2026-01-29,2026-02-04,002008,0.027027027027027035,0.9131763527054109,-0.0333780932284673,-0.0009021106277964137,
short_aggressive_compact_capacity,w02,2026-01-28,2026-01-29,2026-02-04,688563,0.03225806451612904,0.9994539078156313,-0.0052282040412602315,-0.00016865174326645912,
short_aggressive_compact_capacity,w02,2026-01-28,2026-01-29,2026-02-04,000629,0.03225806451612904,0.9541362725450901,-0.12702078521939963,-0.0040974446844967635,
short_aggressive_compact_capacity,w02,2026-01-28,2026-01-29,2026-02-04,002044,0.03225806451612904,0.930629258517034,0.03276353276353272,0.001056888153662346,
short_aggressive_compact_capacity,w02,2026-01-28,2026-01-29,2026-02-04,002837,0.03225806451612904,0.930819639278557,0.01985801995395242,0.000640581288837175,
short_aggressive_compact_capacity,w02,2026-01-28,2026-01-29,2026-02-04,600487,0.03225806451612904,0.9318141282565131,0.11094586555621677,0.003578898888910219,
short_aggressive_compact_capacity,w02,2026-01-28,2026-01-29,2026-02-04,300567,0.03225806451612904,0.9319218436873747,-0.11582880434782594,-0.003736413043478257,
short_aggressive_compact_capacity,w02,2026-01-28,2026-01-29,2026-02-04,600765,0.03225806451612904,0.9332720440881764,-0.013979031452820867,-0.00045093649847809255,
short_aggressive_compact_capacity,w02,2026-01-28,2026-01-29,2026-02-04,688037,0.03225806451612904,0.9352234468937876,-0.12816964285714294,-0.004134504608294934,
short_aggressive_compact_capacity,w02,2026-01-28,2026-01-29,2026-02-04,688525,0.03225806451612904,0.9369178356713427,-0.11941468513195708,-0.0038520866171599063,
short_aggressive_compact_capacity,w02,2026-01-28,2026-01-29,2026-02-04,300058,0.03225806451612904,0.9424298597194389,-0.0029469548133594925,-9.506305849546752e-05,
short_aggressive_compact_capacity,w02,2026-01-28,2026-01-29,2026-02-04,002203,0.03225806451612904,0.9456122244488978,-0.1365666879387365,-0.004405377030281823,
short_aggressive_compact_capacity,w02,2026-01-28,2026-01-29,2026-02-04,688568,0.03225806451612904,0.9478957915831663,-0.05490196078431375,-0.0017710309930423795,
short_aggressive_compact_capacity,w02,2026-01-28,2026-01-29,2026-02-04,301200,0.03225806451612904,0.9481192384769538,-0.045945131142598794,-0.0014821010045999615,
short_aggressive_compact_capacity,w02,2026-01-28,2026-01-29,2026-02-04,000060,0.03225806451612904,0.9488176352705411,-0.168997668997669,-0.005451537709602227,
short_aggressive_compact_capacity,w02,2026-01-28,2026-01-29,2026-02-04,300017,0.03225806451612904,0.9491733466933867,0.07248236048749201,0.0023381406608868394,
short_aggressive_compact_capacity,w02,2026-01-28,2026-01-29,2026-02-04,300757,0.03225806451612904,0.9566763527054107,0.20808499611298248,0.006712419229451049,
short_aggressive_compact_capacity,w02,2026-01-28,2026-01-29,2026-02-04,000878,0.03225806451612904,0.995374749498998,-0.08883911907428144,-0.0028657780346542402,
short_aggressive_compact_capacity,w02,2026-01-28,2026-01-29,2026-02-04,600498,0.03225806451612904,0.9597775551102204,0.0108937855904927,0.00035141243840299035,
short_aggressive_compact_capacity,w02,2026-01-28,2026-01-29,2026-02-04,688375,0.03225806451612904,0.9627314629258517,-0.04061148857319341,-0.0013100480184901103,
short_aggressive_compact_capacity,w02,2026-01-28,2026-01-29,2026-02-04,002414,0.03225806451612904,0.9673997995991984,-0.08159912376779854,-0.0026322297989612438,
short_aggressive_compact_capacity,w02,2026-01-28,2026-01-29,2026-02-04,300724,0.03225806451612904,0.9722004008016032,0.14879054211713472,0.004799694907004347,
short_aggressive_compact_capacity,w02,2026-01-28,2026-01-29,2026-02-04,603000,0.03225806451612904,0.9727234468937875,0.02859618717504331,0.0009224576508078488,
short_aggressive_compact_capacity,w02,2026-01-28,2026-01-29,2026-02-04,688027,0.03225806451612904,0.9761157314629259,0.06416275430359941,0.002069766267858046,
short_aggressive_compact_capacity,w02,2026-01-28,2026-01-29,2026-02-04,601106,0.03225806451612904,0.9781793587174349,-0.023985239852398532,-0.0007737174145935012,
short_aggressive_compact_capacity,w02,2026-01-28,2026-01-29,2026-02-04,300454,0.03225806451612904,0.9782835671342685,-0.1869409150475757,-0.006030352098308895,
short_aggressive_compact_capacity,w02,2026-01-28,2026-01-29,2026-02-04,002008,0.03225806451612904,0.9806533066132265,-0.0333780932284673,-0.001076712684789268,
short_aggressive_compact_capacity,w02,2026-01-28,2026-01-29,2026-02-04,688777,0.03225806451612904,0.9854258517034068,0.0724568138195778,0.002337316574825091,
short_aggressive_compact_capacity,w02,2026-01-28,2026-01-29,2026-02-04,300857,0.03225806451612904,0.992311623246493,-0.07938282647584971,-0.0025607363379306363,
short_aggressive_compact_capacity,w02,2026-01-28,2026-01-29,2026-02-04,300751,0.03225806451612904,0.9943156312625251,-0.03979895973350478,-0.001283837410758219,
short_aggressive_compact_capacity,w02,2026-01-28,2026-01-29,2026-02-04,688387,0.03225806451612904,0.9944629258517034,-0.05978567399887191,-0.0019285701289958686,
short_aggressive_compact_capacity,w02,2026-01-28,2026-01-29,2026-02-04,002340,0.03225806451612904,0.9296082164328657,-0.09647302904564314,-0.003112033195020747,
short_aggressive_medium_capacity,w02,2026-01-28,2026-01-29,2026-02-04,688563,0.03225806451612904,0.9994539078156313,-0.0052282040412602315,-0.00016865174326645912,
short_aggressive_medium_capacity,w02,2026-01-28,2026-01-29,2026-02-04,000629,0.03225806451612904,0.9541362725450901,-0.12702078521939963,-0.0040974446844967635,
short_aggressive_medium_capacity,w02,2026-01-28,2026-01-29,2026-02-04,002044,0.03225806451612904,0.930629258517034,0.03276353276353272,0.001056888153662346,
short_aggressive_medium_capacity,w02,2026-01-28,2026-01-29,2026-02-04,002837,0.03225806451612904,0.930819639278557,0.01985801995395242,0.000640581288837175,
short_aggressive_medium_capacity,w02,2026-01-28,2026-01-29,2026-02-04,600487,0.03225806451612904,0.9318141282565131,0.11094586555621677,0.003578898888910219,
short_aggressive_medium_capacity,w02,2026-01-28,2026-01-29,2026-02-04,300567,0.03225806451612904,0.9319218436873747,-0.11582880434782594,-0.003736413043478257,
short_aggressive_medium_capacity,w02,2026-01-28,2026-01-29,2026-02-04,600765,0.03225806451612904,0.9332720440881764,-0.013979031452820867,-0.00045093649847809255,
short_aggressive_medium_capacity,w02,2026-01-28,2026-01-29,2026-02-04,688037,0.03225806451612904,0.9352234468937876,-0.12816964285714294,-0.004134504608294934,
short_aggressive_medium_capacity,w02,2026-01-28,2026-01-29,2026-02-04,688525,0.03225806451612904,0.9369178356713427,-0.11941468513195708,-0.0038520866171599063,
short_aggressive_medium_capacity,w02,2026-01-28,2026-01-29,2026-02-04,300058,0.03225806451612904,0.9424298597194389,-0.0029469548133594925,-9.506305849546752e-05,
short_aggressive_medium_capacity,w02,2026-01-28,2026-01-29,2026-02-04,002203,0.03225806451612904,0.9456122244488978,-0.1365666879387365,-0.004405377030281823,
short_aggressive_medium_capacity,w02,2026-01-28,2026-01-29,2026-02-04,688568,0.03225806451612904,0.9478957915831663,-0.05490196078431375,-0.0017710309930423795,
short_aggressive_medium_capacity,w02,2026-01-28,2026-01-29,2026-02-04,301200,0.03225806451612904,0.9481192384769538,-0.045945131142598794,-0.0014821010045999615,
short_aggressive_medium_capacity,w02,2026-01-28,2026-01-29,2026-02-04,000060,0.03225806451612904,0.9488176352705411,-0.168997668997669,-0.005451537709602227,
short_aggressive_medium_capacity,w02,2026-01-28,2026-01-29,2026-02-04,300017,0.03225806451612904,0.9491733466933867,0.07248236048749201,0.0023381406608868394,
short_aggressive_medium_capacity,w02,2026-01-28,2026-01-29,2026-02-04,300757,0.03225806451612904,0.9566763527054107,0.20808499611298248,0.006712419229451049,
short_aggressive_medium_capacity,w02,2026-01-28,2026-01-29,2026-02-04,000878,0.03225806451612904,0.995374749498998,-0.08883911907428144,-0.0028657780346542402,
short_aggressive_medium_capacity,w02,2026-01-28,2026-01-29,2026-02-04,600498,0.03225806451612904,0.9597775551102204,0.0108937855904927,0.00035141243840299035,
short_aggressive_medium_capacity,w02,2026-01-28,2026-01-29,2026-02-04,688375,0.03225806451612904,0.9627314629258517,-0.04061148857319341,-0.0013100480184901103,
short_aggressive_medium_capacity,w02,2026-01-28,2026-01-29,2026-02-04,002414,0.03225806451612904,0.9673997995991984,-0.08159912376779854,-0.0026322297989612438,
short_aggressive_medium_capacity,w02,2026-01-28,2026-01-29,2026-02-04,300724,0.03225806451612904,0.9722004008016032,0.14879054211713472,0.004799694907004347,
short_aggressive_medium_capacity,w02,2026-01-28,2026-01-29,2026-02-04,603000,0.03225806451612904,0.9727234468937875,0.02859618717504331,0.0009224576508078488,
short_aggressive_medium_capacity,w02,2026-01-28,2026-01-29,2026-02-04,688027,0.03225806451612904,0.9761157314629259,0.06416275430359941,0.002069766267858046,
short_aggressive_medium_capacity,w02,2026-01-28,2026-01-29,2026-02-04,601106,0.03225806451612904,0.9781793587174349,-0.023985239852398532,-0.0007737174145935012,
short_aggressive_medium_capacity,w02,2026-01-28,2026-01-29,2026-02-04,300454,0.03225806451612904,0.9782835671342685,-0.1869409150475757,-0.006030352098308895,
short_aggressive_medium_capacity,w02,2026-01-28,2026-01-29,2026-02-04,002008,0.03225806451612904,0.9806533066132265,-0.0333780932284673,-0.001076712684789268,
short_aggressive_medium_capacity,w02,2026-01-28,2026-01-29,2026-02-04,688777,0.03225806451612904,0.9854258517034068,0.0724568138195778,0.002337316574825091,
short_aggressive_medium_capacity,w02,2026-01-28,2026-01-29,2026-02-04,300857,0.03225806451612904,0.992311623246493,-0.07938282647584971,-0.0025607363379306363,
short_aggressive_medium_capacity,w02,2026-01-28,2026-01-29,2026-02-04,300751,0.03225806451612904,0.9943156312625251,-0.03979895973350478,-0.001283837410758219,
short_aggressive_medium_capacity,w02,2026-01-28,2026-01-29,2026-02-04,688387,0.03225806451612904,0.9944629258517034,-0.05978567399887191,-0.0019285701289958686,
short_aggressive_medium_capacity,w02,2026-01-28,2026-01-29,2026-02-04,002340,0.03225806451612904,0.9296082164328657,-0.09647302904564314,-0.003112033195020747,
short_aggressive_wide_capacity,w02,2026-01-28,2026-01-29,2026-02-04,300751,0.036000000004219955,0.981246993987976,-0.03979895973350478,-0.0014327625505741219,
short_aggressive_wide_capacity,w02,2026-01-28,2026-01-29,2026-02-04,002008,0.036000000004219955,0.945940881763527,-0.0333780932284673,-0.0012016113563656768,
short_aggressive_wide_capacity,w02,2026-01-28,2026-01-29,2026-02-04,300454,0.036000000004219955,0.9625921843687375,-0.1869409150475757,-0.006729872942501608,
short_aggressive_wide_capacity,w02,2026-01-28,2026-01-29,2026-02-04,300748,0.036000000004219955,0.9316683366733467,-0.06598202824133503,-0.0023753530169665026,
short_aggressive_wide_capacity,w02,2026-01-28,2026-01-29,2026-02-04,688568,0.036000000004219955,0.9352364729458917,-0.05490196078431375,-0.001976470588466979,
short_aggressive_wide_capacity,w02,2026-01-28,2026-01-29,2026-02-04,603920,0.036000000004219955,0.9364258517034068,0.03363556595495787,0.001210880374520424,
short_aggressive_wide_capacity,w02,2026-01-28,2026-01-29,2026-02-04,600498,0.036000000004219955,0.9399939879759519,0.0108937855904927,0.00039217628130370846,
short_aggressive_wide_capacity,w02,2026-01-28,2026-01-29,2026-02-04,688375,0.036000000004219955,0.9423727454909819,-0.04061148857319341,-0.0014620135888063414,
short_aggressive_wide_capacity,w02,2026-01-28,2026-01-29,2026-02-04,300724,0.036000000004219955,0.9495090180360721,0.14879054211713472,0.005356459516844739,
short_aggressive_wide_capacity,w02,2026-01-28,2026-01-29,2026-02-04,601106,0.036000000004219955,0.9518877755511022,-0.023985239852398532,-0.0008634686347875638,
short_aggressive_wide_capacity,w02,2026-01-28,2026-01-29,2026-02-04,688525,0.036000000004219955,0.9566452905811623,-0.11941468513195708,-0.004298928665254379,
short_aggressive_wide_capacity,w02,2026-01-28,2026-01-29,2026-02-04,300857,0.036000000004219955,0.9590240480961923,-0.07938282647584971,-0.0028577817534655814,
short_aggressive_wide_capacity,w02,2026-01-28,2026-01-29,2026-02-04,688347,0.036000000004219955,0.9602134268537074,-0.17920245398773016,-0.006451288344314512,
short_aggressive_wide_capacity,w02,2026-01-28,2026-01-29,2026-02-04,688027,0.036000000004219955,0.9614028056112225,0.06416275430359941,0.0023098591552003426,
short_aggressive_wide_capacity,w02,2026-01-28,2026-01-29,2026-02-04,002156,0.036000000004219955,0.9150170340681363,-0.09351321382369249,-0.003366475698047551,
short_aggressive_wide_capacity,w02,2026-01-28,2026-01-29,2026-02-04,688122,0.036000000000000004,0.9162064128256513,-0.07085042687659382,-0.0025506153675573778,
short_aggressive_wide_capacity,w02,2026-01-28,2026-01-29,2026-02-04,301358,0.036000000000000004,0.9102595190380761,-0.01787657391574693,-0.0006435566609668895,
short_aggressive_wide_capacity,w02,2026-01-28,2026-01-29,2026-02-04,688599,0.036000000000000004,0.9114488977955912,0.1162203132895403,0.004183931278423451,
short_aggressive_wide_capacity,w02,2026-01-28,2026-01-29,2026-02-04,002409,0.036000000000000004,0.9126382765531063,-0.08878456985406658,-0.003196244514746397,
short_aggressive_wide_capacity,w02,2026-01-28,2026-01-29,2026-02-04,002195,0.036000000000000004,0.9292895791583167,0.0316973415132924,0.0011411042944785264,
short_aggressive_wide_capacity,w02,2026-01-28,2026-01-29,2026-02-04,300223,0.036000000000000004,0.9185851703406813,-0.1040677966101694,-0.003746440677966099,
short_aggressive_wide_capacity,w02,2026-01-28,2026-01-29,2026-02-04,688387,0.036000000000000004,0.9221533066132265,-0.05978567399887191,-0.002152284263959389,
short_aggressive_wide_capacity,w02,2026-01-28,2026-01-29,2026-02-04,601611,0.036000000000000004,0.9269108216432866,-0.008119925046845777,-0.000292317301686448,
short_aggressive_wide_capacity,w02,2026-01-28,2026-01-29,2026-02-04,688183,0.036000000000000004,0.9281002004008017,-0.0888126139654618,-0.0031972541027566253,
short_aggressive_wide_capacity,w02,2026-01-28,2026-01-29,2026-02-04,002202,0.036000000000000004,0.9304789579158317,-0.01551786358715268,-0.0005586430891374966,
short_aggressive_wide_capacity,w02,2026-01-28,2026-01-29,2026-02-04,002340,0.03333333331223356,0.9098852705410823,-0.09647302904564314,-0.0032157676328192124,
short_aggressive_wide_capacity,w02,2026-01-28,2026-01-29,2026-02-04,688281,0.02666666664978681,0.904312625250501,-0.014065112619258469,-0.0003750696696094754,
short_aggressive_wide_capacity,w02,2026-01-28,2026-01-29,2026-02-04,300496,0.019999999987340117,0.9007444889779559,-0.0691523674364598,-0.0013830473478537353,
short_aggressive_wide_capacity,w02,2026-01-28,2026-01-29,2026-02-04,002153,0.013333333324893405,0.8995551102204409,-0.006111535523300238,-8.148714025908892e-05,
short_aggressive_wide_capacity,w02,2026-01-28,2026-01-29,2026-02-04,688172,0.0066666666624467024,0.8983657314629259,-0.12222222222222223,-0.0008148148142990415,
stable_compact_capacity,w02,2026-01-28,2026-01-29,2026-02-04,688172,0.030303030303030304,0.9980400801603206,-0.12222222222222223,-0.0037037037037037043,
stable_compact_capacity,w02,2026-01-28,2026-01-29,2026-02-04,002195,0.030303030303030304,0.9588176352705411,0.0316973415132924,0.0009605255004028,
stable_compact_capacity,w02,2026-01-28,2026-01-29,2026-02-04,688027,0.030303030303030304,0.9325250501002004,0.06416275430359941,0.001944325887987861,
stable_compact_capacity,w02,2026-01-28,2026-01-29,2026-02-04,600170,0.030303030303030304,0.9353867735470942,-0.04716981132075482,-0.001429388221841055,
stable_compact_capacity,w02,2026-01-28,2026-01-29,2026-02-04,688709,0.030303030303030304,0.9390220440881764,-0.08849045691150947,-0.002681528997318469,
stable_compact_capacity,w02,2026-01-28,2026-01-29,2026-02-04,300017,0.030303030303030304,0.9402484969939878,0.07248236048749201,0.002196435166287637,
stable_compact_capacity,w02,2026-01-28,2026-01-29,2026-02-04,601611,0.030303030303030304,0.9404529058116232,-0.008119925046845777,-0.0002460583347529023,
stable_compact_capacity,w02,2026-01-28,2026-01-29,2026-02-04,688778,0.030303030303030304,0.9408897795591182,-0.07207207207207211,-0.0021840021840021854,
stable_compact_capacity,w02,2026-01-28,2026-01-29,2026-02-04,601399,0.030303030303030304,0.9415751503006012,-0.003816793893129833,-0.00011566042100393434,
stable_compact_capacity,w02,2026-01-28,2026-01-29,2026-02-04,600487,0.030303030303030304,0.941687374749499,0.11094586555621677,0.0033619959259459627,
stable_compact_capacity,w02,2026-01-28,2026-01-29,2026-02-04,002429,0.030303030303030304,0.9452705410821642,-0.08712121212121215,-0.002640036730945823,
stable_compact_capacity,w02,2026-01-28,2026-01-29,2026-02-04,301358,0.030303030303030304,0.9464849699398796,-0.01787657391574693,-0.0005417143610832403,
stable_compact_capacity,w02,2026-01-28,2026-01-29,2026-02-04,300919,0.030303030303030304,0.9524769539078155,-0.05801202688362228,-0.0017579402085946146,
stable_compact_capacity,w02,2026-01-28,2026-01-29,2026-02-04,300857,0.030303030303030304,0.9539078156312626,-0.07938282647584971,-0.00240554019623787,
stable_compact_capacity,w02,2026-01-28,2026-01-29,2026-02-04,605358,0.030303030303030304,0.9550300601202405,-0.10002222716159148,-0.0030309765806542876,
stable_compact_capacity,w02,2026-01-28,2026-01-29,2026-02-04,002080,0.030303030303030304,0.9573426853707415,-0.03983228511530401,-0.0012070389428880004,
stable_compact_capacity,w02,2026-01-28,2026-01-29,2026-02-04,601106,0.030303030303030304,0.9604128256513026,-0.023985239852398532,-0.0007268254500726829,
stable_compact_capacity,w02,2026-01-28,2026-01-29,2026-02-04,300757,0.030303030303030304,0.9936112224448898,0.20808499611298248,0.006305605942817651,
stable_compact_capacity,w02,2026-01-28,2026-01-29,2026-02-04,000878,0.030303030303030304,0.9644569138276553,-0.08883911907428144,-0.002692094517402468,
stable_compact_capacity,w02,2026-01-28,2026-01-29,2026-02-04,688375,0.030303030303030304,0.9656432865731464,-0.04061148857319341,-0.0012306511688846488,
stable_compact_capacity,w02,2026-01-28,2026-01-29,2026-02-04,603920,0.030303030303030304,0.9662404809619238,0.03363556595495787,0.0010192595743926628,
stable_compact_capacity,w02,2026-01-28,2026-01-29,2026-02-04,000060,0.030303030303030304,0.9692785571142285,-0.168997668997669,-0.005121141484777848,
stable_compact_capacity,w02,2026-01-28,2026-01-29,2026-02-04,000629,0.030303030303030304,0.9697354709418837,-0.12702078521939963,-0.003849114703618171,
stable_compact_capacity,w02,2026-01-28,2026-01-29,2026-02-04,300751,0.030303030303030304,0.9719879759519038,-0.03979895973350478,-0.001206029082833478,
stable_compact_capacity,w02,2026-01-28,2026-01-29,2026-02-04,300567,0.030303030303030304,0.9730901803607215,-0.11582880434782594,-0.0035099637681159377,
stable_compact_capacity,w02,2026-01-28,2026-01-29,2026-02-04,600871,0.030303030303030304,0.9783086172344689,0.020408163265306145,0.000618429189857762,
stable_compact_capacity,w02,2026-01-28,2026-01-29,2026-02-04,002532,0.030303030303030304,0.980004008016032,-0.11693352741387675,-0.003543440224662932,
stable_compact_capacity,w02,2026-01-28,2026-01-29,2026-02-04,688568,0.030303030303030304,0.9803527054108216,-0.05490196078431375,-0.001663695781342841,
stable_compact_capacity,w02,2026-01-28,2026-01-29,2026-02-04,688777,0.030303030303030304,0.9814348697394789,0.0724568138195778,0.002195661024835691,
stable_compact_capacity,w02,2026-01-28,2026-01-29,2026-02-04,603077,0.030303030303030304,0.9843406813627255,-0.12056737588652477,-0.0036535568450462054,
stable_compact_capacity,w02,2026-01-28,2026-01-29,2026-02-04,300454,0.030303030303030304,0.9872705410821643,-0.1869409150475757,-0.0056648762135629,
stable_compact_capacity,w02,2026-01-28,2026-01-29,2026-02-04,000933,0.030303030303030304,0.989318637274549,-0.09141583054626534,-0.002770176683220162,
stable_compact_capacity,w02,2026-01-28,2026-01-29,2026-02-04,002008,0.030303030303030304,0.930124248496994,-0.0333780932284673,-0.0010114573705596152,
stable_compact_current,w02,2026-01-28,2026-01-29,2026-02-04,688172,0.03253310000000001,0.9895485971943888,-0.12222222222222223,-0.003976267777777779,
stable_compact_current,w02,2026-01-28,2026-01-29,2026-02-04,000878,0.03253310000000001,0.9566928857715431,-0.08883911907428144,-0.002890211944755506,
stable_compact_current,w02,2026-01-28,2026-01-29,2026-02-04,300223,0.03253310000000001,0.8855055110220442,-0.1040677966101694,-0.0033856480338983032,
stable_compact_current,w02,2026-01-28,2026-01-29,2026-02-04,688709,0.03253310000000001,0.8913627254509018,-0.08849045691150947,-0.00287886888374783,
stable_compact_current,w02,2026-01-28,2026-01-29,2026-02-04,300567,0.03253310000000001,0.8935531062124248,-0.11582880434782594,-0.003768270074728257,
stable_compact_current,w02,2026-01-28,2026-01-29,2026-02-04,300454,0.03253310000000001,0.9851678356713427,-0.1869409150475757,-0.006081767483334287,
stable_compact_current,w02,2026-01-28,2026-01-29,2026-02-04,300757,0.03253310000000001,0.9132665330661323,0.20808499611298248,0.006769649987043273,
stable_compact_current,w02,2026-01-28,2026-01-29,2026-02-04,601106,0.03253310000000001,0.9176472945891784,-0.023985239852398532,-0.0007803142066420669,
stable_compact_current,w02,2026-01-28,2026-01-29,2026-02-04,688002,0.03253310000000001,0.9238371743486975,-0.022107282889797353,-0.0007192184449820665,
stable_compact_current,w02,2026-01-28,2026-01-29,2026-02-04,688599,0.03253310000000001,0.9512169338677355,0.1162203132895403,0.0037810070742799445,
stable_compact_current,w02,2026-01-28,2026-01-29,2026-02-04,002195,0.03253310000000001,0.9121713426853707,0.0316973415132924,0.0010312127811860931,
stable_compact_current,w02,2026-01-28,2026-01-29,2026-02-04,300724,0.03253310000000001,0.9577880761523047,0.14879054211713472,0.004840617585750957,
stable_compact_current,w02,2026-01-28,2026-01-29,2026-02-04,002429,0.03253310000000001,0.9698351703406813,-0.08712121212121215,-0.002834323106060608,
stable_compact_current,w02,2026-01-28,2026-01-29,2026-02-04,600871,0.03253310000000001,0.9840726452905811,0.020408163265306145,0.0006639408163265316,
stable_compact_current,w02,2026-01-28,2026-01-29,2026-02-04,603077,0.03253310000000001,0.9829774549098197,-0.12056737588652477,-0.0039224304964539,
stable_compact_current,w02,2026-01-28,2026-01-29,2026-02-04,000060,0.03253310000000001,0.9785966933867736,-0.168997668997669,-0.0054980180652680665,
stable_compact_current,w02,2026-01-28,2026-01-29,2026-02-04,002465,0.03253310000000001,0.8847915831663327,0.02727800348229814,0.0008874380150899539,
stable_compact_current,w02,2026-01-28,2026-01-29,2026-02-04,000629,0.03253310000000001,0.977501503006012,-0.12702078521939963,-0.004132379907621252,
stable_compact_current,w02,2026-01-28,2026-01-29,2026-02-04,688777,0.03253310000000001,0.975311122244489,0.0724568138195778,0.0023572447696737072,
stable_compact_current,w02,2026-01-28,2026-01-29,2026-02-04,300857,0.03253310000000001,0.9720255511022045,-0.07938282647584971,-0.002582569432021467,
stable_compact_current,w02,2026-01-28,2026-01-29,2026-02-04,603920,0.03175800000000001,0.9056002004008016,0.03363556595495787,0.0010681983035975523,
stable_compact_current,w02,2026-01-28,2026-01-29,2026-02-04,002080,0.03175800000000001,0.90450501002004,-0.03983228511530401,-0.0012649937106918251,
stable_compact_current,w02,2026-01-28,2026-01-29,2026-02-04,601611,0.03175800000000001,0.900124248496994,-0.008119925046845777,-0.00025787257963772825,
stable_compact_current,w02,2026-01-28,2026-01-29,2026-02-04,002044,0.03175800000000001,0.8990290581162325,0.03276353276353272,0.0010405042735042724,
stable_compact_current,w02,2026-01-28,2026-01-29,2026-02-04,688568,0.03175800000000001,0.9077905811623247,-0.05490196078431375,-0.0017435764705882367,
stable_compact_current,w02,2026-01-28,2026-01-29,2026-02-04,605358,0.03175800000000001,0.8951958917835672,-0.10002222716159148,-0.003176505890197823,
stable_compact_current,w02,2026-01-28,2026-01-29,2026-02-04,688027,0.03175800000000001,0.8951958917835672,0.06416275430359941,0.0020376807511737105,
stable_compact_current,w02,2026-01-28,2026-01-29,2026-02-04,002409,0.03175800000000001,0.8924579158316633,-0.08878456985406658,-0.002819620369425447,
stable_compact_current,w02,2026-01-28,2026-01-29,2026-02-04,600170,0.03175800000000001,0.8902675350701403,-0.04716981132075482,-0.001498018867924532,
stable_compact_current,w02,2026-01-28,2026-01-29,2026-02-04,301358,0.03175800000000001,0.8858867735470942,-0.01787657391574693,-0.0005677242344162911,
stable_compact_current,w02,2026-01-28,2026-01-29,2026-02-04,688281,0.03175800000000001,0.8968386773547095,-0.014065112619258469,-0.00044667984656241057,
stable_extra_wide_capacity,w02,2026-01-28,2026-01-29,2026-02-04,300454,0.02173913043478261,0.9965731462925852,-0.1869409150475757,-0.004063932935816863,
stable_extra_wide_capacity,w02,2026-01-28,2026-01-29,2026-02-04,000060,0.02173913043478261,0.9152004008016033,-0.168997668997669,-0.003673862369514544,
stable_extra_wide_capacity,w02,2026-01-28,2026-01-29,2026-02-04,688027,0.02173913043478261,0.9315531062124249,0.06416275430359941,0.001394842484860857,
stable_extra_wide_capacity,w02,2026-01-28,2026-01-29,2026-02-04,000878,0.02173913043478261,0.9299198396793588,-0.08883911907428144,-0.001931285197266988,
stable_extra_wide_capacity,w02,2026-01-28,2026-01-29,2026-02-04,300432,0.02173913043478261,0.925561122244489,0.03065774804905219,0.0006664727836750477,
stable_extra_wide_capacity,w02,2026-01-28,2026-01-29,2026-02-04,300037,0.02173913043478261,0.9243987975951904,-0.06760828625235416,-0.001469745353312047,
stable_extra_wide_capacity,w02,2026-01-28,2026-01-29,2026-02-04,600498,0.02173913043478261,0.9241583166332666,0.0108937855904927,0.0002368214258802761,
stable_extra_wide_capacity,w02,2026-01-28,2026-01-29,2026-02-04,000155,0.02173913043478261,0.9212525050100202,-0.05340160936356986,-0.0011609045513819535,
stable_extra_wide_capacity,w02,2026-01-28,2026-01-29,2026-02-04,688778,0.02173913043478261,0.9206613226452907,-0.07207207207207211,-0.0015667841754798287,
stable_extra_wide_capacity,w02,2026-01-28,2026-01-29,2026-02-04,002202,0.02173913043478261,0.9174248496993989,-0.01551786358715268,-0.0003373448605902757,
stable_extra_wide_capacity,w02,2026-01-28,2026-01-29,2026-02-04,300285,0.02173913043478261,0.9160821643286574,-0.022992125984251932,-0.0004998288257446073,
stable_extra_wide_capacity,w02,2026-01-28,2026-01-29,2026-02-04,002532,0.02173913043478261,0.9147194388777555,-0.11693352741387675,-0.002542033204649495,
stable_extra_wide_capacity,w02,2026-01-28,2026-01-29,2026-02-04,603920,0.02173913043478261,0.9917134268537074,0.03363556595495787,0.0007312079555425625,
stable_extra_wide_capacity,w02,2026-01-28,2026-01-29,2026-02-04,300207,0.02173913043478261,0.9123947895791584,-0.018181818181818077,-0.0003952569169960452,
stable_extra_wide_capacity,w02,2026-01-28,2026-01-29,2026-02-04,300627,0.02173913043478261,0.91124248496994,-0.03060192210419832,-0.0006652591761782244,
stable_extra_wide_capacity,w02,2026-01-28,2026-01-29,2026-02-04,603077,0.02173913043478261,0.9085971943887776,-0.12056737588652477,-0.002621029910576626,
stable_extra_wide_capacity,w02,2026-01-28,2026-01-29,2026-02-04,300757,0.02173913043478261,0.9078456913827655,0.20808499611298248,0.004523586872021359,
stable_extra_wide_capacity,w02,2026-01-28,2026-01-29,2026-02-04,600363,0.02173913043478261,0.9052204408817637,-0.03876438522107828,-0.0008427040265451801,
stable_extra_wide_capacity,w02,2026-01-28,2026-01-29,2026-02-04,601106,0.02173913043478261,0.9017635270541082,-0.023985239852398532,-0.0005214182576608377,
stable_extra_wide_capacity,w02,2026-01-28,2026-01-29,2026-02-04,688676,0.02173913043478261,0.9013226452905813,0.05605860209583868,0.0012186652629530151,
stable_extra_wide_capacity,w02,2026-01-28,2026-01-29,2026-02-04,300073,0.02173913043478261,0.8992384769539079,-0.05118644067796618,-0.0011127487103905693,
stable_extra_wide_capacity,w02,2026-01-28,2026-01-29,2026-02-04,002156,0.02173913043478261,0.8986472945891784,-0.09351321382369249,-0.0020328959526889675,
stable_extra_wide_capacity,w02,2026-01-28,2026-01-29,2026-02-04,688385,0.02173913043478261,0.9318737474949901,-0.05508371754428543,-0.0011974721205279442,
stable_extra_wide_capacity,w02,2026-01-28,2026-01-29,2026-02-04,002195,0.02173913043478261,0.9349699398797595,0.0316973415132924,0.0006890726415933131,
stable_extra_wide_capacity,w02,2026-01-28,2026-01-29,2026-02-04,002281,0.02173913043478261,0.9373146292585172,-0.03462603878116344,-0.000752739973503553,
stable_extra_wide_capacity,w02,2026-01-28,2026-01-29,2026-02-04,688122,0.02173913043478261,0.9395691382765532,-0.07085042687659382,-0.0015402266712303007,
stable_extra_wide_capacity,w02,2026-01-28,2026-01-29,2026-02-04,688172,0.02173913043478261,0.9899699398797595,-0.12222222222222223,-0.002657004830917875,
stable_extra_wide_capacity,w02,2026-01-28,2026-01-29,2026-02-04,688387,0.02173913043478261,0.9808517034068137,-0.05978567399887191,-0.0012996885651928678,
stable_extra_wide_capacity,w02,2026-01-28,2026-01-29,2026-02-04,300857,0.02173913043478261,0.9805310621242485,-0.07938282647584971,-0.0017257136190402113,
stable_extra_wide_capacity,w02,2026-01-28,2026-01-29,2026-02-04,688281,0.02173913043478261,0.9782264529058117,-0.014065112619258469,-0.00030576331780996673,
stable_extra_wide_capacity,w02,2026-01-28,2026-01-29,2026-02-04,601179,0.02173913043478261,0.9745290581162325,0.017015706806282616,0.00036990666970179606,
stable_extra_wide_capacity,w02,2026-01-28,2026-01-29,2026-02-04,300223,0.02173913043478261,0.9677054108216434,-0.1040677966101694,-0.0022623434045689005,
stable_extra_wide_capacity,w02,2026-01-28,2026-01-29,2026-02-04,300919,0.02173913043478261,0.9676553106212424,-0.05801202688362228,-0.0012611310192091802,
stable_extra_wide_capacity,w02,2026-01-28,2026-01-29,2026-02-04,301611,0.02173913043478261,0.9627655310621244,-0.049756019518438555,-0.0010816525982269252,
stable_extra_wide_capacity,w02,2026-01-28,2026-01-29,2026-02-04,000933,0.02173913043478261,0.962755511022044,-0.09141583054626534,-0.001987300664049247,
stable_extra_wide_capacity,w02,2026-01-28,2026-01-29,2026-02-04,301358,0.02173913043478261,0.9625050100200401,-0.01787657391574693,-0.00038862117208145506,
stable_extra_wide_capacity,w02,2026-01-28,2026-01-29,2026-02-04,002080,0.02173913043478261,0.9599298597194389,-0.03983228511530401,-0.0008659192416370439,
stable_extra_wide_capacity,w02,2026-01-28,2026-01-29,2026-02-04,002335,0.02173913043478261,0.9582264529058115,-0.08503031245142234,-0.0018484850532917902,
stable_extra_wide_capacity,w02,2026-01-28,2026-01-29,2026-02-04,002008,0.02173913043478261,0.9547494989979961,-0.0333780932284673,-0.0007256107223579849,
stable_extra_wide_capacity,w02,2026-01-28,2026-01-29,2026-02-04,300567,0.02173913043478261,0.9519238476953908,-0.11582880434782594,-0.0025180174858223034,
stable_extra_wide_capacity,w02,2026-01-28,2026-01-29,2026-02-04,601611,0.02173913043478261,0.9501402805611223,-0.008119925046845777,-0.00017652010971403866,
stable_extra_wide_capacity,w02,2026-01-28,2026-01-29,2026-02-04,601399,0.02173913043478261,0.9484468937875752,-0.003816793893129833,-8.297378028543116e-05,
stable_extra_wide_capacity,w02,2026-01-28,2026-01-29,2026-02-04,002429,0.02173913043478261,0.9425050100200401,-0.08712121212121215,-0.0018939393939393949,
stable_extra_wide_capacity,w02,2026-01-28,2026-01-29,2026-02-04,605358,0.02173913043478261,0.9424148296593188,-0.10002222716159148,-0.0021743962426432934,
stable_extra_wide_capacity,w02,2026-01-28,2026-01-29,2026-02-04,300724,0.02173913043478261,0.9405811623246494,0.14879054211713472,0.0032345770025464073,
stable_extra_wide_capacity,w02,2026-01-28,2026-01-29,2026-02-04,688582,0.02173913043478261,0.8969438877755511,-0.07919655667144898,-0.0017216642754662825,
stable_medium_capacity,w02,2026-01-28,2026-01-29,2026-02-04,688172,0.01075268817204301,0.9972645290581162,-0.12222222222222223,-0.0013142174432497014,
stable_medium_capacity,w02,2026-01-28,2026-01-29,2026-02-04,600516,0.01075268817204301,0.8695591182364729,-0.039279869067103124,-0.00042236418351723786,
stable_medium_capacity,w02,2026-01-28,2026-01-29,2026-02-04,002436,0.01075268817204301,0.8425951903807615,-0.06470106470106474,-0.0006957103731297283,
stable_medium_capacity,w02,2026-01-28,2026-01-29,2026-02-04,601106,0.01075268817204301,0.8452304609218437,-0.023985239852398532,-0.0002579058048645003,
stable_medium_capacity,w02,2026-01-28,2026-01-29,2026-02-04,300487,0.01075268817204301,0.8505160320641283,-0.024717514124293793,-0.0002657797217665999,
stable_medium_capacity,w02,2026-01-28,2026-01-29,2026-02-04,003031,0.01075268817204301,0.8532815631262526,-0.044142822205918364,-0.0004746540022141759,
stable_medium_capacity,w02,2026-01-28,2026-01-29,2026-02-04,688018,0.01075268817204301,0.8607364729458917,-0.09828674481514876,-0.0010568467184424598,
stable_medium_capacity,w02,2026-01-28,2026-01-29,2026-02-04,688183,0.01075268817204301,0.8612675350701402,-0.0888126139654618,-0.000954974343714643,
stable_medium_capacity,w02,2026-01-28,2026-01-29,2026-02-04,300748,0.01075268817204301,0.8620090180360721,-0.06598202824133503,-0.000709484174638011,
stable_medium_capacity,w02,2026-01-28,2026-01-29,2026-02-04,600673,0.01075268817204301,0.8622745490981963,0.06469100108420678,0.0006956021621957717,
stable_medium_capacity,w02,2026-01-28,2026-01-29,2026-02-04,600497,0.01075268817204301,0.8684118236472946,-0.1917930419268511,-0.002062290773407001,
stable_medium_capacity,w02,2026-01-28,2026-01-29,2026-02-04,601168,0.01075268817204301,0.8706763527054109,-0.12051687763713081,-0.0012958804047003313,
stable_medium_capacity,w02,2026-01-28,2026-01-29,2026-02-04,300373,0.01075268817204301,0.8845290581162324,-0.12777777777777777,-0.001373954599761051,
stable_medium_capacity,w02,2026-01-28,2026-01-29,2026-02-04,300073,0.01075268817204301,0.8722745490981964,-0.05118644067796618,-0.0005503918352469481,
stable_medium_capacity,w02,2026-01-28,2026-01-29,2026-02-04,300037,0.01075268817204301,0.8743136272545089,-0.06760828625235416,-0.0007269708199177865,
stable_medium_capacity,w02,2026-01-28,2026-01-29,2026-02-04,300496,0.01075268817204301,0.8760370741482966,-0.0691523674364598,-0.0007435738434027935,
stable_medium_capacity,w02,2026-01-28,2026-01-29,2026-02-04,688582,0.01075268817204301,0.8792935871743488,-0.07919655667144898,-0.0008515758781876233,
stable_medium_capacity,w02,2026-01-28,2026-01-29,2026-02-04,002153,0.01075268817204301,0.8793987975951904,-0.006111535523300238,-6.571543573441115e-05,
stable_medium_capacity,w02,2026-01-28,2026-01-29,2026-02-04,002465,0.01075268817204301,0.8812424849699398,0.02727800348229814,0.00029331186540105527,
stable_medium_capacity,w02,2026-01-28,2026-01-29,2026-02-04,000629,0.01075268817204301,0.8819539078156313,-0.12702078521939963,-0.001365814894832254,
stable_medium_capacity,w02,2026-01-28,2026-01-29,2026-02-04,688318,0.01075268817204301,0.8829509018036072,-0.03873847926267282,-0.00041654278777067546,
stable_medium_capacity,w02,2026-01-28,2026-01-29,2026-02-04,600435,0.01075268817204301,0.8839679358717435,-0.020515826494724387,-0.00022060028488950952,
stable_medium_capacity,w02,2026-01-28,2026-01-29,2026-02-04,000831,0.01075268817204301,0.8416533066132263,-0.053050397877984046,-0.0005704343857847747,
stable_medium_capacity,w02,2026-01-28,2026-01-29,2026-02-04,688599,0.01075268817204301,0.8391533066132264,0.1162203132895403,0.001249680788059573,
stable_medium_capacity,w02,2026-01-28,2026-01-29,2026-02-04,000060,0.01075268817204301,0.8380861723446893,-0.168997668997669,-0.001817179236534075,
stable_medium_capacity,w02,2026-01-28,2026-01-29,2026-02-04,002318,0.01075268817204301,0.8361372745490983,-0.035563082133784896,-0.0003823987326213429,
stable_medium_capacity,w02,2026-01-28,2026-01-29,2026-02-04,600312,0.01075268817204301,0.7714929859719439,-0.0108108108108107,-0.00011624527753559892,
stable_medium_capacity,w02,2026-01-28,2026-01-29,2026-02-04,000032,0.01075268817204301,0.7817434869739479,-0.05871474803513632,-0.0006313413767218959,
stable_medium_capacity,w02,2026-01-28,2026-01-29,2026-02-04,688002,0.01075268817204301,0.7821242484969939,-0.022107282889797353,-0.0002377127192451328,
stable_medium_capacity,w02,2026-01-28,2026-01-29,2026-02-04,601233,0.01075268817204301,0.7833867735470943,-0.03690036900369009,-0.000396778161330001,
stable_medium_capacity,w02,2026-01-28,2026-01-29,2026-02-04,600295,0.01075268817204301,0.7850300601202405,-0.011053315994798418,-0.00011885286015912277,
stable_medium_capacity,w02,2026-01-28,2026-01-29,2026-02-04,600096,0.01075268817204301,0.7862725450901804,-0.09551265981448986,-0.0010270178474676328,
stable_medium_capacity,w02,2026-01-28,2026-01-29,2026-02-04,601118,0.01075268817204301,0.7925701402805612,-0.014025245441795176,-0.00015080909077199112,
stable_medium_capacity,w02,2026-01-28,2026-01-29,2026-02-04,000825,0.01075268817204301,0.7969488977955912,-0.0724637681159419,-0.000779180302321956,
stable_medium_capacity,w02,2026-01-28,2026-01-29,2026-02-04,002202,0.01075268817204301,0.7992785571142285,-0.01551786358715268,-0.00016685874824895353,
stable_medium_capacity,w02,2026-01-28,2026-01-29,2026-02-04,688469,0.01075268817204301,0.8044789579158317,-0.10922330097087385,-0.001174444096461009,
stable_medium_capacity,w02,2026-01-28,2026-01-29,2026-02-04,002340,0.01075268817204301,0.8058967935871744,-0.09647302904564314,-0.0010373443983402487,
stable_medium_capacity,w02,2026-01-28,2026-01-29,2026-02-04,000021,0.01075268817204301,0.8155360721442887,-0.1090509113764927,-0.0011725904449085235,
stable_medium_capacity,w02,2026-01-28,2026-01-29,2026-02-04,300724,0.01075268817204301,0.8211973947895792,0.14879054211713472,0.0015998983023347818,
stable_medium_capacity,w02,2026-01-28,2026-01-29,2026-02-04,603659,0.01075268817204301,0.8212825651302605,-0.009200283085633476,-9.892777511433845e-05,
stable_medium_capacity,w02,2026-01-28,2026-01-29,2026-02-04,688248,0.01075268817204301,0.8234569138276553,-0.05964467005076146,-0.0006413405381802307,
stable_medium_capacity,w02,2026-01-28,2026-01-29,2026-02-04,002414,0.01075268817204301,0.8239979959919839,-0.08159912376779854,-0.000877409932987081,
stable_medium_capacity,w02,2026-01-28,2026-01-29,2026-02-04,688375,0.01075268817204301,0.8258617234468938,-0.04061148857319341,-0.0004366826728300366,
stable_medium_capacity,w02,2026-01-28,2026-01-29,2026-02-04,688676,0.01075268817204301,0.8273997995991984,0.05605860209583868,0.0006027806676971901,
stable_medium_capacity,w02,2026-01-28,2026-01-29,2026-02-04,002430,0.01075268817204301,0.8328406813627255,-0.022514071294559068,-0.00024208678811353835,
stable_medium_capacity,w02,2026-01-28,2026-01-29,2026-02-04,688019,0.01075268817204301,0.8842234468937875,-0.11385599564448068,-0.0012242580176825878,
stable_medium_capacity,w02,2026-01-28,2026-01-29,2026-02-04,601061,0.01075268817204301,0.891317635270541,-0.134672179562906,-0.0014480879522893117,
stable_medium_capacity,w02,2026-01-28,2026-01-29,2026-02-04,000933,0.01075268817204301,0.9908917835671343,-0.09141583054626534,-0.0009829659198523153,
stable_medium_capacity,w02,2026-01-28,2026-01-29,2026-02-04,601179,0.01075268817204301,0.9641082164328657,0.017015706806282616,0.00018296458931486682,
stable_medium_capacity,w02,2026-01-28,2026-01-29,2026-02-04,300285,0.01075268817204301,0.9432414829659319,-0.022992125984251932,-0.0002472271611209885,
stable_medium_capacity,w02,2026-01-28,2026-01-29,2026-02-04,688387,0.01075268817204301,0.9460721442885771,-0.05978567399887191,-0.0006428567096652893,
stable_medium_capacity,w02,2026-01-28,2026-01-29,2026-02-04,002080,0.01075268817204301,0.94625250501002,-0.03983228511530401,-0.0004283041410247743,
stable_medium_capacity,w02,2026-01-28,2026-01-29,2026-02-04,000155,0.01075268817204301,0.9467184368737475,-0.05340160936356986,-0.0005742108533717189,
stable_medium_capacity,w02,2026-01-28,2026-01-29,2026-02-04,688281,0.01075268817204301,0.9479408817635271,-0.014065112619258469,-0.0001512377700995534,
stable_medium_capacity,w02,2026-01-28,2026-01-29,2026-02-04,600871,0.01075268817204301,0.954258517034068,0.020408163265306145,0.00021944261575598004,
stable_medium_capacity,w02,2026-01-28,2026-01-29,2026-02-04,688709,0.01075268817204301,0.9548296593186373,-0.08849045691150947,-0.0009515102893710696,
stable_medium_capacity,w02,2026-01-28,2026-01-29,2026-02-04,688027,0.01075268817204301,0.959559118236473,0.06416275430359941,0.0006899220892860151,
stable_medium_capacity,w02,2026-01-28,2026-01-29,2026-02-04,601399,0.01075268817204301,0.9640130260521043,-0.003816793893129833,-4.1040794549783145e-05,
stable_medium_capacity,w02,2026-01-28,2026-01-29,2026-02-04,300919,0.01075268817204301,0.9651152304609218,-0.05801202688362228,-0.0006237852353077664,
stable_medium_capacity,w02,2026-01-28,2026-01-29,2026-02-04,600498,0.01075268817204301,0.8920490981963928,0.0108937855904927,0.00011713747946766342,
stable_medium_capacity,w02,2026-01-28,2026-01-29,2026-02-04,603077,0.01075268817204301,0.9668236472945893,-0.12056737588652477,-0.0012964233966292985,
stable_medium_capacity,w02,2026-01-28,2026-01-29,2026-02-04,688122,0.01075268817204301,0.968942885771543,-0.07085042687659382,-0.0007618325470601485,
stable_medium_capacity,w02,2026-01-28,2026-01-29,2026-02-04,002008,0.01075268817204301,0.9692084168336672,-0.0333780932284673,-0.0003589042282630892,
stable_medium_capacity,w02,2026-01-28,2026-01-29,2026-02-04,600170,0.01075268817204301,0.9697294589178357,-0.04716981132075482,-0.0005072022722661808,
stable_medium_capacity,w02,2026-01-28,2026-01-29,2026-02-04,605358,0.01075268817204301,0.9712024048096193,-0.10002222716159148,-0.0010755078189418439,
stable_medium_capacity,w02,2026-01-28,2026-01-29,2026-02-04,603920,0.01075268817204301,0.9777755511022044,0.03363556595495787,0.00036167275220384804,
stable_medium_capacity,w02,2026-01-28,2026-01-29,2026-02-04,002195,0.01075268817204301,0.9779559118236473,0.0316973415132924,0.00034083162917518704,
stable_medium_capacity,w02,2026-01-28,2026-01-29,2026-02-04,601611,0.01075268817204301,0.9809468937875752,-0.008119925046845777,-8.731102200909437e-05,
stable_medium_capacity,w02,2026-01-28,2026-01-29,2026-02-04,300857,0.01075268817204301,0.9819639278557114,-0.07938282647584971,-0.0008535787793102119,
stable_medium_capacity,w02,2026-01-28,2026-01-29,2026-02-04,002335,0.01075268817204301,0.9411623246492986,-0.08503031245142234,-0.0009143044349615304,
stable_medium_capacity,w02,2026-01-28,2026-01-29,2026-02-04,300454,0.01075268817204301,0.9410170340681363,-0.1869409150475757,-0.0020101173661029644,
stable_medium_capacity,w02,2026-01-28,2026-01-29,2026-02-04,688385,0.01075268817204301,0.9350651302605211,-0.05508371754428543,-0.000592298038110596,
stable_medium_capacity,w02,2026-01-28,2026-01-29,2026-02-04,301358,0.01075268817204301,0.9329358717434869,-0.01787657391574693,-0.0001922212249005046,
stable_medium_capacity,w02,2026-01-28,2026-01-29,2026-02-04,300757,0.01075268817204301,0.8923446893787575,0.20808499611298248,0.0022374730764836825,
stable_medium_capacity,w02,2026-01-28,2026-01-29,2026-02-04,002429,0.01075268817204301,0.8928757515030059,-0.08712121212121215,-0.0009367872271098081,
stable_medium_capacity,w02,2026-01-28,2026-01-29,2026-02-04,688220,0.01075268817204301,0.8962474949899799,-0.11001208924057582,-0.0011829256907588796,
stable_medium_capacity,w02,2026-01-28,2026-01-29,2026-02-04,600363,0.01075268817204301,0.8969488977955913,-0.03876438522107828,-0.00041682134646320724,
stable_medium_capacity,w02,2026-01-28,2026-01-29,2026-02-04,000878,0.01075268817204301,0.8970941883767536,-0.08883911907428144,-0.0009552593448847466,
stable_medium_capacity,w02,2026-01-28,2026-01-29,2026-02-04,002532,0.01075268817204301,0.9,-0.11693352741387675,-0.0012573497571384596,
stable_medium_capacity,w02,2026-01-28,2026-01-29,2026-02-04,688608,0.01075268817204301,0.901813627254509,-0.1301238079303999,-0.0013991807304344075,
stable_medium_capacity,w02,2026-01-28,2026-01-29,2026-02-04,002409,0.01075268817204301,0.9073597194388778,-0.08878456985406658,-0.000954672794129748,
stable_medium_capacity,w02,2026-01-28,2026-01-29,2026-02-04,300450,0.01075268817204301,0.9082414829659319,-0.003529411764705892,-3.7950664136622495e-05,
stable_medium_capacity,w02,2026-01-28,2026-01-29,2026-02-04,300627,0.01075268817204301,0.9084418837675351,-0.03060192210419832,-0.0003290529258515948,
stable_medium_capacity,w02,2026-01-28,2026-01-29,2026-02-04,002156,0.01075268817204301,0.9117384769539079,-0.09351321382369249,-0.001005518428211747,
stable_medium_capacity,w02,2026-01-28,2026-01-29,2026-02-04,002756,0.01075268817204301,0.9182915831663326,-0.093519882179676,-0.0010055901309642579,
stable_medium_capacity,w02,2026-01-28,2026-01-29,2026-02-04,002064,0.01075268817204301,0.9208466933867736,-0.16351744186046513,-0.001758252063015754,
stable_medium_capacity,w02,2026-01-28,2026-01-29,2026-02-04,300207,0.01075268817204301,0.9224899799599198,-0.018181818181818077,-0.00019550342130987178,
stable_medium_capacity,w02,2026-01-28,2026-01-29,2026-02-04,300223,0.01075268817204301,0.9236773547094188,-0.1040677966101694,-0.0011190085657007461,
stable_medium_capacity,w02,2026-01-28,2026-01-29,2026-02-04,300432,0.01075268817204301,0.9266683366733467,0.03065774804905219,0.00032965320482851814,
stable_medium_capacity,w02,2026-01-28,2026-01-29,2026-02-04,688778,0.01075268817204301,0.9282815631262524,-0.07207207207207211,-0.0007749685169040012,
stable_medium_capacity,w02,2026-01-28,2026-01-29,2026-02-04,001389,0.01075268817204301,0.9284619238476953,-0.006266872348630992,-6.738572417882786e-05,
stable_medium_capacity,w02,2026-01-28,2026-01-29,2026-02-04,002281,0.01075268817204301,0.932690380761523,-0.03462603878116344,-0.00037232299764691865,
stable_medium_capacity,w02,2026-01-28,2026-01-29,2026-02-04,688295,0.01075268817204301,0.7691683366733466,-0.07111501316944702,-0.0007646775609617959,
balanced_extra_wide_capacity,w03,2026-02-04,2026-02-05,2026-02-11,603077,0.015625,0.9713426853707414,-0.004032258064516014,-6.300403225806273e-05,
balanced_extra_wide_capacity,w03,2026-02-04,2026-02-05,2026-02-11,600516,0.015625,0.9698897795591181,-0.020442930153321992,-0.0003194207836456561,
balanced_extra_wide_capacity,w03,2026-02-04,2026-02-05,2026-02-11,688220,0.015625,0.921943887775551,0.038404544331933854,0.0006000710051864665,
balanced_extra_wide_capacity,w03,2026-02-04,2026-02-05,2026-02-11,688608,0.015625,0.921943887775551,-0.0003846708659903664,-6.010482281099475e-06,
balanced_extra_wide_capacity,w03,2026-02-04,2026-02-05,2026-02-11,300432,0.015625,0.9168587174348697,-0.020551649540291983,-0.00032111952406706223,
balanced_extra_wide_capacity,w03,2026-02-04,2026-02-05,2026-02-11,300748,0.015625,0.9168587174348697,0.03793293018141819,0.0005927020340846592,
balanced_extra_wide_capacity,w03,2026-02-04,2026-02-05,2026-02-11,600392,0.015625,0.9168587174348697,0.11029695333590439,0.001723389895873506,
balanced_extra_wide_capacity,w03,2026-02-04,2026-02-05,2026-02-11,688347,0.015625,0.9168587174348697,-0.01741535241796832,-0.000272114881530755,
balanced_extra_wide_capacity,w03,2026-02-04,2026-02-05,2026-02-11,002008,0.015625,0.9088677354709418,-0.012105576503274484,-0.00018914963286366382,
balanced_extra_wide_capacity,w03,2026-02-04,2026-02-05,2026-02-11,002409,0.015625,0.9088677354709418,0.004031806473289379,6.299697614514654e-05,
balanced_extra_wide_capacity,w03,2026-02-04,2026-02-05,2026-02-11,002429,0.015625,0.9088677354709418,0.17531120331950212,0.0027392375518672206,
balanced_extra_wide_capacity,w03,2026-02-04,2026-02-05,2026-02-11,003031,0.015625,0.9088677354709418,-0.0704873992580275,-0.0011013656134066796,
balanced_extra_wide_capacity,w03,2026-02-04,2026-02-05,2026-02-11,601399,0.015625,0.9088677354709418,-0.01724137931034475,-0.00026939655172413673,
balanced_extra_wide_capacity,w03,2026-02-04,2026-02-05,2026-02-11,688281,0.015625,0.9088677354709418,-0.06155227454110135,-0.0009617542897047086,
balanced_extra_wide_capacity,w03,2026-02-04,2026-02-05,2026-02-11,688778,0.015625,0.9088677354709418,-0.0007103954534689594,-1.109992896045249e-05,
balanced_extra_wide_capacity,w03,2026-02-04,2026-02-05,2026-02-11,300454,0.015625,0.9023296593186372,0.02943237561317469,0.0004598808689558545,
balanced_extra_wide_capacity,w03,2026-02-04,2026-02-05,2026-02-11,688709,0.015625,0.9023296593186372,-0.030033840947546575,-0.00046927876480541524,
balanced_extra_wide_capacity,w03,2026-02-04,2026-02-05,2026-02-11,300136,0.015625,0.8943386773547095,-0.03360811667723518,-0.0005251268230817997,
balanced_extra_wide_capacity,w03,2026-02-04,2026-02-05,2026-02-11,601212,0.015625,0.8943386773547095,-0.13996478873239437,-0.002186949823943662,
balanced_extra_wide_capacity,w03,2026-02-04,2026-02-05,2026-02-11,603920,0.015625,0.8943386773547095,-0.09861346915676295,-0.001540835455574421,
balanced_extra_wide_capacity,w03,2026-02-04,2026-02-05,2026-02-11,688387,0.015625,0.8943386773547095,-0.06958608278344347,-0.0010872825434913042,
balanced_extra_wide_capacity,w03,2026-02-04,2026-02-05,2026-02-11,688568,0.015625,0.8943386773547095,-0.04449849763914726,-0.000695289025611676,
balanced_extra_wide_capacity,w03,2026-02-04,2026-02-05,2026-02-11,300058,0.015625,0.8892535070140282,-0.06798029556650242,-0.0010621921182266004,
balanced_extra_wide_capacity,w03,2026-02-04,2026-02-05,2026-02-11,600879,0.015625,0.8892535070140282,-0.05895691609977338,-0.0009212018140589591,
balanced_extra_wide_capacity,w03,2026-02-04,2026-02-05,2026-02-11,002195,0.015625,0.8856212424849699,-0.01090188305252715,-0.00017034192269573672,
balanced_extra_wide_capacity,w03,2026-02-04,2026-02-05,2026-02-11,600673,0.015625,0.8834418837675351,0.12864901561439246,0.002010140868974882,
balanced_extra_wide_capacity,w03,2026-02-04,2026-02-05,2026-02-11,688019,0.015625,0.8834418837675351,0.021657322786268196,0.00033839566853544056,
balanced_extra_wide_capacity,w03,2026-02-04,2026-02-05,2026-02-11,002156,0.015625,0.8783567134268537,-0.026095820591233276,-0.00040774719673801994,
balanced_extra_wide_capacity,w03,2026-02-04,2026-02-05,2026-02-11,600549,0.015625,0.8783567134268537,0.09377754274634231,0.0014652741054115986,
balanced_extra_wide_capacity,w03,2026-02-04,2026-02-05,2026-02-11,601958,0.015625,0.8783567134268537,0.058529264632316336,0.0009145197598799427,
balanced_extra_wide_capacity,w03,2026-02-04,2026-02-05,2026-02-11,603341,0.015625,0.8732715430861724,0.007763975155279601,0.00012131211180124377,
balanced_extra_wide_capacity,w03,2026-02-04,2026-02-05,2026-02-11,300037,0.015625,0.921943887775551,0.11149262775196944,0.0017420723086245225,
balanced_extra_wide_capacity,w03,2026-02-04,2026-02-05,2026-02-11,000155,0.015625,0.9248496993987976,-0.018547140649149974,-0.00028979907264296834,
balanced_extra_wide_capacity,w03,2026-02-04,2026-02-05,2026-02-11,688599,0.015625,0.947369739478958,-0.08374830239927578,-0.001308567224988684,
balanced_extra_wide_capacity,w03,2026-02-04,2026-02-05,2026-02-11,300724,0.015625,0.947369739478958,-0.13662830060934328,-0.0021348171970209887,
balanced_extra_wide_capacity,w03,2026-02-04,2026-02-05,2026-02-11,000060,0.015625,0.947369739478958,-0.0014025245441794398,-2.1914446002803747e-05,
balanced_extra_wide_capacity,w03,2026-02-04,2026-02-05,2026-02-11,000426,0.015625,0.947369739478958,-0.05636704119850189,-0.000880735018726592,
balanced_extra_wide_capacity,w03,2026-02-04,2026-02-05,2026-02-11,000878,0.015625,0.947369739478958,-0.06308889799262596,-0.0009857640311347806,
balanced_extra_wide_capacity,w03,2026-02-04,2026-02-05,2026-02-11,000960,0.015625,0.947369739478958,0.005422993492407713,8.473427331887051e-05,
balanced_extra_wide_capacity,w03,2026-02-04,2026-02-05,2026-02-11,002202,0.015625,0.947369739478958,-0.06671554252199419,-0.0010424303519061592,
balanced_extra_wide_capacity,w03,2026-02-04,2026-02-05,2026-02-11,002738,0.015625,0.947369739478958,0.01279139270771057,0.00019986551105797765,
balanced_extra_wide_capacity,w03,2026-02-04,2026-02-05,2026-02-11,002756,0.015625,0.947369739478958,-0.004670999187652347,-7.298436230706792e-05,
balanced_extra_wide_capacity,w03,2026-02-04,2026-02-05,2026-02-11,002851,0.015625,0.947369739478958,-0.06988325577598165,-0.0010919258714997132,
balanced_extra_wide_capacity,w03,2026-02-04,2026-02-05,2026-02-11,300223,0.015625,0.947369739478958,-0.08664396519107076,-0.0013538119561104806,
balanced_extra_wide_capacity,w03,2026-02-04,2026-02-05,2026-02-11,300285,0.015625,0.947369739478958,0.012250161186331265,0.00019140876853642602,
balanced_extra_wide_capacity,w03,2026-02-04,2026-02-05,2026-02-11,300390,0.015625,0.947369739478958,-0.04759959141981629,-0.0007437436159346295,
balanced_extra_wide_capacity,w03,2026-02-04,2026-02-05,2026-02-11,300450,0.015625,0.947369739478958,-0.06645302749198845,-0.0010383285545623195,
balanced_extra_wide_capacity,w03,2026-02-04,2026-02-05,2026-02-11,300604,0.015625,0.947369739478958,-0.005708114779388929,-8.918929342795201e-05,
balanced_extra_wide_capacity,w03,2026-02-04,2026-02-05,2026-02-11,300757,0.015625,0.947369739478958,-0.03951570618237277,-0.0006174329090995745,
balanced_extra_wide_capacity,w03,2026-02-04,2026-02-05,2026-02-11,688525,0.015625,0.947369739478958,-0.05637982195845692,-0.0008809347181008894,
balanced_extra_wide_capacity,w03,2026-02-04,2026-02-05,2026-02-11,300857,0.015625,0.947369739478958,0.041049307748360464,0.0006413954335681323,
balanced_extra_wide_capacity,w03,2026-02-04,2026-02-05,2026-02-11,300919,0.015625,0.947369739478958,0.033796470146451485,0.0005280698460383045,
balanced_extra_wide_capacity,w03,2026-02-04,2026-02-05,2026-02-11,301308,0.015625,0.947369739478958,-0.05913907284768216,-0.0009240480132450338,
balanced_extra_wide_capacity,w03,2026-02-04,2026-02-05,2026-02-11,600497,0.015625,0.947369739478958,-0.004415011037527727,-6.898454746137074e-05,
balanced_extra_wide_capacity,w03,2026-02-04,2026-02-05,2026-02-11,600498,0.015625,0.947369739478958,0.019348518246387503,0.00030232059759980473,
balanced_extra_wide_capacity,w03,2026-02-04,2026-02-05,2026-02-11,601106,0.015625,0.947369739478958,-0.05860113421550084,-0.0009156427221172006,
balanced_extra_wide_capacity,w03,2026-02-04,2026-02-05,2026-02-11,601611,0.015625,0.947369739478958,-0.03652392947103278,-0.0005706863979848872,
balanced_extra_wide_capacity,w03,2026-02-04,2026-02-05,2026-02-11,605358,0.015625,0.947369739478958,-0.03605828599654237,-0.0005634107186959746,
balanced_extra_wide_capacity,w03,2026-02-04,2026-02-05,2026-02-11,688027,0.015625,0.947369739478958,0.02941176470588225,0.00045955882352941013,
balanced_extra_wide_capacity,w03,2026-02-04,2026-02-05,2026-02-11,688122,0.015625,0.947369739478958,-0.0072792362768496766,-0.0001137380668257762,
balanced_extra_wide_capacity,w03,2026-02-04,2026-02-05,2026-02-11,688172,0.015625,0.947369739478958,0.014118792599805197,0.0002206061343719562,
balanced_extra_wide_capacity,w03,2026-02-04,2026-02-05,2026-02-11,688375,0.015625,0.947369739478958,-0.04925156929019803,-0.0007695557701593442,
balanced_extra_wide_capacity,w03,2026-02-04,2026-02-05,2026-02-11,688385,0.015625,0.947369739478958,0.06843862352336916,0.001069353492552643,
balanced_extra_wide_capacity,w03,2026-02-04,2026-02-05,2026-02-11,603688,0.015625,0.8732715430861724,0.0225118483412321,0.00035174763033175155,
balanced_medium_current,w03,2026-02-04,2026-02-05,2026-02-11,000657,0.020408163265306124,0.9979959919839679,0.11710750853242313,0.0023899491537229213,
balanced_medium_current,w03,2026-02-04,2026-02-05,2026-02-11,301308,0.020408163265306124,0.9519038076152304,-0.05913907284768216,-0.00120691985403433,
balanced_medium_current,w03,2026-02-04,2026-02-05,2026-02-11,600549,0.020408163265306124,0.9519038076152304,0.09377754274634231,0.001913827402986578,
balanced_medium_current,w03,2026-02-04,2026-02-05,2026-02-11,600673,0.020408163265306124,0.9519038076152304,0.12864901561439246,0.0026254901145794382,
balanced_medium_current,w03,2026-02-04,2026-02-05,2026-02-11,601106,0.020408163265306124,0.9519038076152304,-0.05860113421550084,-0.001195941514602058,
balanced_medium_current,w03,2026-02-04,2026-02-05,2026-02-11,601399,0.020408163265306124,0.9519038076152304,-0.01724137931034475,-0.0003518648838845868,
balanced_medium_current,w03,2026-02-04,2026-02-05,2026-02-11,601611,0.020408163265306124,0.9519038076152304,-0.03652392947103278,-0.0007453863157353629,
balanced_medium_current,w03,2026-02-04,2026-02-05,2026-02-11,601958,0.020408163265306124,0.9519038076152304,0.058529264632316336,0.0011944747884146192,
balanced_medium_current,w03,2026-02-04,2026-02-05,2026-02-11,603077,0.020408163265306124,0.9519038076152304,-0.004032258064516014,-8.22909809084901e-05,
balanced_medium_current,w03,2026-02-04,2026-02-05,2026-02-11,605358,0.020408163265306124,0.9519038076152304,-0.03605828599654237,-0.0007358833876845382,
balanced_medium_current,w03,2026-02-04,2026-02-05,2026-02-11,688019,0.020408163265306124,0.9519038076152304,0.021657322786268196,0.00044198617931159585,
balanced_medium_current,w03,2026-02-04,2026-02-05,2026-02-11,688027,0.020408163265306124,0.9519038076152304,0.02941176470588225,0.0006002400960384133,
balanced_medium_current,w03,2026-02-04,2026-02-05,2026-02-11,688122,0.020408163265306124,0.9519038076152304,-0.0072792362768496766,-0.0001485558423846873,
balanced_medium_current,w03,2026-02-04,2026-02-05,2026-02-11,688172,0.020408163265306124,0.9519038076152304,0.014118792599805197,0.0002881386244858204,
balanced_medium_current,w03,2026-02-04,2026-02-05,2026-02-11,688281,0.020408163265306124,0.9519038076152304,-0.06155227454110135,-0.0012561688681857418,
balanced_medium_current,w03,2026-02-04,2026-02-05,2026-02-11,688347,0.020408163265306124,0.9519038076152304,-0.01741535241796832,-0.0003554153554687413,
balanced_medium_current,w03,2026-02-04,2026-02-05,2026-02-11,688385,0.020408163265306124,0.9519038076152304,0.06843862352336916,0.0013967066025177381,
balanced_medium_current,w03,2026-02-04,2026-02-05,2026-02-11,688525,0.020408163265306124,0.9519038076152304,-0.05637982195845692,-0.0011506086113970801,
balanced_medium_current,w03,2026-02-04,2026-02-05,2026-02-11,688599,0.020408163265306124,0.9519038076152304,-0.08374830239927578,-0.0017091490285566487,
balanced_medium_current,w03,2026-02-04,2026-02-05,2026-02-11,688709,0.020408163265306124,0.9519038076152304,-0.030033840947546575,-0.0006129355295417669,
balanced_medium_current,w03,2026-02-04,2026-02-05,2026-02-11,688778,0.020408163265306124,0.9519038076152304,-0.0007103954534689594,-1.4497866397325702e-05,
balanced_medium_current,w03,2026-02-04,2026-02-05,2026-02-11,000027,0.020408163265306124,0.8476953907815631,-0.01178203240058906,-0.00024044964082834818,
balanced_medium_current,w03,2026-02-04,2026-02-05,2026-02-11,000528,0.020408163265306124,0.8476953907815631,0.014554794520547976,0.00029703662286832607,
balanced_medium_current,w03,2026-02-04,2026-02-05,2026-02-11,600497,0.020408163265306124,0.9519038076152304,-0.004415011037527727,-9.010226607199445e-05,
balanced_medium_current,w03,2026-02-04,2026-02-05,2026-02-11,300919,0.020408163265306124,0.9519038076152304,0.033796470146451485,0.0006897238805398263,
balanced_medium_current,w03,2026-02-04,2026-02-05,2026-02-11,300751,0.020408163265306124,0.9979959919839679,-0.06856360316494226,-0.0013992572074478012,
balanced_medium_current,w03,2026-02-04,2026-02-05,2026-02-11,300857,0.020408163265306124,0.9519038076152304,0.041049307748360464,0.0008377409744563361,
balanced_medium_current,w03,2026-02-04,2026-02-05,2026-02-11,600118,0.020408163265306124,0.9979959919839679,-0.08594871794871795,-0.0017540554683411827,
balanced_medium_current,w03,2026-02-04,2026-02-05,2026-02-11,000060,0.020408163265306124,0.9519038076152304,-0.0014025245441794398,-2.8622949881213062e-05,
balanced_medium_current,w03,2026-02-04,2026-02-05,2026-02-11,000155,0.020408163265306124,0.9519038076152304,-0.018547140649149974,-0.00037851307447244847,
balanced_medium_current,w03,2026-02-04,2026-02-05,2026-02-11,000878,0.020408163265306124,0.9519038076152304,-0.06308889799262596,-0.0012875285304617544,
balanced_medium_current,w03,2026-02-04,2026-02-05,2026-02-11,000960,0.020408163265306124,0.9519038076152304,0.005422993492407713,0.00011067333657974925,
balanced_medium_current,w03,2026-02-04,2026-02-05,2026-02-11,002008,0.020408163265306124,0.9519038076152304,-0.012105576503274484,-0.0002470525816994793,
balanced_medium_current,w03,2026-02-04,2026-02-05,2026-02-11,002156,0.020408163265306124,0.9519038076152304,-0.026095820591233276,-0.0005325677671680261,
balanced_medium_current,w03,2026-02-04,2026-02-05,2026-02-11,002195,0.020408163265306124,0.9519038076152304,-0.01090188305252715,-0.00022248740923524798,
balanced_medium_current,w03,2026-02-04,2026-02-05,2026-02-11,002409,0.020408163265306124,0.9519038076152304,0.004031806473289379,8.228176476100774e-05,
balanced_medium_current,w03,2026-02-04,2026-02-05,2026-02-11,002429,0.020408163265306124,0.9519038076152304,0.17531120331950212,0.0035777796595816763,
balanced_medium_current,w03,2026-02-04,2026-02-05,2026-02-11,002738,0.020408163265306124,0.9519038076152304,0.01279139270771057,0.0002610488307696035,
balanced_medium_current,w03,2026-02-04,2026-02-05,2026-02-11,002756,0.020408163265306124,0.9519038076152304,-0.004670999187652347,-9.532651403372138e-05,
balanced_medium_current,w03,2026-02-04,2026-02-05,2026-02-11,002851,0.020408163265306124,0.9519038076152304,-0.06988325577598165,-0.0014261888933873807,
balanced_medium_current,w03,2026-02-04,2026-02-05,2026-02-11,003031,0.020408163265306124,0.9519038076152304,-0.0704873992580275,-0.0014385183522046428,
balanced_medium_current,w03,2026-02-04,2026-02-05,2026-02-11,300223,0.020408163265306124,0.9519038076152304,-0.08664396519107076,-0.0017682441875728728,
balanced_medium_current,w03,2026-02-04,2026-02-05,2026-02-11,300285,0.020408163265306124,0.9519038076152304,0.012250161186331265,0.0002500032895169646,
balanced_medium_current,w03,2026-02-04,2026-02-05,2026-02-11,300390,0.020408163265306124,0.9519038076152304,-0.04759959141981629,-0.0009714202330574754,
balanced_medium_current,w03,2026-02-04,2026-02-05,2026-02-11,300450,0.020408163265306124,0.9519038076152304,-0.06645302749198845,-0.0013561842345303765,
balanced_medium_current,w03,2026-02-04,2026-02-05,2026-02-11,300454,0.020408163265306124,0.9519038076152304,0.02943237561317469,0.0006006607267994835,
balanced_medium_current,w03,2026-02-04,2026-02-05,2026-02-11,300604,0.020408163265306124,0.9519038076152304,-0.005708114779388929,-0.00011649213835487611,
balanced_medium_current,w03,2026-02-04,2026-02-05,2026-02-11,300724,0.020408163265306124,0.9519038076152304,-0.13662830060934328,-0.002788332665496802,
balanced_medium_current,w03,2026-02-04,2026-02-05,2026-02-11,000563,0.020408163265306124,0.8476953907815631,-0.005509641873278293,-0.00011244167088323047,
economic_medium_capacity,w03,2026-02-04,2026-02-05,2026-02-11,600655,0.036000000004219955,0.8689298597194389,0.0019230769230769162,6.923076923888429e-05,
economic_medium_capacity,w03,2026-02-04,2026-02-05,2026-02-11,600901,0.036000000004219955,0.8681543086172344,0.03370786516853941,0.0012134831462096644,
economic_medium_capacity,w03,2026-02-04,2026-02-05,2026-02-11,002439,0.036000000004219955,0.8682044088176353,0.0351123595505618,0.0012640449439683973,
economic_medium_capacity,w03,2026-02-04,2026-02-05,2026-02-11,000958,0.036000000004219955,0.8678416833667335,-0.013719512195121908,-0.0004939024390822844,
economic_medium_capacity,w03,2026-02-04,2026-02-05,2026-02-11,000951,0.036000000004219955,0.8678416833667335,0.029648241206030157,0.0010673366835422,
economic_medium_capacity,w03,2026-02-04,2026-02-05,2026-02-11,000887,0.036000000004219955,0.8678416833667335,0.002391200382592107,8.608321378340661e-05,
economic_medium_capacity,w03,2026-02-04,2026-02-05,2026-02-11,000783,0.036000000004219955,0.8678416833667335,-0.0074349442379182396,-0.0002676579925964317,
economic_medium_capacity,w03,2026-02-04,2026-02-05,2026-02-11,000528,0.036000000004219955,0.8678416833667335,0.014554794520547976,0.0005239726028011477,
economic_medium_capacity,w03,2026-02-04,2026-02-05,2026-02-11,600642,0.036000000004219955,0.8681543086172344,0.0011918951132299238,4.2908224081307e-05,
economic_medium_capacity,w03,2026-02-04,2026-02-05,2026-02-11,600369,0.036000000004219955,0.8681543086172344,0.0021739130434783593,7.826086957439475e-05,
economic_medium_capacity,w03,2026-02-04,2026-02-05,2026-02-11,600098,0.036000000004219955,0.8681543086172344,-0.008426966292134908,-0.0003033707865524181,
economic_medium_capacity,w03,2026-02-04,2026-02-05,2026-02-11,000027,0.036000000004219955,0.8681543086172344,-0.01178203240058906,-0.0004241531664709258,
economic_medium_capacity,w03,2026-02-04,2026-02-05,2026-02-11,600985,0.036000000004219955,0.8682044088176353,-0.01974183750949121,-0.0007107061504249933,
economic_medium_capacity,w03,2026-02-04,2026-02-05,2026-02-11,600157,0.036000000004219955,0.8682044088176353,-0.012048192771084376,-0.0004337349398098804,
economic_medium_capacity,w03,2026-02-04,2026-02-05,2026-02-11,002841,0.036000000004219955,0.8678416833667335,0.023547880690737877,0.0008477237049659346,
economic_medium_capacity,w03,2026-02-04,2026-02-05,2026-02-11,002583,0.036000000000000004,0.8678416833667335,-0.003629764065335661,-0.0001306715063520838,
economic_medium_capacity,w03,2026-02-04,2026-02-05,2026-02-11,300957,0.036000000000000004,0.8678416833667335,0.08805031446540879,0.0031698113207547164,
economic_medium_capacity,w03,2026-02-04,2026-02-05,2026-02-11,300144,0.036000000000000004,0.8678416833667335,0.03550973654066425,0.0012783505154639132,
economic_medium_capacity,w03,2026-02-04,2026-02-05,2026-02-11,002984,0.036000000000000004,0.8678416833667335,-0.008600095556617338,-0.0003096034400382242,
economic_medium_capacity,w03,2026-02-04,2026-02-05,2026-02-11,002078,0.036000000000000004,0.8678416833667335,0.04246153846153855,0.001528615384615388,
economic_medium_capacity,w03,2026-02-04,2026-02-05,2026-02-11,002508,0.036000000000000004,0.8678416833667335,-0.011584800741427204,-0.00041705282669137936,
economic_medium_capacity,w03,2026-02-04,2026-02-05,2026-02-11,002432,0.036000000000000004,0.8678416833667335,0.010142477662400395,0.0003651291958464143,
economic_medium_capacity,w03,2026-02-04,2026-02-05,2026-02-11,002262,0.036000000000000004,0.8678416833667335,0.025321888412017213,0.0009115879828326198,
economic_medium_capacity,w03,2026-02-04,2026-02-05,2026-02-11,002152,0.036000000000000004,0.8678416833667335,0.038132295719844445,0.0013727626459144001,
economic_medium_capacity,w03,2026-02-04,2026-02-05,2026-02-11,000967,0.036000000000000004,0.8678416833667335,0.005502063273727709,0.00019807427785419754,
economic_medium_capacity,w03,2026-02-04,2026-02-05,2026-02-11,600038,0.03333333331223356,0.8678416833667335,-0.007913479293062409,-0.00026378264293510766,
economic_medium_capacity,w03,2026-02-04,2026-02-05,2026-02-11,600298,0.02666666664978681,0.8678416833667335,0.016344383057090184,0.0004358502145798474,
economic_medium_capacity,w03,2026-02-04,2026-02-05,2026-02-11,600816,0.019999999987340117,0.8678416833667335,-0.006968641114982632,-0.00013937282221143047,
economic_medium_capacity,w03,2026-02-04,2026-02-05,2026-02-11,600863,0.013333333324893405,0.8678416833667335,0.006172839506172645,8.230452669687027e-05,
economic_medium_capacity,w03,2026-02-04,2026-02-05,2026-02-11,600998,0.0066666666624467024,0.8678416833667335,-0.005681818181818232,-3.787878785481115e-05,
recent_compact_capacity,w03,2026-02-04,2026-02-05,2026-02-11,600316,0.032972380952380954,0.84186873747495,-0.03358540925266895,-0.0011073909083206207,
recent_compact_capacity,w03,2026-02-04,2026-02-05,2026-02-11,601212,0.032972380952380954,0.840435871743487,-0.13996478873239437,-0.004614972334004024,
recent_compact_capacity,w03,2026-02-04,2026-02-05,2026-02-11,601118,0.032972380952380954,0.8380110220440882,0.038406827880512084,0.0012663645600487705,
recent_compact_capacity,w03,2026-02-04,2026-02-05,2026-02-11,000878,0.032972380952380954,0.8382314629258517,-0.06308889799262596,-0.002080191178478765,
recent_compact_capacity,w03,2026-02-04,2026-02-05,2026-02-11,600141,0.032972380952380954,0.8384519038076153,0.01898233588188769,0.0006258928100636512,
recent_compact_capacity,w03,2026-02-04,2026-02-05,2026-02-11,002756,0.032972380952380954,0.8386723446893788,-0.004670999187652347,-0.00015401396464353515,
recent_compact_capacity,w03,2026-02-04,2026-02-05,2026-02-11,000703,0.032972380952380954,0.8417585170340681,0.12426035502958577,0.004097159763313609,
recent_compact_capacity,w03,2026-02-04,2026-02-05,2026-02-11,600435,0.032972380952380954,0.8398847695390782,0.0053859964093356805,0.00017758912541677202,
recent_compact_capacity,w03,2026-02-04,2026-02-05,2026-02-11,300567,0.032972380952380954,0.8401052104208416,0.015059546676911229,0.0004965491100012797,
recent_compact_capacity,w03,2026-02-04,2026-02-05,2026-02-11,688347,0.032972380952380954,0.8402154308617235,-0.01741535241796832,-0.0005742256343452203,
recent_compact_capacity,w03,2026-02-04,2026-02-05,2026-02-11,688615,0.032972380952380954,0.8396643286573147,-0.016300439472632933,-0.0005374642999828807,
recent_compact_capacity,w03,2026-02-04,2026-02-05,2026-02-11,000629,0.032972380952380954,0.8405460921843687,-0.03174603174603163,-0.0010467422524565344,
recent_compact_capacity,w03,2026-02-04,2026-02-05,2026-02-11,688599,0.032972380952380954,0.8406563126252505,-0.08374830239927578,-0.002761380930824121,
recent_compact_capacity,w03,2026-02-04,2026-02-05,2026-02-11,688027,0.032972380952380954,0.8416482965931864,0.02941176470588225,0.0009697759103641422,
recent_compact_capacity,w03,2026-02-04,2026-02-05,2026-02-11,300454,0.032972380952380954,0.8415380761523046,0.02943237561317469,0.0009704555010511629,
recent_compact_capacity,w03,2026-02-04,2026-02-05,2026-02-11,688563,0.032972380952380954,0.8414278557114229,-0.02187500000000009,-0.0007212708333333363,
recent_compact_capacity,w03,2026-02-04,2026-02-05,2026-02-11,688234,0.032972380952380954,0.8412074148296593,0.012187088274044688,0.00040183731727209634,
recent_compact_capacity,w03,2026-02-04,2026-02-05,2026-02-11,600871,0.032972380952380954,0.8377905811623246,0.026666666666666616,0.0008792634920634905,
recent_compact_capacity,w03,2026-02-04,2026-02-05,2026-02-11,688361,0.032972380952380954,0.8410971943887775,0.029173333333333273,0.0009619142603174584,
recent_compact_capacity,w03,2026-02-04,2026-02-05,2026-02-11,002271,0.032972380952380954,0.8409869739478958,-0.021358159912376773,-0.0007042293850727584,
recent_compact_capacity,w03,2026-02-04,2026-02-05,2026-02-11,605358,0.032972380952380954,0.8407665330661322,-0.03605828599654237,-0.0011889275423678986,
recent_compact_capacity,w03,2026-02-04,2026-02-05,2026-02-11,002465,0.030758,0.8393336673346693,-0.02033898305084747,-0.0006255864406779665,
recent_compact_capacity,w03,2026-02-04,2026-02-05,2026-02-11,002851,0.030758,0.8392234468937876,-0.06988325577598165,-0.0021494691811576433,
recent_compact_capacity,w03,2026-02-04,2026-02-05,2026-02-11,000591,0.030758,0.8391132264529058,-0.02443280977312401,-0.0007515043630017483,
recent_compact_capacity,w03,2026-02-04,2026-02-05,2026-02-11,301308,0.030758,0.8394438877755511,-0.05913907284768216,-0.001818999602649008,
recent_compact_capacity,w03,2026-02-04,2026-02-05,2026-02-11,001389,0.030758,0.8388927855711423,-0.018045988163384097,-0.000555058503929368,
recent_compact_capacity,w03,2026-02-04,2026-02-05,2026-02-11,000039,0.030758,0.8387825651302605,-0.014022787028922012,-0.00043131288343558325,
recent_compact_capacity,w03,2026-02-04,2026-02-05,2026-02-11,601061,0.030758,0.8395541082164328,-0.010921501706484649,-0.00033592354948805485,
recent_compact_capacity,w03,2026-02-04,2026-02-05,2026-02-11,688778,0.030758,0.8383416833667334,-0.0007103954534689594,-2.1850343357798254e-05,
recent_compact_capacity,w03,2026-02-04,2026-02-05,2026-02-11,301358,0.030758,0.83812124248497,0.028331750553972856,0.0008714279835390971,
recent_compact_capacity,w03,2026-02-04,2026-02-05,2026-02-11,000400,0.030758,0.839003006012024,-0.03765156349712828,-0.0011580867900446716,
recent_compact_current,w03,2026-02-04,2026-02-05,2026-02-11,600316,0.027027027027027035,0.9619488977955912,-0.03358540925266895,-0.0009077137635856476,
recent_compact_current,w03,2026-02-04,2026-02-05,2026-02-11,600435,0.027027027027027035,0.9222695390781563,0.0053859964093356805,0.000145567470522586,
recent_compact_current,w03,2026-02-04,2026-02-05,2026-02-11,600871,0.027027027027027035,0.9173096192384769,0.026666666666666616,0.0007207207207207195,
recent_compact_current,w03,2026-02-04,2026-02-05,2026-02-11,000039,0.027027027027027035,0.9156563126252506,-0.014022787028922012,-0.00037899424402491937,
recent_compact_current,w03,2026-02-04,2026-02-05,2026-02-11,001389,0.027027027027027035,0.9140030060120241,-0.018045988163384097,-0.00048772940982119196,
recent_compact_current,w03,2026-02-04,2026-02-05,2026-02-11,002465,0.027027027027027035,0.9123496993987976,-0.02033898305084747,-0.0005497022446174993,
recent_compact_current,w03,2026-02-04,2026-02-05,2026-02-11,688778,0.027027027027027035,0.9106963927855711,-0.0007103954534689594,-1.9199877120782693e-05,
recent_compact_current,w03,2026-02-04,2026-02-05,2026-02-11,301358,0.027027027027027035,0.9073897795591184,0.028331750553972856,0.0007657229879452125,
recent_compact_current,w03,2026-02-04,2026-02-05,2026-02-11,000400,0.027027027027027035,0.9057364729458919,-0.03765156349712828,-0.0010176098242467106,
recent_compact_current,w03,2026-02-04,2026-02-05,2026-02-11,002025,0.027027027027027035,0.9040831663326654,-0.039520509458700115,-0.0010681218772621657,
recent_compact_current,w03,2026-02-04,2026-02-05,2026-02-11,600141,0.027027027027027035,0.9024298597194389,0.01898233588188769,0.0005130361049158837,
recent_compact_current,w03,2026-02-04,2026-02-05,2026-02-11,603737,0.027027027027027035,0.9007765531062124,0.007308377896613205,0.0001975237269354921,
recent_compact_current,w03,2026-02-04,2026-02-05,2026-02-11,000878,0.027027027027027035,0.8991232464929859,-0.06308889799262596,-0.0017051053511520536,
recent_compact_current,w03,2026-02-04,2026-02-05,2026-02-11,002851,0.027027027027027035,0.8974699398797596,-0.06988325577598165,-0.001888736642594099,
recent_compact_current,w03,2026-02-04,2026-02-05,2026-02-11,000830,0.027027027027027035,0.8933366733466934,0.036082474226803996,0.0009752020061298381,
recent_compact_current,w03,2026-02-04,2026-02-05,2026-02-11,002064,0.027027027027027035,0.8933366733466934,0.08079930495221554,0.002183764998708529,
recent_compact_current,w03,2026-02-04,2026-02-05,2026-02-11,000738,0.027027027027027035,0.8908567134268537,-0.026258205689277947,-0.0007096812348453502,
recent_compact_current,w03,2026-02-04,2026-02-05,2026-02-11,002756,0.027027027027027035,0.9206162324649299,-0.004670999187652347,-0.0001262432212879013,
recent_compact_current,w03,2026-02-04,2026-02-05,2026-02-11,601061,0.027027027027027035,0.9239228456913826,-0.010921501706484649,-0.00029517572179688247,
recent_compact_current,w03,2026-02-04,2026-02-05,2026-02-11,300454,0.027027027027027035,0.9602955911823647,0.02943237561317469,0.0007954696111668837,
recent_compact_current,w03,2026-02-04,2026-02-05,2026-02-11,301308,0.027027027027027035,0.9255761523046091,-0.05913907284768216,-0.0015983533202076265,
recent_compact_current,w03,2026-02-04,2026-02-05,2026-02-11,688027,0.027027027027027035,0.9586422845691382,0.02941176470588225,0.0007949125596184394,
recent_compact_current,w03,2026-02-04,2026-02-05,2026-02-11,688234,0.027027027027027035,0.9569889779559118,0.012187088274044688,0.00032938076416337005,
recent_compact_current,w03,2026-02-04,2026-02-05,2026-02-11,000703,0.027027027027027035,0.9553356713426853,0.12426035502958577,0.0033583879737725895,
recent_compact_current,w03,2026-02-04,2026-02-05,2026-02-11,688361,0.027027027027027035,0.953682364729459,0.029173333333333273,0.0007884684684684671,
recent_compact_current,w03,2026-02-04,2026-02-05,2026-02-11,688563,0.027027027027027035,0.950375751503006,-0.02187500000000009,-0.0005912162162162189,
recent_compact_current,w03,2026-02-04,2026-02-05,2026-02-11,000629,0.027027027027027035,0.9487224448897795,-0.03174603174603163,-0.0008580008580008552,
recent_compact_current,w03,2026-02-04,2026-02-05,2026-02-11,601212,0.027027027027027035,0.9454158316633265,-0.13996478873239437,-0.0037828321279025517,
recent_compact_current,w03,2026-02-04,2026-02-05,2026-02-11,688347,0.027027027027027035,0.9437625250501003,-0.01741535241796832,-0.00047068520048563047,
recent_compact_current,w03,2026-02-04,2026-02-05,2026-02-11,002271,0.027027027027027035,0.9421092184368738,-0.021358159912376773,-0.0005772475651993725,
recent_compact_current,w03,2026-02-04,2026-02-05,2026-02-11,300567,0.027027027027027035,0.9404559118236473,0.015059546676911229,0.00040701477505165494,
recent_compact_current,w03,2026-02-04,2026-02-05,2026-02-11,688615,0.027027027027027035,0.9388026052104208,-0.016300439472632933,-0.0004405524181792686,
recent_compact_current,w03,2026-02-04,2026-02-05,2026-02-11,605358,0.027027027027027035,0.9354959919839678,-0.03605828599654237,-0.0009745482701768211,
recent_compact_current,w03,2026-02-04,2026-02-05,2026-02-11,688599,0.027027027027027035,0.9338426853707416,-0.08374830239927578,-0.0022634676324128594,
recent_compact_current,w03,2026-02-04,2026-02-05,2026-02-11,688172,0.027027027027027035,0.9321893787575151,0.014118792599805197,0.00038158898918392437,
recent_compact_current,w03,2026-02-04,2026-02-05,2026-02-11,000591,0.027027027027027035,0.9305360721442886,-0.02443280977312401,-0.0006603462100844328,
recent_compact_current,w03,2026-02-04,2026-02-05,2026-02-11,300919,0.027027027027027035,0.8892034068136272,0.033796470146451485,0.0009134181120662566,
short_aggressive_compact_capacity,w03,2026-02-04,2026-02-05,2026-02-11,601212,0.03225806451612904,0.9905856713426853,-0.13996478873239437,-0.004514993184915948,
short_aggressive_compact_capacity,w03,2026-02-04,2026-02-05,2026-02-11,300751,0.03225806451612904,0.9457184368737475,-0.06856360316494226,-0.002211729134352976,
short_aggressive_compact_capacity,w03,2026-02-04,2026-02-05,2026-02-11,601399,0.03225806451612904,0.924617234468938,-0.01724137931034475,-0.0005561735261401533,
short_aggressive_compact_capacity,w03,2026-02-04,2026-02-05,2026-02-11,300857,0.03225806451612904,0.9259228456913827,0.041049307748360464,0.0013241712176890474,
short_aggressive_compact_capacity,w03,2026-02-04,2026-02-05,2026-02-11,688002,0.03225806451612904,0.9284068136272545,-0.027981573110390734,-0.0009026313906577658,
short_aggressive_compact_capacity,w03,2026-02-04,2026-02-05,2026-02-11,688599,0.03225806451612904,0.9297124248496994,-0.08374830239927578,-0.0027015581419121224,
short_aggressive_compact_capacity,w03,2026-02-04,2026-02-05,2026-02-11,600316,0.03225806451612904,0.9340896793587175,-0.03358540925266895,-0.0010834002984731921,
short_aggressive_compact_capacity,w03,2026-02-04,2026-02-05,2026-02-11,600871,0.03225806451612904,0.9359844689378758,0.026666666666666616,0.0008602150537634395,
short_aggressive_compact_capacity,w03,2026-02-04,2026-02-05,2026-02-11,301358,0.03225806451612904,0.9359859719438879,0.028331750553972856,0.000913927437224931,
short_aggressive_compact_capacity,w03,2026-02-04,2026-02-05,2026-02-11,300604,0.03225806451612904,0.9372915831663327,-0.005708114779388929,-0.00018413273481899774,
short_aggressive_compact_capacity,w03,2026-02-04,2026-02-05,2026-02-11,002044,0.03225806451612904,0.9378792585170341,-0.026206896551724146,-0.0008453837597330371,
short_aggressive_compact_capacity,w03,2026-02-04,2026-02-05,2026-02-11,002465,0.03225806451612904,0.9378807615230461,-0.02033898305084747,-0.0006560962274466927,
short_aggressive_compact_capacity,w03,2026-02-04,2026-02-05,2026-02-11,002271,0.03225806451612904,0.943563627254509,-0.021358159912376773,-0.0006889729003992509,
short_aggressive_compact_capacity,w03,2026-02-04,2026-02-05,2026-02-11,001221,0.03225806451612904,0.9454584168336674,0.025381414701803218,0.0008187553129613943,
short_aggressive_compact_capacity,w03,2026-02-04,2026-02-05,2026-02-11,600435,0.03225806451612904,0.9454599198396794,0.0053859964093356805,0.00017374181965598972,
short_aggressive_compact_capacity,w03,2026-02-04,2026-02-05,2026-02-11,000629,0.03225806451612904,0.9492494989979959,-0.03174603174603163,-0.001024065540194569,
short_aggressive_compact_capacity,w03,2026-02-04,2026-02-05,2026-02-11,688387,0.03225806451612904,0.9867960921843687,-0.06958608278344347,-0.0022447123478530158,
short_aggressive_compact_capacity,w03,2026-02-04,2026-02-05,2026-02-11,688361,0.03225806451612904,0.9511427855711423,0.029173333333333273,0.0009410752688172025,
short_aggressive_compact_capacity,w03,2026-02-04,2026-02-05,2026-02-11,000703,0.03225806451612904,0.9530375751503006,0.12426035502958577,0.0040083985493414775,
short_aggressive_compact_capacity,w03,2026-02-04,2026-02-05,2026-02-11,603920,0.03225806451612904,0.9543446893787574,-0.09861346915676295,-0.00318107965021816,
short_aggressive_compact_capacity,w03,2026-02-04,2026-02-05,2026-02-11,688777,0.03225806451612904,0.954932364729459,-0.06174496644295313,-0.0019917731110630048,
short_aggressive_compact_capacity,w03,2026-02-04,2026-02-05,2026-02-11,000878,0.03225806451612904,0.9581342685370741,-0.06308889799262596,-0.002035125741697612,
short_aggressive_compact_capacity,w03,2026-02-04,2026-02-05,2026-02-11,002008,0.03225806451612904,0.9606182364729459,-0.012105576503274484,-0.0003905024678475641,
short_aggressive_compact_capacity,w03,2026-02-04,2026-02-05,2026-02-11,003035,0.03225806451612904,0.9631467935871743,-0.1289473684210526,-0.004159592529711375,
short_aggressive_compact_capacity,w03,2026-02-04,2026-02-05,2026-02-11,603806,0.03225806451612904,0.9663011022044089,-0.05950000000000011,-0.0019193548387096812,
short_aggressive_compact_capacity,w03,2026-02-04,2026-02-05,2026-02-11,688563,0.03225806451612904,0.9700906813627255,-0.02187500000000009,-0.0007056451612903256,
short_aggressive_compact_capacity,w03,2026-02-04,2026-02-05,2026-02-11,688568,0.03225806451612904,0.9732925851703407,-0.04449849763914726,-0.001435435407714428,
short_aggressive_compact_capacity,w03,2026-02-04,2026-02-05,2026-02-11,300454,0.03225806451612904,0.9827665330661323,0.02943237561317469,0.0009494314713927321,
short_aggressive_compact_capacity,w03,2026-02-04,2026-02-05,2026-02-11,300724,0.03225806451612904,0.9846613226452905,-0.13662830060934328,-0.004407364535785268,
short_aggressive_compact_capacity,w03,2026-02-04,2026-02-05,2026-02-11,688027,0.03225806451612904,0.9865561122244488,0.02941176470588225,0.0009487666034155565,
short_aggressive_compact_capacity,w03,2026-02-04,2026-02-05,2026-02-11,002414,0.03225806451612904,0.9246157314629259,-0.007155635062611854,-0.00023082693750360822,
short_aggressive_medium_capacity,w03,2026-02-04,2026-02-05,2026-02-11,601212,0.03225806451612904,0.9905856713426853,-0.13996478873239437,-0.004514993184915948,
short_aggressive_medium_capacity,w03,2026-02-04,2026-02-05,2026-02-11,300751,0.03225806451612904,0.9457184368737475,-0.06856360316494226,-0.002211729134352976,
short_aggressive_medium_capacity,w03,2026-02-04,2026-02-05,2026-02-11,601399,0.03225806451612904,0.924617234468938,-0.01724137931034475,-0.0005561735261401533,
short_aggressive_medium_capacity,w03,2026-02-04,2026-02-05,2026-02-11,300857,0.03225806451612904,0.9259228456913827,0.041049307748360464,0.0013241712176890474,
short_aggressive_medium_capacity,w03,2026-02-04,2026-02-05,2026-02-11,688002,0.03225806451612904,0.9284068136272545,-0.027981573110390734,-0.0009026313906577658,
short_aggressive_medium_capacity,w03,2026-02-04,2026-02-05,2026-02-11,688599,0.03225806451612904,0.9297124248496994,-0.08374830239927578,-0.0027015581419121224,
short_aggressive_medium_capacity,w03,2026-02-04,2026-02-05,2026-02-11,600316,0.03225806451612904,0.9340896793587175,-0.03358540925266895,-0.0010834002984731921,
short_aggressive_medium_capacity,w03,2026-02-04,2026-02-05,2026-02-11,600871,0.03225806451612904,0.9359844689378758,0.026666666666666616,0.0008602150537634395,
short_aggressive_medium_capacity,w03,2026-02-04,2026-02-05,2026-02-11,301358,0.03225806451612904,0.9359859719438879,0.028331750553972856,0.000913927437224931,
short_aggressive_medium_capacity,w03,2026-02-04,2026-02-05,2026-02-11,300604,0.03225806451612904,0.9372915831663327,-0.005708114779388929,-0.00018413273481899774,
short_aggressive_medium_capacity,w03,2026-02-04,2026-02-05,2026-02-11,002044,0.03225806451612904,0.9378792585170341,-0.026206896551724146,-0.0008453837597330371,
short_aggressive_medium_capacity,w03,2026-02-04,2026-02-05,2026-02-11,002465,0.03225806451612904,0.9378807615230461,-0.02033898305084747,-0.0006560962274466927,
short_aggressive_medium_capacity,w03,2026-02-04,2026-02-05,2026-02-11,002271,0.03225806451612904,0.943563627254509,-0.021358159912376773,-0.0006889729003992509,
short_aggressive_medium_capacity,w03,2026-02-04,2026-02-05,2026-02-11,001221,0.03225806451612904,0.9454584168336674,0.025381414701803218,0.0008187553129613943,
short_aggressive_medium_capacity,w03,2026-02-04,2026-02-05,2026-02-11,600435,0.03225806451612904,0.9454599198396794,0.0053859964093356805,0.00017374181965598972,
short_aggressive_medium_capacity,w03,2026-02-04,2026-02-05,2026-02-11,000629,0.03225806451612904,0.9492494989979959,-0.03174603174603163,-0.001024065540194569,
short_aggressive_medium_capacity,w03,2026-02-04,2026-02-05,2026-02-11,688387,0.03225806451612904,0.9867960921843687,-0.06958608278344347,-0.0022447123478530158,
short_aggressive_medium_capacity,w03,2026-02-04,2026-02-05,2026-02-11,688361,0.03225806451612904,0.9511427855711423,0.029173333333333273,0.0009410752688172025,
short_aggressive_medium_capacity,w03,2026-02-04,2026-02-05,2026-02-11,000703,0.03225806451612904,0.9530375751503006,0.12426035502958577,0.0040083985493414775,
short_aggressive_medium_capacity,w03,2026-02-04,2026-02-05,2026-02-11,603920,0.03225806451612904,0.9543446893787574,-0.09861346915676295,-0.00318107965021816,
short_aggressive_medium_capacity,w03,2026-02-04,2026-02-05,2026-02-11,688777,0.03225806451612904,0.954932364729459,-0.06174496644295313,-0.0019917731110630048,
short_aggressive_medium_capacity,w03,2026-02-04,2026-02-05,2026-02-11,000878,0.03225806451612904,0.9581342685370741,-0.06308889799262596,-0.002035125741697612,
short_aggressive_medium_capacity,w03,2026-02-04,2026-02-05,2026-02-11,002008,0.03225806451612904,0.9606182364729459,-0.012105576503274484,-0.0003905024678475641,
short_aggressive_medium_capacity,w03,2026-02-04,2026-02-05,2026-02-11,003035,0.03225806451612904,0.9631467935871743,-0.1289473684210526,-0.004159592529711375,
short_aggressive_medium_capacity,w03,2026-02-04,2026-02-05,2026-02-11,603806,0.03225806451612904,0.9663011022044089,-0.05950000000000011,-0.0019193548387096812,
short_aggressive_medium_capacity,w03,2026-02-04,2026-02-05,2026-02-11,688563,0.03225806451612904,0.9700906813627255,-0.02187500000000009,-0.0007056451612903256,
short_aggressive_medium_capacity,w03,2026-02-04,2026-02-05,2026-02-11,688568,0.03225806451612904,0.9732925851703407,-0.04449849763914726,-0.001435435407714428,
short_aggressive_medium_capacity,w03,2026-02-04,2026-02-05,2026-02-11,300454,0.03225806451612904,0.9827665330661323,0.02943237561317469,0.0009494314713927321,
short_aggressive_medium_capacity,w03,2026-02-04,2026-02-05,2026-02-11,300724,0.03225806451612904,0.9846613226452905,-0.13662830060934328,-0.004407364535785268,
short_aggressive_medium_capacity,w03,2026-02-04,2026-02-05,2026-02-11,688027,0.03225806451612904,0.9865561122244488,0.02941176470588225,0.0009487666034155565,
short_aggressive_medium_capacity,w03,2026-02-04,2026-02-05,2026-02-11,002414,0.03225806451612904,0.9246157314629259,-0.007155635062611854,-0.00023082693750360822,
short_aggressive_wide_capacity,w03,2026-02-04,2026-02-05,2026-02-11,603688,0.036000000004219955,0.9409879759519038,0.0225118483412321,0.0008104265403793546,
short_aggressive_wide_capacity,w03,2026-02-04,2026-02-05,2026-02-11,300136,0.036000000004219955,0.924931362725451,-0.03360811667723518,-0.0012098922005222912,
short_aggressive_wide_capacity,w03,2026-02-04,2026-02-05,2026-02-11,300757,0.036000000004219955,0.9397985971943887,-0.03951570618237277,-0.0014225654227321741,
short_aggressive_wide_capacity,w03,2026-02-04,2026-02-05,2026-02-11,603920,0.036000000004219955,0.9177950901803607,-0.09861346915676295,-0.0035500848900596104,
short_aggressive_wide_capacity,w03,2026-02-04,2026-02-05,2026-02-11,002851,0.036000000004219955,0.9177950901803607,-0.06988325577598165,-0.0025157972082302436,
short_aggressive_wide_capacity,w03,2026-02-04,2026-02-05,2026-02-11,000657,0.036000000004219955,0.9177950901803607,0.11710750853242313,0.0042158703076614215,
short_aggressive_wide_capacity,w03,2026-02-04,2026-02-05,2026-02-11,688387,0.036000000004219955,0.924931362725451,-0.06958608278344347,-0.0025050989804976153,
short_aggressive_wide_capacity,w03,2026-02-04,2026-02-05,2026-02-11,688375,0.036000000004219955,0.924931362725451,-0.04925156929019803,-0.0017730564946549683,
short_aggressive_wide_capacity,w03,2026-02-04,2026-02-05,2026-02-11,300058,0.036000000004219955,0.924931362725451,-0.06798029556650242,-0.002447290640680961,
short_aggressive_wide_capacity,w03,2026-02-04,2026-02-05,2026-02-11,300724,0.036000000004219955,0.9290941883767534,-0.13662830060934328,-0.004918618822512924,
short_aggressive_wide_capacity,w03,2026-02-04,2026-02-05,2026-02-11,688568,0.036000000004219955,0.9326623246492987,-0.04449849763914726,-0.001601945915197083,
short_aggressive_wide_capacity,w03,2026-02-04,2026-02-05,2026-02-11,688027,0.036000000004219955,0.9326623246492987,0.02941176470588225,0.0010588235295358774,
short_aggressive_wide_capacity,w03,2026-02-04,2026-02-05,2026-02-11,601212,0.036000000004219955,0.9380145290581163,-0.13996478873239437,-0.005038732394956842,
short_aggressive_wide_capacity,w03,2026-02-04,2026-02-05,2026-02-11,300751,0.036000000004219955,0.9380145290581163,-0.06856360316494226,-0.0024682897142272566,
short_aggressive_wide_capacity,w03,2026-02-04,2026-02-05,2026-02-11,000878,0.036000000004219955,0.8333491983967936,-0.06308889799262596,-0.002271200328000767,
short_aggressive_wide_capacity,w03,2026-02-04,2026-02-05,2026-02-11,000629,0.036000000000000004,0.8333491983967936,-0.03174603174603163,-0.0011428571428571388,
short_aggressive_wide_capacity,w03,2026-02-04,2026-02-05,2026-02-11,002156,0.036000000000000004,0.8333491983967936,-0.026095820591233276,-0.000939449541284398,
short_aggressive_wide_capacity,w03,2026-02-04,2026-02-05,2026-02-11,002008,0.036000000000000004,0.8333491983967936,-0.012105576503274484,-0.0004358007541178815,
short_aggressive_wide_capacity,w03,2026-02-04,2026-02-05,2026-02-11,000960,0.036000000000000004,0.8333491983967936,0.005422993492407713,0.0001952277657266777,
short_aggressive_wide_capacity,w03,2026-02-04,2026-02-05,2026-02-11,002080,0.036000000000000004,0.9064959919839679,0.09995147986414366,0.003598253275109172,
short_aggressive_wide_capacity,w03,2026-02-04,2026-02-05,2026-02-11,000426,0.036000000000000004,0.8333491983967936,-0.05636704119850189,-0.002029213483146068,
short_aggressive_wide_capacity,w03,2026-02-04,2026-02-05,2026-02-11,000155,0.036000000000000004,0.8333491983967936,-0.018547140649149974,-0.0006676970633693991,
short_aggressive_wide_capacity,w03,2026-02-04,2026-02-05,2026-02-11,000060,0.036000000000000004,0.8333491983967936,-0.0014025245441794398,-5.049088359045984e-05,
short_aggressive_wide_capacity,w03,2026-02-04,2026-02-05,2026-02-11,000021,0.036000000000000004,0.8333491983967936,-0.008112874779541479,-0.00029206349206349326,
short_aggressive_wide_capacity,w03,2026-02-04,2026-02-05,2026-02-11,601865,0.036000000000000004,0.9124428857715432,-0.02483069977426622,-0.0008939051918735839,
short_aggressive_wide_capacity,w03,2026-02-04,2026-02-05,2026-02-11,002195,0.03333333331223356,0.8333491983967936,-0.01090188305252715,-0.00036339610152087774,
short_aggressive_wide_capacity,w03,2026-02-04,2026-02-05,2026-02-11,002202,0.02666666664978681,0.8333491983967936,-0.06671554252199419,-0.0017790811327936962,
short_aggressive_wide_capacity,w03,2026-02-04,2026-02-05,2026-02-11,002409,0.019999999987340117,0.8333491983967936,0.004031806473289379,8.063612941474538e-05,
short_aggressive_wide_capacity,w03,2026-02-04,2026-02-05,2026-02-11,002429,0.013333333324893405,0.8333491983967936,0.17531120331950212,0.002337482709447081,
short_aggressive_wide_capacity,w03,2026-02-04,2026-02-05,2026-02-11,002430,0.0066666666624467024,0.8333491983967936,0.00031989763275741545,2.13265088369948e-06,
stable_compact_capacity,w03,2026-02-04,2026-02-05,2026-02-11,688027,0.030303030303030304,0.9967835671342685,0.02941176470588225,0.000891265597147947,
stable_compact_capacity,w03,2026-02-04,2026-02-05,2026-02-11,600516,0.030303030303030304,0.9634649298597194,-0.020442930153321992,-0.0006194827319188483,
stable_compact_capacity,w03,2026-02-04,2026-02-05,2026-02-11,300432,0.030303030303030304,0.9340661322645291,-0.020551649540291983,-0.0006227772587967268,
stable_compact_capacity,w03,2026-02-04,2026-02-05,2026-02-11,688122,0.030303030303030304,0.9379859719438878,-0.0072792362768496766,-0.00022058291748029325,
stable_compact_capacity,w03,2026-02-04,2026-02-05,2026-02-11,601212,0.030303030303030304,0.9410701402805611,-0.13996478873239437,-0.004241357234314981,
stable_compact_capacity,w03,2026-02-04,2026-02-05,2026-02-11,601611,0.030303030303030304,0.9419058116232465,-0.03652392947103278,-0.0011067857415464478,
stable_compact_capacity,w03,2026-02-04,2026-02-05,2026-02-11,600392,0.030303030303030304,0.9438657314629258,0.11029695333590439,0.00334233191926983,
stable_compact_capacity,w03,2026-02-04,2026-02-05,2026-02-11,688385,0.030303030303030304,0.9458256513026051,0.06843862352336916,0.0020738976825263383,
stable_compact_capacity,w03,2026-02-04,2026-02-05,2026-02-11,300919,0.030303030303030304,0.9477855711422845,0.033796470146451485,0.0010241354589833785,
stable_compact_capacity,w03,2026-02-04,2026-02-05,2026-02-11,000060,0.030303030303030304,0.9497454909819638,-0.0014025245441794398,-4.250074376301333e-05,
stable_compact_capacity,w03,2026-02-04,2026-02-05,2026-02-11,000878,0.030303030303030304,0.9517054108216432,-0.06308889799262596,-0.0019117847876553322,
stable_compact_capacity,w03,2026-02-04,2026-02-05,2026-02-11,002738,0.030303030303030304,0.955625250501002,0.01279139270771057,0.00038761796083971426,
stable_compact_capacity,w03,2026-02-04,2026-02-05,2026-02-11,000629,0.030303030303030304,0.9556673346693387,-0.03174603174603163,-0.0009620009620009586,
stable_compact_capacity,w03,2026-02-04,2026-02-05,2026-02-11,002851,0.030303030303030304,0.9595450901803607,-0.06988325577598165,-0.0021176744174539893,
stable_compact_capacity,w03,2026-02-04,2026-02-05,2026-02-11,688709,0.030303030303030304,0.9615050100200401,-0.030033840947546575,-0.0009101163923498963,
stable_compact_capacity,w03,2026-02-04,2026-02-05,2026-02-11,300751,0.030303030303030304,0.9625851703406814,-0.06856360316494226,-0.0020776849443921897,
stable_compact_capacity,w03,2026-02-04,2026-02-05,2026-02-11,688002,0.030303030303030304,0.9635070140280562,-0.027981573110390734,-0.0008479264578906283,
stable_compact_capacity,w03,2026-02-04,2026-02-05,2026-02-11,600487,0.030303030303030304,0.995749498997996,0.10040160642570273,0.003042472921990992,
stable_compact_capacity,w03,2026-02-04,2026-02-05,2026-02-11,603077,0.030303030303030304,0.9673847695390781,-0.004032258064516014,-0.0001221896383186671,
stable_compact_capacity,w03,2026-02-04,2026-02-05,2026-02-11,000426,0.030303030303030304,0.9689278557114228,-0.05636704119850189,-0.0017080921575303603,
stable_compact_capacity,w03,2026-02-04,2026-02-05,2026-02-11,688608,0.030303030303030304,0.9693446893787575,-0.0003846708659903664,-1.165669290879898e-05,
stable_compact_capacity,w03,2026-02-04,2026-02-05,2026-02-11,600497,0.030303030303030304,0.9713046092184369,-0.004415011037527727,-0.00013378821325841597,
stable_compact_capacity,w03,2026-02-04,2026-02-05,2026-02-11,688220,0.030303030303030304,0.9720280561122244,0.038404544331933854,0.0011637740706646623,
stable_compact_capacity,w03,2026-02-04,2026-02-05,2026-02-11,605358,0.030303030303030304,0.9732645290581162,-0.03605828599654237,-0.0010926753332285567,
stable_compact_capacity,w03,2026-02-04,2026-02-05,2026-02-11,688568,0.030303030303030304,0.9771843687374749,-0.04449849763914726,-0.001348439322398402,
stable_compact_capacity,w03,2026-02-04,2026-02-05,2026-02-11,002756,0.030303030303030304,0.9791442885771543,-0.004670999187652347,-0.000141545429928859,
stable_compact_capacity,w03,2026-02-04,2026-02-05,2026-02-11,688599,0.030303030303030304,0.9811042084168337,-0.08374830239927578,-0.0025378273454325995,
stable_compact_capacity,w03,2026-02-04,2026-02-05,2026-02-11,000039,0.030303030303030304,0.9859498997995992,-0.014022787028922012,-0.000424932940270364,
stable_compact_capacity,w03,2026-02-04,2026-02-05,2026-02-11,000960,0.030303030303030304,0.9869839679358717,0.005422993492407713,0.00016433313613356705,
stable_compact_capacity,w03,2026-02-04,2026-02-05,2026-02-11,603920,0.030303030303030304,0.9909038076152304,-0.09861346915676295,-0.002988286944144332,
stable_compact_capacity,w03,2026-02-04,2026-02-05,2026-02-11,688777,0.030303030303030304,0.9937895791583167,-0.06174496644295313,-0.001871059589180398,
stable_compact_capacity,w03,2026-02-04,2026-02-05,2026-02-11,300454,0.030303030303030304,0.9955470941883767,0.02943237561317469,0.0008918901700962027,
stable_compact_capacity,w03,2026-02-04,2026-02-05,2026-02-11,688387,0.030303030303030304,0.9336492985971944,-0.06958608278344347,-0.002108669175255863,
stable_compact_current,w03,2026-02-04,2026-02-05,2026-02-11,000039,0.03253310000000001,0.9945470941883767,-0.014022787028922012,-0.00045620473269062284,
stable_compact_current,w03,2026-02-04,2026-02-05,2026-02-11,000960,0.03253310000000001,0.8715656312625251,0.005422993492407713,0.0001764267895878494,
stable_compact_current,w03,2026-02-04,2026-02-05,2026-02-11,688709,0.03253310000000001,0.8452810621242486,-0.030033840947546575,-0.0009770939509306277,
stable_compact_current,w03,2026-02-04,2026-02-05,2026-02-11,688615,0.03253310000000001,0.8529473947895791,-0.016300439472632933,-0.0005303038274071146,
stable_compact_current,w03,2026-02-04,2026-02-05,2026-02-11,000426,0.03253310000000001,0.8562329659318637,-0.05636704119850189,-0.0018337945880149823,
stable_compact_current,w03,2026-02-04,2026-02-05,2026-02-11,601212,0.03253310000000001,0.9934519038076152,-0.13996478873239437,-0.004553488468309861,
stable_compact_current,w03,2026-02-04,2026-02-05,2026-02-11,688172,0.03253310000000001,0.8675050100200401,0.014118792599805197,0.0004593280915287226,
stable_compact_current,w03,2026-02-04,2026-02-05,2026-02-11,000060,0.03253310000000001,0.8682800601202405,-0.0014025245441794398,-4.5628471248244146e-05,
stable_compact_current,w03,2026-02-04,2026-02-05,2026-02-11,600497,0.03253310000000001,0.869375250501002,-0.004415011037527727,-0.00014363399558499335,
stable_compact_current,w03,2026-02-04,2026-02-05,2026-02-11,603920,0.03253310000000001,0.8704704408817634,-0.09861346915676295,-0.0032082018534238853,
stable_compact_current,w03,2026-02-04,2026-02-05,2026-02-11,002756,0.03253310000000001,0.8671848697394788,-0.004670999187652347,-0.00015196208367181262,
stable_compact_current,w03,2026-02-04,2026-02-05,2026-02-11,300454,0.03253310000000001,0.8726608216432865,0.02943237561317469,0.0009575264190609737,
stable_compact_current,w03,2026-02-04,2026-02-05,2026-02-11,600871,0.03253310000000001,0.9452635270541082,0.026666666666666616,0.000867549333333332,
stable_compact_current,w03,2026-02-04,2026-02-05,2026-02-11,688777,0.03253310000000001,0.9923567134268537,-0.06174496644295313,-0.002008755167785239,
stable_compact_current,w03,2026-02-04,2026-02-05,2026-02-11,002126,0.03253310000000001,0.9649769539078156,0.06364267530664192,0.0020704935200185127,
stable_compact_current,w03,2026-02-04,2026-02-05,2026-02-11,603806,0.03253310000000001,0.961691382765531,-0.05950000000000011,-0.001935719450000004,
stable_compact_current,w03,2026-02-04,2026-02-05,2026-02-11,688385,0.03253310000000001,0.8441858717434869,0.06843862352336916,0.0022265205829481217,
stable_compact_current,w03,2026-02-04,2026-02-05,2026-02-11,300724,0.03253310000000001,0.9562154308617234,-0.13662830060934328,-0.0044449421665538275,
stable_compact_current,w03,2026-02-04,2026-02-05,2026-02-11,600487,0.03253310000000001,0.9529298597194389,0.10040160642570273,0.0032663755020080304,
stable_compact_current,w03,2026-02-04,2026-02-05,2026-02-11,688599,0.03253310000000001,0.9507394789579158,-0.08374830239927578,-0.0027245918967858797,
stable_compact_current,w03,2026-02-04,2026-02-05,2026-02-11,002738,0.03175800000000001,0.8649944889779559,0.01279139270771057,0.00040622904961147235,
stable_compact_current,w03,2026-02-04,2026-02-05,2026-02-11,002851,0.03175800000000001,0.8638992985971943,-0.06988325577598165,-0.0022193524369336255,
stable_compact_current,w03,2026-02-04,2026-02-05,2026-02-11,000878,0.03175800000000001,0.8628041082164328,-0.06308889799262596,-0.002003577222449816,
stable_compact_current,w03,2026-02-04,2026-02-05,2026-02-11,603077,0.03175800000000001,0.8617089178356714,-0.004032258064516014,-0.00012805645161289962,
stable_compact_current,w03,2026-02-04,2026-02-05,2026-02-11,605358,0.03175800000000001,0.8660896793587174,-0.03605828599654237,-0.0011451390466781929,
stable_compact_current,w03,2026-02-04,2026-02-05,2026-02-11,000629,0.03175800000000001,0.8595185370741483,-0.03174603174603163,-0.0010081904761904729,
stable_compact_current,w03,2026-02-04,2026-02-05,2026-02-11,300919,0.03175800000000001,0.8584233466933868,0.033796470146451485,0.0010733082989110064,
stable_compact_current,w03,2026-02-04,2026-02-05,2026-02-11,601958,0.03175800000000001,0.8540425851703406,0.058529264632316336,0.0018587723861931027,
stable_compact_current,w03,2026-02-04,2026-02-05,2026-02-11,688122,0.03175800000000001,0.8496618236472946,-0.0072792362768496766,-0.00023117398568019208,
stable_compact_current,w03,2026-02-04,2026-02-05,2026-02-11,601611,0.03175800000000001,0.8474714428857715,-0.03652392947103278,-0.0011599269521410593,
stable_compact_current,w03,2026-02-04,2026-02-05,2026-02-11,688027,0.03175800000000001,0.8606137274549097,0.02941176470588225,0.0009340588235294087,
stable_extra_wide_capacity,w03,2026-02-04,2026-02-05,2026-02-11,600497,0.02173913043478261,0.9243486973947896,-0.004415011037527727,-9.597850081582018e-05,
stable_extra_wide_capacity,w03,2026-02-04,2026-02-05,2026-02-11,601399,0.02173913043478261,0.9032164328657315,-0.01724137931034475,-0.0003748125937031468,
stable_extra_wide_capacity,w03,2026-02-04,2026-02-05,2026-02-11,600516,0.02173913043478261,0.9094989979959921,-0.020442930153321992,-0.0004444115250722173,
stable_extra_wide_capacity,w03,2026-02-04,2026-02-05,2026-02-11,600392,0.02173913043478261,0.9089278557114229,0.11029695333590439,0.0023977598551283568,
stable_extra_wide_capacity,w03,2026-02-04,2026-02-05,2026-02-11,688608,0.02173913043478261,0.9077855711422846,-0.0003846708659903664,-8.362410130225356e-06,
stable_extra_wide_capacity,w03,2026-02-04,2026-02-05,2026-02-11,300748,0.02173913043478261,0.9072144288577155,0.03793293018141819,0.000824628916987352,
stable_extra_wide_capacity,w03,2026-02-04,2026-02-05,2026-02-11,300037,0.02173913043478261,0.9066432865731464,0.11149262775196944,0.002423752777216727,
stable_extra_wide_capacity,w03,2026-02-04,2026-02-05,2026-02-11,300857,0.02173913043478261,0.9055010020040082,0.041049307748360464,0.0008923762553991406,
stable_extra_wide_capacity,w03,2026-02-04,2026-02-05,2026-02-11,601212,0.02173913043478261,0.904929859719439,-0.13996478873239437,-0.003042712798530313,
stable_extra_wide_capacity,w03,2026-02-04,2026-02-05,2026-02-11,300724,0.02173913043478261,0.9043587174348698,-0.13662830060934328,-0.002970180448029202,
stable_extra_wide_capacity,w03,2026-02-04,2026-02-05,2026-02-11,002409,0.02173913043478261,0.9037875751503006,0.004031806473289379,8.764796681063868e-05,
stable_extra_wide_capacity,w03,2026-02-04,2026-02-05,2026-02-11,300058,0.02173913043478261,0.9026452905811624,-0.06798029556650242,-0.0014778325123152704,
stable_extra_wide_capacity,w03,2026-02-04,2026-02-05,2026-02-11,300454,0.02173913043478261,0.9237775551102205,0.02943237561317469,0.0006398342524603194,
stable_extra_wide_capacity,w03,2026-02-04,2026-02-05,2026-02-11,688347,0.02173913043478261,0.9015030060120242,-0.01741535241796832,-0.0003785946177819201,
stable_extra_wide_capacity,w03,2026-02-04,2026-02-05,2026-02-11,000155,0.02173913043478261,0.900931863727455,-0.018547140649149974,-0.0004031987097641299,
stable_extra_wide_capacity,w03,2026-02-04,2026-02-05,2026-02-11,301308,0.02173913043478261,0.9003607214428859,-0.05913907284768216,-0.0012856320184278733,
stable_extra_wide_capacity,w03,2026-02-04,2026-02-05,2026-02-11,688375,0.02173913043478261,0.8997895791583167,-0.04925156929019803,-0.0010706862889173485,
stable_extra_wide_capacity,w03,2026-02-04,2026-02-05,2026-02-11,688778,0.02173913043478261,0.8992184368737476,-0.0007103954534689594,-1.5443379423238248e-05,
stable_extra_wide_capacity,w03,2026-02-04,2026-02-05,2026-02-11,688019,0.02173913043478261,0.8986472945891784,0.021657322786268196,0.0004708113649188739,
stable_extra_wide_capacity,w03,2026-02-04,2026-02-05,2026-02-11,002008,0.02173913043478261,0.8975050100200401,-0.012105576503274484,-0.00026316470659292363,
stable_extra_wide_capacity,w03,2026-02-04,2026-02-05,2026-02-11,601958,0.02173913043478261,0.8963627254509019,0.058529264632316336,0.0012723753180938335,
stable_extra_wide_capacity,w03,2026-02-04,2026-02-05,2026-02-11,002429,0.02173913043478261,0.8957915831663328,0.17531120331950212,0.0038111131156413507,
stable_extra_wide_capacity,w03,2026-02-04,2026-02-05,2026-02-11,300432,0.02173913043478261,0.9100701402805611,-0.020551649540291983,-0.0004467749900063475,
stable_extra_wide_capacity,w03,2026-02-04,2026-02-05,2026-02-11,300604,0.02173913043478261,0.9106412825651303,-0.005708114779388929,-0.0001240894517258463,
stable_extra_wide_capacity,w03,2026-02-04,2026-02-05,2026-02-11,688599,0.02173913043478261,0.9112124248496994,-0.08374830239927578,-0.0018206152695494737,
stable_extra_wide_capacity,w03,2026-02-04,2026-02-05,2026-02-11,002851,0.02173913043478261,0.9117835671342687,-0.06988325577598165,-0.0015192012125213403,
stable_extra_wide_capacity,w03,2026-02-04,2026-02-05,2026-02-11,000060,0.02173913043478261,0.9232064128256514,-0.0014025245441794398,-3.048966400390087e-05,
stable_extra_wide_capacity,w03,2026-02-04,2026-02-05,2026-02-11,002756,0.02173913043478261,0.9226352705410823,-0.004670999187652347,-0.000101543460601138,
stable_extra_wide_capacity,w03,2026-02-04,2026-02-05,2026-02-11,000426,0.02173913043478261,0.9220641282565131,-0.05636704119850189,-0.0012253704608369978,
stable_extra_wide_capacity,w03,2026-02-04,2026-02-05,2026-02-11,000960,0.02173913043478261,0.921492985971944,0.005422993492407713,0.00011789116287842856,
stable_extra_wide_capacity,w03,2026-02-04,2026-02-05,2026-02-11,603077,0.02173913043478261,0.9209218436873748,-0.004032258064516014,-8.765778401121771e-05,
stable_extra_wide_capacity,w03,2026-02-04,2026-02-05,2026-02-11,605358,0.02173913043478261,0.9203507014028056,-0.03605828599654237,-0.0007838757825335299,
stable_extra_wide_capacity,w03,2026-02-04,2026-02-05,2026-02-11,601611,0.02173913043478261,0.9197795591182365,-0.03652392947103278,-0.0007939984667615823,
stable_extra_wide_capacity,w03,2026-02-04,2026-02-05,2026-02-11,688220,0.02173913043478261,0.9192084168336674,0.038404544331933854,0.0008348813985203013,
stable_extra_wide_capacity,w03,2026-02-04,2026-02-05,2026-02-11,688281,0.02173913043478261,0.9186372745490983,-0.06155227454110135,-0.0013380929248065511,
stable_extra_wide_capacity,w03,2026-02-04,2026-02-05,2026-02-11,000878,0.02173913043478261,0.91749498997996,-0.06308889799262596,-0.0013714977824483905,
stable_extra_wide_capacity,w03,2026-02-04,2026-02-05,2026-02-11,688122,0.02173913043478261,0.9169238476953909,-0.0072792362768496766,-0.00015824426688803648,
stable_extra_wide_capacity,w03,2026-02-04,2026-02-05,2026-02-11,002738,0.02173913043478261,0.9163527054108217,0.01279139270771057,0.0002780737545154472,
stable_extra_wide_capacity,w03,2026-02-04,2026-02-05,2026-02-11,688385,0.02173913043478261,0.9157815631262526,0.06843862352336916,0.0014877961635515037,
stable_extra_wide_capacity,w03,2026-02-04,2026-02-05,2026-02-11,300223,0.02173913043478261,0.9152104208416834,-0.08664396519107076,-0.0018835644606754515,
stable_extra_wide_capacity,w03,2026-02-04,2026-02-05,2026-02-11,603920,0.02173913043478261,0.9146392785571142,-0.09861346915676295,-0.0021437710686252817,
stable_extra_wide_capacity,w03,2026-02-04,2026-02-05,2026-02-11,300919,0.02173913043478261,0.9140681362725451,0.033796470146451485,0.0007347058727489454,
stable_extra_wide_capacity,w03,2026-02-04,2026-02-05,2026-02-11,688027,0.02173913043478261,0.913496993987976,0.02941176470588225,0.0006393861892583098,
stable_extra_wide_capacity,w03,2026-02-04,2026-02-05,2026-02-11,688709,0.02173913043478261,0.9129258517034069,-0.030033840947546575,-0.00065290958581623,
stable_extra_wide_capacity,w03,2026-02-04,2026-02-05,2026-02-11,300285,0.02173913043478261,0.9123547094188378,0.012250161186331265,0.0002663078518767667,
stable_extra_wide_capacity,w03,2026-02-04,2026-02-05,2026-02-11,601168,0.02173913043478261,0.8952204408817637,-0.020689655172413945,-0.00044977511244378147,
stable_medium_capacity,w03,2026-02-04,2026-02-05,2026-02-11,600497,0.01075268817204301,0.98687374749499,-0.004415011037527727,-4.747323696266373e-05,
stable_medium_capacity,w03,2026-02-04,2026-02-05,2026-02-11,300450,0.01075268817204301,0.8676703406813626,-0.06645302749198845,-0.0007145486827095531,
stable_medium_capacity,w03,2026-02-04,2026-02-05,2026-02-11,688295,0.01075268817204301,0.8480561122244488,-0.0412728418399495,-0.0004437939982790269,
stable_medium_capacity,w03,2026-02-04,2026-02-05,2026-02-11,688387,0.01075268817204301,0.8488927855711423,-0.06958608278344347,-0.0007482374492843384,
stable_medium_capacity,w03,2026-02-04,2026-02-05,2026-02-11,688582,0.01075268817204301,0.8496042084168336,0.0015581177937051827,1.6753954771023467e-05,
stable_medium_capacity,w03,2026-02-04,2026-02-05,2026-02-11,002156,0.01075268817204301,0.8511523046092183,-0.026095820591233276,-0.00028060022141111046,
stable_medium_capacity,w03,2026-02-04,2026-02-05,2026-02-11,002532,0.01075268817204301,0.8527004008016031,-0.00219780219780219,-2.363228169679774e-05,
stable_medium_capacity,w03,2026-02-04,2026-02-05,2026-02-11,002195,0.01075268817204301,0.8557965931863727,-0.01090188305252715,-0.00011722454895190484,
stable_medium_capacity,w03,2026-02-04,2026-02-05,2026-02-11,002271,0.01075268817204301,0.8598246492985971,-0.021358159912376773,-0.00022965763346641688,
stable_medium_capacity,w03,2026-02-04,2026-02-05,2026-02-11,688052,0.01075268817204301,0.860440881763527,0.033348990136214285,0.00035859129178725035,
stable_medium_capacity,w03,2026-02-04,2026-02-05,2026-02-11,003031,0.01075268817204301,0.8635370741482965,-0.0704873992580275,-0.0007579290242798655,
stable_medium_capacity,w03,2026-02-04,2026-02-05,2026-02-11,301358,0.01075268817204301,0.8681813627254509,0.028331750553972856,0.00030464247907497694,
stable_medium_capacity,w03,2026-02-04,2026-02-05,2026-02-11,002008,0.01075268817204301,0.886758517034068,-0.012105576503274484,-0.00013016748928252133,
stable_medium_capacity,w03,2026-02-04,2026-02-05,2026-02-11,300763,0.01075268817204301,0.8697294589178356,-0.07189005051098307,-0.0007730112958170222,
stable_medium_capacity,w03,2026-02-04,2026-02-05,2026-02-11,002436,0.01075268817204301,0.8712775551102204,-0.038528896672504365,-0.00041428921153230494,
stable_medium_capacity,w03,2026-02-04,2026-02-05,2026-02-11,002340,0.01075268817204301,0.8728256513026051,0.09070034443168762,0.0009752725207708346,
stable_medium_capacity,w03,2026-02-04,2026-02-05,2026-02-11,300487,0.01075268817204301,0.87437374749499,0.003186097031136814,3.4259107861686175e-05,
stable_medium_capacity,w03,2026-02-04,2026-02-05,2026-02-11,000629,0.01075268817204301,0.8759218436873747,-0.03174603174603163,-0.00034135518006485626,
stable_medium_capacity,w03,2026-02-04,2026-02-05,2026-02-11,600673,0.01075268817204301,0.8774699398797595,0.12864901561439246,0.0013833227485418543,
stable_medium_capacity,w03,2026-02-04,2026-02-05,2026-02-11,603806,0.01075268817204301,0.8784018036072144,-0.05950000000000011,-0.0006397849462365603,
stable_medium_capacity,w03,2026-02-04,2026-02-05,2026-02-11,601168,0.01075268817204301,0.880566132264529,-0.020689655172413945,-0.0002224694104560639,
stable_medium_capacity,w03,2026-02-04,2026-02-05,2026-02-11,002429,0.01075268817204301,0.8821142284569138,0.17531120331950212,0.0018850667023602376,
stable_medium_capacity,w03,2026-02-04,2026-02-05,2026-02-11,600435,0.01075268817204301,0.846508016032064,0.0053859964093356805,5.791393988532989e-05,
stable_medium_capacity,w03,2026-02-04,2026-02-05,2026-02-11,603341,0.01075268817204301,0.8449599198396793,0.007763975155279601,8.348360382021075e-05,
stable_medium_capacity,w03,2026-02-04,2026-02-05,2026-02-11,600549,0.01075268817204301,0.8418637274549098,0.09377754274634231,0.0010083606746918528,
stable_medium_capacity,w03,2026-02-04,2026-02-05,2026-02-11,601118,0.01075268817204301,0.8397520040080161,0.038406827880512084,0.000412976643876474,
stable_medium_capacity,w03,2026-02-04,2026-02-05,2026-02-11,688676,0.01075268817204301,0.7907765531062124,-0.12668593448940257,-0.0013622143493484146,
stable_medium_capacity,w03,2026-02-04,2026-02-05,2026-02-11,002335,0.01075268817204301,0.7969689378757515,0.007475365273530432,8.038027175839174e-05,
stable_medium_capacity,w03,2026-02-04,2026-02-05,2026-02-11,002185,0.01075268817204301,0.800065130260521,-0.03428971308607409,-0.0003687065923233773,
stable_medium_capacity,w03,2026-02-04,2026-02-05,2026-02-11,300496,0.01075268817204301,0.8016132264529058,0.0015246015246015432,1.6393564780661753e-05,
stable_medium_capacity,w03,2026-02-04,2026-02-05,2026-02-11,001221,0.01075268817204301,0.806628256513026,0.025381414701803218,0.000272918437653798,
stable_medium_capacity,w03,2026-02-04,2026-02-05,2026-02-11,688248,0.01075268817204301,0.8087900801603206,-0.0204357046462309,-0.0002197387596368914,
stable_medium_capacity,w03,2026-02-04,2026-02-05,2026-02-11,601608,0.01075268817204301,0.8103381763527054,-0.04621309370988447,-0.0004969149861277899,
stable_medium_capacity,w03,2026-02-04,2026-02-05,2026-02-11,603688,0.01075268817204301,0.8124498997995991,0.0225118483412321,0.00024206288538959245,
stable_medium_capacity,w03,2026-02-04,2026-02-05,2026-02-11,688172,0.01075268817204301,0.8165831663326653,0.014118792599805197,0.00015181497419145372,
stable_medium_capacity,w03,2026-02-04,2026-02-05,2026-02-11,603979,0.01075268817204301,0.8170941883767535,0.004911721757600018,5.281421244731202e-05,
stable_medium_capacity,w03,2026-02-04,2026-02-05,2026-02-11,000032,0.01075268817204301,0.8186422845691382,0.0029469548133596035,3.1687686165157025e-05,
stable_medium_capacity,w03,2026-02-04,2026-02-05,2026-02-11,300627,0.01075268817204301,0.8232865731462926,-0.022697625880511274,-0.00024406049333883088,
stable_medium_capacity,w03,2026-02-04,2026-02-05,2026-02-11,688018,0.01075268817204301,0.8248346693386773,0.021312500000000068,0.00022916666666666737,
stable_medium_capacity,w03,2026-02-04,2026-02-05,2026-02-11,000021,0.01075268817204301,0.8263827655310622,-0.008112874779541479,-8.72352126832417e-05,
stable_medium_capacity,w03,2026-02-04,2026-02-05,2026-02-11,600378,0.01075268817204301,0.8294789579158317,-0.0066006600660066805,-7.097483941942667e-05,
stable_medium_capacity,w03,2026-02-04,2026-02-05,2026-02-11,688568,0.01075268817204301,0.8305160320641283,-0.04449849763914726,-0.00047847846923814255,
stable_medium_capacity,w03,2026-02-04,2026-02-05,2026-02-11,688615,0.01075268817204301,0.8341232464929859,-0.016300439472632933,-0.00017527354271648312,
stable_medium_capacity,w03,2026-02-04,2026-02-05,2026-02-11,000723,0.01075268817204301,0.8366558116232465,-0.046421663442940075,-0.0004991576714294631,
stable_medium_capacity,w03,2026-02-04,2026-02-05,2026-02-11,002430,0.01075268817204301,0.8372194388777554,0.00031989763275741545,3.4397594920152196e-06,
stable_medium_capacity,w03,2026-02-04,2026-02-05,2026-02-11,601958,0.01075268817204301,0.8836623246492985,0.058529264632316336,0.0006293469315302832,
stable_medium_capacity,w03,2026-02-04,2026-02-05,2026-02-11,688019,0.01075268817204301,0.8898547094188376,0.021657322786268196,0.0002328744385620236,
stable_medium_capacity,w03,2026-02-04,2026-02-05,2026-02-11,300454,0.01075268817204301,0.9853256513026052,0.02943237561317469,0.0003164771571309106,
stable_medium_capacity,w03,2026-02-04,2026-02-05,2026-02-11,000426,0.01075268817204301,0.9665480961923847,-0.05636704119850189,-0.0006060972171881923,
stable_medium_capacity,w03,2026-02-04,2026-02-05,2026-02-11,002851,0.01075268817204301,0.9528156312625251,-0.06988325577598165,-0.0007514328578062542,
stable_medium_capacity,w03,2026-02-04,2026-02-05,2026-02-11,300285,0.01075268817204301,0.9543637274549097,0.012250161186331265,0.00013172216329388457,
stable_medium_capacity,w03,2026-02-04,2026-02-05,2026-02-11,688709,0.01075268817204301,0.9559118236472945,-0.030033840947546575,-0.0003229445263177051,
stable_medium_capacity,w03,2026-02-04,2026-02-05,2026-02-11,688027,0.01075268817204301,0.9574599198396794,0.02941176470588225,0.0003162555344718521,
stable_medium_capacity,w03,2026-02-04,2026-02-05,2026-02-11,300919,0.01075268817204301,0.959008016032064,0.033796470146451485,0.0003634029048005536,
stable_medium_capacity,w03,2026-02-04,2026-02-05,2026-02-11,603920,0.01075268817204301,0.9605561122244488,-0.09861346915676295,-0.001060359883406053,
stable_medium_capacity,w03,2026-02-04,2026-02-05,2026-02-11,300223,0.01075268817204301,0.9621042084168336,-0.08664396519107076,-0.0009316555396889328,
stable_medium_capacity,w03,2026-02-04,2026-02-05,2026-02-11,688385,0.01075268817204301,0.9636523046092185,0.06843862352336916,0.000735899177670636,
stable_medium_capacity,w03,2026-02-04,2026-02-05,2026-02-11,002738,0.01075268817204301,0.9652004008016031,0.01279139270771057,0.00013754185707215666,
stable_medium_capacity,w03,2026-02-04,2026-02-05,2026-02-11,688122,0.01075268817204301,0.9667484969939879,-0.0072792362768496766,-7.827135781558792e-05,
stable_medium_capacity,w03,2026-02-04,2026-02-05,2026-02-11,688778,0.01075268817204301,0.8914028056112224,-0.0007103954534689594,-7.63866078998881e-06,
stable_medium_capacity,w03,2026-02-04,2026-02-05,2026-02-11,000878,0.01075268817204301,0.9682965931863727,-0.06308889799262596,-0.0006783752472325371,
stable_medium_capacity,w03,2026-02-04,2026-02-05,2026-02-11,688220,0.01075268817204301,0.972940881763527,0.038404544331933854,0.00041295208959068655,
stable_medium_capacity,w03,2026-02-04,2026-02-05,2026-02-11,601611,0.01075268817204301,0.9744889779559118,-0.03652392947103278,-0.00039273042441970727,
stable_medium_capacity,w03,2026-02-04,2026-02-05,2026-02-11,605358,0.01075268817204301,0.9760370741482967,-0.03605828599654237,-0.00038772350533916524,
stable_medium_capacity,w03,2026-02-04,2026-02-05,2026-02-11,000039,0.01075268817204301,0.9774799599198397,-0.014022787028922012,-0.00015078265622496786,
stable_medium_capacity,w03,2026-02-04,2026-02-05,2026-02-11,603077,0.01075268817204301,0.9775851703406813,-0.004032258064516014,-4.335761359694639e-05,
stable_medium_capacity,w03,2026-02-04,2026-02-05,2026-02-11,000960,0.01075268817204301,0.9791332665330661,0.005422993492407713,5.831175798287863e-05,
stable_medium_capacity,w03,2026-02-04,2026-02-05,2026-02-11,002756,0.01075268817204301,0.9822294589178358,-0.004670999187652347,-5.02257977166919e-05,
stable_medium_capacity,w03,2026-02-04,2026-02-05,2026-02-11,000060,0.01075268817204301,0.9837775551102204,-0.0014025245441794398,-1.5080909077198277e-05,
stable_medium_capacity,w03,2026-02-04,2026-02-05,2026-02-11,688599,0.01075268817204301,0.9512675350701403,-0.08374830239927578,-0.0009005193806373738,
stable_medium_capacity,w03,2026-02-04,2026-02-05,2026-02-11,300604,0.01075268817204301,0.9497194388777555,-0.005708114779388929,-6.137757827299923e-05,
stable_medium_capacity,w03,2026-02-04,2026-02-05,2026-02-11,300432,0.01075268817204301,0.9481713426853706,-0.020551649540291983,-0.00022098547892787076,
stable_medium_capacity,w03,2026-02-04,2026-02-05,2026-02-11,600516,0.01075268817204301,0.946623246492986,-0.020442930153321992,-0.00021981645326152677,
stable_medium_capacity,w03,2026-02-04,2026-02-05,2026-02-11,000155,0.01075268817204301,0.8960470941883767,-0.018547140649149974,-0.00019943161988333303,
stable_medium_capacity,w03,2026-02-04,2026-02-05,2026-02-11,601399,0.01075268817204301,0.9022394789579158,-0.01724137931034475,-0.00018539117538005106,
stable_medium_capacity,w03,2026-02-04,2026-02-05,2026-02-11,002409,0.01075268817204301,0.9037875751503006,0.004031806473289379,4.3352757777305146e-05,
stable_medium_capacity,w03,2026-02-04,2026-02-05,2026-02-11,688525,0.01075268817204301,0.906372745490982,-0.05637982195845692,-0.0006062346447145905,
stable_medium_capacity,w03,2026-02-04,2026-02-05,2026-02-11,301308,0.01075268817204301,0.9077204408817636,-0.05913907284768216,-0.0006359040091148619,
stable_medium_capacity,w03,2026-02-04,2026-02-05,2026-02-11,300058,0.01075268817204301,0.9139128256513027,-0.06798029556650242,-0.0007309709200699185,
stable_medium_capacity,w03,2026-02-04,2026-02-05,2026-02-11,601061,0.01075268817204301,0.914060621242485,-0.010921501706484649,-0.00011743550222026503,
stable_medium_capacity,w03,2026-02-04,2026-02-05,2026-02-11,688777,0.01075268817204301,0.9155561122244489,-0.06174496644295313,-0.0006639243703543346,
stable_medium_capacity,w03,2026-02-04,2026-02-05,2026-02-11,601212,0.01075268817204301,0.9201052104208418,-0.13996478873239437,-0.0015049977283053157,
stable_medium_capacity,w03,2026-02-04,2026-02-05,2026-02-11,688375,0.01075268817204301,0.9203056112224448,-0.04925156929019803,-0.0005295867665612691,
stable_medium_capacity,w03,2026-02-04,2026-02-05,2026-02-11,688347,0.01075268817204301,0.9249498997995993,-0.01741535241796832,-0.0001872618539566486,
stable_medium_capacity,w03,2026-02-04,2026-02-05,2026-02-11,600487,0.01075268817204301,0.9263927855711424,0.10040160642570273,0.0010795871658677712,
stable_medium_capacity,w03,2026-02-04,2026-02-05,2026-02-11,300724,0.01075268817204301,0.932690380761523,-0.13662830060934328,-0.0014691215119284223,
stable_medium_capacity,w03,2026-02-04,2026-02-05,2026-02-11,300857,0.01075268817204301,0.9357865731462927,0.041049307748360464,0.00044139040589634903,
stable_medium_capacity,w03,2026-02-04,2026-02-05,2026-02-11,300037,0.01075268817204301,0.9388827655310621,0.11149262775196944,0.001198845459698596,
stable_medium_capacity,w03,2026-02-04,2026-02-05,2026-02-11,300748,0.01075268817204301,0.9404308617234469,0.03793293018141819,0.00040788096969266867,
stable_medium_capacity,w03,2026-02-04,2026-02-05,2026-02-11,688608,0.01075268817204301,0.9419789579158317,-0.0003846708659903664,-4.136245870864154e-06,
stable_medium_capacity,w03,2026-02-04,2026-02-05,2026-02-11,688281,0.01075268817204301,0.9440380761523045,-0.06155227454110135,-0.0006618524144204446,
stable_medium_capacity,w03,2026-02-04,2026-02-05,2026-02-11,600392,0.01075268817204301,0.9450751503006012,0.11029695333590439,0.0011859887455473589,
stable_medium_capacity,w03,2026-02-04,2026-02-05,2026-02-11,688002,0.01075268817204301,0.786132264529058,-0.027981573110390734,-0.0003008771302192552,
balanced_extra_wide_capacity,w04,2026-02-11,2026-02-12,2026-02-26,300058,0.015625,0.9972695390781564,-0.05021141649048644,-0.0007845533826638506,
balanced_extra_wide_capacity,w04,2026-02-11,2026-02-12,2026-02-26,600118,0.015625,0.9972695390781564,0.010098743267504373,0.00015779286355475583,
balanced_extra_wide_capacity,w04,2026-02-11,2026-02-12,2026-02-26,300751,0.015625,0.6905310621242485,-0.09220113046035217,-0.0014406426634430026,
balanced_extra_wide_capacity,w04,2026-02-11,2026-02-12,2026-02-26,300757,0.015625,0.6905310621242485,-0.015682382133994976,-0.0002450372208436715,
balanced_extra_wide_capacity,w04,2026-02-11,2026-02-12,2026-02-26,300763,0.015625,0.6905310621242485,0.005315782812302272,8.3059106442223e-05,
balanced_extra_wide_capacity,w04,2026-02-11,2026-02-12,2026-02-26,300857,0.015625,0.6905310621242485,0.16145590293980394,0.0025227484834344366,
balanced_extra_wide_capacity,w04,2026-02-11,2026-02-12,2026-02-26,300919,0.015625,0.6905310621242485,0.023247366509262735,0.00036324010170723023,
balanced_extra_wide_capacity,w04,2026-02-11,2026-02-12,2026-02-26,301308,0.015625,0.6905310621242485,0.05514887027521653,0.0008617010980502583,
balanced_extra_wide_capacity,w04,2026-02-11,2026-02-12,2026-02-26,600497,0.015625,0.6905310621242485,0.13968957871396892,0.0021826496674057644,
balanced_extra_wide_capacity,w04,2026-02-11,2026-02-12,2026-02-26,600498,0.015625,0.6905310621242485,0.12590100913022595,0.0019672032676597805,
balanced_extra_wide_capacity,w04,2026-02-11,2026-02-12,2026-02-26,600516,0.015625,0.6905310621242485,0.03652173913043488,0.000570652173913045,
balanced_extra_wide_capacity,w04,2026-02-11,2026-02-12,2026-02-26,601106,0.015625,0.6905310621242485,0.028112449799196693,0.0004392570281124483,
balanced_extra_wide_capacity,w04,2026-02-11,2026-02-12,2026-02-26,601212,0.015625,0.6905310621242485,0.07164790174002067,0.001119498464687823,
balanced_extra_wide_capacity,w04,2026-02-11,2026-02-12,2026-02-26,601399,0.015625,0.6905310621242485,0.031189083820662766,0.0004873294346978557,
balanced_extra_wide_capacity,w04,2026-02-11,2026-02-12,2026-02-26,601611,0.015625,0.6905310621242485,0.05751633986928106,0.0008986928104575166,
balanced_extra_wide_capacity,w04,2026-02-11,2026-02-12,2026-02-26,601865,0.015625,0.6905310621242485,-0.03067129629629639,-0.0004792390046296311,
balanced_extra_wide_capacity,w04,2026-02-11,2026-02-12,2026-02-26,603077,0.015625,0.6905310621242485,0.1740890688259109,0.002720141700404858,
balanced_extra_wide_capacity,w04,2026-02-11,2026-02-12,2026-02-26,603920,0.015625,0.6905310621242485,0.039083346413435915,0.0006106772877099362,
balanced_extra_wide_capacity,w04,2026-02-11,2026-02-12,2026-02-26,605358,0.015625,0.6905310621242485,0.08352549321035085,0.001305085831411732,
balanced_extra_wide_capacity,w04,2026-02-11,2026-02-12,2026-02-26,688019,0.015625,0.6905310621242485,0.06291813876569208,0.0009830959182139387,
balanced_extra_wide_capacity,w04,2026-02-11,2026-02-12,2026-02-26,688027,0.015625,0.6905310621242485,-0.050271428571428634,-0.0007854910714285724,
balanced_extra_wide_capacity,w04,2026-02-11,2026-02-12,2026-02-26,688122,0.015625,0.6905310621242485,0.04435629282365672,0.0006930670753696362,
balanced_extra_wide_capacity,w04,2026-02-11,2026-02-12,2026-02-26,688220,0.015625,0.6905310621242485,0.07622785111190389,0.0011910601736234983,
balanced_extra_wide_capacity,w04,2026-02-11,2026-02-12,2026-02-26,688281,0.015625,0.6905310621242485,0.07813330498564919,0.0012208328904007686,
balanced_extra_wide_capacity,w04,2026-02-11,2026-02-12,2026-02-26,688347,0.015625,0.6905310621242485,-0.0207667731629394,-0.00032448083067092813,
balanced_extra_wide_capacity,w04,2026-02-11,2026-02-12,2026-02-26,688375,0.015625,0.6905310621242485,0.022938886067377595,0.0003584200948027749,
balanced_extra_wide_capacity,w04,2026-02-11,2026-02-12,2026-02-26,688385,0.015625,0.6905310621242485,0.009494051195769737,0.00014834454993390214,
balanced_extra_wide_capacity,w04,2026-02-11,2026-02-12,2026-02-26,688387,0.015625,0.6905310621242485,0.049000644745325506,0.000765635074145711,
balanced_extra_wide_capacity,w04,2026-02-11,2026-02-12,2026-02-26,688525,0.015625,0.6905310621242485,0.05044025157232701,0.0007881289308176095,
balanced_extra_wide_capacity,w04,2026-02-11,2026-02-12,2026-02-26,688568,0.015625,0.6905310621242485,0.008235998802036404,0.0001286874812818188,
balanced_extra_wide_capacity,w04,2026-02-11,2026-02-12,2026-02-26,688599,0.015625,0.6905310621242485,-0.04743083003952553,-0.0007411067193675864,
balanced_extra_wide_capacity,w04,2026-02-11,2026-02-12,2026-02-26,300748,0.015625,0.6905310621242485,0.040783898305084776,0.0006372484110169496,
balanced_extra_wide_capacity,w04,2026-02-11,2026-02-12,2026-02-26,300724,0.015625,0.6905310621242485,-0.0470514429109159,-0.0007351787954830609,
balanced_extra_wide_capacity,w04,2026-02-11,2026-02-12,2026-02-26,300604,0.015625,0.6905310621242485,0.14972847168347547,0.0023395073700543043,
balanced_extra_wide_capacity,w04,2026-02-11,2026-02-12,2026-02-26,002156,0.015625,0.6905310621242485,0.09420138162026381,0.001471896587816622,
balanced_extra_wide_capacity,w04,2026-02-11,2026-02-12,2026-02-26,600879,0.015625,0.9972695390781564,0.0417670682730924,0.0006526104417670688,
balanced_extra_wide_capacity,w04,2026-02-11,2026-02-12,2026-02-26,300070,0.015625,0.9681362725450902,0.032019704433497775,0.0005003078817734027,
balanced_extra_wide_capacity,w04,2026-02-11,2026-02-12,2026-02-26,300529,0.015625,0.9681362725450902,-0.02654867256637161,-0.00041482300884955643,
balanced_extra_wide_capacity,w04,2026-02-11,2026-02-12,2026-02-26,600720,0.015625,0.9681362725450902,-0.005427408412483015,-8.48032564450471e-05,
balanced_extra_wide_capacity,w04,2026-02-11,2026-02-12,2026-02-26,603927,0.015625,0.9681362725450902,-0.015897435897435863,-0.00024839743589743536,
balanced_extra_wide_capacity,w04,2026-02-11,2026-02-12,2026-02-26,603707,0.015625,0.8502004008016031,-0.0020100502512562235,-3.140703517587849e-05,
balanced_extra_wide_capacity,w04,2026-02-11,2026-02-12,2026-02-26,000960,0.015625,0.7421092184368738,0.0876483279395901,0.0013695051240560953,
balanced_extra_wide_capacity,w04,2026-02-11,2026-02-12,2026-02-26,000060,0.015625,0.6905310621242485,0.0941011235955056,0.001470330056179775,
balanced_extra_wide_capacity,w04,2026-02-11,2026-02-12,2026-02-26,000155,0.015625,0.6905310621242485,0.09370078740157495,0.0014640748031496086,
balanced_extra_wide_capacity,w04,2026-02-11,2026-02-12,2026-02-26,000426,0.015625,0.6905310621242485,0.034729112919229976,0.0005426423893629684,
balanced_extra_wide_capacity,w04,2026-02-11,2026-02-12,2026-02-26,000629,0.015625,0.6905310621242485,0.11748633879781423,0.0018357240437158473,
balanced_extra_wide_capacity,w04,2026-02-11,2026-02-12,2026-02-26,000878,0.015625,0.6905310621242485,0.05684302579798861,0.000888172278093572,
balanced_extra_wide_capacity,w04,2026-02-11,2026-02-12,2026-02-26,002008,0.015625,0.6905310621242485,0.4005624748895138,0.006258788670148653,
balanced_extra_wide_capacity,w04,2026-02-11,2026-02-12,2026-02-26,002195,0.015625,0.6905310621242485,0.09218436873747504,0.0014403807615230475,
balanced_extra_wide_capacity,w04,2026-02-11,2026-02-12,2026-02-26,300570,0.015625,0.6905310621242485,0.076888489208633,0.0012013826438848907,
balanced_extra_wide_capacity,w04,2026-02-11,2026-02-12,2026-02-26,002202,0.015625,0.6905310621242485,0.11468970934799683,0.0017920267085624504,
balanced_extra_wide_capacity,w04,2026-02-11,2026-02-12,2026-02-26,002429,0.015625,0.6905310621242485,-0.07149161518093561,-0.0011170564872021189,
balanced_extra_wide_capacity,w04,2026-02-11,2026-02-12,2026-02-26,002436,0.015625,0.6905310621242485,0.2222222222222221,0.0034722222222222203,
balanced_extra_wide_capacity,w04,2026-02-11,2026-02-12,2026-02-26,002756,0.015625,0.6905310621242485,0.203835951846562,0.0031849367476025313,
balanced_extra_wide_capacity,w04,2026-02-11,2026-02-12,2026-02-26,002851,0.015625,0.6905310621242485,0.10208022469937683,0.001595003510927763,
balanced_extra_wide_capacity,w04,2026-02-11,2026-02-12,2026-02-26,003031,0.015625,0.6905310621242485,0.13597577759427493,0.0021246215249105457,
balanced_extra_wide_capacity,w04,2026-02-11,2026-02-12,2026-02-26,300037,0.015625,0.6905310621242485,0.04633836089405774,0.0007240368889696522,
balanced_extra_wide_capacity,w04,2026-02-11,2026-02-12,2026-02-26,300136,0.015625,0.6905310621242485,-0.012204724409448864,-0.0001906988188976385,
balanced_extra_wide_capacity,w04,2026-02-11,2026-02-12,2026-02-26,300223,0.015625,0.6905310621242485,0.1483844241922121,0.002318506628003314,
balanced_extra_wide_capacity,w04,2026-02-11,2026-02-12,2026-02-26,300285,0.015625,0.6905310621242485,0.16560509554140146,0.002587579617834398,
balanced_extra_wide_capacity,w04,2026-02-11,2026-02-12,2026-02-26,300390,0.015625,0.6905310621242485,0.07035607035607039,0.0010993135993135998,
balanced_extra_wide_capacity,w04,2026-02-11,2026-02-12,2026-02-26,300450,0.015625,0.6905310621242485,-0.004878048780487809,-7.621951219512202e-05,
balanced_extra_wide_capacity,w04,2026-02-11,2026-02-12,2026-02-26,300454,0.015625,0.6905310621242485,-0.1471749489448605,-0.0022996085772634452,
balanced_extra_wide_capacity,w04,2026-02-11,2026-02-12,2026-02-26,688608,0.015625,0.6905310621242485,0.00380008658425135,5.937635287892734e-05,
balanced_medium_current,w04,2026-02-11,2026-02-12,2026-02-26,003022,0.020408163265306124,1.0,0.00924574209245721,0.0001886886141317798,
balanced_medium_current,w04,2026-02-11,2026-02-12,2026-02-26,002436,0.020408163265306124,0.8957915831663327,0.2222222222222221,0.004535147392290247,
balanced_medium_current,w04,2026-02-11,2026-02-12,2026-02-26,002532,0.020408163265306124,0.8957915831663327,-0.02808370044052877,-0.0005731367436842607,
balanced_medium_current,w04,2026-02-11,2026-02-12,2026-02-26,002738,0.020408163265306124,0.8957915831663327,0.03387629839471207,0.0006913530284635116,
balanced_medium_current,w04,2026-02-11,2026-02-12,2026-02-26,002756,0.020408163265306124,0.8957915831663327,0.203835951846562,0.004159917384623715,
balanced_medium_current,w04,2026-02-11,2026-02-12,2026-02-26,002851,0.020408163265306124,0.8957915831663327,0.10208022469937683,0.002083269891824017,
balanced_medium_current,w04,2026-02-11,2026-02-12,2026-02-26,003031,0.020408163265306124,0.8957915831663327,0.13597577759427493,0.002775015869270917,
balanced_medium_current,w04,2026-02-11,2026-02-12,2026-02-26,300037,0.020408163265306124,0.8957915831663327,0.04633836089405774,0.000945680834572607,
balanced_medium_current,w04,2026-02-11,2026-02-12,2026-02-26,300223,0.020408163265306124,0.8957915831663327,0.1483844241922121,0.0030282535549431043,
balanced_medium_current,w04,2026-02-11,2026-02-12,2026-02-26,300390,0.020408163265306124,0.8957915831663327,0.07035607035607039,0.0014358381705320488,
balanced_medium_current,w04,2026-02-11,2026-02-12,2026-02-26,300432,0.020408163265306124,0.8957915831663327,-0.01656543346217565,-0.00033807007065664595,
balanced_medium_current,w04,2026-02-11,2026-02-12,2026-02-26,300450,0.020408163265306124,0.8957915831663327,-0.004878048780487809,-9.955201592832265e-05,
balanced_medium_current,w04,2026-02-11,2026-02-12,2026-02-26,300454,0.020408163265306124,0.8957915831663327,-0.1471749489448605,-0.0030035703866298064,
balanced_medium_current,w04,2026-02-11,2026-02-12,2026-02-26,300458,0.020408163265306124,0.8957915831663327,0.028023952095808324,0.000571917389710374,
balanced_medium_current,w04,2026-02-11,2026-02-12,2026-02-26,300487,0.020408163265306124,0.8957915831663327,0.06813916558394695,0.0013905952159989174,
balanced_medium_current,w04,2026-02-11,2026-02-12,2026-02-26,300496,0.020408163265306124,0.8957915831663327,0.003736507057846561,7.625524607850125e-05,
balanced_medium_current,w04,2026-02-11,2026-02-12,2026-02-26,300570,0.020408163265306124,0.8957915831663327,0.076888489208633,0.0015691528409925105,
balanced_medium_current,w04,2026-02-11,2026-02-12,2026-02-26,300604,0.020408163265306124,0.8957915831663327,0.14972847168347547,0.0030556830955811324,
balanced_medium_current,w04,2026-02-11,2026-02-12,2026-02-26,300627,0.020408163265306124,0.8957915831663327,0.016550987720234778,0.00033777525959662817,
balanced_medium_current,w04,2026-02-11,2026-02-12,2026-02-26,300724,0.020408163265306124,0.8957915831663327,-0.0470514429109159,-0.0009602335287942021,
balanced_medium_current,w04,2026-02-11,2026-02-12,2026-02-26,300748,0.020408163265306124,0.8957915831663327,0.040783898305084776,0.0008323244552058118,
balanced_medium_current,w04,2026-02-11,2026-02-12,2026-02-26,300763,0.020408163265306124,0.8957915831663327,0.005315782812302272,0.00010848536351637292,
balanced_medium_current,w04,2026-02-11,2026-02-12,2026-02-26,300857,0.020408163265306124,0.8957915831663327,0.16145590293980394,0.0032950184273429378,
balanced_medium_current,w04,2026-02-11,2026-02-12,2026-02-26,002465,0.020408163265306124,0.8957915831663327,0.011534025374855705,0.00023538827295623891,
balanced_medium_current,w04,2026-02-11,2026-02-12,2026-02-26,002430,0.020408163265306124,0.8957915831663327,0.03261912376079312,0.0006656964032814923,
balanced_medium_current,w04,2026-02-11,2026-02-12,2026-02-26,000960,0.020408163265306124,0.9959919839679359,0.0876483279395901,0.001788741386522247,
balanced_medium_current,w04,2026-02-11,2026-02-12,2026-02-26,002409,0.020408163265306124,0.8957915831663327,0.09715560513106514,0.001982767451654391,
balanced_medium_current,w04,2026-02-11,2026-02-12,2026-02-26,300285,0.020408163265306124,0.9959919839679359,0.16560509554140146,0.0033796958273755403,
balanced_medium_current,w04,2026-02-11,2026-02-12,2026-02-26,301308,0.020408163265306124,0.9959919839679359,0.05514887027521653,0.001125487148473807,
balanced_medium_current,w04,2026-02-11,2026-02-12,2026-02-26,000021,0.020408163265306124,0.8957915831663327,0.233641536273115,0.004768194617818675,
balanced_medium_current,w04,2026-02-11,2026-02-12,2026-02-26,000032,0.020408163265306124,0.8957915831663327,-0.035749265426052945,-0.000729576845429652,
balanced_medium_current,w04,2026-02-11,2026-02-12,2026-02-26,000050,0.020408163265306124,0.8957915831663327,0.04028925619834722,0.0008222297183336168,
balanced_medium_current,w04,2026-02-11,2026-02-12,2026-02-26,000060,0.020408163265306124,0.8957915831663327,0.0941011235955056,0.0019204310937858287,
balanced_medium_current,w04,2026-02-11,2026-02-12,2026-02-26,000155,0.020408163265306124,0.8957915831663327,0.09370078740157495,0.0019122609673790807,
balanced_medium_current,w04,2026-02-11,2026-02-12,2026-02-26,000426,0.020408163265306124,0.8957915831663327,0.034729112919229976,0.0007087574065148976,
balanced_medium_current,w04,2026-02-11,2026-02-12,2026-02-26,000629,0.020408163265306124,0.8957915831663327,0.11748633879781423,0.002397680383628862,
balanced_medium_current,w04,2026-02-11,2026-02-12,2026-02-26,000723,0.020408163265306124,0.8957915831663327,0.018255578093306246,0.00037256281823073973,
balanced_medium_current,w04,2026-02-11,2026-02-12,2026-02-26,000831,0.020408163265306124,0.8957915831663327,0.06590106007067131,0.0013449195932790064,
balanced_medium_current,w04,2026-02-11,2026-02-12,2026-02-26,000878,0.020408163265306124,0.8957915831663327,0.05684302579798861,0.0011600617509793594,
balanced_medium_current,w04,2026-02-11,2026-02-12,2026-02-26,002008,0.020408163265306124,0.8957915831663327,0.4005624748895138,0.008174744385500282,
balanced_medium_current,w04,2026-02-11,2026-02-12,2026-02-26,002056,0.020408163265306124,0.8957915831663327,0.05102040816326525,0.0010412328196584746,
balanced_medium_current,w04,2026-02-11,2026-02-12,2026-02-26,002080,0.020408163265306124,0.8957915831663327,0.16629907366563734,0.003393858646237497,
balanced_medium_current,w04,2026-02-11,2026-02-12,2026-02-26,002156,0.020408163265306124,0.8957915831663327,0.09420138162026381,0.0019224771759237514,
balanced_medium_current,w04,2026-02-11,2026-02-12,2026-02-26,002185,0.020408163265306124,0.8957915831663327,0.09565217391304337,0.0019520851818988444,
balanced_medium_current,w04,2026-02-11,2026-02-12,2026-02-26,002195,0.020408163265306124,0.8957915831663327,0.09218436873747504,0.0018813136477035725,
balanced_medium_current,w04,2026-02-11,2026-02-12,2026-02-26,002281,0.020408163265306124,0.8957915831663327,0.07722007722007707,0.001575919943266879,
balanced_medium_current,w04,2026-02-11,2026-02-12,2026-02-26,002335,0.020408163265306124,0.8957915831663327,0.038785834738617186,0.0007915476477268814,
balanced_medium_current,w04,2026-02-11,2026-02-12,2026-02-26,002340,0.020408163265306124,0.8957915831663327,0.011578947368420911,0.00023630504833512065,
balanced_medium_current,w04,2026-02-11,2026-02-12,2026-02-26,300919,0.020408163265306124,0.8957915831663327,0.023247366509262735,0.0004744360512094436,
economic_medium_capacity,w04,2026-02-11,2026-02-12,2026-02-26,600118,0.036000000004219955,0.9985771543086173,0.010098743267504373,0.0003635547576727737,
economic_medium_capacity,w04,2026-02-11,2026-02-12,2026-02-26,000426,0.036000000004219955,0.7117655310621244,0.034729112919229976,0.0012502480652388345,
economic_medium_capacity,w04,2026-02-11,2026-02-12,2026-02-26,600879,0.036000000004219955,0.9970160320641283,0.0417670682730924,0.0015036144580075816,
economic_medium_capacity,w04,2026-02-11,2026-02-12,2026-02-26,002202,0.036000000004219955,0.7117655310621244,0.11468970934799683,0.004128829537011871,
economic_medium_capacity,w04,2026-02-11,2026-02-12,2026-02-26,002195,0.036000000004219955,0.7117655310621244,0.09218436873747504,0.0033186372749381154,
economic_medium_capacity,w04,2026-02-11,2026-02-12,2026-02-26,002008,0.036000000004219955,0.7117655310621244,0.4005624748895138,0.014420249097712853,
economic_medium_capacity,w04,2026-02-11,2026-02-12,2026-02-26,000960,0.036000000004219955,0.7117655310621244,0.0876483279395901,0.0031553398061951155,
economic_medium_capacity,w04,2026-02-11,2026-02-12,2026-02-26,000878,0.036000000004219955,0.7117655310621244,0.05684302579798861,0.002046348928967465,
economic_medium_capacity,w04,2026-02-11,2026-02-12,2026-02-26,000060,0.036000000004219955,0.7117655310621244,0.0941011235955056,0.003387640449835304,
economic_medium_capacity,w04,2026-02-11,2026-02-12,2026-02-26,600583,0.036000000004219955,0.990811623246493,0.0069735006973501434,0.00025104602513403303,
economic_medium_capacity,w04,2026-02-11,2026-02-12,2026-02-26,300017,0.036000000004219955,0.990811623246493,-0.03422982885085568,-0.001232273838775253,
economic_medium_capacity,w04,2026-02-11,2026-02-12,2026-02-26,002340,0.036000000004219955,0.990811623246493,0.011578947368420911,0.0004168421053120154,
economic_medium_capacity,w04,2026-02-11,2026-02-12,2026-02-26,002080,0.036000000004219955,0.990811623246493,0.16629907366563734,0.005986766652664719,
economic_medium_capacity,w04,2026-02-11,2026-02-12,2026-02-26,000657,0.036000000004219955,0.990811623246493,0.14951308000763808,0.005382470880905909,
economic_medium_capacity,w04,2026-02-11,2026-02-12,2026-02-26,300390,0.036000000004219955,0.7117655310621244,0.07035607035607039,0.0025328185331154334,
economic_medium_capacity,w04,2026-02-11,2026-02-12,2026-02-26,300285,0.036000000000000004,0.7117655310621244,0.16560509554140146,0.005961783439490454,
economic_medium_capacity,w04,2026-02-11,2026-02-12,2026-02-26,300724,0.036000000000000004,0.7117655310621244,-0.0470514429109159,-0.0016938519447929725,
economic_medium_capacity,w04,2026-02-11,2026-02-12,2026-02-26,300454,0.036000000000000004,0.7117655310621244,-0.1471749489448605,-0.005298298162014979,
economic_medium_capacity,w04,2026-02-11,2026-02-12,2026-02-26,300450,0.036000000000000004,0.7117655310621244,-0.004878048780487809,-0.00017560975609756115,
economic_medium_capacity,w04,2026-02-11,2026-02-12,2026-02-26,002738,0.036000000000000004,0.7117655310621244,0.03387629839471207,0.0012195467422096346,
economic_medium_capacity,w04,2026-02-11,2026-02-12,2026-02-26,300223,0.036000000000000004,0.7117655310621244,0.1483844241922121,0.005341839270919636,
economic_medium_capacity,w04,2026-02-11,2026-02-12,2026-02-26,003031,0.036000000000000004,0.7117655310621244,0.13597577759427493,0.004895127993393898,
economic_medium_capacity,w04,2026-02-11,2026-02-12,2026-02-26,002851,0.036000000000000004,0.7117655310621244,0.10208022469937683,0.0036748880891775662,
economic_medium_capacity,w04,2026-02-11,2026-02-12,2026-02-26,002756,0.036000000000000004,0.7117655310621244,0.203835951846562,0.007338094266476233,
economic_medium_capacity,w04,2026-02-11,2026-02-12,2026-02-26,002429,0.036000000000000004,0.7117655310621244,-0.07149161518093561,-0.0025736981465136824,
economic_medium_capacity,w04,2026-02-11,2026-02-12,2026-02-26,300748,0.03333333331223356,0.7117655310621244,0.040783898305084776,0.0013594632759756282,
economic_medium_capacity,w04,2026-02-11,2026-02-12,2026-02-26,300857,0.02666666664978681,0.7117655310621244,0.16145590293980394,0.004305490742336086,
economic_medium_capacity,w04,2026-02-11,2026-02-12,2026-02-26,300919,0.019999999987340117,0.7117655310621244,0.023247366509262735,0.00046494732989094573,
economic_medium_capacity,w04,2026-02-11,2026-02-12,2026-02-26,600392,0.013333333324893405,0.7117655310621244,0.09239319208058361,0.0012319092269613228,
economic_medium_capacity,w04,2026-02-11,2026-02-12,2026-02-26,600497,0.0066666666624467024,0.7117655310621244,0.13968957871396892,0.0009312638575036411,
recent_compact_capacity,w04,2026-02-11,2026-02-12,2026-02-26,002080,0.032972380952380954,0.7007815631262525,0.16629907366563734,0.005483276408931458,
recent_compact_capacity,w04,2026-02-11,2026-02-12,2026-02-26,688361,0.032972380952380954,0.6996242484969939,0.06234129657459708,0.002055540979722977,
recent_compact_capacity,w04,2026-02-11,2026-02-12,2026-02-26,603000,0.032972380952380954,0.6963727454909819,-0.08967716221602229,-0.00295686955531515,
recent_compact_capacity,w04,2026-02-11,2026-02-12,2026-02-26,600959,0.032972380952380954,0.6970340681362726,-0.05239179954441908,-0.001727482373359365,
recent_compact_capacity,w04,2026-02-11,2026-02-12,2026-02-26,600549,0.032972380952380954,0.6975851703406813,0.027719580983078362,0.0009139805840144344,
recent_compact_capacity,w04,2026-02-11,2026-02-12,2026-02-26,688234,0.032972380952380954,0.6978056112224449,0.04620891636836966,0.001523617993894596,
recent_compact_capacity,w04,2026-02-11,2026-02-12,2026-02-26,000415,0.032972380952380954,0.7006713426853707,0.017274472168905985,0.0005695804771044706,
recent_compact_capacity,w04,2026-02-11,2026-02-12,2026-02-26,600583,0.032972380952380954,0.699128256513026,0.0069735006973501434,0.00022993292156472318,
recent_compact_capacity,w04,2026-02-11,2026-02-12,2026-02-26,300919,0.032972380952380954,0.6992384769539077,0.023247366509262735,0.0007665210246830335,
recent_compact_capacity,w04,2026-02-11,2026-02-12,2026-02-26,601958,0.032972380952380954,0.6993486973947896,0.05387523629489599,0.0017763948150148515,
recent_compact_capacity,w04,2026-02-11,2026-02-12,2026-02-26,600295,0.032972380952380954,0.6989629258517034,0.03569230769230769,0.0011768603663003662,
recent_compact_capacity,w04,2026-02-11,2026-02-12,2026-02-26,688027,0.032972380952380954,0.6996242484969939,-0.050271428571428634,-0.0016575686938775532,
recent_compact_capacity,w04,2026-02-11,2026-02-12,2026-02-26,605358,0.032972380952380954,0.6996242484969939,0.08352549321035085,0.002754034381367197,
recent_compact_capacity,w04,2026-02-11,2026-02-12,2026-02-26,300454,0.032972380952380954,0.700561122244489,-0.1471749489448605,-0.004852708483257157,
recent_compact_capacity,w04,2026-02-11,2026-02-12,2026-02-26,600118,0.032972380952380954,0.7004509018036071,0.010098743267504373,0.0003329796101564466,
recent_compact_capacity,w04,2026-02-11,2026-02-12,2026-02-26,600282,0.032972380952380954,0.7003406813627254,0.02473498233215543,0.0008155712603062411,
recent_compact_capacity,w04,2026-02-11,2026-02-12,2026-02-26,600884,0.032972380952380954,0.7001202404809619,-0.011857707509881354,-0.00039097684923771657,
recent_compact_capacity,w04,2026-02-11,2026-02-12,2026-02-26,688002,0.032972380952380954,0.6963727454909819,0.03370194839389162,0.001111233481280878,
recent_compact_capacity,w04,2026-02-11,2026-02-12,2026-02-26,000703,0.032972380952380954,0.7000100200400801,-0.05939849624060156,-0.001958509846043683,
recent_compact_capacity,w04,2026-02-11,2026-02-12,2026-02-26,601001,0.032972380952380954,0.6998997995991983,0.023631840796020098,0.0007791980573323922,
recent_compact_capacity,w04,2026-02-11,2026-02-12,2026-02-26,600316,0.032972380952380954,0.6996242484969939,-0.048561565017261166,-0.0016011904213929513,
recent_compact_capacity,w04,2026-02-11,2026-02-12,2026-02-26,002402,0.030758,0.6986873747494989,0.014119601328903775,0.0004342906976744223,
recent_compact_capacity,w04,2026-02-11,2026-02-12,2026-02-26,688615,0.030758,0.6985771543086172,-0.08577694744537412,-0.0026383273495248173,
recent_compact_capacity,w04,2026-02-11,2026-02-12,2026-02-26,002340,0.030758,0.6982464929859719,0.011578947368420911,0.0003561452631578904,
recent_compact_capacity,w04,2026-02-11,2026-02-12,2026-02-26,601665,0.030758,0.6987975951903808,-0.043697478991596594,-0.001344047058823528,
recent_compact_capacity,w04,2026-02-11,2026-02-12,2026-02-26,300037,0.030758,0.6980260521042083,0.04633836089405774,0.001425275304379428,
recent_compact_capacity,w04,2026-02-11,2026-02-12,2026-02-26,601799,0.030758,0.6979158316633266,0.04183785264311157,0.0012868486715968258,
recent_compact_capacity,w04,2026-02-11,2026-02-12,2026-02-26,601118,0.030758,0.6989629258517034,0.03150684931506853,0.0009690876712328779,
recent_compact_capacity,w04,2026-02-11,2026-02-12,2026-02-26,688525,0.030758,0.697254509018036,0.05044025157232701,0.0015514412578616341,
recent_compact_capacity,w04,2026-02-11,2026-02-12,2026-02-26,002414,0.030758,0.6963727454909819,0.0030030030030030463,9.236636636636771e-05,
recent_compact_capacity,w04,2026-02-11,2026-02-12,2026-02-26,603179,0.030758,0.6981362725450901,0.025724637681159512,0.0007912384057971044,
recent_compact_current,w04,2026-02-11,2026-02-12,2026-02-26,002080,0.027027027027027035,0.9472194388777555,0.16629907366563734,0.00449456955853074,
recent_compact_current,w04,2026-02-11,2026-02-12,2026-02-26,002340,0.027027027027027035,0.9108466933867735,0.011578947368420911,0.00031294452347083553,
recent_compact_current,w04,2026-02-11,2026-02-12,2026-02-26,300037,0.027027027027027035,0.9075400801603206,0.04633836089405774,0.0012523881322718312,
recent_compact_current,w04,2026-02-11,2026-02-12,2026-02-26,688234,0.027027027027027035,0.9009268537074149,0.04620891636836966,0.0012488896315775587,
recent_compact_current,w04,2026-02-11,2026-02-12,2026-02-26,601799,0.027027027027027035,0.8959669338677355,0.04183785264311157,0.001130752774138151,
recent_compact_current,w04,2026-02-11,2026-02-12,2026-02-26,600549,0.027027027027027035,0.894313627254509,0.027719580983078362,0.0007491778644075235,
recent_compact_current,w04,2026-02-11,2026-02-12,2026-02-26,688525,0.027027027027027035,0.8926603206412826,0.05044025157232701,0.001363250042495325,
recent_compact_current,w04,2026-02-11,2026-02-12,2026-02-26,600959,0.027027027027027035,0.8843937875751503,-0.05239179954441908,-0.0014159945822815974,
recent_compact_current,w04,2026-02-11,2026-02-12,2026-02-26,002414,0.027027027027027035,0.8810871743486974,0.0030030030030030463,8.116224332440668e-05,
recent_compact_current,w04,2026-02-11,2026-02-12,2026-02-26,603000,0.027027027027027035,0.8810871743486974,-0.08967716221602229,-0.002423707086919522,
recent_compact_current,w04,2026-02-11,2026-02-12,2026-02-26,688002,0.027027027027027035,0.8810871743486974,0.03370194839389162,0.0009108634701051793,
recent_compact_current,w04,2026-02-11,2026-02-12,2026-02-26,002465,0.027027027027027035,0.8777805611222446,0.011534025374855705,0.00031173041553664077,
recent_compact_current,w04,2026-02-11,2026-02-12,2026-02-26,000021,0.027027027027027035,0.8637274549098196,0.233641536273115,0.006314636115489597,
recent_compact_current,w04,2026-02-11,2026-02-12,2026-02-26,000559,0.027027027027027035,0.8637274549098196,-0.038099950519544734,-0.0010297283924201282,
recent_compact_current,w04,2026-02-11,2026-02-12,2026-02-26,000738,0.027027027027027035,0.8637274549098196,0.0730337078651686,0.001973883996355909,
recent_compact_current,w04,2026-02-11,2026-02-12,2026-02-26,000878,0.027027027027027035,0.8637274549098196,0.05684302579798861,0.0015362979945402332,
recent_compact_current,w04,2026-02-11,2026-02-12,2026-02-26,002064,0.027027027027027035,0.8637274549098196,0.006430868167202508,0.00017380724776223,
recent_compact_current,w04,2026-02-11,2026-02-12,2026-02-26,603179,0.027027027027027035,0.909193386773547,0.025724637681159512,0.0006952604778691763,
recent_compact_current,w04,2026-02-11,2026-02-12,2026-02-26,601665,0.027027027027027035,0.9125,-0.043697478991596594,-0.0011810129457188272,
recent_compact_current,w04,2026-02-11,2026-02-12,2026-02-26,000415,0.027027027027027035,0.945566132264529,0.017274472168905985,0.0004668776261866484,
recent_compact_current,w04,2026-02-11,2026-02-12,2026-02-26,688615,0.027027027027027035,0.9141533066132265,-0.08577694744537412,-0.002318295876902004,
recent_compact_current,w04,2026-02-11,2026-02-12,2026-02-26,300454,0.027027027027027035,0.9439128256513026,-0.1471749489448605,-0.003977701322834069,
recent_compact_current,w04,2026-02-11,2026-02-12,2026-02-26,600282,0.027027027027027035,0.9406062124248497,0.02473498233215543,0.0006685130360042011,
recent_compact_current,w04,2026-02-11,2026-02-12,2026-02-26,601918,0.027027027027027035,0.9389529058116233,0.02170963364993228,0.0005867468554035753,
recent_compact_current,w04,2026-02-11,2026-02-12,2026-02-26,000703,0.027027027027027035,0.9372995991983968,-0.05939849624060156,-0.0016053647632595022,
recent_compact_current,w04,2026-02-11,2026-02-12,2026-02-26,600884,0.027027027027027035,0.9356462925851703,-0.011857707509881354,-0.0003204785813481448,
recent_compact_current,w04,2026-02-11,2026-02-12,2026-02-26,601001,0.027027027027027035,0.9339929859719439,0.023631840796020098,0.0006386983998924353,
recent_compact_current,w04,2026-02-11,2026-02-12,2026-02-26,600316,0.027027027027027035,0.9298597194388778,-0.048561565017261166,-0.0013124747301962482,
recent_compact_current,w04,2026-02-11,2026-02-12,2026-02-26,605358,0.027027027027027035,0.9298597194388778,0.08352549321035085,0.002257445762441916,
recent_compact_current,w04,2026-02-11,2026-02-12,2026-02-26,688027,0.027027027027027035,0.9298597194388778,-0.050271428571428634,-0.0013586872586872608,
recent_compact_current,w04,2026-02-11,2026-02-12,2026-02-26,688361,0.027027027027027035,0.9298597194388778,0.06234129657459708,0.0016848999074215434,
recent_compact_current,w04,2026-02-11,2026-02-12,2026-02-26,601958,0.027027027027027035,0.9257264529058116,0.05387523629489599,0.0014560874674296217,
recent_compact_current,w04,2026-02-11,2026-02-12,2026-02-26,300919,0.027027027027027035,0.9240731462925852,0.023247366509262735,0.0006283072029530471,
recent_compact_current,w04,2026-02-11,2026-02-12,2026-02-26,600295,0.027027027027027035,0.9215931863727455,0.03569230769230769,0.0009646569646569649,
recent_compact_current,w04,2026-02-11,2026-02-12,2026-02-26,601118,0.027027027027027035,0.9215931863727455,0.03150684931506853,0.0008515364679748254,
recent_compact_current,w04,2026-02-11,2026-02-12,2026-02-26,600583,0.027027027027027035,0.9191132264529058,0.0069735006973501434,0.0001884729918202742,
recent_compact_current,w04,2026-02-11,2026-02-12,2026-02-26,002429,0.027027027027027035,0.8637274549098196,-0.07149161518093561,-0.001932205815700963,
short_aggressive_compact_capacity,w04,2026-02-11,2026-02-12,2026-02-26,600332,0.03225806451612904,0.9891302605210421,-0.007867820613690069,-0.0002538006649577442,
short_aggressive_compact_capacity,w04,2026-02-11,2026-02-12,2026-02-26,300454,0.03225806451612904,0.9287484969939879,-0.1471749489448605,-0.004747578998221307,
short_aggressive_compact_capacity,w04,2026-02-11,2026-02-12,2026-02-26,600497,0.03225806451612904,0.9003266533066131,0.13968957871396892,0.004506115442386095,
short_aggressive_compact_capacity,w04,2026-02-11,2026-02-12,2026-02-26,300223,0.03225806451612904,0.9003266533066131,0.1483844241922121,0.004786594328781036,
short_aggressive_compact_capacity,w04,2026-02-11,2026-02-12,2026-02-26,002429,0.03225806451612904,0.9003266533066131,-0.07149161518093561,-0.002306181134868891,
short_aggressive_compact_capacity,w04,2026-02-11,2026-02-12,2026-02-26,688615,0.03225806451612904,0.9026998997995992,-0.08577694744537412,-0.002766998304689488,
short_aggressive_compact_capacity,w04,2026-02-11,2026-02-12,2026-02-26,600685,0.03225806451612904,0.9083842685370742,0.09692532942898979,0.003126623529967413,
short_aggressive_compact_capacity,w04,2026-02-11,2026-02-12,2026-02-26,600602,0.03225806451612904,0.9083842685370742,-0.0522015433499774,-0.0016839207532250776,
short_aggressive_compact_capacity,w04,2026-02-11,2026-02-12,2026-02-26,688235,0.03225806451612904,0.9131212424849701,-0.08288946910356831,-0.0026738538420505915,
short_aggressive_compact_capacity,w04,2026-02-11,2026-02-12,2026-02-26,300146,0.03225806451612904,0.9161808617234469,-0.03508771929824561,-0.0011318619128466328,
short_aggressive_compact_capacity,w04,2026-02-11,2026-02-12,2026-02-26,600985,0.03225806451612904,0.9207004008016032,0.03872966692486446,0.0012493440943504666,
short_aggressive_compact_capacity,w04,2026-02-11,2026-02-12,2026-02-26,300383,0.03225806451612904,0.9235425851703407,-0.0585893060295789,-0.0018899776138573843,
short_aggressive_compact_capacity,w04,2026-02-11,2026-02-12,2026-02-26,002624,0.03225806451612904,0.9235425851703407,-0.040467625899280546,-0.0013054072870735663,
short_aggressive_compact_capacity,w04,2026-02-11,2026-02-12,2026-02-26,002465,0.03225806451612904,0.9275065130260521,0.011534025374855705,0.00037206533467276474,
short_aggressive_compact_capacity,w04,2026-02-11,2026-02-12,2026-02-26,600398,0.03225806451612904,0.9275495991983969,0.001607717041800738,5.1861840058088335e-05,
short_aggressive_compact_capacity,w04,2026-02-11,2026-02-12,2026-02-26,603927,0.03225806451612904,0.929684368737475,-0.015897435897435863,-0.0005128205128205118,
short_aggressive_compact_capacity,w04,2026-02-11,2026-02-12,2026-02-26,002385,0.03225806451612904,0.9806037074148296,-0.004938271604938205,-0.0001592990840302647,
short_aggressive_compact_capacity,w04,2026-02-11,2026-02-12,2026-02-26,600060,0.03225806451612904,0.9339639278557115,-0.07266721717588764,-0.0023441037798673436,
short_aggressive_compact_capacity,w04,2026-02-11,2026-02-12,2026-02-26,000709,0.03225806451612904,0.9339639278557115,0.04382470119521931,0.0014137000385554617,
short_aggressive_compact_capacity,w04,2026-02-11,2026-02-12,2026-02-26,603806,0.03225806451612904,0.937753507014028,-0.055821371610845105,-0.0018006894068014554,
short_aggressive_compact_capacity,w04,2026-02-11,2026-02-12,2026-02-26,601966,0.03225806451612904,0.9389183366733467,-0.000655307994757548,-2.1138967572824132e-05,
short_aggressive_compact_capacity,w04,2026-02-11,2026-02-12,2026-02-26,600153,0.03225806451612904,0.9417219438877755,0.01372756071805692,0.00044282453929215876,
short_aggressive_compact_capacity,w04,2026-02-11,2026-02-12,2026-02-26,002984,0.03225806451612904,0.9453326653306614,-0.003855421686746907,-0.00012436844150796476,
short_aggressive_compact_capacity,w04,2026-02-11,2026-02-12,2026-02-26,002410,0.03225806451612904,0.949122244488978,-0.031139419674451663,-0.0010044974088532796,
short_aggressive_compact_capacity,w04,2026-02-11,2026-02-12,2026-02-26,600282,0.03225806451612904,0.9529118236472947,0.02473498233215543,0.0007979026558759817,
short_aggressive_compact_capacity,w04,2026-02-11,2026-02-12,2026-02-26,003022,0.03225806451612904,0.954806613226453,0.00924574209245721,0.0002982497449179746,
short_aggressive_compact_capacity,w04,2026-02-11,2026-02-12,2026-02-26,688538,0.03225806451612904,0.9618957915831663,-0.022727272727272707,-0.0007331378299120229,
short_aggressive_compact_capacity,w04,2026-02-11,2026-02-12,2026-02-26,600546,0.03225806451612904,0.9642805611222446,0.019555555555555548,0.0006308243727598565,
short_aggressive_compact_capacity,w04,2026-02-11,2026-02-12,2026-02-26,002312,0.03225806451612904,0.9699649298597195,0.15521628498727735,0.005006976935073464,
short_aggressive_compact_capacity,w04,2026-02-11,2026-02-12,2026-02-26,688027,0.03225806451612904,0.9732760521042083,-0.050271428571428634,-0.0016216589861751175,
short_aggressive_compact_capacity,w04,2026-02-11,2026-02-12,2026-02-26,002080,0.03225806451612904,0.8960681362725452,0.16629907366563734,0.005364486247278625,
short_aggressive_medium_capacity,w04,2026-02-11,2026-02-12,2026-02-26,600332,0.03225806451612904,0.9891302605210421,-0.007867820613690069,-0.0002538006649577442,
short_aggressive_medium_capacity,w04,2026-02-11,2026-02-12,2026-02-26,300454,0.03225806451612904,0.9287484969939879,-0.1471749489448605,-0.004747578998221307,
short_aggressive_medium_capacity,w04,2026-02-11,2026-02-12,2026-02-26,600497,0.03225806451612904,0.9003266533066131,0.13968957871396892,0.004506115442386095,
short_aggressive_medium_capacity,w04,2026-02-11,2026-02-12,2026-02-26,300223,0.03225806451612904,0.9003266533066131,0.1483844241922121,0.004786594328781036,
short_aggressive_medium_capacity,w04,2026-02-11,2026-02-12,2026-02-26,002429,0.03225806451612904,0.9003266533066131,-0.07149161518093561,-0.002306181134868891,
short_aggressive_medium_capacity,w04,2026-02-11,2026-02-12,2026-02-26,688615,0.03225806451612904,0.9026998997995992,-0.08577694744537412,-0.002766998304689488,
short_aggressive_medium_capacity,w04,2026-02-11,2026-02-12,2026-02-26,600685,0.03225806451612904,0.9083842685370742,0.09692532942898979,0.003126623529967413,
short_aggressive_medium_capacity,w04,2026-02-11,2026-02-12,2026-02-26,600602,0.03225806451612904,0.9083842685370742,-0.0522015433499774,-0.0016839207532250776,
short_aggressive_medium_capacity,w04,2026-02-11,2026-02-12,2026-02-26,688235,0.03225806451612904,0.9131212424849701,-0.08288946910356831,-0.0026738538420505915,
short_aggressive_medium_capacity,w04,2026-02-11,2026-02-12,2026-02-26,300146,0.03225806451612904,0.9161808617234469,-0.03508771929824561,-0.0011318619128466328,
short_aggressive_medium_capacity,w04,2026-02-11,2026-02-12,2026-02-26,600985,0.03225806451612904,0.9207004008016032,0.03872966692486446,0.0012493440943504666,
short_aggressive_medium_capacity,w04,2026-02-11,2026-02-12,2026-02-26,300383,0.03225806451612904,0.9235425851703407,-0.0585893060295789,-0.0018899776138573843,
short_aggressive_medium_capacity,w04,2026-02-11,2026-02-12,2026-02-26,002624,0.03225806451612904,0.9235425851703407,-0.040467625899280546,-0.0013054072870735663,
short_aggressive_medium_capacity,w04,2026-02-11,2026-02-12,2026-02-26,002465,0.03225806451612904,0.9275065130260521,0.011534025374855705,0.00037206533467276474,
short_aggressive_medium_capacity,w04,2026-02-11,2026-02-12,2026-02-26,600398,0.03225806451612904,0.9275495991983969,0.001607717041800738,5.1861840058088335e-05,
short_aggressive_medium_capacity,w04,2026-02-11,2026-02-12,2026-02-26,603927,0.03225806451612904,0.929684368737475,-0.015897435897435863,-0.0005128205128205118,
short_aggressive_medium_capacity,w04,2026-02-11,2026-02-12,2026-02-26,002385,0.03225806451612904,0.9806037074148296,-0.004938271604938205,-0.0001592990840302647,
short_aggressive_medium_capacity,w04,2026-02-11,2026-02-12,2026-02-26,600060,0.03225806451612904,0.9339639278557115,-0.07266721717588764,-0.0023441037798673436,
short_aggressive_medium_capacity,w04,2026-02-11,2026-02-12,2026-02-26,000709,0.03225806451612904,0.9339639278557115,0.04382470119521931,0.0014137000385554617,
short_aggressive_medium_capacity,w04,2026-02-11,2026-02-12,2026-02-26,603806,0.03225806451612904,0.937753507014028,-0.055821371610845105,-0.0018006894068014554,
short_aggressive_medium_capacity,w04,2026-02-11,2026-02-12,2026-02-26,601966,0.03225806451612904,0.9389183366733467,-0.000655307994757548,-2.1138967572824132e-05,
short_aggressive_medium_capacity,w04,2026-02-11,2026-02-12,2026-02-26,600153,0.03225806451612904,0.9417219438877755,0.01372756071805692,0.00044282453929215876,
short_aggressive_medium_capacity,w04,2026-02-11,2026-02-12,2026-02-26,002984,0.03225806451612904,0.9453326653306614,-0.003855421686746907,-0.00012436844150796476,
short_aggressive_medium_capacity,w04,2026-02-11,2026-02-12,2026-02-26,002410,0.03225806451612904,0.949122244488978,-0.031139419674451663,-0.0010044974088532796,
short_aggressive_medium_capacity,w04,2026-02-11,2026-02-12,2026-02-26,600282,0.03225806451612904,0.9529118236472947,0.02473498233215543,0.0007979026558759817,
short_aggressive_medium_capacity,w04,2026-02-11,2026-02-12,2026-02-26,003022,0.03225806451612904,0.954806613226453,0.00924574209245721,0.0002982497449179746,
short_aggressive_medium_capacity,w04,2026-02-11,2026-02-12,2026-02-26,688538,0.03225806451612904,0.9618957915831663,-0.022727272727272707,-0.0007331378299120229,
short_aggressive_medium_capacity,w04,2026-02-11,2026-02-12,2026-02-26,600546,0.03225806451612904,0.9642805611222446,0.019555555555555548,0.0006308243727598565,
short_aggressive_medium_capacity,w04,2026-02-11,2026-02-12,2026-02-26,002312,0.03225806451612904,0.9699649298597195,0.15521628498727735,0.005006976935073464,
short_aggressive_medium_capacity,w04,2026-02-11,2026-02-12,2026-02-26,688027,0.03225806451612904,0.9732760521042083,-0.050271428571428634,-0.0016216589861751175,
short_aggressive_medium_capacity,w04,2026-02-11,2026-02-12,2026-02-26,002080,0.03225806451612904,0.8960681362725452,0.16629907366563734,0.005364486247278625,
short_aggressive_wide_capacity,w04,2026-02-11,2026-02-12,2026-02-26,000400,0.036000000004219955,0.839003006012024,0.0610079575596818,0.002196286472405996,
short_aggressive_wide_capacity,w04,2026-02-11,2026-02-12,2026-02-26,003035,0.036000000004219955,0.839003006012024,0.12839879154078537,0.004622356496010111,
short_aggressive_wide_capacity,w04,2026-02-11,2026-02-12,2026-02-26,000415,0.036000000004219955,0.839003006012024,0.017274472168905985,0.000621880998153513,
short_aggressive_wide_capacity,w04,2026-02-11,2026-02-12,2026-02-26,603650,0.036000000004219955,0.839003006012024,0.0733102253032929,0.00263916811122791,
short_aggressive_wide_capacity,w04,2026-02-11,2026-02-12,2026-02-26,603179,0.036000000004219955,0.839003006012024,0.025724637681159512,0.0009260869566302993,
short_aggressive_wide_capacity,w04,2026-02-11,2026-02-12,2026-02-26,600685,0.036000000004219955,0.839003006012024,0.09692532942898979,0.003489311859852653,
short_aggressive_wide_capacity,w04,2026-02-11,2026-02-12,2026-02-26,600316,0.036000000004219955,0.839003006012024,-0.048561565017261166,-0.0017482163408263295,
short_aggressive_wide_capacity,w04,2026-02-11,2026-02-12,2026-02-26,300972,0.036000000004219955,0.839003006012024,0.0028297362110312196,0.00010187050360906527,
short_aggressive_wide_capacity,w04,2026-02-11,2026-02-12,2026-02-26,002683,0.036000000004219955,0.839003006012024,-0.04000816493161874,-0.0014402939377071073,
short_aggressive_wide_capacity,w04,2026-02-11,2026-02-12,2026-02-26,002595,0.036000000004219955,0.839003006012024,0.005051546391752426,0.00018185567012440464,
short_aggressive_wide_capacity,w04,2026-02-11,2026-02-12,2026-02-26,002244,0.036000000004219955,0.839003006012024,-0.0060240963855420215,-0.0002168674699049342,
short_aggressive_wide_capacity,w04,2026-02-11,2026-02-12,2026-02-26,002130,0.036000000004219955,0.839003006012024,0.026804860614724868,0.0009649749822432105,
short_aggressive_wide_capacity,w04,2026-02-11,2026-02-12,2026-02-26,001389,0.036000000004219955,0.839003006012024,0.16263215097322403,0.005854757435722366,
short_aggressive_wide_capacity,w04,2026-02-11,2026-02-12,2026-02-26,001221,0.036000000004219955,0.839003006012024,-0.029622615988097012,-0.0010664141756964985,
short_aggressive_wide_capacity,w04,2026-02-11,2026-02-12,2026-02-26,601179,0.036000000004219955,0.7324023046092185,0.11057360055286791,0.003980649620369861,
short_aggressive_wide_capacity,w04,2026-02-11,2026-02-12,2026-02-26,301611,0.036000000000000004,0.7324023046092185,0.04958677685950419,0.001785123966942151,
short_aggressive_wide_capacity,w04,2026-02-11,2026-02-12,2026-02-26,000739,0.036000000000000004,0.6326457915831664,-0.03043246129204491,-0.001095568606513617,
short_aggressive_wide_capacity,w04,2026-02-11,2026-02-12,2026-02-26,000729,0.036000000000000004,0.6326457915831664,-0.011783189316575071,-0.0004241948153967026,
short_aggressive_wide_capacity,w04,2026-02-11,2026-02-12,2026-02-26,000582,0.036000000000000004,0.6326457915831664,0.029636711281070705,0.0010669216061185455,
short_aggressive_wide_capacity,w04,2026-02-11,2026-02-12,2026-02-26,603816,0.036000000000000004,0.839003006012024,-0.017142857142857237,-0.0006171428571428606,
short_aggressive_wide_capacity,w04,2026-02-11,2026-02-12,2026-02-26,300567,0.036000000000000004,0.7324023046092185,0.17326470365604418,0.006237529331617591,
short_aggressive_wide_capacity,w04,2026-02-11,2026-02-12,2026-02-26,300017,0.036000000000000004,0.7324023046092185,-0.03422982885085568,-0.0012322738386308046,
short_aggressive_wide_capacity,w04,2026-02-11,2026-02-12,2026-02-26,688563,0.036000000000000004,0.839003006012024,0.10180075515538789,0.0036648271855939645,
short_aggressive_wide_capacity,w04,2026-02-11,2026-02-12,2026-02-26,688017,0.036000000000000004,0.839003006012024,0.03597027972027966,0.001294930069930068,
short_aggressive_wide_capacity,w04,2026-02-11,2026-02-12,2026-02-26,603737,0.036000000000000004,0.839003006012024,-0.06848345425588387,-0.0024654043532118196,
short_aggressive_wide_capacity,w04,2026-02-11,2026-02-12,2026-02-26,000967,0.03333333331223356,0.6326457915831664,0.1108071135430917,0.0036935704490983845,
short_aggressive_wide_capacity,w04,2026-02-11,2026-02-12,2026-02-26,000997,0.02666666664978681,0.6326457915831664,-0.042986425339366585,-0.0011463046749908376,
short_aggressive_wide_capacity,w04,2026-02-11,2026-02-12,2026-02-26,002078,0.019999999987340117,0.6326457915831664,0.02833530106257376,0.0005667060208927536,
short_aggressive_wide_capacity,w04,2026-02-11,2026-02-12,2026-02-26,002157,0.013333333324893405,0.6326457915831664,-0.003154574132492094,-4.206098840660354e-05,
short_aggressive_wide_capacity,w04,2026-02-11,2026-02-12,2026-02-26,002294,0.0066666666624467024,0.6326457915831664,-0.0847134970493052,-0.0005647566466378801,
stable_compact_capacity,w04,2026-02-11,2026-02-12,2026-02-26,688375,0.030303030303030304,0.9976753507014028,0.022938886067377595,0.0006951177596175029,
stable_compact_capacity,w04,2026-02-11,2026-02-12,2026-02-26,000060,0.030303030303030304,0.9202585170340681,0.0941011235955056,0.002851549199863806,
stable_compact_capacity,w04,2026-02-11,2026-02-12,2026-02-26,300285,0.030303030303030304,0.9202585170340681,0.16560509554140146,0.005018336228527317,
stable_compact_capacity,w04,2026-02-11,2026-02-12,2026-02-26,300223,0.030303030303030304,0.9202585170340681,0.1483844241922121,0.004496497702794306,
stable_compact_capacity,w04,2026-02-11,2026-02-12,2026-02-26,300037,0.030303030303030304,0.9202585170340681,0.04633836089405774,0.001404192754365386,
stable_compact_capacity,w04,2026-02-11,2026-02-12,2026-02-26,003031,0.030303030303030304,0.9202585170340681,0.13597577759427493,0.004120478108917422,
stable_compact_capacity,w04,2026-02-11,2026-02-12,2026-02-26,002756,0.030303030303030304,0.9202585170340681,0.203835951846562,0.006176847025653394,
stable_compact_capacity,w04,2026-02-11,2026-02-12,2026-02-26,002436,0.030303030303030304,0.9202585170340681,0.2222222222222221,0.00673400673400673,
stable_compact_capacity,w04,2026-02-11,2026-02-12,2026-02-26,002429,0.030303030303030304,0.9202585170340681,-0.07149161518093561,-0.0021664125812404732,
stable_compact_capacity,w04,2026-02-11,2026-02-12,2026-02-26,002195,0.030303030303030304,0.9202585170340681,0.09218436873747504,0.0027934657193174257,
stable_compact_capacity,w04,2026-02-11,2026-02-12,2026-02-26,002156,0.030303030303030304,0.9202585170340681,0.09420138162026381,0.0028545873218261764,
stable_compact_capacity,w04,2026-02-11,2026-02-12,2026-02-26,002008,0.030303030303030304,0.9202585170340681,0.4005624748895138,0.012138256814833753,
stable_compact_capacity,w04,2026-02-11,2026-02-12,2026-02-26,000878,0.030303030303030304,0.9202585170340681,0.05684302579798861,0.001722515933272382,
stable_compact_capacity,w04,2026-02-11,2026-02-12,2026-02-26,000629,0.030303030303030304,0.9202585170340681,0.11748633879781423,0.0035601920847822496,
stable_compact_capacity,w04,2026-02-11,2026-02-12,2026-02-26,000426,0.030303030303030304,0.9202585170340681,0.034729112919229976,0.0010523973611887873,
stable_compact_capacity,w04,2026-02-11,2026-02-12,2026-02-26,000155,0.030303030303030304,0.9202585170340681,0.09370078740157495,0.002839417800047726,
stable_compact_capacity,w04,2026-02-11,2026-02-12,2026-02-26,688608,0.030303030303030304,0.9214488977955912,0.00380008658425135,0.00011515413891670758,
stable_compact_capacity,w04,2026-02-11,2026-02-12,2026-02-26,002202,0.030303030303030304,0.9776813627254509,0.11468970934799683,0.003475445737818086,
stable_compact_capacity,w04,2026-02-11,2026-02-12,2026-02-26,300390,0.030303030303030304,0.9214488977955912,0.07035607035607039,0.002132002132002133,
stable_compact_capacity,w04,2026-02-11,2026-02-12,2026-02-26,688347,0.030303030303030304,0.921559118236473,-0.0207667731629394,-0.0006292961564527091,
stable_compact_capacity,w04,2026-02-11,2026-02-12,2026-02-26,301308,0.030303030303030304,0.921559118236473,0.05514887027521653,0.0016711778871277738,
stable_compact_capacity,w04,2026-02-11,2026-02-12,2026-02-26,688563,0.030303030303030304,0.9756112224448897,0.10180075515538789,0.003084871368345088,
stable_compact_capacity,w04,2026-02-11,2026-02-12,2026-02-26,688322,0.030303030303030304,0.9756112224448897,-0.018335835299163716,-0.0005556313727019308,
stable_compact_capacity,w04,2026-02-11,2026-02-12,2026-02-26,688052,0.030303030303030304,0.9756112224448897,-0.005625000000000102,-0.00017045454545454856,
stable_compact_capacity,w04,2026-02-11,2026-02-12,2026-02-26,603000,0.030303030303030304,0.9756112224448897,-0.08967716221602229,-0.0027174897641218877,
stable_compact_capacity,w04,2026-02-11,2026-02-12,2026-02-26,600959,0.030303030303030304,0.9756112224448897,-0.05239179954441908,-0.0015876302892248208,
stable_compact_capacity,w04,2026-02-11,2026-02-12,2026-02-26,301536,0.030303030303030304,0.9756112224448897,0.23135981101432157,0.007010903364070351,
stable_compact_capacity,w04,2026-02-11,2026-02-12,2026-02-26,300623,0.030303030303030304,0.9756112224448897,0.07777777777777795,0.002356902356902362,
stable_compact_capacity,w04,2026-02-11,2026-02-12,2026-02-26,300395,0.030303030303030304,0.9756112224448897,0.31333333333333346,0.009494949494949499,
stable_compact_capacity,w04,2026-02-11,2026-02-12,2026-02-26,300383,0.030303030303030304,0.9756112224448897,-0.0585893060295789,-0.0017754335160478456,
stable_compact_capacity,w04,2026-02-11,2026-02-12,2026-02-26,002153,0.030303030303030304,0.9756112224448897,-0.08255451713395645,-0.002501652034362317,
stable_compact_capacity,w04,2026-02-11,2026-02-12,2026-02-26,002130,0.030303030303030304,0.9756112224448897,0.026804860614724868,0.0008122685034765111,
stable_compact_capacity,w04,2026-02-11,2026-02-12,2026-02-26,300454,0.030303030303030304,0.9202585170340681,-0.1471749489448605,-0.004459846937723046,
stable_compact_current,w04,2026-02-11,2026-02-12,2026-02-26,000060,0.03253310000000001,0.7835516032064128,0.0941011235955056,0.003061401264044944,
stable_compact_current,w04,2026-02-11,2026-02-12,2026-02-26,002202,0.03253310000000001,0.7835516032064128,0.11468970934799683,0.0037312117831893167,
stable_compact_current,w04,2026-02-11,2026-02-12,2026-02-26,300857,0.03253310000000001,0.7835516032064128,0.16145590293980394,0.0052526610359309375,
stable_compact_current,w04,2026-02-11,2026-02-12,2026-02-26,300748,0.03253310000000001,0.7835516032064128,0.040783898305084776,0.001326826641949154,
stable_compact_current,w04,2026-02-11,2026-02-12,2026-02-26,300604,0.03253310000000001,0.7835516032064128,0.14972847168347547,0.0048711313421256775,
stable_compact_current,w04,2026-02-11,2026-02-12,2026-02-26,000155,0.03253310000000001,0.7835516032064128,0.09370078740157495,0.0030483770866141786,
stable_compact_current,w04,2026-02-11,2026-02-12,2026-02-26,002756,0.03253310000000001,0.7835516032064128,0.203835951846562,0.0066314154050193886,
stable_compact_current,w04,2026-02-11,2026-02-12,2026-02-26,002738,0.03253310000000001,0.7835516032064128,0.03387629839471207,0.0011021010033050074,
stable_compact_current,w04,2026-02-11,2026-02-12,2026-02-26,002436,0.03253310000000001,0.7835516032064128,0.2222222222222221,0.007229577777777775,
stable_compact_current,w04,2026-02-11,2026-02-12,2026-02-26,002429,0.03253310000000001,0.7835516032064128,-0.07149161518093561,-0.0023258438658428967,
stable_compact_current,w04,2026-02-11,2026-02-12,2026-02-26,002851,0.03253310000000001,0.7835516032064128,0.10208022469937683,0.003320986158167297,
stable_compact_current,w04,2026-02-11,2026-02-12,2026-02-26,002195,0.03253310000000001,0.7835516032064128,0.09218436873747504,0.00299904328657315,
stable_compact_current,w04,2026-02-11,2026-02-12,2026-02-26,002156,0.03253310000000001,0.7835516032064128,0.09420138162026381,0.0030646629683902054,
stable_compact_current,w04,2026-02-11,2026-02-12,2026-02-26,000426,0.03253310000000001,0.7835516032064128,0.034729112919229976,0.001129845703512601,
stable_compact_current,w04,2026-02-11,2026-02-12,2026-02-26,000629,0.03253310000000001,0.7835516032064128,0.11748633879781423,0.003822194808743171,
stable_compact_current,w04,2026-02-11,2026-02-12,2026-02-26,000831,0.03253310000000001,0.7835516032064128,0.06590106007067131,0.0021439657773851574,
stable_compact_current,w04,2026-02-11,2026-02-12,2026-02-26,300919,0.03253310000000001,0.7835516032064128,0.023247366509262735,0.0007563088993824957,
stable_compact_current,w04,2026-02-11,2026-02-12,2026-02-26,000878,0.03253310000000001,0.7835516032064128,0.05684302579798861,0.0018492798425885438,
stable_compact_current,w04,2026-02-11,2026-02-12,2026-02-26,000960,0.03253310000000001,0.7835516032064128,0.0876483279395901,0.0028514718176914796,
stable_compact_current,w04,2026-02-11,2026-02-12,2026-02-26,002008,0.03253310000000001,0.7835516032064128,0.4005624748895138,0.013031539051828045,
stable_compact_current,w04,2026-02-11,2026-02-12,2026-02-26,300037,0.03175800000000001,0.7835516032064128,0.04633836089405774,0.0014716136652734861,
stable_compact_current,w04,2026-02-11,2026-02-12,2026-02-26,300223,0.03175800000000001,0.7835516032064128,0.1483844241922121,0.004712392543496273,
stable_compact_current,w04,2026-02-11,2026-02-12,2026-02-26,300285,0.03175800000000001,0.7835516032064128,0.16560509554140146,0.0052592866242038286,
stable_compact_current,w04,2026-02-11,2026-02-12,2026-02-26,300390,0.03175800000000001,0.7835516032064128,0.07035607035607039,0.002234368082368084,
stable_compact_current,w04,2026-02-11,2026-02-12,2026-02-26,003031,0.03175800000000001,0.7835516032064128,0.13597577759427493,0.004318318744838985,
stable_compact_current,w04,2026-02-11,2026-02-12,2026-02-26,300454,0.03175800000000001,0.7835516032064128,-0.1471749489448605,-0.004673982028590881,
stable_compact_current,w04,2026-02-11,2026-02-12,2026-02-26,300570,0.03175800000000001,0.7835516032064128,0.076888489208633,0.0024418246402877677,
stable_compact_current,w04,2026-02-11,2026-02-12,2026-02-26,300724,0.03175800000000001,0.7835516032064128,-0.0470514429109159,-0.0014942597239648674,
stable_compact_current,w04,2026-02-11,2026-02-12,2026-02-26,300757,0.03175800000000001,0.7835516032064128,-0.015682382133994976,-0.0004980410918114126,
stable_compact_current,w04,2026-02-11,2026-02-12,2026-02-26,300763,0.03175800000000001,0.7835516032064128,0.005315782812302272,0.0001688186305530956,
stable_compact_current,w04,2026-02-11,2026-02-12,2026-02-26,300450,0.03175800000000001,0.7835516032064128,-0.004878048780487809,-0.0001549170731707319,
stable_extra_wide_capacity,w04,2026-02-11,2026-02-12,2026-02-26,601611,0.02173913043478261,0.8981412825651303,0.05751633986928106,0.0012503552145495885,
stable_extra_wide_capacity,w04,2026-02-11,2026-02-12,2026-02-26,002624,0.02173913043478261,0.7819839679358718,-0.040467625899280546,-0.0008797309978104468,
stable_extra_wide_capacity,w04,2026-02-11,2026-02-12,2026-02-26,000598,0.02173913043478261,0.7987424849699399,0.011126564673157091,0.00024188184072080636,
stable_extra_wide_capacity,w04,2026-02-11,2026-02-12,2026-02-26,600642,0.02173913043478261,0.7958867735470943,0.0035714285714285587,7.763975155279476e-05,
stable_extra_wide_capacity,w04,2026-02-11,2026-02-12,2026-02-26,000958,0.02173913043478261,0.7956863727454909,0.004636785162287493,0.00010079967744103248,
stable_extra_wide_capacity,w04,2026-02-11,2026-02-12,2026-02-26,601997,0.02173913043478261,0.7936022044088178,-0.025295109612141542,-0.0005498936872204683,
stable_extra_wide_capacity,w04,2026-02-11,2026-02-12,2026-02-26,601139,0.02173913043478261,0.7901753507014029,0.0,0.0,
stable_extra_wide_capacity,w04,2026-02-11,2026-02-12,2026-02-26,601106,0.02173913043478261,0.7880460921843687,0.028112449799196693,0.0006111402130260152,
stable_extra_wide_capacity,w04,2026-02-11,2026-02-12,2026-02-26,000539,0.02173913043478261,0.7878907815631263,0.020576131687242816,0.0004473072105922352,
stable_extra_wide_capacity,w04,2026-02-11,2026-02-12,2026-02-26,002080,0.02173913043478261,0.784498997995992,0.16629907366563734,0.0036151972536008123,
stable_extra_wide_capacity,w04,2026-02-11,2026-02-12,2026-02-26,601665,0.02173913043478261,0.7822545090180362,-0.043697478991596594,-0.0009499451954694913,
stable_extra_wide_capacity,w04,2026-02-11,2026-02-12,2026-02-26,600332,0.02173913043478261,0.7816082164328658,-0.007867820613690069,-0.00017103957855847977,
stable_extra_wide_capacity,w04,2026-02-11,2026-02-12,2026-02-26,605358,0.02173913043478261,0.8961573146292585,0.08352549321035085,0.0018157715915293666,
stable_extra_wide_capacity,w04,2026-02-11,2026-02-12,2026-02-26,601399,0.02173913043478261,0.7814529058116232,0.031189083820662766,0.0006780235613187558,
stable_extra_wide_capacity,w04,2026-02-11,2026-02-12,2026-02-26,000415,0.02173913043478261,0.7811523046092184,0.017274472168905985,0.0003755320036718693,
stable_extra_wide_capacity,w04,2026-02-11,2026-02-12,2026-02-26,002432,0.02173913043478261,0.7803056112224449,0.046378197465933635,0.0010082216840420356,
stable_extra_wide_capacity,w04,2026-02-11,2026-02-12,2026-02-26,600153,0.02173913043478261,0.7787324649298598,0.01372756071805692,0.0002984252330012374,
stable_extra_wide_capacity,w04,2026-02-11,2026-02-12,2026-02-26,002032,0.02173913043478261,0.7739629258517035,-0.01429848078641649,-0.0003108365388351411,
stable_extra_wide_capacity,w04,2026-02-11,2026-02-12,2026-02-26,603529,0.02173913043478261,0.7680961923847697,-0.02317769566677863,-0.0005038629492777963,
stable_extra_wide_capacity,w04,2026-02-11,2026-02-12,2026-02-26,600032,0.02173913043478261,0.7670440881763528,0.035532994923857864,0.0007724564113882145,
stable_extra_wide_capacity,w04,2026-02-11,2026-02-12,2026-02-26,600566,0.02173913043478261,0.7643937875751503,0.004739336492890933,0.00010302905419328118,
stable_extra_wide_capacity,w04,2026-02-11,2026-02-12,2026-02-26,301308,0.02173913043478261,0.7614128256513026,0.05514887027521653,0.001198888484243838,
stable_extra_wide_capacity,w04,2026-02-11,2026-02-12,2026-02-26,002131,0.02173913043478261,0.8005811623246493,0.13212121212121208,0.002872200263504611,
stable_extra_wide_capacity,w04,2026-02-11,2026-02-12,2026-02-26,002007,0.02173913043478261,0.8031062124248498,0.0,0.0,
stable_extra_wide_capacity,w04,2026-02-11,2026-02-12,2026-02-26,600004,0.02173913043478261,0.8061673346693388,-0.013655462184873901,-0.00029685787358421525,
stable_extra_wide_capacity,w04,2026-02-11,2026-02-12,2026-02-26,601615,0.02173913043478261,0.8101603206412826,-0.04175365344467641,-0.0009076881183625307,
stable_extra_wide_capacity,w04,2026-02-11,2026-02-12,2026-02-26,688709,0.02173913043478261,0.8938727454909821,0.04012211077191452,0.0008722197993894463,
stable_extra_wide_capacity,w04,2026-02-11,2026-02-12,2026-02-26,688122,0.02173913043478261,0.8935721442885772,0.04435629282365672,0.0009642672352968853,
stable_extra_wide_capacity,w04,2026-02-11,2026-02-12,2026-02-26,600516,0.02173913043478261,0.8878607214428857,0.03652173913043488,0.000793950850661628,
stable_extra_wide_capacity,w04,2026-02-11,2026-02-12,2026-02-26,688608,0.02173913043478261,0.8758667334669339,0.00380008658425135,8.261057791850762e-05,
stable_extra_wide_capacity,w04,2026-02-11,2026-02-12,2026-02-26,600007,0.02173913043478261,0.8592835671342687,-0.015911282545805094,-0.00034589744664793686,
stable_extra_wide_capacity,w04,2026-02-11,2026-02-12,2026-02-26,001286,0.02173913043478261,0.8524148296593188,0.026919242273180544,0.0005852009189821858,
stable_extra_wide_capacity,w04,2026-02-11,2026-02-12,2026-02-26,688525,0.02173913043478261,0.8398196392785572,0.05044025157232701,0.0010965272080940656,
stable_extra_wide_capacity,w04,2026-02-11,2026-02-12,2026-02-26,002608,0.02173913043478261,0.835866733466934,0.03080872913992283,0.0006697549813026704,
stable_extra_wide_capacity,w04,2026-02-11,2026-02-12,2026-02-26,300223,0.02173913043478261,0.8329659318637275,0.1483844241922121,0.0032257483520046113,
stable_extra_wide_capacity,w04,2026-02-11,2026-02-12,2026-02-26,300285,0.02173913043478261,0.826808617234469,0.16560509554140146,0.003600110772639163,
stable_extra_wide_capacity,w04,2026-02-11,2026-02-12,2026-02-26,300604,0.02173913043478261,0.826683366733467,0.14972847168347547,0.003254966775727728,
stable_extra_wide_capacity,w04,2026-02-11,2026-02-12,2026-02-26,688281,0.02173913043478261,0.8262374749498999,0.07813330498564919,0.0016985501083836782,
stable_extra_wide_capacity,w04,2026-02-11,2026-02-12,2026-02-26,600582,0.02173913043478261,0.8259619238476954,0.016638935108153063,0.00036171598061202314,
stable_extra_wide_capacity,w04,2026-02-11,2026-02-12,2026-02-26,603077,0.02173913043478261,0.8239529058116233,0.1740890688259109,0.0037845449744763246,
stable_extra_wide_capacity,w04,2026-02-11,2026-02-12,2026-02-26,600483,0.02173913043478261,0.8187324649298598,0.10086767895878523,0.0021927756295388096,
stable_extra_wide_capacity,w04,2026-02-11,2026-02-12,2026-02-26,002958,0.02173913043478261,0.8132014028056112,-0.03105590062111807,-0.0006751282743721321,
stable_extra_wide_capacity,w04,2026-02-11,2026-02-12,2026-02-26,603920,0.02173913043478261,0.8131012024048097,0.039083346413435915,0.0008496379655094765,
stable_extra_wide_capacity,w04,2026-02-11,2026-02-12,2026-02-26,300146,0.02173913043478261,0.8116132264529059,-0.03508771929824561,-0.0007627765064836003,
stable_extra_wide_capacity,w04,2026-02-11,2026-02-12,2026-02-26,603565,0.02173913043478261,0.8107364729458919,0.03142857142857136,0.0006832298136645949,
stable_extra_wide_capacity,w04,2026-02-11,2026-02-12,2026-02-26,000883,0.02173913043478261,0.7599048096192386,0.01521739130434785,0.0003308128544423446,
stable_medium_capacity,w04,2026-02-11,2026-02-12,2026-02-26,601212,0.01075268817204301,0.9915280561122244,0.07164790174002067,0.00077040754559162,
stable_medium_capacity,w04,2026-02-11,2026-02-12,2026-02-26,002624,0.01075268817204301,0.8442810621242485,-0.040467625899280546,-0.0004351357623578553,
stable_medium_capacity,w04,2026-02-11,2026-02-12,2026-02-26,688615,0.01075268817204301,0.8164153306613227,-0.08577694744537412,-0.0009223327682298291,
stable_medium_capacity,w04,2026-02-11,2026-02-12,2026-02-26,000415,0.01075268817204301,0.8226077154308618,0.017274472168905985,0.00018574701256888156,
stable_medium_capacity,w04,2026-02-11,2026-02-12,2026-02-26,603806,0.01075268817204301,0.8241558116232466,-0.055821371610845105,-0.0006002298022671517,
stable_medium_capacity,w04,2026-02-11,2026-02-12,2026-02-26,002414,0.01075268817204301,0.8288001002004008,0.0030030030030030463,3.2290354871000496e-05,
stable_medium_capacity,w04,2026-02-11,2026-02-12,2026-02-26,601118,0.01075268817204301,0.8303481963927857,0.03150684931506853,0.00033878332596847877,
stable_medium_capacity,w04,2026-02-11,2026-02-12,2026-02-26,600879,0.01075268817204301,0.8337725450901804,0.0417670682730924,0.00044910826100099353,
stable_medium_capacity,w04,2026-02-11,2026-02-12,2026-02-26,600392,0.01075268817204301,0.8347895791583166,0.09239319208058361,0.0009934751836621891,
stable_medium_capacity,w04,2026-02-11,2026-02-12,2026-02-26,002340,0.01075268817204301,0.8380886773547094,0.011578947368420911,0.00012450481041312807,
stable_medium_capacity,w04,2026-02-11,2026-02-12,2026-02-26,600583,0.01075268817204301,0.8396367735470942,0.0069735006973501434,7.498387846613056e-05,
stable_medium_capacity,w04,2026-02-11,2026-02-12,2026-02-26,002465,0.01075268817204301,0.8458291583166333,0.011534025374855705,0.00012402177822425488,
stable_medium_capacity,w04,2026-02-11,2026-02-12,2026-02-26,000155,0.01075268817204301,0.8812324649298597,0.09370078740157495,0.0010075353484040317,
stable_medium_capacity,w04,2026-02-11,2026-02-12,2026-02-26,688220,0.01075268817204301,0.8487224448897797,0.07622785111190389,0.0008196543130312245,
stable_medium_capacity,w04,2026-02-11,2026-02-12,2026-02-26,688002,0.01075268817204301,0.8597620240480961,0.03370194839389162,0.00036238654186980236,
stable_medium_capacity,w04,2026-02-11,2026-02-12,2026-02-26,601865,0.01075268817204301,0.8642034068136273,-0.03067129629629639,-0.00032979888490641276,
stable_medium_capacity,w04,2026-02-11,2026-02-12,2026-02-26,003031,0.01075268817204301,0.865751503006012,0.13597577759427493,0.001462105135422311,
stable_medium_capacity,w04,2026-02-11,2026-02-12,2026-02-26,002738,0.01075268817204301,0.8703957915831663,0.03387629839471207,0.00036426127306142005,
stable_medium_capacity,w04,2026-02-11,2026-02-12,2026-02-26,000960,0.01075268817204301,0.8750400801603206,0.0876483279395901,0.0009424551391353773,
stable_medium_capacity,w04,2026-02-11,2026-02-12,2026-02-26,001221,0.01075268817204301,0.8767910821643286,-0.029622615988097012,-0.0003185227525601829,
stable_medium_capacity,w04,2026-02-11,2026-02-12,2026-02-26,002595,0.01075268817204301,0.8783391783567134,0.005051546391752426,5.4317703137122855e-05,
stable_medium_capacity,w04,2026-02-11,2026-02-12,2026-02-26,300857,0.01075268817204301,0.8796843687374749,0.16145590293980394,0.001736084977847354,
stable_medium_capacity,w04,2026-02-11,2026-02-12,2026-02-26,688052,0.01075268817204301,0.8148672344689378,-0.005625000000000102,-6.0483870967743026e-05,
stable_medium_capacity,w04,2026-02-11,2026-02-12,2026-02-26,688629,0.01075268817204301,0.813319138276553,0.3313195548489667,0.0035625758585910395,
stable_medium_capacity,w04,2026-02-11,2026-02-12,2026-02-26,002153,0.01075268817204301,0.8071267535070141,-0.08255451713395645,-0.0008876829799350155,
stable_medium_capacity,w04,2026-02-11,2026-02-12,2026-02-26,603179,0.01075268817204301,0.8055786573146293,0.025724637681159512,0.0002766090073242958,
stable_medium_capacity,w04,2026-02-11,2026-02-12,2026-02-26,300390,0.01075268817204301,0.7593612224448898,0.07035607035607039,0.0007565168855491439,
stable_medium_capacity,w04,2026-02-11,2026-02-12,2026-02-26,603979,0.01075268817204301,0.760683867735471,0.016776750330250945,0.000180395164841408,
stable_medium_capacity,w04,2026-02-11,2026-02-12,2026-02-26,000039,0.01075268817204301,0.7622319639278559,0.20177777777777783,0.0021696535244922345,
stable_medium_capacity,w04,2026-02-11,2026-02-12,2026-02-26,002409,0.01075268817204301,0.7637800601202405,0.09715560513106514,0.0010446839261404853,
stable_medium_capacity,w04,2026-02-11,2026-02-12,2026-02-26,000683,0.01075268817204301,0.7653281563126253,0.07789232531500567,0.0008375518851075878,
stable_medium_capacity,w04,2026-02-11,2026-02-12,2026-02-26,688676,0.01075268817204301,0.7668762525050099,0.1459459459459458,0.0015693112467305998,
stable_medium_capacity,w04,2026-02-11,2026-02-12,2026-02-26,002318,0.01075268817204301,0.7684243486973947,0.010377630441049224,0.00011158742409730347,
stable_medium_capacity,w04,2026-02-11,2026-02-12,2026-02-26,600435,0.01075268817204301,0.7699724448897796,0.026190476190476097,0.0002816180235535064,
stable_medium_capacity,w04,2026-02-11,2026-02-12,2026-02-26,002432,0.01075268817204301,0.7700150300601203,0.046378197465933635,0.0004986902953326197,
stable_medium_capacity,w04,2026-02-11,2026-02-12,2026-02-26,600637,0.01075268817204301,0.7715205410821644,-0.03162393162393151,-0.0003400422755261453,
stable_medium_capacity,w04,2026-02-11,2026-02-12,2026-02-26,601168,0.01075268817204301,0.7775100200400802,0.033374157991426845,0.00035886191388631014,
stable_medium_capacity,w04,2026-02-11,2026-02-12,2026-02-26,600959,0.01075268817204301,0.7777129258517035,-0.05239179954441908,-0.0005633526832733234,
stable_medium_capacity,w04,2026-02-11,2026-02-12,2026-02-26,000723,0.01075268817204301,0.7839053106212424,0.018255578093306246,0.00019629653863770155,
stable_medium_capacity,w04,2026-02-11,2026-02-12,2026-02-26,688295,0.01075268817204301,0.787001503006012,0.04732172198488338,0.0005088357202675632,
stable_medium_capacity,w04,2026-02-11,2026-02-12,2026-02-26,601608,0.01075268817204301,0.7885495991983968,0.07402422611036341,0.000795959420541542,
stable_medium_capacity,w04,2026-02-11,2026-02-12,2026-02-26,688563,0.01075268817204301,0.7931938877755511,0.10180075515538789,0.0010946317758643857,
stable_medium_capacity,w04,2026-02-11,2026-02-12,2026-02-26,600295,0.01075268817204301,0.7993862725450902,0.03569230769230769,0.00038378825475599666,
stable_medium_capacity,w04,2026-02-11,2026-02-12,2026-02-26,300383,0.01075268817204301,0.8024824649298596,-0.0585893060295789,-0.0006299925379524612,
stable_medium_capacity,w04,2026-02-11,2026-02-12,2026-02-26,300487,0.01075268817204301,0.8040305611222445,0.06813916558394695,0.0007326791998273865,
stable_medium_capacity,w04,2026-02-11,2026-02-12,2026-02-26,601061,0.01075268817204301,0.8798872745490982,0.04761904761904767,0.0005120327700972868,
stable_medium_capacity,w04,2026-02-11,2026-02-12,2026-02-26,688347,0.01075268817204301,0.8816132264529057,-0.0207667731629394,-0.00022329863616063868,
stable_medium_capacity,w04,2026-02-11,2026-02-12,2026-02-26,300058,0.01075268817204301,0.9853356713426853,-0.05021141649048644,-0.0005399077041987789,
stable_medium_capacity,w04,2026-02-11,2026-02-12,2026-02-26,300285,0.01075268817204301,0.9524448897795591,0.16560509554140146,0.0017806999520580801,
stable_medium_capacity,w04,2026-02-11,2026-02-12,2026-02-26,300454,0.01075268817204301,0.9323196392785572,-0.1471749489448605,-0.0015825263327404354,
stable_medium_capacity,w04,2026-02-11,2026-02-12,2026-02-26,000060,0.01075268817204301,0.9369639278557115,0.0941011235955056,0.0010118400386613503,
stable_medium_capacity,w04,2026-02-11,2026-02-12,2026-02-26,300604,0.01075268817204301,0.9385120240480962,0.14972847168347547,0.0016099835664889835,
stable_medium_capacity,w04,2026-02-11,2026-02-12,2026-02-26,600497,0.01075268817204301,0.940060120240481,0.13968957871396892,0.0015020384807953647,
stable_medium_capacity,w04,2026-02-11,2026-02-12,2026-02-26,600516,0.01075268817204301,0.9431563126252505,0.03652173913043488,0.00039270687237026754,
stable_medium_capacity,w04,2026-02-11,2026-02-12,2026-02-26,603077,0.01075268817204301,0.9447044088176353,0.1740890688259109,0.0018719254712463538,
stable_medium_capacity,w04,2026-02-11,2026-02-12,2026-02-26,688385,0.01075268817204301,0.94625250501002,0.009494051195769737,0.00010208657199752405,
stable_medium_capacity,w04,2026-02-11,2026-02-12,2026-02-26,688709,0.01075268817204301,0.9478006012024048,0.04012211077191452,0.0004314205459345647,
stable_medium_capacity,w04,2026-02-11,2026-02-12,2026-02-26,688281,0.01075268817204301,0.9508967935871744,0.07813330498564919,0.0008401430643618192,
stable_medium_capacity,w04,2026-02-11,2026-02-12,2026-02-26,605358,0.01075268817204301,0.9539929859719438,0.08352549321035085,0.0008981235829069984,
stable_medium_capacity,w04,2026-02-11,2026-02-12,2026-02-26,688778,0.01075268817204301,0.8843286573146293,0.026066350710900243,0.00028028334097742196,
stable_medium_capacity,w04,2026-02-11,2026-02-12,2026-02-26,300223,0.01075268817204301,0.9555410821643286,0.1483844241922121,0.0015955314429270116,
stable_medium_capacity,w04,2026-02-11,2026-02-12,2026-02-26,688122,0.01075268817204301,0.9586372745490982,0.04435629282365672,0.0004769493852006098,
stable_medium_capacity,w04,2026-02-11,2026-02-12,2026-02-26,000878,0.01075268817204301,0.9601853707414829,0.05684302579798861,0.0006112153311611678,
stable_medium_capacity,w04,2026-02-11,2026-02-12,2026-02-26,002756,0.01075268817204301,0.9617334669338677,0.203835951846562,0.0021917844284576556,
stable_medium_capacity,w04,2026-02-11,2026-02-12,2026-02-26,300919,0.01075268817204301,0.9632815631262525,0.023247366509262735,0.0002499716828952982,
stable_medium_capacity,w04,2026-02-11,2026-02-12,2026-02-26,002429,0.01075268817204301,0.9648296593186373,-0.07149161518093561,-0.0007687270449562968,
stable_medium_capacity,w04,2026-02-11,2026-02-12,2026-02-26,601611,0.01075268817204301,0.9710220440881764,0.05751633986928106,0.0006184552674116243,
stable_medium_capacity,w04,2026-02-11,2026-02-12,2026-02-26,688525,0.01075268817204301,0.9741182364729459,0.05044025157232701,0.0005423682964766345,
stable_medium_capacity,w04,2026-02-11,2026-02-12,2026-02-26,688027,0.01075268817204301,0.9849549098196393,-0.050271428571428634,-0.0005405529953917057,
stable_medium_capacity,w04,2026-02-11,2026-02-12,2026-02-26,002436,0.01075268817204301,0.9307715430861724,0.2222222222222221,0.002389486260454001,
stable_medium_capacity,w04,2026-02-11,2026-02-12,2026-02-26,000629,0.01075268817204301,0.9261272545090181,0.11748633879781423,0.0012632939655678947,
stable_medium_capacity,w04,2026-02-11,2026-02-12,2026-02-26,688608,0.01075268817204301,0.9250075150300602,0.00380008658425135,4.0861146067218814e-05,
stable_medium_capacity,w04,2026-02-11,2026-02-12,2026-02-26,300724,0.01075268817204301,0.9245791583166333,-0.0470514429109159,-0.0005059294936657623,
stable_medium_capacity,w04,2026-02-11,2026-02-12,2026-02-26,300751,0.01075268817204301,0.8847094188376754,-0.09220113046035217,-0.000991410004950023,
stable_medium_capacity,w04,2026-02-11,2026-02-12,2026-02-26,600126,0.01075268817204301,0.8860796593186373,-0.0216450216450218,-0.00023274216822604085,
stable_medium_capacity,w04,2026-02-11,2026-02-12,2026-02-26,300763,0.01075268817204301,0.8874248496993988,0.005315782812302272,5.715895497099217e-05,
stable_medium_capacity,w04,2026-02-11,2026-02-12,2026-02-26,001389,0.01075268817204301,0.8876277555110221,0.16263215097322403,0.0017487328061636992,
stable_medium_capacity,w04,2026-02-11,2026-02-12,2026-02-26,688599,0.01075268817204301,0.8905210420841684,-0.04743083003952553,-0.0005100089251561885,
stable_medium_capacity,w04,2026-02-11,2026-02-12,2026-02-26,688361,0.01075268817204301,0.8907239478957916,0.06234129657459708,0.0006703365223074954,
stable_medium_capacity,w04,2026-02-11,2026-02-12,2026-02-26,300450,0.01075268817204301,0.8913451903807615,-0.004878048780487809,-5.245213742460009e-05,
stable_medium_capacity,w04,2026-02-11,2026-02-12,2026-02-26,300017,0.01075268817204301,0.8922720440881764,-0.03422982885085568,-0.00036806267581565246,
stable_medium_capacity,w04,2026-02-11,2026-02-12,2026-02-26,002080,0.01075268817204301,0.8938201402805612,0.16629907366563734,0.0017881620824262078,
stable_medium_capacity,w04,2026-02-11,2026-02-12,2026-02-26,300037,0.01075268817204301,0.8982615230460922,0.04633836089405774,0.000498261945097395,
stable_medium_capacity,w04,2026-02-11,2026-02-12,2026-02-26,301308,0.01075268817204301,0.8986422845691382,0.05514887027521653,0.0005929986051098551,
stable_medium_capacity,w04,2026-02-11,2026-02-12,2026-02-26,601106,0.01075268817204301,0.899809619238477,0.028112449799196693,0.0003022844064429752,
stable_medium_capacity,w04,2026-02-11,2026-02-12,2026-02-26,601399,0.01075268817204301,0.9013577154308617,0.031189083820662766,0.00033536649269529854,
stable_medium_capacity,w04,2026-02-11,2026-02-12,2026-02-26,688019,0.01075268817204301,0.9075501002004008,0.06291813876569208,0.000676539126512818,
stable_medium_capacity,w04,2026-02-11,2026-02-12,2026-02-26,300748,0.01075268817204301,0.9090981963927856,0.040783898305084776,0.00043853654091489003,
stable_medium_capacity,w04,2026-02-11,2026-02-12,2026-02-26,002851,0.01075268817204301,0.9099223446893787,0.10208022469937683,0.001097636824724482,
stable_medium_capacity,w04,2026-02-11,2026-02-12,2026-02-26,603920,0.01075268817204301,0.9152905811623246,0.039083346413435915,0.00042025103670361195,
stable_medium_capacity,w04,2026-02-11,2026-02-12,2026-02-26,002008,0.01075268817204301,0.9168386773547095,0.4005624748895138,0.00430712338590875,
stable_medium_capacity,w04,2026-02-11,2026-02-12,2026-02-26,300757,0.01075268817204301,0.9214829659318637,-0.015682382133994976,-0.0001686277648816664,
stable_medium_capacity,w04,2026-02-11,2026-02-12,2026-02-26,600141,0.01075268817204301,0.7575876753507014,0.10944372574385519,0.0011768142553102707,
balanced_extra_wide_capacity,w05,2026-02-26,2026-02-27,2026-03-05,002583,0.015625,0.9429859719438878,0.009981851179673429,0.00015596642468239733,
balanced_extra_wide_capacity,w05,2026-02-26,2026-02-27,2026-03-05,300558,0.015625,0.9429859719438878,-0.08242950108459879,-0.001287960954446856,
balanced_extra_wide_capacity,w05,2026-02-26,2026-02-27,2026-03-05,300474,0.015625,0.7606462925851705,-0.06711037160288413,-0.0010485995562950646,
balanced_extra_wide_capacity,w05,2026-02-26,2026-02-27,2026-03-05,300627,0.015625,0.7606462925851705,-0.07825630252100835,-0.0012227547268907554,
balanced_extra_wide_capacity,w05,2026-02-26,2026-02-27,2026-03-05,600435,0.015625,0.7606462925851705,0.0678654292343388,0.0010603973317865438,
balanced_extra_wide_capacity,w05,2026-02-26,2026-02-27,2026-03-05,600521,0.015625,0.7606462925851705,-0.024840764331210075,-0.0003881369426751574,
balanced_extra_wide_capacity,w05,2026-02-26,2026-02-27,2026-03-05,600536,0.015625,0.7606462925851705,-0.06838386140870756,-0.0010684978345110556,
balanced_extra_wide_capacity,w05,2026-02-26,2026-02-27,2026-03-05,600699,0.015625,0.7606462925851705,-0.05257510729613746,-0.0008214860515021478,
balanced_extra_wide_capacity,w05,2026-02-26,2026-02-27,2026-03-05,600967,0.015625,0.7606462925851705,-0.008630609896432606,-0.00013485327963175947,
balanced_extra_wide_capacity,w05,2026-02-26,2026-02-27,2026-03-05,601228,0.015625,0.7606462925851705,-0.005698005698005604,-8.903133903133756e-05,
balanced_extra_wide_capacity,w05,2026-02-26,2026-02-27,2026-03-05,603087,0.015625,0.7606462925851705,-0.05638297872340414,-0.0008809840425531897,
balanced_extra_wide_capacity,w05,2026-02-26,2026-02-27,2026-03-05,603160,0.015625,0.7606462925851705,-0.08341784989858014,-0.0013034039046653147,
balanced_extra_wide_capacity,w05,2026-02-26,2026-02-27,2026-03-05,688180,0.015625,0.7606462925851705,-0.12315851502651731,-0.001924351797289333,
balanced_extra_wide_capacity,w05,2026-02-26,2026-02-27,2026-03-05,688538,0.015625,0.7606462925851705,-0.019379844961240456,-0.0003028100775193821,
balanced_extra_wide_capacity,w05,2026-02-26,2026-02-27,2026-03-05,688819,0.015625,0.7606462925851705,-0.08599941297329028,-0.0013437408277076606,
balanced_extra_wide_capacity,w05,2026-02-26,2026-02-27,2026-03-05,002472,0.015625,0.7127004008016032,-0.07784431137724546,-0.0012163173652694603,
balanced_extra_wide_capacity,w05,2026-02-26,2026-02-27,2026-03-05,300012,0.015625,0.7127004008016032,-0.021943573667711602,-0.0003428683385579938,
balanced_extra_wide_capacity,w05,2026-02-26,2026-02-27,2026-03-05,300073,0.015625,0.7127004008016032,-0.08186419968580905,-0.0012791281200907664,
balanced_extra_wide_capacity,w05,2026-02-26,2026-02-27,2026-03-05,300718,0.015625,0.7127004008016032,-0.07812888778303062,-0.0012207638716098534,
balanced_extra_wide_capacity,w05,2026-02-26,2026-02-27,2026-03-05,600143,0.015625,0.7127004008016032,-0.05885416666666665,-0.0009195963541666664,
balanced_extra_wide_capacity,w05,2026-02-26,2026-02-27,2026-03-05,600637,0.015625,0.7127004008016032,-0.06531332744924978,-0.0010205207413945278,
balanced_extra_wide_capacity,w05,2026-02-26,2026-02-27,2026-03-05,600848,0.015625,0.7127004008016032,-0.058978873239436624,-0.0009215448943661973,
balanced_extra_wide_capacity,w05,2026-02-26,2026-02-27,2026-03-05,603596,0.015625,0.7127004008016032,-0.024299065420560706,-0.00037967289719626103,
balanced_extra_wide_capacity,w05,2026-02-26,2026-02-27,2026-03-05,688297,0.015625,0.7127004008016032,0.24095904095904097,0.003764985014985015,
balanced_extra_wide_capacity,w05,2026-02-26,2026-02-27,2026-03-05,000032,0.015625,0.6879008016032064,-0.052310817673946186,-0.0008173565261554092,
balanced_extra_wide_capacity,w05,2026-02-26,2026-02-27,2026-03-05,000060,0.015625,0.6879008016032064,-0.019255455712451908,-0.00030086649550706106,
balanced_extra_wide_capacity,w05,2026-02-26,2026-02-27,2026-03-05,000629,0.015625,0.6879008016032064,-0.017114914425427896,-0.0002674205378973109,
balanced_extra_wide_capacity,w05,2026-02-26,2026-02-27,2026-03-05,000878,0.015625,0.6879008016032064,-0.01158460901944569,-0.00018100951592883892,
balanced_extra_wide_capacity,w05,2026-02-26,2026-02-27,2026-03-05,002131,0.015625,0.6879008016032064,-0.08244111349036398,-0.0012881423982869372,
balanced_extra_wide_capacity,w05,2026-02-26,2026-02-27,2026-03-05,002155,0.015625,0.6879008016032064,0.07586810621534856,0.0011854391596148213,
balanced_extra_wide_capacity,w05,2026-02-26,2026-02-27,2026-03-05,002185,0.015625,0.6879008016032064,-0.05820105820105814,-0.0009093915343915335,
balanced_extra_wide_capacity,w05,2026-02-26,2026-02-27,2026-03-05,300339,0.015625,0.7606462925851705,-0.0847111655439885,-0.0013236119616248203,
balanced_extra_wide_capacity,w05,2026-02-26,2026-02-27,2026-03-05,300024,0.015625,0.7606462925851705,-0.06890660592255116,-0.0010766657175398618,
balanced_extra_wide_capacity,w05,2026-02-26,2026-02-27,2026-03-05,300003,0.015625,0.7606462925851705,-0.07150715071507152,-0.0011172992299229925,
balanced_extra_wide_capacity,w05,2026-02-26,2026-02-27,2026-03-05,601399,0.015625,0.8006012024048097,-0.041587901701323204,-0.0006498109640831751,
balanced_extra_wide_capacity,w05,2026-02-26,2026-02-27,2026-03-05,300679,0.015625,0.9429859719438878,-0.1220581449007846,-0.0019071585140747593,
balanced_extra_wide_capacity,w05,2026-02-26,2026-02-27,2026-03-05,300735,0.015625,0.9429859719438878,-0.09992458521870284,-0.001561321644042232,
balanced_extra_wide_capacity,w05,2026-02-26,2026-02-27,2026-03-05,600171,0.015625,0.9429859719438878,-0.07100031555695807,-0.0011093799305774699,
balanced_extra_wide_capacity,w05,2026-02-26,2026-02-27,2026-03-05,603927,0.015625,0.9429859719438878,-0.06618030224075033,-0.001034067222511724,
balanced_extra_wide_capacity,w05,2026-02-26,2026-02-27,2026-03-05,688475,0.015625,0.9429859719438878,-0.08726415094339623,-0.0013635023584905662,
balanced_extra_wide_capacity,w05,2026-02-26,2026-02-27,2026-03-05,688772,0.015625,0.9429859719438878,-0.11849096705632312,-0.0018514213602550487,
balanced_extra_wide_capacity,w05,2026-02-26,2026-02-27,2026-03-05,002025,0.015625,0.8950400801603207,-0.04913728432108022,-0.0007677700675168785,
balanced_extra_wide_capacity,w05,2026-02-26,2026-02-27,2026-03-05,002353,0.015625,0.8050100200400803,0.1188576609247507,0.0018571509519492296,
balanced_extra_wide_capacity,w05,2026-02-26,2026-02-27,2026-03-05,300567,0.015625,0.8050100200400803,-0.05374193548387107,-0.0008397177419354855,
balanced_extra_wide_capacity,w05,2026-02-26,2026-02-27,2026-03-05,601179,0.015625,0.8050100200400803,0.1269446172993154,0.001983509645301803,
balanced_extra_wide_capacity,w05,2026-02-26,2026-02-27,2026-03-05,688172,0.015625,0.8050100200400803,-0.16805212311840034,-0.0026258144237250054,
balanced_extra_wide_capacity,w05,2026-02-26,2026-02-27,2026-03-05,002080,0.015625,0.8022545090180362,-0.11214069591527986,-0.0017521983736762479,
balanced_extra_wide_capacity,w05,2026-02-26,2026-02-27,2026-03-05,300496,0.015625,0.8006012024048097,-0.08727423135254375,-0.0013636598648834961,
balanced_extra_wide_capacity,w05,2026-02-26,2026-02-27,2026-03-05,002410,0.015625,0.789504008016032,-0.0803506208911614,-0.001255478451424397,
balanced_extra_wide_capacity,w05,2026-02-26,2026-02-27,2026-03-05,002841,0.015625,0.7606462925851705,-0.09062742060418272,-0.001416053446940355,
balanced_extra_wide_capacity,w05,2026-02-26,2026-02-27,2026-03-05,300002,0.015625,0.789504008016032,-0.1044142614601018,-0.0016314728353140906,
balanced_extra_wide_capacity,w05,2026-02-26,2026-02-27,2026-03-05,300100,0.015625,0.789504008016032,-0.09255698983795657,-0.0014462029662180714,
balanced_extra_wide_capacity,w05,2026-02-26,2026-02-27,2026-03-05,600131,0.015625,0.789504008016032,0.028880866425992746,0.00045126353790613666,
balanced_extra_wide_capacity,w05,2026-02-26,2026-02-27,2026-03-05,603233,0.015625,0.789504008016032,0.0035714285714285587,5.580357142857123e-05,
balanced_extra_wide_capacity,w05,2026-02-26,2026-02-27,2026-03-05,688166,0.015625,0.789504008016032,-0.08226982680036465,-0.0012854660437556977,
balanced_extra_wide_capacity,w05,2026-02-26,2026-02-27,2026-03-05,000009,0.015625,0.7606462925851705,-0.05789473684210533,-0.0009046052631578958,
balanced_extra_wide_capacity,w05,2026-02-26,2026-02-27,2026-03-05,000062,0.015625,0.7606462925851705,-0.06723027375201285,-0.0010504730273752007,
balanced_extra_wide_capacity,w05,2026-02-26,2026-02-27,2026-03-05,000887,0.015625,0.7606462925851705,-0.06890130353817503,-0.0010765828677839848,
balanced_extra_wide_capacity,w05,2026-02-26,2026-02-27,2026-03-05,001696,0.015625,0.7606462925851705,0.08302238805970141,0.0012972248134328346,
balanced_extra_wide_capacity,w05,2026-02-26,2026-02-27,2026-03-05,002065,0.015625,0.7606462925851705,-0.07165437302423605,-0.0011195995785036883,
balanced_extra_wide_capacity,w05,2026-02-26,2026-02-27,2026-03-05,002152,0.015625,0.7606462925851705,-0.04775900073475381,-0.0007462343864805283,
balanced_extra_wide_capacity,w05,2026-02-26,2026-02-27,2026-03-05,002265,0.015625,0.7606462925851705,-0.05738362760834681,-0.0008966191813804189,
balanced_extra_wide_capacity,w05,2026-02-26,2026-02-27,2026-03-05,002402,0.015625,0.7606462925851705,-0.08817908817908826,-0.001377798252798254,
balanced_extra_wide_capacity,w05,2026-02-26,2026-02-27,2026-03-05,002195,0.015625,0.6879008016032064,-0.019266055045871644,-0.00030103211009174444,
balanced_medium_current,w05,2026-02-26,2026-02-27,2026-03-05,300017,0.020408163265306124,1.0,-0.09367088607594942,-0.001911650736243866,
balanced_medium_current,w05,2026-02-26,2026-02-27,2026-03-05,601611,0.020408163265306124,0.9428857715430862,0.03770086526576022,0.0007694054135869434,
balanced_medium_current,w05,2026-02-26,2026-02-27,2026-03-05,603077,0.020408163265306124,0.9428857715430862,-0.037931034482758585,-0.0007741027445460937,
balanced_medium_current,w05,2026-02-26,2026-02-27,2026-03-05,605358,0.020408163265306124,0.9428857715430862,-0.1120832348072831,-0.002287412955250676,
balanced_medium_current,w05,2026-02-26,2026-02-27,2026-03-05,688027,0.020408163265306124,0.9428857715430862,0.07105789624103132,0.0014501611477761493,
balanced_medium_current,w05,2026-02-26,2026-02-27,2026-03-05,688347,0.020408163265306124,0.9428857715430862,-0.09749087236852316,-0.0019896096401739423,
balanced_medium_current,w05,2026-02-26,2026-02-27,2026-03-05,688385,0.020408163265306124,0.9428857715430862,-0.02261904761904765,-0.0004616132167152582,
balanced_medium_current,w05,2026-02-26,2026-02-27,2026-03-05,688676,0.020408163265306124,0.9428857715430862,-0.02599152868694632,-0.0005304393609580882,
balanced_medium_current,w05,2026-02-26,2026-02-27,2026-03-05,688608,0.020408163265306124,0.9218436873747495,-0.1095936361893809,-0.002236604820191447,
balanced_medium_current,w05,2026-02-26,2026-02-27,2026-03-05,601997,0.020408163265306124,0.9198396793587175,-0.01038062283737029,-0.00021184944566061817,
balanced_medium_current,w05,2026-02-26,2026-02-27,2026-03-05,000958,0.020408163265306124,0.9178356713426854,0.030769230769230882,0.0006279434850863446,
balanced_medium_current,w05,2026-02-26,2026-02-27,2026-03-05,000426,0.020408163265306124,0.9158316633266533,-0.01898734177215189,-0.00038749677086024264,
balanced_medium_current,w05,2026-02-26,2026-02-27,2026-03-05,000039,0.020408163265306124,0.9108216432865731,-0.004437869822485063,-9.056877188745028e-05,
balanced_medium_current,w05,2026-02-26,2026-02-27,2026-03-05,600871,0.020408163265306124,0.9108216432865731,0.24687499999999996,0.005038265306122449,
balanced_medium_current,w05,2026-02-26,2026-02-27,2026-03-05,600060,0.020408163265306124,0.906813627254509,-0.014692787177204014,-0.0002998527995347758,
balanced_medium_current,w05,2026-02-26,2026-02-27,2026-03-05,600737,0.020408163265306124,0.906813627254509,-0.03307888040712481,-0.000675079191982139,
balanced_medium_current,w05,2026-02-26,2026-02-27,2026-03-05,000155,0.020408163265306124,0.8917835671342685,0.03311735061195087,0.000675864298203079,
balanced_medium_current,w05,2026-02-26,2026-02-27,2026-03-05,000933,0.020408163265306124,0.8917835671342685,0.14088050314465406,0.0028751123090745728,
balanced_medium_current,w05,2026-02-26,2026-02-27,2026-03-05,002318,0.020408163265306124,0.8917835671342685,-0.030813124108416523,-0.0006288392675187046,
balanced_medium_current,w05,2026-02-26,2026-02-27,2026-03-05,002409,0.020408163265306124,0.8917835671342685,-0.05327368849125658,-0.0010872181324746242,
balanced_medium_current,w05,2026-02-26,2026-02-27,2026-03-05,002430,0.020408163265306124,0.8917835671342685,-0.022607618457726852,-0.00046137996852503783,
balanced_medium_current,w05,2026-02-26,2026-02-27,2026-03-05,002532,0.020408163265306124,0.8917835671342685,0.0872521246458926,0.0017806556050182166,
balanced_medium_current,w05,2026-02-26,2026-02-27,2026-03-05,002756,0.020408163265306124,0.8917835671342685,0.1644067796610169,0.0033552404012452434,
balanced_medium_current,w05,2026-02-26,2026-02-27,2026-03-05,601958,0.020408163265306124,0.9428857715430862,0.12197309417040358,0.002489246819804155,
balanced_medium_current,w05,2026-02-26,2026-02-27,2026-03-05,601399,0.020408163265306124,0.9428857715430862,-0.041587901701323204,-0.0008487326877821063,
balanced_medium_current,w05,2026-02-26,2026-02-27,2026-03-05,600487,0.020408163265306124,0.9979959919839679,0.14820663207759988,0.003024625144440814,
balanced_medium_current,w05,2026-02-26,2026-02-27,2026-03-05,601168,0.020408163265306124,0.9428857715430862,-0.03822222222222216,-0.0007800453514739216,
balanced_medium_current,w05,2026-02-26,2026-02-27,2026-03-05,300285,0.020408163265306124,0.9929859719438878,-0.029781420765027433,-0.0006077840972454579,
balanced_medium_current,w05,2026-02-26,2026-02-27,2026-03-05,688122,0.020408163265306124,0.9929859719438878,0.0032228360957642366,6.57721652196783e-05,
balanced_medium_current,w05,2026-02-26,2026-02-27,2026-03-05,000831,0.020408163265306124,0.9879759519038076,-0.03232222774738924,-0.0006596373009671274,
balanced_medium_current,w05,2026-02-26,2026-02-27,2026-03-05,300450,0.020408163265306124,0.9879759519038076,-0.08315177923021055,-0.0016969750863308278,
balanced_medium_current,w05,2026-02-26,2026-02-27,2026-03-05,603688,0.020408163265306124,0.9879759519038076,0.06228720208291616,0.0012711673894472686,
balanced_medium_current,w05,2026-02-26,2026-02-27,2026-03-05,300339,0.020408163265306124,0.9839679358717435,-0.0847111655439885,-0.001728799296816092,
balanced_medium_current,w05,2026-02-26,2026-02-27,2026-03-05,000921,0.020408163265306124,0.9739478957915831,-0.03627161535217205,-0.0007402370480035112,
balanced_medium_current,w05,2026-02-26,2026-02-27,2026-03-05,002926,0.020408163265306124,0.9739478957915831,-0.02924634420697414,-0.0005968641674892682,
balanced_medium_current,w05,2026-02-26,2026-02-27,2026-03-05,002465,0.020408163265306124,0.968937875751503,-0.019954389965792352,-0.0004072324482814766,
balanced_medium_current,w05,2026-02-26,2026-02-27,2026-03-05,600988,0.020408163265306124,0.968937875751503,0.040495228269280314,0.0008264332299853126,
balanced_medium_current,w05,2026-02-26,2026-02-27,2026-03-05,688615,0.020408163265306124,0.9639278557114228,-0.12150155486450465,-0.00247962356866336,
balanced_medium_current,w05,2026-02-26,2026-02-27,2026-03-05,000060,0.020408163265306124,0.9428857715430862,-0.019255455712451908,-0.00039296848392759,
balanced_medium_current,w05,2026-02-26,2026-02-27,2026-03-05,000629,0.020408163265306124,0.9428857715430862,-0.017114914425427896,-0.0003492839678658755,
balanced_medium_current,w05,2026-02-26,2026-02-27,2026-03-05,000878,0.020408163265306124,0.9428857715430862,-0.01158460901944569,-0.00023642059223358554,
balanced_medium_current,w05,2026-02-26,2026-02-27,2026-03-05,002429,0.020408163265306124,0.9428857715430862,-0.02851711026615955,-0.0005819818421665215,
balanced_medium_current,w05,2026-02-26,2026-02-27,2026-03-05,002436,0.020408163265306124,0.9428857715430862,-0.04880774962742174,-0.000996076523008607,
balanced_medium_current,w05,2026-02-26,2026-02-27,2026-03-05,002738,0.020408163265306124,0.9428857715430862,-0.08094531339193978,-0.0016519451712640773,
balanced_medium_current,w05,2026-02-26,2026-02-27,2026-03-05,003031,0.020408163265306124,0.9428857715430862,-0.014053792100799711,-0.0002868120836897901,
balanced_medium_current,w05,2026-02-26,2026-02-27,2026-03-05,300919,0.020408163265306124,0.9428857715430862,-0.06993255236066742,-0.00142719494613607,
balanced_medium_current,w05,2026-02-26,2026-02-27,2026-03-05,600392,0.020408163265306124,0.9428857715430862,-0.11351351351351358,-0.0023166023166023182,
balanced_medium_current,w05,2026-02-26,2026-02-27,2026-03-05,600497,0.020408163265306124,0.9428857715430862,-0.02529182879377434,-0.0005161597713015172,
balanced_medium_current,w05,2026-02-26,2026-02-27,2026-03-05,600435,0.020408163265306124,0.8917835671342685,0.0678654292343388,0.0013850087598844655,
economic_medium_capacity,w05,2026-02-26,2026-02-27,2026-03-05,300395,0.036000000004219955,0.9992024048096192,-0.1272111982771882,-0.0045796031385156,
economic_medium_capacity,w05,2026-02-26,2026-02-27,2026-03-05,688599,0.036000000004219955,0.9847294589178357,-0.08350622406638997,-0.0030062240667424315,
economic_medium_capacity,w05,2026-02-26,2026-02-27,2026-03-05,688629,0.036000000004219955,0.9978517034068136,-0.08327362471140831,-0.00299785048996211,
economic_medium_capacity,w05,2026-02-26,2026-02-27,2026-03-05,300383,0.036000000004219955,0.9735210420841683,-0.09063444108761332,-0.0032628398795365525,
economic_medium_capacity,w05,2026-02-26,2026-02-27,2026-03-05,000629,0.036000000004219955,0.9759599198396793,-0.017114914425427896,-0.0006161369193876284,
economic_medium_capacity,w05,2026-02-26,2026-02-27,2026-03-05,688702,0.036000000004219955,0.9774989979959919,0.07658157602663707,0.0027569367372821054,
economic_medium_capacity,w05,2026-02-26,2026-02-27,2026-03-05,002436,0.036000000004219955,0.9799599198396793,-0.04880774962742174,-0.001757078986793149,
economic_medium_capacity,w05,2026-02-26,2026-02-27,2026-03-05,002080,0.036000000004219955,0.9816192384769539,-0.11214069591527986,-0.004037065053423303,
economic_medium_capacity,w05,2026-02-26,2026-02-27,2026-03-05,600516,0.036000000004219955,0.9858216432865732,0.15436241610738244,0.0055570469805171704,
economic_medium_capacity,w05,2026-02-26,2026-02-27,2026-03-05,605358,0.036000000004219955,0.9859599198396793,-0.1120832348072831,-0.004034996453535178,
economic_medium_capacity,w05,2026-02-26,2026-02-27,2026-03-05,688220,0.036000000004219955,0.9901863727454909,-0.08718232044198893,-0.003138563536279507,
economic_medium_capacity,w05,2026-02-26,2026-02-27,2026-03-05,603077,0.036000000004219955,0.9908637274549098,-0.037931034482758585,-0.0013655172415393763,
economic_medium_capacity,w05,2026-02-26,2026-02-27,2026-03-05,600096,0.036000000004219955,0.9925811623246493,-0.08641975308641958,-0.0031111111114757923,
economic_medium_capacity,w05,2026-02-26,2026-02-27,2026-03-05,301536,0.036000000004219955,0.9955470941883767,-0.06954436450839341,-0.002503597122595637,
economic_medium_capacity,w05,2026-02-26,2026-02-27,2026-03-05,300724,0.036000000004219955,0.9509478957915831,-0.06007241606319946,-0.0021626069785286835,
economic_medium_capacity,w05,2026-02-26,2026-02-27,2026-03-05,000878,0.036000000000000004,0.9509478957915831,-0.01158460901944569,-0.0004170459247000449,
economic_medium_capacity,w05,2026-02-26,2026-02-27,2026-03-05,688709,0.036000000000000004,0.9508216432865731,-0.007966457023060869,-0.00028679245283019133,
economic_medium_capacity,w05,2026-02-26,2026-02-27,2026-03-05,002195,0.036000000000000004,0.9509318637274549,-0.019266055045871644,-0.0006935779816513792,
economic_medium_capacity,w05,2026-02-26,2026-02-27,2026-03-05,688122,0.036000000000000004,0.9509478957915831,0.0032228360957642366,0.00011602209944751253,
economic_medium_capacity,w05,2026-02-26,2026-02-27,2026-03-05,300285,0.036000000000000004,0.9697414829659319,-0.029781420765027433,-0.0010721311475409877,
economic_medium_capacity,w05,2026-02-26,2026-02-27,2026-03-05,300748,0.036000000000000004,0.9509679358717434,-0.07175572519083973,-0.0025832061068702303,
economic_medium_capacity,w05,2026-02-26,2026-02-27,2026-03-05,601611,0.036000000000000004,0.9509759519038076,0.03770086526576022,0.001357231149567368,
economic_medium_capacity,w05,2026-02-26,2026-02-27,2026-03-05,000039,0.036000000000000004,0.965687374749499,-0.004437869822485063,-0.0001597633136094623,
economic_medium_capacity,w05,2026-02-26,2026-02-27,2026-03-05,600497,0.036000000000000004,0.9697414829659319,-0.02529182879377434,-0.0009105058365758763,
economic_medium_capacity,w05,2026-02-26,2026-02-27,2026-03-05,002429,0.036000000000000004,0.9699358717434869,-0.02851711026615955,-0.001026615969581744,
economic_medium_capacity,w05,2026-02-26,2026-02-27,2026-03-05,000060,0.03333333331223356,0.9507414829659319,-0.019255455712451908,-0.0006418485233421112,
economic_medium_capacity,w05,2026-02-26,2026-02-27,2026-03-05,000426,0.02666666664978681,0.9507414829659319,-0.01898734177215189,-0.0005063291136035467,
economic_medium_capacity,w05,2026-02-26,2026-02-27,2026-03-05,688385,0.019999999987340117,0.9507414829659319,-0.02261904761904765,-0.0004523809520945985,
economic_medium_capacity,w05,2026-02-26,2026-02-27,2026-03-05,688281,0.013333333324893405,0.9507174348697395,-0.11624926050088746,-0.0015499901390306973,
economic_medium_capacity,w05,2026-02-26,2026-02-27,2026-03-05,688608,0.0066666666624467024,0.9505310621242484,-0.1095936361893809,-0.0007306242408000581,
recent_compact_capacity,w05,2026-02-26,2026-02-27,2026-03-05,000039,0.032972380952380954,0.9906012024048096,-0.004437869822485063,-0.00014632713440405274,
recent_compact_capacity,w05,2026-02-26,2026-02-27,2026-03-05,000559,0.032972380952380954,0.9356813627254509,-0.08127572016460916,-0.0026798540074466034,
recent_compact_capacity,w05,2026-02-26,2026-02-27,2026-03-05,300724,0.032972380952380954,0.9356813627254509,-0.06007241606319946,-0.001980730587165742,
recent_compact_capacity,w05,2026-02-26,2026-02-27,2026-03-05,300567,0.032972380952380954,0.9356813627254509,-0.05374193548387107,-0.0017719995698924768,
recent_compact_capacity,w05,2026-02-26,2026-02-27,2026-03-05,300285,0.032972380952380954,0.9356813627254509,-0.029781420765027433,-0.0009819643507676331,
recent_compact_capacity,w05,2026-02-26,2026-02-27,2026-03-05,300223,0.032972380952380954,0.9356813627254509,-0.11261813721953695,-0.0037132881225500846,
recent_compact_capacity,w05,2026-02-26,2026-02-27,2026-03-05,001389,0.032972380952380954,0.9906012024048096,-0.09620124075805225,-0.0031719839583662164,
recent_compact_capacity,w05,2026-02-26,2026-02-27,2026-03-05,000960,0.032972380952380954,0.9356813627254509,0.017604760724026836,0.0005804708771681268,
recent_compact_capacity,w05,2026-02-26,2026-02-27,2026-03-05,000683,0.032972380952380954,0.9356813627254509,0.015940488841657885,0.0005255958706543215,
recent_compact_capacity,w05,2026-02-26,2026-02-27,2026-03-05,000629,0.032972380952380954,0.9356813627254509,-0.017114914425427896,-0.0005643194784026088,
recent_compact_capacity,w05,2026-02-26,2026-02-27,2026-03-05,002353,0.032972380952380954,0.9356813627254509,0.1188576609247507,0.003919020075119804,
recent_compact_capacity,w05,2026-02-26,2026-02-27,2026-03-05,000060,0.032972380952380954,0.9356813627254509,-0.019255455712451908,-0.0006348982211626643,
recent_compact_capacity,w05,2026-02-26,2026-02-27,2026-03-05,000021,0.032972380952380954,0.9356813627254509,-0.0893629287979244,-0.002946508531345658,
recent_compact_capacity,w05,2026-02-26,2026-02-27,2026-03-05,002008,0.032972380952380954,0.9906012024048096,0.025243832472748196,0.0008323492609895384,
recent_compact_capacity,w05,2026-02-26,2026-02-27,2026-03-05,301536,0.032972380952380954,0.9906012024048096,-0.06954436450839341,-0.0022930432796619887,
recent_compact_capacity,w05,2026-02-26,2026-02-27,2026-03-05,600487,0.032972380952380954,0.9858667334669339,0.14820663207759988,0.004886725532531986,
recent_compact_capacity,w05,2026-02-26,2026-02-27,2026-03-05,600498,0.032972380952380954,0.9839729458917835,0.21148100725565522,0.006973032335426704,
recent_compact_capacity,w05,2026-02-26,2026-02-27,2026-03-05,300857,0.032972380952380954,0.9356813627254509,0.012454801124949677,0.0004106644473779836,
recent_compact_capacity,w05,2026-02-26,2026-02-27,2026-03-05,003035,0.032972380952380954,0.9811322645290581,0.19946452476572984,0.00657682029706127,
recent_compact_capacity,w05,2026-02-26,2026-02-27,2026-03-05,600096,0.032972380952380954,0.9811322645290581,-0.08641975308641958,-0.002849465020576126,
recent_compact_capacity,w05,2026-02-26,2026-02-27,2026-03-05,002080,0.032972380952380954,0.9782915831663327,-0.11214069591527986,-0.0036975457459837184,
recent_compact_capacity,w05,2026-02-26,2026-02-27,2026-03-05,002595,0.030758,0.9356813627254509,0.00010257462303830955,3.1549902554123252e-06,
recent_compact_capacity,w05,2026-02-26,2026-02-27,2026-03-05,002624,0.030758,0.9356813627254509,-0.06044985941893155,-0.0018593167760074967,
recent_compact_capacity,w05,2026-02-26,2026-02-27,2026-03-05,002738,0.030758,0.9356813627254509,-0.08094531339193978,-0.0024897159493092835,
recent_compact_capacity,w05,2026-02-26,2026-02-27,2026-03-05,002429,0.030758,0.9356813627254509,-0.02851711026615955,-0.0008771292775665354,
recent_compact_capacity,w05,2026-02-26,2026-02-27,2026-03-05,002837,0.030758,0.9356813627254509,-0.10202286719437126,-0.0031380193491644713,
recent_compact_capacity,w05,2026-02-26,2026-02-27,2026-03-05,003031,0.030758,0.9356813627254509,-0.014053792100799711,-0.0004322665374363975,
recent_compact_capacity,w05,2026-02-26,2026-02-27,2026-03-05,002409,0.030758,0.9356813627254509,-0.05327368849125658,-0.00163859211061407,
recent_compact_capacity,w05,2026-02-26,2026-02-27,2026-03-05,300373,0.030758,0.9356813627254509,-0.12225739548084269,-0.0037603929701997595,
recent_compact_capacity,w05,2026-02-26,2026-02-27,2026-03-05,300604,0.030758,0.9356813627254509,-0.11707152496626183,-0.0036008859649122814,
recent_compact_capacity,w05,2026-02-26,2026-02-27,2026-03-05,002756,0.030758,0.9356813627254509,0.1644067796610169,0.005056823728813558,
recent_compact_current,w05,2026-02-26,2026-02-27,2026-03-05,301536,0.027027027027027035,0.8797845691382766,-0.06954436450839341,-0.0018795774191457683,
recent_compact_current,w05,2026-02-26,2026-02-27,2026-03-05,000831,0.027027027027027035,0.8633016032064129,-0.03232222774738924,-0.0008735737229024122,
recent_compact_current,w05,2026-02-26,2026-02-27,2026-03-05,002837,0.027027027027027035,0.8624248496993988,-0.10202286719437126,-0.0027573747890370618,
recent_compact_current,w05,2026-02-26,2026-02-27,2026-03-05,688563,0.027027027027027035,0.8624248496993988,-0.10307104257282207,-0.0027857038533195162,
recent_compact_current,w05,2026-02-26,2026-02-27,2026-03-05,002409,0.027027027027027035,0.8618987975951904,-0.05327368849125658,-0.0014398294186826106,
recent_compact_current,w05,2026-02-26,2026-02-27,2026-03-05,600497,0.027027027027027035,0.8608466933867736,-0.02529182879377434,-0.0006835629403722797,
recent_compact_current,w05,2026-02-26,2026-02-27,2026-03-05,600765,0.027027027027027035,0.8608466933867736,-0.09111933395004634,-0.0024626847013526046,
recent_compact_current,w05,2026-02-26,2026-02-27,2026-03-05,605358,0.027027027027027035,0.8608466933867736,-0.1120832348072831,-0.0030292766164130578,
recent_compact_current,w05,2026-02-26,2026-02-27,2026-03-05,300724,0.027027027027027035,0.8597945891783567,-0.06007241606319946,-0.001623578812518905,
recent_compact_current,w05,2026-02-26,2026-02-27,2026-03-05,000415,0.027027027027027035,0.8594438877755511,-0.05660377358490565,-0.001529831718510964,
recent_compact_current,w05,2026-02-26,2026-02-27,2026-03-05,600352,0.027027027027027035,0.8590931863727456,-0.03656307129798897,-0.0009881911161618644,
recent_compact_current,w05,2026-02-26,2026-02-27,2026-03-05,688469,0.027027027027027035,0.8587424849699399,-0.09450830140485311,-0.002554278416347382,
recent_compact_current,w05,2026-02-26,2026-02-27,2026-03-05,600871,0.027027027027027035,0.8575150300601203,0.24687499999999996,0.0066722972972972985,
recent_compact_current,w05,2026-02-26,2026-02-27,2026-03-05,601118,0.027027027027027035,0.8575150300601203,-0.0292164674634795,-0.0007896342557697165,
recent_compact_current,w05,2026-02-26,2026-02-27,2026-03-05,002195,0.027027027027027035,0.8569889779559119,-0.019266055045871644,-0.0005207041904289635,
recent_compact_current,w05,2026-02-26,2026-02-27,2026-03-05,300285,0.027027027027027035,0.8566382765531062,-0.029781420765027433,-0.0008049032639196606,
recent_compact_current,w05,2026-02-26,2026-02-27,2026-03-05,000559,0.027027027027027035,0.855936873747495,-0.08127572016460916,-0.0021966410855299777,
recent_compact_current,w05,2026-02-26,2026-02-27,2026-03-05,000155,0.027027027027027035,0.8629509018036072,0.03311735061195087,0.0008950635300527264,
recent_compact_current,w05,2026-02-26,2026-02-27,2026-03-05,003035,0.027027027027027035,0.8647044088176353,0.19946452476572984,0.005390933101776484,
recent_compact_current,w05,2026-02-26,2026-02-27,2026-03-05,002436,0.027027027027027035,0.8794338677354709,-0.04880774962742174,-0.001319128368308696,
recent_compact_current,w05,2026-02-26,2026-02-27,2026-03-05,002340,0.027027027027027035,0.8650551102204409,-0.047866805411030056,-0.0012936974435413533,
recent_compact_current,w05,2026-02-26,2026-02-27,2026-03-05,001389,0.027027027027027035,0.8790831663326654,-0.09620124075805225,-0.0026000335340014133,
recent_compact_current,w05,2026-02-26,2026-02-27,2026-03-05,300623,0.027027027027027035,0.8787324649298598,-0.12844803566453045,-0.003471568531473797,
recent_compact_current,w05,2026-02-26,2026-02-27,2026-03-05,000021,0.027027027027027035,0.8783817635270541,-0.0893629287979244,-0.0024152142918357953,
recent_compact_current,w05,2026-02-26,2026-02-27,2026-03-05,300395,0.027027027027027035,0.8780310621242485,-0.1272111982771882,-0.00343814049397806,
recent_compact_current,w05,2026-02-26,2026-02-27,2026-03-05,600392,0.027027027027027035,0.8773296593186373,-0.11351351351351358,-0.00306793279766253,
recent_compact_current,w05,2026-02-26,2026-02-27,2026-03-05,601061,0.027027027027027035,0.8769789579158317,-0.0322793148880105,-0.000872413915892176,
recent_compact_current,w05,2026-02-26,2026-02-27,2026-03-05,002156,0.027027027027027035,0.8762775551102204,-0.06562081499904338,-0.0017735355405146863,
recent_compact_current,w05,2026-02-26,2026-02-27,2026-03-05,688629,0.027027027027027035,0.8738226452905812,-0.08327362471140831,-0.002250638505713739,
recent_compact_current,w05,2026-02-26,2026-02-27,2026-03-05,600096,0.027027027027027035,0.8699649298597195,-0.08641975308641958,-0.002335669002335665,
recent_compact_current,w05,2026-02-26,2026-02-27,2026-03-05,603688,0.027027027027027035,0.8696142284569139,0.06228720208291616,0.0016834378941328696,
recent_compact_current,w05,2026-02-26,2026-02-27,2026-03-05,300223,0.027027027027027035,0.8685621242484971,-0.11261813721953695,-0.0030437334383658643,
recent_compact_current,w05,2026-02-26,2026-02-27,2026-03-05,000060,0.027027027027027035,0.866808617234469,-0.019255455712451908,-0.0005204177219581598,
recent_compact_current,w05,2026-02-26,2026-02-27,2026-03-05,603077,0.027027027027027035,0.8664579158316634,-0.037931034482758585,-0.0010251630941286107,
recent_compact_current,w05,2026-02-26,2026-02-27,2026-03-05,001221,0.027027027027027035,0.8661072144288577,-0.08767772511848326,-0.0023696682464454943,
recent_compact_current,w05,2026-02-26,2026-02-27,2026-03-05,300373,0.027027027027027035,0.8657565130260522,-0.12225739548084269,-0.0033042539319146683,
recent_compact_current,w05,2026-02-26,2026-02-27,2026-03-05,000629,0.027027027027027035,0.8554108216432866,-0.017114914425427896,-0.00046256525474129464,
short_aggressive_compact_capacity,w05,2026-02-26,2026-02-27,2026-03-05,300395,0.03225806451612904,0.9996723446893787,-0.1272111982771882,-0.00410358704119962,
short_aggressive_compact_capacity,w05,2026-02-26,2026-02-27,2026-03-05,601865,0.03225806451612904,0.910687875751503,-0.07104477611940296,-0.0022917669715936443,
short_aggressive_compact_capacity,w05,2026-02-26,2026-02-27,2026-03-05,002120,0.03225806451612904,0.9004213426853708,-0.03170028818443815,-0.001022589941433489,
short_aggressive_compact_capacity,w05,2026-02-26,2026-02-27,2026-03-05,600171,0.03225806451612904,0.9005305611222445,-0.07100031555695807,-0.0022903327599018736,
short_aggressive_compact_capacity,w05,2026-02-26,2026-02-27,2026-03-05,300474,0.03225806451612904,0.901185871743487,-0.06711037160288413,-0.0021648506968672304,
short_aggressive_compact_capacity,w05,2026-02-26,2026-02-27,2026-03-05,300024,0.03225806451612904,0.901185871743487,-0.06890660592255116,-0.0022227937394371346,
short_aggressive_compact_capacity,w05,2026-02-26,2026-02-27,2026-03-05,601333,0.03225806451612904,0.9015135270541083,-0.006472491909385147,-0.0002087900615930693,
short_aggressive_compact_capacity,w05,2026-02-26,2026-02-27,2026-03-05,001696,0.03225806451612904,0.9019504008016033,0.08302238805970141,0.0026781415503129495,
short_aggressive_compact_capacity,w05,2026-02-26,2026-02-27,2026-03-05,002439,0.03225806451612904,0.902059619238477,-0.03711484593837533,-0.001197253094786301,
short_aggressive_compact_capacity,w05,2026-02-26,2026-02-27,2026-03-05,688363,0.03225806451612904,0.9034794589178358,-0.06999365616409392,-0.0022578598762610946,
short_aggressive_compact_capacity,w05,2026-02-26,2026-02-27,2026-03-05,002385,0.03225806451612904,0.9040255511022045,0.027295285359801413,0.0008804930761226264,
short_aggressive_compact_capacity,w05,2026-02-26,2026-02-27,2026-03-05,600739,0.03225806451612904,0.9048992985971944,-0.014061207609594728,-0.00045358734224499133,
short_aggressive_compact_capacity,w05,2026-02-26,2026-02-27,2026-03-05,000062,0.03225806451612904,0.9055546092184369,-0.06723027375201285,-0.002168718508129447,
short_aggressive_compact_capacity,w05,2026-02-26,2026-02-27,2026-03-05,601921,0.03225806451612904,0.9058822645290582,-0.03580246913580243,-0.0011549183592194333,
short_aggressive_compact_capacity,w05,2026-02-26,2026-02-27,2026-03-05,600060,0.03225806451612904,0.9086127254509019,-0.014692787177204014,-0.00047396087668400056,
short_aggressive_compact_capacity,w05,2026-02-26,2026-02-27,2026-03-05,000009,0.03225806451612904,0.9123261523046092,-0.05789473684210533,-0.0018675721561969465,
short_aggressive_compact_capacity,w05,2026-02-26,2026-02-27,2026-03-05,002008,0.03225806451612904,0.994064128256513,0.025243832472748196,0.0008143171765402646,
short_aggressive_compact_capacity,w05,2026-02-26,2026-02-27,2026-03-05,603927,0.03225806451612904,0.912435370741483,-0.06618030224075033,-0.0021348484593790434,
short_aggressive_compact_capacity,w05,2026-02-26,2026-02-27,2026-03-05,300601,0.03225806451612904,0.9147289579158318,-0.07805203468979316,-0.0025178075706384895,
short_aggressive_compact_capacity,w05,2026-02-26,2026-02-27,2026-03-05,601598,0.03225806451612904,0.9153842685370742,-0.01358234295415961,-0.0004381400952954714,
short_aggressive_compact_capacity,w05,2026-02-26,2026-02-27,2026-03-05,688538,0.03225806451612904,0.9158211422845692,-0.019379844961240456,-0.0006251562890722728,
short_aggressive_compact_capacity,w05,2026-02-26,2026-02-27,2026-03-05,600332,0.03225806451612904,0.9160941883767536,-0.011895321173671536,-0.0003837200378603722,
short_aggressive_compact_capacity,w05,2026-02-26,2026-02-27,2026-03-05,603529,0.03225806451612904,0.9169133266533067,-0.04264099037138924,-0.0013755158184319113,
short_aggressive_compact_capacity,w05,2026-02-26,2026-02-27,2026-03-05,600998,0.03225806451612904,0.9184423847695391,-0.017110266159695797,-0.0005519440696676065,
short_aggressive_compact_capacity,w05,2026-02-26,2026-02-27,2026-03-05,000898,0.03225806451612904,0.9265245490981965,-0.018939393939394034,-0.000610948191593356,
short_aggressive_compact_capacity,w05,2026-02-26,2026-02-27,2026-03-05,600820,0.03225806451612904,0.9279443887775551,-0.037707390648567096,-0.0012163674402763582,
short_aggressive_compact_capacity,w05,2026-02-26,2026-02-27,2026-03-05,002265,0.03225806451612904,0.9361357715430862,-0.05738362760834681,-0.001851084761559575,
short_aggressive_compact_capacity,w05,2026-02-26,2026-02-27,2026-03-05,601966,0.03225806451612904,0.9370095190380762,-0.039999999999999925,-0.0012903225806451591,
short_aggressive_compact_capacity,w05,2026-02-26,2026-02-27,2026-03-05,000921,0.03225806451612904,0.9401768537074149,-0.03627161535217205,-0.0011700521081345824,
short_aggressive_compact_capacity,w05,2026-02-26,2026-02-27,2026-03-05,688615,0.03225806451612904,0.9859984969939879,-0.12150155486450465,-0.003919404995629183,
short_aggressive_compact_capacity,w05,2026-02-26,2026-02-27,2026-03-05,600606,0.03225806451612904,0.8988922845691383,-0.03571428571428559,-0.00115207373271889,
short_aggressive_medium_capacity,w05,2026-02-26,2026-02-27,2026-03-05,300395,0.03225806451612904,0.9996723446893787,-0.1272111982771882,-0.00410358704119962,
short_aggressive_medium_capacity,w05,2026-02-26,2026-02-27,2026-03-05,601865,0.03225806451612904,0.910687875751503,-0.07104477611940296,-0.0022917669715936443,
short_aggressive_medium_capacity,w05,2026-02-26,2026-02-27,2026-03-05,002120,0.03225806451612904,0.9004213426853708,-0.03170028818443815,-0.001022589941433489,
short_aggressive_medium_capacity,w05,2026-02-26,2026-02-27,2026-03-05,600171,0.03225806451612904,0.9005305611222445,-0.07100031555695807,-0.0022903327599018736,
short_aggressive_medium_capacity,w05,2026-02-26,2026-02-27,2026-03-05,300474,0.03225806451612904,0.901185871743487,-0.06711037160288413,-0.0021648506968672304,
short_aggressive_medium_capacity,w05,2026-02-26,2026-02-27,2026-03-05,300024,0.03225806451612904,0.901185871743487,-0.06890660592255116,-0.0022227937394371346,
short_aggressive_medium_capacity,w05,2026-02-26,2026-02-27,2026-03-05,601333,0.03225806451612904,0.9015135270541083,-0.006472491909385147,-0.0002087900615930693,
short_aggressive_medium_capacity,w05,2026-02-26,2026-02-27,2026-03-05,001696,0.03225806451612904,0.9019504008016033,0.08302238805970141,0.0026781415503129495,
short_aggressive_medium_capacity,w05,2026-02-26,2026-02-27,2026-03-05,002439,0.03225806451612904,0.902059619238477,-0.03711484593837533,-0.001197253094786301,
short_aggressive_medium_capacity,w05,2026-02-26,2026-02-27,2026-03-05,688363,0.03225806451612904,0.9034794589178358,-0.06999365616409392,-0.0022578598762610946,
short_aggressive_medium_capacity,w05,2026-02-26,2026-02-27,2026-03-05,002385,0.03225806451612904,0.9040255511022045,0.027295285359801413,0.0008804930761226264,
short_aggressive_medium_capacity,w05,2026-02-26,2026-02-27,2026-03-05,600739,0.03225806451612904,0.9048992985971944,-0.014061207609594728,-0.00045358734224499133,
short_aggressive_medium_capacity,w05,2026-02-26,2026-02-27,2026-03-05,000062,0.03225806451612904,0.9055546092184369,-0.06723027375201285,-0.002168718508129447,
short_aggressive_medium_capacity,w05,2026-02-26,2026-02-27,2026-03-05,601921,0.03225806451612904,0.9058822645290582,-0.03580246913580243,-0.0011549183592194333,
short_aggressive_medium_capacity,w05,2026-02-26,2026-02-27,2026-03-05,600060,0.03225806451612904,0.9086127254509019,-0.014692787177204014,-0.00047396087668400056,
short_aggressive_medium_capacity,w05,2026-02-26,2026-02-27,2026-03-05,000009,0.03225806451612904,0.9123261523046092,-0.05789473684210533,-0.0018675721561969465,
short_aggressive_medium_capacity,w05,2026-02-26,2026-02-27,2026-03-05,002008,0.03225806451612904,0.994064128256513,0.025243832472748196,0.0008143171765402646,
short_aggressive_medium_capacity,w05,2026-02-26,2026-02-27,2026-03-05,603927,0.03225806451612904,0.912435370741483,-0.06618030224075033,-0.0021348484593790434,
short_aggressive_medium_capacity,w05,2026-02-26,2026-02-27,2026-03-05,300601,0.03225806451612904,0.9147289579158318,-0.07805203468979316,-0.0025178075706384895,
short_aggressive_medium_capacity,w05,2026-02-26,2026-02-27,2026-03-05,601598,0.03225806451612904,0.9153842685370742,-0.01358234295415961,-0.0004381400952954714,
short_aggressive_medium_capacity,w05,2026-02-26,2026-02-27,2026-03-05,688538,0.03225806451612904,0.9158211422845692,-0.019379844961240456,-0.0006251562890722728,
short_aggressive_medium_capacity,w05,2026-02-26,2026-02-27,2026-03-05,600332,0.03225806451612904,0.9160941883767536,-0.011895321173671536,-0.0003837200378603722,
short_aggressive_medium_capacity,w05,2026-02-26,2026-02-27,2026-03-05,603529,0.03225806451612904,0.9169133266533067,-0.04264099037138924,-0.0013755158184319113,
short_aggressive_medium_capacity,w05,2026-02-26,2026-02-27,2026-03-05,600998,0.03225806451612904,0.9184423847695391,-0.017110266159695797,-0.0005519440696676065,
short_aggressive_medium_capacity,w05,2026-02-26,2026-02-27,2026-03-05,000898,0.03225806451612904,0.9265245490981965,-0.018939393939394034,-0.000610948191593356,
short_aggressive_medium_capacity,w05,2026-02-26,2026-02-27,2026-03-05,600820,0.03225806451612904,0.9279443887775551,-0.037707390648567096,-0.0012163674402763582,
short_aggressive_medium_capacity,w05,2026-02-26,2026-02-27,2026-03-05,002265,0.03225806451612904,0.9361357715430862,-0.05738362760834681,-0.001851084761559575,
short_aggressive_medium_capacity,w05,2026-02-26,2026-02-27,2026-03-05,601966,0.03225806451612904,0.9370095190380762,-0.039999999999999925,-0.0012903225806451591,
short_aggressive_medium_capacity,w05,2026-02-26,2026-02-27,2026-03-05,000921,0.03225806451612904,0.9401768537074149,-0.03627161535217205,-0.0011700521081345824,
short_aggressive_medium_capacity,w05,2026-02-26,2026-02-27,2026-03-05,688615,0.03225806451612904,0.9859984969939879,-0.12150155486450465,-0.003919404995629183,
short_aggressive_medium_capacity,w05,2026-02-26,2026-02-27,2026-03-05,600606,0.03225806451612904,0.8988922845691383,-0.03571428571428559,-0.00115207373271889,
short_aggressive_wide_capacity,w05,2026-02-26,2026-02-27,2026-03-05,688017,0.036000000004219955,0.9853446893787575,-0.1014217609585284,-0.0036511833949350175,
short_aggressive_wide_capacity,w05,2026-02-26,2026-02-27,2026-03-05,002185,0.036000000004219955,0.9069278557114229,-0.05820105820105814,-0.0020952380954836988,
short_aggressive_wide_capacity,w05,2026-02-26,2026-02-27,2026-03-05,000060,0.036000000004219955,0.9437985971943887,-0.019255455712451908,-0.0006931964057295258,
short_aggressive_wide_capacity,w05,2026-02-26,2026-02-27,2026-03-05,300748,0.036000000004219955,0.9069278557114229,-0.07175572519083973,-0.002583206107173036,
short_aggressive_wide_capacity,w05,2026-02-26,2026-02-27,2026-03-05,300724,0.036000000004219955,0.9069278557114229,-0.06007241606319946,-0.0021626069785286835,
short_aggressive_wide_capacity,w05,2026-02-26,2026-02-27,2026-03-05,300454,0.036000000004219955,0.9069278557114229,-0.0739942528735632,-0.0026637931037605278,
short_aggressive_wide_capacity,w05,2026-02-26,2026-02-27,2026-03-05,300223,0.036000000004219955,0.9069278557114229,-0.11261813721953695,-0.004054252940378574,
short_aggressive_wide_capacity,w05,2026-02-26,2026-02-27,2026-03-05,002195,0.036000000004219955,0.9069278557114229,-0.019266055045871644,-0.0006935779817326811,
short_aggressive_wide_capacity,w05,2026-02-26,2026-02-27,2026-03-05,002156,0.036000000004219955,0.9069278557114229,-0.06562081499904338,-0.0023623493402424784,
short_aggressive_wide_capacity,w05,2026-02-26,2026-02-27,2026-03-05,002131,0.036000000004219955,0.9069278557114229,-0.08244111349036398,-0.002967880086001001,
short_aggressive_wide_capacity,w05,2026-02-26,2026-02-27,2026-03-05,000878,0.036000000004219955,0.9069278557114229,-0.01158460901944569,-0.0004170459247489314,
short_aggressive_wide_capacity,w05,2026-02-26,2026-02-27,2026-03-05,000426,0.036000000004219955,0.9069278557114229,-0.01898734177215189,-0.0006835443038775937,
short_aggressive_wide_capacity,w05,2026-02-26,2026-02-27,2026-03-05,300604,0.036000000004219955,0.9437985971943887,-0.11707152496626183,-0.004214574899279462,
short_aggressive_wide_capacity,w05,2026-02-26,2026-02-27,2026-03-05,002436,0.036000000004219955,0.9437985971943887,-0.04880774962742174,-0.001757078986793149,
short_aggressive_wide_capacity,w05,2026-02-26,2026-02-27,2026-03-05,600435,0.036000000004219955,0.8506943887775551,0.0678654292343388,0.002443155452722586,
short_aggressive_wide_capacity,w05,2026-02-26,2026-02-27,2026-03-05,300735,0.036000000000000004,0.8506943887775551,-0.09992458521870284,-0.003597285067873303,
short_aggressive_wide_capacity,w05,2026-02-26,2026-02-27,2026-03-05,002353,0.036000000000000004,0.7771137274549098,0.1188576609247507,0.0042788757932910254,
short_aggressive_wide_capacity,w05,2026-02-26,2026-02-27,2026-03-05,688772,0.036000000000000004,0.8506943887775551,-0.11849096705632312,-0.004265674814027632,
short_aggressive_wide_capacity,w05,2026-02-26,2026-02-27,2026-03-05,600967,0.036000000000000004,0.8506943887775551,-0.008630609896432606,-0.00031070195627157384,
short_aggressive_wide_capacity,w05,2026-02-26,2026-02-27,2026-03-05,688525,0.036000000000000004,0.9069278557114229,0.14656927314094115,0.005276493833073882,
short_aggressive_wide_capacity,w05,2026-02-26,2026-02-27,2026-03-05,300601,0.036000000000000004,0.8506943887775551,-0.07805203468979316,-0.002809873248832554,
short_aggressive_wide_capacity,w05,2026-02-26,2026-02-27,2026-03-05,300339,0.036000000000000004,0.8506943887775551,-0.0847111655439885,-0.003049601959583586,
short_aggressive_wide_capacity,w05,2026-02-26,2026-02-27,2026-03-05,002402,0.036000000000000004,0.8506943887775551,-0.08817908817908826,-0.0031744471744471776,
short_aggressive_wide_capacity,w05,2026-02-26,2026-02-27,2026-03-05,002265,0.036000000000000004,0.8506943887775551,-0.05738362760834681,-0.0020658105939004856,
short_aggressive_wide_capacity,w05,2026-02-26,2026-02-27,2026-03-05,301308,0.036000000000000004,0.9069278557114229,-0.011707414695974139,-0.00042146692905506905,
short_aggressive_wide_capacity,w05,2026-02-26,2026-02-27,2026-03-05,601231,0.03333333331223356,0.7771137274549098,-0.04294620180096975,-0.00143154005912617,
short_aggressive_wide_capacity,w05,2026-02-26,2026-02-27,2026-03-05,688172,0.02666666664978681,0.7771137274549098,-0.16805212311840034,-0.004481389946987314,
short_aggressive_wide_capacity,w05,2026-02-26,2026-02-27,2026-03-05,002080,0.019999999987340117,0.7730405811623247,-0.11214069591527986,-0.0022428139168859094,
short_aggressive_wide_capacity,w05,2026-02-26,2026-02-27,2026-03-05,300496,0.013333333324893405,0.7697820641282564,-0.08727423135254375,-0.0011636564172973285,
short_aggressive_wide_capacity,w05,2026-02-26,2026-02-27,2026-03-05,601399,0.0066666666624467024,0.7697820641282564,-0.041587901701323204,-0.0002772526778333219,
stable_compact_capacity,w05,2026-02-26,2026-02-27,2026-03-05,002080,0.030303030303030304,0.9957715430861723,-0.11214069591527986,-0.0033982029065236325,
stable_compact_capacity,w05,2026-02-26,2026-02-27,2026-03-05,688385,0.030303030303030304,0.9576513026052105,-0.02261904761904765,-0.0006854256854256864,
stable_compact_capacity,w05,2026-02-26,2026-02-27,2026-03-05,688599,0.030303030303030304,0.955623246492986,-0.08350622406638997,-0.002530491638375454,
stable_compact_capacity,w05,2026-02-26,2026-02-27,2026-03-05,300857,0.030303030303030304,0.9558877755511022,0.012454801124949677,0.000377418215907566,
stable_compact_capacity,w05,2026-02-26,2026-02-27,2026-03-05,688676,0.030303030303030304,0.9565711422845692,-0.02599152868694632,-0.0007876220814226158,
stable_compact_capacity,w05,2026-02-26,2026-02-27,2026-03-05,601168,0.030303030303030304,0.9565711422845692,-0.03822222222222216,-0.0011582491582491563,
stable_compact_capacity,w05,2026-02-26,2026-02-27,2026-03-05,300450,0.030303030303030304,0.9566372745490982,-0.08315177923021055,-0.0025197508857639564,
stable_compact_capacity,w05,2026-02-26,2026-02-27,2026-03-05,603920,0.030303030303030304,0.95674749498998,-0.14743202416918433,-0.0044676370960358884,
stable_compact_capacity,w05,2026-02-26,2026-02-27,2026-03-05,002851,0.030303030303030304,0.95674749498998,0.02413188913666775,0.0007312693677778106,
stable_compact_capacity,w05,2026-02-26,2026-02-27,2026-03-05,300604,0.030303030303030304,0.956813627254509,-0.11707152496626183,-0.003547621968674601,
stable_compact_capacity,w05,2026-02-26,2026-02-27,2026-03-05,300919,0.030303030303030304,0.9569238476953907,-0.06993255236066742,-0.0021191682533535585,
stable_compact_capacity,w05,2026-02-26,2026-02-27,2026-03-05,002156,0.030303030303030304,0.9569238476953907,-0.06562081499904338,-0.001988509545425557,
stable_compact_capacity,w05,2026-02-26,2026-02-27,2026-03-05,601611,0.030303030303030304,0.9571002004008016,0.03770086526576022,0.0011424504625987945,
stable_compact_capacity,w05,2026-02-26,2026-02-27,2026-03-05,600497,0.030303030303030304,0.9574088176352705,-0.02529182879377434,-0.0007664190543567982,
stable_compact_capacity,w05,2026-02-26,2026-02-27,2026-03-05,002429,0.030303030303030304,0.9574088176352705,-0.02851711026615955,-0.0008641548565502895,
stable_compact_capacity,w05,2026-02-26,2026-02-27,2026-03-05,688281,0.030303030303030304,0.9574749498997996,-0.11624926050088746,-0.0035227048636632566,
stable_compact_capacity,w05,2026-02-26,2026-02-27,2026-03-05,605358,0.030303030303030304,0.9576513026052105,-0.1120832348072831,-0.003396461660826761,
stable_compact_capacity,w05,2026-02-26,2026-02-27,2026-03-05,688629,0.030303030303030304,0.9951983967935871,-0.08327362471140831,-0.0025234431730729793,
stable_compact_capacity,w05,2026-02-26,2026-02-27,2026-03-05,300724,0.030303030303030304,0.9576513026052105,-0.06007241606319946,-0.0018203762443393778,
stable_compact_capacity,w05,2026-02-26,2026-02-27,2026-03-05,002195,0.030303030303030304,0.9576513026052105,-0.019266055045871644,-0.0005838198498748983,
stable_compact_capacity,w05,2026-02-26,2026-02-27,2026-03-05,000878,0.030303030303030304,0.9576513026052105,-0.01158460901944569,-0.00035104875816502096,
stable_compact_capacity,w05,2026-02-26,2026-02-27,2026-03-05,000060,0.030303030303030304,0.9576513026052105,-0.019255455712451908,-0.0005834986579530882,
stable_compact_capacity,w05,2026-02-26,2026-02-27,2026-03-05,000426,0.030303030303030304,0.9579158316633266,-0.01898734177215189,-0.0005753739930955118,
stable_compact_capacity,w05,2026-02-26,2026-02-27,2026-03-05,002436,0.030303030303030304,0.9580480961923847,-0.04880774962742174,-0.0014790227159824768,
stable_compact_capacity,w05,2026-02-26,2026-02-27,2026-03-05,000629,0.030303030303030304,0.9580480961923847,-0.017114914425427896,-0.0005186337704675121,
stable_compact_capacity,w05,2026-02-26,2026-02-27,2026-03-05,300285,0.030303030303030304,0.9581803607214429,-0.029781420765027433,-0.0009024672959099222,
stable_compact_capacity,w05,2026-02-26,2026-02-27,2026-03-05,688122,0.030303030303030304,0.9583567134268537,0.0032228360957642366,9.766169987164353e-05,
stable_compact_capacity,w05,2026-02-26,2026-02-27,2026-03-05,603077,0.030303030303030304,0.9584889779559118,-0.037931034482758585,-0.0011494252873563207,
stable_compact_capacity,w05,2026-02-26,2026-02-27,2026-03-05,603688,0.030303030303030304,0.9585771543086172,0.06228720208291616,0.0018874909722095806,
stable_compact_capacity,w05,2026-02-26,2026-02-27,2026-03-05,688702,0.030303030303030304,0.9929498997995992,0.07658157602663707,0.0023206538189890023,
stable_compact_capacity,w05,2026-02-26,2026-02-27,2026-03-05,600096,0.030303030303030304,0.9936993987975952,-0.08641975308641958,-0.0026187803965581694,
stable_compact_capacity,w05,2026-02-26,2026-02-27,2026-03-05,300395,0.030303030303030304,0.9950661322645291,-0.1272111982771882,-0.00385488479627843,
stable_compact_capacity,w05,2026-02-26,2026-02-27,2026-03-05,688608,0.030303030303030304,0.9555350701402806,-0.1095936361893809,-0.003321019278466088,
stable_compact_current,w05,2026-02-26,2026-02-27,2026-03-05,002008,0.03253310000000001,0.9615050100200402,0.025243832472748196,0.0008212601262191645,
stable_compact_current,w05,2026-02-26,2026-02-27,2026-03-05,688568,0.03253310000000001,0.941056613226453,0.14065052725382454,0.004575797668201401,
stable_compact_current,w05,2026-02-26,2026-02-27,2026-03-05,300724,0.03253310000000001,0.9115200400801604,-0.06007241606319946,-0.001954341919025675,
stable_compact_current,w05,2026-02-26,2026-02-27,2026-03-05,003031,0.03253310000000001,0.91924498997996,-0.014053792100799711,-0.00045721342379452724,
stable_compact_current,w05,2026-02-26,2026-02-27,2026-03-05,601611,0.03253310000000001,0.9233346693386775,0.03770086526576022,0.0012265260197775042,
stable_compact_current,w05,2026-02-26,2026-02-27,2026-03-05,603688,0.03253310000000001,0.9596873747494991,0.06228720208291616,0.00202639577408372,
stable_compact_current,w05,2026-02-26,2026-02-27,2026-03-05,688385,0.03253310000000001,0.9369669338677356,-0.02261904761904765,-0.0007358677380952393,
stable_compact_current,w05,2026-02-26,2026-02-27,2026-03-05,688027,0.03253310000000001,0.9378757515030061,0.07105789624103132,0.0023117336441990967,
stable_compact_current,w05,2026-02-26,2026-02-27,2026-03-05,002436,0.03253310000000001,0.9387845691382766,-0.04880774962742174,-0.0015878673994038745,
stable_compact_current,w05,2026-02-26,2026-02-27,2026-03-05,002195,0.03253310000000001,0.9396933867735472,-0.019266055045871644,-0.0006267844954128469,
stable_compact_current,w05,2026-02-26,2026-02-27,2026-03-05,300919,0.03253310000000001,0.936058116232465,-0.06993255236066742,-0.00227512271920483,
stable_compact_current,w05,2026-02-26,2026-02-27,2026-03-05,601168,0.03253310000000001,0.9428742484969941,-0.03822222222222216,-0.001243487377777776,
stable_compact_current,w05,2026-02-26,2026-02-27,2026-03-05,002738,0.03253310000000001,0.9456007014028056,-0.08094531339193978,-0.002633401975111317,
stable_compact_current,w05,2026-02-26,2026-02-27,2026-03-05,300570,0.03253310000000001,0.9587785571142284,-0.10236604036186481,-0.003330284627696585,
stable_compact_current,w05,2026-02-26,2026-02-27,2026-03-05,600392,0.03253310000000001,0.9578697394789579,-0.11351351351351358,-0.0036929464864864894,
stable_compact_current,w05,2026-02-26,2026-02-27,2026-03-05,300285,0.03253310000000001,0.9524168336673347,-0.029781420765027433,-0.0009688819398907143,
stable_compact_current,w05,2026-02-26,2026-02-27,2026-03-05,000831,0.03253310000000001,0.9087935871743488,-0.03232222774738924,-0.0010515422675285893,
stable_compact_current,w05,2026-02-26,2026-02-27,2026-03-05,603077,0.03253310000000001,0.9515080160320641,-0.037931034482758585,-0.0012340141379310336,
stable_compact_current,w05,2026-02-26,2026-02-27,2026-03-05,300857,0.03253310000000001,0.9469639278557115,0.012454801124949677,0.00040519329047810043,
stable_compact_current,w05,2026-02-26,2026-02-27,2026-03-05,002429,0.03253310000000001,0.9456007014028056,-0.02851711026615955,-0.0009277499999999955,
stable_compact_current,w05,2026-02-26,2026-02-27,2026-03-05,688281,0.03175800000000001,0.9342404809619239,-0.11624926050088746,-0.0036918440149871852,
stable_compact_current,w05,2026-02-26,2026-02-27,2026-03-05,000629,0.03175800000000001,0.9315140280561123,-0.017114914425427896,-0.0005435354523227393,
stable_compact_current,w05,2026-02-26,2026-02-27,2026-03-05,600497,0.03175800000000001,0.9315140280561123,-0.02529182879377434,-0.0008032178988326857,
stable_compact_current,w05,2026-02-26,2026-02-27,2026-03-05,601958,0.03175800000000001,0.9315140280561123,0.12197309417040358,0.0038736215246636782,
stable_compact_current,w05,2026-02-26,2026-02-27,2026-03-05,605358,0.03175800000000001,0.9342404809619239,-0.1120832348072831,-0.003559539371009698,
stable_compact_current,w05,2026-02-26,2026-02-27,2026-03-05,601106,0.03175800000000001,0.9233346693386775,-0.03515624999999989,-0.0011164921874999968,
stable_compact_current,w05,2026-02-26,2026-02-27,2026-03-05,601399,0.03175800000000001,0.9233346693386775,-0.041587901701323204,-0.0013207485822306227,
stable_compact_current,w05,2026-02-26,2026-02-27,2026-03-05,688122,0.03175800000000001,0.9206082164328657,0.0032228360957642366,0.00010235082872928066,
stable_compact_current,w05,2026-02-26,2026-02-27,2026-03-05,688676,0.03175800000000001,0.91924498997996,-0.02599152868694632,-0.0008254389680400414,
stable_compact_current,w05,2026-02-26,2026-02-27,2026-03-05,002156,0.03175800000000001,0.9156097194388778,-0.06562081499904338,-0.0020839858427396203,
stable_compact_current,w05,2026-02-26,2026-02-27,2026-03-05,300450,0.03175800000000001,0.9292419839679359,-0.08315177923021055,-0.0026407342047930276,
stable_extra_wide_capacity,w05,2026-02-26,2026-02-27,2026-03-05,600487,0.02173913043478261,0.9987124248496995,0.14820663207759988,0.0032218833060347805,
stable_extra_wide_capacity,w05,2026-02-26,2026-02-27,2026-03-05,603920,0.02173913043478261,0.882625250501002,-0.14743202416918433,-0.0032050440036779206,
stable_extra_wide_capacity,w05,2026-02-26,2026-02-27,2026-03-05,600516,0.02173913043478261,0.894619238476954,0.15436241610738244,0.0033557046979865754,
stable_extra_wide_capacity,w05,2026-02-26,2026-02-27,2026-03-05,300748,0.02173913043478261,0.8940480961923848,-0.07175572519083973,-0.0015599070693660812,
stable_extra_wide_capacity,w05,2026-02-26,2026-02-27,2026-03-05,300223,0.02173913043478261,0.8917635270541082,-0.11261813721953695,-0.00244822037433776,
stable_extra_wide_capacity,w05,2026-02-26,2026-02-27,2026-03-05,300285,0.02173913043478261,0.8900501002004009,-0.029781420765027433,-0.0006474221905440747,
stable_extra_wide_capacity,w05,2026-02-26,2026-02-27,2026-03-05,000060,0.02173913043478261,0.8889078156312626,-0.019255455712451908,-0.00041859686331417197,
stable_extra_wide_capacity,w05,2026-02-26,2026-02-27,2026-03-05,688027,0.02173913043478261,0.8880060120240482,0.07105789624103132,0.0015447368748050289,
stable_extra_wide_capacity,w05,2026-02-26,2026-02-27,2026-03-05,688709,0.02173913043478261,0.8877655310621243,-0.007966457023060869,-0.0001731838483274102,
stable_extra_wide_capacity,w05,2026-02-26,2026-02-27,2026-03-05,601608,0.02173913043478261,0.8849098196392786,-0.08020050125313294,-0.0017434891576768032,
stable_extra_wide_capacity,w05,2026-02-26,2026-02-27,2026-03-05,002080,0.02173913043478261,0.8832114228456915,-0.11214069591527986,-0.0024378412155495626,
stable_extra_wide_capacity,w05,2026-02-26,2026-02-27,2026-03-05,688608,0.02173913043478261,0.8791983967935872,-0.1095936361893809,-0.002382470351943063,
stable_extra_wide_capacity,w05,2026-02-26,2026-02-27,2026-03-05,002008,0.02173913043478261,0.9816733466933868,0.025243832472748196,0.0005487789667988739,
stable_extra_wide_capacity,w05,2026-02-26,2026-02-27,2026-03-05,601168,0.02173913043478261,0.8786272545090181,-0.03822222222222216,-0.000830917874396134,
stable_extra_wide_capacity,w05,2026-02-26,2026-02-27,2026-03-05,002195,0.02173913043478261,0.8780561122244489,-0.019266055045871644,-0.00041882728360590534,
stable_extra_wide_capacity,w05,2026-02-26,2026-02-27,2026-03-05,600497,0.02173913043478261,0.8763426853707414,-0.02529182879377434,-0.0005498223650820509,
stable_extra_wide_capacity,w05,2026-02-26,2026-02-27,2026-03-05,300857,0.02173913043478261,0.8752004008016032,0.012454801124949677,0.00027075654619455826,
stable_extra_wide_capacity,w05,2026-02-26,2026-02-27,2026-03-05,601118,0.02173913043478261,0.8734869739478959,-0.0292164674634795,-0.0006351405970321631,
stable_extra_wide_capacity,w05,2026-02-26,2026-02-27,2026-03-05,300724,0.02173913043478261,0.8694889779559118,-0.06007241606319946,-0.0013059220883304232,
stable_extra_wide_capacity,w05,2026-02-26,2026-02-27,2026-03-05,688002,0.02173913043478261,0.8677755511022045,-0.0903379181524877,-0.0019638677859236463,
stable_extra_wide_capacity,w05,2026-02-26,2026-02-27,2026-03-05,600363,0.02173913043478261,0.8649198396793587,-0.06816433297430358,-0.0014818333255283388,
stable_extra_wide_capacity,w05,2026-02-26,2026-02-27,2026-03-05,688220,0.02173913043478261,0.8563527054108216,-0.08718232044198893,-0.0018952678356954117,
stable_extra_wide_capacity,w05,2026-02-26,2026-02-27,2026-03-05,688347,0.02173913043478261,0.8951903807615231,-0.09749087236852316,-0.002119366790620069,
stable_extra_wide_capacity,w05,2026-02-26,2026-02-27,2026-03-05,300919,0.02173913043478261,0.8957615230460922,-0.06993255236066742,-0.0015202728774058136,
stable_extra_wide_capacity,w05,2026-02-26,2026-02-27,2026-03-05,688019,0.02173913043478261,0.8963326653306614,-0.1195190947666196,-0.002598241190578687,
stable_extra_wide_capacity,w05,2026-02-26,2026-02-27,2026-03-05,301308,0.02173913043478261,0.8980460921843687,-0.011707414695974139,-0.0002545090151298726,
stable_extra_wide_capacity,w05,2026-02-26,2026-02-27,2026-03-05,688525,0.02173913043478261,0.9134669338677355,0.14656927314094115,0.0031862885465421993,
stable_extra_wide_capacity,w05,2026-02-26,2026-02-27,2026-03-05,601611,0.02173913043478261,0.9117535070140281,0.03770086526576022,0.0008195840275165266,
stable_extra_wide_capacity,w05,2026-02-26,2026-02-27,2026-03-05,688122,0.02173913043478261,0.9100400801603207,0.0032228360957642366,7.006165425574429e-05,
stable_extra_wide_capacity,w05,2026-02-26,2026-02-27,2026-03-05,000629,0.02173913043478261,0.9094689378757514,-0.017114914425427896,-0.00037206335707451953,
stable_extra_wide_capacity,w05,2026-02-26,2026-02-27,2026-03-05,300454,0.02173913043478261,0.9088977955911823,-0.0739942528735632,-0.0016085707146426785,
stable_extra_wide_capacity,w05,2026-02-26,2026-02-27,2026-03-05,688599,0.02173913043478261,0.9083266533066132,-0.08350622406638997,-0.0018153526970954342,
stable_extra_wide_capacity,w05,2026-02-26,2026-02-27,2026-03-05,603077,0.02173913043478261,0.9077555110220441,-0.037931034482758585,-0.0008245877061469259,
stable_extra_wide_capacity,w05,2026-02-26,2026-02-27,2026-03-05,300604,0.02173913043478261,0.9066132264529059,-0.11707152496626183,-0.002545033151440475,
stable_extra_wide_capacity,w05,2026-02-26,2026-02-27,2026-03-05,002429,0.02173913043478261,0.9060420841683368,-0.02851711026615955,-0.0006199371796991208,
stable_extra_wide_capacity,w05,2026-02-26,2026-02-27,2026-03-05,688281,0.02173913043478261,0.9054709418837675,-0.11624926050088746,-0.002527157836975815,
stable_extra_wide_capacity,w05,2026-02-26,2026-02-27,2026-03-05,600498,0.02173913043478261,0.9045691382765532,0.21148100725565522,0.004597413201209897,
stable_extra_wide_capacity,w05,2026-02-26,2026-02-27,2026-03-05,002436,0.02173913043478261,0.9043286573146293,-0.04880774962742174,-0.0010610380353787336,
stable_extra_wide_capacity,w05,2026-02-26,2026-02-27,2026-03-05,605358,0.02173913043478261,0.9037575150300601,-0.1120832348072831,-0.002436592061027894,
stable_extra_wide_capacity,w05,2026-02-26,2026-02-27,2026-03-05,688676,0.02173913043478261,0.9020440881763527,-0.02599152868694632,-0.0005650332323249201,
stable_extra_wide_capacity,w05,2026-02-26,2026-02-27,2026-03-05,688385,0.02173913043478261,0.9014729458917836,-0.02261904761904765,-0.0004917184265010359,
stable_extra_wide_capacity,w05,2026-02-26,2026-02-27,2026-03-05,002353,0.02173913043478261,0.9012274549098196,0.1188576609247507,0.0025838621940163196,
stable_extra_wide_capacity,w05,2026-02-26,2026-02-27,2026-03-05,000426,0.02173913043478261,0.9009018036072145,-0.01898734177215189,-0.0004127682993946063,
stable_extra_wide_capacity,w05,2026-02-26,2026-02-27,2026-03-05,000878,0.02173913043478261,0.8997595190380763,-0.01158460901944569,-0.000251839326509689,
stable_extra_wide_capacity,w05,2026-02-26,2026-02-27,2026-03-05,002851,0.02173913043478261,0.8986172344689379,0.02413188913666775,0.0005246062855797337,
stable_extra_wide_capacity,w05,2026-02-26,2026-02-27,2026-03-05,601106,0.02173913043478261,0.8546392785571143,-0.03515624999999989,-0.0007642663043478237,
stable_medium_capacity,w05,2026-02-26,2026-02-27,2026-03-05,600487,0.01075268817204301,0.997995991983968,0.14820663207759988,0.0015936196997591383,
stable_medium_capacity,w05,2026-02-26,2026-02-27,2026-03-05,000703,0.01075268817204301,0.8589954909819639,0.0463629096722622,0.0004985259104544322,
stable_medium_capacity,w05,2026-02-26,2026-02-27,2026-03-05,002044,0.01075268817204301,0.8404183366733466,-0.06569343065693423,-0.0007063809748057443,
stable_medium_capacity,w05,2026-02-26,2026-02-27,2026-03-05,301358,0.01075268817204301,0.8419664328657315,-0.019491147150721422,-0.00020958222742711204,
stable_medium_capacity,w05,2026-02-26,2026-02-27,2026-03-05,300763,0.01075268817204301,0.8423947895791583,0.13747954173486066,0.0014782746423103294,
stable_medium_capacity,w05,2026-02-26,2026-02-27,2026-03-05,002153,0.01075268817204301,0.8466107214428857,-0.06621392190152797,-0.0007119776548551394,
stable_medium_capacity,w05,2026-02-26,2026-02-27,2026-03-05,601118,0.01075268817204301,0.8517985971943888,-0.0292164674634795,-0.00031415556412343545,
stable_medium_capacity,w05,2026-02-26,2026-02-27,2026-03-05,301200,0.01075268817204301,0.8528031062124248,-0.11011994454824914,-0.0011840854252499907,
stable_medium_capacity,w05,2026-02-26,2026-02-27,2026-03-05,300724,0.01075268817204301,0.8539554108216432,-0.06007241606319946,-0.0006459399576688113,
stable_medium_capacity,w05,2026-02-26,2026-02-27,2026-03-05,300857,0.01075268817204301,0.8541633266533066,0.012454801124949677,0.00013392259274139437,
stable_medium_capacity,w05,2026-02-26,2026-02-27,2026-03-05,300339,0.01075268817204301,0.8551703406813627,-0.0847111655439885,-0.0009108727477848225,
stable_medium_capacity,w05,2026-02-26,2026-02-27,2026-03-05,603806,0.01075268817204301,0.8639829659318637,-0.03209459459459463,-0.00034510316768381316,
stable_medium_capacity,w05,2026-02-26,2026-02-27,2026-03-05,002409,0.01075268817204301,0.8827980961923848,-0.05327368849125658,-0.0005728353601210384,
stable_medium_capacity,w05,2026-02-26,2026-02-27,2026-03-05,002318,0.01075268817204301,0.8642209418837675,-0.030813124108416523,-0.00033132391514426366,
stable_medium_capacity,w05,2026-02-26,2026-02-27,2026-03-05,600141,0.01075268817204301,0.865187875751503,-0.08955223880597019,-0.0009629272989889266,
stable_medium_capacity,w05,2026-02-26,2026-02-27,2026-03-05,002595,0.01075268817204301,0.8667359719438877,0.00010257462303830955,1.1029529358958016e-06,
stable_medium_capacity,w05,2026-02-26,2026-02-27,2026-03-05,001221,0.01075268817204301,0.8698321643286573,-0.08767772511848326,-0.0009427712378331533,
stable_medium_capacity,w05,2026-02-26,2026-02-27,2026-03-05,000933,0.01075268817204301,0.871182364729459,0.14088050314465406,0.0015148441198349898,
stable_medium_capacity,w05,2026-02-26,2026-02-27,2026-03-05,603000,0.01075268817204301,0.8713802605210421,-0.06786339754816118,-0.0007297139521307653,
stable_medium_capacity,w05,2026-02-26,2026-02-27,2026-03-05,603920,0.01075268817204301,0.8736047094188377,-0.14743202416918433,-0.0015852905824643474,
stable_medium_capacity,w05,2026-02-26,2026-02-27,2026-03-05,688608,0.01075268817204301,0.8736623246492985,-0.1095936361893809,-0.0011784261955847407,
stable_medium_capacity,w05,2026-02-26,2026-02-27,2026-03-05,002532,0.01075268817204301,0.877374749498998,0.0872521246458926,0.0009381948886655118,
stable_medium_capacity,w05,2026-02-26,2026-02-27,2026-03-05,688002,0.01075268817204301,0.8397369739478959,-0.0903379181524877,-0.0009713754640052441,
stable_medium_capacity,w05,2026-02-26,2026-02-27,2026-03-05,002465,0.01075268817204301,0.837124248496994,-0.019954389965792352,-0.00021456333296550914,
stable_medium_capacity,w05,2026-02-26,2026-02-27,2026-03-05,601061,0.01075268817204301,0.8295816633266533,-0.0322793148880105,-0.00034708940739796234,
stable_medium_capacity,w05,2026-02-26,2026-02-27,2026-03-05,300487,0.01075268817204301,0.8284143286573147,0.01243411271793482,0.0001337001367519873,
stable_medium_capacity,w05,2026-02-26,2026-02-27,2026-03-05,603225,0.01075268817204301,0.7939754509018037,-0.1029619181946404,-0.0011071173999423697,
stable_medium_capacity,w05,2026-02-26,2026-02-27,2026-03-05,002353,0.01075268817204301,0.7943486973947896,0.1188576609247507,0.0012780393647822655,
stable_medium_capacity,w05,2026-02-26,2026-02-27,2026-03-05,000738,0.01075268817204301,0.7970716432865732,-0.1141361256544503,-0.0012272701683274225,
stable_medium_capacity,w05,2026-02-26,2026-02-27,2026-03-05,000155,0.01075268817204301,0.8010345691382766,0.03311735061195087,0.0003561005442145254,
stable_medium_capacity,w05,2026-02-26,2026-02-27,2026-03-05,000415,0.01075268817204301,0.8013502004008016,-0.05660377358490565,-0.0006086427267194155,
stable_medium_capacity,w05,2026-02-26,2026-02-27,2026-03-05,000921,0.01075268817204301,0.8037224448897795,-0.03627161535217205,-0.00039001736937819404,
stable_medium_capacity,w05,2026-02-26,2026-02-27,2026-03-05,600295,0.01075268817204301,0.8063602204408817,0.0017825311942960553,1.9167002089204895e-05,
stable_medium_capacity,w05,2026-02-26,2026-02-27,2026-03-05,600126,0.01075268817204301,0.808812625250501,-0.027654867256637128,-0.0002973641640498616,
stable_medium_capacity,w05,2026-02-26,2026-02-27,2026-03-05,300450,0.01075268817204301,0.8090606212424849,-0.08315177923021055,-0.0008941051530130166,
stable_medium_capacity,w05,2026-02-26,2026-02-27,2026-03-05,300373,0.01075268817204301,0.8094564128256513,-0.12225739548084269,-0.0013145956503316416,
stable_medium_capacity,w05,2026-02-26,2026-02-27,2026-03-05,600363,0.01075268817204301,0.8105686372745491,-0.06816433297430358,-0.0007329498169279954,
stable_medium_capacity,w05,2026-02-26,2026-02-27,2026-03-05,688248,0.01075268817204301,0.811004509018036,-0.015128593040847238,-0.0001626730434499703,
stable_medium_capacity,w05,2026-02-26,2026-02-27,2026-03-05,600765,0.01075268817204301,0.8125526052104208,-0.09111933395004634,-0.0009797777844091004,
stable_medium_capacity,w05,2026-02-26,2026-02-27,2026-03-05,600602,0.01075268817204301,0.8146768537074148,-0.051724137931034364,-0.0005561735261401544,
stable_medium_capacity,w05,2026-02-26,2026-02-27,2026-03-05,603688,0.01075268817204301,0.816317635270541,0.06228720208291616,0.0006697548611066253,
stable_medium_capacity,w05,2026-02-26,2026-02-27,2026-03-05,601106,0.01075268817204301,0.8166683366733467,-0.03515624999999989,-0.0003780241935483859,
stable_medium_capacity,w05,2026-02-26,2026-02-27,2026-03-05,300054,0.01075268817204301,0.8218411823647294,-0.09702760084925688,-0.0010433075360135147,
stable_medium_capacity,w05,2026-02-26,2026-02-27,2026-03-05,603650,0.01075268817204301,0.8249373747494989,-0.0855804941062489,-0.0009202203667338591,
stable_medium_capacity,w05,2026-02-26,2026-02-27,2026-03-05,002756,0.01075268817204301,0.8255185370741484,0.1644067796610169,0.0017678148350646979,
stable_medium_capacity,w05,2026-02-26,2026-02-27,2026-03-05,002195,0.01075268817204301,0.8787725450901803,-0.019266055045871644,-0.00020716188221367356,
stable_medium_capacity,w05,2026-02-26,2026-02-27,2026-03-05,600497,0.01075268817204301,0.8832464929859719,-0.02529182879377434,-0.00027195514832015417,
stable_medium_capacity,w05,2026-02-26,2026-02-27,2026-03-05,000039,0.01075268817204301,0.9826953907815631,-0.004437869822485063,-4.7719030349301755e-05,
stable_medium_capacity,w05,2026-02-26,2026-02-27,2026-03-05,300454,0.01075268817204301,0.9591783567134268,-0.0739942528735632,-0.0007956371276727225,
stable_medium_capacity,w05,2026-02-26,2026-02-27,2026-03-05,688615,0.01075268817204301,0.938502004008016,-0.12150155486450465,-0.0013064683318763939,
stable_medium_capacity,w05,2026-02-26,2026-02-27,2026-03-05,000878,0.01075268817204301,0.9426152304609219,-0.01158460901944569,-0.00012456568838113645,
stable_medium_capacity,w05,2026-02-26,2026-02-27,2026-03-05,688385,0.01075268817204301,0.9472595190380761,-0.02261904761904765,-0.00024321556579621126,
stable_medium_capacity,w05,2026-02-26,2026-02-27,2026-03-05,688676,0.01075268817204301,0.948807615230461,-0.02599152868694632,-0.0002794788030854443,
stable_medium_capacity,w05,2026-02-26,2026-02-27,2026-03-05,300017,0.01075268817204301,0.9489478957915832,-0.09367088607594942,-0.0010072138287736496,
stable_medium_capacity,w05,2026-02-26,2026-02-27,2026-03-05,605358,0.01075268817204301,0.9534519038076152,-0.1120832348072831,-0.0012051960731965924,
stable_medium_capacity,w05,2026-02-26,2026-02-27,2026-03-05,002429,0.01075268817204301,0.9550851703406813,-0.02851711026615955,-0.0003066355942597801,
stable_medium_capacity,w05,2026-02-26,2026-02-27,2026-03-05,688281,0.01075268817204301,0.9580961923847695,-0.11624926050088746,-0.0012499920483966392,
stable_medium_capacity,w05,2026-02-26,2026-02-27,2026-03-05,002436,0.01075268817204301,0.9591032064128256,-0.04880774962742174,-0.0005248145121228143,
stable_medium_capacity,w05,2026-02-26,2026-02-27,2026-03-05,688525,0.01075268817204301,0.9615330661322645,0.14656927314094115,0.001576013689687539,
stable_medium_capacity,w05,2026-02-26,2026-02-27,2026-03-05,688120,0.01075268817204301,0.8837650300601203,-0.09616558177379986,-0.0010340385136967725,
stable_medium_capacity,w05,2026-02-26,2026-02-27,2026-03-05,300395,0.01075268817204301,0.9652104208416834,-0.1272111982771882,-0.0013678623470665394,
stable_medium_capacity,w05,2026-02-26,2026-02-27,2026-03-05,002008,0.01075268817204301,0.9681913827655311,0.025243832472748196,0.0002714390588467548,
stable_medium_capacity,w05,2026-02-26,2026-02-27,2026-03-05,688122,0.01075268817204301,0.9704809619238477,0.0032228360957642366,3.465415156735738e-05,
stable_medium_capacity,w05,2026-02-26,2026-02-27,2026-03-05,603077,0.01075268817204301,0.9711272545090179,-0.037931034482758585,-0.0004078605858361138,
stable_medium_capacity,w05,2026-02-26,2026-02-27,2026-03-05,301536,0.01075268817204301,0.9718286573146293,-0.06954436450839341,-0.0007477888656816495,
stable_medium_capacity,w05,2026-02-26,2026-02-27,2026-03-05,000629,0.01075268817204301,0.9730360721442886,-0.017114914425427896,-0.00018403133790782683,
stable_medium_capacity,w05,2026-02-26,2026-02-27,2026-03-05,001389,0.01075268817204301,0.9749248496993987,-0.09620124075805225,-0.0010344219436349703,
stable_medium_capacity,w05,2026-02-26,2026-02-27,2026-03-05,601611,0.01075268817204301,0.975125250501002,0.03770086526576022,0.00040538564801892706,
stable_medium_capacity,w05,2026-02-26,2026-02-27,2026-03-05,688702,0.01075268817204301,0.9773947895791584,0.07658157602663707,0.0008234578067380329,
stable_medium_capacity,w05,2026-02-26,2026-02-27,2026-03-05,000426,0.01075268817204301,0.9384168336673346,-0.01898734177215189,-0.00020416496529195578,
stable_medium_capacity,w05,2026-02-26,2026-02-27,2026-03-05,300604,0.01075268817204301,0.9324699398797595,-0.11707152496626183,-0.0012588336017877616,
stable_medium_capacity,w05,2026-02-26,2026-02-27,2026-03-05,300919,0.01075268817204301,0.9317785571142285,-0.06993255236066742,-0.000751962928609327,
stable_medium_capacity,w05,2026-02-26,2026-02-27,2026-03-05,301308,0.01075268817204301,0.9302204408817636,-0.011707414695974139,-0.00012588617952660362,
stable_medium_capacity,w05,2026-02-26,2026-02-27,2026-03-05,601168,0.01075268817204301,0.8853356713426854,-0.03822222222222216,-0.00041099163679808766,
stable_medium_capacity,w05,2026-02-26,2026-02-27,2026-03-05,600977,0.01075268817204301,0.8854909819639278,-0.06993947545393409,-0.0007520373704724095,
stable_medium_capacity,w05,2026-02-26,2026-02-27,2026-03-05,601608,0.01075268817204301,0.8861798597194389,-0.08020050125313294,-0.0008623709812164832,
stable_medium_capacity,w05,2026-02-26,2026-02-27,2026-03-05,002739,0.01075268817204301,0.8862525050100201,-0.06684981684981683,-0.000718815234944267,
stable_medium_capacity,w05,2026-02-26,2026-02-27,2026-03-05,002414,0.01075268817204301,0.8884093186372746,-0.11916167664670652,-0.0012813083510398548,
stable_medium_capacity,w05,2026-02-26,2026-02-27,2026-03-05,688599,0.01075268817204301,0.8887875751503006,-0.08350622406638997,-0.0008979163878106447,
stable_medium_capacity,w05,2026-02-26,2026-02-27,2026-03-05,688361,0.01075268817204301,0.8891107214428857,-0.15326829268292674,-0.0016480461578809325,
stable_medium_capacity,w05,2026-02-26,2026-02-27,2026-03-05,300383,0.01075268817204301,0.8915055110220441,-0.09063444108761332,-0.0009745638826625087,
stable_medium_capacity,w05,2026-02-26,2026-02-27,2026-03-05,688709,0.01075268817204301,0.8989353707414829,-0.007966457023060869,-8.566082820495557e-05,
stable_medium_capacity,w05,2026-02-26,2026-02-27,2026-03-05,600516,0.01075268817204301,0.9004158316633266,0.15436241610738244,0.0016598109258858325,
stable_medium_capacity,w05,2026-02-26,2026-02-27,2026-03-05,300223,0.01075268817204301,0.9004258517034068,-0.11261813721953695,-0.0012109477120380316,
stable_medium_capacity,w05,2026-02-26,2026-02-27,2026-03-05,688347,0.01075268817204301,0.9024198396793588,-0.09749087236852316,-0.0010482889501991738,
stable_medium_capacity,w05,2026-02-26,2026-02-27,2026-03-05,601399,0.01075268817204301,0.9039128256513027,-0.041587901701323204,-0.0004471817387239054,
stable_medium_capacity,w05,2026-02-26,2026-02-27,2026-03-05,300748,0.01075268817204301,0.909809619238477,-0.07175572519083973,-0.000771566937535911,
stable_medium_capacity,w05,2026-02-26,2026-02-27,2026-03-05,000060,0.01075268817204301,0.9132014028056112,-0.019255455712451908,-0.00020704791088657962,
stable_medium_capacity,w05,2026-02-26,2026-02-27,2026-03-05,002851,0.01075268817204301,0.9169514028056114,0.02413188913666775,0.0002594826788889005,
stable_medium_capacity,w05,2026-02-26,2026-02-27,2026-03-05,688019,0.01075268817204301,0.9171417835671344,-0.1195190947666196,-0.001285151556630318,
stable_medium_capacity,w05,2026-02-26,2026-02-27,2026-03-05,300285,0.01075268817204301,0.9204008016032064,-0.029781420765027433,-0.00032023033080674654,
stable_medium_capacity,w05,2026-02-26,2026-02-27,2026-03-05,600096,0.01075268817204301,0.920741482965932,-0.08641975308641958,-0.0009292446568432213,
stable_medium_capacity,w05,2026-02-26,2026-02-27,2026-03-05,600959,0.01075268817204301,0.7928231462925852,-0.0673076923076924,-0.0007237386269644344,
balanced_extra_wide_capacity,w06,2026-03-05,2026-03-06,2026-03-12,600498,0.015625,0.9200901803607214,-0.022370970583054484,-0.0003495464153602263,
balanced_extra_wide_capacity,w06,2026-03-05,2026-03-06,2026-03-12,002738,0.015625,0.9181613226452906,-0.047826086956521685,-0.0007472826086956513,
balanced_extra_wide_capacity,w06,2026-03-05,2026-03-06,2026-03-12,002131,0.015625,0.8872995991983967,-0.0641773628938157,-0.0010027712952158704,
balanced_extra_wide_capacity,w06,2026-03-05,2026-03-06,2026-03-12,002185,0.015625,0.8872995991983967,-0.0231741573033708,-0.0003620962078651688,
balanced_extra_wide_capacity,w06,2026-03-05,2026-03-06,2026-03-12,002281,0.015625,0.8872995991983967,0.25215408008109463,0.003939907501267104,
balanced_extra_wide_capacity,w06,2026-03-05,2026-03-06,2026-03-12,300567,0.015625,0.8872995991983967,-0.08952069271152929,-0.0013987608236176452,
balanced_extra_wide_capacity,w06,2026-03-05,2026-03-06,2026-03-12,301536,0.015625,0.8872995991983967,-0.01997422680412364,-0.0003120972938144319,
balanced_extra_wide_capacity,w06,2026-03-05,2026-03-06,2026-03-12,600141,0.015625,0.8872995991983967,0.03329918032786905,0.0005202996926229539,
balanced_extra_wide_capacity,w06,2026-03-05,2026-03-06,2026-03-12,600435,0.015625,0.8872995991983967,-0.11135252580119503,-0.0017398832156436724,
balanced_extra_wide_capacity,w06,2026-03-05,2026-03-06,2026-03-12,601118,0.015625,0.8872995991983967,0.14090287277701785,0.002201607387140904,
balanced_extra_wide_capacity,w06,2026-03-05,2026-03-06,2026-03-12,601615,0.015625,0.8872995991983967,0.09601990049751241,0.0015003109452736314,
balanced_extra_wide_capacity,w06,2026-03-05,2026-03-06,2026-03-12,688676,0.015625,0.8872995991983967,-0.06542795018778413,-0.001022311721684127,
balanced_extra_wide_capacity,w06,2026-03-05,2026-03-06,2026-03-12,300757,0.015625,0.8793086172344688,-0.042416419912433834,-0.0006627565611317787,
balanced_extra_wide_capacity,w06,2026-03-05,2026-03-06,2026-03-12,601231,0.015625,0.8793086172344688,-0.05669481302774426,-0.0008858564535585041,
balanced_extra_wide_capacity,w06,2026-03-05,2026-03-06,2026-03-12,000039,0.015625,0.8660821643286574,-0.031203566121842607,-0.00048755572065379074,
balanced_extra_wide_capacity,w06,2026-03-05,2026-03-06,2026-03-12,000559,0.015625,0.8660821643286574,-0.01623740201567747,-0.0002537094064949605,
balanced_extra_wide_capacity,w06,2026-03-05,2026-03-06,2026-03-12,000738,0.015625,0.8660821643286574,-0.03979511426319926,-0.0006217986603624884,
balanced_extra_wide_capacity,w06,2026-03-05,2026-03-06,2026-03-12,002271,0.015625,0.8660821643286574,-0.02404692082111437,-0.00037573313782991204,
balanced_extra_wide_capacity,w06,2026-03-05,2026-03-06,2026-03-12,002414,0.015625,0.8660821643286574,-0.021753908905506436,-0.00033990482664853806,
balanced_extra_wide_capacity,w06,2026-03-05,2026-03-06,2026-03-12,002624,0.015625,0.8660821643286574,0.01945137157107224,0.00030392768079800375,
balanced_extra_wide_capacity,w06,2026-03-05,2026-03-06,2026-03-12,002756,0.015625,0.8660821643286574,0.04206695778748171,0.0006572962154294017,
balanced_extra_wide_capacity,w06,2026-03-05,2026-03-06,2026-03-12,300390,0.015625,0.8660821643286574,0.1413333333333333,0.002208333333333333,
balanced_extra_wide_capacity,w06,2026-03-05,2026-03-06,2026-03-12,600637,0.015625,0.8660821643286574,0.0037771482530690736,5.9017941454204276e-05,
balanced_extra_wide_capacity,w06,2026-03-05,2026-03-06,2026-03-12,600765,0.015625,0.8660821643286574,-0.055470737913486,-0.0008667302798982188,
balanced_extra_wide_capacity,w06,2026-03-05,2026-03-06,2026-03-12,601233,0.015625,0.8660821643286574,-0.059166293142088766,-0.000924473330345137,
balanced_extra_wide_capacity,w06,2026-03-05,2026-03-06,2026-03-12,603806,0.015625,0.8660821643286574,0.03606748109365898,0.0005635543920884216,
balanced_extra_wide_capacity,w06,2026-03-05,2026-03-06,2026-03-12,688361,0.015625,0.8660821643286574,-0.011982947344164163,-0.00018723355225256505,
balanced_extra_wide_capacity,w06,2026-03-05,2026-03-06,2026-03-12,002155,0.015625,0.8542334669338677,-0.0621101166259832,-0.0009704705722809875,
balanced_extra_wide_capacity,w06,2026-03-05,2026-03-06,2026-03-12,601106,0.015625,0.8534068136272545,-0.04251012145748989,-0.0006642206477732795,
balanced_extra_wide_capacity,w06,2026-03-05,2026-03-06,2026-03-12,002312,0.015625,0.8487224448897795,0.0007674597083653367,1.1991557943208386e-05,
balanced_extra_wide_capacity,w06,2026-03-05,2026-03-06,2026-03-12,002340,0.015625,0.8487224448897795,-0.025136612021858018,-0.00039275956284153153,
balanced_extra_wide_capacity,w06,2026-03-05,2026-03-06,2026-03-12,002080,0.015625,0.8872995991983967,-0.020021299254526226,-0.0003128328008519723,
balanced_extra_wide_capacity,w06,2026-03-05,2026-03-06,2026-03-12,002044,0.015625,0.8872995991983967,-0.017187500000000022,-0.00026855468750000035,
balanced_extra_wide_capacity,w06,2026-03-05,2026-03-06,2026-03-12,000021,0.015625,0.8872995991983967,-0.01076289965178856,-0.00016817030705919625,
balanced_extra_wide_capacity,w06,2026-03-05,2026-03-06,2026-03-12,002851,0.015625,0.9071392785571142,-0.06291313476942217,-0.0009830177307722215,
balanced_extra_wide_capacity,w06,2026-03-05,2026-03-06,2026-03-12,688027,0.015625,0.9181613226452906,-0.08714275682887429,-0.0013616055754511608,
balanced_extra_wide_capacity,w06,2026-03-05,2026-03-06,2026-03-12,002008,0.015625,0.9167835671342686,-0.010212646894236177,-0.00015957260772244027,
balanced_extra_wide_capacity,w06,2026-03-05,2026-03-06,2026-03-12,600118,0.015625,0.9159569138276553,-0.0346042934956744,-0.0005406920858699125,
balanced_extra_wide_capacity,w06,2026-03-05,2026-03-06,2026-03-12,600879,0.015625,0.9159569138276553,-0.04618320610687021,-0.0007216125954198471,
balanced_extra_wide_capacity,w06,2026-03-05,2026-03-06,2026-03-12,000960,0.015625,0.9148547094188377,-0.067251461988304,-0.00105080409356725,
balanced_extra_wide_capacity,w06,2026-03-05,2026-03-06,2026-03-12,600392,0.015625,0.9148547094188377,-0.055595408895265486,-0.0008686782639885232,
balanced_extra_wide_capacity,w06,2026-03-05,2026-03-06,2026-03-12,000060,0.015625,0.9071392785571142,-0.04319371727748689,-0.0006749018324607326,
balanced_extra_wide_capacity,w06,2026-03-05,2026-03-06,2026-03-12,000629,0.015625,0.9071392785571142,0.012437810945273853,0.00019434079601990395,
balanced_extra_wide_capacity,w06,2026-03-05,2026-03-06,2026-03-12,000878,0.015625,0.9071392785571142,-0.03641691084135623,-0.0005690142318961911,
balanced_extra_wide_capacity,w06,2026-03-05,2026-03-06,2026-03-12,002156,0.015625,0.9071392785571142,-0.05139230139230144,-0.00080300470925471,
balanced_extra_wide_capacity,w06,2026-03-05,2026-03-06,2026-03-12,002429,0.015625,0.9071392785571142,0.06164383561643816,0.0009631849315068462,
balanced_extra_wide_capacity,w06,2026-03-05,2026-03-06,2026-03-12,002436,0.015625,0.9071392785571142,-0.07324716020368194,-0.0011444868781825303,
balanced_extra_wide_capacity,w06,2026-03-05,2026-03-06,2026-03-12,002465,0.015625,0.9071392785571142,-0.025596276905177517,-0.0003999418266433987,
balanced_extra_wide_capacity,w06,2026-03-05,2026-03-06,2026-03-12,300223,0.015625,0.9071392785571142,-0.026016260162601612,-0.0004065040650406502,
balanced_extra_wide_capacity,w06,2026-03-05,2026-03-06,2026-03-12,300058,0.015625,0.8919839679358718,-0.05889423076923084,-0.0009202223557692318,
balanced_extra_wide_capacity,w06,2026-03-05,2026-03-06,2026-03-12,300919,0.015625,0.9071392785571142,0.021946564885496178,0.0003429150763358778,
balanced_extra_wide_capacity,w06,2026-03-05,2026-03-06,2026-03-12,600497,0.015625,0.9071392785571142,-0.003992015968063756,-6.237524950099618e-05,
balanced_extra_wide_capacity,w06,2026-03-05,2026-03-06,2026-03-12,601168,0.015625,0.9071392785571142,-0.05884165126309304,-0.0009194008009858288,
balanced_extra_wide_capacity,w06,2026-03-05,2026-03-06,2026-03-12,601611,0.015625,0.9071392785571142,0.0399047051816559,0.0006235110184633734,
balanced_extra_wide_capacity,w06,2026-03-05,2026-03-06,2026-03-12,603077,0.015625,0.9071392785571142,0.19354838709677424,0.0030241935483870976,
balanced_extra_wide_capacity,w06,2026-03-05,2026-03-06,2026-03-12,605358,0.015625,0.9071392785571142,-0.017310252996005304,-0.0002704727030625829,
balanced_extra_wide_capacity,w06,2026-03-05,2026-03-06,2026-03-12,688385,0.015625,0.9071392785571142,-0.14409257003654075,-0.002251446406820949,
balanced_extra_wide_capacity,w06,2026-03-05,2026-03-06,2026-03-12,000831,0.015625,0.900250501002004,-0.07125727989037345,-0.0011133949982870851,
balanced_extra_wide_capacity,w06,2026-03-05,2026-03-06,2026-03-12,688220,0.015625,0.8985971943887776,-0.01876286163902674,-0.0002931697131097928,
balanced_extra_wide_capacity,w06,2026-03-05,2026-03-06,2026-03-12,688387,0.015625,0.8980460921843687,-0.017307692307692246,-0.00027043269230769135,
balanced_extra_wide_capacity,w06,2026-03-05,2026-03-06,2026-03-12,600516,0.015625,0.8963927855711422,0.033430232558139705,0.0005223473837209329,
balanced_extra_wide_capacity,w06,2026-03-05,2026-03-06,2026-03-12,601399,0.015625,0.8963927855711422,-0.03747534516765294,-0.0005855522682445772,
balanced_extra_wide_capacity,w06,2026-03-05,2026-03-06,2026-03-12,688568,0.015625,0.8944639278557114,-0.09010416666666665,-0.0014078776041666664,
balanced_extra_wide_capacity,w06,2026-03-05,2026-03-06,2026-03-12,600378,0.015625,0.8454158316633267,-0.0612024804529524,-0.0009562887570773813,
balanced_medium_current,w06,2026-03-05,2026-03-06,2026-03-12,688220,0.020408163265306124,1.0,-0.01876286163902674,-0.000382915543653607,
balanced_medium_current,w06,2026-03-05,2026-03-06,2026-03-12,300223,0.020408163265306124,0.9348697394789579,-0.026016260162601612,-0.0005309440849510533,
balanced_medium_current,w06,2026-03-05,2026-03-06,2026-03-12,300919,0.020408163265306124,0.9348697394789579,0.021946564885496178,0.00044788907929584044,
balanced_medium_current,w06,2026-03-05,2026-03-06,2026-03-12,600497,0.020408163265306124,0.9348697394789579,-0.003992015968063756,-8.14697136339542e-05,
balanced_medium_current,w06,2026-03-05,2026-03-06,2026-03-12,601168,0.020408163265306124,0.9348697394789579,-0.05884165126309304,-0.0012008500257774091,
balanced_medium_current,w06,2026-03-05,2026-03-06,2026-03-12,601611,0.020408163265306124,0.9348697394789579,0.0399047051816559,0.0008143817384011409,
balanced_medium_current,w06,2026-03-05,2026-03-06,2026-03-12,603920,0.020408163265306124,0.9348697394789579,0.009390503189227628,0.0001916429222291353,
balanced_medium_current,w06,2026-03-05,2026-03-06,2026-03-12,688002,0.020408163265306124,0.9348697394789579,-0.003920104536121016,-8.000213339022483e-05,
balanced_medium_current,w06,2026-03-05,2026-03-06,2026-03-12,688027,0.020408163265306124,0.9348697394789579,-0.08714275682887429,-0.0017784236087525368,
balanced_medium_current,w06,2026-03-05,2026-03-06,2026-03-12,688122,0.020408163265306124,0.9348697394789579,-0.09385039008719587,-0.0019153140834121606,
balanced_medium_current,w06,2026-03-05,2026-03-06,2026-03-12,688385,0.020408163265306124,0.9348697394789579,-0.14409257003654075,-0.0029406646946232807,
balanced_medium_current,w06,2026-03-05,2026-03-06,2026-03-12,000426,0.020408163265306124,0.9148296593186372,-0.046529814271749625,-0.0009495880463622373,
balanced_medium_current,w06,2026-03-05,2026-03-06,2026-03-12,000960,0.020408163265306124,0.9148296593186372,-0.067251461988304,-0.001372478816087837,
balanced_medium_current,w06,2026-03-05,2026-03-06,2026-03-12,600299,0.020408163265306124,0.9118236472945892,0.12637362637362637,0.0025790535994617628,
balanced_medium_current,w06,2026-03-05,2026-03-06,2026-03-12,600392,0.020408163265306124,0.9098196392785571,-0.055595408895265486,-0.0011346001815360305,
balanced_medium_current,w06,2026-03-05,2026-03-06,2026-03-12,688297,0.020408163265306124,0.9078156312625251,-0.11672838512316852,-0.002382211941289154,
balanced_medium_current,w06,2026-03-05,2026-03-06,2026-03-12,688281,0.020408163265306124,0.905811623246493,-0.06281379002566101,-0.0012819140821563471,
balanced_medium_current,w06,2026-03-05,2026-03-06,2026-03-12,000997,0.020408163265306124,0.9028056112224448,0.0017406440382941035,3.552334772028783e-05,
balanced_medium_current,w06,2026-03-05,2026-03-06,2026-03-12,688561,0.020408163265306124,0.9028056112224448,0.06976029502151215,0.001423679490234942,
balanced_medium_current,w06,2026-03-05,2026-03-06,2026-03-12,002851,0.020408163265306124,0.8997995991983968,-0.06291313476942217,-0.001283941525906575,
balanced_medium_current,w06,2026-03-05,2026-03-06,2026-03-12,000831,0.020408163265306124,0.8977955911823647,-0.07125727989037345,-0.0014542302018443563,
balanced_medium_current,w06,2026-03-05,2026-03-06,2026-03-12,002739,0.020408163265306124,0.8957915831663327,-0.011776251226692791,-0.000240331657687608,
balanced_medium_current,w06,2026-03-05,2026-03-06,2026-03-12,300567,0.020408163265306124,0.8937875751503006,-0.08952069271152929,-0.0018269529124801899,
balanced_medium_current,w06,2026-03-05,2026-03-06,2026-03-12,300604,0.020408163265306124,0.9348697394789579,-0.04784103935804351,-0.0009763477420008882,
balanced_medium_current,w06,2026-03-05,2026-03-06,2026-03-12,003031,0.020408163265306124,0.9348697394789579,0.044114032931924285,0.0009002863863658018,
balanced_medium_current,w06,2026-03-05,2026-03-06,2026-03-12,600487,0.020408163265306124,0.9979959919839679,0.010216110019646507,0.00020849204121727567,
balanced_medium_current,w06,2026-03-05,2026-03-06,2026-03-12,002738,0.020408163265306124,0.9348697394789579,-0.047826086956521685,-0.0009760425909494222,
balanced_medium_current,w06,2026-03-05,2026-03-06,2026-03-12,603688,0.020408163265306124,0.9959919839679359,-0.04242081447963797,-0.0008657309077477137,
balanced_medium_current,w06,2026-03-05,2026-03-06,2026-03-12,601179,0.020408163265306124,0.9939879759519038,0.029265599116510277,0.0005972571248267404,
balanced_medium_current,w06,2026-03-05,2026-03-06,2026-03-12,000039,0.020408163265306124,0.9919839679358717,-0.031203566121842607,-0.000636807471874339,
balanced_medium_current,w06,2026-03-05,2026-03-06,2026-03-12,603160,0.020408163265306124,0.9879759519038076,-0.0015214384508990264,-3.1049764304061765e-05,
balanced_medium_current,w06,2026-03-05,2026-03-06,2026-03-12,600060,0.020408163265306124,0.9859719438877755,0.0036150022593763875,7.377555631380384e-05,
balanced_medium_current,w06,2026-03-05,2026-03-06,2026-03-12,003035,0.020408163265306124,0.9839679358717435,0.1830357142857142,0.00373542274052478,
balanced_medium_current,w06,2026-03-05,2026-03-06,2026-03-12,688375,0.020408163265306124,0.9759519038076152,0.010763123070136826,0.00021965557285993524,
balanced_medium_current,w06,2026-03-05,2026-03-06,2026-03-12,688608,0.020408163265306124,0.9739478957915831,-0.020397179914966812,-0.0004162689778564656,
balanced_medium_current,w06,2026-03-05,2026-03-06,2026-03-12,600737,0.020408163265306124,0.9719438877755511,0.046052631578947345,0.00093984962406015,
balanced_medium_current,w06,2026-03-05,2026-03-06,2026-03-12,002126,0.020408163265306124,0.969939879759519,-0.07254290171606859,-0.0014804673819605835,
balanced_medium_current,w06,2026-03-05,2026-03-06,2026-03-12,601106,0.020408163265306124,0.9639278557114228,-0.04251012145748989,-0.0008675534991324468,
balanced_medium_current,w06,2026-03-05,2026-03-06,2026-03-12,603077,0.020408163265306124,0.9619238476953907,0.19354838709677424,0.003949967083607638,
balanced_medium_current,w06,2026-03-05,2026-03-06,2026-03-12,300285,0.020408163265306124,0.9599198396793587,0.08194874683187847,0.0016724234047322138,
balanced_medium_current,w06,2026-03-05,2026-03-06,2026-03-12,605358,0.020408163265306124,0.9579158316633266,-0.017310252996005304,-0.00035327046930623074,
balanced_medium_current,w06,2026-03-05,2026-03-06,2026-03-12,002436,0.020408163265306124,0.9549098196392786,-0.07324716020368194,-0.0014948400041567744,
balanced_medium_current,w06,2026-03-05,2026-03-06,2026-03-12,600516,0.020408163265306124,0.9549098196392786,0.033430232558139705,0.0006822496440436675,
balanced_medium_current,w06,2026-03-05,2026-03-06,2026-03-12,000060,0.020408163265306124,0.9348697394789579,-0.04319371727748689,-0.0008815044342344264,
balanced_medium_current,w06,2026-03-05,2026-03-06,2026-03-12,000629,0.020408163265306124,0.9348697394789579,0.012437810945273853,0.0002538328764341603,
balanced_medium_current,w06,2026-03-05,2026-03-06,2026-03-12,000878,0.020408163265306124,0.9348697394789579,-0.03641691084135623,-0.0007432022620684946,
balanced_medium_current,w06,2026-03-05,2026-03-06,2026-03-12,002156,0.020408163265306124,0.9348697394789579,-0.05139230139230144,-0.001048822477393907,
balanced_medium_current,w06,2026-03-05,2026-03-06,2026-03-12,002429,0.020408163265306124,0.9348697394789579,0.06164383561643816,0.0012580374615599626,
balanced_medium_current,w06,2026-03-05,2026-03-06,2026-03-12,000958,0.020408163265306124,0.8917835671342685,0.03731343283582089,0.0007614986293024672,
economic_medium_capacity,w06,2026-03-05,2026-03-06,2026-03-12,603688,0.036000000004219955,0.9999679358717435,-0.04242081447963797,-0.0015271493214459807,
economic_medium_capacity,w06,2026-03-05,2026-03-06,2026-03-12,000878,0.036000000004219955,0.9799458917835672,-0.03641691084135623,-0.001311008790442502,
economic_medium_capacity,w06,2026-03-05,2026-03-06,2026-03-12,002429,0.036000000004219955,0.9959318637274549,0.06164383561643816,0.0022191780824519078,
economic_medium_capacity,w06,2026-03-05,2026-03-06,2026-03-12,300058,0.036000000004219955,0.9680801603206413,-0.05889423076923084,-0.002120192307940841,
economic_medium_capacity,w06,2026-03-05,2026-03-06,2026-03-12,300454,0.036000000004219955,0.9716513026052104,0.07749331954141869,0.002789759503818091,
economic_medium_capacity,w06,2026-03-05,2026-03-06,2026-03-12,601168,0.036000000004219955,0.9738476953907815,-0.05884165126309304,-0.002118299445719659,
economic_medium_capacity,w06,2026-03-05,2026-03-06,2026-03-12,688375,0.036000000004219955,0.9759639278557114,0.010763123070136826,0.00038747243057034563,
economic_medium_capacity,w06,2026-03-05,2026-03-06,2026-03-12,300136,0.036000000004219955,0.9760961923847695,-0.04104691075514877,-0.0014776887873585718,
economic_medium_capacity,w06,2026-03-05,2026-03-06,2026-03-12,000426,0.036000000004219955,0.981811623246493,-0.046529814271749625,-0.0016750733139793402,
economic_medium_capacity,w06,2026-03-05,2026-03-06,2026-03-12,000060,0.036000000004219955,0.9838476953907815,-0.04319371727748689,-0.0015549738221718036,
economic_medium_capacity,w06,2026-03-05,2026-03-06,2026-03-12,600487,0.036000000004219955,0.9858797595190381,0.010216110019646507,0.00036777996075038576,
economic_medium_capacity,w06,2026-03-05,2026-03-06,2026-03-12,688027,0.036000000004219955,0.9878837675350701,-0.08714275682887429,-0.0031371392462072128,
economic_medium_capacity,w06,2026-03-05,2026-03-06,2026-03-12,600497,0.036000000004219955,0.9898476953907815,-0.003992015968063756,-0.00014371257486714133,
economic_medium_capacity,w06,2026-03-05,2026-03-06,2026-03-12,002008,0.036000000004219955,0.991815631262525,-0.010212646894236177,-0.0003676552882355993,
economic_medium_capacity,w06,2026-03-05,2026-03-06,2026-03-12,688347,0.036000000004219955,0.9538677354709418,0.08968841452917875,0.003228782923428916,
economic_medium_capacity,w06,2026-03-05,2026-03-06,2026-03-12,605358,0.036000000000000004,0.9559879759519038,-0.017310252996005304,-0.000623169107856191,
economic_medium_capacity,w06,2026-03-05,2026-03-06,2026-03-12,300223,0.036000000000000004,0.9478196392785571,-0.026016260162601612,-0.0009365853658536581,
economic_medium_capacity,w06,2026-03-05,2026-03-06,2026-03-12,002851,0.036000000000000004,0.9497635270541082,-0.06291313476942217,-0.0022648728516991984,
economic_medium_capacity,w06,2026-03-05,2026-03-06,2026-03-12,600516,0.036000000000000004,0.9519158316633266,0.033430232558139705,0.0012034883720930295,
economic_medium_capacity,w06,2026-03-05,2026-03-06,2026-03-12,688220,0.036000000000000004,0.9659959919839679,-0.01876286163902674,-0.0006754630190049627,
economic_medium_capacity,w06,2026-03-05,2026-03-06,2026-03-12,600392,0.036000000000000004,0.9578917835671342,-0.055595408895265486,-0.0020014347202295577,
economic_medium_capacity,w06,2026-03-05,2026-03-06,2026-03-12,300285,0.036000000000000004,0.9598476953907815,0.08194874683187847,0.002950154885947625,
economic_medium_capacity,w06,2026-03-05,2026-03-06,2026-03-12,002195,0.036000000000000004,0.9619118236472946,-0.03648269410664162,-0.0013133769878390985,
economic_medium_capacity,w06,2026-03-05,2026-03-06,2026-03-12,300395,0.036000000000000004,0.9630781563126252,-0.006080366584420127,-0.0002188931970391246,
economic_medium_capacity,w06,2026-03-05,2026-03-06,2026-03-12,603920,0.036000000000000004,0.9678476953907815,0.009390503189227628,0.00033805811481219466,
economic_medium_capacity,w06,2026-03-05,2026-03-06,2026-03-12,601231,0.03333333331223356,0.9443046092184368,-0.05669481302774426,-0.0018898270997285609,
economic_medium_capacity,w06,2026-03-05,2026-03-06,2026-03-12,300724,0.02666666664978681,0.9439458917835672,0.034319733846962075,0.0009151929020063431,
economic_medium_capacity,w06,2026-03-05,2026-03-06,2026-03-12,002353,0.019999999987340117,0.9417835671342686,-0.12105988169516246,-0.0024211976323706454,
economic_medium_capacity,w06,2026-03-05,2026-03-06,2026-03-12,300604,0.013333333324893405,0.9399078156312626,-0.04784103935804351,-0.0006378805243701385,
economic_medium_capacity,w06,2026-03-05,2026-03-06,2026-03-12,300857,0.0066666666624467024,0.9379759519038077,-0.003650793650793571,-2.4338624323217588e-05,
recent_compact_capacity,w06,2026-03-05,2026-03-06,2026-03-12,688027,0.032972380952380954,0.995065130260521,-0.08714275682887429,-0.00287330417540234,
recent_compact_capacity,w06,2026-03-05,2026-03-06,2026-03-12,600392,0.032972380952380954,0.9696092184368738,-0.055595408895265486,-0.0018331130012980824,
recent_compact_capacity,w06,2026-03-05,2026-03-06,2026-03-12,688172,0.032972380952380954,0.9237675350701403,0.12395355117472318,0.00408704370973342,
recent_compact_capacity,w06,2026-03-05,2026-03-06,2026-03-12,601179,0.032972380952380954,0.9398597194388777,0.029265599116510277,0.0009649564828692404,
recent_compact_capacity,w06,2026-03-05,2026-03-06,2026-03-12,688297,0.032972380952380954,0.9437274549098196,-0.11672838512316852,-0.00384881278223735,
recent_compact_capacity,w06,2026-03-05,2026-03-06,2026-03-12,002353,0.032972380952380954,0.9440531062124248,-0.12105988169516246,-0.003991632537303067,
recent_compact_capacity,w06,2026-03-05,2026-03-06,2026-03-12,002429,0.032972380952380954,0.9940731462925851,0.06164383561643816,0.0020325440313111484,
recent_compact_capacity,w06,2026-03-05,2026-03-06,2026-03-12,002414,0.032972380952380954,0.9613476953907815,-0.021753908905506436,-0.0007172781716357509,
recent_compact_capacity,w06,2026-03-05,2026-03-06,2026-03-12,300390,0.032972380952380954,0.9654208416833667,0.1413333333333333,0.004660096507936508,
recent_compact_capacity,w06,2026-03-05,2026-03-06,2026-03-12,688361,0.032972380952380954,0.9688927855711422,-0.011982947344164163,-0.0003951063047641024,
recent_compact_capacity,w06,2026-03-05,2026-03-06,2026-03-12,603225,0.032972380952380954,0.9605761523046091,-0.04612159329140453,-0.0015207387441349678,
recent_compact_capacity,w06,2026-03-05,2026-03-06,2026-03-12,600516,0.032972380952380954,0.9739078156312625,0.033430232558139705,0.0011022743632336713,
recent_compact_capacity,w06,2026-03-05,2026-03-06,2026-03-12,603920,0.032972380952380954,0.9747394789579157,0.009390503189227628,0.0003096272484897616,
recent_compact_capacity,w06,2026-03-05,2026-03-06,2026-03-12,603688,0.032972380952380954,0.9940480961923848,-0.04242081447963797,-0.0013987152553329011,
recent_compact_capacity,w06,2026-03-05,2026-03-06,2026-03-12,000703,0.032972380952380954,0.9910120240480961,-0.04660045836516424,-0.0015365280657717631,
recent_compact_capacity,w06,2026-03-05,2026-03-06,2026-03-12,600312,0.032972380952380954,0.9829058116232465,-0.037636584378794025,-0.0012409677978840266,
recent_compact_capacity,w06,2026-03-05,2026-03-06,2026-03-12,600299,0.032972380952380954,0.9808416833667334,0.12637362637362637,0.004166839351125065,
recent_compact_capacity,w06,2026-03-05,2026-03-06,2026-03-12,600968,0.032972380952380954,0.9236372745490982,-0.07456978967495231,-0.002458743512701452,
recent_compact_capacity,w06,2026-03-05,2026-03-06,2026-03-12,002195,0.032972380952380954,0.978627254509018,-0.03648269410664162,-0.001202921288253371,
recent_compact_capacity,w06,2026-03-05,2026-03-06,2026-03-12,688615,0.032972380952380954,0.9772745490981963,-0.029329962073324944,-0.0009670786828005552,
recent_compact_capacity,w06,2026-03-05,2026-03-06,2026-03-12,688347,0.032972380952380954,0.9749599198396792,0.08968841452917875,0.0029572405708711406,
recent_compact_capacity,w06,2026-03-05,2026-03-06,2026-03-12,003035,0.030758,0.9544689378757515,0.1830357142857142,0.005629812499999997,
recent_compact_capacity,w06,2026-03-05,2026-03-06,2026-03-12,000426,0.030758,0.9537775551102203,-0.046529814271749625,-0.001431164027370475,
recent_compact_capacity,w06,2026-03-05,2026-03-06,2026-03-12,000738,0.030758,0.9519288577154308,-0.03979511426319926,-0.0012240181245074828,
recent_compact_capacity,w06,2026-03-05,2026-03-06,2026-03-12,000559,0.030758,0.9562074148296592,-0.01623740201567747,-0.0004994300111982077,
recent_compact_capacity,w06,2026-03-05,2026-03-06,2026-03-12,000039,0.030758,0.9486272545090181,-0.031203566121842607,-0.000959759286775635,
recent_compact_capacity,w06,2026-03-05,2026-03-06,2026-03-12,601958,0.030758,0.9445140280561122,-0.08792965627497995,-0.0027045403677058333,
recent_compact_capacity,w06,2026-03-05,2026-03-06,2026-03-12,000960,0.030758,0.9604909819639277,-0.067251461988304,-0.002068520467836255,
recent_compact_capacity,w06,2026-03-05,2026-03-06,2026-03-12,002756,0.030758,0.9428757515030061,0.04206695778748171,0.0012938954876273623,
recent_compact_capacity,w06,2026-03-05,2026-03-06,2026-03-12,688777,0.030758,0.9331412825651302,-0.060730351944959016,-0.0018679441651230494,
recent_compact_capacity,w06,2026-03-05,2026-03-06,2026-03-12,600871,0.030758,0.9492184368737474,-0.1428571428571429,-0.004394000000000001,
recent_compact_current,w06,2026-03-05,2026-03-06,2026-03-12,601061,0.027027027027027035,0.9647294589178357,-0.06535057862491489,-0.00176623185472743,
recent_compact_current,w06,2026-03-05,2026-03-06,2026-03-12,000629,0.027027027027027035,0.926002004008016,0.012437810945273853,0.0003361570525749691,
recent_compact_current,w06,2026-03-05,2026-03-06,2026-03-12,688347,0.027027027027027035,0.9148547094188377,0.08968841452917875,0.002424011203491318,
recent_compact_current,w06,2026-03-05,2026-03-06,2026-03-12,688777,0.027027027027027035,0.9136022044088177,-0.060730351944959016,-0.0016413608633772713,
recent_compact_current,w06,2026-03-05,2026-03-06,2026-03-12,000960,0.027027027027027035,0.9119488977955913,-0.067251461988304,-0.0018176070807649736,
recent_compact_current,w06,2026-03-05,2026-03-06,2026-03-12,000559,0.027027027027027035,0.9094689378757516,-0.01623740201567747,-0.0004388487031264183,
recent_compact_current,w06,2026-03-05,2026-03-06,2026-03-12,300223,0.027027027027027035,0.9094689378757516,-0.026016260162601612,-0.0007031421665568005,
recent_compact_current,w06,2026-03-05,2026-03-06,2026-03-12,300567,0.027027027027027035,0.9084669338677356,-0.08952069271152929,-0.0024194781813926844,
recent_compact_current,w06,2026-03-05,2026-03-06,2026-03-12,603688,0.027027027027027035,0.9075400801603206,-0.04242081447963797,-0.0011465084994496753,
recent_compact_current,w06,2026-03-05,2026-03-06,2026-03-12,002064,0.027027027027027035,0.9069889779559119,-0.07435254803675861,-0.002009528325317801,
recent_compact_current,w06,2026-03-05,2026-03-06,2026-03-12,688234,0.027027027027027035,0.9054108216432866,0.014407814407814357,0.00038940038940038816,
recent_compact_current,w06,2026-03-05,2026-03-06,2026-03-12,300390,0.027027027027027035,0.9046593186372746,0.1413333333333333,0.0038198198198198204,
recent_compact_current,w06,2026-03-05,2026-03-06,2026-03-12,001389,0.027027027027027035,0.9045090180360722,0.12740949694405268,0.0034434999174068302,
recent_compact_current,w06,2026-03-05,2026-03-06,2026-03-12,601958,0.027027027027027035,0.9045090180360722,-0.08792965627497995,-0.0023764771966210806,
recent_compact_current,w06,2026-03-05,2026-03-06,2026-03-12,300058,0.027027027027027035,0.9026052104208416,-0.05889423076923084,-0.001591735966735969,
recent_compact_current,w06,2026-03-05,2026-03-06,2026-03-12,002203,0.027027027027027035,0.9004258517034068,-0.030021443888491817,-0.0008113903753646439,
recent_compact_current,w06,2026-03-05,2026-03-06,2026-03-12,605358,0.027027027027027035,0.9003757515030061,-0.017310252996005304,-0.00046784467556771107,
recent_compact_current,w06,2026-03-05,2026-03-06,2026-03-12,688361,0.027027027027027035,0.926002004008016,-0.011982947344164163,-0.0003238634417341667,
recent_compact_current,w06,2026-03-05,2026-03-06,2026-03-12,603920,0.027027027027027035,0.9284819639278556,0.009390503189227628,0.0002537973834926387,
recent_compact_current,w06,2026-03-05,2026-03-06,2026-03-12,000060,0.027027027027027035,0.9607214428857717,-0.04319371727748689,-0.0011673977642564027,
recent_compact_current,w06,2026-03-05,2026-03-06,2026-03-12,600299,0.027027027027027035,0.9293587174348698,0.12637362637362637,0.0034155034155034163,
recent_compact_current,w06,2026-03-05,2026-03-06,2026-03-12,000878,0.027027027027027035,0.9607214428857717,-0.03641691084135623,-0.0009842408335501687,
recent_compact_current,w06,2026-03-05,2026-03-06,2026-03-12,002008,0.027027027027027035,0.9568637274549098,-0.010212646894236177,-0.00027601748362800487,
recent_compact_current,w06,2026-03-05,2026-03-06,2026-03-12,600497,0.027027027027027035,0.9565881763527054,-0.003992015968063756,-0.00010789232346118262,
recent_compact_current,w06,2026-03-05,2026-03-06,2026-03-12,000426,0.027027027027027035,0.9549348697394789,-0.046529814271749625,-0.0012575625478851253,
recent_compact_current,w06,2026-03-05,2026-03-06,2026-03-12,688027,0.027027027027027035,0.9542835671342685,-0.08714275682887429,-0.00235520964402363,
recent_compact_current,w06,2026-03-05,2026-03-06,2026-03-12,601168,0.027027027027027035,0.9532815631262526,-0.05884165126309304,-0.0015903148990025152,
recent_compact_current,w06,2026-03-05,2026-03-06,2026-03-12,003035,0.027027027027027035,0.9517284569138276,0.1830357142857142,0.004946911196911196,
recent_compact_current,w06,2026-03-05,2026-03-06,2026-03-12,000933,0.027027027027027035,0.9499749498997996,0.04851157662624028,0.001311123692601089,
recent_compact_current,w06,2026-03-05,2026-03-06,2026-03-12,002532,0.027027027027027035,0.9483216432865732,0.015112037519541488,0.0004084334464740944,
recent_compact_current,w06,2026-03-05,2026-03-06,2026-03-12,002429,0.027027027027027035,0.945566132264529,0.06164383561643816,0.0016660496112550858,
recent_compact_current,w06,2026-03-05,2026-03-06,2026-03-12,600871,0.027027027027027035,0.9450150300601202,-0.1428571428571429,-0.0038610038610038637,
recent_compact_current,w06,2026-03-05,2026-03-06,2026-03-12,002353,0.027027027027027035,0.9440130260521042,-0.12105988169516246,-0.0032718886944638516,
recent_compact_current,w06,2026-03-05,2026-03-06,2026-03-12,000703,0.027027027027027035,0.9422595190380763,-0.04660045836516424,-0.0012594718477071422,
recent_compact_current,w06,2026-03-05,2026-03-06,2026-03-12,600392,0.027027027027027035,0.9384018036072145,-0.055595408895265486,-0.0015025786187909595,
recent_compact_current,w06,2026-03-05,2026-03-06,2026-03-12,002756,0.027027027027027035,0.9350951903807615,0.04206695778748171,0.0011369448050670735,
recent_compact_current,w06,2026-03-05,2026-03-06,2026-03-12,600884,0.027027027027027035,0.8979709418837675,0.0,0.0,
short_aggressive_compact_capacity,w06,2026-03-05,2026-03-06,2026-03-12,600487,0.03225806451612904,0.9886312625250501,0.010216110019646507,0.0003295519361176293,
short_aggressive_compact_capacity,w06,2026-03-05,2026-03-06,2026-03-12,000967,0.03225806451612904,0.9403567134268537,0.13970588235294135,0.004506641366223915,
short_aggressive_compact_capacity,w06,2026-03-05,2026-03-06,2026-03-12,600369,0.03225806451612904,0.9022705410821644,0.02088167053364276,0.0006736022752787988,
short_aggressive_compact_capacity,w06,2026-03-05,2026-03-06,2026-03-12,603589,0.03225806451612904,0.9027074148296593,0.017843583902809268,0.000575599480735783,
short_aggressive_compact_capacity,w06,2026-03-05,2026-03-06,2026-03-12,600171,0.03225806451612904,0.9063116232464931,0.03974184782608692,0.0012819950911640945,
short_aggressive_compact_capacity,w06,2026-03-05,2026-03-06,2026-03-12,601966,0.03225806451612904,0.9069669338677355,0.016393442622950838,0.0005288207297726077,
short_aggressive_compact_capacity,w06,2026-03-05,2026-03-06,2026-03-12,688322,0.03225806451612904,0.9070556112224449,-0.028561270443232978,-0.0009213313046204188,
short_aggressive_compact_capacity,w06,2026-03-05,2026-03-06,2026-03-12,600332,0.03225806451612904,0.9100250501002004,0.01845906902086658,0.000595453839382793,
short_aggressive_compact_capacity,w06,2026-03-05,2026-03-06,2026-03-12,688213,0.03225806451612904,0.916557615230461,-0.05173951828724355,-0.0016690167189433406,
short_aggressive_compact_capacity,w06,2026-03-05,2026-03-06,2026-03-12,601577,0.03225806451612904,0.9165781563126253,0.01572327044025168,0.0005072022722661833,
short_aggressive_compact_capacity,w06,2026-03-05,2026-03-06,2026-03-12,000958,0.03225806451612904,0.919745490981964,0.03731343283582089,0.001203659123736158,
short_aggressive_compact_capacity,w06,2026-03-05,2026-03-06,2026-03-12,688582,0.03225806451612904,0.934687875751503,0.06977132365214511,0.002250687859746617,
short_aggressive_compact_capacity,w06,2026-03-05,2026-03-06,2026-03-12,002008,0.03225806451612904,0.9348957915831663,-0.010212646894236177,-0.00032944022239471545,
short_aggressive_compact_capacity,w06,2026-03-05,2026-03-06,2026-03-12,600498,0.03225806451612904,0.9374078156312625,-0.022370970583054484,-0.0007216442123565964,
short_aggressive_compact_capacity,w06,2026-03-05,2026-03-06,2026-03-12,601212,0.03225806451612904,0.9394298597194388,-0.05079681274900394,-0.001638606862871095,
short_aggressive_compact_capacity,w06,2026-03-05,2026-03-06,2026-03-12,688615,0.03225806451612904,0.9506793587174348,-0.029329962073324944,-0.0009461278088169338,
short_aggressive_compact_capacity,w06,2026-03-05,2026-03-06,2026-03-12,603688,0.03225806451612904,0.9880851703406813,-0.04242081447963797,-0.0013684133703109026,
short_aggressive_compact_capacity,w06,2026-03-05,2026-03-06,2026-03-12,600988,0.03225806451612904,0.9513346693386773,0.049826474962816114,0.0016073056439618104,
short_aggressive_compact_capacity,w06,2026-03-05,2026-03-06,2026-03-12,300136,0.03225806451612904,0.9600721442885771,-0.04104691075514877,-0.0013240938953273799,
short_aggressive_compact_capacity,w06,2026-03-05,2026-03-06,2026-03-12,600968,0.03225806451612904,0.961435871743487,-0.07456978967495231,-0.0024054770862887848,
short_aggressive_compact_capacity,w06,2026-03-05,2026-03-06,2026-03-12,301308,0.03225806451612904,0.9624749498997995,0.07661154235572054,0.0024713400759909855,
short_aggressive_compact_capacity,w06,2026-03-05,2026-03-06,2026-03-12,605589,0.03225806451612904,0.9634018036072144,-0.028538483712885365,-0.0009205962488027539,
short_aggressive_compact_capacity,w06,2026-03-05,2026-03-06,2026-03-12,300001,0.03225806451612904,0.9636202404809618,0.04126370083816888,0.0013310871238118996,
short_aggressive_compact_capacity,w06,2026-03-05,2026-03-06,2026-03-12,688347,0.03225806451612904,0.9670621242484969,0.08968841452917875,0.002893174662231573,
short_aggressive_compact_capacity,w06,2026-03-05,2026-03-06,2026-03-12,000426,0.03225806451612904,0.9671713426853707,-0.046529814271749625,-0.001500961750701601,
short_aggressive_compact_capacity,w06,2026-03-05,2026-03-06,2026-03-12,600339,0.03225806451612904,0.9695180360721443,-0.06846473029045641,-0.002208539686788917,
short_aggressive_compact_capacity,w06,2026-03-05,2026-03-06,2026-03-12,600517,0.03225806451612904,0.9742144288577154,0.01763907734056991,0.000569002494857094,
short_aggressive_compact_capacity,w06,2026-03-05,2026-03-06,2026-03-12,600312,0.03225806451612904,0.9778186372745491,-0.037636584378794025,-0.001214083367057872,
short_aggressive_compact_capacity,w06,2026-03-05,2026-03-06,2026-03-12,688297,0.03225806451612904,0.9815320641282564,-0.11672838512316852,-0.0037654317781667273,
short_aggressive_compact_capacity,w06,2026-03-05,2026-03-06,2026-03-12,600516,0.03225806451612904,0.9849178356713426,0.033430232558139705,0.0010783945986496681,
short_aggressive_compact_capacity,w06,2026-03-05,2026-03-06,2026-03-12,600820,0.03225806451612904,0.9011783567134269,0.045454545454545414,0.0014662756598240458,
short_aggressive_medium_capacity,w06,2026-03-05,2026-03-06,2026-03-12,600487,0.03225806451612904,0.9886312625250501,0.010216110019646507,0.0003295519361176293,
short_aggressive_medium_capacity,w06,2026-03-05,2026-03-06,2026-03-12,000967,0.03225806451612904,0.9403567134268537,0.13970588235294135,0.004506641366223915,
short_aggressive_medium_capacity,w06,2026-03-05,2026-03-06,2026-03-12,600369,0.03225806451612904,0.9022705410821644,0.02088167053364276,0.0006736022752787988,
short_aggressive_medium_capacity,w06,2026-03-05,2026-03-06,2026-03-12,603589,0.03225806451612904,0.9027074148296593,0.017843583902809268,0.000575599480735783,
short_aggressive_medium_capacity,w06,2026-03-05,2026-03-06,2026-03-12,600171,0.03225806451612904,0.9063116232464931,0.03974184782608692,0.0012819950911640945,
short_aggressive_medium_capacity,w06,2026-03-05,2026-03-06,2026-03-12,601966,0.03225806451612904,0.9069669338677355,0.016393442622950838,0.0005288207297726077,
short_aggressive_medium_capacity,w06,2026-03-05,2026-03-06,2026-03-12,688322,0.03225806451612904,0.9070556112224449,-0.028561270443232978,-0.0009213313046204188,
short_aggressive_medium_capacity,w06,2026-03-05,2026-03-06,2026-03-12,600332,0.03225806451612904,0.9100250501002004,0.01845906902086658,0.000595453839382793,
short_aggressive_medium_capacity,w06,2026-03-05,2026-03-06,2026-03-12,688213,0.03225806451612904,0.916557615230461,-0.05173951828724355,-0.0016690167189433406,
short_aggressive_medium_capacity,w06,2026-03-05,2026-03-06,2026-03-12,601577,0.03225806451612904,0.9165781563126253,0.01572327044025168,0.0005072022722661833,
short_aggressive_medium_capacity,w06,2026-03-05,2026-03-06,2026-03-12,000958,0.03225806451612904,0.919745490981964,0.03731343283582089,0.001203659123736158,
short_aggressive_medium_capacity,w06,2026-03-05,2026-03-06,2026-03-12,688582,0.03225806451612904,0.934687875751503,0.06977132365214511,0.002250687859746617,
short_aggressive_medium_capacity,w06,2026-03-05,2026-03-06,2026-03-12,002008,0.03225806451612904,0.9348957915831663,-0.010212646894236177,-0.00032944022239471545,
short_aggressive_medium_capacity,w06,2026-03-05,2026-03-06,2026-03-12,600498,0.03225806451612904,0.9374078156312625,-0.022370970583054484,-0.0007216442123565964,
short_aggressive_medium_capacity,w06,2026-03-05,2026-03-06,2026-03-12,601212,0.03225806451612904,0.9394298597194388,-0.05079681274900394,-0.001638606862871095,
short_aggressive_medium_capacity,w06,2026-03-05,2026-03-06,2026-03-12,688615,0.03225806451612904,0.9506793587174348,-0.029329962073324944,-0.0009461278088169338,
short_aggressive_medium_capacity,w06,2026-03-05,2026-03-06,2026-03-12,603688,0.03225806451612904,0.9880851703406813,-0.04242081447963797,-0.0013684133703109026,
short_aggressive_medium_capacity,w06,2026-03-05,2026-03-06,2026-03-12,600988,0.03225806451612904,0.9513346693386773,0.049826474962816114,0.0016073056439618104,
short_aggressive_medium_capacity,w06,2026-03-05,2026-03-06,2026-03-12,300136,0.03225806451612904,0.9600721442885771,-0.04104691075514877,-0.0013240938953273799,
short_aggressive_medium_capacity,w06,2026-03-05,2026-03-06,2026-03-12,600968,0.03225806451612904,0.961435871743487,-0.07456978967495231,-0.0024054770862887848,
short_aggressive_medium_capacity,w06,2026-03-05,2026-03-06,2026-03-12,301308,0.03225806451612904,0.9624749498997995,0.07661154235572054,0.0024713400759909855,
short_aggressive_medium_capacity,w06,2026-03-05,2026-03-06,2026-03-12,605589,0.03225806451612904,0.9634018036072144,-0.028538483712885365,-0.0009205962488027539,
short_aggressive_medium_capacity,w06,2026-03-05,2026-03-06,2026-03-12,300001,0.03225806451612904,0.9636202404809618,0.04126370083816888,0.0013310871238118996,
short_aggressive_medium_capacity,w06,2026-03-05,2026-03-06,2026-03-12,688347,0.03225806451612904,0.9670621242484969,0.08968841452917875,0.002893174662231573,
short_aggressive_medium_capacity,w06,2026-03-05,2026-03-06,2026-03-12,000426,0.03225806451612904,0.9671713426853707,-0.046529814271749625,-0.001500961750701601,
short_aggressive_medium_capacity,w06,2026-03-05,2026-03-06,2026-03-12,600339,0.03225806451612904,0.9695180360721443,-0.06846473029045641,-0.002208539686788917,
short_aggressive_medium_capacity,w06,2026-03-05,2026-03-06,2026-03-12,600517,0.03225806451612904,0.9742144288577154,0.01763907734056991,0.000569002494857094,
short_aggressive_medium_capacity,w06,2026-03-05,2026-03-06,2026-03-12,600312,0.03225806451612904,0.9778186372745491,-0.037636584378794025,-0.001214083367057872,
short_aggressive_medium_capacity,w06,2026-03-05,2026-03-06,2026-03-12,688297,0.03225806451612904,0.9815320641282564,-0.11672838512316852,-0.0037654317781667273,
short_aggressive_medium_capacity,w06,2026-03-05,2026-03-06,2026-03-12,600516,0.03225806451612904,0.9849178356713426,0.033430232558139705,0.0010783945986496681,
short_aggressive_medium_capacity,w06,2026-03-05,2026-03-06,2026-03-12,600820,0.03225806451612904,0.9011783567134269,0.045454545454545414,0.0014662756598240458,
short_aggressive_wide_capacity,w06,2026-03-05,2026-03-06,2026-03-12,600871,0.036000000004219955,0.9935480961923848,-0.1428571428571429,-0.005142857143459995,
short_aggressive_wide_capacity,w06,2026-03-05,2026-03-06,2026-03-12,688027,0.036000000004219955,0.956873246492986,-0.08714275682887429,-0.0031371392462072128,
short_aggressive_wide_capacity,w06,2026-03-05,2026-03-06,2026-03-12,600339,0.036000000004219955,0.9851573146292585,-0.06846473029045641,-0.002464730290745349,
short_aggressive_wide_capacity,w06,2026-03-05,2026-03-06,2026-03-12,600392,0.036000000004219955,0.9487760521042086,-0.055595408895265486,-0.0020014347204641678,
short_aggressive_wide_capacity,w06,2026-03-05,2026-03-06,2026-03-12,601168,0.036000000004219955,0.9502174348697395,-0.05884165126309304,-0.002118299445719659,
short_aggressive_wide_capacity,w06,2026-03-05,2026-03-06,2026-03-12,002756,0.036000000004219955,0.953566132264529,0.04206695778748171,0.0015144104805268621,
short_aggressive_wide_capacity,w06,2026-03-05,2026-03-06,2026-03-12,002195,0.036000000004219955,0.9555696392785571,-0.03648269410664162,-0.0013133769879930537,
short_aggressive_wide_capacity,w06,2026-03-05,2026-03-06,2026-03-12,000878,0.036000000004219955,0.9555696392785571,-0.03641691084135623,-0.001311008790442502,
short_aggressive_wide_capacity,w06,2026-03-05,2026-03-06,2026-03-12,300604,0.036000000004219955,0.9638952905811623,-0.04784103935804351,-0.0017222774170914535,
short_aggressive_wide_capacity,w06,2026-03-05,2026-03-06,2026-03-12,300857,0.036000000004219955,0.9674634268537075,-0.003650793650793571,-0.00013142857144397474,
short_aggressive_wide_capacity,w06,2026-03-05,2026-03-06,2026-03-12,688297,0.036000000004219955,0.9716993987975951,-0.11672838512316852,-0.004202221864926655,
short_aggressive_wide_capacity,w06,2026-03-05,2026-03-06,2026-03-12,002353,0.036000000004219955,0.9729539078156313,-0.12105988169516246,-0.0043581557415367156,
short_aggressive_wide_capacity,w06,2026-03-05,2026-03-06,2026-03-12,000060,0.036000000004219955,0.9745996993987976,-0.04319371727748689,-0.0015549738221718036,
short_aggressive_wide_capacity,w06,2026-03-05,2026-03-06,2026-03-12,300724,0.036000000004219955,0.9793572144288577,0.034319733846962075,0.0012355104186354624,
short_aggressive_wide_capacity,w06,2026-03-05,2026-03-06,2026-03-12,601118,0.036000000004219955,0.927937374749499,0.14090287277701785,0.005072503420567247,
short_aggressive_wide_capacity,w06,2026-03-05,2026-03-06,2026-03-12,300567,0.036000000000000004,0.930316132264529,-0.08952069271152929,-0.003222744937615055,
short_aggressive_wide_capacity,w06,2026-03-05,2026-03-06,2026-03-12,600499,0.036000000000000004,0.9213391783567133,0.05743043220840738,0.002067495559502666,
short_aggressive_wide_capacity,w06,2026-03-05,2026-03-06,2026-03-12,600516,0.036000000000000004,0.9232940881763527,0.033430232558139705,0.0012034883720930295,
short_aggressive_wide_capacity,w06,2026-03-05,2026-03-06,2026-03-12,000039,0.036000000000000004,0.923750501002004,-0.031203566121842607,-0.001123328380386334,
short_aggressive_wide_capacity,w06,2026-03-05,2026-03-06,2026-03-12,002429,0.036000000000000004,0.9430811623246493,0.06164383561643816,0.002219178082191774,
short_aggressive_wide_capacity,w06,2026-03-05,2026-03-06,2026-03-12,601611,0.036000000000000004,0.9329714428857716,0.0399047051816559,0.0014365693865396126,
short_aggressive_wide_capacity,w06,2026-03-05,2026-03-06,2026-03-12,605358,0.036000000000000004,0.9364423847695391,-0.017310252996005304,-0.000623169107856191,
short_aggressive_wide_capacity,w06,2026-03-05,2026-03-06,2026-03-12,300223,0.036000000000000004,0.9365395791583166,-0.026016260162601612,-0.0009365853658536581,
short_aggressive_wide_capacity,w06,2026-03-05,2026-03-06,2026-03-12,301536,0.036000000000000004,0.9374524048096191,-0.01997422680412364,-0.0007190721649484511,
short_aggressive_wide_capacity,w06,2026-03-05,2026-03-06,2026-03-12,300285,0.036000000000000004,0.946054609218437,0.08194874683187847,0.002950154885947625,
short_aggressive_wide_capacity,w06,2026-03-05,2026-03-06,2026-03-12,002156,0.03333333331223356,0.9198882765531062,-0.05139230139230144,-0.0017130767119923488,
short_aggressive_wide_capacity,w06,2026-03-05,2026-03-06,2026-03-12,600141,0.02666666664978681,0.9178276553106213,0.03329918032786905,0.0008879781415144226,
short_aggressive_wide_capacity,w06,2026-03-05,2026-03-06,2026-03-12,002436,0.019999999987340117,0.9175095190380762,-0.07324716020368194,-0.0014649432031463383,
short_aggressive_wide_capacity,w06,2026-03-05,2026-03-06,2026-03-12,000021,0.013333333324893405,0.9148542084168336,-0.01076289965178856,-0.00014350532859967602,
short_aggressive_wide_capacity,w06,2026-03-05,2026-03-06,2026-03-12,003035,0.0066666666624467024,0.9142995991983969,0.1830357142857142,0.0012202380944656905,
stable_compact_capacity,w06,2026-03-05,2026-03-06,2026-03-12,688297,0.030303030303030304,0.9984569138276553,-0.11672838512316852,-0.0035372237916111676,
stable_compact_capacity,w06,2026-03-05,2026-03-06,2026-03-12,688709,0.030303030303030304,0.9655070140280562,-0.007185122569738023,-0.00021773098696175827,
stable_compact_capacity,w06,2026-03-05,2026-03-06,2026-03-12,688002,0.030303030303030304,0.9440841683366732,-0.003920104536121016,-0.0001187910465491217,
stable_compact_capacity,w06,2026-03-05,2026-03-06,2026-03-12,688281,0.030303030303030304,0.9447014028056111,-0.06281379002566101,-0.0019034481825957882,
stable_compact_capacity,w06,2026-03-05,2026-03-06,2026-03-12,300919,0.030303030303030304,0.9451863727454909,0.021946564885496178,0.0006650474207726115,
stable_compact_capacity,w06,2026-03-05,2026-03-06,2026-03-12,003031,0.030303030303030304,0.9457154308617234,0.044114032931924285,0.0013367888767249784,
stable_compact_capacity,w06,2026-03-05,2026-03-06,2026-03-12,601399,0.030303030303030304,0.9458036072144288,-0.03747534516765294,-0.0011356165202319073,
stable_compact_capacity,w06,2026-03-05,2026-03-06,2026-03-12,300857,0.030303030303030304,0.9460240480961923,-0.003650793650793571,-0.00011063011063010823,
stable_compact_capacity,w06,2026-03-05,2026-03-06,2026-03-12,688122,0.030303030303030304,0.9461122244488976,-0.09385039008719587,-0.002843951214763511,
stable_compact_capacity,w06,2026-03-05,2026-03-06,2026-03-12,300285,0.030303030303030304,0.9461563126252504,0.08194874683187847,0.0024832953585417717,
stable_compact_capacity,w06,2026-03-05,2026-03-06,2026-03-12,603920,0.030303030303030304,0.9462444889779558,0.009390503189227628,0.00028456070270386753,
stable_compact_capacity,w06,2026-03-05,2026-03-06,2026-03-12,300724,0.030303030303030304,0.9462885771543085,0.034319733846962075,0.0010399919347564264,
stable_compact_capacity,w06,2026-03-05,2026-03-06,2026-03-12,601611,0.030303030303030304,0.9463326653306612,0.0399047051816559,0.001209233490353209,
stable_compact_capacity,w06,2026-03-05,2026-03-06,2026-03-12,002156,0.030303030303030304,0.9593026052104209,-0.05139230139230144,-0.0015573424664333771,
stable_compact_capacity,w06,2026-03-05,2026-03-06,2026-03-12,688220,0.030303030303030304,0.962496993987976,-0.01876286163902674,-0.0005685715648189922,
stable_compact_capacity,w06,2026-03-05,2026-03-06,2026-03-12,002756,0.030303030303030304,0.9633987975951904,0.04206695778748171,0.0012747562965903549,
stable_compact_capacity,w06,2026-03-05,2026-03-06,2026-03-12,300604,0.030303030303030304,0.970004008016032,-0.04784103935804351,-0.001449728465395258,
stable_compact_capacity,w06,2026-03-05,2026-03-06,2026-03-12,002429,0.030303030303030304,0.9975110220440881,0.06164383561643816,0.0018679950186799442,
stable_compact_capacity,w06,2026-03-05,2026-03-06,2026-03-12,688347,0.030303030303030304,0.9702685370741483,0.08968841452917875,0.002717830743308447,
stable_compact_capacity,w06,2026-03-05,2026-03-06,2026-03-12,002851,0.030303030303030304,0.9705330661322645,-0.06291313476942217,-0.0019064586293764296,
stable_compact_capacity,w06,2026-03-05,2026-03-06,2026-03-12,688385,0.030303030303030304,0.9711503006012024,-0.14409257003654075,-0.00436644151625881,
stable_compact_capacity,w06,2026-03-05,2026-03-06,2026-03-12,605358,0.030303030303030304,0.971370741482966,-0.017310252996005304,-0.0005245531210910699,
stable_compact_capacity,w06,2026-03-05,2026-03-06,2026-03-12,300223,0.030303030303030304,0.9714589178356714,-0.026016260162601612,-0.0007883715200788367,
stable_compact_capacity,w06,2026-03-05,2026-03-06,2026-03-12,600516,0.030303030303030304,0.9800921843687375,0.033430232558139705,0.0010130373502466577,
stable_compact_capacity,w06,2026-03-05,2026-03-06,2026-03-12,688027,0.030303030303030304,0.9828557114228457,-0.08714275682887429,-0.0026406896008749786,
stable_compact_capacity,w06,2026-03-05,2026-03-06,2026-03-12,002195,0.030303030303030304,0.9828997995991984,-0.03648269410664162,-0.0011055361850497462,
stable_compact_capacity,w06,2026-03-05,2026-03-06,2026-03-12,600497,0.030303030303030304,0.9829899799599199,-0.003992015968063756,-0.00012097018085041684,
stable_compact_capacity,w06,2026-03-05,2026-03-06,2026-03-12,688608,0.030303030303030304,0.9858837675350701,-0.020397179914966812,-0.0006180963610596003,
stable_compact_capacity,w06,2026-03-05,2026-03-06,2026-03-12,000878,0.030303030303030304,0.9894709418837675,-0.03641691084135623,-0.0011035427527683707,
stable_compact_capacity,w06,2026-03-05,2026-03-06,2026-03-12,601168,0.030303030303030304,0.9896472945891783,-0.05884165126309304,-0.0017830803413058497,
stable_compact_capacity,w06,2026-03-05,2026-03-06,2026-03-12,000060,0.030303030303030304,0.9904408817635271,-0.04319371727748689,-0.0013089005235602086,
stable_compact_capacity,w06,2026-03-05,2026-03-06,2026-03-12,000426,0.030303030303030304,0.9905290581162325,-0.046529814271749625,-0.0014099943718712009,
stable_compact_capacity,w06,2026-03-05,2026-03-06,2026-03-12,300627,0.030303030303030304,0.9440400801603206,0.02136752136752129,0.0006475006475006452,
stable_compact_current,w06,2026-03-05,2026-03-06,2026-03-12,601958,0.03253310000000001,0.9580445891783567,-0.08792965627497995,-0.002860624300559551,
stable_compact_current,w06,2026-03-05,2026-03-06,2026-03-12,601168,0.03253310000000001,0.9416858717434868,-0.05884165126309304,-0.0019143013247073328,
stable_compact_current,w06,2026-03-05,2026-03-06,2026-03-12,603688,0.03253310000000001,0.9135125250501002,-0.04242081447963797,-0.0013800805995475105,
stable_compact_current,w06,2026-03-05,2026-03-06,2026-03-12,601106,0.03253310000000001,0.9189654308617234,-0.04251012145748989,-0.0013829860323886648,
stable_compact_current,w06,2026-03-05,2026-03-06,2026-03-12,688281,0.03253310000000001,0.9221462925851702,-0.06281379002566101,-0.0020435273122838328,
stable_compact_current,w06,2026-03-05,2026-03-06,2026-03-12,600516,0.03253310000000001,0.9544093186372744,0.033430232558139705,0.0010875890988372152,
stable_compact_current,w06,2026-03-05,2026-03-06,2026-03-12,688347,0.03253310000000001,0.9380506012024048,0.08968841452917875,0.002917842158719226,
stable_compact_current,w06,2026-03-05,2026-03-06,2026-03-12,300724,0.03253310000000001,0.9389594188376753,0.034319733846962075,0.0011165273332166023,
stable_compact_current,w06,2026-03-05,2026-03-06,2026-03-12,300454,0.03253310000000001,0.9398682364729458,0.07749331954141869,0.0025210979139729294,
stable_compact_current,w06,2026-03-05,2026-03-06,2026-03-12,603920,0.03253310000000001,0.9416858717434868,0.009390503189227628,0.00030550217930546146,
stable_compact_current,w06,2026-03-05,2026-03-06,2026-03-12,300604,0.03253310000000001,0.9357785571142284,-0.04784103935804351,-0.0015564173175391658,
stable_compact_current,w06,2026-03-05,2026-03-06,2026-03-12,300223,0.03253310000000001,0.9416858717434868,-0.026016260162601612,-0.0008463895934959347,
stable_compact_current,w06,2026-03-05,2026-03-06,2026-03-12,002436,0.03253310000000001,0.9444123246492986,-0.07324716020368194,-0.0023829571876224057,
stable_compact_current,w06,2026-03-05,2026-03-06,2026-03-12,000060,0.03253310000000001,0.9516828657314629,-0.04319371727748689,-0.001405225523560209,
stable_compact_current,w06,2026-03-05,2026-03-06,2026-03-12,000629,0.03253310000000001,0.9494108216432866,0.012437810945273853,0.0004046405472636889,
stable_compact_current,w06,2026-03-05,2026-03-06,2026-03-12,300285,0.03253310000000001,0.9494108216432866,0.08194874683187847,0.002666046775556186,
stable_compact_current,w06,2026-03-05,2026-03-06,2026-03-12,601399,0.03253310000000001,0.911694889779559,-0.03747534516765294,-0.0012191891518737702,
stable_compact_current,w06,2026-03-05,2026-03-06,2026-03-12,300857,0.03253310000000001,0.9494108216432866,-0.003650793650793571,-0.00011877163492063236,
stable_compact_current,w06,2026-03-05,2026-03-06,2026-03-12,603077,0.03253310000000001,0.9494108216432866,0.19354838709677424,0.006296729032258068,
stable_compact_current,w06,2026-03-05,2026-03-06,2026-03-12,000960,0.03253310000000001,0.9471387775551101,-0.067251461988304,-0.0021878985380116935,
stable_compact_current,w06,2026-03-05,2026-03-06,2026-03-12,002738,0.03175800000000001,0.9325976953907815,-0.047826086956521685,-0.001518860869565216,
stable_compact_current,w06,2026-03-05,2026-03-06,2026-03-12,300919,0.03175800000000001,0.931688877755511,0.021946564885496178,0.0006969790076335878,
stable_compact_current,w06,2026-03-05,2026-03-06,2026-03-12,002202,0.03175800000000001,0.9307800601202405,0.11749999999999994,0.003731564999999999,
stable_compact_current,w06,2026-03-05,2026-03-06,2026-03-12,688002,0.03175800000000001,0.9289624248496994,-0.003920104536121016,-0.00012449467985813128,
stable_compact_current,w06,2026-03-05,2026-03-06,2026-03-12,002851,0.03175800000000001,0.9344153306613225,-0.06291313476942217,-0.00199799533400731,
stable_compact_current,w06,2026-03-05,2026-03-06,2026-03-12,002156,0.03175800000000001,0.9221462925851702,-0.05139230139230144,-0.0016321167076167097,
stable_compact_current,w06,2026-03-05,2026-03-06,2026-03-12,688122,0.03175800000000001,0.9221462925851702,-0.09385039008719587,-0.0029805006883891674,
stable_compact_current,w06,2026-03-05,2026-03-06,2026-03-12,688385,0.03175800000000001,0.9221462925851702,-0.14409257003654075,-0.004576091839220462,
stable_compact_current,w06,2026-03-05,2026-03-06,2026-03-12,605358,0.03175800000000001,0.916693386773547,-0.017310252996005304,-0.0005497390146471366,
stable_compact_current,w06,2026-03-05,2026-03-06,2026-03-12,600498,0.03175800000000001,0.9144213426853707,-0.022370970583054484,-0.0007104572837766445,
stable_compact_current,w06,2026-03-05,2026-03-06,2026-03-12,003031,0.03175800000000001,0.9262359719438877,0.044114032931924285,0.0014009734578520519,
stable_extra_wide_capacity,w06,2026-03-05,2026-03-06,2026-03-12,000657,0.02173913043478261,0.9705561122244489,-0.03215783750194201,-0.0006990834239552612,
stable_extra_wide_capacity,w06,2026-03-05,2026-03-06,2026-03-12,600352,0.02173913043478261,0.7824599198396794,-0.02530044275774823,-0.0005500096251684399,
stable_extra_wide_capacity,w06,2026-03-05,2026-03-06,2026-03-12,002353,0.02173913043478261,0.7824599198396794,-0.12105988169516246,-0.0026317365585904885,
stable_extra_wide_capacity,w06,2026-03-05,2026-03-06,2026-03-12,002414,0.02173913043478261,0.7824599198396794,-0.021753908905506436,-0.00047291106316318346,
stable_extra_wide_capacity,w06,2026-03-05,2026-03-06,2026-03-12,002430,0.02173913043478261,0.7824599198396794,-0.01584283903675543,-0.00034440954427729197,
stable_extra_wide_capacity,w06,2026-03-05,2026-03-06,2026-03-12,300037,0.02173913043478261,0.7824599198396794,0.07328133502630152,0.0015930725005717725,
stable_extra_wide_capacity,w06,2026-03-05,2026-03-06,2026-03-12,300054,0.02173913043478261,0.7824599198396794,0.06089818951328474,0.0013238736850714075,
stable_extra_wide_capacity,w06,2026-03-05,2026-03-06,2026-03-12,300346,0.02173913043478261,0.7824599198396794,-0.03367776502104858,-0.0007321253265445344,
stable_extra_wide_capacity,w06,2026-03-05,2026-03-06,2026-03-12,300373,0.02173913043478261,0.7824599198396794,-0.01952493470961314,-0.0004244551023828944,
stable_extra_wide_capacity,w06,2026-03-05,2026-03-06,2026-03-12,300623,0.02173913043478261,0.7824599198396794,-0.02973145780051145,-0.0006463360391415533,
stable_extra_wide_capacity,w06,2026-03-05,2026-03-06,2026-03-12,600295,0.02173913043478261,0.7824599198396794,0.001779359430605032,3.868172675228331e-05,
stable_extra_wide_capacity,w06,2026-03-05,2026-03-06,2026-03-12,600487,0.02173913043478261,0.7824599198396794,0.010216110019646507,0.00022208934825318496,
stable_extra_wide_capacity,w06,2026-03-05,2026-03-06,2026-03-12,000831,0.02173913043478261,0.9705561122244489,-0.07125727989037345,-0.0015490713019646403,
stable_extra_wide_capacity,w06,2026-03-05,2026-03-06,2026-03-12,600549,0.02173913043478261,0.7824599198396794,-0.09123649459783922,-0.001983402056474766,
stable_extra_wide_capacity,w06,2026-03-05,2026-03-06,2026-03-12,600707,0.02173913043478261,0.7824599198396794,-0.050295857988165715,-0.0010933882171340374,
stable_extra_wide_capacity,w06,2026-03-05,2026-03-06,2026-03-12,600862,0.02173913043478261,0.7824599198396794,-0.014181678804139564,-0.00030829736530738186,
stable_extra_wide_capacity,w06,2026-03-05,2026-03-06,2026-03-12,600988,0.02173913043478261,0.7824599198396794,0.049826474962816114,0.0010831842383220896,
stable_extra_wide_capacity,w06,2026-03-05,2026-03-06,2026-03-12,601233,0.02173913043478261,0.7824599198396794,-0.059166293142088766,-0.0012862237639584516,
stable_extra_wide_capacity,w06,2026-03-05,2026-03-06,2026-03-12,688037,0.02173913043478261,0.7824599198396794,-0.14705597520821234,-0.003196869026265486,
stable_extra_wide_capacity,w06,2026-03-05,2026-03-06,2026-03-12,688120,0.02173913043478261,0.7824599198396794,-0.02852641647442744,-0.0006201394885745096,
stable_extra_wide_capacity,w06,2026-03-05,2026-03-06,2026-03-12,688188,0.02173913043478261,0.7824599198396794,-0.010871042261176744,-0.00023632700567775535,
stable_extra_wide_capacity,w06,2026-03-05,2026-03-06,2026-03-12,688301,0.02173913043478261,0.7824599198396794,-0.05702875399361018,-0.0012397555216002215,
stable_extra_wide_capacity,w06,2026-03-05,2026-03-06,2026-03-12,002266,0.02173913043478261,0.7824599198396794,-0.03992015968063878,-0.0008678295582747562,
stable_extra_wide_capacity,w06,2026-03-05,2026-03-06,2026-03-12,002203,0.02173913043478261,0.7824599198396794,-0.030021443888491817,-0.0006526400845324309,
stable_extra_wide_capacity,w06,2026-03-05,2026-03-06,2026-03-12,002138,0.02173913043478261,0.7824599198396794,-0.06031031031031042,-0.0013110937023980529,
stable_extra_wide_capacity,w06,2026-03-05,2026-03-06,2026-03-12,002064,0.02173913043478261,0.7824599198396794,-0.07435254803675861,-0.0016163597399295353,
stable_extra_wide_capacity,w06,2026-03-05,2026-03-06,2026-03-12,002738,0.02173913043478261,0.9705561122244489,-0.047826086956521685,-0.0010396975425330803,
stable_extra_wide_capacity,w06,2026-03-05,2026-03-06,2026-03-12,003031,0.02173913043478261,0.9705561122244489,0.044114032931924285,0.0009590007159113977,
stable_extra_wide_capacity,w06,2026-03-05,2026-03-06,2026-03-12,300058,0.02173913043478261,0.9705561122244489,-0.05889423076923084,-0.0012803093645484967,
stable_extra_wide_capacity,w06,2026-03-05,2026-03-06,2026-03-12,600118,0.02173913043478261,0.9705561122244489,-0.0346042934956744,-0.0007522672499059653,
stable_extra_wide_capacity,w06,2026-03-05,2026-03-06,2026-03-12,600498,0.02173913043478261,0.9705561122244489,-0.022370970583054484,-0.0004863254474577062,
stable_extra_wide_capacity,w06,2026-03-05,2026-03-06,2026-03-12,600879,0.02173913043478261,0.9705561122244489,-0.04618320610687021,-0.0010039827414537004,
stable_extra_wide_capacity,w06,2026-03-05,2026-03-06,2026-03-12,601958,0.02173913043478261,0.9705561122244489,-0.08792965627497995,-0.0019115142668473905,
stable_extra_wide_capacity,w06,2026-03-05,2026-03-06,2026-03-12,688027,0.02173913043478261,0.9705561122244489,-0.08714275682887429,-0.0018944077571494413,
stable_extra_wide_capacity,w06,2026-03-05,2026-03-06,2026-03-12,688387,0.02173913043478261,0.9705561122244489,-0.017307692307692246,-0.0003762541806020054,
stable_extra_wide_capacity,w06,2026-03-05,2026-03-06,2026-03-12,688297,0.02173913043478261,0.8552805611222445,-0.11672838512316852,-0.0025375735896340985,
stable_extra_wide_capacity,w06,2026-03-05,2026-03-06,2026-03-12,000039,0.02173913043478261,0.7824599198396794,-0.031203566121842607,-0.0006783383939531003,
stable_extra_wide_capacity,w06,2026-03-05,2026-03-06,2026-03-12,000559,0.02173913043478261,0.7824599198396794,-0.01623740201567747,-0.00035298700034081464,
stable_extra_wide_capacity,w06,2026-03-05,2026-03-06,2026-03-12,000683,0.02173913043478261,0.7824599198396794,0.01569037656903771,0.0003410951428051677,
stable_extra_wide_capacity,w06,2026-03-05,2026-03-06,2026-03-12,000709,0.02173913043478261,0.7824599198396794,0.01953125,0.00042459239130434787,
stable_extra_wide_capacity,w06,2026-03-05,2026-03-06,2026-03-12,000733,0.02173913043478261,0.7824599198396794,-0.03589646703192895,-0.0007803579789549772,
stable_extra_wide_capacity,w06,2026-03-05,2026-03-06,2026-03-12,000738,0.02173913043478261,0.7824599198396794,-0.03979511426319926,-0.0008651111796347666,
stable_extra_wide_capacity,w06,2026-03-05,2026-03-06,2026-03-12,000825,0.02173913043478261,0.7824599198396794,-0.03106796116504862,-0.0006753904601097527,
stable_extra_wide_capacity,w06,2026-03-05,2026-03-06,2026-03-12,000893,0.02173913043478261,0.7824599198396794,0.10737704918032787,0.002334283677833215,
stable_extra_wide_capacity,w06,2026-03-05,2026-03-06,2026-03-12,000959,0.02173913043478261,0.7824599198396794,-0.005494505494505586,-0.00011944577161968666,
stable_extra_wide_capacity,w06,2026-03-05,2026-03-06,2026-03-12,688361,0.02173913043478261,0.7824599198396794,-0.011982947344164163,-0.0002604988553079166,
stable_medium_capacity,w06,2026-03-05,2026-03-06,2026-03-12,688297,0.01075268817204301,0.9913376753507014,-0.11672838512316852,-0.0012551439260555753,
stable_medium_capacity,w06,2026-03-05,2026-03-06,2026-03-12,600602,0.01075268817204301,0.843494488977956,0.1227272727272728,0.0013196480938416429,
stable_medium_capacity,w06,2026-03-05,2026-03-06,2026-03-12,002756,0.01075268817204301,0.7930435871743488,0.04206695778748171,0.00045233287943528713,
stable_medium_capacity,w06,2026-03-05,2026-03-06,2026-03-12,601665,0.01075268817204301,0.7953832665330661,0.02841918294849033,0.00030558261234935833,
stable_medium_capacity,w06,2026-03-05,2026-03-06,2026-03-12,000039,0.01075268817204301,0.7962349699398799,-0.031203566121842607,-0.00033552221636389896,
stable_medium_capacity,w06,2026-03-05,2026-03-06,2026-03-12,600549,0.01075268817204301,0.7989704408817636,-0.09123649459783922,-0.0009810375763208519,
stable_medium_capacity,w06,2026-03-05,2026-03-06,2026-03-12,002353,0.01075268817204301,0.8017059118236474,-0.12105988169516246,-0.0013017191580124996,
stable_medium_capacity,w06,2026-03-05,2026-03-06,2026-03-12,600487,0.01075268817204301,0.8021618236472947,0.010216110019646507,0.00010985064537254307,
stable_medium_capacity,w06,2026-03-05,2026-03-06,2026-03-12,002966,0.01075268817204301,0.8072369739478958,0.01717791411042935,0.0001847087538755844,
stable_medium_capacity,w06,2026-03-05,2026-03-06,2026-03-12,601577,0.01075268817204301,0.824561623246493,0.01572327044025168,0.00016906742408872772,
stable_medium_capacity,w06,2026-03-05,2026-03-06,2026-03-12,688166,0.01075268817204301,0.835743987975952,0.14079960268189695,0.0015139742223859887,
stable_medium_capacity,w06,2026-03-05,2026-03-06,2026-03-12,300748,0.01075268817204301,0.8523121242484969,-0.04385964912280682,-0.00047160913035276147,
stable_medium_capacity,w06,2026-03-05,2026-03-06,2026-03-12,688002,0.01075268817204301,0.9152279559118236,-0.003920104536121016,-4.21516616787206e-05,
stable_medium_capacity,w06,2026-03-05,2026-03-06,2026-03-12,688615,0.01075268817204301,0.8567184368737474,-0.029329962073324944,-0.0003153759362723112,
stable_medium_capacity,w06,2026-03-05,2026-03-06,2026-03-12,300450,0.01075268817204301,0.8650776553106212,0.03960396039603964,0.00042584903651655525,
stable_medium_capacity,w06,2026-03-05,2026-03-06,2026-03-12,600498,0.01075268817204301,0.8769313627254508,-0.022370970583054484,-0.00024054807078553207,
stable_medium_capacity,w06,2026-03-05,2026-03-06,2026-03-12,600363,0.01075268817204301,0.8842259519038076,-0.04243725231175699,-0.00045631454098663427,
stable_medium_capacity,w06,2026-03-05,2026-03-06,2026-03-12,688599,0.01075268817204301,0.8965355711422844,0.10922467458970009,0.0011744588665559149,
stable_medium_capacity,w06,2026-03-05,2026-03-06,2026-03-12,600497,0.01075268817204301,0.903374248496994,-0.003992015968063756,-4.292490288240597e-05,
stable_medium_capacity,w06,2026-03-05,2026-03-06,2026-03-12,601958,0.01075268817204301,0.909757014028056,-0.08792965627497995,-0.0009454801749997844,
stable_medium_capacity,w06,2026-03-05,2026-03-06,2026-03-12,002851,0.01075268817204301,0.9129483967935871,-0.06291313476942217,-0.0006764853201013136,
stable_medium_capacity,w06,2026-03-05,2026-03-06,2026-03-12,300627,0.01075268817204301,0.9138602204408817,0.02136752136752129,0.00022975829427442248,
stable_medium_capacity,w06,2026-03-05,2026-03-06,2026-03-12,300570,0.01075268817204301,0.7921317635270542,0.026203581672997966,0.0002817589427204082,
stable_medium_capacity,w06,2026-03-05,2026-03-06,2026-03-12,600435,0.01075268817204301,0.7848371743486975,-0.11135252580119503,-0.001197338987109624,
stable_medium_capacity,w06,2026-03-05,2026-03-06,2026-03-12,688318,0.01075268817204301,0.7816457915831664,0.027462946817785383,0.0002953005034170471,
stable_medium_capacity,w06,2026-03-05,2026-03-06,2026-03-12,300679,0.01075268817204301,0.7787575150300601,0.019710906701708275,0.00021194523335170187,
stable_medium_capacity,w06,2026-03-05,2026-03-06,2026-03-12,300699,0.01075268817204301,0.7588502004008016,0.10236011667992573,0.0011006464159131798,
stable_medium_capacity,w06,2026-03-05,2026-03-06,2026-03-12,000021,0.01075268817204301,0.7597620240480962,-0.01076289965178856,-0.00011573010378267267,
stable_medium_capacity,w06,2026-03-05,2026-03-06,2026-03-12,300383,0.01075268817204301,0.7611297595190382,0.09235880398671092,0.0009931054192119453,
stable_medium_capacity,w06,2026-03-05,2026-03-06,2026-03-12,688582,0.01075268817204301,0.7628006012024047,0.06977132365214511,0.0007502292865822055,
stable_medium_capacity,w06,2026-03-05,2026-03-06,2026-03-12,688235,0.01075268817204301,0.7647770541082165,-0.013832658569500667,-0.00014873826418817918,
stable_medium_capacity,w06,2026-03-05,2026-03-06,2026-03-12,600141,0.01075268817204301,0.7652329659318637,0.03329918032786905,0.0003580557024502048,
stable_medium_capacity,w06,2026-03-05,2026-03-06,2026-03-12,601608,0.01075268817204301,0.7656888777555111,-0.038147138964577665,-0.0004101842899416953,
stable_medium_capacity,w06,2026-03-05,2026-03-06,2026-03-12,601118,0.01075268817204301,0.766372745490982,0.14090287277701785,0.0015150846535163208,
stable_medium_capacity,w06,2026-03-05,2026-03-06,2026-03-12,000155,0.01075268817204301,0.766372745490982,0.07874564459930311,0.0008467273612828291,
stable_medium_capacity,w06,2026-03-05,2026-03-06,2026-03-12,603225,0.01075268817204301,0.7670566132264529,-0.04612159329140453,-0.0004959311106602637,
stable_medium_capacity,w06,2026-03-05,2026-03-06,2026-03-12,002409,0.01075268817204301,0.7684243486973948,-0.04392182130584199,-0.00047227764844991383,
stable_medium_capacity,w06,2026-03-05,2026-03-06,2026-03-12,688676,0.01075268817204301,0.7693361723446894,-0.06542795018778413,-0.0007035263461052057,
stable_medium_capacity,w06,2026-03-05,2026-03-06,2026-03-12,002273,0.01075268817204301,0.7697920841683368,-0.05443177638837804,-0.0005852879181546026,
stable_medium_capacity,w06,2026-03-05,2026-03-06,2026-03-12,002281,0.01075268817204301,0.770247995991984,0.25215408008109463,0.0027113341944203723,
stable_medium_capacity,w06,2026-03-05,2026-03-06,2026-03-12,688019,0.01075268817204301,0.7707039078156313,-0.02128514056224906,-0.00022887247916396838,
stable_medium_capacity,w06,2026-03-05,2026-03-06,2026-03-12,002044,0.01075268817204301,0.771615731462926,-0.017187500000000022,-0.00018481182795698948,
stable_medium_capacity,w06,2026-03-05,2026-03-06,2026-03-12,688018,0.01075268817204301,0.7725275551102205,-0.0016835016835016203,-1.810216863980237e-05,
stable_medium_capacity,w06,2026-03-05,2026-03-06,2026-03-12,300458,0.01075268817204301,0.7748071142284569,-0.00652741514360311,-7.018725960863558e-05,
stable_medium_capacity,w06,2026-03-05,2026-03-06,2026-03-12,601615,0.01075268817204301,0.7775425851703408,0.09601990049751241,0.0010324720483603485,
stable_medium_capacity,w06,2026-03-05,2026-03-06,2026-03-12,688568,0.01075268817204301,0.914316132264529,-0.09010416666666665,-0.0009688620071684586,
stable_medium_capacity,w06,2026-03-05,2026-03-06,2026-03-12,300604,0.01075268817204301,0.9161397795591182,-0.04784103935804351,-0.0005144197780434786,
stable_medium_capacity,w06,2026-03-05,2026-03-06,2026-03-12,301536,0.01075268817204301,0.9702379759519039,-0.01997422680412364,-0.0002147766323024047,
stable_medium_capacity,w06,2026-03-05,2026-03-06,2026-03-12,300136,0.01075268817204301,0.937567635270541,-0.04104691075514877,-0.00044136463177579316,
stable_medium_capacity,w06,2026-03-05,2026-03-06,2026-03-12,688122,0.01075268817204301,0.9311848697394789,-0.09385039008719587,-0.0010091439794322136,
stable_medium_capacity,w06,2026-03-05,2026-03-06,2026-03-12,300724,0.01075268817204301,0.9316407815631262,0.034319733846962075,0.00036902939620389325,
stable_medium_capacity,w06,2026-03-05,2026-03-06,2026-03-12,300857,0.01075268817204301,0.9320966933867735,-0.003650793650793571,-3.9255845707457755e-05,
stable_medium_capacity,w06,2026-03-05,2026-03-06,2026-03-12,688387,0.01075268817204301,0.9334644288577154,-0.017307692307692246,-0.0001861042183622822,
stable_medium_capacity,w06,2026-03-05,2026-03-06,2026-03-12,002429,0.01075268817204301,0.9343762525050099,0.06164383561643816,0.0006628369421122382,
stable_medium_capacity,w06,2026-03-05,2026-03-06,2026-03-12,300285,0.01075268817204301,0.9357439879759518,0.08194874683187847,0.0008811693207728868,
stable_medium_capacity,w06,2026-03-05,2026-03-06,2026-03-12,688608,0.01075268817204301,0.9361998997995992,-0.020397179914966812,-0.00021932451521469688,
stable_medium_capacity,w06,2026-03-05,2026-03-06,2026-03-12,688027,0.01075268817204301,0.9366558116232464,-0.08714275682887429,-0.0009370188906330569,
stable_medium_capacity,w06,2026-03-05,2026-03-06,2026-03-12,300002,0.01075268817204301,0.9374123246492987,-0.0009478672985783199,-1.019212149008946e-05,
stable_medium_capacity,w06,2026-03-05,2026-03-06,2026-03-12,002195,0.01075268817204301,0.9380235470941883,-0.03648269410664162,-0.0003922870334047486,
stable_medium_capacity,w06,2026-03-05,2026-03-06,2026-03-12,601168,0.01075268817204301,0.9165956913827654,-0.05884165126309304,-0.0006327059275601401,
stable_medium_capacity,w06,2026-03-05,2026-03-06,2026-03-12,600516,0.01075268817204301,0.9389353707414829,0.033430232558139705,0.00035946486621655593,
stable_medium_capacity,w06,2026-03-05,2026-03-06,2026-03-12,300751,0.01075268817204301,0.9393912825651302,-0.051698113207547136,-0.0005558936904037326,
stable_medium_capacity,w06,2026-03-05,2026-03-06,2026-03-12,300058,0.01075268817204301,0.9407590180360721,-0.05889423076923084,-0.0006332712985938799,
stable_medium_capacity,w06,2026-03-05,2026-03-06,2026-03-12,688220,0.01075268817204301,0.9416708416833667,-0.01876286163902674,-0.00020175120041964235,
stable_medium_capacity,w06,2026-03-05,2026-03-06,2026-03-12,603688,0.01075268817204301,0.9421267535070139,-0.04242081447963797,-0.00045613779010363406,
stable_medium_capacity,w06,2026-03-05,2026-03-06,2026-03-12,688629,0.01075268817204301,0.9506337675350702,-0.04750325662179766,-0.0005107877056107275,
stable_medium_capacity,w06,2026-03-05,2026-03-06,2026-03-12,688709,0.01075268817204301,0.952001503006012,-0.007185122569738023,-7.725938247030132e-05,
stable_medium_capacity,w06,2026-03-05,2026-03-06,2026-03-12,000032,0.01075268817204301,0.9524574148296594,-0.0037513397642015,-4.033698671184408e-05,
stable_medium_capacity,w06,2026-03-05,2026-03-06,2026-03-12,601061,0.01075268817204301,0.9542810621242486,-0.06535057862491489,-0.0007026943938162891,
stable_medium_capacity,w06,2026-03-05,2026-03-06,2026-03-12,301308,0.01075268817204301,0.9307289579158315,0.07661154235572054,0.0008237800253303283,
stable_medium_capacity,w06,2026-03-05,2026-03-06,2026-03-12,603920,0.01075268817204301,0.9302730460921843,0.009390503189227628,0.00010097315257234008,
stable_medium_capacity,w06,2026-03-05,2026-03-06,2026-03-12,605358,0.01075268817204301,0.9298171342685371,-0.017310252996005304,-0.0001861317526452183,
stable_medium_capacity,w06,2026-03-05,2026-03-06,2026-03-12,002156,0.01075268817204301,0.9293612224448897,-0.05139230139230144,-0.0005526053913150693,
stable_medium_capacity,w06,2026-03-05,2026-03-06,2026-03-12,000831,0.01075268817204301,0.91750751503006,-0.07125727989037345,-0.0007662073106491768,
stable_medium_capacity,w06,2026-03-05,2026-03-06,2026-03-12,601399,0.01075268817204301,0.9179634268537074,-0.03747534516765294,-0.00040296070072745095,
stable_medium_capacity,w06,2026-03-05,2026-03-06,2026-03-12,688347,0.01075268817204301,0.9197870741482965,0.08968841452917875,0.0009643915540771908,
stable_medium_capacity,w06,2026-03-05,2026-03-06,2026-03-12,002738,0.01075268817204301,0.9211548096192383,-0.047826086956521685,-0.0005142589995324912,
stable_medium_capacity,w06,2026-03-05,2026-03-06,2026-03-12,000878,0.01075268817204301,0.9216107214428857,-0.03641691084135623,-0.000391579686466196,
stable_medium_capacity,w06,2026-03-05,2026-03-06,2026-03-12,688281,0.01075268817204301,0.922066633266533,-0.06281379002566101,-0.0006754170970501184,
stable_medium_capacity,w06,2026-03-05,2026-03-06,2026-03-12,002436,0.01075268817204301,0.9229784569138276,-0.07324716020368194,-0.0007876038731578702,
stable_medium_capacity,w06,2026-03-05,2026-03-06,2026-03-12,000060,0.01075268817204301,0.9234343687374749,-0.04319371727748689,-0.00046444857287620303,
stable_medium_capacity,w06,2026-03-05,2026-03-06,2026-03-12,688375,0.01075268817204301,0.9238902805611222,0.010763123070136826,0.0001157325061305035,
stable_medium_capacity,w06,2026-03-05,2026-03-06,2026-03-12,002465,0.01075268817204301,0.9243461923847694,-0.025596276905177517,-0.00027522878392663994,
stable_medium_capacity,w06,2026-03-05,2026-03-06,2026-03-12,603077,0.01075268817204301,0.9248021042084168,0.19354838709677424,0.002081165452653486,
stable_medium_capacity,w06,2026-03-05,2026-03-06,2026-03-12,003031,0.01075268817204301,0.925258016032064,0.044114032931924285,0.0004743444401282181,
stable_medium_capacity,w06,2026-03-05,2026-03-06,2026-03-12,601106,0.01075268817204301,0.9261698396793586,-0.04251012145748989,-0.0004570980801880633,
stable_medium_capacity,w06,2026-03-05,2026-03-06,2026-03-12,002008,0.01075268817204301,0.926625751503006,-0.010212646894236177,-0.00010981340746490512,
stable_medium_capacity,w06,2026-03-05,2026-03-06,2026-03-12,300919,0.01075268817204301,0.9270816633266532,0.021946564885496178,0.0002359845686612492,
stable_medium_capacity,w06,2026-03-05,2026-03-06,2026-03-12,688385,0.01075268817204301,0.9275375751503006,-0.14409257003654075,-0.0015493824735111907,
stable_medium_capacity,w06,2026-03-05,2026-03-06,2026-03-12,300223,0.01075268817204301,0.9279934869739479,-0.026016260162601612,-0.0002797447329312001,
stable_medium_capacity,w06,2026-03-05,2026-03-06,2026-03-12,000629,0.01075268817204301,0.9284493987975951,0.012437810945273853,0.00013373990263735325,
stable_medium_capacity,w06,2026-03-05,2026-03-06,2026-03-12,601611,0.01075268817204301,0.9289053106212424,0.0399047051816559,0.0004290828514156548,
stable_medium_capacity,w06,2026-03-05,2026-03-06,2026-03-12,600378,0.01075268817204301,0.7579383767535071,-0.0612024804529524,-0.0006580911876661548,
balanced_extra_wide_capacity,w07,2026-03-12,2026-03-13,2026-03-19,002851,0.015625,0.968311623246493,-0.13643153526970953,-0.0021317427385892113,
balanced_extra_wide_capacity,w07,2026-03-12,2026-03-13,2026-03-19,603225,0.015625,0.9495741482965931,-0.13296703296703294,-0.0020776098901098897,
balanced_extra_wide_capacity,w07,2026-03-12,2026-03-13,2026-03-19,688002,0.015625,0.8840180360721442,-0.04769490254872566,-0.0007452328523238384,
balanced_extra_wide_capacity,w07,2026-03-12,2026-03-13,2026-03-19,688122,0.015625,0.8840180360721442,-0.09420106356039504,-0.0014718916181311725,
balanced_extra_wide_capacity,w07,2026-03-12,2026-03-13,2026-03-19,688281,0.015625,0.8840180360721442,-0.07488095238095249,-0.0011700148809523827,
balanced_extra_wide_capacity,w07,2026-03-12,2026-03-13,2026-03-19,688709,0.015625,0.8840180360721442,-0.029161345253299276,-0.0004556460195828012,
balanced_extra_wide_capacity,w07,2026-03-12,2026-03-13,2026-03-19,000032,0.015625,0.8687124248496995,0.019903173749327596,0.0003109870898332437,
balanced_extra_wide_capacity,w07,2026-03-12,2026-03-13,2026-03-19,002465,0.015625,0.865130260521042,-0.07582089552238802,-0.0011847014925373128,
balanced_extra_wide_capacity,w07,2026-03-12,2026-03-13,2026-03-19,601106,0.015625,0.865130260521042,-0.05708245243128973,-0.0008919133192389021,
balanced_extra_wide_capacity,w07,2026-03-12,2026-03-13,2026-03-19,688385,0.015625,0.806312625250501,0.045396328447417034,0.0007093176319908912,
balanced_extra_wide_capacity,w07,2026-03-12,2026-03-13,2026-03-19,300529,0.015625,0.8002755511022044,-0.011671087533156599,-0.00018236074270557186,
balanced_extra_wide_capacity,w07,2026-03-12,2026-03-13,2026-03-19,300601,0.015625,0.8002755511022044,0.004964539007092261,7.757092198581658e-05,
balanced_extra_wide_capacity,w07,2026-03-12,2026-03-13,2026-03-19,300679,0.015625,0.8002755511022044,-0.0904639175257731,-0.0014134987113402046,
balanced_extra_wide_capacity,w07,2026-03-12,2026-03-13,2026-03-19,600720,0.015625,0.8002755511022044,-0.017931034482758568,-0.0002801724137931026,
balanced_extra_wide_capacity,w07,2026-03-12,2026-03-13,2026-03-19,603707,0.015625,0.8002755511022044,-0.0020304568527917954,-3.1725888324871804e-05,
balanced_extra_wide_capacity,w07,2026-03-12,2026-03-13,2026-03-19,603927,0.015625,0.8002755511022044,-0.014851485148514865,-0.00023205445544554476,
balanced_extra_wide_capacity,w07,2026-03-12,2026-03-13,2026-03-19,300454,0.015625,0.7743486973947896,-0.06920000000000004,-0.0010812500000000006,
balanced_extra_wide_capacity,w07,2026-03-12,2026-03-13,2026-03-19,000883,0.015625,0.7237725450901804,-0.03366336633663369,-0.0005259900990099015,
balanced_extra_wide_capacity,w07,2026-03-12,2026-03-13,2026-03-19,000937,0.015625,0.7237725450901804,-0.028286189683860208,-0.00044197171381031575,
balanced_extra_wide_capacity,w07,2026-03-12,2026-03-13,2026-03-19,001286,0.015625,0.7237725450901804,0.013192612137203241,0.00020613456464380064,
balanced_extra_wide_capacity,w07,2026-03-12,2026-03-13,2026-03-19,002299,0.015625,0.7237725450901804,-0.06414300736067291,-0.0010022344900105142,
balanced_extra_wide_capacity,w07,2026-03-12,2026-03-13,2026-03-19,600098,0.015625,0.7237725450901804,-0.052173913043478404,-0.0008152173913043501,
balanced_extra_wide_capacity,w07,2026-03-12,2026-03-13,2026-03-19,600339,0.015625,0.7237725450901804,-0.06681514476614692,-0.0010439866369710456,
balanced_extra_wide_capacity,w07,2026-03-12,2026-03-13,2026-03-19,600483,0.015625,0.7237725450901804,-0.053442028985507206,-0.0008350317028985501,
balanced_extra_wide_capacity,w07,2026-03-12,2026-03-13,2026-03-19,600546,0.015625,0.7237725450901804,-0.06240126382306488,-0.0009750197472353887,
balanced_extra_wide_capacity,w07,2026-03-12,2026-03-13,2026-03-19,600583,0.015625,0.7237725450901804,-0.03818953323903829,-0.0005967114568599732,
balanced_extra_wide_capacity,w07,2026-03-12,2026-03-13,2026-03-19,600642,0.015625,0.7237725450901804,-0.010940919037199293,-0.00017095185995623895,
balanced_extra_wide_capacity,w07,2026-03-12,2026-03-13,2026-03-19,600863,0.015625,0.7237725450901804,-0.05828779599271405,-0.0009107468123861571,
balanced_extra_wide_capacity,w07,2026-03-12,2026-03-13,2026-03-19,600871,0.015625,0.7237725450901804,-0.06725146198830412,-0.0010508040935672518,
balanced_extra_wide_capacity,w07,2026-03-12,2026-03-13,2026-03-19,600873,0.015625,0.7237725450901804,-0.06535433070866148,-0.0010211614173228356,
balanced_extra_wide_capacity,w07,2026-03-12,2026-03-13,2026-03-19,600968,0.015625,0.7237725450901804,-0.037190082644628086,-0.0005810950413223138,
balanced_extra_wide_capacity,w07,2026-03-12,2026-03-13,2026-03-19,300604,0.015625,0.8840180360721442,-0.0019263183241031712,-3.009872381411205e-05,
balanced_extra_wide_capacity,w07,2026-03-12,2026-03-13,2026-03-19,300285,0.015625,0.8840180360721442,-0.10437272254034369,-0.0016308237896928701,
balanced_extra_wide_capacity,w07,2026-03-12,2026-03-13,2026-03-19,300223,0.015625,0.8840180360721442,0.01769616026711196,0.0002765025041736244,
balanced_extra_wide_capacity,w07,2026-03-12,2026-03-13,2026-03-19,300724,0.015625,0.9101703406813627,-0.0011850347045877507,-1.8516167259183605e-05,
balanced_extra_wide_capacity,w07,2026-03-12,2026-03-13,2026-03-19,003031,0.015625,0.9421593186372745,-0.10580204778156987,-0.0016531569965870293,
balanced_extra_wide_capacity,w07,2026-03-12,2026-03-13,2026-03-19,300627,0.015625,0.9421593186372745,-0.051603905160390595,-0.000806311018131103,
balanced_extra_wide_capacity,w07,2026-03-12,2026-03-13,2026-03-19,603688,0.015625,0.9421593186372745,-0.13782240598543016,-0.0021534750935223463,
balanced_extra_wide_capacity,w07,2026-03-12,2026-03-13,2026-03-19,688027,0.015625,0.9421593186372745,-0.02436923076923081,-0.0003807692307692314,
balanced_extra_wide_capacity,w07,2026-03-12,2026-03-13,2026-03-19,300748,0.015625,0.9217434869739479,-0.10120412844036697,-0.001581314506880734,
balanced_extra_wide_capacity,w07,2026-03-12,2026-03-13,2026-03-19,600363,0.015625,0.9217434869739479,-0.07277116744266254,-0.0011370494912916022,
balanced_extra_wide_capacity,w07,2026-03-12,2026-03-13,2026-03-19,688220,0.015625,0.9217434869739479,-0.041697508018751495,-0.0006515235627929921,
balanced_extra_wide_capacity,w07,2026-03-12,2026-03-13,2026-03-19,000060,0.015625,0.9101703406813627,-0.14227086183310533,-0.002222982216142271,
balanced_extra_wide_capacity,w07,2026-03-12,2026-03-13,2026-03-19,000878,0.015625,0.9101703406813627,-0.17332754126846217,-0.0027082428323197214,
balanced_extra_wide_capacity,w07,2026-03-12,2026-03-13,2026-03-19,002156,0.015625,0.9101703406813627,-0.008202028922943971,-0.00012815670192099955,
balanced_extra_wide_capacity,w07,2026-03-12,2026-03-13,2026-03-19,002195,0.015625,0.9101703406813627,-0.04854368932038833,-0.0007584951456310676,
balanced_extra_wide_capacity,w07,2026-03-12,2026-03-13,2026-03-19,002429,0.015625,0.9101703406813627,-0.0700460829493087,-0.0010944700460829484,
balanced_extra_wide_capacity,w07,2026-03-12,2026-03-13,2026-03-19,002436,0.015625,0.9101703406813627,-0.05283178360101437,-0.0008254966187658495,
balanced_extra_wide_capacity,w07,2026-03-12,2026-03-13,2026-03-19,600497,0.015625,0.9101703406813627,-0.18136272545090182,-0.002833792585170341,
balanced_extra_wide_capacity,w07,2026-03-12,2026-03-13,2026-03-19,002008,0.015625,0.8840180360721442,-0.10954063604240283,-0.0017115724381625442,
balanced_extra_wide_capacity,w07,2026-03-12,2026-03-13,2026-03-19,601168,0.015625,0.9101703406813627,-0.14500818330605558,-0.0022657528641571185,
balanced_extra_wide_capacity,w07,2026-03-12,2026-03-13,2026-03-19,601399,0.015625,0.9101703406813627,-0.07172131147540972,-0.001120645491803277,
balanced_extra_wide_capacity,w07,2026-03-12,2026-03-13,2026-03-19,601608,0.015625,0.9101703406813627,-0.10339943342776203,-0.0016156161473087818,
balanced_extra_wide_capacity,w07,2026-03-12,2026-03-13,2026-03-19,601611,0.015625,0.9101703406813627,-0.11340206185567014,-0.001771907216494846,
balanced_extra_wide_capacity,w07,2026-03-12,2026-03-13,2026-03-19,603920,0.015625,0.9101703406813627,-0.07354748113041953,-0.0011491793926628052,
balanced_extra_wide_capacity,w07,2026-03-12,2026-03-13,2026-03-19,605358,0.015625,0.9101703406813627,-0.035230352303523005,-0.000550474254742547,
balanced_extra_wide_capacity,w07,2026-03-12,2026-03-13,2026-03-19,688347,0.015625,0.9101703406813627,-0.04502369668246442,-0.0007034952606635066,
balanced_extra_wide_capacity,w07,2026-03-12,2026-03-13,2026-03-19,688018,0.015625,0.8955911823647295,-0.058632766895836186,-0.0009161369827474404,
balanced_extra_wide_capacity,w07,2026-03-12,2026-03-13,2026-03-19,688608,0.015625,0.8955911823647295,-0.05768596857488184,-0.0009013432589825288,
balanced_extra_wide_capacity,w07,2026-03-12,2026-03-13,2026-03-19,300070,0.015625,0.8953406813627255,-0.04705882352941182,-0.0007352941176470597,
balanced_extra_wide_capacity,w07,2026-03-12,2026-03-13,2026-03-19,600498,0.015625,0.8915831663326653,-0.17225225225225227,-0.0026914414414414417,
balanced_extra_wide_capacity,w07,2026-03-12,2026-03-13,2026-03-19,688387,0.015625,0.8915831663326653,0.007827788649706457,0.0001223091976516634,
balanced_extra_wide_capacity,w07,2026-03-12,2026-03-13,2026-03-19,000426,0.015625,0.8840180360721442,-0.17305720729956953,-0.002704018864055774,
balanced_extra_wide_capacity,w07,2026-03-12,2026-03-13,2026-03-19,600985,0.015625,0.7237725450901804,-0.07310344827586213,-0.0011422413793103457,
balanced_medium_current,w07,2026-03-12,2026-03-13,2026-03-19,002432,0.020408163265306124,1.0,0.12007472826086962,0.0024505046583850948,
balanced_medium_current,w07,2026-03-12,2026-03-13,2026-03-19,002966,0.020408163265306124,0.9378757515030061,-0.008443908323280902,-0.00017232465965879394,
balanced_medium_current,w07,2026-03-12,2026-03-13,2026-03-19,603920,0.020408163265306124,0.9348697394789579,-0.07354748113041953,-0.0015009690026616233,
balanced_medium_current,w07,2026-03-12,2026-03-13,2026-03-19,002465,0.020408163265306124,0.9318637274549099,-0.07582089552238802,-0.0015473652147426128,
balanced_medium_current,w07,2026-03-12,2026-03-13,2026-03-19,688385,0.020408163265306124,0.9298597194388778,0.045396328447417034,0.0009264556826003477,
balanced_medium_current,w07,2026-03-12,2026-03-13,2026-03-19,000831,0.020408163265306124,0.9278557114228457,-0.11711545555145708,-0.0023901113377848386,
balanced_medium_current,w07,2026-03-12,2026-03-13,2026-03-19,603225,0.020408163265306124,0.9258517034068137,-0.13296703296703294,-0.00271361291769455,
balanced_medium_current,w07,2026-03-12,2026-03-13,2026-03-19,000426,0.020408163265306124,0.9218436873747495,-0.17305720729956953,-0.0035317797408075417,
balanced_medium_current,w07,2026-03-12,2026-03-13,2026-03-19,300567,0.020408163265306124,0.9198396793587175,-0.045454545454545414,-0.0009276437847866412,
balanced_medium_current,w07,2026-03-12,2026-03-13,2026-03-19,002335,0.020408163265306124,0.9178356713426854,-0.04197747550095077,-0.0008566831734887913,
balanced_medium_current,w07,2026-03-12,2026-03-13,2026-03-19,603688,0.020408163265306124,0.9158316633266533,-0.13782240598543016,-0.0028127021629679627,
balanced_medium_current,w07,2026-03-12,2026-03-13,2026-03-19,605358,0.020408163265306124,0.9138276553106213,-0.035230352303523005,-0.0007189867817045512,
balanced_medium_current,w07,2026-03-12,2026-03-13,2026-03-19,301611,0.020408163265306124,0.9118236472945892,-0.08135593220338977,-0.0016603251470079547,
balanced_medium_current,w07,2026-03-12,2026-03-13,2026-03-19,600126,0.020408163265306124,0.9098196392785571,-0.05475206611570238,-0.0011173891044020895,
balanced_medium_current,w07,2026-03-12,2026-03-13,2026-03-19,688676,0.020408163265306124,0.9078156312625251,-0.13620981387478848,-0.0027797921198936424,
balanced_medium_current,w07,2026-03-12,2026-03-13,2026-03-19,601608,0.020408163265306124,0.9038076152304609,-0.10339943342776203,-0.002110192518933919,
balanced_medium_current,w07,2026-03-12,2026-03-13,2026-03-19,601168,0.020408163265306124,0.9018036072144289,-0.14500818330605558,-0.00295935067971542,
balanced_medium_current,w07,2026-03-12,2026-03-13,2026-03-19,000060,0.020408163265306124,0.8897795591182365,-0.14227086183310533,-0.0029034869761858234,
balanced_medium_current,w07,2026-03-12,2026-03-13,2026-03-19,000878,0.020408163265306124,0.8897795591182365,-0.17332754126846217,-0.003537296760580861,
balanced_medium_current,w07,2026-03-12,2026-03-13,2026-03-19,002851,0.020408163265306124,0.8897795591182365,-0.13643153526970953,-0.002784317046320603,
balanced_medium_current,w07,2026-03-12,2026-03-13,2026-03-19,003031,0.020408163265306124,0.8897795591182365,-0.10580204778156987,-0.0021592254649299976,
balanced_medium_current,w07,2026-03-12,2026-03-13,2026-03-19,300604,0.020408163265306124,0.8897795591182365,-0.0019263183241031712,-3.931261885924839e-05,
balanced_medium_current,w07,2026-03-12,2026-03-13,2026-03-19,600497,0.020408163265306124,0.8897795591182365,-0.18136272545090182,-0.0037012801112428946,
balanced_medium_current,w07,2026-03-12,2026-03-13,2026-03-19,601958,0.020408163265306124,0.9348697394789579,-0.15074496056091158,-0.003076427766549216,
balanced_medium_current,w07,2026-03-12,2026-03-13,2026-03-19,688281,0.020408163265306124,0.9398797595190381,-0.07488095238095249,-0.0015281827016520918,
balanced_medium_current,w07,2026-03-12,2026-03-13,2026-03-19,300058,0.020408163265306124,0.9979959919839679,-0.044061302681992265,-0.0008992102588161688,
balanced_medium_current,w07,2026-03-12,2026-03-13,2026-03-19,688615,0.020408163265306124,0.9418837675350702,-0.04584527220630363,-0.0009356178001286457,
balanced_medium_current,w07,2026-03-12,2026-03-13,2026-03-19,000528,0.020408163265306124,0.9959919839679359,-0.07574304889741124,-0.0015457765081104335,
balanced_medium_current,w07,2026-03-12,2026-03-13,2026-03-19,000921,0.020408163265306124,0.9939879759519038,0.0026726057906458767,5.454297531930361e-05,
balanced_medium_current,w07,2026-03-12,2026-03-13,2026-03-19,300474,0.020408163265306124,0.9919839679358717,-0.01493902439024375,-0.0003048780487804847,
balanced_medium_current,w07,2026-03-12,2026-03-13,2026-03-19,603160,0.020408163265306124,0.9899799599198397,-0.018977697742069588,-0.00038729995391978753,
balanced_medium_current,w07,2026-03-12,2026-03-13,2026-03-19,600487,0.020408163265306124,0.9879759519038076,-0.16161026837806303,-0.0032981687424094496,
balanced_medium_current,w07,2026-03-12,2026-03-13,2026-03-19,600392,0.020408163265306124,0.9839679358717435,-0.1333080136726167,-0.0027205717076044223,
balanced_medium_current,w07,2026-03-12,2026-03-13,2026-03-19,688608,0.020408163265306124,0.9819639278557114,-0.05768596857488184,-0.001177264664793507,
balanced_medium_current,w07,2026-03-12,2026-03-13,2026-03-19,601106,0.020408163265306124,0.9799599198396793,-0.05708245243128973,-0.0011649480088018313,
balanced_medium_current,w07,2026-03-12,2026-03-13,2026-03-19,688122,0.020408163265306124,0.9779559118236473,-0.09420106356039504,-0.0019224706849060213,
balanced_medium_current,w07,2026-03-12,2026-03-13,2026-03-19,002281,0.020408163265306124,0.9759519038076152,-0.14571948998178497,-0.002973867142485408,
balanced_medium_current,w07,2026-03-12,2026-03-13,2026-03-19,601179,0.020408163265306124,0.9739478957915831,-0.0820815450643777,-0.0016751335727424022,
balanced_medium_current,w07,2026-03-12,2026-03-13,2026-03-19,300285,0.020408163265306124,0.9719438877755511,-0.10437272254034369,-0.0021300555620478306,
balanced_medium_current,w07,2026-03-12,2026-03-13,2026-03-19,300136,0.020408163265306124,0.9639278557114228,-0.040566741237882176,-0.0008278926783241261,
balanced_medium_current,w07,2026-03-12,2026-03-13,2026-03-19,688387,0.020408163265306124,0.9619238476953907,0.007827788649706457,0.00015975078876951954,
balanced_medium_current,w07,2026-03-12,2026-03-13,2026-03-19,002984,0.020408163265306124,0.9579158316633266,-0.04909560723514228,-0.0010019511680641282,
balanced_medium_current,w07,2026-03-12,2026-03-13,2026-03-19,688375,0.020408163265306124,0.9559118236472945,-0.00235663786331497,-4.809465027173408e-05,
balanced_medium_current,w07,2026-03-12,2026-03-13,2026-03-19,002265,0.020408163265306124,0.9539078156312625,-0.04454342984409798,-0.0009090495886550609,
balanced_medium_current,w07,2026-03-12,2026-03-13,2026-03-19,600060,0.020408163265306124,0.9498997995991983,0.006303466906798727,0.0001286421817714026,
balanced_medium_current,w07,2026-03-12,2026-03-13,2026-03-19,002517,0.020408163265306124,0.9478957915831663,0.0074666666666667325,0.00015238095238095375,
balanced_medium_current,w07,2026-03-12,2026-03-13,2026-03-19,601399,0.020408163265306124,0.9458917835671342,-0.07172131147540972,-0.0014637002341920352,
balanced_medium_current,w07,2026-03-12,2026-03-13,2026-03-19,002738,0.020408163265306124,0.9438877755511023,-0.10228310502283111,-0.00208741030658839,
balanced_medium_current,w07,2026-03-12,2026-03-13,2026-03-19,601611,0.020408163265306124,0.8897795591182365,-0.11340206185567014,-0.0023143277929728603,
economic_medium_capacity,w07,2026-03-12,2026-03-13,2026-03-19,002281,0.036000000004219955,0.9989719438877755,-0.14571948998178497,-0.005245901639959189,
economic_medium_capacity,w07,2026-03-12,2026-03-13,2026-03-19,600642,0.036000000004219955,0.9809138276553107,-0.010940919037199293,-0.0003938730853853447,
economic_medium_capacity,w07,2026-03-12,2026-03-13,2026-03-19,603077,0.036000000004219955,0.9959839679358717,-0.1501501501501501,-0.00540540540603903,
economic_medium_capacity,w07,2026-03-12,2026-03-13,2026-03-19,601611,0.036000000004219955,0.747,-0.11340206185567014,-0.004082474227282677,
economic_medium_capacity,w07,2026-03-12,2026-03-13,2026-03-19,600143,0.036000000004219955,0.9802044088176353,-0.10606889010388176,-0.0038184800441873495,
economic_medium_capacity,w07,2026-03-12,2026-03-13,2026-03-19,002583,0.036000000004219955,0.9804168336673347,-0.021877848678213296,-0.0007876025525080022,
economic_medium_capacity,w07,2026-03-12,2026-03-13,2026-03-19,603565,0.036000000004219955,0.9807094188376754,0.0018198362147405778,6.551410373834042e-05,
economic_medium_capacity,w07,2026-03-12,2026-03-13,2026-03-19,000088,0.036000000004219955,0.9808216432865732,-0.01931330472102999,-0.0006952789700385808,
economic_medium_capacity,w07,2026-03-12,2026-03-13,2026-03-19,600885,0.036000000004219955,0.9810220440881763,-0.09445519019987103,-0.003400386847593954,
economic_medium_capacity,w07,2026-03-12,2026-03-13,2026-03-19,000723,0.036000000004219955,0.9816993987975952,-0.038321167883211826,-0.0013795620439573393,
economic_medium_capacity,w07,2026-03-12,2026-03-13,2026-03-19,603000,0.036000000004219955,0.9897615230460922,-0.007644529383659782,-0.0002752030578440117,
economic_medium_capacity,w07,2026-03-12,2026-03-13,2026-03-19,300058,0.036000000004219955,0.9906833667334669,-0.044061302681992265,-0.0015862068967376582,
economic_medium_capacity,w07,2026-03-12,2026-03-13,2026-03-19,688295,0.036000000004219955,0.9949058116232465,0.4009248554913296,0.014433294799379751,
economic_medium_capacity,w07,2026-03-12,2026-03-13,2026-03-19,601991,0.036000000004219955,0.9949719438877755,-0.08733624454148481,-0.003144104803862008,
economic_medium_capacity,w07,2026-03-12,2026-03-13,2026-03-19,002025,0.036000000004219955,0.7469559118236473,0.013842561707805068,0.0004983322215393974,
economic_medium_capacity,w07,2026-03-12,2026-03-13,2026-03-19,002738,0.036000000000000004,0.7469599198396794,-0.10228310502283111,-0.0036821917808219206,
economic_medium_capacity,w07,2026-03-12,2026-03-13,2026-03-19,603688,0.036000000000000004,0.7469438877755511,-0.13782240598543016,-0.004961606615475486,
economic_medium_capacity,w07,2026-03-12,2026-03-13,2026-03-19,688297,0.036000000000000004,0.7469478957915832,-0.006562158220925984,-0.00023623769595333547,
economic_medium_capacity,w07,2026-03-12,2026-03-13,2026-03-19,688709,0.036000000000000004,0.7469519038076152,-0.029161345253299276,-0.001049808429118774,
economic_medium_capacity,w07,2026-03-12,2026-03-13,2026-03-19,688347,0.036000000000000004,0.7469879759519038,-0.04502369668246442,-0.0016208530805687192,
economic_medium_capacity,w07,2026-03-12,2026-03-13,2026-03-19,000629,0.036000000000000004,0.7469639278557114,-0.144963144963145,-0.00521867321867322,
economic_medium_capacity,w07,2026-03-12,2026-03-13,2026-03-19,605358,0.036000000000000004,0.7469679358717435,-0.035230352303523005,-0.0012682926829268282,
economic_medium_capacity,w07,2026-03-12,2026-03-13,2026-03-19,002436,0.036000000000000004,0.7469719438877755,-0.05283178360101437,-0.0019019442096365176,
economic_medium_capacity,w07,2026-03-12,2026-03-13,2026-03-19,000415,0.036000000000000004,0.7469759519038076,-0.14075630252100835,-0.005067226890756301,
economic_medium_capacity,w07,2026-03-12,2026-03-13,2026-03-19,601106,0.036000000000000004,0.7469959919839679,-0.05708245243128973,-0.0020549682875264305,
economic_medium_capacity,w07,2026-03-12,2026-03-13,2026-03-19,688568,0.03333333331223356,0.746939879759519,-0.02561534058385795,-0.0008538446855881203,
economic_medium_capacity,w07,2026-03-12,2026-03-13,2026-03-19,002465,0.02666666664978681,0.7469318637274549,-0.07582089552238802,-0.0020218905459838347,
economic_medium_capacity,w07,2026-03-12,2026-03-13,2026-03-19,000878,0.019999999987340117,0.7469218436873748,-0.17332754126846217,-0.003466550823174937,
economic_medium_capacity,w07,2026-03-12,2026-03-13,2026-03-19,688122,0.013333333324893405,0.7469218436873748,-0.09420106356039504,-0.001256014180010217,
economic_medium_capacity,w07,2026-03-12,2026-03-13,2026-03-19,600516,0.0066666666624467024,0.7469158316633266,-0.16033755274261607,-0.0010689170176074883,
recent_compact_capacity,w07,2026-03-12,2026-03-13,2026-03-19,688295,0.032972380952380954,0.786002004008016,0.4009248554913296,0.013219447068538403,
recent_compact_capacity,w07,2026-03-12,2026-03-13,2026-03-19,600602,0.032972380952380954,0.7847895791583166,0.02069275753486277,0.0006822894843947467,
recent_compact_capacity,w07,2026-03-12,2026-03-13,2026-03-19,603920,0.032972380952380954,0.7827505010020039,-0.07354748113041953,-0.002425035565920243,
recent_compact_capacity,w07,2026-03-12,2026-03-13,2026-03-19,601567,0.032972380952380954,0.7829158316633266,-0.10031847133757954,-0.0033077388535031824,
recent_compact_capacity,w07,2026-03-12,2026-03-13,2026-03-19,002126,0.032972380952380954,0.7831362725450901,-0.07485281749369221,-0.002468075613761065,
recent_compact_capacity,w07,2026-03-12,2026-03-13,2026-03-19,000559,0.032972380952380954,0.7831362725450901,-0.09391007398975526,-0.0030964387348564925,
recent_compact_capacity,w07,2026-03-12,2026-03-13,2026-03-19,002281,0.032972380952380954,0.7858917835671342,-0.14571948998178497,-0.004804718535866074,
recent_compact_capacity,w07,2026-03-12,2026-03-13,2026-03-19,601991,0.032972380952380954,0.7844589178356712,-0.08733624454148481,-0.002879683925972139,
recent_compact_capacity,w07,2026-03-12,2026-03-13,2026-03-19,300763,0.032972380952380954,0.7845691382765531,-0.017961807525052054,-0.0005922435603093592,
recent_compact_capacity,w07,2026-03-12,2026-03-13,2026-03-19,603077,0.032972380952380954,0.7846793587174348,-0.1501501501501501,-0.0049508079508079495,
recent_compact_capacity,w07,2026-03-12,2026-03-13,2026-03-19,688385,0.032972380952380954,0.7843486973947895,0.045396328447417034,0.001496825035407643,
recent_compact_capacity,w07,2026-03-12,2026-03-13,2026-03-19,300699,0.032972380952380954,0.7848997995991983,-0.16309838826076495,-0.0053777421904532795,
recent_compact_capacity,w07,2026-03-12,2026-03-13,2026-03-19,300857,0.032972380952380954,0.7850100200400801,0.025967819021825767,0.0008562208212901238,
recent_compact_capacity,w07,2026-03-12,2026-03-13,2026-03-19,300058,0.032972380952380954,0.7857815631262525,-0.044061302681992265,-0.0014528060572888135,
recent_compact_capacity,w07,2026-03-12,2026-03-13,2026-03-19,300567,0.032972380952380954,0.7856713426853706,-0.045454545454545414,-0.0014987445887445876,
recent_compact_capacity,w07,2026-03-12,2026-03-13,2026-03-19,002432,0.032972380952380954,0.7855611222444889,0.12007472826086962,0.003959149682971017,
recent_compact_capacity,w07,2026-03-12,2026-03-13,2026-03-19,601118,0.032972380952380954,0.7854509018036071,-0.17745803357314138,-0.005851213886034027,
recent_compact_capacity,w07,2026-03-12,2026-03-13,2026-03-19,300383,0.032972380952380954,0.7825851703406813,0.015815085158150666,0.0005214610126288898,
recent_compact_capacity,w07,2026-03-12,2026-03-13,2026-03-19,688248,0.032972380952380954,0.7853406813627254,-0.09736917357735198,-0.003210493484210955,
recent_compact_capacity,w07,2026-03-12,2026-03-13,2026-03-19,603000,0.032972380952380954,0.7852304609218436,-0.007644529383659782,-0.0002520583350397003,
recent_compact_capacity,w07,2026-03-12,2026-03-13,2026-03-19,002025,0.032972380952380954,0.7851202404809619,0.013842561707805068,0.00045642221798658977,
recent_compact_capacity,w07,2026-03-12,2026-03-13,2026-03-19,688281,0.030758,0.7839629258517034,-0.07488095238095249,-0.002303188333333337,
recent_compact_capacity,w07,2026-03-12,2026-03-13,2026-03-19,001389,0.030758,0.7837975951903807,-0.034778982485404564,-0.0010697319432860736,
recent_compact_capacity,w07,2026-03-12,2026-03-13,2026-03-19,600299,0.030758,0.7836873747494989,-0.0055749128919860835,-0.00017147317073170796,
recent_compact_capacity,w07,2026-03-12,2026-03-13,2026-03-19,000426,0.030758,0.7839629258517034,-0.17305720729956953,-0.00532289358212016,
recent_compact_capacity,w07,2026-03-12,2026-03-13,2026-03-19,002335,0.030758,0.7834669338677354,-0.04197747550095077,-0.0012911431914582438,
recent_compact_capacity,w07,2026-03-12,2026-03-13,2026-03-19,688777,0.030758,0.7833567134268536,-0.013804761233976448,-0.0004246068460346476,
recent_compact_capacity,w07,2026-03-12,2026-03-13,2026-03-19,688037,0.030758,0.7842384769539077,-0.05921089980130578,-0.0018212088560885633,
recent_compact_capacity,w07,2026-03-12,2026-03-13,2026-03-19,002429,0.030758,0.7831362725450901,-0.0700460829493087,-0.002154477419354837,
recent_compact_capacity,w07,2026-03-12,2026-03-13,2026-03-19,000893,0.030758,0.7827505010020039,-0.12257586972612866,-0.0037701886010362653,
recent_compact_capacity,w07,2026-03-12,2026-03-13,2026-03-19,300751,0.030758,0.7835771543086172,-0.0028651014723437562,-8.812479108634926e-05,
recent_compact_current,w07,2026-03-12,2026-03-13,2026-03-19,002281,0.027027027027027035,0.9930861723446893,-0.14571948998178497,-0.0039383645941022975,
recent_compact_current,w07,2026-03-12,2026-03-13,2026-03-19,603077,0.027027027027027035,0.9274549098196393,-0.1501501501501501,-0.0040581121662202745,
recent_compact_current,w07,2026-03-12,2026-03-13,2026-03-19,000893,0.027027027027027035,0.9231713426853707,-0.12257586972612866,-0.0033128613439494243,
recent_compact_current,w07,2026-03-12,2026-03-13,2026-03-19,601001,0.027027027027027035,0.9230711422845691,-0.0504291845493563,-0.0013629509337663868,
recent_compact_current,w07,2026-03-12,2026-03-13,2026-03-19,601106,0.027027027027027035,0.9201152304609219,-0.05708245243128973,-0.0015427689846294528,
recent_compact_current,w07,2026-03-12,2026-03-13,2026-03-19,000559,0.027027027027027035,0.9201152304609218,-0.09391007398975526,-0.002538110107831224,
recent_compact_current,w07,2026-03-12,2026-03-13,2026-03-19,002126,0.027027027027027035,0.9201152304609218,-0.07485281749369221,-0.0020230491214511415,
recent_compact_current,w07,2026-03-12,2026-03-13,2026-03-19,300383,0.027027027027027035,0.9162324649298597,0.015815085158150666,0.0004274347340040722,
recent_compact_current,w07,2026-03-12,2026-03-13,2026-03-19,688248,0.027027027027027035,0.9145290581162325,-0.09736917357735198,-0.0026315992858743785,
recent_compact_current,w07,2026-03-12,2026-03-13,2026-03-19,000878,0.027027027027027035,0.9135020040080161,-0.17332754126846217,-0.004684528142390871,
recent_compact_current,w07,2026-03-12,2026-03-13,2026-03-19,603000,0.027027027027027035,0.9086673346693387,-0.007644529383659782,-0.00020660890226107523,
recent_compact_current,w07,2026-03-12,2026-03-13,2026-03-19,601399,0.027027027027027035,0.9053106212424851,-0.07172131147540972,-0.0019384138236597228,
recent_compact_current,w07,2026-03-12,2026-03-13,2026-03-19,603920,0.027027027027027035,0.9040581162324649,-0.07354748113041953,-0.0019877697602816097,
recent_compact_current,w07,2026-03-12,2026-03-13,2026-03-19,002837,0.027027027027027035,0.9037324649298597,0.0622639583545983,0.001682809685259414,
recent_compact_current,w07,2026-03-12,2026-03-13,2026-03-19,000703,0.027027027027027035,0.9027555110220441,-0.1546474358974359,-0.004179660429660431,
recent_compact_current,w07,2026-03-12,2026-03-13,2026-03-19,688027,0.027027027027027035,0.9027555110220441,-0.02436923076923081,-0.00065862785862786,
recent_compact_current,w07,2026-03-12,2026-03-13,2026-03-19,300223,0.027027027027027035,0.8979458917835672,0.01769616026711196,0.00047827460181383693,
recent_compact_current,w07,2026-03-12,2026-03-13,2026-03-19,688777,0.027027027027027035,0.9267284569138275,-0.013804761233976448,-0.00037310165497233654,
recent_compact_current,w07,2026-03-12,2026-03-13,2026-03-19,002335,0.027027027027027035,0.9308617234468938,-0.04197747550095077,-0.0011345263648905616,
recent_compact_current,w07,2026-03-12,2026-03-13,2026-03-19,300058,0.027027027027027035,0.9852204408817635,-0.044061302681992265,-0.0011908460184322238,
recent_compact_current,w07,2026-03-12,2026-03-13,2026-03-19,002465,0.027027027027027035,0.931688376753507,-0.07582089552238802,-0.002049213392496974,
recent_compact_current,w07,2026-03-12,2026-03-13,2026-03-19,300567,0.027027027027027035,0.977254509018036,-0.045454545454545414,-0.0012285012285012278,
recent_compact_current,w07,2026-03-12,2026-03-13,2026-03-19,002025,0.027027027027027035,0.9697394789579158,0.013842561707805068,0.00037412328940013707,
recent_compact_current,w07,2026-03-12,2026-03-13,2026-03-19,688281,0.027027027027027035,0.9667585170340682,-0.07488095238095249,-0.0020238095238095275,
recent_compact_current,w07,2026-03-12,2026-03-13,2026-03-19,300763,0.027027027027027035,0.9656312625250502,-0.017961807525052054,-0.00048545425743383945,
recent_compact_current,w07,2026-03-12,2026-03-13,2026-03-19,688385,0.027027027027027035,0.9627254509018035,0.045396328447417034,0.0012269277958761365,
recent_compact_current,w07,2026-03-12,2026-03-13,2026-03-19,601991,0.027027027027027035,0.9604709418837676,-0.08733624454148481,-0.0023604390416617524,
recent_compact_current,w07,2026-03-12,2026-03-13,2026-03-19,000426,0.027027027027027035,0.9583416833667335,-0.17305720729956953,-0.004677221818907286,
recent_compact_current,w07,2026-03-12,2026-03-13,2026-03-19,601118,0.027027027027027035,0.9564879759519038,-0.17745803357314138,-0.004796163069544363,
recent_compact_current,w07,2026-03-12,2026-03-13,2026-03-19,300699,0.027027027027027035,0.9531813627254508,-0.16309838826076495,-0.004408064547588244,
recent_compact_current,w07,2026-03-12,2026-03-13,2026-03-19,001389,0.027027027027027035,0.9458917835671343,-0.034778982485404564,-0.000939972499605529,
recent_compact_current,w07,2026-03-12,2026-03-13,2026-03-19,300857,0.027027027027027035,0.9449148296593186,0.025967819021825767,0.0007018329465358317,
recent_compact_current,w07,2026-03-12,2026-03-13,2026-03-19,688037,0.027027027027027035,0.9432364729458917,-0.05921089980130578,-0.0016002945892244812,
recent_compact_current,w07,2026-03-12,2026-03-13,2026-03-19,301358,0.027027027027027035,0.9409068136272545,-0.043331164606376094,-0.001171112556929084,
recent_compact_current,w07,2026-03-12,2026-03-13,2026-03-19,002429,0.027027027027027035,0.9332665330661323,-0.0700460829493087,-0.0018931373770083438,
recent_compact_current,w07,2026-03-12,2026-03-13,2026-03-19,688361,0.027027027027027035,0.9330911823647294,-0.061865889212828096,-0.0016720510598061654,
recent_compact_current,w07,2026-03-12,2026-03-13,2026-03-19,601611,0.027027027027027035,0.8968937875751504,-0.11340206185567014,-0.0030649205906937886,
short_aggressive_compact_capacity,w07,2026-03-12,2026-03-13,2026-03-19,688295,0.03225806451612904,0.9916993987975952,0.4009248554913296,0.012933059854559023,
short_aggressive_compact_capacity,w07,2026-03-12,2026-03-13,2026-03-19,601880,0.03225806451612904,0.9375325651302605,-0.022471910112359605,-0.0007249003262051487,
short_aggressive_compact_capacity,w07,2026-03-12,2026-03-13,2026-03-19,300100,0.03225806451612904,0.9079093186372745,-0.05284301606922126,-0.001704613421587783,
short_aggressive_compact_capacity,w07,2026-03-12,2026-03-13,2026-03-19,688235,0.03225806451612904,0.9084554108216433,0.004960656859390955,0.0001600211890126115,
short_aggressive_compact_capacity,w07,2026-03-12,2026-03-13,2026-03-19,300144,0.03225806451612904,0.9126307615230461,-0.023341523341523396,-0.0007529523658555935,
short_aggressive_compact_capacity,w07,2026-03-12,2026-03-13,2026-03-19,600390,0.03225806451612904,0.9129584168336673,0.0035460992907803135,0.00011439029970259078,
short_aggressive_compact_capacity,w07,2026-03-12,2026-03-13,2026-03-19,002265,0.03225806451612904,0.9153361723446893,-0.04454342984409798,-0.0014368848336805803,
short_aggressive_compact_capacity,w07,2026-03-12,2026-03-13,2026-03-19,601000,0.03225806451612904,0.9166718436873748,-0.011363636363636576,-0.0003665689149560186,
short_aggressive_compact_capacity,w07,2026-03-12,2026-03-13,2026-03-19,002517,0.03225806451612904,0.9181758517034068,0.0074666666666667325,0.00024086021505376562,
short_aggressive_compact_capacity,w07,2026-03-12,2026-03-13,2026-03-19,000528,0.03225806451612904,0.9222169338677355,-0.07574304889741124,-0.0024433241579810082,
short_aggressive_compact_capacity,w07,2026-03-12,2026-03-13,2026-03-19,600332,0.03225806451612904,0.9262019038076152,-0.0063041765169424835,-0.0002033605328045963,
short_aggressive_compact_capacity,w07,2026-03-12,2026-03-13,2026-03-19,600642,0.03225806451612904,0.9287950901803608,-0.010940919037199293,-0.0003529328721677192,
short_aggressive_compact_capacity,w07,2026-03-12,2026-03-13,2026-03-19,600483,0.03225806451612904,0.929996492985972,-0.053442028985507206,-0.0017239364188873295,
short_aggressive_compact_capacity,w07,2026-03-12,2026-03-13,2026-03-19,000883,0.03225806451612904,0.9316347695390782,-0.03366336633663369,-0.0010859150431172162,
short_aggressive_compact_capacity,w07,2026-03-12,2026-03-13,2026-03-19,601997,0.03225806451612904,0.9327550100200401,-0.010204081632652962,-0.00032916392363396656,
short_aggressive_compact_capacity,w07,2026-03-12,2026-03-13,2026-03-19,600546,0.03225806451612904,0.9402805611222446,-0.06240126382306488,-0.002012943994292416,
short_aggressive_compact_capacity,w07,2026-03-12,2026-03-13,2026-03-19,603688,0.03225806451612904,0.984623246492986,-0.13782240598543016,-0.004445884064046135,
short_aggressive_compact_capacity,w07,2026-03-12,2026-03-13,2026-03-19,300001,0.03225806451612904,0.9475981963927856,-0.10619195046439622,-0.0034255467891740722,
short_aggressive_compact_capacity,w07,2026-03-12,2026-03-13,2026-03-19,000598,0.03225806451612904,0.9496012024048096,-0.0348189415041783,-0.0011231916614251067,
short_aggressive_compact_capacity,w07,2026-03-12,2026-03-13,2026-03-19,600970,0.03225806451612904,0.9545881763527054,-0.10526315789473695,-0.003395585738539902,
short_aggressive_compact_capacity,w07,2026-03-12,2026-03-13,2026-03-19,002008,0.03225806451612904,0.9586292585170341,-0.10954063604240283,-0.0035335689045936404,
short_aggressive_compact_capacity,w07,2026-03-12,2026-03-13,2026-03-19,000967,0.03225806451612904,0.9588476953907816,-0.06559139784946244,-0.0021158515435310467,
short_aggressive_compact_capacity,w07,2026-03-12,2026-03-13,2026-03-19,600517,0.03225806451612904,0.959120741482966,-0.09866666666666668,-0.0031827956989247323,
short_aggressive_compact_capacity,w07,2026-03-12,2026-03-13,2026-03-19,605589,0.03225806451612904,0.9626157314629259,-0.0721068249258161,-0.0023260266105101972,
short_aggressive_compact_capacity,w07,2026-03-12,2026-03-13,2026-03-19,300037,0.03225806451612904,0.9672575150300602,-0.08061517660976847,-0.0026004895680570477,
short_aggressive_compact_capacity,w07,2026-03-12,2026-03-13,2026-03-19,688248,0.03225806451612904,0.9706432865731464,-0.09736917357735198,-0.003140941083140387,
short_aggressive_compact_capacity,w07,2026-03-12,2026-03-13,2026-03-19,301358,0.03225806451612904,0.9783977955911825,-0.043331164606376094,-0.001397779503431487,
short_aggressive_compact_capacity,w07,2026-03-12,2026-03-13,2026-03-19,600516,0.03225806451612904,0.9790531062124249,-0.16033755274261607,-0.005172179120729552,
short_aggressive_compact_capacity,w07,2026-03-12,2026-03-13,2026-03-19,002281,0.03225806451612904,0.9829238476953908,-0.14571948998178497,-0.004700628709089838,
short_aggressive_compact_capacity,w07,2026-03-12,2026-03-13,2026-03-19,600487,0.03225806451612904,0.984186372745491,-0.16161026837806303,-0.005213234463808485,
short_aggressive_compact_capacity,w07,2026-03-12,2026-03-13,2026-03-19,600208,0.03225806451612904,0.9010285571142285,-0.0646067415730337,-0.002084088437839797,
short_aggressive_medium_capacity,w07,2026-03-12,2026-03-13,2026-03-19,688295,0.03225806451612904,0.9916993987975952,0.4009248554913296,0.012933059854559023,
short_aggressive_medium_capacity,w07,2026-03-12,2026-03-13,2026-03-19,601880,0.03225806451612904,0.9375325651302605,-0.022471910112359605,-0.0007249003262051487,
short_aggressive_medium_capacity,w07,2026-03-12,2026-03-13,2026-03-19,300100,0.03225806451612904,0.9079093186372745,-0.05284301606922126,-0.001704613421587783,
short_aggressive_medium_capacity,w07,2026-03-12,2026-03-13,2026-03-19,688235,0.03225806451612904,0.9084554108216433,0.004960656859390955,0.0001600211890126115,
short_aggressive_medium_capacity,w07,2026-03-12,2026-03-13,2026-03-19,300144,0.03225806451612904,0.9126307615230461,-0.023341523341523396,-0.0007529523658555935,
short_aggressive_medium_capacity,w07,2026-03-12,2026-03-13,2026-03-19,600390,0.03225806451612904,0.9129584168336673,0.0035460992907803135,0.00011439029970259078,
short_aggressive_medium_capacity,w07,2026-03-12,2026-03-13,2026-03-19,002265,0.03225806451612904,0.9153361723446893,-0.04454342984409798,-0.0014368848336805803,
short_aggressive_medium_capacity,w07,2026-03-12,2026-03-13,2026-03-19,601000,0.03225806451612904,0.9166718436873748,-0.011363636363636576,-0.0003665689149560186,
short_aggressive_medium_capacity,w07,2026-03-12,2026-03-13,2026-03-19,002517,0.03225806451612904,0.9181758517034068,0.0074666666666667325,0.00024086021505376562,
short_aggressive_medium_capacity,w07,2026-03-12,2026-03-13,2026-03-19,000528,0.03225806451612904,0.9222169338677355,-0.07574304889741124,-0.0024433241579810082,
short_aggressive_medium_capacity,w07,2026-03-12,2026-03-13,2026-03-19,600332,0.03225806451612904,0.9262019038076152,-0.0063041765169424835,-0.0002033605328045963,
short_aggressive_medium_capacity,w07,2026-03-12,2026-03-13,2026-03-19,600642,0.03225806451612904,0.9287950901803608,-0.010940919037199293,-0.0003529328721677192,
short_aggressive_medium_capacity,w07,2026-03-12,2026-03-13,2026-03-19,600483,0.03225806451612904,0.929996492985972,-0.053442028985507206,-0.0017239364188873295,
short_aggressive_medium_capacity,w07,2026-03-12,2026-03-13,2026-03-19,000883,0.03225806451612904,0.9316347695390782,-0.03366336633663369,-0.0010859150431172162,
short_aggressive_medium_capacity,w07,2026-03-12,2026-03-13,2026-03-19,601997,0.03225806451612904,0.9327550100200401,-0.010204081632652962,-0.00032916392363396656,
short_aggressive_medium_capacity,w07,2026-03-12,2026-03-13,2026-03-19,600546,0.03225806451612904,0.9402805611222446,-0.06240126382306488,-0.002012943994292416,
short_aggressive_medium_capacity,w07,2026-03-12,2026-03-13,2026-03-19,603688,0.03225806451612904,0.984623246492986,-0.13782240598543016,-0.004445884064046135,
short_aggressive_medium_capacity,w07,2026-03-12,2026-03-13,2026-03-19,300001,0.03225806451612904,0.9475981963927856,-0.10619195046439622,-0.0034255467891740722,
short_aggressive_medium_capacity,w07,2026-03-12,2026-03-13,2026-03-19,000598,0.03225806451612904,0.9496012024048096,-0.0348189415041783,-0.0011231916614251067,
short_aggressive_medium_capacity,w07,2026-03-12,2026-03-13,2026-03-19,600970,0.03225806451612904,0.9545881763527054,-0.10526315789473695,-0.003395585738539902,
short_aggressive_medium_capacity,w07,2026-03-12,2026-03-13,2026-03-19,002008,0.03225806451612904,0.9586292585170341,-0.10954063604240283,-0.0035335689045936404,
short_aggressive_medium_capacity,w07,2026-03-12,2026-03-13,2026-03-19,000967,0.03225806451612904,0.9588476953907816,-0.06559139784946244,-0.0021158515435310467,
short_aggressive_medium_capacity,w07,2026-03-12,2026-03-13,2026-03-19,600517,0.03225806451612904,0.959120741482966,-0.09866666666666668,-0.0031827956989247323,
short_aggressive_medium_capacity,w07,2026-03-12,2026-03-13,2026-03-19,605589,0.03225806451612904,0.9626157314629259,-0.0721068249258161,-0.0023260266105101972,
short_aggressive_medium_capacity,w07,2026-03-12,2026-03-13,2026-03-19,300037,0.03225806451612904,0.9672575150300602,-0.08061517660976847,-0.0026004895680570477,
short_aggressive_medium_capacity,w07,2026-03-12,2026-03-13,2026-03-19,688248,0.03225806451612904,0.9706432865731464,-0.09736917357735198,-0.003140941083140387,
short_aggressive_medium_capacity,w07,2026-03-12,2026-03-13,2026-03-19,301358,0.03225806451612904,0.9783977955911825,-0.043331164606376094,-0.001397779503431487,
short_aggressive_medium_capacity,w07,2026-03-12,2026-03-13,2026-03-19,600516,0.03225806451612904,0.9790531062124249,-0.16033755274261607,-0.005172179120729552,
short_aggressive_medium_capacity,w07,2026-03-12,2026-03-13,2026-03-19,002281,0.03225806451612904,0.9829238476953908,-0.14571948998178497,-0.004700628709089838,
short_aggressive_medium_capacity,w07,2026-03-12,2026-03-13,2026-03-19,600487,0.03225806451612904,0.984186372745491,-0.16161026837806303,-0.005213234463808485,
short_aggressive_medium_capacity,w07,2026-03-12,2026-03-13,2026-03-19,600208,0.03225806451612904,0.9010285571142285,-0.0646067415730337,-0.002084088437839797,
short_aggressive_wide_capacity,w07,2026-03-12,2026-03-13,2026-03-19,688027,0.036000000004219955,0.9699889779559119,-0.02436923076923081,-0.0008772923077951463,
short_aggressive_wide_capacity,w07,2026-03-12,2026-03-13,2026-03-19,002335,0.036000000004219955,0.950258517034068,-0.04197747550095077,-0.0015111891182113706,
short_aggressive_wide_capacity,w07,2026-03-12,2026-03-13,2026-03-19,600549,0.036000000004219955,0.9672189378757514,-0.1880228974020255,-0.006768824307266366,
short_aggressive_wide_capacity,w07,2026-03-12,2026-03-13,2026-03-19,300751,0.036000000004219955,0.9294198396793587,-0.0028651014723437562,-0.00010314365301646582,
short_aggressive_wide_capacity,w07,2026-03-12,2026-03-13,2026-03-19,002831,0.036000000004219955,0.9351057114228456,0.038067349926793614,0.0013704245975252125,
short_aggressive_wide_capacity,w07,2026-03-12,2026-03-13,2026-03-19,000960,0.036000000004219955,0.936686372745491,-0.14367816091954022,-0.0051724137937097635,
short_aggressive_wide_capacity,w07,2026-03-12,2026-03-13,2026-03-19,600141,0.036000000004219955,0.9371753507014029,-0.2015369360436292,-0.007255329698421129,
short_aggressive_wide_capacity,w07,2026-03-12,2026-03-13,2026-03-19,002738,0.036000000004219955,0.9390651302605211,-0.10228310502283111,-0.00368219178125355,
short_aggressive_wide_capacity,w07,2026-03-12,2026-03-13,2026-03-19,688248,0.036000000004219955,0.950567635270541,-0.09736917357735198,-0.0035052902491955647,
short_aggressive_wide_capacity,w07,2026-03-12,2026-03-13,2026-03-19,000830,0.036000000004219955,0.9529463927855713,-0.18768619662363462,-0.006756703079242874,
short_aggressive_wide_capacity,w07,2026-03-12,2026-03-13,2026-03-19,300383,0.036000000004219955,0.9573947895791584,0.015815085158150666,0.0005693430657601629,
short_aggressive_wide_capacity,w07,2026-03-12,2026-03-13,2026-03-19,603077,0.036000000004219955,0.9597735470941884,-0.1501501501501501,-0.00540540540603903,
short_aggressive_wide_capacity,w07,2026-03-12,2026-03-13,2026-03-19,600096,0.036000000004219955,0.9600826653306613,-0.12520710059171591,-0.004507455621830141,
short_aggressive_wide_capacity,w07,2026-03-12,2026-03-13,2026-03-19,600392,0.036000000004219955,0.9652314629258518,-0.1333080136726167,-0.004799088492776754,
short_aggressive_wide_capacity,w07,2026-03-12,2026-03-13,2026-03-19,002080,0.036000000004219955,0.9157665330661322,-0.08845903064551186,-0.00318452510361172,
short_aggressive_wide_capacity,w07,2026-03-12,2026-03-13,2026-03-19,600131,0.036000000000000004,0.9167935871743488,-0.06282271944922535,-0.0022616179001721127,
short_aggressive_wide_capacity,w07,2026-03-12,2026-03-13,2026-03-19,002851,0.036000000000000004,0.9128987975951903,-0.13643153526970953,-0.004911535269709544,
short_aggressive_wide_capacity,w07,2026-03-12,2026-03-13,2026-03-19,301358,0.036000000000000004,0.9132254509018036,-0.043331164606376094,-0.0015599219258295395,
short_aggressive_wide_capacity,w07,2026-03-12,2026-03-13,2026-03-19,002430,0.036000000000000004,0.9136968937875751,-0.07630392788151952,-0.002746941403734703,
short_aggressive_wide_capacity,w07,2026-03-12,2026-03-13,2026-03-19,002353,0.036000000000000004,0.926308617234469,-0.09661657601180051,-0.003478196736424819,
short_aggressive_wide_capacity,w07,2026-03-12,2026-03-13,2026-03-19,601179,0.036000000000000004,0.9196437875751502,-0.0820815450643777,-0.0029549356223175977,
short_aggressive_wide_capacity,w07,2026-03-12,2026-03-13,2026-03-19,600312,0.036000000000000004,0.9208331663326652,-0.09545836837678723,-0.0034365012615643407,
short_aggressive_wide_capacity,w07,2026-03-12,2026-03-13,2026-03-19,600352,0.036000000000000004,0.9244013026052105,-0.12394548994159638,-0.00446203763789747,
short_aggressive_wide_capacity,w07,2026-03-12,2026-03-13,2026-03-19,600487,0.036000000000000004,0.9255906813627255,-0.16161026837806303,-0.005817969661610269,
short_aggressive_wide_capacity,w07,2026-03-12,2026-03-13,2026-03-19,002312,0.036000000000000004,0.9291588176352705,-0.09125766871165641,-0.0032852760736196314,
short_aggressive_wide_capacity,w07,2026-03-12,2026-03-13,2026-03-19,300763,0.03333333331223356,0.9120360721442886,-0.017961807525052054,-0.000598726917122745,
short_aggressive_wide_capacity,w07,2026-03-12,2026-03-13,2026-03-19,600126,0.02666666664978681,0.9037104208416834,-0.05475206611570238,-0.0014600550954945231,
short_aggressive_wide_capacity,w07,2026-03-12,2026-03-13,2026-03-19,001221,0.019999999987340117,0.9025210420841684,0.02925491391132118,0.0005850982778560598,
short_aggressive_wide_capacity,w07,2026-03-12,2026-03-13,2026-03-19,688361,0.013333333324893405,0.9001422845691383,-0.061865889212828096,-0.0008248785223155643,
short_aggressive_wide_capacity,w07,2026-03-12,2026-03-13,2026-03-19,002837,0.0066666666624467024,0.8965741482965932,0.0622639583545983,0.00041509305543457035,
stable_compact_capacity,w07,2026-03-12,2026-03-13,2026-03-19,688295,0.030303030303030304,0.9995370741482966,0.4009248554913296,0.012149238045191807,
stable_compact_capacity,w07,2026-03-12,2026-03-13,2026-03-19,603225,0.030303030303030304,0.9624529058116232,-0.13296703296703294,-0.004029304029304029,
stable_compact_capacity,w07,2026-03-12,2026-03-13,2026-03-19,688002,0.030303030303030304,0.9366533066132264,-0.04769490254872566,-0.0014453000772341109,
stable_compact_capacity,w07,2026-03-12,2026-03-13,2026-03-19,002156,0.030303030303030304,0.9366533066132264,-0.008202028922943971,-0.00024854633099830216,
stable_compact_capacity,w07,2026-03-12,2026-03-13,2026-03-19,605358,0.030303030303030304,0.9395931863727455,-0.035230352303523005,-0.001067586433440091,
stable_compact_capacity,w07,2026-03-12,2026-03-13,2026-03-19,688347,0.030303030303030304,0.9464529058116232,-0.04502369668246442,-0.0013643544449231642,
stable_compact_capacity,w07,2026-03-12,2026-03-13,2026-03-19,601399,0.030303030303030304,0.9464529058116232,-0.07172131147540972,-0.0021733730750124157,
stable_compact_capacity,w07,2026-03-12,2026-03-13,2026-03-19,600497,0.030303030303030304,0.9464529058116232,-0.18136272545090182,-0.005495840165178843,
stable_compact_capacity,w07,2026-03-12,2026-03-13,2026-03-19,300223,0.030303030303030304,0.9464529058116232,0.01769616026711196,0.0005362472808215745,
stable_compact_capacity,w07,2026-03-12,2026-03-13,2026-03-19,000878,0.030303030303030304,0.9464529058116232,-0.17332754126846217,-0.0052523497354079445,
stable_compact_capacity,w07,2026-03-12,2026-03-13,2026-03-19,000060,0.030303030303030304,0.9464529058116232,-0.14227086183310533,-0.004311238237366829,
stable_compact_capacity,w07,2026-03-12,2026-03-13,2026-03-19,688122,0.030303030303030304,0.9543927855711423,-0.09420106356039504,-0.0028545776836483346,
stable_compact_capacity,w07,2026-03-12,2026-03-13,2026-03-19,601611,0.030303030303030304,0.9572324649298597,-0.11340206185567014,-0.003436426116838489,
stable_compact_capacity,w07,2026-03-12,2026-03-13,2026-03-19,002851,0.030303030303030304,0.9572324649298597,-0.13643153526970953,-0.004134288947566955,
stable_compact_capacity,w07,2026-03-12,2026-03-13,2026-03-19,002195,0.030303030303030304,0.9572324649298597,-0.04854368932038833,-0.001471020888496616,
stable_compact_capacity,w07,2026-03-12,2026-03-13,2026-03-19,601991,0.030303030303030304,0.9623406813627254,-0.08733624454148481,-0.0026465528648934793,
stable_compact_capacity,w07,2026-03-12,2026-03-13,2026-03-19,688027,0.030303030303030304,0.9650721442885771,-0.02436923076923081,-0.0007384615384615397,
stable_compact_capacity,w07,2026-03-12,2026-03-13,2026-03-19,002281,0.030303030303030304,0.9956172344689379,-0.14571948998178497,-0.0044157421206601506,
stable_compact_capacity,w07,2026-03-12,2026-03-13,2026-03-19,688608,0.030303030303030304,0.9665250501002004,-0.05768596857488184,-0.0017480596537842983,
stable_compact_capacity,w07,2026-03-12,2026-03-13,2026-03-19,603920,0.030303030303030304,0.9698517034068136,-0.07354748113041953,-0.0022287115494066525,
stable_compact_capacity,w07,2026-03-12,2026-03-13,2026-03-19,002429,0.030303030303030304,0.9709519038076152,-0.0700460829493087,-0.0021226085742214757,
stable_compact_capacity,w07,2026-03-12,2026-03-13,2026-03-19,601168,0.030303030303030304,0.9729118236472946,-0.14500818330605558,-0.004394187372910775,
stable_compact_capacity,w07,2026-03-12,2026-03-13,2026-03-19,003031,0.030303030303030304,0.9748717434869739,-0.10580204778156987,-0.003206122660047572,
stable_compact_capacity,w07,2026-03-12,2026-03-13,2026-03-19,300604,0.030303030303030304,0.9768316633266533,-0.0019263183241031712,-5.8373282548580946e-05,
stable_compact_capacity,w07,2026-03-12,2026-03-13,2026-03-19,002008,0.030303030303030304,0.9778877755511022,-0.10954063604240283,-0.0033194132134061463,
stable_compact_capacity,w07,2026-03-12,2026-03-13,2026-03-19,688281,0.030303030303030304,0.9816112224448897,-0.07488095238095249,-0.0022691197691197726,
stable_compact_capacity,w07,2026-03-12,2026-03-13,2026-03-19,300285,0.030303030303030304,0.9839458917835672,-0.10437272254034369,-0.0031628097739498087,
stable_compact_capacity,w07,2026-03-12,2026-03-13,2026-03-19,603688,0.030303030303030304,0.9853106212424849,-0.13782240598543016,-0.004176436545013035,
stable_compact_capacity,w07,2026-03-12,2026-03-13,2026-03-19,000426,0.030303030303030304,0.9878657314629259,-0.17305720729956953,-0.005244157796956653,
stable_compact_capacity,w07,2026-03-12,2026-03-13,2026-03-19,003035,0.030303030303030304,0.989186372745491,-0.19716981132075473,-0.005974842767295598,
stable_compact_capacity,w07,2026-03-12,2026-03-13,2026-03-19,688385,0.030303030303030304,0.9918957915831663,0.045396328447417034,0.001375646316588395,
stable_compact_capacity,w07,2026-03-12,2026-03-13,2026-03-19,603077,0.030303030303030304,0.9935470941883767,-0.1501501501501501,-0.004550004550004549,
stable_compact_capacity,w07,2026-03-12,2026-03-13,2026-03-19,601608,0.030303030303030304,0.933250501002004,-0.10339943342776203,-0.0031333161644776374,
stable_compact_current,w07,2026-03-12,2026-03-13,2026-03-19,601231,0.03253310000000001,0.9596873747494991,-0.08235294117647052,-0.0026791964705882338,
stable_compact_current,w07,2026-03-12,2026-03-13,2026-03-19,000060,0.03253310000000001,0.9351492985971945,-0.14227086183310533,-0.0046285121751026,
stable_compact_current,w07,2026-03-12,2026-03-13,2026-03-19,601399,0.03253310000000001,0.9196993987975952,-0.07172131147540972,-0.0023333165983606525,
stable_compact_current,w07,2026-03-12,2026-03-13,2026-03-19,601958,0.03253310000000001,0.9251523046092185,-0.15074496056091158,-0.004904200876424194,
stable_compact_current,w07,2026-03-12,2026-03-13,2026-03-19,688375,0.03253310000000001,0.9351492985971945,-0.00235663786331497,-7.666873527101227e-05,
stable_compact_current,w07,2026-03-12,2026-03-13,2026-03-19,603688,0.03253310000000001,0.9587785571142284,-0.13782240598543016,-0.004483790116164599,
stable_compact_current,w07,2026-03-12,2026-03-13,2026-03-19,002195,0.03253310000000001,0.9351492985971945,-0.04854368932038833,-0.001579276699029126,
stable_compact_current,w07,2026-03-12,2026-03-13,2026-03-19,000960,0.03253310000000001,0.9351492985971945,-0.14367816091954022,-0.004674295977011495,
stable_compact_current,w07,2026-03-12,2026-03-13,2026-03-19,000878,0.03253310000000001,0.9351492985971945,-0.17332754126846217,-0.005638882232841008,
stable_compact_current,w07,2026-03-12,2026-03-13,2026-03-19,000426,0.03253310000000001,0.9351492985971945,-0.17305720729956953,-0.005630087430797627,
stable_compact_current,w07,2026-03-12,2026-03-13,2026-03-19,002851,0.03253310000000001,0.9351492985971945,-0.13643153526970953,-0.004438540780082988,
stable_compact_current,w07,2026-03-12,2026-03-13,2026-03-19,688281,0.03253310000000001,0.9451462925851704,-0.07488095238095249,-0.002436109511904766,
stable_compact_current,w07,2026-03-12,2026-03-13,2026-03-19,002738,0.03253310000000001,0.9451462925851704,-0.10228310502283111,-0.0033275864840182677,
stable_compact_current,w07,2026-03-12,2026-03-13,2026-03-19,600497,0.03253310000000001,0.9542344689378758,-0.18136272545090182,-0.005900291683366736,
stable_compact_current,w07,2026-03-12,2026-03-13,2026-03-19,601611,0.03253310000000001,0.9542344689378758,-0.11340206185567014,-0.0036893206185567035,
stable_compact_current,w07,2026-03-12,2026-03-13,2026-03-19,003031,0.03253310000000001,0.9515080160320641,-0.10580204778156987,-0.0034420686006825917,
stable_compact_current,w07,2026-03-12,2026-03-13,2026-03-19,605358,0.03253310000000001,0.9196993987975952,-0.035230352303523005,-0.0011461525745257446,
stable_compact_current,w07,2026-03-12,2026-03-13,2026-03-19,300285,0.03253310000000001,0.9505991983967936,-0.10437272254034369,-0.0033955682196772563,
stable_compact_current,w07,2026-03-12,2026-03-13,2026-03-19,688385,0.03253310000000001,0.9496903807615231,0.045396328447417034,0.0014768832930126634,
stable_compact_current,w07,2026-03-12,2026-03-13,2026-03-19,002465,0.03253310000000001,0.9451462925851704,-0.07582089552238802,-0.0024666887761194026,
stable_compact_current,w07,2026-03-12,2026-03-13,2026-03-19,300604,0.03175800000000001,0.9351492985971945,-0.0019263183241031712,-6.117601733686853e-05,
stable_compact_current,w07,2026-03-12,2026-03-13,2026-03-19,300724,0.03175800000000001,0.9351492985971945,-0.0011850347045877507,-3.76343321482978e-05,
stable_compact_current,w07,2026-03-12,2026-03-13,2026-03-19,300757,0.03175800000000001,0.9351492985971945,-0.07431878848745943,-0.0023602160847847374,
stable_compact_current,w07,2026-03-12,2026-03-13,2026-03-19,301308,0.03175800000000001,0.9351492985971945,0.11755485893416928,0.003733307210031349,
stable_compact_current,w07,2026-03-12,2026-03-13,2026-03-19,300223,0.03175800000000001,0.9351492985971945,0.01769616026711196,0.0005619946577629418,
stable_compact_current,w07,2026-03-12,2026-03-13,2026-03-19,603920,0.03175800000000001,0.9351492985971945,-0.07354748113041953,-0.002335720905739864,
stable_compact_current,w07,2026-03-12,2026-03-13,2026-03-19,688027,0.03175800000000001,0.9351492985971945,-0.02436923076923081,-0.0007739180307692323,
stable_compact_current,w07,2026-03-12,2026-03-13,2026-03-19,688568,0.03175800000000001,0.9351492985971945,-0.02561534058385795,-0.000813491986262161,
stable_compact_current,w07,2026-03-12,2026-03-13,2026-03-19,002156,0.03175800000000001,0.9196993987975952,-0.008202028922943971,-0.0002604800345348547,
stable_compact_current,w07,2026-03-12,2026-03-13,2026-03-19,601106,0.03175800000000001,0.9196993987975952,-0.05708245243128973,-0.0018128245243128997,
stable_compact_current,w07,2026-03-12,2026-03-13,2026-03-19,601168,0.03175800000000001,0.9351492985971945,-0.14500818330605558,-0.004605169885433714,
stable_extra_wide_capacity,w07,2026-03-12,2026-03-13,2026-03-19,688220,0.02173913043478261,0.9774398797595191,-0.041697508018751495,-0.0009064675656250326,
stable_extra_wide_capacity,w07,2026-03-12,2026-03-13,2026-03-19,603885,0.02173913043478261,0.7707615230460922,-0.048881524440762214,-0.0010626418356687439,
stable_extra_wide_capacity,w07,2026-03-12,2026-03-13,2026-03-19,600141,0.02173913043478261,0.7990981963927857,-0.2015369360436292,-0.004381237740078896,
stable_extra_wide_capacity,w07,2026-03-12,2026-03-13,2026-03-19,688676,0.02173913043478261,0.7990981963927857,-0.13620981387478848,-0.002961082910321489,
stable_extra_wide_capacity,w07,2026-03-12,2026-03-13,2026-03-19,000629,0.02173913043478261,0.7869188376753508,-0.144963144963145,-0.0031513727165901092,
stable_extra_wide_capacity,w07,2026-03-12,2026-03-13,2026-03-19,000528,0.02173913043478261,0.7772094188376755,-0.07574304889741124,-0.00164658801950894,
stable_extra_wide_capacity,w07,2026-03-12,2026-03-13,2026-03-19,002773,0.02173913043478261,0.7772094188376755,-0.03442028985507262,-0.0007482671707624483,
stable_extra_wide_capacity,w07,2026-03-12,2026-03-13,2026-03-19,603298,0.02173913043478261,0.7772094188376755,-0.08956356736242899,-0.0019470340730962825,
stable_extra_wide_capacity,w07,2026-03-12,2026-03-13,2026-03-19,603338,0.02173913043478261,0.7772094188376755,-0.047458262990058175,-0.001031701369349091,
stable_extra_wide_capacity,w07,2026-03-12,2026-03-13,2026-03-19,002294,0.02173913043478261,0.7707615230460922,0.0990080122090804,0.002152348091501748,
stable_extra_wide_capacity,w07,2026-03-12,2026-03-13,2026-03-19,300601,0.02173913043478261,0.7707615230460922,0.004964539007092261,0.00010792476102374483,
stable_extra_wide_capacity,w07,2026-03-12,2026-03-13,2026-03-19,688266,0.02173913043478261,0.7707615230460922,0.060767326732673155,0.001321028842014634,
stable_extra_wide_capacity,w07,2026-03-12,2026-03-13,2026-03-19,002958,0.02173913043478261,0.9566082164328658,-0.012618296529968487,-0.00027431079412974975,
stable_extra_wide_capacity,w07,2026-03-12,2026-03-13,2026-03-19,688578,0.02173913043478261,0.7707615230460922,-0.031203879401222823,-0.0006783452043744092,
stable_extra_wide_capacity,w07,2026-03-12,2026-03-13,2026-03-19,002851,0.02173913043478261,0.7617935871743486,-0.13643153526970953,-0.0029659029406458597,
stable_extra_wide_capacity,w07,2026-03-12,2026-03-13,2026-03-19,003031,0.02173913043478261,0.7617935871743486,-0.10580204778156987,-0.0023000445169906497,
stable_extra_wide_capacity,w07,2026-03-12,2026-03-13,2026-03-19,300627,0.02173913043478261,0.7617935871743486,-0.051603905160390595,-0.0011218240252258826,
stable_extra_wide_capacity,w07,2026-03-12,2026-03-13,2026-03-19,603688,0.02173913043478261,0.7617935871743486,-0.13782240598543016,-0.00299613926055283,
stable_extra_wide_capacity,w07,2026-03-12,2026-03-13,2026-03-19,688027,0.02173913043478261,0.7617935871743486,-0.02436923076923081,-0.0005297658862876264,
stable_extra_wide_capacity,w07,2026-03-12,2026-03-13,2026-03-19,000921,0.02173913043478261,0.7492434869739479,0.0026726057906458767,5.8100125883606025e-05,
stable_extra_wide_capacity,w07,2026-03-12,2026-03-13,2026-03-19,002007,0.02173913043478261,0.7492434869739479,-0.019016393442622848,-0.00041339985744832285,
stable_extra_wide_capacity,w07,2026-03-12,2026-03-13,2026-03-19,002032,0.02173913043478261,0.7492434869739479,0.01565335753176056,0.0003402903811252296,
stable_extra_wide_capacity,w07,2026-03-12,2026-03-13,2026-03-19,002080,0.02173913043478261,0.7990981963927857,-0.08845903064551186,-0.0019230224053372147,
stable_extra_wide_capacity,w07,2026-03-12,2026-03-13,2026-03-19,688234,0.02173913043478261,0.8015681362725451,-0.04910929224843519,-0.0010675933097485913,
stable_extra_wide_capacity,w07,2026-03-12,2026-03-13,2026-03-19,300496,0.02173913043478261,0.8015681362725451,-0.05965417867435163,-0.0012968299711815575,
stable_extra_wide_capacity,w07,2026-03-12,2026-03-13,2026-03-19,600704,0.02173913043478261,0.804433867735471,-0.05861456483126115,-0.0012742296702448078,
stable_extra_wide_capacity,w07,2026-03-12,2026-03-13,2026-03-19,601997,0.02173913043478261,0.9566082164328658,-0.010204081632652962,-0.00022182786157941224,
stable_extra_wide_capacity,w07,2026-03-12,2026-03-13,2026-03-19,600329,0.02173913043478261,0.9487274549098197,0.005736137667303964,0.00012469864494139054,
stable_extra_wide_capacity,w07,2026-03-12,2026-03-13,2026-03-19,300383,0.02173913043478261,0.8828006012024048,0.015815085158150666,0.0003438061990902319,
stable_extra_wide_capacity,w07,2026-03-12,2026-03-13,2026-03-19,002335,0.02173913043478261,0.8742034068136273,-0.04197747550095077,-0.0009125538152380603,
stable_extra_wide_capacity,w07,2026-03-12,2026-03-13,2026-03-19,000032,0.02173913043478261,0.8663927855711423,0.019903173749327596,0.0004326776902027739,
stable_extra_wide_capacity,w07,2026-03-12,2026-03-13,2026-03-19,300748,0.02173913043478261,0.8663927855711423,-0.10120412844036697,-0.00220008974870363,
stable_extra_wide_capacity,w07,2026-03-12,2026-03-13,2026-03-19,600363,0.02173913043478261,0.8663927855711423,-0.07277116744266254,-0.001581981900927447,
stable_extra_wide_capacity,w07,2026-03-12,2026-03-13,2026-03-19,601098,0.02173913043478261,0.8505761523046093,-0.0018034265103696878,-3.920492413847148e-05,
stable_extra_wide_capacity,w07,2026-03-12,2026-03-13,2026-03-19,601598,0.02173913043478261,0.8505761523046093,-0.02341137123745829,-0.0005089428529882237,
stable_extra_wide_capacity,w07,2026-03-12,2026-03-13,2026-03-19,603077,0.02173913043478261,0.8189028056112224,-0.1501501501501501,-0.003264133698916307,
stable_extra_wide_capacity,w07,2026-03-12,2026-03-13,2026-03-19,000513,0.02173913043478261,0.8130310621242487,-0.005758710048948901,-0.0001251893488901935,
stable_extra_wide_capacity,w07,2026-03-12,2026-03-13,2026-03-19,300888,0.02173913043478261,0.8130310621242487,-0.015026517383618043,-0.00032666342138300096,
stable_extra_wide_capacity,w07,2026-03-12,2026-03-13,2026-03-19,600380,0.02173913043478261,0.8130310621242487,-0.015124555160142328,-0.0003287946773943985,
stable_extra_wide_capacity,w07,2026-03-12,2026-03-13,2026-03-19,603087,0.02173913043478261,0.8130310621242487,-0.02187799425103798,-0.0004756085706747388,
stable_extra_wide_capacity,w07,2026-03-12,2026-03-13,2026-03-19,603486,0.02173913043478261,0.8130310621242487,-0.0336553443440325,-0.0007316379205224457,
stable_extra_wide_capacity,w07,2026-03-12,2026-03-13,2026-03-19,688336,0.02173913043478261,0.8130310621242487,0.1851657940663176,0.004025343349267775,
stable_extra_wide_capacity,w07,2026-03-12,2026-03-13,2026-03-19,603833,0.02173913043478261,0.8080160320641283,0.06730408698912638,0.0014631323258505735,
stable_extra_wide_capacity,w07,2026-03-12,2026-03-13,2026-03-19,603707,0.02173913043478261,0.8065831663326655,-0.0020304568527917954,-4.4140366365039035e-05,
stable_extra_wide_capacity,w07,2026-03-12,2026-03-13,2026-03-19,600038,0.02173913043478261,0.804433867735471,-0.04997239094422978,-0.0010863563248745605,
stable_extra_wide_capacity,w07,2026-03-12,2026-03-13,2026-03-19,002262,0.02173913043478261,0.7492434869739479,-0.010624169986719667,-0.0002309602171026015,
stable_medium_capacity,w07,2026-03-12,2026-03-13,2026-03-19,300570,0.01075268817204301,0.9463026052104209,-0.11414973181234422,-0.0012274164711004755,
stable_medium_capacity,w07,2026-03-12,2026-03-13,2026-03-19,601016,0.01075268817204301,0.8529008016032065,0.031602708803611934,0.00033981407315711754,
stable_medium_capacity,w07,2026-03-12,2026-03-13,2026-03-19,600131,0.01075268817204301,0.8248622244488978,-0.06282271944922535,-0.0006755131123572618,
stable_medium_capacity,w07,2026-03-12,2026-03-13,2026-03-19,300677,0.01075268817204301,0.8248622244488978,0.12857142857142856,0.0013824884792626726,
stable_medium_capacity,w07,2026-03-12,2026-03-13,2026-03-19,002831,0.01075268817204301,0.8248622244488978,0.038067349926793614,0.00040932634329885604,
stable_medium_capacity,w07,2026-03-12,2026-03-13,2026-03-19,000967,0.01075268817204301,0.8248622244488978,-0.06559139784946244,-0.0007052838478436821,
stable_medium_capacity,w07,2026-03-12,2026-03-13,2026-03-19,000951,0.01075268817204301,0.8248622244488978,-0.07785993910395816,-0.00083720364627912,
stable_medium_capacity,w07,2026-03-12,2026-03-13,2026-03-19,000591,0.01075268817204301,0.8248622244488978,-0.09445277361319337,-0.0010156212216472405,
stable_medium_capacity,w07,2026-03-12,2026-03-13,2026-03-19,002409,0.01075268817204301,0.8294213426853707,-0.04358081545546444,-0.00046861091887596165,
stable_medium_capacity,w07,2026-03-12,2026-03-13,2026-03-19,300699,0.01075268817204301,0.8364879759519038,-0.16309838826076495,-0.0017537461103308057,
stable_medium_capacity,w07,2026-03-12,2026-03-13,2026-03-19,603077,0.01075268817204301,0.8442384769539077,-0.1501501501501501,-0.0016145177435500009,
stable_medium_capacity,w07,2026-03-12,2026-03-13,2026-03-19,000537,0.01075268817204301,0.8529008016032065,-0.07034372501998398,-0.0007563841399998277,
stable_medium_capacity,w07,2026-03-12,2026-03-13,2026-03-19,600363,0.01075268817204301,0.8980460921843687,-0.07277116744266254,-0.0007824856714264788,
stable_medium_capacity,w07,2026-03-12,2026-03-13,2026-03-19,300567,0.01075268817204301,0.8547244488977956,-0.045454545454545414,-0.0004887585532746819,
stable_medium_capacity,w07,2026-03-12,2026-03-13,2026-03-19,688629,0.01075268817204301,0.8836848697394789,-0.021608315098468278,-0.00023234747417707823,
stable_medium_capacity,w07,2026-03-12,2026-03-13,2026-03-19,600602,0.01075268817204301,0.890681362725451,0.02069275753486277,0.0002225027691920728,
stable_medium_capacity,w07,2026-03-12,2026-03-13,2026-03-19,600486,0.01075268817204301,0.890681362725451,-0.1428068941259234,-0.001535558001354015,
stable_medium_capacity,w07,2026-03-12,2026-03-13,2026-03-19,600126,0.01075268817204301,0.890681362725451,-0.05475206611570238,-0.0005887318937172299,
stable_medium_capacity,w07,2026-03-12,2026-03-13,2026-03-19,301536,0.01075268817204301,0.890681362725451,-0.008415516107823762,-9.048942051423398e-05,
stable_medium_capacity,w07,2026-03-12,2026-03-13,2026-03-19,300383,0.01075268817204301,0.890681362725451,0.015815085158150666,0.0001700546791198996,
stable_medium_capacity,w07,2026-03-12,2026-03-13,2026-03-19,002261,0.01075268817204301,0.890681362725451,-0.040030211480362454,-0.0004304323815092737,
stable_medium_capacity,w07,2026-03-12,2026-03-13,2026-03-19,300454,0.01075268817204301,0.8950826653306613,-0.06920000000000004,-0.0007440860215053767,
stable_medium_capacity,w07,2026-03-12,2026-03-13,2026-03-19,600801,0.01075268817204301,0.8148321643286573,-0.09509202453987742,-0.0010224948875255636,
stable_medium_capacity,w07,2026-03-12,2026-03-13,2026-03-19,600329,0.01075268817204301,0.8113677354709418,0.005736137667303964,6.167889964842972e-05,
stable_medium_capacity,w07,2026-03-12,2026-03-13,2026-03-19,601997,0.01075268817204301,0.8099999999999999,-0.010204081632652962,-0.00010972130787798883,
stable_medium_capacity,w07,2026-03-12,2026-03-13,2026-03-19,600516,0.01075268817204301,0.8079934869739479,-0.16033755274261607,-0.0017240597069098501,
stable_medium_capacity,w07,2026-03-12,2026-03-13,2026-03-19,300487,0.01075268817204301,0.7738001002004008,-0.1051002556856413,-0.0011301102761896913,
stable_medium_capacity,w07,2026-03-12,2026-03-13,2026-03-19,300140,0.01075268817204301,0.7738001002004008,-0.05667506297229219,-0.000609409279271959,
stable_medium_capacity,w07,2026-03-12,2026-03-13,2026-03-19,002756,0.01075268817204301,0.7738001002004008,-0.18675792708478844,-0.0020081497535998755,
stable_medium_capacity,w07,2026-03-12,2026-03-13,2026-03-19,002683,0.01075268817204301,0.7738001002004008,-0.10972949389179754,-0.001179887031094597,
stable_medium_capacity,w07,2026-03-12,2026-03-13,2026-03-19,002430,0.01075268817204301,0.7738001002004008,-0.07630392788151952,-0.0008204723428120378,
stable_medium_capacity,w07,2026-03-12,2026-03-13,2026-03-19,001389,0.01075268817204301,0.7738001002004008,-0.034778982485404564,-0.00037396755360650065,
stable_medium_capacity,w07,2026-03-12,2026-03-13,2026-03-19,001221,0.01075268817204301,0.7738001002004008,0.02925491391132118,0.00031456896678839976,
stable_medium_capacity,w07,2026-03-12,2026-03-13,2026-03-19,000825,0.01075268817204301,0.7738001002004008,-0.09218436873747493,-0.0009912297713706982,
stable_medium_capacity,w07,2026-03-12,2026-03-13,2026-03-19,000582,0.01075268817204301,0.7738001002004008,-0.06833910034602086,-0.0007348290359787189,
stable_medium_capacity,w07,2026-03-12,2026-03-13,2026-03-19,000415,0.01075268817204301,0.7738001002004008,-0.14075630252100835,-0.001513508629258154,
stable_medium_capacity,w07,2026-03-12,2026-03-13,2026-03-19,000155,0.01075268817204301,0.7738001002004008,-0.10658914728682167,-0.0011461198632991578,
stable_medium_capacity,w07,2026-03-12,2026-03-13,2026-03-19,000039,0.01075268817204301,0.7738001002004008,-0.15644171779141103,-0.0016821690085097958,
stable_medium_capacity,w07,2026-03-12,2026-03-13,2026-03-19,000032,0.01075268817204301,0.7781412825651303,0.019903173749327596,0.00021401262096051177,
stable_medium_capacity,w07,2026-03-12,2026-03-13,2026-03-19,601179,0.01075268817204301,0.7853557114228457,-0.0820815450643777,-0.0008825972587567495,
stable_medium_capacity,w07,2026-03-12,2026-03-13,2026-03-19,688018,0.01075268817204301,0.7874874749498998,-0.058632766895836186,-0.0006304598590950127,
stable_medium_capacity,w07,2026-03-12,2026-03-13,2026-03-19,300748,0.01075268817204301,0.787943386773547,-0.10120412844036697,-0.0010882164348426555,
stable_medium_capacity,w07,2026-03-12,2026-03-13,2026-03-19,600487,0.01075268817204301,0.7890030060120241,-0.16161026837806303,-0.0017377448212694947,
stable_medium_capacity,w07,2026-03-12,2026-03-13,2026-03-19,601098,0.01075268817204301,0.8006538076152304,-0.0018034265103696878,-1.9391682907200943e-05,
stable_medium_capacity,w07,2026-03-12,2026-03-13,2026-03-19,002958,0.01075268817204301,0.8006538076152304,-0.012618296529968487,-0.0001356806078491235,
stable_medium_capacity,w07,2026-03-12,2026-03-13,2026-03-19,002008,0.01075268817204301,0.8964504008016032,-0.10954063604240283,-0.001177856301531213,
stable_medium_capacity,w07,2026-03-12,2026-03-13,2026-03-19,601212,0.01075268817204301,0.9085320641282565,-0.13536201469045117,-0.0014555055343059265,
stable_medium_capacity,w07,2026-03-12,2026-03-13,2026-03-19,300763,0.01075268817204301,0.9417434869739479,-0.017961807525052054,-0.00019313771532314034,
stable_medium_capacity,w07,2026-03-12,2026-03-13,2026-03-19,002195,0.01075268817204301,0.9265405811623246,-0.04854368932038833,-0.0005219751539826702,
stable_medium_capacity,w07,2026-03-12,2026-03-13,2026-03-19,300724,0.01075268817204301,0.9265405811623246,-0.0011850347045877507,-1.274230865148119e-05,
stable_medium_capacity,w07,2026-03-12,2026-03-13,2026-03-19,300627,0.01075268817204301,0.9265405811623246,-0.051603905160390595,-0.0005548807006493612,
stable_medium_capacity,w07,2026-03-12,2026-03-13,2026-03-19,300604,0.01075268817204301,0.9265405811623246,-0.0019263183241031712,-2.071310025917388e-05,
stable_medium_capacity,w07,2026-03-12,2026-03-13,2026-03-19,300223,0.01075268817204301,0.9265405811623246,0.01769616026711196,0.00019028129319475224,
stable_medium_capacity,w07,2026-03-12,2026-03-13,2026-03-19,003031,0.01075268817204301,0.9265405811623246,-0.10580204778156987,-0.0011376564277588157,
stable_medium_capacity,w07,2026-03-12,2026-03-13,2026-03-19,002851,0.01075268817204301,0.9265405811623246,-0.13643153526970953,-0.0014670057555882744,
stable_medium_capacity,w07,2026-03-12,2026-03-13,2026-03-19,002465,0.01075268817204301,0.9265405811623246,-0.07582089552238802,-0.0008152784464772905,
stable_medium_capacity,w07,2026-03-12,2026-03-13,2026-03-19,002436,0.01075268817204301,0.9265405811623246,-0.05283178360101437,-0.0005680836946345631,
stable_medium_capacity,w07,2026-03-12,2026-03-13,2026-03-19,002429,0.01075268817204301,0.9265405811623246,-0.0700460829493087,-0.0007531836876269752,
stable_medium_capacity,w07,2026-03-12,2026-03-13,2026-03-19,002156,0.01075268817204301,0.9265405811623246,-0.008202028922943971,-8.819385938649431e-05,
stable_medium_capacity,w07,2026-03-12,2026-03-13,2026-03-19,300136,0.01075268817204301,0.9085320641282565,-0.040566741237882176,-0.0004362015186869051,
stable_medium_capacity,w07,2026-03-12,2026-03-13,2026-03-19,000878,0.01075268817204301,0.9265405811623246,-0.17332754126846217,-0.0018637370028866899,
stable_medium_capacity,w07,2026-03-12,2026-03-13,2026-03-19,000060,0.01075268817204301,0.9265405811623246,-0.14227086183310533,-0.001529794213259197,
stable_medium_capacity,w07,2026-03-12,2026-03-13,2026-03-19,688385,0.01075268817204301,0.9352029058116232,0.045396328447417034,0.00048813256395072077,
stable_medium_capacity,w07,2026-03-12,2026-03-13,2026-03-19,688052,0.01075268817204301,0.9355886773547095,-0.10361889419481041,-0.001114181658008714,
stable_medium_capacity,w07,2026-03-12,2026-03-13,2026-03-19,300751,0.01075268817204301,0.9356588176352705,-0.0028651014723437562,-3.080754271337372e-05,
stable_medium_capacity,w07,2026-03-12,2026-03-13,2026-03-19,601106,0.01075268817204301,0.9370265531062124,-0.05708245243128973,-0.0006137898110891368,
stable_medium_capacity,w07,2026-03-12,2026-03-13,2026-03-19,300285,0.01075268817204301,0.9370265531062124,-0.10437272254034369,-0.0011222873391434805,
stable_medium_capacity,w07,2026-03-12,2026-03-13,2026-03-19,000426,0.01075268817204301,0.9370265531062124,-0.17305720729956953,-0.0018608301860168765,
stable_medium_capacity,w07,2026-03-12,2026-03-13,2026-03-19,688220,0.01075268817204301,0.9388502004008016,-0.041697508018751495,-0.00044836030127689777,
stable_medium_capacity,w07,2026-03-12,2026-03-13,2026-03-19,300757,0.01075268817204301,0.9265405811623246,-0.07431878848745943,-0.0007991267579296712,
stable_medium_capacity,w07,2026-03-12,2026-03-13,2026-03-19,301308,0.01075268817204301,0.9265405811623246,0.11755485893416928,0.0012640307412276266,
stable_medium_capacity,w07,2026-03-12,2026-03-13,2026-03-19,600497,0.01075268817204301,0.9265405811623246,-0.18136272545090182,-0.0019501368328053957,
stable_medium_capacity,w07,2026-03-12,2026-03-13,2026-03-19,601168,0.01075268817204301,0.9265405811623246,-0.14500818330605558,-0.0015592277774844686,
stable_medium_capacity,w07,2026-03-12,2026-03-13,2026-03-19,688608,0.01075268817204301,0.9114954909819639,-0.05768596857488184,-0.0006202792319879767,
stable_medium_capacity,w07,2026-03-12,2026-03-13,2026-03-19,300395,0.01075268817204301,0.9169664328657314,-0.10435322280344006,-0.0011220776645531189,
stable_medium_capacity,w07,2026-03-12,2026-03-13,2026-03-19,603225,0.01075268817204301,0.917878256513026,-0.13296703296703294,-0.001429753042656268,
stable_medium_capacity,w07,2026-03-12,2026-03-13,2026-03-19,002335,0.01075268817204301,0.9248747494989981,-0.04197747550095077,-0.00045137070431129856,
stable_medium_capacity,w07,2026-03-12,2026-03-13,2026-03-19,688709,0.01075268817204301,0.9265405811623246,-0.029161345253299276,-0.0003135628521860137,
stable_medium_capacity,w07,2026-03-12,2026-03-13,2026-03-19,688568,0.01075268817204301,0.9265405811623246,-0.02561534058385795,-0.00027543376971890266,
stable_medium_capacity,w07,2026-03-12,2026-03-13,2026-03-19,688375,0.01075268817204301,0.9265405811623246,-0.00235663786331497,-2.5340192078655588e-05,
stable_medium_capacity,w07,2026-03-12,2026-03-13,2026-03-19,688347,0.01075268817204301,0.9265405811623246,-0.04502369668246442,-0.0004841257707791873,
stable_medium_capacity,w07,2026-03-12,2026-03-13,2026-03-19,688281,0.01075268817204301,0.9265405811623246,-0.07488095238095249,-0.0008051715309779837,
stable_medium_capacity,w07,2026-03-12,2026-03-13,2026-03-19,688122,0.01075268817204301,0.9265405811623246,-0.09420106356039504,-0.0010129146619397315,
stable_medium_capacity,w07,2026-03-12,2026-03-13,2026-03-19,688027,0.01075268817204301,0.9265405811623246,-0.02436923076923081,-0.0002620347394540947,
stable_medium_capacity,w07,2026-03-12,2026-03-13,2026-03-19,688002,0.01075268817204301,0.9265405811623246,-0.04769490254872566,-0.0005128484145024264,
stable_medium_capacity,w07,2026-03-12,2026-03-13,2026-03-19,605358,0.01075268817204301,0.9265405811623246,-0.035230352303523005,-0.000378820992511,
stable_medium_capacity,w07,2026-03-12,2026-03-13,2026-03-19,603920,0.01075268817204301,0.9265405811623246,-0.07354748113041953,-0.0007908331304346186,
stable_medium_capacity,w07,2026-03-12,2026-03-13,2026-03-19,603688,0.01075268817204301,0.9265405811623246,-0.13782240598543016,-0.0014819613546820445,
stable_medium_capacity,w07,2026-03-12,2026-03-13,2026-03-19,601611,0.01075268817204301,0.9265405811623246,-0.11340206185567014,-0.001219377009200754,
stable_medium_capacity,w07,2026-03-12,2026-03-13,2026-03-19,601608,0.01075268817204301,0.9265405811623246,-0.10339943342776203,-0.0011118218648146455,
stable_medium_capacity,w07,2026-03-12,2026-03-13,2026-03-19,601399,0.01075268817204301,0.9265405811623246,-0.07172131147540972,-0.0007711968975850507,
stable_medium_capacity,w07,2026-03-12,2026-03-13,2026-03-19,601231,0.01075268817204301,0.9265405811623246,-0.08235294117647052,-0.0008855154965211883,
stable_medium_capacity,w07,2026-03-12,2026-03-13,2026-03-19,600170,0.01075268817204301,0.7738001002004008,-0.0625,-0.0006720430107526881,
balanced_extra_wide_capacity,w08,2026-03-19,2026-03-20,2026-03-26,300679,0.015625,0.9486973947895792,-0.032303768773023545,-0.0005047463870784929,
balanced_extra_wide_capacity,w08,2026-03-19,2026-03-20,2026-03-26,603927,0.015625,0.9486973947895792,-0.07146845337800123,-0.0011166945840312692,
balanced_extra_wide_capacity,w08,2026-03-19,2026-03-20,2026-03-26,300567,0.015625,0.8509769539078157,-0.01365027065191804,-0.00021328547893621937,
balanced_extra_wide_capacity,w08,2026-03-19,2026-03-20,2026-03-26,300570,0.015625,0.8509769539078157,0.0005116834385126001,7.995053726759377e-06,
balanced_extra_wide_capacity,w08,2026-03-19,2026-03-20,2026-03-26,300604,0.015625,0.8509769539078157,-0.027824688379573748,-0.0004347607559308398,
balanced_extra_wide_capacity,w08,2026-03-19,2026-03-20,2026-03-26,300751,0.015625,0.8509769539078157,0.1541224359485991,0.002408163061696861,
balanced_extra_wide_capacity,w08,2026-03-19,2026-03-20,2026-03-26,300757,0.015625,0.8509769539078157,0.09182012847965737,0.0014346895074946464,
balanced_extra_wide_capacity,w08,2026-03-19,2026-03-20,2026-03-26,301611,0.015625,0.8509769539078157,-0.05000971062342208,-0.00078140172849097,
balanced_extra_wide_capacity,w08,2026-03-19,2026-03-20,2026-03-26,600118,0.015625,0.8509769539078157,-0.06187410586552211,-0.000966782904148783,
balanced_extra_wide_capacity,w08,2026-03-19,2026-03-20,2026-03-26,600497,0.015625,0.8509769539078157,-0.039167686658506784,-0.0006119951040391685,
balanced_extra_wide_capacity,w08,2026-03-19,2026-03-20,2026-03-26,600498,0.015625,0.8509769539078157,-0.011319111885067401,-0.00017686112320417814,
balanced_extra_wide_capacity,w08,2026-03-19,2026-03-20,2026-03-26,600549,0.015625,0.8509769539078157,0.03958785249457697,0.0006185601952277651,
balanced_extra_wide_capacity,w08,2026-03-19,2026-03-20,2026-03-26,600879,0.015625,0.8509769539078157,-0.04695885509839004,-0.0007337321109123444,
balanced_extra_wide_capacity,w08,2026-03-19,2026-03-20,2026-03-26,601106,0.015625,0.8509769539078157,-0.04484304932735428,-0.0007006726457399106,
balanced_extra_wide_capacity,w08,2026-03-19,2026-03-20,2026-03-26,601212,0.015625,0.8509769539078157,-0.04126213592233008,-0.0006447208737864075,
balanced_extra_wide_capacity,w08,2026-03-19,2026-03-20,2026-03-26,601231,0.015625,0.8509769539078157,-0.06716833890746943,-0.0010495052954292098,
balanced_extra_wide_capacity,w08,2026-03-19,2026-03-20,2026-03-26,601399,0.015625,0.8509769539078157,-0.019867549668874163,-0.0003104304635761588,
balanced_extra_wide_capacity,w08,2026-03-19,2026-03-20,2026-03-26,601611,0.015625,0.8509769539078157,-0.07751937984496127,-0.0012112403100775198,
balanced_extra_wide_capacity,w08,2026-03-19,2026-03-20,2026-03-26,601958,0.015625,0.8509769539078157,-0.05933952528379771,-0.0009271800825593392,
balanced_extra_wide_capacity,w08,2026-03-19,2026-03-20,2026-03-26,603688,0.015625,0.8509769539078157,-0.038821648778259776,-0.000606588262160309,
balanced_extra_wide_capacity,w08,2026-03-19,2026-03-20,2026-03-26,603920,0.015625,0.8509769539078157,-0.02804092459264884,-0.00043813944676013815,
balanced_extra_wide_capacity,w08,2026-03-19,2026-03-20,2026-03-26,605358,0.015625,0.8509769539078157,-0.06825842696629214,-0.0010665379213483147,
balanced_extra_wide_capacity,w08,2026-03-19,2026-03-20,2026-03-26,688002,0.015625,0.8509769539078157,-0.021745547574535062,-0.00033977418085211035,
balanced_extra_wide_capacity,w08,2026-03-19,2026-03-20,2026-03-26,688027,0.015625,0.8509769539078157,-0.1201274126403431,-0.001876990822505361,
balanced_extra_wide_capacity,w08,2026-03-19,2026-03-20,2026-03-26,688347,0.015625,0.8509769539078157,-0.07708850289495461,-0.0012045078577336658,
balanced_extra_wide_capacity,w08,2026-03-19,2026-03-20,2026-03-26,688375,0.015625,0.8509769539078157,-0.08705161854768162,-0.0013601815398075253,
balanced_extra_wide_capacity,w08,2026-03-19,2026-03-20,2026-03-26,688385,0.015625,0.8509769539078157,-0.08126871766947996,-0.0012698237135856244,
balanced_extra_wide_capacity,w08,2026-03-19,2026-03-20,2026-03-26,688387,0.015625,0.8509769539078157,-0.10679611650485432,-0.0016686893203883488,
balanced_extra_wide_capacity,w08,2026-03-19,2026-03-20,2026-03-26,688568,0.015625,0.8509769539078157,-0.11176384197385825,-0.001746310030841535,
balanced_extra_wide_capacity,w08,2026-03-19,2026-03-20,2026-03-26,688629,0.015625,0.8509769539078157,-0.03923213120864788,-0.0006130020501351231,
balanced_extra_wide_capacity,w08,2026-03-19,2026-03-20,2026-03-26,688709,0.015625,0.8509769539078157,-0.09274281955711461,-0.0014491065555799158,
balanced_extra_wide_capacity,w08,2026-03-19,2026-03-20,2026-03-26,300395,0.015625,0.8509769539078157,-0.06830330627598491,-0.0010672391605622642,
balanced_extra_wide_capacity,w08,2026-03-19,2026-03-20,2026-03-26,300383,0.015625,0.8509769539078157,0.022754491017964007,0.0003555389221556876,
balanced_extra_wide_capacity,w08,2026-03-19,2026-03-20,2026-03-26,300285,0.015625,0.8509769539078157,-0.11333914559721003,-0.0017709241499564068,
balanced_extra_wide_capacity,w08,2026-03-19,2026-03-20,2026-03-26,000060,0.015625,0.8509769539078157,-0.03349282296650713,-0.0005233253588516739,
balanced_extra_wide_capacity,w08,2026-03-19,2026-03-20,2026-03-26,000831,0.015625,0.9424599198396795,-0.03091706705661157,-0.00048307917275955577,
balanced_extra_wide_capacity,w08,2026-03-19,2026-03-20,2026-03-26,300454,0.015625,0.9424599198396795,-0.11121615814353247,-0.001737752470992695,
balanced_extra_wide_capacity,w08,2026-03-19,2026-03-20,2026-03-26,300748,0.015625,0.9424599198396795,-0.027113237639553422,-0.0004236443381180222,
balanced_extra_wide_capacity,w08,2026-03-19,2026-03-20,2026-03-26,600141,0.015625,0.9424599198396795,0.013349891338093833,0.00020859205215771615,
balanced_extra_wide_capacity,w08,2026-03-19,2026-03-20,2026-03-26,603225,0.015625,0.9424599198396795,0.05956907477820028,0.0009307667934093794,
balanced_extra_wide_capacity,w08,2026-03-19,2026-03-20,2026-03-26,688122,0.015625,0.9424599198396795,0.004333240145373063,6.770687727145411e-05,
balanced_extra_wide_capacity,w08,2026-03-19,2026-03-20,2026-03-26,688220,0.015625,0.9424599198396795,-0.11457260556127713,-0.0017901969618949552,
balanced_extra_wide_capacity,w08,2026-03-19,2026-03-20,2026-03-26,688608,0.015625,0.9424599198396795,-0.08214785447761197,-0.001283560226212687,
balanced_extra_wide_capacity,w08,2026-03-19,2026-03-20,2026-03-26,000878,0.015625,0.9328156312625251,-0.03573305307409347,-0.0005583289542827104,
balanced_extra_wide_capacity,w08,2026-03-19,2026-03-20,2026-03-26,300627,0.015625,0.9328156312625251,-0.05323529411764716,-0.0008318014705882368,
balanced_extra_wide_capacity,w08,2026-03-19,2026-03-20,2026-03-26,600392,0.015625,0.9328156312625251,-0.04163014899211215,-0.0006504710780017523,
balanced_extra_wide_capacity,w08,2026-03-19,2026-03-20,2026-03-26,601168,0.015625,0.9328156312625251,-0.039816232771822446,-0.0006221286370597257,
balanced_extra_wide_capacity,w08,2026-03-19,2026-03-20,2026-03-26,688281,0.015625,0.9328156312625251,-0.06189679577917884,-0.0009671374340496693,
balanced_extra_wide_capacity,w08,2026-03-19,2026-03-20,2026-03-26,000426,0.015625,0.8509769539078157,-0.03049838829655338,-0.00047653731713364657,
balanced_extra_wide_capacity,w08,2026-03-19,2026-03-20,2026-03-26,300223,0.015625,0.8509769539078157,-0.09973753280839892,-0.0015583989501312331,
balanced_extra_wide_capacity,w08,2026-03-19,2026-03-20,2026-03-26,000960,0.015625,0.8509769539078157,-0.0512507626601586,-0.0008007931665649781,
balanced_extra_wide_capacity,w08,2026-03-19,2026-03-20,2026-03-26,002008,0.015625,0.8509769539078157,-0.017301587301587373,-0.0002703373015873027,
balanced_extra_wide_capacity,w08,2026-03-19,2026-03-20,2026-03-26,002080,0.015625,0.8509769539078157,-0.03648068669527904,-0.000570010729613735,
balanced_extra_wide_capacity,w08,2026-03-19,2026-03-20,2026-03-26,002156,0.015625,0.8509769539078157,-0.0694232861806312,-0.0010847388465723626,
balanced_extra_wide_capacity,w08,2026-03-19,2026-03-20,2026-03-26,002195,0.015625,0.8509769539078157,-0.08673469387755117,-0.001355229591836737,
balanced_extra_wide_capacity,w08,2026-03-19,2026-03-20,2026-03-26,002202,0.015625,0.8509769539078157,-0.056356927205635676,-0.0008805769875880574,
balanced_extra_wide_capacity,w08,2026-03-19,2026-03-20,2026-03-26,002409,0.015625,0.8509769539078157,-0.04955960070463883,-0.0007743687610099817,
balanced_extra_wide_capacity,w08,2026-03-19,2026-03-20,2026-03-26,002429,0.015625,0.8509769539078157,-0.04459861248761143,-0.0006968533201189286,
balanced_extra_wide_capacity,w08,2026-03-19,2026-03-20,2026-03-26,002436,0.015625,0.8509769539078157,-0.0789825970548862,-0.0012341030789825968,
balanced_extra_wide_capacity,w08,2026-03-19,2026-03-20,2026-03-26,002465,0.015625,0.8509769539078157,-0.05813953488372092,-0.0009084302325581394,
balanced_extra_wide_capacity,w08,2026-03-19,2026-03-20,2026-03-26,002738,0.015625,0.8509769539078157,-0.008574335125708488,-0.00013397398633919512,
balanced_extra_wide_capacity,w08,2026-03-19,2026-03-20,2026-03-26,002851,0.015625,0.8509769539078157,-0.0364212954064963,-0.0005690827407265047,
balanced_extra_wide_capacity,w08,2026-03-19,2026-03-20,2026-03-26,003031,0.015625,0.8509769539078157,0.03185048697025539,0.0004976638589102404,
balanced_extra_wide_capacity,w08,2026-03-19,2026-03-20,2026-03-26,300070,0.015625,0.805686372745491,-0.022222222222222143,-0.000347222222222221,
balanced_medium_current,w08,2026-03-19,2026-03-20,2026-03-26,600392,0.020408163265306124,1.0,-0.04163014899211215,-0.0008495948773900439,
balanced_medium_current,w08,2026-03-19,2026-03-20,2026-03-26,688385,0.020408163265306124,0.9488977955911824,-0.08126871766947996,-0.0016585452585608158,
balanced_medium_current,w08,2026-03-19,2026-03-20,2026-03-26,603979,0.020408163265306124,0.9438877755511023,0.047723532638507926,0.0009739496456838353,
balanced_medium_current,w08,2026-03-19,2026-03-20,2026-03-26,300058,0.020408163265306124,0.9418837675350702,-0.0607882431529726,-0.001240576390876992,
balanced_medium_current,w08,2026-03-19,2026-03-20,2026-03-26,300748,0.020408163265306124,0.9398797595190381,-0.027113237639553422,-0.0005533313803990495,
balanced_medium_current,w08,2026-03-19,2026-03-20,2026-03-26,601233,0.020408163265306124,0.9378757515030061,0.03362318840579692,0.0006861875184856515,
balanced_medium_current,w08,2026-03-19,2026-03-20,2026-03-26,002756,0.020408163265306124,0.935871743486974,0.26812092064582616,0.005471855523384208,
balanced_medium_current,w08,2026-03-19,2026-03-20,2026-03-26,002465,0.020408163265306124,0.9338677354709419,-0.05813953488372092,-0.0011865211200759373,
balanced_medium_current,w08,2026-03-19,2026-03-20,2026-03-26,300395,0.020408163265306124,0.9318637274549099,-0.06830330627598491,-0.0013939450260405085,
balanced_medium_current,w08,2026-03-19,2026-03-20,2026-03-26,688676,0.020408163265306124,0.9278557114228457,-0.04627815866797258,-0.0009444522177137262,
balanced_medium_current,w08,2026-03-19,2026-03-20,2026-03-26,600096,0.020408163265306124,0.9258517034068137,-0.08089826839826841,-0.0016509850693524168,
balanced_medium_current,w08,2026-03-19,2026-03-20,2026-03-26,601106,0.020408163265306124,0.9238476953907816,-0.04484304932735428,-0.0009151642719868221,
balanced_medium_current,w08,2026-03-19,2026-03-20,2026-03-26,601399,0.020408163265306124,0.9218436873747495,-0.019867549668874163,-0.0004054601973239625,
balanced_medium_current,w08,2026-03-19,2026-03-20,2026-03-26,000657,0.020408163265306124,0.9198396793587175,-0.08328468573652459,-0.001699687464010706,
balanced_medium_current,w08,2026-03-19,2026-03-20,2026-03-26,002340,0.020408163265306124,0.9178356713426854,0.0012674271229404788,2.5865859651846507e-05,
balanced_medium_current,w08,2026-03-19,2026-03-20,2026-03-26,002335,0.020408163265306124,0.9148296593186372,-0.10793893129770993,-0.002202835332606325,
balanced_medium_current,w08,2026-03-19,2026-03-20,2026-03-26,603077,0.020408163265306124,0.9148296593186372,-0.028268551236749095,-0.0005769092089132469,
balanced_medium_current,w08,2026-03-19,2026-03-20,2026-03-26,000021,0.020408163265306124,0.9118236472945892,-0.14091890225100212,-0.002875895964306166,
balanced_medium_current,w08,2026-03-19,2026-03-20,2026-03-26,300346,0.020408163265306124,0.9098196392785571,-0.04157827747136189,-0.000848536274925753,
balanced_medium_current,w08,2026-03-19,2026-03-20,2026-03-26,002436,0.020408163265306124,0.9078156312625251,-0.0789825970548862,-0.0016118897358140042,
balanced_medium_current,w08,2026-03-19,2026-03-20,2026-03-26,600879,0.020408163265306124,0.905811623246493,-0.04695885509839004,-0.0009583439815997968,
balanced_medium_current,w08,2026-03-19,2026-03-20,2026-03-26,002025,0.020408163265306124,0.9038076152304609,0.01957558809014648,0.00039950179775809143,
balanced_medium_current,w08,2026-03-19,2026-03-20,2026-03-26,688608,0.020408163265306124,0.9018036072144289,-0.08214785447761197,-0.0016764868260737138,
balanced_medium_current,w08,2026-03-19,2026-03-20,2026-03-26,300454,0.020408163265306124,0.9458917835671342,-0.11121615814353247,-0.002269717513133316,
balanced_medium_current,w08,2026-03-19,2026-03-20,2026-03-26,002080,0.020408163265306124,0.9488977955911824,-0.03648068669527904,-0.0007445038101077355,
balanced_medium_current,w08,2026-03-19,2026-03-20,2026-03-26,000426,0.020408163265306124,0.9979959919839679,-0.03049838829655338,-0.000622416087684763,
balanced_medium_current,w08,2026-03-19,2026-03-20,2026-03-26,000831,0.020408163265306124,0.9539078156312625,-0.03091706705661157,-0.0006309605521757464,
balanced_medium_current,w08,2026-03-19,2026-03-20,2026-03-26,600497,0.020408163265306124,0.9959919839679359,-0.039167686658506784,-0.0007993405440511589,
balanced_medium_current,w08,2026-03-19,2026-03-20,2026-03-26,688525,0.020408163265306124,0.9939879759519038,-0.01727115716753025,-0.0003524725952557194,
balanced_medium_current,w08,2026-03-19,2026-03-20,2026-03-26,300763,0.020408163265306124,0.9919839679358717,0.0802849441663458,0.0016384682482927715,
balanced_medium_current,w08,2026-03-19,2026-03-20,2026-03-26,301611,0.020408163265306124,0.9899799599198397,-0.05000971062342208,-0.0010206063392535119,
balanced_medium_current,w08,2026-03-19,2026-03-20,2026-03-26,600141,0.020408163265306124,0.9879759519038076,0.013349891338093833,0.000272446762001915,
balanced_medium_current,w08,2026-03-19,2026-03-20,2026-03-26,688122,0.020408163265306124,0.9859719438877755,0.004333240145373063,8.843347235455231e-05,
balanced_medium_current,w08,2026-03-19,2026-03-20,2026-03-26,300285,0.020408163265306124,0.9839679358717435,-0.11333914559721003,-0.0023130437876981644,
balanced_medium_current,w08,2026-03-19,2026-03-20,2026-03-26,603688,0.020408163265306124,0.9819639278557114,-0.038821648778259776,-0.0007922785464950975,
balanced_medium_current,w08,2026-03-19,2026-03-20,2026-03-26,000960,0.020408163265306124,0.9799599198396793,-0.0512507626601586,-0.0010459339318399715,
balanced_medium_current,w08,2026-03-19,2026-03-20,2026-03-26,688281,0.020408163265306124,0.9779559118236473,-0.06189679577917884,-0.0012631999138607926,
balanced_medium_current,w08,2026-03-19,2026-03-20,2026-03-26,002851,0.020408163265306124,0.9759519038076152,-0.0364212954064963,-0.0007432917429897205,
balanced_medium_current,w08,2026-03-19,2026-03-20,2026-03-26,601958,0.020408163265306124,0.9739478957915831,-0.05933952528379771,-0.0012110107200775043,
balanced_medium_current,w08,2026-03-19,2026-03-20,2026-03-26,002738,0.020408163265306124,0.9719438877755511,-0.008574335125708488,-0.00017498643113690793,
balanced_medium_current,w08,2026-03-19,2026-03-20,2026-03-26,601168,0.020408163265306124,0.969939879759519,-0.039816232771822446,-0.0008125761790167847,
balanced_medium_current,w08,2026-03-19,2026-03-20,2026-03-26,603920,0.020408163265306124,0.9679358717434869,-0.02804092459264884,-0.0005722637671969152,
balanced_medium_current,w08,2026-03-19,2026-03-20,2026-03-26,000060,0.020408163265306124,0.9659318637274549,-0.03349282296650713,-0.0006835269993164721,
balanced_medium_current,w08,2026-03-19,2026-03-20,2026-03-26,000878,0.020408163265306124,0.9639278557114228,-0.03573305307409347,-0.0007292459811039484,
balanced_medium_current,w08,2026-03-19,2026-03-20,2026-03-26,300757,0.020408163265306124,0.9619238476953907,0.09182012847965737,0.0018738801730542323,
balanced_medium_current,w08,2026-03-19,2026-03-20,2026-03-26,601212,0.020408163265306124,0.9599198396793587,-0.04126213592233008,-0.0008420844065781649,
balanced_medium_current,w08,2026-03-19,2026-03-20,2026-03-26,600549,0.020408163265306124,0.9579158316633266,0.03958785249457697,0.0008079153570321831,
balanced_medium_current,w08,2026-03-19,2026-03-20,2026-03-26,603225,0.020408163265306124,0.9559118236472945,0.05956907477820028,0.0012156954036367405,
balanced_medium_current,w08,2026-03-19,2026-03-20,2026-03-26,300223,0.020408163265306124,0.8997995991983968,-0.09973753280839892,-0.002035459853232631,
economic_medium_capacity,w08,2026-03-19,2026-03-20,2026-03-26,002432,0.036000000004219955,0.9992044088176353,-0.05382865807429882,-0.001937831690901912,
economic_medium_capacity,w08,2026-03-19,2026-03-20,2026-03-26,300100,0.036000000004219955,0.9468817635270541,0.0009787928221860476,3.523654160282818e-05,
economic_medium_capacity,w08,2026-03-19,2026-03-20,2026-03-26,601212,0.036000000004219955,0.947,-0.04126213592233008,-0.0014854368933780071,
economic_medium_capacity,w08,2026-03-19,2026-03-20,2026-03-26,000960,0.036000000004219955,0.9467174348697395,-0.0512507626601586,-0.0018450274559819854,
economic_medium_capacity,w08,2026-03-19,2026-03-20,2026-03-26,000426,0.036000000004219955,0.9467174348697395,-0.03049838829655338,-0.0010979419788046236,
economic_medium_capacity,w08,2026-03-19,2026-03-20,2026-03-26,000060,0.036000000004219955,0.9467174348697395,-0.03349282296650713,-0.0012057416269355948,
economic_medium_capacity,w08,2026-03-19,2026-03-20,2026-03-26,603786,0.036000000004219955,0.9468817635270541,-0.029845313921747052,-0.0010744313013088397,
economic_medium_capacity,w08,2026-03-19,2026-03-20,2026-03-26,600977,0.036000000004219955,0.9468817635270541,-0.015071590052750494,-0.0005425772419626192,
economic_medium_capacity,w08,2026-03-19,2026-03-20,2026-03-26,002558,0.036000000004219955,0.9468817635270541,-0.03311057108140958,-0.0011919805590704699,
economic_medium_capacity,w08,2026-03-19,2026-03-20,2026-03-26,002265,0.036000000004219955,0.9468817635270541,0.06060606060606055,0.002181818182073935,
economic_medium_capacity,w08,2026-03-19,2026-03-20,2026-03-26,601233,0.036000000004219955,0.9469298597194389,0.03362318840579692,0.0012104347827505775,
economic_medium_capacity,w08,2026-03-19,2026-03-20,2026-03-26,002738,0.036000000004219955,0.9469298597194389,-0.008574335125708488,-0.00030867606456168886,
economic_medium_capacity,w08,2026-03-19,2026-03-20,2026-03-26,603444,0.036000000004219955,0.9469498997995992,-0.02461340895714048,-0.0008860827225609248,
economic_medium_capacity,w08,2026-03-19,2026-03-20,2026-03-26,603979,0.036000000004219955,0.9469619238476954,0.047723532638507926,0.0017180471751876765,
economic_medium_capacity,w08,2026-03-19,2026-03-20,2026-03-26,300748,0.036000000004219955,0.9465410821643286,-0.027113237639553422,-0.0009760765551383399,
economic_medium_capacity,w08,2026-03-19,2026-03-20,2026-03-26,600392,0.036000000000000004,0.9465691382765531,-0.04163014899211215,-0.0014986853637160376,
economic_medium_capacity,w08,2026-03-19,2026-03-20,2026-03-26,000559,0.036000000000000004,0.9462044088176352,-0.028894472361808976,-0.0010402010050251233,
economic_medium_capacity,w08,2026-03-19,2026-03-20,2026-03-26,601061,0.036000000000000004,0.9464829659318637,-0.07350565428109856,-0.0026462035541195486,
economic_medium_capacity,w08,2026-03-19,2026-03-20,2026-03-26,000703,0.036000000000000004,0.9465150300601202,0.1933649289099526,0.0069611374407582945,
economic_medium_capacity,w08,2026-03-19,2026-03-20,2026-03-26,600497,0.036000000000000004,0.9467174348697395,-0.039167686658506784,-0.0014100367197062444,
economic_medium_capacity,w08,2026-03-19,2026-03-20,2026-03-26,000878,0.036000000000000004,0.9465691382765531,-0.03573305307409347,-0.001286389910667365,
economic_medium_capacity,w08,2026-03-19,2026-03-20,2026-03-26,000831,0.036000000000000004,0.9465691382765531,-0.03091706705661157,-0.0011130144140380166,
economic_medium_capacity,w08,2026-03-19,2026-03-20,2026-03-26,601958,0.036000000000000004,0.9467174348697395,-0.05933952528379771,-0.0021362229102167177,
economic_medium_capacity,w08,2026-03-19,2026-03-20,2026-03-26,600549,0.036000000000000004,0.9467174348697395,0.03958785249457697,0.001425162689804771,
economic_medium_capacity,w08,2026-03-19,2026-03-20,2026-03-26,002044,0.036000000000000004,0.9467174348697395,-0.0557432432432432,-0.0020067567567567555,
economic_medium_capacity,w08,2026-03-19,2026-03-20,2026-03-26,000933,0.03333333331223356,0.9462044088176352,-0.07527559055118116,-0.0025091863501177404,
economic_medium_capacity,w08,2026-03-19,2026-03-20,2026-03-26,002126,0.02666666664978681,0.9462044088176352,-0.03500000000000003,-0.0009333333327425392,
economic_medium_capacity,w08,2026-03-19,2026-03-20,2026-03-26,002155,0.019999999987340117,0.9462044088176352,-0.04966216216216224,-0.0009932432426145276,
economic_medium_capacity,w08,2026-03-19,2026-03-20,2026-03-26,002203,0.013333333324893405,0.9462044088176352,0.0490196078431373,0.0006535947708281088,
economic_medium_capacity,w08,2026-03-19,2026-03-20,2026-03-26,002271,0.0066666666624467024,0.9462044088176352,0.04040404040404044,0.00026936026918976603,
recent_compact_capacity,w08,2026-03-19,2026-03-20,2026-03-26,000960,0.032972380952380954,0.634443887775551,-0.0512507626601586,-0.0016898596705308105,
recent_compact_capacity,w08,2026-03-19,2026-03-20,2026-03-26,002044,0.032972380952380954,0.6332314629258516,-0.0557432432432432,-0.0018379874517374505,
recent_compact_capacity,w08,2026-03-19,2026-03-20,2026-03-26,300763,0.032972380952380954,0.6313026052104208,0.0802849441663458,0.0026471857637933886,
recent_compact_capacity,w08,2026-03-19,2026-03-20,2026-03-26,600977,0.032972380952380954,0.6315230460921843,-0.015071590052750494,-0.0004969462087774046,
recent_compact_capacity,w08,2026-03-19,2026-03-20,2026-03-26,300395,0.032972380952380954,0.6317434869739478,-0.06830330627598491,-0.002252122634838927,
recent_compact_capacity,w08,2026-03-19,2026-03-20,2026-03-26,601061,0.032972380952380954,0.6318537074148296,-0.07350565428109856,-0.002423656435110394,
recent_compact_capacity,w08,2026-03-19,2026-03-20,2026-03-26,600497,0.032972380952380954,0.634443887775551,-0.039167686658506784,-0.0012914518855277747,
recent_compact_capacity,w08,2026-03-19,2026-03-20,2026-03-26,002532,0.032972380952380954,0.6329008016032064,-0.025293028994447853,-0.0008339713874445516,
recent_compact_capacity,w08,2026-03-19,2026-03-20,2026-03-26,000703,0.032972380952380954,0.633066132264529,0.1933649289099526,0.006375702098849019,
recent_compact_capacity,w08,2026-03-19,2026-03-20,2026-03-26,002738,0.032972380952380954,0.6332314629258516,-0.008574335125708488,-0.0002827162441782415,
recent_compact_capacity,w08,2026-03-19,2026-03-20,2026-03-26,603000,0.032972380952380954,0.6329008016032064,-0.05970149253731338,-0.0019685003553660254,
recent_compact_capacity,w08,2026-03-19,2026-03-20,2026-03-26,601168,0.032972380952380954,0.6335621242484969,-0.039816232771822446,-0.0013128359950412049,
recent_compact_capacity,w08,2026-03-19,2026-03-20,2026-03-26,600392,0.032972380952380954,0.6335621242484969,-0.04163014899211215,-0.0013726451316722998,
recent_compact_capacity,w08,2026-03-19,2026-03-20,2026-03-26,601958,0.032972380952380954,0.6342785571142284,-0.05933952528379771,-0.0019565654331908195,
recent_compact_capacity,w08,2026-03-19,2026-03-20,2026-03-26,000933,0.032972380952380954,0.6341683366733466,-0.07527559055118116,-0.0024820154480689935,
recent_compact_capacity,w08,2026-03-19,2026-03-20,2026-03-26,002624,0.032972380952380954,0.6340581162324649,-0.024784482758620552,-0.0008172034072249545,
recent_compact_capacity,w08,2026-03-19,2026-03-20,2026-03-26,002126,0.032972380952380954,0.6339478957915831,-0.03500000000000003,-0.0011540333333333345,
recent_compact_capacity,w08,2026-03-19,2026-03-20,2026-03-26,600487,0.032972380952380954,0.631192384769539,0.11064718162839249,0.003648301023958644,
recent_compact_capacity,w08,2026-03-19,2026-03-20,2026-03-26,000657,0.032972380952380954,0.6338376753507013,-0.08328468573652459,-0.002746094385604017,
recent_compact_capacity,w08,2026-03-19,2026-03-20,2026-03-26,000426,0.032972380952380954,0.6335621242484969,-0.03049838829655338,-0.0010056044773475948,
recent_compact_capacity,w08,2026-03-19,2026-03-20,2026-03-26,000878,0.032972380952380954,0.6335621242484969,-0.03573305307409347,-0.0011782038385506571,
recent_compact_capacity,w08,2026-03-19,2026-03-20,2026-03-26,000559,0.030758,0.6325150300601202,-0.028894472361808976,-0.0008887361809045205,
recent_compact_capacity,w08,2026-03-19,2026-03-20,2026-03-26,600688,0.030758,0.6324048096192384,-0.06410256410256421,-0.0019716666666666697,
recent_compact_capacity,w08,2026-03-19,2026-03-20,2026-03-26,000060,0.030758,0.6322945891783567,-0.03349282296650713,-0.0010301722488038263,
recent_compact_capacity,w08,2026-03-19,2026-03-20,2026-03-26,600549,0.030758,0.6326252505010019,0.03958785249457697,0.0012176431670281984,
recent_compact_capacity,w08,2026-03-19,2026-03-20,2026-03-26,600131,0.030758,0.6320741482965931,-0.11891643709825528,-0.003657631772268136,
recent_compact_capacity,w08,2026-03-19,2026-03-20,2026-03-26,002517,0.030758,0.6319639278557113,-0.052408681842244675,-0.0016119862361037617,
recent_compact_capacity,w08,2026-03-19,2026-03-20,2026-03-26,002271,0.030758,0.6327354709418836,0.04040404040404044,0.001242747474747476,
recent_compact_capacity,w08,2026-03-19,2026-03-20,2026-03-26,601233,0.030758,0.6316332665330661,0.03362318840579692,0.0010341820289855017,
recent_compact_capacity,w08,2026-03-19,2026-03-20,2026-03-26,002155,0.030758,0.6314128256513025,-0.04966216216216224,-0.001527508783783786,
recent_compact_capacity,w08,2026-03-19,2026-03-20,2026-03-26,300058,0.030758,0.6321843687374749,-0.0607882431529726,-0.0018697247828991313,
recent_compact_current,w08,2026-03-19,2026-03-20,2026-03-26,000960,0.027027027027027035,0.9963677354709419,-0.0512507626601586,-0.0013851557475718546,
recent_compact_current,w08,2026-03-19,2026-03-20,2026-03-26,601061,0.027027027027027035,0.9459418837675351,-0.07350565428109856,-0.0019866393048945563,
recent_compact_current,w08,2026-03-19,2026-03-20,2026-03-26,002624,0.027027027027027035,0.9432364729458917,-0.024784482758620552,-0.0006698508853681233,
recent_compact_current,w08,2026-03-19,2026-03-20,2026-03-26,300395,0.027027027027027035,0.9365731462925851,-0.06830330627598491,-0.0018460353047563495,
recent_compact_current,w08,2026-03-19,2026-03-20,2026-03-26,600141,0.027027027027027035,0.9357965931863728,0.013349891338093833,0.00036080787400253613,
recent_compact_current,w08,2026-03-19,2026-03-20,2026-03-26,002532,0.027027027027027035,0.9335921843687375,-0.025293028994447853,-0.0006835953782283206,
recent_compact_current,w08,2026-03-19,2026-03-20,2026-03-26,002044,0.027027027027027035,0.9332915831663327,-0.0557432432432432,-0.0015065741417092761,
recent_compact_current,w08,2026-03-19,2026-03-20,2026-03-26,002064,0.027027027027027035,0.9312374749498997,0.024291497975708287,0.0006565269723164404,
recent_compact_current,w08,2026-03-19,2026-03-20,2026-03-26,603786,0.027027027027027035,0.9273046092184369,-0.029845313921747052,-0.0008066301059931638,
recent_compact_current,w08,2026-03-19,2026-03-20,2026-03-26,600487,0.027027027027027035,0.923496993987976,0.11064718162839249,0.002990464368334933,
recent_compact_current,w08,2026-03-19,2026-03-20,2026-03-26,688281,0.027027027027027035,0.9196893787575151,-0.06189679577917884,-0.0016728863724102393,
recent_compact_current,w08,2026-03-19,2026-03-20,2026-03-26,002558,0.027027027027027035,0.9196392785571142,-0.03311057108140958,-0.0008948802994975564,
recent_compact_current,w08,2026-03-19,2026-03-20,2026-03-26,002517,0.027027027027027035,0.9193386773547094,-0.052408681842244675,-0.0014164508606012078,
recent_compact_current,w08,2026-03-19,2026-03-20,2026-03-26,601212,0.027027027027027035,0.9126753507014028,-0.04126213592233008,-0.0011151928627656782,
recent_compact_current,w08,2026-03-19,2026-03-20,2026-03-26,603179,0.027027027027027035,0.9078156312625251,-0.07061699985617709,-0.0019085675636804625,
recent_compact_current,w08,2026-03-19,2026-03-20,2026-03-26,603920,0.027027027027027035,0.9074148296593187,-0.02804092459264884,-0.0007578628268283473,
recent_compact_current,w08,2026-03-19,2026-03-20,2026-03-26,688122,0.027027027027027035,0.902254509018036,0.004333240145373063,0.00011711459852359633,
recent_compact_current,w08,2026-03-19,2026-03-20,2026-03-26,603979,0.027027027027027035,0.9443386773547094,0.047723532638507926,0.0012898252064461606,
recent_compact_current,w08,2026-03-19,2026-03-20,2026-03-26,002271,0.027027027027027035,0.9493486973947896,0.04040404040404044,0.0010920010920010934,
recent_compact_current,w08,2026-03-19,2026-03-20,2026-03-26,000657,0.027027027027027035,0.987625250501002,-0.08328468573652459,-0.002250937452338503,
recent_compact_current,w08,2026-03-19,2026-03-20,2026-03-26,000060,0.027027027027027035,0.9501002004008017,-0.03349282296650713,-0.00090521143152722,
recent_compact_current,w08,2026-03-19,2026-03-20,2026-03-26,600497,0.027027027027027035,0.9851452905811624,-0.039167686658506784,-0.0010585861259055892,
recent_compact_current,w08,2026-03-19,2026-03-20,2026-03-26,601958,0.027027027027027035,0.9809118236472947,-0.05933952528379771,-0.0016037709536161548,
recent_compact_current,w08,2026-03-19,2026-03-20,2026-03-26,000878,0.027027027027027035,0.9799849699398797,-0.03573305307409347,-0.0009657581911917156,
recent_compact_current,w08,2026-03-19,2026-03-20,2026-03-26,600392,0.027027027027027035,0.977880761523046,-0.04163014899211215,-0.0011251391619489773,
recent_compact_current,w08,2026-03-19,2026-03-20,2026-03-26,601168,0.027027027027027035,0.9768286573146292,-0.039816232771822446,-0.0010761143992384448,
recent_compact_current,w08,2026-03-19,2026-03-20,2026-03-26,002738,0.027027027027027035,0.9757264529058116,-0.008574335125708488,-0.00023173878718131056,
recent_compact_current,w08,2026-03-19,2026-03-20,2026-03-26,000703,0.027027027027027035,0.9735971943887776,0.1933649289099526,0.005226079159728451,
recent_compact_current,w08,2026-03-19,2026-03-20,2026-03-26,600549,0.027027027027027035,0.9704909819639279,0.03958785249457697,0.0010699419593128913,
recent_compact_current,w08,2026-03-19,2026-03-20,2026-03-26,000426,0.027027027027027035,0.9659569138276554,-0.03049838829655338,-0.0008242807647717132,
recent_compact_current,w08,2026-03-19,2026-03-20,2026-03-26,000933,0.027027027027027035,0.964879759519038,-0.07527559055118116,-0.002034475420302194,
recent_compact_current,w08,2026-03-19,2026-03-20,2026-03-26,002126,0.027027027027027035,0.9594689378757515,-0.03500000000000003,-0.0009459459459459471,
recent_compact_current,w08,2026-03-19,2026-03-20,2026-03-26,000559,0.027027027027027035,0.954809619238477,-0.028894472361808976,-0.0007809316854542968,
recent_compact_current,w08,2026-03-19,2026-03-20,2026-03-26,002155,0.027027027027027035,0.9532565130260521,-0.04966216216216224,-0.0013422205989773583,
recent_compact_current,w08,2026-03-19,2026-03-20,2026-03-26,601233,0.027027027027027035,0.9528056112224448,0.03362318840579692,0.0009087348217782955,
recent_compact_current,w08,2026-03-19,2026-03-20,2026-03-26,300058,0.027027027027027035,0.951002004008016,-0.0607882431529726,-0.0016429254906208815,
recent_compact_current,w08,2026-03-19,2026-03-20,2026-03-26,002756,0.027027027027027035,0.8990981963927855,0.26812092064582616,0.007246511368806115,
short_aggressive_compact_capacity,w08,2026-03-19,2026-03-20,2026-03-26,601016,0.03225806451612904,0.9923331663326653,0.16192560175054682,0.005223406508082156,
short_aggressive_compact_capacity,w08,2026-03-19,2026-03-20,2026-03-26,688777,0.03225806451612904,0.9552499999999999,-0.08441651192686772,-0.002723113287963475,
short_aggressive_compact_capacity,w08,2026-03-19,2026-03-20,2026-03-26,002465,0.03225806451612904,0.927187374749499,-0.05813953488372092,-0.0018754688672168044,
short_aggressive_compact_capacity,w08,2026-03-19,2026-03-20,2026-03-26,601611,0.03225806451612904,0.92836873747495,-0.07751937984496127,-0.0025006251562890735,
short_aggressive_compact_capacity,w08,2026-03-19,2026-03-20,2026-03-26,688248,0.03225806451612904,0.9287229458917836,0.007444954855061026,0.00024015983403422668,
short_aggressive_compact_capacity,w08,2026-03-19,2026-03-20,2026-03-26,002738,0.03225806451612904,0.9340531062124249,-0.008574335125708488,-0.00027659145566801577,
short_aggressive_compact_capacity,w08,2026-03-19,2026-03-20,2026-03-26,002025,0.03225806451612904,0.9346487975951905,0.01957558809014648,0.0006314705835531124,
short_aggressive_compact_capacity,w08,2026-03-19,2026-03-20,2026-03-26,000559,0.03225806451612904,0.9381968937875751,-0.028894472361808976,-0.0009320797536067413,
short_aggressive_compact_capacity,w08,2026-03-19,2026-03-20,2026-03-26,603979,0.03225806451612904,0.9385345691382766,0.047723532638507926,0.0015394687947905786,
short_aggressive_compact_capacity,w08,2026-03-19,2026-03-20,2026-03-26,601233,0.03225806451612904,0.941632264529058,0.03362318840579692,0.001084618980832159,
short_aggressive_compact_capacity,w08,2026-03-19,2026-03-20,2026-03-26,603920,0.03225806451612904,0.9435270541082164,-0.02804092459264884,-0.0009045459546015757,
short_aggressive_compact_capacity,w08,2026-03-19,2026-03-20,2026-03-26,300677,0.03225806451612904,0.94388126252505,-0.07662447257383964,-0.002471757179801279,
short_aggressive_compact_capacity,w08,2026-03-19,2026-03-20,2026-03-26,002851,0.03225806451612904,0.9454218436873747,-0.0364212954064963,-0.0011748804969837518,
short_aggressive_compact_capacity,w08,2026-03-19,2026-03-20,2026-03-26,002432,0.03225806451612904,0.9525425851703406,-0.05382865807429882,-0.0017364083249773816,
short_aggressive_compact_capacity,w08,2026-03-19,2026-03-20,2026-03-26,601168,0.03225806451612904,0.9532610220440881,-0.039816232771822446,-0.0012843946055426598,
short_aggressive_compact_capacity,w08,2026-03-19,2026-03-20,2026-03-26,300751,0.03225806451612904,0.958933867735471,0.1541224359485991,0.004971691482212875,
short_aggressive_compact_capacity,w08,2026-03-19,2026-03-20,2026-03-26,600602,0.03225806451612904,0.9904383767535071,-0.04759806081974449,-0.0015354213167659517,
short_aggressive_compact_capacity,w08,2026-03-19,2026-03-20,2026-03-26,002044,0.03225806451612904,0.9605801603206412,-0.0557432432432432,-0.0017981691368788133,
short_aggressive_compact_capacity,w08,2026-03-19,2026-03-20,2026-03-26,600563,0.03225806451612904,0.9609343687374748,0.09694209499024065,0.0031271643545238924,
short_aggressive_compact_capacity,w08,2026-03-19,2026-03-20,2026-03-26,688281,0.03225806451612904,0.9637525050100201,-0.06189679577917884,-0.0019966708315864146,
short_aggressive_compact_capacity,w08,2026-03-19,2026-03-20,2026-03-26,000878,0.03225806451612904,0.9646297595190381,-0.03573305307409347,-0.0011526791314223702,
short_aggressive_compact_capacity,w08,2026-03-19,2026-03-20,2026-03-26,003035,0.03225806451612904,0.9658061122244489,0.010575793184488758,0.0003411546188544761,
short_aggressive_compact_capacity,w08,2026-03-19,2026-03-20,2026-03-26,688037,0.03225806451612904,0.966247995991984,-0.01037895244991549,-0.00033480491773920946,
short_aggressive_compact_capacity,w08,2026-03-19,2026-03-20,2026-03-26,688361,0.03225806451612904,0.9666187374749499,-0.03213375598234813,-0.0010365727736241334,
short_aggressive_compact_capacity,w08,2026-03-19,2026-03-20,2026-03-26,000703,0.03225806451612904,0.9723031062124248,0.1933649289099526,0.0062375783519339565,
short_aggressive_compact_capacity,w08,2026-03-19,2026-03-20,2026-03-26,002008,0.03225806451612904,0.9738436873747495,-0.017301587301587373,-0.0005581157194060444,
short_aggressive_compact_capacity,w08,2026-03-19,2026-03-20,2026-03-26,600497,0.03225806451612904,0.9776332665330661,-0.039167686658506784,-0.0012634737631776385,
short_aggressive_compact_capacity,w08,2026-03-19,2026-03-20,2026-03-26,603688,0.03225806451612904,0.9782289579158316,-0.038821648778259776,-0.0012523112509116058,
short_aggressive_compact_capacity,w08,2026-03-19,2026-03-20,2026-03-26,000426,0.03225806451612904,0.9833176352705411,-0.03049838829655338,-0.0009838189773081736,
short_aggressive_compact_capacity,w08,2026-03-19,2026-03-20,2026-03-26,000960,0.03225806451612904,0.9852124248496994,-0.0512507626601586,-0.0016532504083922133,
short_aggressive_compact_capacity,w08,2026-03-19,2026-03-20,2026-03-26,688608,0.03225806451612904,0.9262259519038076,-0.08214785447761197,-0.002649930789600387,
short_aggressive_medium_capacity,w08,2026-03-19,2026-03-20,2026-03-26,601016,0.03225806451612904,0.9923331663326653,0.16192560175054682,0.005223406508082156,
short_aggressive_medium_capacity,w08,2026-03-19,2026-03-20,2026-03-26,688777,0.03225806451612904,0.9552499999999999,-0.08441651192686772,-0.002723113287963475,
short_aggressive_medium_capacity,w08,2026-03-19,2026-03-20,2026-03-26,002465,0.03225806451612904,0.927187374749499,-0.05813953488372092,-0.0018754688672168044,
short_aggressive_medium_capacity,w08,2026-03-19,2026-03-20,2026-03-26,601611,0.03225806451612904,0.92836873747495,-0.07751937984496127,-0.0025006251562890735,
short_aggressive_medium_capacity,w08,2026-03-19,2026-03-20,2026-03-26,688248,0.03225806451612904,0.9287229458917836,0.007444954855061026,0.00024015983403422668,
short_aggressive_medium_capacity,w08,2026-03-19,2026-03-20,2026-03-26,002738,0.03225806451612904,0.9340531062124249,-0.008574335125708488,-0.00027659145566801577,
short_aggressive_medium_capacity,w08,2026-03-19,2026-03-20,2026-03-26,002025,0.03225806451612904,0.9346487975951905,0.01957558809014648,0.0006314705835531124,
short_aggressive_medium_capacity,w08,2026-03-19,2026-03-20,2026-03-26,000559,0.03225806451612904,0.9381968937875751,-0.028894472361808976,-0.0009320797536067413,
short_aggressive_medium_capacity,w08,2026-03-19,2026-03-20,2026-03-26,603979,0.03225806451612904,0.9385345691382766,0.047723532638507926,0.0015394687947905786,
short_aggressive_medium_capacity,w08,2026-03-19,2026-03-20,2026-03-26,601233,0.03225806451612904,0.941632264529058,0.03362318840579692,0.001084618980832159,
short_aggressive_medium_capacity,w08,2026-03-19,2026-03-20,2026-03-26,603920,0.03225806451612904,0.9435270541082164,-0.02804092459264884,-0.0009045459546015757,
short_aggressive_medium_capacity,w08,2026-03-19,2026-03-20,2026-03-26,300677,0.03225806451612904,0.94388126252505,-0.07662447257383964,-0.002471757179801279,
short_aggressive_medium_capacity,w08,2026-03-19,2026-03-20,2026-03-26,002851,0.03225806451612904,0.9454218436873747,-0.0364212954064963,-0.0011748804969837518,
short_aggressive_medium_capacity,w08,2026-03-19,2026-03-20,2026-03-26,002432,0.03225806451612904,0.9525425851703406,-0.05382865807429882,-0.0017364083249773816,
short_aggressive_medium_capacity,w08,2026-03-19,2026-03-20,2026-03-26,601168,0.03225806451612904,0.9532610220440881,-0.039816232771822446,-0.0012843946055426598,
short_aggressive_medium_capacity,w08,2026-03-19,2026-03-20,2026-03-26,300751,0.03225806451612904,0.958933867735471,0.1541224359485991,0.004971691482212875,
short_aggressive_medium_capacity,w08,2026-03-19,2026-03-20,2026-03-26,600602,0.03225806451612904,0.9904383767535071,-0.04759806081974449,-0.0015354213167659517,
short_aggressive_medium_capacity,w08,2026-03-19,2026-03-20,2026-03-26,002044,0.03225806451612904,0.9605801603206412,-0.0557432432432432,-0.0017981691368788133,
short_aggressive_medium_capacity,w08,2026-03-19,2026-03-20,2026-03-26,600563,0.03225806451612904,0.9609343687374748,0.09694209499024065,0.0031271643545238924,
short_aggressive_medium_capacity,w08,2026-03-19,2026-03-20,2026-03-26,688281,0.03225806451612904,0.9637525050100201,-0.06189679577917884,-0.0019966708315864146,
short_aggressive_medium_capacity,w08,2026-03-19,2026-03-20,2026-03-26,000878,0.03225806451612904,0.9646297595190381,-0.03573305307409347,-0.0011526791314223702,
short_aggressive_medium_capacity,w08,2026-03-19,2026-03-20,2026-03-26,003035,0.03225806451612904,0.9658061122244489,0.010575793184488758,0.0003411546188544761,
short_aggressive_medium_capacity,w08,2026-03-19,2026-03-20,2026-03-26,688037,0.03225806451612904,0.966247995991984,-0.01037895244991549,-0.00033480491773920946,
short_aggressive_medium_capacity,w08,2026-03-19,2026-03-20,2026-03-26,688361,0.03225806451612904,0.9666187374749499,-0.03213375598234813,-0.0010365727736241334,
short_aggressive_medium_capacity,w08,2026-03-19,2026-03-20,2026-03-26,000703,0.03225806451612904,0.9723031062124248,0.1933649289099526,0.0062375783519339565,
short_aggressive_medium_capacity,w08,2026-03-19,2026-03-20,2026-03-26,002008,0.03225806451612904,0.9738436873747495,-0.017301587301587373,-0.0005581157194060444,
short_aggressive_medium_capacity,w08,2026-03-19,2026-03-20,2026-03-26,600497,0.03225806451612904,0.9776332665330661,-0.039167686658506784,-0.0012634737631776385,
short_aggressive_medium_capacity,w08,2026-03-19,2026-03-20,2026-03-26,603688,0.03225806451612904,0.9782289579158316,-0.038821648778259776,-0.0012523112509116058,
short_aggressive_medium_capacity,w08,2026-03-19,2026-03-20,2026-03-26,000426,0.03225806451612904,0.9833176352705411,-0.03049838829655338,-0.0009838189773081736,
short_aggressive_medium_capacity,w08,2026-03-19,2026-03-20,2026-03-26,000960,0.03225806451612904,0.9852124248496994,-0.0512507626601586,-0.0016532504083922133,
short_aggressive_medium_capacity,w08,2026-03-19,2026-03-20,2026-03-26,688608,0.03225806451612904,0.9262259519038076,-0.08214785447761197,-0.002649930789600387,
short_aggressive_wide_capacity,w08,2026-03-19,2026-03-20,2026-03-26,688295,0.036000000004219955,1.0,-0.004786268361115842,-0.00017230566102036815,
short_aggressive_wide_capacity,w08,2026-03-19,2026-03-20,2026-03-26,000021,0.036000000004219955,0.8532765531062125,-0.14091890225100212,-0.005073080481630748,
short_aggressive_wide_capacity,w08,2026-03-19,2026-03-20,2026-03-26,600392,0.036000000004219955,0.9445150300601203,-0.04163014899211215,-0.0014986853638917148,
short_aggressive_wide_capacity,w08,2026-03-19,2026-03-20,2026-03-26,002837,0.036000000004219955,0.8247645290581163,-0.08225233016239064,-0.002961083886193164,
short_aggressive_wide_capacity,w08,2026-03-19,2026-03-20,2026-03-26,002432,0.036000000004219955,0.8247645290581163,-0.05382865807429882,-0.001937831690901912,
short_aggressive_wide_capacity,w08,2026-03-19,2026-03-20,2026-03-26,001389,0.036000000004219955,0.8247645290581163,-0.0069126414931305336,-0.00024885509378187027,
short_aggressive_wide_capacity,w08,2026-03-19,2026-03-20,2026-03-26,000591,0.036000000004219955,0.8247645290581163,0.01655629139072845,0.000596026490136091,
short_aggressive_wide_capacity,w08,2026-03-19,2026-03-20,2026-03-26,688525,0.036000000004219955,0.8532765531062125,-0.01727115716753025,-0.0006217616581039724,
short_aggressive_wide_capacity,w08,2026-03-19,2026-03-20,2026-03-26,600096,0.036000000004219955,0.8569423847695391,-0.08089826839826841,-0.0029123376626790497,
short_aggressive_wide_capacity,w08,2026-03-19,2026-03-20,2026-03-26,300346,0.036000000004219955,0.8569423847695391,-0.04157827747136189,-0.0014968179891444865,
short_aggressive_wide_capacity,w08,2026-03-19,2026-03-20,2026-03-26,600884,0.036000000004219955,0.9212980961923848,-0.010432190760059634,-0.00037555886740617023,
short_aggressive_wide_capacity,w08,2026-03-19,2026-03-20,2026-03-26,002340,0.036000000004219955,0.9212980961923848,0.0012674271229404788,4.562737643120572e-05,
short_aggressive_wide_capacity,w08,2026-03-19,2026-03-20,2026-03-26,002130,0.036000000004219955,0.9212980961923848,-0.05992063492063482,-0.002157142857395716,
short_aggressive_wide_capacity,w08,2026-03-19,2026-03-20,2026-03-26,001696,0.036000000004219955,0.9212980961923848,-0.10702341137123739,-0.00385284280981618,
short_aggressive_wide_capacity,w08,2026-03-19,2026-03-20,2026-03-26,603000,0.036000000004219955,0.7507600200400801,-0.05970149253731338,-0.0021492537315952196,
short_aggressive_wide_capacity,w08,2026-03-19,2026-03-20,2026-03-26,002414,0.036000000000000004,0.7519819639278558,-0.04642593957258667,-0.0016713338246131203,
short_aggressive_wide_capacity,w08,2026-03-19,2026-03-20,2026-03-26,002558,0.036000000000000004,0.7417990981963927,-0.03311057108140958,-0.001191980558930745,
short_aggressive_wide_capacity,w08,2026-03-19,2026-03-20,2026-03-26,002402,0.036000000000000004,0.7417990981963927,-0.05826513911620301,-0.0020975450081833088,
short_aggressive_wide_capacity,w08,2026-03-19,2026-03-20,2026-03-26,002064,0.036000000000000004,0.7417990981963927,0.024291497975708287,0.0008744939271254984,
short_aggressive_wide_capacity,w08,2026-03-19,2026-03-20,2026-03-26,300017,0.036000000000000004,0.8247645290581163,-0.06065485775630697,-0.002183574879227051,
short_aggressive_wide_capacity,w08,2026-03-19,2026-03-20,2026-03-26,601179,0.036000000000000004,0.8247645290581163,-0.0683810637054354,-0.0024617182933956744,
short_aggressive_wide_capacity,w08,2026-03-19,2026-03-20,2026-03-26,601016,0.036000000000000004,0.8247645290581163,0.16192560175054682,0.005829321663019686,
short_aggressive_wide_capacity,w08,2026-03-19,2026-03-20,2026-03-26,301536,0.036000000000000004,0.8247645290581163,-0.09919108871502436,-0.0035708791937408774,
short_aggressive_wide_capacity,w08,2026-03-19,2026-03-20,2026-03-26,300763,0.036000000000000004,0.8247645290581163,0.0802849441663458,0.002890257989988449,
short_aggressive_wide_capacity,w08,2026-03-19,2026-03-20,2026-03-26,003035,0.036000000000000004,0.8247645290581163,0.010575793184488758,0.00038072855464159534,
short_aggressive_wide_capacity,w08,2026-03-19,2026-03-20,2026-03-26,002683,0.03333333331223356,0.7417990981963927,-0.0551335456995834,-0.0018377848554894745,
short_aggressive_wide_capacity,w08,2026-03-19,2026-03-20,2026-03-26,300115,0.02666666664978681,0.7417990981963927,-0.0135384615384615,-0.0003610256407971127,
short_aggressive_wide_capacity,w08,2026-03-19,2026-03-20,2026-03-26,300207,0.019999999987340117,0.7417990981963927,0.04320060105184065,0.0008640120204898983,
short_aggressive_wide_capacity,w08,2026-03-19,2026-03-20,2026-03-26,300454,0.013333333324893405,0.7417990981963927,-0.11121615814353247,-0.0014828821076417766,
short_aggressive_wide_capacity,w08,2026-03-19,2026-03-20,2026-03-26,600021,0.0066666666624467024,0.7417990981963927,-0.043912175648702534,-0.00029274783747270907,
stable_compact_capacity,w08,2026-03-19,2026-03-20,2026-03-26,000426,0.030303030303030304,0.9954288577154309,-0.03049838829655338,-0.0009241935847440418,
stable_compact_capacity,w08,2026-03-19,2026-03-20,2026-03-26,601233,0.030303030303030304,0.9591703406813628,0.03362318840579692,0.0010188844971453614,
stable_compact_capacity,w08,2026-03-19,2026-03-20,2026-03-26,601212,0.030303030303030304,0.934006012024048,-0.04126213592233008,-0.0012503677552221236,
stable_compact_capacity,w08,2026-03-19,2026-03-20,2026-03-26,601611,0.030303030303030304,0.9356513026052105,-0.07751937984496127,-0.002349072116513978,
stable_compact_capacity,w08,2026-03-19,2026-03-20,2026-03-26,603979,0.030303030303030304,0.9357374749498998,0.047723532638507926,0.0014461676557123615,
stable_compact_capacity,w08,2026-03-19,2026-03-20,2026-03-26,688220,0.030303030303030304,0.9376492985971944,-0.11457260556127713,-0.003471897138220519,
stable_compact_capacity,w08,2026-03-19,2026-03-20,2026-03-26,600498,0.030303030303030304,0.9395711422845692,-0.011319111885067401,-0.00034300339045658794,
stable_compact_capacity,w08,2026-03-19,2026-03-20,2026-03-26,688385,0.030303030303030304,0.9434909819639279,-0.08126871766947996,-0.0024626884142266658,
stable_compact_capacity,w08,2026-03-19,2026-03-20,2026-03-26,002008,0.030303030303030304,0.9434909819639279,-0.017301587301587373,-0.0005242905242905265,
stable_compact_capacity,w08,2026-03-19,2026-03-20,2026-03-26,300395,0.030303030303030304,0.9474108216432865,-0.06830330627598491,-0.0020697971598783306,
stable_compact_capacity,w08,2026-03-19,2026-03-20,2026-03-26,002080,0.030303030303030304,0.9513306613226452,-0.03648068669527904,-0.0011054753544023953,
stable_compact_capacity,w08,2026-03-19,2026-03-20,2026-03-26,688608,0.030303030303030304,0.9514168336673346,-0.08214785447761197,-0.002489328923563999,
stable_compact_capacity,w08,2026-03-19,2026-03-20,2026-03-26,688281,0.030303030303030304,0.9542124248496994,-0.06189679577917884,-0.0018756604781569345,
stable_compact_capacity,w08,2026-03-19,2026-03-20,2026-03-26,603920,0.030303030303030304,0.955250501002004,-0.02804092459264884,-0.0008497249876560255,
stable_compact_capacity,w08,2026-03-19,2026-03-20,2026-03-26,300748,0.030303030303030304,0.9552885771543086,-0.027113237639553422,-0.0008216132618046491,
stable_compact_capacity,w08,2026-03-19,2026-03-20,2026-03-26,688295,0.030303030303030304,0.9584448897795591,-0.004786268361115842,-0.00014503843518532856,
stable_compact_capacity,w08,2026-03-19,2026-03-20,2026-03-26,600141,0.030303030303030304,0.9600921843687374,0.013349891338093833,0.0004045421617604192,
stable_compact_capacity,w08,2026-03-19,2026-03-20,2026-03-26,000960,0.030303030303030304,0.9954288577154309,-0.0512507626601586,-0.0015530534139442,
stable_compact_capacity,w08,2026-03-19,2026-03-20,2026-03-26,688122,0.030303030303030304,0.9620521042084168,0.004333240145373063,0.00013131030743554736,
stable_compact_capacity,w08,2026-03-19,2026-03-20,2026-03-26,603225,0.030303030303030304,0.9659719438877755,0.05956907477820028,0.0018051234781272813,
stable_compact_capacity,w08,2026-03-19,2026-03-20,2026-03-26,000657,0.030303030303030304,0.968376753507014,-0.08328468573652459,-0.00252377835565226,
stable_compact_capacity,w08,2026-03-19,2026-03-20,2026-03-26,603688,0.030303030303030304,0.9719098196392786,-0.038821648778259776,-0.0011764135993412054,
stable_compact_capacity,w08,2026-03-19,2026-03-20,2026-03-26,002851,0.030303030303030304,0.9719098196392786,-0.0364212954064963,-0.0011036756183786759,
stable_compact_capacity,w08,2026-03-19,2026-03-20,2026-03-26,002738,0.030303030303030304,0.976809619238477,-0.008574335125708488,-0.00025982833714268143,
stable_compact_capacity,w08,2026-03-19,2026-03-20,2026-03-26,600549,0.030303030303030304,0.9807294589178357,0.03958785249457697,0.0011996318937750597,
stable_compact_capacity,w08,2026-03-19,2026-03-20,2026-03-26,000831,0.030303030303030304,0.9826312625250501,-0.03091706705661157,-0.0009368808198973204,
stable_compact_capacity,w08,2026-03-19,2026-03-20,2026-03-26,601958,0.030303030303030304,0.982689378757515,-0.05933952528379771,-0.0017981674328423549,
stable_compact_capacity,w08,2026-03-19,2026-03-20,2026-03-26,000060,0.030303030303030304,0.9856292585170341,-0.03349282296650713,-0.0010149340292880948,
stable_compact_capacity,w08,2026-03-19,2026-03-20,2026-03-26,601168,0.030303030303030304,0.9865511022044088,-0.039816232771822446,-0.0012065525082370439,
stable_compact_capacity,w08,2026-03-19,2026-03-20,2026-03-26,000878,0.030303030303030304,0.9865511022044088,-0.03573305307409347,-0.0010828197901240446,
stable_compact_capacity,w08,2026-03-19,2026-03-20,2026-03-26,600392,0.030303030303030304,0.9924308617234469,-0.04163014899211215,-0.001261519666427641,
stable_compact_capacity,w08,2026-03-19,2026-03-20,2026-03-26,600497,0.030303030303030304,0.9954288577154309,-0.039167686658506784,-0.0011868995957123268,
stable_compact_capacity,w08,2026-03-19,2026-03-20,2026-03-26,002044,0.030303030303030304,0.9336913827655311,-0.0557432432432432,-0.001689189189189188,
stable_compact_current,w08,2026-03-19,2026-03-20,2026-03-26,000060,0.03253310000000001,0.8640751503006012,-0.03349282296650713,-0.0010896253588516735,
stable_compact_current,w08,2026-03-19,2026-03-20,2026-03-26,002429,0.03253310000000001,0.8640751503006012,-0.04459861248761143,-0.001450931119920712,
stable_compact_current,w08,2026-03-19,2026-03-20,2026-03-26,600118,0.03253310000000001,0.8640751503006012,-0.06187410586552211,-0.002012956473533618,
stable_compact_current,w08,2026-03-19,2026-03-20,2026-03-26,300757,0.03253310000000001,0.8640751503006012,0.09182012847965737,0.002987193421841542,
stable_compact_current,w08,2026-03-19,2026-03-20,2026-03-26,300604,0.03253310000000001,0.8640751503006012,-0.027824688379573748,-0.000905223369521511,
stable_compact_current,w08,2026-03-19,2026-03-20,2026-03-26,000426,0.03253310000000001,0.8640751503006012,-0.03049838829655338,-0.000992207116290601,
stable_compact_current,w08,2026-03-19,2026-03-20,2026-03-26,002851,0.03253310000000001,0.8640751503006012,-0.0364212954064963,-0.001184897645589085,
stable_compact_current,w08,2026-03-19,2026-03-20,2026-03-26,002738,0.03253310000000001,0.8640751503006012,-0.008574335125708488,-0.0002789497020781869,
stable_compact_current,w08,2026-03-19,2026-03-20,2026-03-26,002465,0.03253310000000001,0.8640751503006012,-0.05813953488372092,-0.0018914593023255817,
stable_compact_current,w08,2026-03-19,2026-03-20,2026-03-26,002436,0.03253310000000001,0.8640751503006012,-0.0789825970548862,-0.0025695487282463188,
stable_compact_current,w08,2026-03-19,2026-03-20,2026-03-26,003031,0.03253310000000001,0.8640751503006012,0.03185048697025539,0.0010361950776520158,
stable_compact_current,w08,2026-03-19,2026-03-20,2026-03-26,002409,0.03253310000000001,0.8640751503006012,-0.04955960070463883,-0.001612327445684086,
stable_compact_current,w08,2026-03-19,2026-03-20,2026-03-26,002202,0.03253310000000001,0.8640751503006012,-0.056356927205635676,-0.0018334655484736665,
stable_compact_current,w08,2026-03-19,2026-03-20,2026-03-26,000657,0.03253310000000001,0.8640751503006012,-0.08328468573652459,-0.002709509009534929,
stable_compact_current,w08,2026-03-19,2026-03-20,2026-03-26,000960,0.03253310000000001,0.8640751503006012,-0.0512507626601586,-0.0016673461866992061,
stable_compact_current,w08,2026-03-19,2026-03-20,2026-03-26,002008,0.03253310000000001,0.8640751503006012,-0.017301587301587373,-0.0005628742698412724,
stable_compact_current,w08,2026-03-19,2026-03-20,2026-03-26,600497,0.03253310000000001,0.8640751503006012,-0.039167686658506784,-0.0012742462668298674,
stable_compact_current,w08,2026-03-19,2026-03-20,2026-03-26,002080,0.03253310000000001,0.8640751503006012,-0.03648068669527904,-0.001186829828326183,
stable_compact_current,w08,2026-03-19,2026-03-20,2026-03-26,002156,0.03253310000000001,0.8640751503006012,-0.0694232861806312,-0.0022585547116430937,
stable_compact_current,w08,2026-03-19,2026-03-20,2026-03-26,002195,0.03253310000000001,0.8640751503006012,-0.08673469387755117,-0.0028217484693877607,
stable_compact_current,w08,2026-03-19,2026-03-20,2026-03-26,300136,0.03175800000000001,0.8640751503006012,-0.0006217938753302343,-1.9746929892737586e-05,
stable_compact_current,w08,2026-03-19,2026-03-20,2026-03-26,300223,0.03175800000000001,0.8640751503006012,-0.09973753280839892,-0.003167464566929134,
stable_compact_current,w08,2026-03-19,2026-03-20,2026-03-26,300285,0.03175800000000001,0.8640751503006012,-0.11333914559721003,-0.0035994245858761973,
stable_compact_current,w08,2026-03-19,2026-03-20,2026-03-26,300383,0.03175800000000001,0.8640751503006012,0.022754491017964007,0.0007226371257485012,
stable_compact_current,w08,2026-03-19,2026-03-20,2026-03-26,300058,0.03175800000000001,0.8640751503006012,-0.0607882431529726,-0.0019305130260521043,
stable_compact_current,w08,2026-03-19,2026-03-20,2026-03-26,300567,0.03175800000000001,0.8640751503006012,-0.01365027065191804,-0.0004335052953636132,
stable_compact_current,w08,2026-03-19,2026-03-20,2026-03-26,300570,0.03175800000000001,0.8640751503006012,0.0005116834385126001,1.625004264028316e-05,
stable_compact_current,w08,2026-03-19,2026-03-20,2026-03-26,300751,0.03175800000000001,0.8640751503006012,0.1541224359485991,0.004894620320855611,
stable_compact_current,w08,2026-03-19,2026-03-20,2026-03-26,300857,0.03175800000000001,0.8640751503006012,-0.16432453416149073,-0.005218618555900624,
stable_compact_current,w08,2026-03-19,2026-03-20,2026-03-26,301611,0.03175800000000001,0.8640751503006012,-0.05000971062342208,-0.0015882083899786388,
stable_compact_current,w08,2026-03-19,2026-03-20,2026-03-26,300395,0.03175800000000001,0.8640751503006012,-0.06830330627598491,-0.002169176400712729,
stable_extra_wide_capacity,w08,2026-03-19,2026-03-20,2026-03-26,002423,0.02173913043478261,0.9174498997995992,-0.07545533391153503,-0.0016403333459029355,
stable_extra_wide_capacity,w08,2026-03-19,2026-03-20,2026-03-26,601966,0.02173913043478261,0.8486723446893788,-0.035148173673328675,-0.0007640907320288844,
stable_extra_wide_capacity,w08,2026-03-19,2026-03-20,2026-03-26,000060,0.02173913043478261,0.8530360721442887,-0.03349282296650713,-0.0007281048470979812,
stable_extra_wide_capacity,w08,2026-03-19,2026-03-20,2026-03-26,688166,0.02173913043478261,0.8504108216432866,-0.0679631114675221,-0.0014774589449461327,
stable_extra_wide_capacity,w08,2026-03-19,2026-03-20,2026-03-26,000785,0.02173913043478261,0.8486723446893788,-0.12499999999999989,-0.002717391304347824,
stable_extra_wide_capacity,w08,2026-03-19,2026-03-20,2026-03-26,002603,0.02173913043478261,0.8486723446893788,-0.036769138034960736,-0.0007993290877165378,
stable_extra_wide_capacity,w08,2026-03-19,2026-03-20,2026-03-26,300601,0.02173913043478261,0.8486723446893788,-0.05081157374735357,-0.001104599429290295,
stable_extra_wide_capacity,w08,2026-03-19,2026-03-20,2026-03-26,600380,0.02173913043478261,0.8486723446893788,-0.03794037940379402,-0.000824790856604218,
stable_extra_wide_capacity,w08,2026-03-19,2026-03-20,2026-03-26,600606,0.02173913043478261,0.8486723446893788,-0.05625000000000002,-0.0012228260869565225,
stable_extra_wide_capacity,w08,2026-03-19,2026-03-20,2026-03-26,600816,0.02173913043478261,0.8486723446893788,-0.059259259259259345,-0.001288244766505638,
stable_extra_wide_capacity,w08,2026-03-19,2026-03-20,2026-03-26,601921,0.02173913043478261,0.8486723446893788,-0.029336734693877542,-0.0006377551020408162,
stable_extra_wide_capacity,w08,2026-03-19,2026-03-20,2026-03-26,603858,0.02173913043478261,0.8486723446893788,-0.04970059880239519,-0.0010804478000520695,
stable_extra_wide_capacity,w08,2026-03-19,2026-03-20,2026-03-26,688266,0.02173913043478261,0.9160170340681363,0.08890444522226115,0.0019327053309187209,
stable_extra_wide_capacity,w08,2026-03-19,2026-03-20,2026-03-26,688122,0.02173913043478261,0.8473046092184369,0.004333240145373063,9.420087272550138e-05,
stable_extra_wide_capacity,w08,2026-03-19,2026-03-20,2026-03-26,600763,0.02173913043478261,0.8415080160320642,-0.061082832022211986,-0.0013278876526567824,
stable_extra_wide_capacity,w08,2026-03-19,2026-03-20,2026-03-26,300454,0.02173913043478261,0.8407865731462927,-0.11121615814353247,-0.0024177425683376626,
stable_extra_wide_capacity,w08,2026-03-19,2026-03-20,2026-03-26,300957,0.02173913043478261,0.8372094188376754,-0.09275575134605973,-0.0020164293770882553,
stable_extra_wide_capacity,w08,2026-03-19,2026-03-20,2026-03-26,001696,0.02173913043478261,0.8343436873747495,-0.10702341137123739,-0.002326595899374726,
stable_extra_wide_capacity,w08,2026-03-19,2026-03-20,2026-03-26,600739,0.02173913043478261,0.8329108216432866,-0.061864406779661096,-0.0013448784082535023,
stable_extra_wide_capacity,w08,2026-03-19,2026-03-20,2026-03-26,002945,0.02173913043478261,0.8295090180360722,-0.05308641975308637,-0.0011540526033279647,
stable_extra_wide_capacity,w08,2026-03-19,2026-03-20,2026-03-26,002044,0.02173913043478261,0.8293286573146293,-0.0557432432432432,-0.0012118096357226784,
stable_extra_wide_capacity,w08,2026-03-19,2026-03-20,2026-03-26,688778,0.02173913043478261,0.8280761523046092,0.025416666666666643,0.0005525362318840575,
stable_extra_wide_capacity,w08,2026-03-19,2026-03-20,2026-03-26,000415,0.02173913043478261,0.8572695390781564,0.05623471882640607,0.001222493887530567,
stable_extra_wide_capacity,w08,2026-03-19,2026-03-20,2026-03-26,688475,0.02173913043478261,0.8608517034068136,-0.05307467057101023,-0.0011537971863263094,
stable_extra_wide_capacity,w08,2026-03-19,2026-03-20,2026-03-26,600848,0.02173913043478261,0.8608517034068136,-0.027477919528949846,-0.0005973460767163011,
stable_extra_wide_capacity,w08,2026-03-19,2026-03-20,2026-03-26,002773,0.02173913043478261,0.8608517034068136,-0.05666041275797362,-0.0012317481034342093,
stable_extra_wide_capacity,w08,2026-03-19,2026-03-20,2026-03-26,603233,0.02173913043478261,0.9045541082164329,-0.04175824175824161,-0.0009077878643096003,
stable_extra_wide_capacity,w08,2026-03-19,2026-03-20,2026-03-26,688281,0.02173913043478261,0.903186372745491,-0.06189679577917884,-0.0013455825169386706,
stable_extra_wide_capacity,w08,2026-03-19,2026-03-20,2026-03-26,688192,0.02173913043478261,0.9031212424849699,0.0392749244712991,0.0008538027058978066,
stable_extra_wide_capacity,w08,2026-03-19,2026-03-20,2026-03-26,600528,0.02173913043478261,0.8973897795591183,-0.03827160493827153,-0.0008319914117015551,
stable_extra_wide_capacity,w08,2026-03-19,2026-03-20,2026-03-26,600927,0.02173913043478261,0.8973897795591183,-0.06644067796610176,-0.0014443625644804732,
stable_extra_wide_capacity,w08,2026-03-19,2026-03-20,2026-03-26,688538,0.02173913043478261,0.8880761523046092,-0.04166666666666674,-0.0009057971014492771,
stable_extra_wide_capacity,w08,2026-03-19,2026-03-20,2026-03-26,300888,0.02173913043478261,0.8823446893787575,-0.02811845647621891,-0.0006112707929612808,
stable_extra_wide_capacity,w08,2026-03-19,2026-03-20,2026-03-26,600141,0.02173913043478261,0.8802605210420842,0.013349891338093833,0.00029021502908899643,
stable_extra_wide_capacity,w08,2026-03-19,2026-03-20,2026-03-26,300748,0.02173913043478261,0.8788276553106213,-0.027113237639553422,-0.0005894182095555093,
stable_extra_wide_capacity,w08,2026-03-19,2026-03-20,2026-03-26,000898,0.02173913043478261,0.8773296593186374,-0.03658536585365846,-0.0007953340402969231,
stable_extra_wide_capacity,w08,2026-03-19,2026-03-20,2026-03-26,603707,0.02173913043478261,0.8758967935871744,-0.04069175991861651,-0.0008846034764916634,
stable_extra_wide_capacity,w08,2026-03-19,2026-03-20,2026-03-26,000750,0.02173913043478261,0.872314629258517,-0.04975124378109441,-0.0010815487778498786,
stable_extra_wide_capacity,w08,2026-03-19,2026-03-20,2026-03-26,600906,0.02173913043478261,0.872314629258517,-0.05547226386806603,-0.001205918779740566,
stable_extra_wide_capacity,w08,2026-03-19,2026-03-20,2026-03-26,601965,0.02173913043478261,0.8701653306613227,-0.03167420814479627,-0.0006885697422781798,
stable_extra_wide_capacity,w08,2026-03-19,2026-03-20,2026-03-26,000878,0.02173913043478261,0.8695140280561122,-0.03573305307409347,-0.0007768055016107277,
stable_extra_wide_capacity,w08,2026-03-19,2026-03-20,2026-03-26,601168,0.02173913043478261,0.8695140280561122,-0.039816232771822446,-0.0008655702776483141,
stable_extra_wide_capacity,w08,2026-03-19,2026-03-20,2026-03-26,002607,0.02173913043478261,0.8687324649298598,-0.047272727272727244,-0.001027667984189723,
stable_extra_wide_capacity,w08,2026-03-19,2026-03-20,2026-03-26,002265,0.02173913043478261,0.8644338677354709,0.06060606060606055,0.0013175230566534904,
stable_extra_wide_capacity,w08,2026-03-19,2026-03-20,2026-03-26,000009,0.02173913043478261,0.8608517034068136,-0.005605381165919354,-0.00012185611230259467,
stable_extra_wide_capacity,w08,2026-03-19,2026-03-20,2026-03-26,300972,0.02173913043478261,0.8266432865731463,-0.031429626114011566,-0.0006832527416089472,
stable_medium_capacity,w08,2026-03-19,2026-03-20,2026-03-26,688608,0.01075268817204301,0.9587424849699399,-0.08214785447761197,-0.0008833102632001287,
stable_medium_capacity,w08,2026-03-19,2026-03-20,2026-03-26,000528,0.01075268817204301,0.7876778557114228,-0.03319502074688796,-0.0003569357069557845,
stable_medium_capacity,w08,2026-03-19,2026-03-20,2026-03-26,300496,0.01075268817204301,0.7473296593186373,-0.09454489733374194,-0.0010166117992875476,
stable_medium_capacity,w08,2026-03-19,2026-03-20,2026-03-26,002266,0.01075268817204301,0.7473296593186373,-0.043577981651376274,-0.000468580447864261,
stable_medium_capacity,w08,2026-03-19,2026-03-20,2026-03-26,000050,0.01075268817204301,0.7473296593186373,-0.07656612529002316,-0.0008232916697851952,
stable_medium_capacity,w08,2026-03-19,2026-03-20,2026-03-26,601061,0.01075268817204301,0.7562199398797596,-0.07350565428109856,-0.0007903833793666511,
stable_medium_capacity,w08,2026-03-19,2026-03-20,2026-03-26,600707,0.01075268817204301,0.7562199398797596,-0.06115702479338847,-0.0006576024171332093,
stable_medium_capacity,w08,2026-03-19,2026-03-20,2026-03-26,600516,0.01075268817204301,0.7726327655310621,-0.04020100502512547,-0.00043226887123790824,
stable_medium_capacity,w08,2026-03-19,2026-03-20,2026-03-26,002756,0.01075268817204301,0.7726327655310621,0.26812092064582616,0.0028830206521056573,
stable_medium_capacity,w08,2026-03-19,2026-03-20,2026-03-26,002044,0.01075268817204301,0.7726327655310621,-0.0557432432432432,-0.0005993897122929376,
stable_medium_capacity,w08,2026-03-19,2026-03-20,2026-03-26,002265,0.01075268817204301,0.7876778557114228,0.06060606060606055,0.0006516780710329091,
stable_medium_capacity,w08,2026-03-19,2026-03-20,2026-03-26,688166,0.01075268817204301,0.7960270541082165,-0.0679631114675221,-0.0007307861448120655,
stable_medium_capacity,w08,2026-03-19,2026-03-20,2026-03-26,002465,0.01075268817204301,0.8871918837675351,-0.05813953488372092,-0.0006251562890722679,
stable_medium_capacity,w08,2026-03-19,2026-03-20,2026-03-26,600060,0.01075268817204301,0.8523371743486974,-0.03310961968680093,-0.0003560174159871067,
stable_medium_capacity,w08,2026-03-19,2026-03-20,2026-03-26,000921,0.01075268817204301,0.8523371743486974,-0.0013327410039982723,-1.4330548430088949e-05,
stable_medium_capacity,w08,2026-03-19,2026-03-20,2026-03-26,000537,0.01075268817204301,0.8771317635270541,0.009458297506448776,0.00010170212372525565,
stable_medium_capacity,w08,2026-03-19,2026-03-20,2026-03-26,688629,0.01075268817204301,0.8871918837675351,-0.03923213120864788,-0.0004218508732112675,
stable_medium_capacity,w08,2026-03-19,2026-03-20,2026-03-26,688568,0.01075268817204301,0.8871918837675351,-0.11176384197385825,-0.0012017617416543896,
stable_medium_capacity,w08,2026-03-19,2026-03-20,2026-03-26,688375,0.01075268817204301,0.8871918837675351,-0.08705161854768162,-0.000936038909114856,
stable_medium_capacity,w08,2026-03-19,2026-03-20,2026-03-26,601231,0.01075268817204301,0.8871918837675351,-0.06716833890746943,-0.0007222402033061228,
stable_medium_capacity,w08,2026-03-19,2026-03-20,2026-03-26,600498,0.01075268817204301,0.8871918837675351,-0.011319111885067401,-0.0001217108804845957,
stable_medium_capacity,w08,2026-03-19,2026-03-20,2026-03-26,300757,0.01075268817204301,0.8871918837675351,0.09182012847965737,0.0009873132094586814,
stable_medium_capacity,w08,2026-03-19,2026-03-20,2026-03-26,600435,0.01075268817204301,0.7473296593186373,-0.03960396039603953,-0.00042584903651655406,
stable_medium_capacity,w08,2026-03-19,2026-03-20,2026-03-26,688052,0.01075268817204301,0.7473296593186373,0.019255455712451797,0.00020704791088657843,
stable_medium_capacity,w08,2026-03-19,2026-03-20,2026-03-26,000997,0.01075268817204301,0.7366157314629258,-0.0710332103321033,-0.0007637979605602505,
stable_medium_capacity,w08,2026-03-19,2026-03-20,2026-03-26,002402,0.01075268817204301,0.7366157314629258,-0.05826513911620301,-0.0006265068722172367,
stable_medium_capacity,w08,2026-03-19,2026-03-20,2026-03-26,300718,0.01075268817204301,0.7199749498997996,0.0017216642754660505,1.85125190910328e-05,
stable_medium_capacity,w08,2026-03-19,2026-03-20,2026-03-26,300458,0.01075268817204301,0.7199749498997996,-0.05934959349593494,-0.0006381676719993003,
stable_medium_capacity,w08,2026-03-19,2026-03-20,2026-03-26,300002,0.01075268817204301,0.7199749498997996,-0.08585365853658544,-0.0009231576186729617,
stable_medium_capacity,w08,2026-03-19,2026-03-20,2026-03-26,002065,0.01075268817204301,0.7199749498997996,-0.08013937282229955,-0.0008617136862612854,
stable_medium_capacity,w08,2026-03-19,2026-03-20,2026-03-26,000887,0.01075268817204301,0.7199749498997996,-0.014076881429344823,-0.00015136431644456797,
stable_medium_capacity,w08,2026-03-19,2026-03-20,2026-03-26,000009,0.01075268817204301,0.7199749498997996,-0.005605381165919354,-6.02729157625737e-05,
stable_medium_capacity,w08,2026-03-19,2026-03-20,2026-03-26,688387,0.01075268817204301,0.736057114228457,-0.10679611650485432,-0.0011483453387618743,
stable_medium_capacity,w08,2026-03-19,2026-03-20,2026-03-26,601212,0.01075268817204301,0.736057114228457,-0.04126213592233008,-0.00044367888088526965,
stable_medium_capacity,w08,2026-03-19,2026-03-20,2026-03-26,600879,0.01075268817204301,0.736057114228457,-0.04695885509839004,-0.0005049339257891402,
stable_medium_capacity,w08,2026-03-19,2026-03-20,2026-03-26,600118,0.01075268817204301,0.736057114228457,-0.06187410586552211,-0.0006653129662959366,
stable_medium_capacity,w08,2026-03-19,2026-03-20,2026-03-26,301611,0.01075268817204301,0.736057114228457,-0.05000971062342208,-0.0005377388239077642,
stable_medium_capacity,w08,2026-03-19,2026-03-20,2026-03-26,300751,0.01075268817204301,0.736057114228457,0.1541224359485991,0.0016572304940709577,
stable_medium_capacity,w08,2026-03-19,2026-03-20,2026-03-26,300136,0.01075268817204301,0.736057114228457,-0.0006217938753302343,-6.685955648712196e-06,
stable_medium_capacity,w08,2026-03-19,2026-03-20,2026-03-26,688772,0.01075268817204301,0.7366157314629258,0.0018714909544601532,2.0123558650109175e-05,
stable_medium_capacity,w08,2026-03-19,2026-03-20,2026-03-26,688114,0.01075268817204301,0.7366157314629258,-0.05956232159847752,-0.0006404550709513711,
stable_medium_capacity,w08,2026-03-19,2026-03-20,2026-03-26,603786,0.01075268817204301,0.7366157314629258,-0.029845313921747052,-0.0003209173539972801,
stable_medium_capacity,w08,2026-03-19,2026-03-20,2026-03-26,300679,0.01075268817204301,0.7366157314629258,-0.032303768773023545,-0.0003473523523981026,
stable_medium_capacity,w08,2026-03-19,2026-03-20,2026-03-26,300100,0.01075268817204301,0.7366157314629258,0.0009787928221860476,1.052465400200051e-05,
stable_medium_capacity,w08,2026-03-19,2026-03-20,2026-03-26,002984,0.01075268817204301,0.7366157314629258,-0.06304347826086953,-0.0006778868630201025,
stable_medium_capacity,w08,2026-03-19,2026-03-20,2026-03-26,300570,0.01075268817204301,0.8871918837675351,0.0005116834385126001,5.501972457124732e-06,
stable_medium_capacity,w08,2026-03-19,2026-03-20,2026-03-26,002429,0.01075268817204301,0.8871918837675351,-0.04459861248761143,-0.0004795549729850691,
stable_medium_capacity,w08,2026-03-19,2026-03-20,2026-03-26,000060,0.01075268817204301,0.9436973947895791,-0.03349282296650713,-0.00036013788136029167,
stable_medium_capacity,w08,2026-03-19,2026-03-20,2026-03-26,003031,0.01075268817204301,0.9436973947895791,0.03185048697025539,0.0003424783545188751,
stable_medium_capacity,w08,2026-03-19,2026-03-20,2026-03-26,600549,0.01075268817204301,0.9436973947895791,0.03958785249457697,0.0004256758332750211,
stable_medium_capacity,w08,2026-03-19,2026-03-20,2026-03-26,600497,0.01075268817204301,0.9436973947895791,-0.039167686658506784,-0.0004211579210592127,
stable_medium_capacity,w08,2026-03-19,2026-03-20,2026-03-26,300857,0.01075268817204301,0.9436973947895791,-0.16432453416149073,-0.001766930474854739,
stable_medium_capacity,w08,2026-03-19,2026-03-20,2026-03-26,300604,0.01075268817204301,0.9436973947895791,-0.027824688379573748,-0.0002991901976298252,
stable_medium_capacity,w08,2026-03-19,2026-03-20,2026-03-26,300567,0.01075268817204301,0.9436973947895791,-0.01365027065191804,-0.00014677710378406493,
stable_medium_capacity,w08,2026-03-19,2026-03-20,2026-03-26,300395,0.01075268817204301,0.9436973947895791,-0.06830330627598491,-0.000734444153505214,
stable_medium_capacity,w08,2026-03-19,2026-03-20,2026-03-26,300383,0.01075268817204301,0.9436973947895791,0.022754491017964007,0.00024467194642972047,
stable_medium_capacity,w08,2026-03-19,2026-03-20,2026-03-26,300285,0.01075268817204301,0.9436973947895791,-0.11333914559721003,-0.001218700490292581,
stable_medium_capacity,w08,2026-03-19,2026-03-20,2026-03-26,300223,0.01075268817204301,0.9436973947895791,-0.09973753280839892,-0.0010724465893376227,
stable_medium_capacity,w08,2026-03-19,2026-03-20,2026-03-26,002851,0.01075268817204301,0.9436973947895791,-0.0364212954064963,-0.0003916268323279172,
stable_medium_capacity,w08,2026-03-19,2026-03-20,2026-03-26,002202,0.01075268817204301,0.8871918837675351,-0.056356927205635676,-0.0006059884645767277,
stable_medium_capacity,w08,2026-03-19,2026-03-20,2026-03-26,002738,0.01075268817204301,0.9436973947895791,-0.008574335125708488,-9.219715188933858e-05,
stable_medium_capacity,w08,2026-03-19,2026-03-20,2026-03-26,002436,0.01075268817204301,0.9436973947895791,-0.0789825970548862,-0.0008492752371493139,
stable_medium_capacity,w08,2026-03-19,2026-03-20,2026-03-26,002409,0.01075268817204301,0.9436973947895791,-0.04955960070463883,-0.0005328989323079444,
stable_medium_capacity,w08,2026-03-19,2026-03-20,2026-03-26,002195,0.01075268817204301,0.9436973947895791,-0.08673469387755117,-0.0009326311169629158,
stable_medium_capacity,w08,2026-03-19,2026-03-20,2026-03-26,002156,0.01075268817204301,0.9436973947895791,-0.0694232861806312,-0.0007464869481788301,
stable_medium_capacity,w08,2026-03-19,2026-03-20,2026-03-26,002080,0.01075268817204301,0.9436973947895791,-0.03648068669527904,-0.00039226544833633376,
stable_medium_capacity,w08,2026-03-19,2026-03-20,2026-03-26,002008,0.01075268817204301,0.9436973947895791,-0.017301587301587373,-0.0001860385731353481,
stable_medium_capacity,w08,2026-03-19,2026-03-20,2026-03-26,000960,0.01075268817204301,0.9436973947895791,-0.0512507626601586,-0.0005510834694640709,
stable_medium_capacity,w08,2026-03-19,2026-03-20,2026-03-26,000426,0.01075268817204301,0.9436973947895791,-0.03049838829655338,-0.0003279396591027245,
stable_medium_capacity,w08,2026-03-19,2026-03-20,2026-03-26,601106,0.01075268817204301,0.9436973947895791,-0.04484304932735428,-0.0004821833261005836,
stable_medium_capacity,w08,2026-03-19,2026-03-20,2026-03-26,601399,0.01075268817204301,0.9436973947895791,-0.019867549668874163,-0.00021362956633198024,
stable_medium_capacity,w08,2026-03-19,2026-03-20,2026-03-26,601611,0.01075268817204301,0.9436973947895791,-0.07751937984496127,-0.0008335417187630243,
stable_medium_capacity,w08,2026-03-19,2026-03-20,2026-03-26,601958,0.01075268817204301,0.9436973947895791,-0.05933952528379771,-0.0006380594116537388,
stable_medium_capacity,w08,2026-03-19,2026-03-20,2026-03-26,688220,0.01075268817204301,0.8910395791583167,-0.11457260556127713,-0.0012319635006588937,
stable_medium_capacity,w08,2026-03-19,2026-03-20,2026-03-26,300748,0.01075268817204301,0.8910395791583167,-0.027113237639553422,-0.0002915401896726174,
stable_medium_capacity,w08,2026-03-19,2026-03-20,2026-03-26,688281,0.01075268817204301,0.9183942885771543,-0.06189679577917884,-0.000665556943862138,
stable_medium_capacity,w08,2026-03-19,2026-03-20,2026-03-26,688122,0.01075268817204301,0.9183942885771543,0.004333240145373063,4.6593980057774864e-05,
stable_medium_capacity,w08,2026-03-19,2026-03-20,2026-03-26,603225,0.01075268817204301,0.9183942885771543,0.05956907477820028,0.0006405276857870997,
stable_medium_capacity,w08,2026-03-19,2026-03-20,2026-03-26,601168,0.01075268817204301,0.9183942885771543,-0.039816232771822446,-0.0004281315351808865,
stable_medium_capacity,w08,2026-03-19,2026-03-20,2026-03-26,600392,0.01075268817204301,0.9183942885771543,-0.04163014899211215,-0.0004476360106678725,
stable_medium_capacity,w08,2026-03-19,2026-03-20,2026-03-26,600141,0.01075268817204301,0.9183942885771543,0.013349891338093833,0.000143547218689181,
stable_medium_capacity,w08,2026-03-19,2026-03-20,2026-03-26,300627,0.01075268817204301,0.9183942885771543,-0.05323529411764716,-0.0005724225173940554,
stable_medium_capacity,w08,2026-03-19,2026-03-20,2026-03-26,000878,0.01075268817204301,0.9183942885771543,-0.03573305307409347,-0.00038422637714078994,
stable_medium_capacity,w08,2026-03-19,2026-03-20,2026-03-26,000831,0.01075268817204301,0.9183942885771543,-0.03091706705661157,-0.0003324415812538878,
stable_medium_capacity,w08,2026-03-19,2026-03-20,2026-03-26,688709,0.01075268817204301,0.9436973947895791,-0.09274281955711461,-0.0009972346188937054,
stable_medium_capacity,w08,2026-03-19,2026-03-20,2026-03-26,688385,0.01075268817204301,0.9436973947895791,-0.08126871766947996,-0.0008738571792417199,
stable_medium_capacity,w08,2026-03-19,2026-03-20,2026-03-26,688347,0.01075268817204301,0.9436973947895791,-0.07708850289495461,-0.0008289086332790818,
stable_medium_capacity,w08,2026-03-19,2026-03-20,2026-03-26,688027,0.01075268817204301,0.9436973947895791,-0.1201274126403431,-0.0012916926090359472,
stable_medium_capacity,w08,2026-03-19,2026-03-20,2026-03-26,688002,0.01075268817204301,0.9436973947895791,-0.021745547574535062,-0.00023382309219930172,
stable_medium_capacity,w08,2026-03-19,2026-03-20,2026-03-26,605358,0.01075268817204301,0.9436973947895791,-0.06825842696629214,-0.0007339615802827111,
stable_medium_capacity,w08,2026-03-19,2026-03-20,2026-03-26,603920,0.01075268817204301,0.9436973947895791,-0.02804092459264884,-0.00030151531820052515,
stable_medium_capacity,w08,2026-03-19,2026-03-20,2026-03-26,603688,0.01075268817204301,0.9436973947895791,-0.038821648778259776,-0.00041743708363720187,
stable_medium_capacity,w08,2026-03-19,2026-03-20,2026-03-26,300735,0.01075268817204301,0.7199749498997996,-0.047276001800990564,-0.0005083441053869952,
balanced_extra_wide_capacity,w09,2026-03-26,2026-03-27,2026-04-02,002607,0.015625,0.8743486973947896,-0.003816793893129833,-5.963740458015364e-05,
balanced_extra_wide_capacity,w09,2026-03-26,2026-03-27,2026-04-02,002032,0.015625,0.8670841683366733,0.026219790241678087,0.0004096842225262201,
balanced_extra_wide_capacity,w09,2026-03-26,2026-03-27,2026-04-02,688027,0.015625,0.8256763527054108,-0.06233198322520517,-0.0009739372378938307,
balanced_extra_wide_capacity,w09,2026-03-26,2026-03-27,2026-04-02,688122,0.015625,0.8256763527054108,-0.03131524008350728,-0.0004893006263048012,
balanced_extra_wide_capacity,w09,2026-03-26,2026-03-27,2026-04-02,688220,0.015625,0.8256763527054108,-0.028642047106717028,-0.00044753198604245356,
balanced_extra_wide_capacity,w09,2026-03-26,2026-03-27,2026-04-02,688347,0.015625,0.8256763527054108,-0.023212045169385243,-0.0003626882057716444,
balanced_extra_wide_capacity,w09,2026-03-26,2026-03-27,2026-04-02,688375,0.015625,0.8256763527054108,0.015716339242932476,0.00024556780067081993,
balanced_extra_wide_capacity,w09,2026-03-26,2026-03-27,2026-04-02,688385,0.015625,0.8256763527054108,-0.07260334864424345,-0.0011344273225663039,
balanced_extra_wide_capacity,w09,2026-03-26,2026-03-27,2026-04-02,688568,0.015625,0.8256763527054108,-0.018022486772486745,-0.0002816013558201054,
balanced_extra_wide_capacity,w09,2026-03-26,2026-03-27,2026-04-02,688709,0.015625,0.8256763527054108,-0.004349927501208328,-6.796761720638013e-05,
balanced_extra_wide_capacity,w09,2026-03-26,2026-03-27,2026-04-02,000785,0.015625,0.7857214428857715,-0.01632653061224487,-0.0002551020408163261,
balanced_extra_wide_capacity,w09,2026-03-26,2026-03-27,2026-04-02,002385,0.015625,0.7857214428857715,0.020565552699228773,0.0003213367609254496,
balanced_extra_wide_capacity,w09,2026-03-26,2026-03-27,2026-04-02,002439,0.015625,0.7857214428857715,-0.018489984591679498,-0.00028890600924499216,
balanced_extra_wide_capacity,w09,2026-03-26,2026-03-27,2026-04-02,300070,0.015625,0.7857214428857715,-0.02020202020202022,-0.00031565656565656595,
balanced_extra_wide_capacity,w09,2026-03-26,2026-03-27,2026-04-02,300529,0.015625,0.7857214428857715,0.018889524899828425,0.00029514882655981914,
balanced_extra_wide_capacity,w09,2026-03-26,2026-03-27,2026-04-02,300601,0.015625,0.7857214428857715,0.057992565055762224,0.0009061338289962848,
balanced_extra_wide_capacity,w09,2026-03-26,2026-03-27,2026-04-02,300676,0.015625,0.7857214428857715,0.039210661199384766,0.000612666581240387,
balanced_extra_wide_capacity,w09,2026-03-26,2026-03-27,2026-04-02,300679,0.015625,0.7857214428857715,-0.005563689604685118,-8.693265007320497e-05,
balanced_extra_wide_capacity,w09,2026-03-26,2026-03-27,2026-04-02,300957,0.015625,0.7857214428857715,0.030482870245481575,0.0004762948475856496,
balanced_extra_wide_capacity,w09,2026-03-26,2026-03-27,2026-04-02,600720,0.015625,0.7857214428857715,0.04451038575667643,0.0006954747774480692,
balanced_extra_wide_capacity,w09,2026-03-26,2026-03-27,2026-04-02,603707,0.015625,0.7857214428857715,0.0551431601272534,0.0008616118769883344,
balanced_extra_wide_capacity,w09,2026-03-26,2026-03-27,2026-04-02,603858,0.015625,0.7857214428857715,0.05986137366099564,0.0009353339634530569,
balanced_extra_wide_capacity,w09,2026-03-26,2026-03-27,2026-04-02,603927,0.015625,0.7857214428857715,-0.01743836440168367,-0.00027247444377630735,
balanced_extra_wide_capacity,w09,2026-03-26,2026-03-27,2026-04-02,600363,0.015625,0.773371743486974,-0.006402561024409725,-0.00010004001600640196,
balanced_extra_wide_capacity,w09,2026-03-26,2026-03-27,2026-04-02,603688,0.015625,0.773371743486974,0.007365169874079314,0.00011508077928248928,
balanced_extra_wide_capacity,w09,2026-03-26,2026-03-27,2026-04-02,605358,0.015625,0.773371743486974,-0.029243292131444054,-0.00045692643955381335,
balanced_extra_wide_capacity,w09,2026-03-26,2026-03-27,2026-04-02,688281,0.015625,0.773371743486974,-0.039368998628257934,-0.0006151406035665302,
balanced_extra_wide_capacity,w09,2026-03-26,2026-03-27,2026-04-02,600435,0.015625,0.7682865731462926,-0.004123711340206171,-6.443298969072142e-05,
balanced_extra_wide_capacity,w09,2026-03-26,2026-03-27,2026-04-02,688018,0.015625,0.7682865731462926,0.03333333333333344,0.000520833333333335,
balanced_extra_wide_capacity,w09,2026-03-26,2026-03-27,2026-04-02,688582,0.015625,0.7682865731462926,0.010758377425044152,0.00016809964726631488,
balanced_extra_wide_capacity,w09,2026-03-26,2026-03-27,2026-04-02,603899,0.015625,0.7653807615230461,0.059494702526487364,0.0009296047269763651,
balanced_extra_wide_capacity,w09,2026-03-26,2026-03-27,2026-04-02,601958,0.015625,0.8256763527054108,0.024684585847503993,0.0003856966538672499,
balanced_extra_wide_capacity,w09,2026-03-26,2026-03-27,2026-04-02,601231,0.015625,0.8256763527054108,0.006274275470570689,9.803555422766702e-05,
balanced_extra_wide_capacity,w09,2026-03-26,2026-03-27,2026-04-02,601106,0.015625,0.8256763527054108,-0.004694835680751019,-7.335680751173468e-05,
balanced_extra_wide_capacity,w09,2026-03-26,2026-03-27,2026-04-02,002195,0.015625,0.8256763527054108,-0.011173184357541888,-0.000174581005586592,
balanced_extra_wide_capacity,w09,2026-03-26,2026-03-27,2026-04-02,600332,0.015625,0.8670841683366733,0.015789473684210575,0.00024671052631579024,
balanced_extra_wide_capacity,w09,2026-03-26,2026-03-27,2026-04-02,600511,0.015625,0.8670841683366733,0.020550330895158453,0.0003210989202368508,
balanced_extra_wide_capacity,w09,2026-03-26,2026-03-27,2026-04-02,600737,0.015625,0.8670841683366733,-0.03314917127071826,-0.0005179558011049728,
balanced_extra_wide_capacity,w09,2026-03-26,2026-03-27,2026-04-02,600977,0.015625,0.8670841683366733,0.03289977046671755,0.0005140589135424617,
balanced_extra_wide_capacity,w09,2026-03-26,2026-03-27,2026-04-02,601577,0.015625,0.8670841683366733,-0.0020703933747411307,-3.234989648033017e-05,
balanced_extra_wide_capacity,w09,2026-03-26,2026-03-27,2026-04-02,601928,0.015625,0.8670841683366733,0.01754385964912286,0.0002741228070175447,
balanced_extra_wide_capacity,w09,2026-03-26,2026-03-27,2026-04-02,601997,0.015625,0.8670841683366733,0.0034662045060658286,5.415944540727857e-05,
balanced_extra_wide_capacity,w09,2026-03-26,2026-03-27,2026-04-02,603589,0.015625,0.8670841683366733,0.03153153153153143,0.0004926801801801786,
balanced_extra_wide_capacity,w09,2026-03-26,2026-03-27,2026-04-02,300735,0.015625,0.8569138276553107,-0.01417769376181477,-0.00022152646502835577,
balanced_extra_wide_capacity,w09,2026-03-26,2026-03-27,2026-04-02,000060,0.015625,0.8256763527054108,0.004950495049504955,7.735148514851492e-05,
balanced_extra_wide_capacity,w09,2026-03-26,2026-03-27,2026-04-02,000831,0.015625,0.8256763527054108,0.01853847812028464,0.0002896637206294475,
balanced_extra_wide_capacity,w09,2026-03-26,2026-03-27,2026-04-02,000878,0.015625,0.8256763527054108,-0.027247956403269713,-0.00042574931880108927,
balanced_extra_wide_capacity,w09,2026-03-26,2026-03-27,2026-04-02,000960,0.015625,0.8256763527054108,-0.00836012861736335,-0.00013062700964630233,
balanced_extra_wide_capacity,w09,2026-03-26,2026-03-27,2026-04-02,002335,0.015625,0.8256763527054108,-0.0818072907752867,-0.0012782389183638547,
balanced_extra_wide_capacity,w09,2026-03-26,2026-03-27,2026-04-02,600879,0.015625,0.8256763527054108,-0.012200844673861955,-0.00019063819802909304,
balanced_extra_wide_capacity,w09,2026-03-26,2026-03-27,2026-04-02,002409,0.015625,0.8256763527054108,-0.045718522179661436,-0.0007143519090572099,
balanced_extra_wide_capacity,w09,2026-03-26,2026-03-27,2026-04-02,002436,0.015625,0.8256763527054108,-0.043120155038759767,-0.0006737524224806214,
balanced_extra_wide_capacity,w09,2026-03-26,2026-03-27,2026-04-02,002465,0.015625,0.8256763527054108,-0.002057613168724215,-3.215020576131586e-05,
balanced_extra_wide_capacity,w09,2026-03-26,2026-03-27,2026-04-02,002738,0.015625,0.8256763527054108,0.08047493403693928,0.0012574208443271763,
balanced_extra_wide_capacity,w09,2026-03-26,2026-03-27,2026-04-02,002851,0.015625,0.8256763527054108,-0.03859579136331892,-0.0006030592400518581,
balanced_extra_wide_capacity,w09,2026-03-26,2026-03-27,2026-04-02,300223,0.015625,0.8256763527054108,-0.03316326530612246,-0.0005181760204081634,
balanced_extra_wide_capacity,w09,2026-03-26,2026-03-27,2026-04-02,300454,0.015625,0.8256763527054108,-0.05231602359539689,-0.0008174378686780764,
balanced_extra_wide_capacity,w09,2026-03-26,2026-03-27,2026-04-02,300604,0.015625,0.8256763527054108,-0.04210439242286379,-0.0006578811316072467,
balanced_extra_wide_capacity,w09,2026-03-26,2026-03-27,2026-04-02,300627,0.015625,0.8256763527054108,0.02298850574712641,0.00035919540229885014,
balanced_extra_wide_capacity,w09,2026-03-26,2026-03-27,2026-04-02,300748,0.015625,0.8256763527054108,0.004262295081967071,6.659836065573549e-05,
balanced_extra_wide_capacity,w09,2026-03-26,2026-03-27,2026-04-02,301308,0.015625,0.8256763527054108,-0.11486238532110093,-0.001794724770642202,
balanced_extra_wide_capacity,w09,2026-03-26,2026-03-27,2026-04-02,600118,0.015625,0.8256763527054108,-0.00508323802262034,-7.942559410344281e-05,
balanced_extra_wide_capacity,w09,2026-03-26,2026-03-27,2026-04-02,600392,0.015625,0.8256763527054108,0.022862368541380906,0.00035722450845907666,
balanced_extra_wide_capacity,w09,2026-03-26,2026-03-27,2026-04-02,002739,0.015625,0.7602955911823648,0.02539682539682553,0.0003968253968253989,
balanced_medium_current,w09,2026-03-26,2026-03-27,2026-04-02,002926,0.020408163265306124,0.9909819639278558,0.0060679611650484855,0.00012383594214384664,
balanced_medium_current,w09,2026-03-26,2026-03-27,2026-04-02,300454,0.020408163265306124,0.938877755511022,-0.05231602359539689,-0.0010676739509264672,
balanced_medium_current,w09,2026-03-26,2026-03-27,2026-04-02,300623,0.020408163265306124,0.938877755511022,-0.022336140607835953,-0.0004558396042415501,
balanced_medium_current,w09,2026-03-26,2026-03-27,2026-04-02,300627,0.020408163265306124,0.938877755511022,0.02298850574712641,0.0004691531785127839,
balanced_medium_current,w09,2026-03-26,2026-03-27,2026-04-02,300699,0.020408163265306124,0.938877755511022,0.0207456404088997,0.00042338041650815723,
balanced_medium_current,w09,2026-03-26,2026-03-27,2026-04-02,300919,0.020408163265306124,0.938877755511022,0.002721943048576314,5.5549858134210493e-05,
balanced_medium_current,w09,2026-03-26,2026-03-27,2026-04-02,600126,0.020408163265306124,0.938877755511022,0.07389162561576379,0.0015079923595053837,
balanced_medium_current,w09,2026-03-26,2026-03-27,2026-04-02,600282,0.020408163265306124,0.938877755511022,0.04761904761904767,0.0009718172983479117,
balanced_medium_current,w09,2026-03-26,2026-03-27,2026-04-02,600378,0.020408163265306124,0.938877755511022,-0.009087958455046952,-0.0001854685398989174,
balanced_medium_current,w09,2026-03-26,2026-03-27,2026-04-02,600516,0.020408163265306124,0.938877755511022,-0.04013961605584648,-0.0008191758378744181,
balanced_medium_current,w09,2026-03-26,2026-03-27,2026-04-02,600637,0.020408163265306124,0.938877755511022,-0.010638297872340385,-0.00021710811984368135,
balanced_medium_current,w09,2026-03-26,2026-03-27,2026-04-02,600862,0.020408163265306124,0.938877755511022,-0.0018939393939395588,-3.865182436611345e-05,
balanced_medium_current,w09,2026-03-26,2026-03-27,2026-04-02,601106,0.020408163265306124,0.938877755511022,-0.004694835680751019,-9.581297307655142e-05,
balanced_medium_current,w09,2026-03-26,2026-03-27,2026-04-02,601611,0.020408163265306124,0.938877755511022,-0.009803921568627416,-0.00020008003201280443,
balanced_medium_current,w09,2026-03-26,2026-03-27,2026-04-02,603341,0.020408163265306124,0.938877755511022,-0.016904384574749076,-0.0003449874403010016,
balanced_medium_current,w09,2026-03-26,2026-03-27,2026-04-02,603650,0.020408163265306124,0.938877755511022,-0.008730964467005053,-0.0001781829483062256,
balanced_medium_current,w09,2026-03-26,2026-03-27,2026-04-02,605358,0.020408163265306124,0.938877755511022,-0.029243292131444054,-0.0005968018802335522,
balanced_medium_current,w09,2026-03-26,2026-03-27,2026-04-02,688019,0.020408163265306124,0.938877755511022,0.088134266707248,0.0017986585042295512,
balanced_medium_current,w09,2026-03-26,2026-03-27,2026-04-02,688027,0.020408163265306124,0.938877755511022,-0.06233198322520517,-0.0012720812903103096,
balanced_medium_current,w09,2026-03-26,2026-03-27,2026-04-02,688347,0.020408163265306124,0.938877755511022,-0.023212045169385243,-0.0004737152075384744,
balanced_medium_current,w09,2026-03-26,2026-03-27,2026-04-02,688582,0.020408163265306124,0.938877755511022,0.010758377425044152,0.00021955872296008477,
balanced_medium_current,w09,2026-03-26,2026-03-27,2026-04-02,688599,0.020408163265306124,0.938877755511022,-0.1194933920704846,-0.002438640654499686,
balanced_medium_current,w09,2026-03-26,2026-03-27,2026-04-02,688709,0.020408163265306124,0.938877755511022,-0.004349927501208328,-8.877403063690466e-05,
balanced_medium_current,w09,2026-03-26,2026-03-27,2026-04-02,300496,0.020408163265306124,0.938877755511022,-0.025385005923168058,-0.0005180613453707768,
balanced_medium_current,w09,2026-03-26,2026-03-27,2026-04-02,300450,0.020408163265306124,0.938877755511022,-0.02014119601328901,-0.0004110448165977349,
balanced_medium_current,w09,2026-03-26,2026-03-27,2026-04-02,600298,0.020408163265306124,0.9909819639278558,0.019784623090408182,0.0004037678181715956,
balanced_medium_current,w09,2026-03-26,2026-03-27,2026-04-02,300373,0.020408163265306124,0.938877755511022,0.004480537664519613,9.143954417386965e-05,
balanced_medium_current,w09,2026-03-26,2026-03-27,2026-04-02,601198,0.020408163265306124,0.9909819639278558,-0.0016051364365972098,-3.275788646116755e-05,
balanced_medium_current,w09,2026-03-26,2026-03-27,2026-04-02,601696,0.020408163265306124,0.9909819639278558,-0.0024650780608052036,-5.030771552663681e-05,
balanced_medium_current,w09,2026-03-26,2026-03-27,2026-04-02,603160,0.020408163265306124,0.9909819639278558,-0.057601649970536184,-0.0011755438769497182,
balanced_medium_current,w09,2026-03-26,2026-03-27,2026-04-02,688538,0.020408163265306124,0.9909819639278558,-0.008695652173913104,-0.00017746228926353275,
balanced_medium_current,w09,2026-03-26,2026-03-27,2026-04-02,000021,0.020408163265306124,0.938877755511022,-0.0793251974156497,-0.0016188815799112184,
balanced_medium_current,w09,2026-03-26,2026-03-27,2026-04-02,000034,0.020408163265306124,0.938877755511022,-0.04921898025346305,-0.0010044689847645521,
balanced_medium_current,w09,2026-03-26,2026-03-27,2026-04-02,000050,0.020408163265306124,0.938877755511022,-0.008793969849246297,-0.00017946877243359792,
balanced_medium_current,w09,2026-03-26,2026-03-27,2026-04-02,000629,0.020408163265306124,0.938877755511022,-0.014970059880239472,-0.0003055114261273362,
balanced_medium_current,w09,2026-03-26,2026-03-27,2026-04-02,000733,0.020408163265306124,0.938877755511022,-0.014925373134328401,-0.00030459945172098783,
balanced_medium_current,w09,2026-03-26,2026-03-27,2026-04-02,000987,0.020408163265306124,0.938877755511022,-0.027380952380952395,-0.0005587949465500489,
balanced_medium_current,w09,2026-03-26,2026-03-27,2026-04-02,002044,0.020408163265306124,0.938877755511022,0.007155635062611854,0.0001460333686247317,
balanced_medium_current,w09,2026-03-26,2026-03-27,2026-04-02,002156,0.020408163265306124,0.938877755511022,-0.04653882132834408,-0.0009497718638437569,
balanced_medium_current,w09,2026-03-26,2026-03-27,2026-04-02,002185,0.020408163265306124,0.938877755511022,-0.05560098119378576,-0.0011347139019139952,
balanced_medium_current,w09,2026-03-26,2026-03-27,2026-04-02,002266,0.020408163265306124,0.938877755511022,-0.004796163069544224,-9.788087897029029e-05,
balanced_medium_current,w09,2026-03-26,2026-03-27,2026-04-02,002273,0.020408163265306124,0.938877755511022,0.06108500640751813,0.0012466327838269006,
balanced_medium_current,w09,2026-03-26,2026-03-27,2026-04-02,002409,0.020408163265306124,0.938877755511022,-0.045718522179661436,-0.0009330310648910497,
balanced_medium_current,w09,2026-03-26,2026-03-27,2026-04-02,002436,0.020408163265306124,0.938877755511022,-0.043120155038759767,-0.0008800031640563219,
balanced_medium_current,w09,2026-03-26,2026-03-27,2026-04-02,002465,0.020408163265306124,0.938877755511022,-0.002057613168724215,-4.199210548416766e-05,
balanced_medium_current,w09,2026-03-26,2026-03-27,2026-04-02,300003,0.020408163265306124,0.938877755511022,0.0631780472239949,0.0012893479025305082,
balanced_medium_current,w09,2026-03-26,2026-03-27,2026-04-02,300223,0.020408163265306124,0.938877755511022,-0.03316326530612246,-0.0006768013327780095,
balanced_medium_current,w09,2026-03-26,2026-03-27,2026-04-02,300346,0.020408163265306124,0.938877755511022,-0.01482957060646306,-0.0003026442980910829,
balanced_medium_current,w09,2026-03-26,2026-03-27,2026-04-02,000027,0.020408163265306124,0.7404809619238477,-0.13850063532401524,-0.0028265435780411275,
economic_medium_capacity,w09,2026-03-26,2026-03-27,2026-04-02,601212,0.036000000004219955,0.898,-0.0012658227848102444,-4.556962025851051e-05,
economic_medium_capacity,w09,2026-03-26,2026-03-27,2026-04-02,002195,0.036000000004219955,0.8977134268537075,-0.011173184357541888,-0.0004022346369186583,
economic_medium_capacity,w09,2026-03-26,2026-03-27,2026-04-02,600118,0.036000000004219955,0.8979759519038076,-0.00508323802262034,-0.00018299656883578327,
economic_medium_capacity,w09,2026-03-26,2026-03-27,2026-04-02,301200,0.036000000004219955,0.8977134268537075,-0.04325312214438015,-0.0015571123973802117,
economic_medium_capacity,w09,2026-03-26,2026-03-27,2026-04-02,300857,0.036000000004219955,0.8977134268537075,-0.03209922423003664,-0.0011555720724167762,
economic_medium_capacity,w09,2026-03-26,2026-03-27,2026-04-02,300604,0.036000000004219955,0.8977134268537075,-0.04210439242286379,-0.0015157581274007751,
economic_medium_capacity,w09,2026-03-26,2026-03-27,2026-04-02,300567,0.036000000004219955,0.8977134268537075,-0.06323073252207112,-0.0022763063710613913,
economic_medium_capacity,w09,2026-03-26,2026-03-27,2026-04-02,002202,0.036000000004219955,0.8977134268537075,-0.14646285104870238,-0.005272662638371352,
economic_medium_capacity,w09,2026-03-26,2026-03-27,2026-04-02,002131,0.036000000004219955,0.8977134268537075,-0.007989347536617841,-0.00028761651135195696,
economic_medium_capacity,w09,2026-03-26,2026-03-27,2026-04-02,688120,0.036000000004219955,0.8977955911823647,0.04702156170057248,0.001692776221419038,
economic_medium_capacity,w09,2026-03-26,2026-03-27,2026-04-02,603650,0.036000000004219955,0.8977955911823647,-0.008730964467005053,-0.0003143147208490262,
economic_medium_capacity,w09,2026-03-26,2026-03-27,2026-04-02,601106,0.036000000004219955,0.8977955911823647,-0.004694835680751019,-0.0001690140845268487,
economic_medium_capacity,w09,2026-03-26,2026-03-27,2026-04-02,300487,0.036000000004219955,0.8977955911823647,0.03858120721841951,0.0013889234600259134,
economic_medium_capacity,w09,2026-03-26,2026-03-27,2026-04-02,002837,0.036000000004219955,0.8977955911823647,-0.13338917390849137,-0.0048020102612685855,
economic_medium_capacity,w09,2026-03-26,2026-03-27,2026-04-02,002126,0.036000000004219955,0.8975350701402806,-0.01224682053697601,-0.0004408855393828174,
economic_medium_capacity,w09,2026-03-26,2026-03-27,2026-04-02,002025,0.036000000000000004,0.8975350701402806,-0.021942562116811892,-0.0007899322362052283,
economic_medium_capacity,w09,2026-03-26,2026-03-27,2026-04-02,002353,0.036000000000000004,0.8975350701402806,0.09912477101567263,0.003568491756564215,
economic_medium_capacity,w09,2026-03-26,2026-03-27,2026-04-02,002318,0.036000000000000004,0.8975350701402806,0.011857707509881354,0.0004268774703557288,
economic_medium_capacity,w09,2026-03-26,2026-03-27,2026-04-02,002203,0.036000000000000004,0.8975350701402806,0.05535585909417673,0.0019928109273903627,
economic_medium_capacity,w09,2026-03-26,2026-03-27,2026-04-02,688629,0.036000000000000004,0.8977134268537075,0.039864209505334536,0.0014351115421920434,
economic_medium_capacity,w09,2026-03-26,2026-03-27,2026-04-02,002008,0.036000000000000004,0.8975350701402806,-0.0032304958811176787,-0.00011629785172023644,
economic_medium_capacity,w09,2026-03-26,2026-03-27,2026-04-02,000933,0.036000000000000004,0.8975350701402806,0.07493188010899177,0.002697547683923704,
economic_medium_capacity,w09,2026-03-26,2026-03-27,2026-04-02,000559,0.036000000000000004,0.8975350701402806,-0.014230271668822847,-0.0005122897800776226,
economic_medium_capacity,w09,2026-03-26,2026-03-27,2026-04-02,000039,0.036000000000000004,0.8975350701402806,-0.07017543859649134,-0.0025263157894736886,
economic_medium_capacity,w09,2026-03-26,2026-03-27,2026-04-02,605589,0.036000000000000004,0.8977134268537075,-0.01338688085676032,-0.0004819277108433716,
economic_medium_capacity,w09,2026-03-26,2026-03-27,2026-04-02,002851,0.03333333331223356,0.8975350701402806,-0.03859579136331892,-0.001286526377962935,
economic_medium_capacity,w09,2026-03-26,2026-03-27,2026-04-02,300017,0.02666666664978681,0.8975350701402806,-0.05428571428571427,-0.001447619046702712,
economic_medium_capacity,w09,2026-03-26,2026-03-27,2026-04-02,300223,0.019999999987340117,0.8975350701402806,-0.03316326530612246,-0.0006632653057026061,
economic_medium_capacity,w09,2026-03-26,2026-03-27,2026-04-02,300285,0.013333333324893405,0.8975350701402806,-0.012127171419206828,-0.00016169561882040524,
economic_medium_capacity,w09,2026-03-26,2026-03-27,2026-04-02,300757,0.0066666666624467024,0.8975350701402806,0.021155304516095264,0.00014103536335136047,
recent_compact_capacity,w09,2026-03-26,2026-03-27,2026-04-02,001389,0.032972380952380954,0.5482765531062124,0.007482815626903339,0.0002467262474466862,
recent_compact_capacity,w09,2026-03-26,2026-03-27,2026-04-02,002008,0.032972380952380954,0.5466783567134268,-0.0032304958811176787,-0.00010651714085730967,
recent_compact_capacity,w09,2026-03-26,2026-03-27,2026-04-02,688172,0.032972380952380954,0.5451352705410821,-0.054987212276214836,-0.0018130593106807944,
recent_compact_capacity,w09,2026-03-26,2026-03-27,2026-04-02,300757,0.032972380952380954,0.5451352705410821,0.021155304516095264,0.0006975407596683182,
recent_compact_capacity,w09,2026-03-26,2026-03-27,2026-04-02,002202,0.032972380952380954,0.5455210420841683,-0.14646285104870238,-0.004829228920149644,
recent_compact_capacity,w09,2026-03-26,2026-03-27,2026-04-02,601168,0.032972380952380954,0.5458517034068137,0.01674641148325362,0.0005521690590111653,
recent_compact_capacity,w09,2026-03-26,2026-03-27,2026-04-02,002738,0.032972380952380954,0.5482765531062124,0.08047493403693928,0.0026534501821836903,
recent_compact_capacity,w09,2026-03-26,2026-03-27,2026-04-02,002353,0.032972380952380954,0.5466783567134268,0.09912477101567263,0.003268379711746288,
recent_compact_capacity,w09,2026-03-26,2026-03-27,2026-04-02,002126,0.032972380952380954,0.5466783567134268,-0.01224682053697601,-0.0004038068322006157,
recent_compact_capacity,w09,2026-03-26,2026-03-27,2026-04-02,002080,0.032972380952380954,0.5466783567134268,-0.022024251422914976,-0.0007261920081073709,
recent_compact_capacity,w09,2026-03-26,2026-03-27,2026-04-02,002624,0.032972380952380954,0.5466783567134268,0.08232044198895028,0.0027143009734280454,
recent_compact_capacity,w09,2026-03-26,2026-03-27,2026-04-02,601958,0.032972380952380954,0.5476703406813627,0.024684585847503993,0.0008139095682156532,
recent_compact_capacity,w09,2026-03-26,2026-03-27,2026-04-02,300857,0.032972380952380954,0.5476703406813627,-0.03209922423003664,-0.0010583878495886653,
recent_compact_capacity,w09,2026-03-26,2026-03-27,2026-04-02,000021,0.032972380952380954,0.5476703406813627,-0.0793251974156497,-0.002615540628311627,
recent_compact_capacity,w09,2026-03-26,2026-03-27,2026-04-02,000426,0.032972380952380954,0.5476703406813627,0.021994884910485846,0.0007252237242723147,
recent_compact_capacity,w09,2026-03-26,2026-03-27,2026-04-02,000960,0.032972380952380954,0.5476703406813627,-0.00836012861736335,-0.0002756533455826062,
recent_compact_capacity,w09,2026-03-26,2026-03-27,2026-04-02,002025,0.032972380952380954,0.5476703406813627,-0.021942562116811892,-0.0007234985171868044,
recent_compact_capacity,w09,2026-03-26,2026-03-27,2026-04-02,688568,0.032972380952380954,0.5451352705410821,-0.018022486772486745,-0.0005942442995716797,
recent_compact_capacity,w09,2026-03-26,2026-03-27,2026-04-02,002851,0.032972380952380954,0.5476703406813627,-0.03859579136331892,-0.001272595135989966,
recent_compact_capacity,w09,2026-03-26,2026-03-27,2026-04-02,300285,0.032972380952380954,0.5476703406813627,-0.012127171419206828,-0.0003998617159089139,
recent_compact_capacity,w09,2026-03-26,2026-03-27,2026-04-02,300395,0.032972380952380954,0.5476703406813627,-0.029643008924776892,-0.0009774005828425722,
recent_compact_capacity,w09,2026-03-26,2026-03-27,2026-04-02,600131,0.030758,0.5466783567134268,-0.06670140698280358,-0.0020516018759770727,
recent_compact_capacity,w09,2026-03-26,2026-03-27,2026-04-02,603688,0.030758,0.5466783567134268,0.007365169874079314,0.00022653789498693153,
recent_compact_capacity,w09,2026-03-26,2026-03-27,2026-04-02,601231,0.030758,0.546127254509018,0.006274275470570689,0.00019298416492381326,
recent_compact_capacity,w09,2026-03-26,2026-03-27,2026-04-02,301536,0.030758,0.5466783567134268,0.0005888414544383824,1.8111585455615767e-05,
recent_compact_capacity,w09,2026-03-26,2026-03-27,2026-04-02,002195,0.030758,0.5458517034068137,-0.011173184357541888,-0.0003436648044692734,
recent_compact_capacity,w09,2026-03-26,2026-03-27,2026-04-02,600497,0.030758,0.5458517034068137,-0.002547770700636942,-7.836433121019107e-05,
recent_compact_capacity,w09,2026-03-26,2026-03-27,2026-04-02,300567,0.030758,0.5466783567134268,-0.06323073252207112,-0.0019448508709138635,
recent_compact_capacity,w09,2026-03-26,2026-03-27,2026-04-02,600549,0.030758,0.5455210420841683,-0.0719874804381847,-0.0022141909233176853,
recent_compact_capacity,w09,2026-03-26,2026-03-27,2026-04-02,301200,0.030758,0.5451352705410821,-0.04325312214438015,-0.0013303795309168448,
recent_compact_capacity,w09,2026-03-26,2026-03-27,2026-04-02,000878,0.030758,0.5458517034068137,-0.027247956403269713,-0.0008380926430517698,
recent_compact_current,w09,2026-03-26,2026-03-27,2026-04-02,001389,0.027027027027027035,0.9904058116232466,0.007482815626903339,0.00020223826018657678,
recent_compact_current,w09,2026-03-26,2026-03-27,2026-04-02,603688,0.027027027027027035,0.9238226452905811,0.007365169874079314,0.0001990586452453869,
recent_compact_current,w09,2026-03-26,2026-03-27,2026-04-02,601231,0.027027027027027035,0.9155561122244489,0.006274275470570689,0.00016957501271812678,
recent_compact_current,w09,2026-03-26,2026-03-27,2026-04-02,000657,0.027027027027027035,0.9143537074148297,-0.01995330078539581,-0.0005392783996052923,
recent_compact_current,w09,2026-03-26,2026-03-27,2026-04-02,000960,0.027027027027027035,0.9111723446893787,-0.00836012861736335,-0.0002259494220909014,
recent_compact_current,w09,2026-03-26,2026-03-27,2026-04-02,300017,0.027027027027027035,0.904433867735471,-0.05428571428571427,-0.0014671814671814673,
recent_compact_current,w09,2026-03-26,2026-03-27,2026-04-02,301308,0.027027027027027035,0.904433867735471,-0.11486238532110093,-0.0031043887924621883,
recent_compact_current,w09,2026-03-26,2026-03-27,2026-04-02,301200,0.027027027027027035,0.9006763527054108,-0.04325312214438015,-0.0011690033011994639,
recent_compact_current,w09,2026-03-26,2026-03-27,2026-04-02,688172,0.027027027027027035,0.9006763527054108,-0.054987212276214836,-0.0014861408723301313,
recent_compact_current,w09,2026-03-26,2026-03-27,2026-04-02,688568,0.027027027027027035,0.9006763527054108,-0.018022486772486745,-0.00048709423709423653,
recent_compact_current,w09,2026-03-26,2026-03-27,2026-04-02,688702,0.027027027027027035,0.9006763527054108,0.0006525866160416172,1.76374761092329e-05,
recent_compact_current,w09,2026-03-26,2026-03-27,2026-04-02,301611,0.027027027027027035,0.8903807615230461,-0.06470407850352655,-0.0017487588784736911,
recent_compact_current,w09,2026-03-26,2026-03-27,2026-04-02,600497,0.027027027027027035,0.8838927855711423,-0.002547770700636942,-6.885866758478224e-05,
recent_compact_current,w09,2026-03-26,2026-03-27,2026-04-02,300604,0.027027027027027035,0.8816633266533066,-0.04210439242286379,-0.001137956551969292,
recent_compact_current,w09,2026-03-26,2026-03-27,2026-04-02,688017,0.027027027027027035,0.8816633266533066,0.027615507169410414,0.0007463650586327142,
recent_compact_current,w09,2026-03-26,2026-03-27,2026-04-02,688777,0.027027027027027035,0.8816633266533066,0.01060842433697351,0.0002867141712695544,
recent_compact_current,w09,2026-03-26,2026-03-27,2026-04-02,000426,0.027027027027027035,0.87750501002004,0.021994884910485846,0.0005944563489320501,
recent_compact_current,w09,2026-03-26,2026-03-27,2026-04-02,000021,0.027027027027027035,0.9178356713426854,-0.0793251974156497,-0.0021439242544770195,
recent_compact_current,w09,2026-03-26,2026-03-27,2026-04-02,600131,0.027027027027027035,0.9238226452905811,-0.06670140698280358,-0.0018027407292649622,
recent_compact_current,w09,2026-03-26,2026-03-27,2026-04-02,002025,0.027027027027027035,0.981312625250501,-0.021942562116811892,-0.0005930422193732946,
recent_compact_current,w09,2026-03-26,2026-03-27,2026-04-02,300567,0.027027027027027035,0.9238226452905811,-0.06323073252207112,-0.0017089387168127334,
recent_compact_current,w09,2026-03-26,2026-03-27,2026-04-02,300285,0.027027027027027035,0.981312625250501,-0.012127171419206828,-0.00032776138970829274,
recent_compact_current,w09,2026-03-26,2026-03-27,2026-04-02,300395,0.027027027027027035,0.981312625250501,-0.029643008924776892,-0.0008011624033723487,
recent_compact_current,w09,2026-03-26,2026-03-27,2026-04-02,301536,0.027027027027027035,0.9664328657314629,0.0005888414544383824,1.591463390374007e-05,
recent_compact_current,w09,2026-03-26,2026-03-27,2026-04-02,002195,0.027027027027027035,0.9540330661322646,-0.011173184357541888,-0.0003019779556092403,
recent_compact_current,w09,2026-03-26,2026-03-27,2026-04-02,002202,0.027027027027027035,0.9490731462925852,-0.14646285104870238,-0.0039584554337487145,
recent_compact_current,w09,2026-03-26,2026-03-27,2026-04-02,600549,0.027027027027027035,0.9490731462925852,-0.0719874804381847,-0.001945607579410398,
recent_compact_current,w09,2026-03-26,2026-03-27,2026-04-02,300757,0.027027027027027035,0.9432865731462926,0.021155304516095264,0.0005717649869214937,
recent_compact_current,w09,2026-03-26,2026-03-27,2026-04-02,002851,0.027027027027027035,0.9387024048096192,-0.03859579136331892,-0.0010431294963059172,
recent_compact_current,w09,2026-03-26,2026-03-27,2026-04-02,300857,0.027027027027027035,0.9387024048096192,-0.03209922423003664,-0.0008675466008118013,
recent_compact_current,w09,2026-03-26,2026-03-27,2026-04-02,601958,0.027027027027027035,0.9387024048096192,0.024684585847503993,0.0006671509688514595,
recent_compact_current,w09,2026-03-26,2026-03-27,2026-04-02,002008,0.027027027027027035,0.9238226452905811,-0.0032304958811176787,-8.731069948966702e-05,
recent_compact_current,w09,2026-03-26,2026-03-27,2026-04-02,002080,0.027027027027027035,0.9238226452905811,-0.022024251422914976,-0.0005952500384571617,
recent_compact_current,w09,2026-03-26,2026-03-27,2026-04-02,002126,0.027027027027027035,0.9238226452905811,-0.01224682053697601,-0.00033099514964800037,
recent_compact_current,w09,2026-03-26,2026-03-27,2026-04-02,002353,0.027027027027027035,0.9238226452905811,0.09912477101567263,0.00267904786528845,
recent_compact_current,w09,2026-03-26,2026-03-27,2026-04-02,002624,0.027027027027027035,0.9238226452905811,0.08232044198895028,0.00222487681051217,
recent_compact_current,w09,2026-03-26,2026-03-27,2026-04-02,688629,0.027027027027027035,0.8622745490981963,0.039864209505334536,0.0010774110677117445,
short_aggressive_compact_capacity,w09,2026-03-26,2026-03-27,2026-04-02,601016,0.03225806451612904,0.9996177354709419,-0.24105461393596972,-0.007775955288257089,
short_aggressive_compact_capacity,w09,2026-03-26,2026-03-27,2026-04-02,002195,0.03225806451612904,0.9501117234468938,-0.011173184357541888,-0.00036042530185619,
short_aggressive_compact_capacity,w09,2026-03-26,2026-03-27,2026-04-02,300454,0.03225806451612904,0.9166543086172345,-0.05231602359539689,-0.0016876136643676418,
short_aggressive_compact_capacity,w09,2026-03-26,2026-03-27,2026-04-02,002402,0.03225806451612904,0.9173527054108216,0.04275286757038588,0.0013791247603350285,
short_aggressive_compact_capacity,w09,2026-03-26,2026-03-27,2026-04-02,002432,0.03225806451612904,0.9179003006012024,0.3004807692307694,0.00969292803970224,
short_aggressive_compact_capacity,w09,2026-03-26,2026-03-27,2026-04-02,688347,0.03225806451612904,0.920443887775551,-0.023212045169385243,-0.0007487756506253305,
short_aggressive_compact_capacity,w09,2026-03-26,2026-03-27,2026-04-02,300751,0.03225806451612904,0.9213592184368737,-0.20670816044260032,-0.006668005175567753,
short_aggressive_compact_capacity,w09,2026-03-26,2026-03-27,2026-04-02,300763,0.03225806451612904,0.9245320641282565,-0.18463731955088214,-0.00595604256615749,
short_aggressive_compact_capacity,w09,2026-03-26,2026-03-27,2026-04-02,001389,0.03225806451612904,0.9245320641282565,0.007482815626903339,0.00024138114925494644,
short_aggressive_compact_capacity,w09,2026-03-26,2026-03-27,2026-04-02,300857,0.03225806451612904,0.9311638276553106,-0.03209922423003664,-0.0010354588461302142,
short_aggressive_compact_capacity,w09,2026-03-26,2026-03-27,2026-04-02,000657,0.03225806451612904,0.9384123246492986,-0.01995330078539581,-0.0006436548640450263,
short_aggressive_compact_capacity,w09,2026-03-26,2026-03-27,2026-04-02,002025,0.03225806451612904,0.9425325651302604,-0.021942562116811892,-0.000707824584413287,
short_aggressive_compact_capacity,w09,2026-03-26,2026-03-27,2026-04-02,002851,0.03225806451612904,0.9444273547094187,-0.03859579136331892,-0.0012450255278489977,
short_aggressive_compact_capacity,w09,2026-03-26,2026-03-27,2026-04-02,300390,0.03225806451612904,0.9463221442885771,0.04766107678729048,0.0015374540899125964,
short_aggressive_compact_capacity,w09,2026-03-26,2026-03-27,2026-04-02,002429,0.03225806451612904,0.9482169338677354,-0.012448132780083054,-0.0004015526703252599,
short_aggressive_compact_capacity,w09,2026-03-26,2026-03-27,2026-04-02,000967,0.03225806451612904,0.952006513026052,0.04022346368715102,0.001297531086682291,
short_aggressive_compact_capacity,w09,2026-03-26,2026-03-27,2026-04-02,688235,0.03225806451612904,0.9948286573146292,0.15132338676151313,0.004881399572952037,
short_aggressive_compact_capacity,w09,2026-03-26,2026-03-27,2026-04-02,688037,0.03225806451612904,0.9557960921843687,0.015000000000000124,0.0004838709677419396,
short_aggressive_compact_capacity,w09,2026-03-26,2026-03-27,2026-04-02,600879,0.03225806451612904,0.957690881763527,-0.012200844673861955,-0.00039357563464070827,
short_aggressive_compact_capacity,w09,2026-03-26,2026-03-27,2026-04-02,301200,0.03225806451612904,0.9633752505010019,-0.04325312214438015,-0.0013952620046574246,
short_aggressive_compact_capacity,w09,2026-03-26,2026-03-27,2026-04-02,600363,0.03225806451612904,0.9664068136272544,-0.006402561024409725,-0.00020653422659386213,
short_aggressive_compact_capacity,w09,2026-03-26,2026-03-27,2026-04-02,688777,0.03225806451612904,0.9681122244488978,0.01060842433697351,0.0003422072366765649,
short_aggressive_compact_capacity,w09,2026-03-26,2026-03-27,2026-04-02,601106,0.03225806451612904,0.9681122244488978,-0.004694835680751019,-0.00015144631228229097,
short_aggressive_compact_capacity,w09,2026-03-26,2026-03-27,2026-04-02,688568,0.03225806451612904,0.9728491983967935,-0.018022486772486745,-0.0005813705410479597,
short_aggressive_compact_capacity,w09,2026-03-26,2026-03-27,2026-04-02,688561,0.03225806451612904,0.9739859719438877,-0.0074906367041199795,-0.00024163344206838648,
short_aggressive_compact_capacity,w09,2026-03-26,2026-03-27,2026-04-02,300570,0.03225806451612904,0.9747439879759519,-0.04517558813501532,-0.0014572770366133977,
short_aggressive_compact_capacity,w09,2026-03-26,2026-03-27,2026-04-02,300339,0.03225806451612904,0.9777755511022044,-0.01920122887864828,-0.0006193944799563962,
short_aggressive_compact_capacity,w09,2026-03-26,2026-03-27,2026-04-02,600032,0.03225806451612904,0.9863542084168336,-0.25693893735130846,-0.008288352817784145,
short_aggressive_compact_capacity,w09,2026-03-26,2026-03-27,2026-04-02,688220,0.03225806451612904,0.9929338677354709,-0.028642047106717028,-0.0009239370034424849,
short_aggressive_compact_capacity,w09,2026-03-26,2026-03-27,2026-04-02,000539,0.03225806451612904,0.993933366733467,-0.25100133511348466,-0.008096817261725313,
short_aggressive_compact_capacity,w09,2026-03-26,2026-03-27,2026-04-02,000528,0.03225806451612904,0.9152474949899799,0.007510729613734002,0.00024228160044303235,
short_aggressive_medium_capacity,w09,2026-03-26,2026-03-27,2026-04-02,601016,0.03225806451612904,0.9996177354709419,-0.24105461393596972,-0.007775955288257089,
short_aggressive_medium_capacity,w09,2026-03-26,2026-03-27,2026-04-02,002195,0.03225806451612904,0.9501117234468938,-0.011173184357541888,-0.00036042530185619,
short_aggressive_medium_capacity,w09,2026-03-26,2026-03-27,2026-04-02,300454,0.03225806451612904,0.9166543086172345,-0.05231602359539689,-0.0016876136643676418,
short_aggressive_medium_capacity,w09,2026-03-26,2026-03-27,2026-04-02,002402,0.03225806451612904,0.9173527054108216,0.04275286757038588,0.0013791247603350285,
short_aggressive_medium_capacity,w09,2026-03-26,2026-03-27,2026-04-02,002432,0.03225806451612904,0.9179003006012024,0.3004807692307694,0.00969292803970224,
short_aggressive_medium_capacity,w09,2026-03-26,2026-03-27,2026-04-02,688347,0.03225806451612904,0.920443887775551,-0.023212045169385243,-0.0007487756506253305,
short_aggressive_medium_capacity,w09,2026-03-26,2026-03-27,2026-04-02,300751,0.03225806451612904,0.9213592184368737,-0.20670816044260032,-0.006668005175567753,
short_aggressive_medium_capacity,w09,2026-03-26,2026-03-27,2026-04-02,300763,0.03225806451612904,0.9245320641282565,-0.18463731955088214,-0.00595604256615749,
short_aggressive_medium_capacity,w09,2026-03-26,2026-03-27,2026-04-02,001389,0.03225806451612904,0.9245320641282565,0.007482815626903339,0.00024138114925494644,
short_aggressive_medium_capacity,w09,2026-03-26,2026-03-27,2026-04-02,300857,0.03225806451612904,0.9311638276553106,-0.03209922423003664,-0.0010354588461302142,
short_aggressive_medium_capacity,w09,2026-03-26,2026-03-27,2026-04-02,000657,0.03225806451612904,0.9384123246492986,-0.01995330078539581,-0.0006436548640450263,
short_aggressive_medium_capacity,w09,2026-03-26,2026-03-27,2026-04-02,002025,0.03225806451612904,0.9425325651302604,-0.021942562116811892,-0.000707824584413287,
short_aggressive_medium_capacity,w09,2026-03-26,2026-03-27,2026-04-02,002851,0.03225806451612904,0.9444273547094187,-0.03859579136331892,-0.0012450255278489977,
short_aggressive_medium_capacity,w09,2026-03-26,2026-03-27,2026-04-02,300390,0.03225806451612904,0.9463221442885771,0.04766107678729048,0.0015374540899125964,
short_aggressive_medium_capacity,w09,2026-03-26,2026-03-27,2026-04-02,002429,0.03225806451612904,0.9482169338677354,-0.012448132780083054,-0.0004015526703252599,
short_aggressive_medium_capacity,w09,2026-03-26,2026-03-27,2026-04-02,000967,0.03225806451612904,0.952006513026052,0.04022346368715102,0.001297531086682291,
short_aggressive_medium_capacity,w09,2026-03-26,2026-03-27,2026-04-02,688235,0.03225806451612904,0.9948286573146292,0.15132338676151313,0.004881399572952037,
short_aggressive_medium_capacity,w09,2026-03-26,2026-03-27,2026-04-02,688037,0.03225806451612904,0.9557960921843687,0.015000000000000124,0.0004838709677419396,
short_aggressive_medium_capacity,w09,2026-03-26,2026-03-27,2026-04-02,600879,0.03225806451612904,0.957690881763527,-0.012200844673861955,-0.00039357563464070827,
short_aggressive_medium_capacity,w09,2026-03-26,2026-03-27,2026-04-02,301200,0.03225806451612904,0.9633752505010019,-0.04325312214438015,-0.0013952620046574246,
short_aggressive_medium_capacity,w09,2026-03-26,2026-03-27,2026-04-02,600363,0.03225806451612904,0.9664068136272544,-0.006402561024409725,-0.00020653422659386213,
short_aggressive_medium_capacity,w09,2026-03-26,2026-03-27,2026-04-02,688777,0.03225806451612904,0.9681122244488978,0.01060842433697351,0.0003422072366765649,
short_aggressive_medium_capacity,w09,2026-03-26,2026-03-27,2026-04-02,601106,0.03225806451612904,0.9681122244488978,-0.004694835680751019,-0.00015144631228229097,
short_aggressive_medium_capacity,w09,2026-03-26,2026-03-27,2026-04-02,688568,0.03225806451612904,0.9728491983967935,-0.018022486772486745,-0.0005813705410479597,
short_aggressive_medium_capacity,w09,2026-03-26,2026-03-27,2026-04-02,688561,0.03225806451612904,0.9739859719438877,-0.0074906367041199795,-0.00024163344206838648,
short_aggressive_medium_capacity,w09,2026-03-26,2026-03-27,2026-04-02,300570,0.03225806451612904,0.9747439879759519,-0.04517558813501532,-0.0014572770366133977,
short_aggressive_medium_capacity,w09,2026-03-26,2026-03-27,2026-04-02,300339,0.03225806451612904,0.9777755511022044,-0.01920122887864828,-0.0006193944799563962,
short_aggressive_medium_capacity,w09,2026-03-26,2026-03-27,2026-04-02,600032,0.03225806451612904,0.9863542084168336,-0.25693893735130846,-0.008288352817784145,
short_aggressive_medium_capacity,w09,2026-03-26,2026-03-27,2026-04-02,688220,0.03225806451612904,0.9929338677354709,-0.028642047106717028,-0.0009239370034424849,
short_aggressive_medium_capacity,w09,2026-03-26,2026-03-27,2026-04-02,000539,0.03225806451612904,0.993933366733467,-0.25100133511348466,-0.008096817261725313,
short_aggressive_medium_capacity,w09,2026-03-26,2026-03-27,2026-04-02,000528,0.03225806451612904,0.9152474949899799,0.007510729613734002,0.00024228160044303235,
short_aggressive_wide_capacity,w09,2026-03-26,2026-03-27,2026-04-02,601016,0.036000000004219955,0.9943952905811624,-0.24105461393596972,-0.00867796610271215,
short_aggressive_wide_capacity,w09,2026-03-26,2026-03-27,2026-04-02,000021,0.036000000004219955,0.8900891783567133,-0.0793251974156497,-0.0028557071072981377,
short_aggressive_wide_capacity,w09,2026-03-26,2026-03-27,2026-04-02,000657,0.036000000004219955,0.9513421843687375,-0.01995330078539581,-0.0007183188283584512,
short_aggressive_wide_capacity,w09,2026-03-26,2026-03-27,2026-04-02,002281,0.036000000004219955,0.8900891783567133,-0.012941176470588123,-0.0004658823529957836,
short_aggressive_wide_capacity,w09,2026-03-26,2026-03-27,2026-04-02,002202,0.036000000004219955,0.8900891783567133,-0.14646285104870238,-0.005272662638371352,
short_aggressive_wide_capacity,w09,2026-03-26,2026-03-27,2026-04-02,002195,0.036000000004219955,0.8900891783567133,-0.011173184357541888,-0.0004022346369186583,
short_aggressive_wide_capacity,w09,2026-03-26,2026-03-27,2026-04-02,002025,0.036000000004219955,0.8900891783567133,-0.021942562116811892,-0.0007899322362978248,
short_aggressive_wide_capacity,w09,2026-03-26,2026-03-27,2026-04-02,001389,0.036000000004219955,0.8900891783567133,0.007482815626903339,0.0002693813626000973,
short_aggressive_wide_capacity,w09,2026-03-26,2026-03-27,2026-04-02,600157,0.036000000004219955,0.9361157314629258,-0.09230769230769231,-0.0033230769234664577,
short_aggressive_wide_capacity,w09,2026-03-26,2026-03-27,2026-04-02,300763,0.036000000004219955,0.9361157314629258,-0.18463731955088214,-0.006646943504610918,
short_aggressive_wide_capacity,w09,2026-03-26,2026-03-27,2026-04-02,002432,0.036000000004219955,0.9361157314629258,0.3004807692307694,0.010817307693575712,
short_aggressive_wide_capacity,w09,2026-03-26,2026-03-27,2026-04-02,002155,0.036000000004219955,0.9361157314629258,0.042659082829719086,0.0015357269820499065,
short_aggressive_wide_capacity,w09,2026-03-26,2026-03-27,2026-04-02,002131,0.036000000004219955,0.9361157314629258,-0.007989347536617841,-0.00028761651135195696,
short_aggressive_wide_capacity,w09,2026-03-26,2026-03-27,2026-04-02,301611,0.036000000004219955,0.9513421843687375,-0.06470407850352655,-0.0023293468264000044,
short_aggressive_wide_capacity,w09,2026-03-26,2026-03-27,2026-04-02,300757,0.036000000004219955,0.8900891783567133,0.021155304516095264,0.0007615909626687039,
short_aggressive_wide_capacity,w09,2026-03-26,2026-03-27,2026-04-02,300570,0.036000000000000004,0.8900891783567133,-0.04517558813501532,-0.0016263211728605518,
short_aggressive_wide_capacity,w09,2026-03-26,2026-03-27,2026-04-02,600126,0.036000000000000004,0.8900891783567133,0.07389162561576379,0.002660098522167497,
short_aggressive_wide_capacity,w09,2026-03-26,2026-03-27,2026-04-02,301536,0.036000000000000004,0.8900891783567133,0.0005888414544383824,2.119829235978177e-05,
short_aggressive_wide_capacity,w09,2026-03-26,2026-03-27,2026-04-02,301308,0.036000000000000004,0.8900891783567133,-0.11486238532110093,-0.004135045871559634,
short_aggressive_wide_capacity,w09,2026-03-26,2026-03-27,2026-04-02,002436,0.036000000000000004,0.8900891783567133,-0.043120155038759767,-0.0015523255813953518,
short_aggressive_wide_capacity,w09,2026-03-26,2026-03-27,2026-04-02,300395,0.036000000000000004,0.8900891783567133,-0.029643008924776892,-0.0010671483212919683,
short_aggressive_wide_capacity,w09,2026-03-26,2026-03-27,2026-04-02,300383,0.036000000000000004,0.8900891783567133,-0.04683840749414503,-0.0016861826697892213,
short_aggressive_wide_capacity,w09,2026-03-26,2026-03-27,2026-04-02,300285,0.036000000000000004,0.8900891783567133,-0.012127171419206828,-0.0004365781710914459,
short_aggressive_wide_capacity,w09,2026-03-26,2026-03-27,2026-04-02,300223,0.036000000000000004,0.8900891783567133,-0.03316326530612246,-0.0011938775510204086,
short_aggressive_wide_capacity,w09,2026-03-26,2026-03-27,2026-04-02,002335,0.036000000000000004,0.8900891783567133,-0.0818072907752867,-0.0029450624679103216,
short_aggressive_wide_capacity,w09,2026-03-26,2026-03-27,2026-04-02,600498,0.03333333331223356,0.8900891783567133,0.05284015852047563,0.0017613386162342723,
short_aggressive_wide_capacity,w09,2026-03-26,2026-03-27,2026-04-02,600549,0.02666666664978681,0.8900891783567133,-0.0719874804381847,-0.0019196661438031204,
short_aggressive_wide_capacity,w09,2026-03-26,2026-03-27,2026-04-02,600602,0.019999999987340117,0.8900891783567133,0.025913928736696068,0.0005182785744058541,
short_aggressive_wide_capacity,w09,2026-03-26,2026-03-27,2026-04-02,603077,0.013333333324893405,0.8900891783567133,0.0,0.0,
short_aggressive_wide_capacity,w09,2026-03-26,2026-03-27,2026-04-02,688629,0.0066666666624467024,0.8900891783567133,0.039864209505334536,0.0002657613965340047,
stable_compact_capacity,w09,2026-03-26,2026-03-27,2026-04-02,688295,0.030303030303030304,0.9927474949899799,-0.13764510779436145,-0.004171063872556408,
stable_compact_capacity,w09,2026-03-26,2026-03-27,2026-04-02,301308,0.030303030303030304,0.9464188376753506,-0.11486238532110093,-0.003480678343063665,
stable_compact_capacity,w09,2026-03-26,2026-03-27,2026-04-02,300748,0.030303030303030304,0.9456693386773546,0.004262295081967071,0.0001291604570293052,
stable_compact_capacity,w09,2026-03-26,2026-03-27,2026-04-02,688568,0.030303030303030304,0.9464188376753506,-0.018022486772486745,-0.0005461359628026286,
stable_compact_capacity,w09,2026-03-26,2026-03-27,2026-04-02,688375,0.030303030303030304,0.9464188376753506,0.015716339242932476,0.0004762527043312872,
stable_compact_capacity,w09,2026-03-26,2026-03-27,2026-04-02,603920,0.030303030303030304,0.9464188376753506,-0.03898635477582846,-0.00118140469017662,
stable_compact_capacity,w09,2026-03-26,2026-03-27,2026-04-02,603688,0.030303030303030304,0.9464188376753506,0.007365169874079314,0.00022318696588119133,
stable_compact_capacity,w09,2026-03-26,2026-03-27,2026-04-02,601958,0.030303030303030304,0.9464188376753506,0.024684585847503993,0.0007480177529546664,
stable_compact_capacity,w09,2026-03-26,2026-03-27,2026-04-02,601231,0.030303030303030304,0.9464188376753506,0.006274275470570689,0.0001901295597142633,
stable_compact_capacity,w09,2026-03-26,2026-03-27,2026-04-02,601212,0.030303030303030304,0.9464188376753506,-0.0012658227848102444,-3.835826620637104e-05,
stable_compact_capacity,w09,2026-03-26,2026-03-27,2026-04-02,601106,0.030303030303030304,0.9464188376753506,-0.004694835680751019,-0.00014226774790154604,
stable_compact_capacity,w09,2026-03-26,2026-03-27,2026-04-02,600879,0.030303030303030304,0.9464188376753506,-0.012200844673861955,-0.0003697225658746047,
stable_compact_capacity,w09,2026-03-26,2026-03-27,2026-04-02,600549,0.030303030303030304,0.9464188376753506,-0.0719874804381847,-0.0021814388011571124,
stable_compact_capacity,w09,2026-03-26,2026-03-27,2026-04-02,600497,0.030303030303030304,0.9464188376753506,-0.002547770700636942,-7.720517274657401e-05,
stable_compact_capacity,w09,2026-03-26,2026-03-27,2026-04-02,600118,0.030303030303030304,0.9464188376753506,-0.00508323802262034,-0.00015403751583698,
stable_compact_capacity,w09,2026-03-26,2026-03-27,2026-04-02,301611,0.030303030303030304,0.9464188376753506,-0.06470407850352655,-0.001960729651622017,
stable_compact_capacity,w09,2026-03-26,2026-03-27,2026-04-02,300857,0.030303030303030304,0.9464188376753506,-0.03209922423003664,-0.0009727037645465648,
stable_compact_capacity,w09,2026-03-26,2026-03-27,2026-04-02,002436,0.030303030303030304,0.9486673346693386,-0.043120155038759767,-0.001306671364810902,
stable_compact_capacity,w09,2026-03-26,2026-03-27,2026-04-02,300604,0.030303030303030304,0.9464188376753506,-0.04210439242286379,-0.001275890679480721,
stable_compact_capacity,w09,2026-03-26,2026-03-27,2026-04-02,300395,0.030303030303030304,0.9464188376753506,-0.029643008924776892,-0.0008982729977205119,
stable_compact_capacity,w09,2026-03-26,2026-03-27,2026-04-02,300285,0.030303030303030304,0.9464188376753506,-0.012127171419206828,-0.00036749004300626754,
stable_compact_capacity,w09,2026-03-26,2026-03-27,2026-04-02,300223,0.030303030303030304,0.9464188376753506,-0.03316326530612246,-0.0010049474335188625,
stable_compact_capacity,w09,2026-03-26,2026-03-27,2026-04-02,002851,0.030303030303030304,0.9464188376753506,-0.03859579136331892,-0.0011695694352520886,
stable_compact_capacity,w09,2026-03-26,2026-03-27,2026-04-02,002409,0.030303030303030304,0.9464188376753506,-0.045718522179661436,-0.0013854097630200436,
stable_compact_capacity,w09,2026-03-26,2026-03-27,2026-04-02,002195,0.030303030303030304,0.9464188376753506,-0.011173184357541888,-0.000338581344167936,
stable_compact_capacity,w09,2026-03-26,2026-03-27,2026-04-02,002156,0.030303030303030304,0.9464188376753506,-0.04653882132834408,-0.0014102673129801238,
stable_compact_capacity,w09,2026-03-26,2026-03-27,2026-04-02,002080,0.030303030303030304,0.9464188376753506,-0.022024251422914976,-0.0006674015582701508,
stable_compact_capacity,w09,2026-03-26,2026-03-27,2026-04-02,000960,0.030303030303030304,0.9464188376753506,-0.00836012861736335,-0.0002533372308291924,
stable_compact_capacity,w09,2026-03-26,2026-03-27,2026-04-02,688709,0.030303030303030304,0.9486673346693386,-0.004349927501208328,-0.00013181598488510085,
stable_compact_capacity,w09,2026-03-26,2026-03-27,2026-04-02,688347,0.030303030303030304,0.9486673346693386,-0.023212045169385243,-0.0007033953081631892,
stable_compact_capacity,w09,2026-03-26,2026-03-27,2026-04-02,605358,0.030303030303030304,0.9486673346693386,-0.029243292131444054,-0.0008861603676195168,
stable_compact_capacity,w09,2026-03-26,2026-03-27,2026-04-02,300454,0.030303030303030304,0.9486673346693386,-0.05231602359539689,-0.0015853340483453604,
stable_compact_capacity,w09,2026-03-26,2026-03-27,2026-04-02,600363,0.030303030303030304,0.9379979959919839,-0.006402561024409725,-0.00019401700073968866,
stable_compact_current,w09,2026-03-26,2026-03-27,2026-04-02,000657,0.03253310000000001,0.9055310621242485,-0.01995330078539581,-0.0006491427297813607,
stable_compact_current,w09,2026-03-26,2026-03-27,2026-04-02,300757,0.03253310000000001,0.9055310621242485,0.021155304516095264,0.000688247637352579,
stable_compact_current,w09,2026-03-26,2026-03-27,2026-04-02,002156,0.03253310000000001,0.684688376753507,-0.04653882132834408,-0.0015140521281571512,
stable_compact_current,w09,2026-03-26,2026-03-27,2026-04-02,000831,0.03253310000000001,0.684688376753507,0.01853847812028464,0.0006031141625350324,
stable_compact_current,w09,2026-03-26,2026-03-27,2026-04-02,000060,0.03253310000000001,0.684688376753507,0.004950495049504955,0.00016105495049504969,
stable_compact_current,w09,2026-03-26,2026-03-27,2026-04-02,002008,0.03253310000000001,0.9055310621242485,-0.0032304958811176787,-0.00010509804554998958,
stable_compact_current,w09,2026-03-26,2026-03-27,2026-04-02,600118,0.03253310000000001,0.9055310621242485,-0.00508323802262034,-0.00016537349091370982,
stable_compact_current,w09,2026-03-26,2026-03-27,2026-04-02,301611,0.03253310000000001,0.9055310621242485,-0.06470407850352655,-0.00210502425636308,
stable_compact_current,w09,2026-03-26,2026-03-27,2026-04-02,301308,0.03253310000000001,0.9055310621242485,-0.11486238532110093,-0.00373682946788991,
stable_compact_current,w09,2026-03-26,2026-03-27,2026-04-02,300857,0.03253310000000001,0.9055310621242485,-0.03209922423003664,-0.0010442872717982053,
stable_compact_current,w09,2026-03-26,2026-03-27,2026-04-02,600498,0.03253310000000001,0.9055310621242485,0.05284015852047563,0.0017190541611624864,
stable_compact_current,w09,2026-03-26,2026-03-27,2026-04-02,300604,0.03253310000000001,0.9055310621242485,-0.04210439242286379,-0.0013697864091322704,
stable_compact_current,w09,2026-03-26,2026-03-27,2026-04-02,300383,0.03253310000000001,0.9055310621242485,-0.04683840749414503,-0.00152379859484777,
stable_compact_current,w09,2026-03-26,2026-03-27,2026-04-02,002080,0.03253310000000001,0.9055310621242485,-0.022024251422914976,-0.0007165171739668354,
stable_compact_current,w09,2026-03-26,2026-03-27,2026-04-02,002202,0.03253310000000001,0.9055310621242485,-0.14646285104870238,-0.0047648905794525406,
stable_compact_current,w09,2026-03-26,2026-03-27,2026-04-02,002429,0.03253310000000001,0.9055310621242485,-0.012448132780083054,-0.0004049763485477201,
stable_compact_current,w09,2026-03-26,2026-03-27,2026-04-02,002195,0.03253310000000001,0.684688376753507,-0.011173184357541888,-0.0003634983240223461,
stable_compact_current,w09,2026-03-26,2026-03-27,2026-04-02,003031,0.03253310000000001,0.9055310621242485,0.027040816326530548,0.0008797215816326512,
stable_compact_current,w09,2026-03-26,2026-03-27,2026-04-02,300136,0.03253310000000001,0.9055310621242485,-0.04308601648778976,-0.0014017216829989134,
stable_compact_current,w09,2026-03-26,2026-03-27,2026-04-02,300285,0.03253310000000001,0.9055310621242485,-0.012127171419206828,-0.00039453448049819775,
stable_compact_current,w09,2026-03-26,2026-03-27,2026-04-02,600879,0.03175800000000001,0.9055310621242485,-0.012200844673861955,-0.00038747442515250804,
stable_compact_current,w09,2026-03-26,2026-03-27,2026-04-02,601212,0.03175800000000001,0.9055310621242485,-0.0012658227848102444,-4.020000000000375e-05,
stable_compact_current,w09,2026-03-26,2026-03-27,2026-04-02,601231,0.03175800000000001,0.9055310621242485,0.006274275470570689,0.000199258440394384,
stable_compact_current,w09,2026-03-26,2026-03-27,2026-04-02,688375,0.03175800000000001,0.9055310621242485,0.015716339242932476,0.0004991195016770496,
stable_compact_current,w09,2026-03-26,2026-03-27,2026-04-02,600549,0.03175800000000001,0.9055310621242485,-0.0719874804381847,-0.0022861784037558706,
stable_compact_current,w09,2026-03-26,2026-03-27,2026-04-02,688525,0.03175800000000001,0.9055310621242485,-0.1178341283789438,-0.0037421762490584985,
stable_compact_current,w09,2026-03-26,2026-03-27,2026-04-02,688568,0.03175800000000001,0.9055310621242485,-0.018022486772486745,-0.0005723581349206343,
stable_compact_current,w09,2026-03-26,2026-03-27,2026-04-02,000426,0.03175800000000001,0.684688376753507,0.021994884910485846,0.0006985135549872097,
stable_compact_current,w09,2026-03-26,2026-03-27,2026-04-02,000878,0.03175800000000001,0.684688376753507,-0.027247956403269713,-0.0008653405994550398,
stable_compact_current,w09,2026-03-26,2026-03-27,2026-04-02,000960,0.03175800000000001,0.684688376753507,-0.00836012861736335,-0.0002655009646302253,
stable_compact_current,w09,2026-03-26,2026-03-27,2026-04-02,688387,0.03175800000000001,0.9055310621242485,0.047101449275362306,0.0014958478260869565,
stable_extra_wide_capacity,w09,2026-03-26,2026-03-27,2026-04-02,000539,0.02173913043478261,0.9985671342685372,-0.25100133511348466,-0.005456550763336624,
stable_extra_wide_capacity,w09,2026-03-26,2026-03-27,2026-04-02,600879,0.02173913043478261,0.8591382765531063,-0.012200844673861955,-0.00026523575377960775,
stable_extra_wide_capacity,w09,2026-03-26,2026-03-27,2026-04-02,605358,0.02173913043478261,0.8792835671342686,-0.029243292131444054,-0.0006357237419879143,
stable_extra_wide_capacity,w09,2026-03-26,2026-03-27,2026-04-02,688122,0.02173913043478261,0.8755711422845691,-0.03131524008350728,-0.0006807660887718975,
stable_extra_wide_capacity,w09,2026-03-26,2026-03-27,2026-04-02,688629,0.02173913043478261,0.875130260521042,0.039864209505334536,0.0008666132501159683,
stable_extra_wide_capacity,w09,2026-03-26,2026-03-27,2026-04-02,601958,0.02173913043478261,0.8662575150300602,0.024684585847503993,0.0005366214314674782,
stable_extra_wide_capacity,w09,2026-03-26,2026-03-27,2026-04-02,688709,0.02173913043478261,0.8641983967935872,-0.004349927501208328,-9.456364133061585e-05,
stable_extra_wide_capacity,w09,2026-03-26,2026-03-27,2026-04-02,002409,0.02173913043478261,0.8640681362725452,-0.045718522179661436,-0.0009938809169491617,
stable_extra_wide_capacity,w09,2026-03-26,2026-03-27,2026-04-02,000591,0.02173913043478261,0.8608016032064127,-0.12377850162866444,-0.0026908369919274883,
stable_extra_wide_capacity,w09,2026-03-26,2026-03-27,2026-04-02,603077,0.02173913043478261,0.8593687374749499,0.0,0.0,
stable_extra_wide_capacity,w09,2026-03-26,2026-03-27,2026-04-02,600118,0.02173913043478261,0.8591382765531063,-0.00508323802262034,-0.00011050517440479001,
stable_extra_wide_capacity,w09,2026-03-26,2026-03-27,2026-04-02,000060,0.02173913043478261,0.8540380761523046,0.004950495049504955,0.00010761945759793382,
stable_extra_wide_capacity,w09,2026-03-26,2026-03-27,2026-04-02,002436,0.02173913043478261,0.9487775551102204,-0.043120155038759767,-0.0009373946747556472,
stable_extra_wide_capacity,w09,2026-03-26,2026-03-27,2026-04-02,603659,0.02173913043478261,0.8524799599198398,-0.08689248895434465,-0.0018889671511814056,
stable_extra_wide_capacity,w09,2026-03-26,2026-03-27,2026-04-02,002156,0.02173913043478261,0.8489228456913828,-0.04653882132834408,-0.001011713507137915,
stable_extra_wide_capacity,w09,2026-03-26,2026-03-27,2026-04-02,603920,0.02173913043478261,0.8474899799599199,-0.03898635477582846,-0.0008475294516484448,
stable_extra_wide_capacity,w09,2026-03-26,2026-03-27,2026-04-02,600602,0.02173913043478261,0.8450400801603206,0.025913928736696068,0.0005633462768846972,
stable_extra_wide_capacity,w09,2026-03-26,2026-03-27,2026-04-02,688375,0.02173913043478261,0.843376753507014,0.015716339242932476,0.0003416595487594017,
stable_extra_wide_capacity,w09,2026-03-26,2026-03-27,2026-04-02,688568,0.02173913043478261,0.843376753507014,-0.018022486772486745,-0.00039179319070623366,
stable_extra_wide_capacity,w09,2026-03-26,2026-03-27,2026-04-02,002738,0.02173913043478261,0.8417585170340681,0.08047493403693928,0.0017494550877595499,
stable_extra_wide_capacity,w09,2026-03-26,2026-03-27,2026-04-02,688385,0.02173913043478261,0.8417585170340681,-0.07260334864424345,-0.0015783336661792057,
stable_extra_wide_capacity,w09,2026-03-26,2026-03-27,2026-04-02,000657,0.02173913043478261,0.8404659318637275,-0.01995330078539581,-0.00043376740837816987,
stable_extra_wide_capacity,w09,2026-03-26,2026-03-27,2026-04-02,300757,0.02173913043478261,0.8813476953907817,0.021155304516095264,0.00045989792426294056,
stable_extra_wide_capacity,w09,2026-03-26,2026-03-27,2026-04-02,301536,0.02173913043478261,0.8837274549098197,0.0005888414544383824,1.2800901183443098e-05,
stable_extra_wide_capacity,w09,2026-03-26,2026-03-27,2026-04-02,002080,0.02173913043478261,0.8840280561122245,-0.022024251422914976,-0.0004787880744111952,
stable_extra_wide_capacity,w09,2026-03-26,2026-03-27,2026-04-02,002432,0.02173913043478261,0.8870040080160322,0.3004807692307694,0.006532190635451509,
stable_extra_wide_capacity,w09,2026-03-26,2026-03-27,2026-04-02,300285,0.02173913043478261,0.9400100200400803,-0.012127171419206828,-0.000263634161287105,
stable_extra_wide_capacity,w09,2026-03-26,2026-03-27,2026-04-02,002025,0.02173913043478261,0.9357214428857716,-0.021942562116811892,-0.00047701221993069336,
stable_extra_wide_capacity,w09,2026-03-26,2026-03-27,2026-04-02,300627,0.02173913043478261,0.9344488977955913,0.02298850574712641,0.0004997501249375307,
stable_extra_wide_capacity,w09,2026-03-26,2026-03-27,2026-04-02,300395,0.02173913043478261,0.9291633266533067,-0.029643008924776892,-0.0006444132374951499,
stable_extra_wide_capacity,w09,2026-03-26,2026-03-27,2026-04-02,002851,0.02173913043478261,0.9221392785571143,-0.03859579136331892,-0.0008390389426808462,
stable_extra_wide_capacity,w09,2026-03-26,2026-03-27,2026-04-02,300604,0.02173913043478261,0.9164078156312625,-0.04210439242286379,-0.0009153128787579086,
stable_extra_wide_capacity,w09,2026-03-26,2026-03-27,2026-04-02,300223,0.02173913043478261,0.9162675350701404,-0.03316326530612246,-0.0007209405501330971,
stable_extra_wide_capacity,w09,2026-03-26,2026-03-27,2026-04-02,601106,0.02173913043478261,0.9113527054108217,-0.004694835680751019,-0.00010206164523371783,
stable_extra_wide_capacity,w09,2026-03-26,2026-03-27,2026-04-02,002195,0.02173913043478261,0.9107214428857716,-0.011173184357541888,-0.00024289531212047584,
stable_extra_wide_capacity,w09,2026-03-26,2026-03-27,2026-04-02,002202,0.02173913043478261,0.9057064128256513,-0.14646285104870238,-0.003183975022797878,
stable_extra_wide_capacity,w09,2026-03-26,2026-03-27,2026-04-02,688027,0.02173913043478261,0.9049448897795591,-0.06233198322520517,-0.0013550431135914169,
stable_extra_wide_capacity,w09,2026-03-26,2026-03-27,2026-04-02,003031,0.02173913043478261,0.9041883767535072,0.027040816326530548,0.0005878438331854467,
stable_extra_wide_capacity,w09,2026-03-26,2026-03-27,2026-04-02,688281,0.02173913043478261,0.9013226452905813,-0.039368998628257934,-0.000855847796266477,
stable_extra_wide_capacity,w09,2026-03-26,2026-03-27,2026-04-02,002008,0.02173913043478261,0.9006462925851704,-0.0032304958811176787,-7.022817132864519e-05,
stable_extra_wide_capacity,w09,2026-03-26,2026-03-27,2026-04-02,001389,0.02173913043478261,0.8988176352705411,0.007482815626903339,0.0001626699049326813,
stable_extra_wide_capacity,w09,2026-03-26,2026-03-27,2026-04-02,603688,0.02173913043478261,0.896307615230461,0.007365169874079314,0.00016011238856694163,
stable_extra_wide_capacity,w09,2026-03-26,2026-03-27,2026-04-02,300136,0.02173913043478261,0.8924448897795592,-0.04308601648778976,-0.0009366525323432557,
stable_extra_wide_capacity,w09,2026-03-26,2026-03-27,2026-04-02,002335,0.02173913043478261,0.8899899799599199,-0.0818072907752867,-0.001778419364680146,
stable_extra_wide_capacity,w09,2026-03-26,2026-03-27,2026-04-02,300570,0.02173913043478261,0.8880260521042085,-0.04517558813501532,-0.0009820780029351159,
stable_extra_wide_capacity,w09,2026-03-26,2026-03-27,2026-04-02,301611,0.02173913043478261,0.8342384769539077,-0.06470407850352655,-0.0014066104022505774,
stable_medium_capacity,w09,2026-03-26,2026-03-27,2026-04-02,002966,0.01075268817204301,0.9691082164328657,0.0023781212841853527,2.5571196604143576e-05,
stable_medium_capacity,w09,2026-03-26,2026-03-27,2026-04-02,603939,0.01075268817204301,0.7659644288577153,0.005018820577164407,5.396581265768179e-05,
stable_medium_capacity,w09,2026-03-26,2026-03-27,2026-04-02,688538,0.01075268817204301,0.7575726452905811,-0.008695652173913104,-9.350163627863552e-05,
stable_medium_capacity,w09,2026-03-26,2026-03-27,2026-04-02,688213,0.01075268817204301,0.7575726452905811,0.09001297016861232,0.000967881399662498,
stable_medium_capacity,w09,2026-03-26,2026-03-27,2026-04-02,688568,0.01075268817204301,0.762745490981964,-0.018022486772486745,-0.00019379018034931981,
stable_medium_capacity,w09,2026-03-26,2026-03-27,2026-04-02,688375,0.01075268817204301,0.762745490981964,0.015716339242932476,0.00016899289508529543,
stable_medium_capacity,w09,2026-03-26,2026-03-27,2026-04-02,601212,0.01075268817204301,0.762745490981964,-0.0012658227848102444,-1.3610997686131659e-05,
stable_medium_capacity,w09,2026-03-26,2026-03-27,2026-04-02,600879,0.01075268817204301,0.762745490981964,-0.012200844673861955,-0.0001311918782135694,
stable_medium_capacity,w09,2026-03-26,2026-03-27,2026-04-02,600118,0.01075268817204301,0.762745490981964,-0.00508323802262034,-5.4658473361509025e-05,
stable_medium_capacity,w09,2026-03-26,2026-03-27,2026-04-02,300857,0.01075268817204301,0.762745490981964,-0.03209922423003664,-0.0003451529487100714,
stable_medium_capacity,w09,2026-03-26,2026-03-27,2026-04-02,002195,0.01075268817204301,0.762745490981964,-0.011173184357541888,-0.00012014176728539664,
stable_medium_capacity,w09,2026-03-26,2026-03-27,2026-04-02,603816,0.01075268817204301,0.7659644288577153,0.010401188707280795,0.00011184073878796552,
stable_medium_capacity,w09,2026-03-26,2026-03-27,2026-04-02,603920,0.01075268817204301,0.7952555110220442,-0.03898635477582846,-0.0004192081158691232,
stable_medium_capacity,w09,2026-03-26,2026-03-27,2026-04-02,600873,0.01075268817204301,0.7659644288577153,-0.013937282229965153,-0.00014986324978457152,
stable_medium_capacity,w09,2026-03-26,2026-03-27,2026-04-02,600483,0.01075268817204301,0.7659644288577153,-0.06016408386508665,-0.0006469256329579209,
stable_medium_capacity,w09,2026-03-26,2026-03-27,2026-04-02,002608,0.01075268817204301,0.7659644288577153,-0.07551487414187641,-0.000811987893998671,
stable_medium_capacity,w09,2026-03-26,2026-03-27,2026-04-02,601139,0.01075268817204301,0.7664554108216433,-0.013605442176870652,-0.00014629507717065217,
stable_medium_capacity,w09,2026-03-26,2026-03-27,2026-04-02,600642,0.01075268817204301,0.7664554108216433,-0.04310344827586188,-0.0004634779384501277,
stable_medium_capacity,w09,2026-03-26,2026-03-27,2026-04-02,601156,0.01075268817204301,0.7691583166332665,-0.0028985507246377384,-3.1167212092878906e-05,
stable_medium_capacity,w09,2026-03-26,2026-03-27,2026-04-02,600511,0.01075268817204301,0.7889203406813626,0.020550330895158453,0.00022097129994794033,
stable_medium_capacity,w09,2026-03-26,2026-03-27,2026-04-02,600332,0.01075268817204301,0.7889203406813626,0.015789473684210575,0.00016977928692699543,
stable_medium_capacity,w09,2026-03-26,2026-03-27,2026-04-02,300144,0.01075268817204301,0.7889203406813626,0.01037613488975353,0.00011157134290057558,
stable_medium_capacity,w09,2026-03-26,2026-03-27,2026-04-02,688599,0.01075268817204301,0.7565355711422845,-0.1194933920704846,-0.0012848751835535977,
stable_medium_capacity,w09,2026-03-26,2026-03-27,2026-04-02,001286,0.01075268817204301,0.7502004008016031,-0.033391915641476366,-0.0003590528563599609,
stable_medium_capacity,w09,2026-03-26,2026-03-27,2026-04-02,600583,0.01075268817204301,0.7502004008016031,0.026785714285714413,0.00028801843317972486,
stable_medium_capacity,w09,2026-03-26,2026-03-27,2026-04-02,601001,0.01075268817204301,0.7502004008016031,-0.00659472422062346,-7.091101312498344e-05,
stable_medium_capacity,w09,2026-03-26,2026-03-27,2026-04-02,600968,0.01075268817204301,0.7308491983967935,-0.010752688172043112,-0.00011562030292519474,
stable_medium_capacity,w09,2026-03-26,2026-03-27,2026-04-02,000423,0.01075268817204301,0.7308491983967935,0.0172874710390305,0.00018588678536591934,
stable_medium_capacity,w09,2026-03-26,2026-03-27,2026-04-02,002008,0.01075268817204301,0.7316007014028055,-0.0032304958811176787,-3.4736514850727725e-05,
stable_medium_capacity,w09,2026-03-26,2026-03-27,2026-04-02,688220,0.01075268817204301,0.7328031062124248,-0.028642047106717028,-0.0003079790011474949,
stable_medium_capacity,w09,2026-03-26,2026-03-27,2026-04-02,600582,0.01075268817204301,0.7347369739478957,-0.03709949409780766,-0.0003989192913742759,
stable_medium_capacity,w09,2026-03-26,2026-03-27,2026-04-02,600528,0.01075268817204301,0.7347369739478957,0.11168164313222073,0.0012008778831421583,
stable_medium_capacity,w09,2026-03-26,2026-03-27,2026-04-02,002958,0.01075268817204301,0.7347369739478957,-0.022435897435897578,-0.000241246208988146,
stable_medium_capacity,w09,2026-03-26,2026-03-27,2026-04-02,002120,0.01075268817204301,0.7347369739478957,0.008968609865470878,9.643666522011696e-05,
stable_medium_capacity,w09,2026-03-26,2026-03-27,2026-04-02,000921,0.01075268817204301,0.7347369739478957,-0.02935943060498225,-0.00031569280220411017,
stable_medium_capacity,w09,2026-03-26,2026-03-27,2026-04-02,000709,0.01075268817204301,0.7347369739478957,-0.017021276595744705,-0.0001830244795241366,
stable_medium_capacity,w09,2026-03-26,2026-03-27,2026-04-02,000598,0.01075268817204301,0.7347369739478957,-0.026049204052098318,-0.00028009896830213243,
stable_medium_capacity,w09,2026-03-26,2026-03-27,2026-04-02,600862,0.01075268817204301,0.7379659318637275,-0.0018939393939395588,-2.03649397197802e-05,
stable_medium_capacity,w09,2026-03-26,2026-03-27,2026-04-02,301611,0.01075268817204301,0.7379759519038076,-0.06470407850352655,-0.0006957427796078123,
stable_medium_capacity,w09,2026-03-26,2026-03-27,2026-04-02,300677,0.01075268817204301,0.7396467935871743,0.0594041308718698,0.0006387540953964494,
stable_medium_capacity,w09,2026-03-26,2026-03-27,2026-04-02,002432,0.01075268817204301,0.7396467935871743,0.3004807692307694,0.003230976013234079,
stable_medium_capacity,w09,2026-03-26,2026-03-27,2026-04-02,002025,0.01075268817204301,0.7396467935871743,-0.021942562116811892,-0.00023594152813776227,
stable_medium_capacity,w09,2026-03-26,2026-03-27,2026-04-02,000883,0.01075268817204301,0.7471042084168337,-0.10754716981132062,-0.0011564211807668884,
stable_medium_capacity,w09,2026-03-26,2026-03-27,2026-04-02,688709,0.01075268817204301,0.7495691382765531,-0.004349927501208328,-4.67734139914874e-05,
stable_medium_capacity,w09,2026-03-26,2026-03-27,2026-04-02,688347,0.01075268817204301,0.7495691382765531,-0.023212045169385243,-0.00024959188354177676,
stable_medium_capacity,w09,2026-03-26,2026-03-27,2026-04-02,600298,0.01075268817204301,0.7900826653306613,0.019784623090408182,0.00021273788269256109,
stable_medium_capacity,w09,2026-03-26,2026-03-27,2026-04-02,600549,0.01075268817204301,0.7952555110220442,-0.0719874804381847,-0.0007740589294428462,
stable_medium_capacity,w09,2026-03-26,2026-03-27,2026-04-02,600132,0.01075268817204301,0.9691082164328657,0.015586690017513227,0.00016759881739261532,
stable_medium_capacity,w09,2026-03-26,2026-03-27,2026-04-02,300604,0.01075268817204301,0.9082665330661323,-0.04210439242286379,-0.0004527354023963848,
stable_medium_capacity,w09,2026-03-26,2026-03-27,2026-04-02,605358,0.01075268817204301,0.8793486973947896,-0.029243292131444054,-0.0003144440014133769,
stable_medium_capacity,w09,2026-03-26,2026-03-27,2026-04-02,300627,0.01075268817204301,0.8793486973947896,0.02298850574712641,0.0002471882338400689,
stable_medium_capacity,w09,2026-03-26,2026-03-27,2026-04-02,002436,0.01075268817204301,0.8793486973947896,-0.043120155038759767,-0.0004636575810619329,
stable_medium_capacity,w09,2026-03-26,2026-03-27,2026-04-02,603565,0.01075268817204301,0.8886072144288577,0.030195381882770933,0.0003246815256211928,
stable_medium_capacity,w09,2026-03-26,2026-03-27,2026-04-02,000088,0.01075268817204301,0.8886072144288577,-0.010775862068965525,-0.00011586948461253251,
stable_medium_capacity,w09,2026-03-26,2026-03-27,2026-04-02,000539,0.01075268817204301,0.8944564128256512,-0.25100133511348466,-0.0026989390872417703,
stable_medium_capacity,w09,2026-03-26,2026-03-27,2026-04-02,300679,0.01075268817204301,0.8952179358717435,-0.005563689604685118,-5.982461940521632e-05,
stable_medium_capacity,w09,2026-03-26,2026-03-27,2026-04-02,688027,0.01075268817204301,0.9082665330661323,-0.06233198322520517,-0.0006702363787656469,
stable_medium_capacity,w09,2026-03-26,2026-03-27,2026-04-02,601958,0.01075268817204301,0.9082665330661323,0.024684585847503993,0.0002654256542742365,
stable_medium_capacity,w09,2026-03-26,2026-03-27,2026-04-02,002851,0.01075268817204301,0.9082665330661323,-0.03859579136331892,-0.0004150085092829991,
stable_medium_capacity,w09,2026-03-26,2026-03-27,2026-04-02,600497,0.01075268817204301,0.7952555110220442,-0.002547770700636942,-2.739538387781658e-05,
stable_medium_capacity,w09,2026-03-26,2026-03-27,2026-04-02,603529,0.01075268817204301,0.9091558116232464,-0.012535255405828893,-0.00013478769253579453,
stable_medium_capacity,w09,2026-03-26,2026-03-27,2026-04-02,601665,0.01075268817204301,0.9091558116232464,0.003442340791738552,3.701441711546829e-05,
stable_medium_capacity,w09,2026-03-26,2026-03-27,2026-04-02,601577,0.01075268817204301,0.9091558116232464,-0.0020703933747411307,-2.2262294352055166e-05,
stable_medium_capacity,w09,2026-03-26,2026-03-27,2026-04-02,601333,0.01075268817204301,0.9091558116232464,0.0031746031746031633,3.4135518006485624e-05,
stable_medium_capacity,w09,2026-03-26,2026-03-27,2026-04-02,601128,0.01075268817204301,0.9091558116232464,-0.004207573632538653,-4.524272723159841e-05,
stable_medium_capacity,w09,2026-03-26,2026-03-27,2026-04-02,000729,0.01075268817204301,0.9091558116232464,0.025376685170499735,0.00027286758247849175,
stable_medium_capacity,w09,2026-03-26,2026-03-27,2026-04-02,600737,0.01075268817204301,0.9131563126252504,-0.03314917127071826,-0.0003564427018356802,
stable_medium_capacity,w09,2026-03-26,2026-03-27,2026-04-02,600901,0.01075268817204301,0.9691082164328657,0.02442748091603053,0.0002626610851186078,
stable_medium_capacity,w09,2026-03-26,2026-03-27,2026-04-02,600177,0.01075268817204301,0.9691082164328657,-0.003896103896103953,-4.1893590280687665e-05,
stable_medium_capacity,w09,2026-03-26,2026-03-27,2026-04-02,600282,0.01075268817204301,0.8687725450901803,0.04761904761904767,0.0005120327700972868,
stable_medium_capacity,w09,2026-03-26,2026-03-27,2026-04-02,000887,0.01075268817204301,0.8589729458917835,-0.01976935749588138,-0.00021257373651485353,
stable_medium_capacity,w09,2026-03-26,2026-03-27,2026-04-02,603338,0.01075268817204301,0.8589729458917835,-0.014804299330764659,-0.0001591860143092974,
stable_medium_capacity,w09,2026-03-26,2026-03-27,2026-04-02,002299,0.01075268817204301,0.8286548096192384,0.0595375722543352,0.0006401889489713463,
stable_medium_capacity,w09,2026-03-26,2026-03-27,2026-04-02,300395,0.01075268817204301,0.7952555110220442,-0.029643008924776892,-0.00031874203144921384,
stable_medium_capacity,w09,2026-03-26,2026-03-27,2026-04-02,300223,0.01075268817204301,0.7952555110220442,-0.03316326530612246,-0.00035659425060346724,
stable_medium_capacity,w09,2026-03-26,2026-03-27,2026-04-02,002156,0.01075268817204301,0.7952555110220442,-0.04653882132834408,-0.0005004174336381083,
stable_medium_capacity,w09,2026-03-26,2026-03-27,2026-04-02,002080,0.01075268817204301,0.7952555110220442,-0.022024251422914976,-0.0002368199077732793,
stable_medium_capacity,w09,2026-03-26,2026-03-27,2026-04-02,000960,0.01075268817204301,0.7952555110220442,-0.00836012861736335,-8.989385610068116e-05,
stable_medium_capacity,w09,2026-03-26,2026-03-27,2026-04-02,688819,0.01075268817204301,0.7953707414829658,-0.04274533413606252,-0.0004596272487748658,
stable_medium_capacity,w09,2026-03-26,2026-03-27,2026-04-02,601880,0.01075268817204301,0.7953707414829658,-0.06285714285714294,-0.0006758832565284187,
stable_medium_capacity,w09,2026-03-26,2026-03-27,2026-04-02,600970,0.01075268817204301,0.7953707414829658,0.02834799608993155,0.00030481716225732843,
stable_medium_capacity,w09,2026-03-26,2026-03-27,2026-04-02,601000,0.01075268817204301,0.7992484969939879,0.09259259259259256,0.0009956192751891671,
stable_medium_capacity,w09,2026-03-26,2026-03-27,2026-04-02,601997,0.01075268817204301,0.8152379759519037,0.0034662045060658286,3.727101619425622e-05,
stable_medium_capacity,w09,2026-03-26,2026-03-27,2026-04-02,603979,0.01075268817204301,0.8263276553106212,0.016055846422338593,0.00017264350991761927,
stable_medium_capacity,w09,2026-03-26,2026-03-27,2026-04-02,603486,0.01075268817204301,0.8263276553106212,-0.005256241787122251,-5.651872889378764e-05,
stable_medium_capacity,w09,2026-03-26,2026-03-27,2026-04-02,603688,0.01075268817204301,0.8285395791583167,0.007365169874079314,7.919537499010015e-05,
stable_medium_capacity,w09,2026-03-26,2026-03-27,2026-04-02,601106,0.01075268817204301,0.8285395791583167,-0.004694835680751019,-5.048210409409698e-05,
stable_medium_capacity,w09,2026-03-26,2026-03-27,2026-04-02,300285,0.01075268817204301,0.8285395791583167,-0.012127171419206828,-0.0001303996926796433,
stable_medium_capacity,w09,2026-03-26,2026-03-27,2026-04-02,003031,0.01075268817204301,0.8285395791583167,0.027040816326530548,0.00029076146587667253,
stable_medium_capacity,w09,2026-03-26,2026-03-27,2026-04-02,002409,0.01075268817204301,0.8285395791583167,-0.045718522179661436,-0.0004915970126845316,
stable_medium_capacity,w09,2026-03-26,2026-03-27,2026-04-02,600566,0.01075268817204301,0.8286548096192384,0.0237556561085972,0.0002554371624580344,
stable_medium_capacity,w09,2026-03-26,2026-03-27,2026-04-02,600329,0.01075268817204301,0.8286548096192384,-0.058527663465935076,-0.0006293297146874739,
stable_medium_capacity,w09,2026-03-26,2026-03-27,2026-04-02,600985,0.01075268817204301,0.7308491983967935,0.0014513788098695635,1.5606223762038317e-05,
balanced_extra_wide_capacity,w10,2026-04-02,2026-04-03,2026-04-10,002032,0.015625,0.9430861723446894,0.005998666962897303,9.372917129527036e-05,
balanced_extra_wide_capacity,w10,2026-04-02,2026-04-03,2026-04-10,002739,0.015625,0.9430861723446894,0.021671826625387025,0.00033862229102167227,
balanced_extra_wide_capacity,w10,2026-04-02,2026-04-03,2026-04-10,002156,0.015625,0.7452655310621242,0.10939416237429467,0.0017092837870983542,
balanced_extra_wide_capacity,w10,2026-04-02,2026-04-03,2026-04-10,002185,0.015625,0.7452655310621242,0.05974025974025965,0.000933441558441557,
balanced_extra_wide_capacity,w10,2026-04-02,2026-04-03,2026-04-10,002202,0.015625,0.7452655310621242,0.002498958767180204,3.9046230737190685e-05,
balanced_extra_wide_capacity,w10,2026-04-02,2026-04-03,2026-04-10,002335,0.015625,0.7452655310621242,0.10773532152842491,0.0016833643988816392,
balanced_extra_wide_capacity,w10,2026-04-02,2026-04-03,2026-04-10,002409,0.015625,0.7452655310621242,0.10617635633821054,0.0016590055677845397,
balanced_extra_wide_capacity,w10,2026-04-02,2026-04-03,2026-04-10,002436,0.015625,0.7452655310621242,0.16151898734177217,0.00252373417721519,
balanced_extra_wide_capacity,w10,2026-04-02,2026-04-03,2026-04-10,002465,0.015625,0.7452655310621242,0.020618556701030855,0.0003221649484536071,
balanced_extra_wide_capacity,w10,2026-04-02,2026-04-03,2026-04-10,002851,0.015625,0.7452655310621242,0.09035269709543559,0.001411760892116181,
balanced_extra_wide_capacity,w10,2026-04-02,2026-04-03,2026-04-10,003031,0.015625,0.7452655310621242,0.19200198708395444,0.003000031048186788,
balanced_extra_wide_capacity,w10,2026-04-02,2026-04-03,2026-04-10,300223,0.015625,0.7452655310621242,0.05126272144741795,0.0008009800226159054,
balanced_extra_wide_capacity,w10,2026-04-02,2026-04-03,2026-04-10,300285,0.015625,0.7452655310621242,0.09024552090245508,0.0014100862641008606,
balanced_extra_wide_capacity,w10,2026-04-02,2026-04-03,2026-04-10,300395,0.015625,0.7452655310621242,0.10741267929486487,0.0016783231139822635,
balanced_extra_wide_capacity,w10,2026-04-02,2026-04-03,2026-04-10,300454,0.015625,0.7452655310621242,0.07642857142857129,0.0011941964285714264,
balanced_extra_wide_capacity,w10,2026-04-02,2026-04-03,2026-04-10,300604,0.015625,0.7452655310621242,0.19214162348877384,0.0030022128670120912,
balanced_extra_wide_capacity,w10,2026-04-02,2026-04-03,2026-04-10,300627,0.015625,0.7452655310621242,0.024901305800182127,0.00038908290312784574,
balanced_extra_wide_capacity,w10,2026-04-02,2026-04-03,2026-04-10,300748,0.015625,0.7452655310621242,0.06692784851452838,0.0010457476330395059,
balanced_extra_wide_capacity,w10,2026-04-02,2026-04-03,2026-04-10,301308,0.015625,0.7452655310621242,0.17917357656163624,0.0027995871337755662,
balanced_extra_wide_capacity,w10,2026-04-02,2026-04-03,2026-04-10,301611,0.015625,0.7452655310621242,0.029289617486338848,0.0004576502732240445,
balanced_extra_wide_capacity,w10,2026-04-02,2026-04-03,2026-04-10,600363,0.015625,0.7452655310621242,0.048932742650020344,0.0007645741039065679,
balanced_extra_wide_capacity,w10,2026-04-02,2026-04-03,2026-04-10,600392,0.015625,0.7452655310621242,0.1251676352257487,0.0019557443004023234,
balanced_extra_wide_capacity,w10,2026-04-02,2026-04-03,2026-04-10,600497,0.015625,0.7452655310621242,0.05108556832694777,0.0007982120051085589,
balanced_extra_wide_capacity,w10,2026-04-02,2026-04-03,2026-04-10,600879,0.015625,0.7452655310621242,0.013301662707838391,0.00020783847980997486,
balanced_extra_wide_capacity,w10,2026-04-02,2026-04-03,2026-04-10,601106,0.015625,0.7452655310621242,-0.004716981132075526,-7.37028301886801e-05,
balanced_extra_wide_capacity,w10,2026-04-02,2026-04-03,2026-04-10,601168,0.015625,0.7452655310621242,0.061960784313725314,0.000968137254901958,
balanced_extra_wide_capacity,w10,2026-04-02,2026-04-03,2026-04-10,603688,0.015625,0.7452655310621242,0.11273584905660372,0.0017614976415094331,
balanced_extra_wide_capacity,w10,2026-04-02,2026-04-03,2026-04-10,603920,0.015625,0.7452655310621242,0.12981744421906716,0.0020283975659229243,
balanced_extra_wide_capacity,w10,2026-04-02,2026-04-03,2026-04-10,605358,0.015625,0.7452655310621242,0.10248447204968936,0.0016013198757763962,
balanced_extra_wide_capacity,w10,2026-04-02,2026-04-03,2026-04-10,688027,0.015625,0.7452655310621242,0.05259938837920486,0.0008218654434250759,
balanced_extra_wide_capacity,w10,2026-04-02,2026-04-03,2026-04-10,688122,0.015625,0.7452655310621242,0.041522988505747094,0.0006487966954022983,
balanced_extra_wide_capacity,w10,2026-04-02,2026-04-03,2026-04-10,002080,0.015625,0.7452655310621242,0.15334008097165985,0.002395938765182185,
balanced_extra_wide_capacity,w10,2026-04-02,2026-04-03,2026-04-10,000960,0.015625,0.7452655310621242,0.06549935149156938,0.0010234273670557716,
balanced_extra_wide_capacity,w10,2026-04-02,2026-04-03,2026-04-10,000878,0.015625,0.7452655310621242,0.04481792717086819,0.0007002801120448154,
balanced_extra_wide_capacity,w10,2026-04-02,2026-04-03,2026-04-10,603899,0.015625,0.9430861723446894,-0.008076923076923093,-0.00012620192307692332,
balanced_extra_wide_capacity,w10,2026-04-02,2026-04-03,2026-04-10,002958,0.015625,0.9430861723446894,-0.01967213114754085,-0.0003073770491803258,
balanced_extra_wide_capacity,w10,2026-04-02,2026-04-03,2026-04-10,002966,0.015625,0.9430861723446894,-0.02491103202846967,-0.0003892348754448386,
balanced_extra_wide_capacity,w10,2026-04-02,2026-04-03,2026-04-10,600004,0.015625,0.9430861723446894,-0.009977827050997812,-0.0001559035476718408,
balanced_extra_wide_capacity,w10,2026-04-02,2026-04-03,2026-04-10,600177,0.015625,0.9430861723446894,-0.044328552803129084,-0.0006926336375488919,
balanced_extra_wide_capacity,w10,2026-04-02,2026-04-03,2026-04-10,600332,0.015625,0.9430861723446894,-0.01036269430051806,-0.0001619170984455947,
balanced_extra_wide_capacity,w10,2026-04-02,2026-04-03,2026-04-10,600511,0.015625,0.9430861723446894,-0.007508532423208258,-0.00011732081911262904,
balanced_extra_wide_capacity,w10,2026-04-02,2026-04-03,2026-04-10,600566,0.015625,0.9430861723446894,-0.07440147329650093,-0.001162523020257827,
balanced_extra_wide_capacity,w10,2026-04-02,2026-04-03,2026-04-10,600977,0.015625,0.9430861723446894,0.03111111111111109,0.00048611111111111077,
balanced_extra_wide_capacity,w10,2026-04-02,2026-04-03,2026-04-10,601128,0.015625,0.9430861723446894,-0.00985915492957734,-0.00015404929577464595,
balanced_extra_wide_capacity,w10,2026-04-02,2026-04-03,2026-04-10,601577,0.015625,0.9430861723446894,-0.021784232365145262,-0.0003403786307053947,
balanced_extra_wide_capacity,w10,2026-04-02,2026-04-03,2026-04-10,601928,0.015625,0.9430861723446894,-0.0040567951318457585,-6.338742393508998e-05,
balanced_extra_wide_capacity,w10,2026-04-02,2026-04-03,2026-04-10,601997,0.015625,0.9430861723446894,-0.006908462867012077,-0.00010794473229706371,
balanced_extra_wide_capacity,w10,2026-04-02,2026-04-03,2026-04-10,603589,0.015625,0.9430861723446894,-0.014688368400158858,-0.00022950575625248215,
balanced_extra_wide_capacity,w10,2026-04-02,2026-04-03,2026-04-10,300070,0.015625,0.9227454909819639,0.010309278350515427,0.00016108247422680355,
balanced_extra_wide_capacity,w10,2026-04-02,2026-04-03,2026-04-10,000831,0.015625,0.7452655310621242,0.1007407407407408,0.001574074074074075,
balanced_extra_wide_capacity,w10,2026-04-02,2026-04-03,2026-04-10,300529,0.015625,0.9227454909819639,-0.012359550561797938,-0.0001931179775280928,
balanced_extra_wide_capacity,w10,2026-04-02,2026-04-03,2026-04-10,300601,0.015625,0.9227454909819639,-0.0035137034434293835,-5.4901616303584116e-05,
balanced_extra_wide_capacity,w10,2026-04-02,2026-04-03,2026-04-10,300957,0.015625,0.9227454909819639,-0.01675392670157072,-0.0002617801047120425,
balanced_extra_wide_capacity,w10,2026-04-02,2026-04-03,2026-04-10,600720,0.015625,0.9227454909819639,0.0,0.0,
balanced_extra_wide_capacity,w10,2026-04-02,2026-04-03,2026-04-10,603707,0.015625,0.9227454909819639,0.0010050251256283893,1.5703517587943583e-05,
balanced_extra_wide_capacity,w10,2026-04-02,2026-04-03,2026-04-10,000785,0.015625,0.7990230460921843,0.008298755186721962,0.00012966804979253066,
balanced_extra_wide_capacity,w10,2026-04-02,2026-04-03,2026-04-10,002439,0.015625,0.7990230460921843,0.017268445839874413,0.0002698194662480377,
balanced_extra_wide_capacity,w10,2026-04-02,2026-04-03,2026-04-10,002607,0.015625,0.7990230460921843,0.015325670498084198,0.0002394636015325656,
balanced_extra_wide_capacity,w10,2026-04-02,2026-04-03,2026-04-10,300679,0.015625,0.7990230460921843,0.2608951707891638,0.004076487043580684,
balanced_extra_wide_capacity,w10,2026-04-02,2026-04-03,2026-04-10,300735,0.015625,0.7990230460921843,0.05417066155321182,0.0008464165867689347,
balanced_extra_wide_capacity,w10,2026-04-02,2026-04-03,2026-04-10,603927,0.015625,0.7990230460921843,0.026315789473684292,0.00041118421052631707,
balanced_extra_wide_capacity,w10,2026-04-02,2026-04-03,2026-04-10,000060,0.015625,0.7452655310621242,0.031198686371100237,0.0004874794745484412,
balanced_extra_wide_capacity,w10,2026-04-02,2026-04-03,2026-04-10,000426,0.015625,0.7452655310621242,0.08358358358358342,0.001305993493493491,
balanced_extra_wide_capacity,w10,2026-04-02,2026-04-03,2026-04-10,688220,0.015625,0.7452655310621242,0.08995659332435246,0.0014055717706930072,
balanced_medium_current,w10,2026-04-02,2026-04-03,2026-04-10,002432,0.020408163265306124,1.0,0.14294516327788043,0.002917248230160825,
balanced_medium_current,w10,2026-04-02,2026-04-03,2026-04-10,000723,0.020408163265306124,0.6382765531062125,-0.023758099352051865,-0.0004848591704500381,
balanced_medium_current,w10,2026-04-02,2026-04-03,2026-04-10,000739,0.020408163265306124,0.6382765531062125,-0.03309820944112851,-0.0006754736620638472,
balanced_medium_current,w10,2026-04-02,2026-04-03,2026-04-10,000785,0.020408163265306124,0.6382765531062125,0.008298755186721962,0.00016936235074942782,
balanced_medium_current,w10,2026-04-02,2026-04-03,2026-04-10,000830,0.020408163265306124,0.6382765531062125,0.06372239747634079,0.0013004570913538937,
balanced_medium_current,w10,2026-04-02,2026-04-03,2026-04-10,000831,0.020408163265306124,0.6382765531062125,0.1007407407407408,0.0020559334845049143,
balanced_medium_current,w10,2026-04-02,2026-04-03,2026-04-10,000883,0.020408163265306124,0.6382765531062125,-0.03382663847780132,-0.0006903395607714555,
balanced_medium_current,w10,2026-04-02,2026-04-03,2026-04-10,000893,0.020408163265306124,0.6382765531062125,-0.015092502434274624,-0.0003080102537607066,
balanced_medium_current,w10,2026-04-02,2026-04-03,2026-04-10,000921,0.020408163265306124,0.6382765531062125,0.019706691109074193,0.00040217736957294276,
balanced_medium_current,w10,2026-04-02,2026-04-03,2026-04-10,000932,0.020408163265306124,0.6382765531062125,0.015873015873015817,0.0003239390994493024,
balanced_medium_current,w10,2026-04-02,2026-04-03,2026-04-10,000933,0.020408163265306124,0.6382765531062125,0.06749049429657794,0.0013773570264607744,
balanced_medium_current,w10,2026-04-02,2026-04-03,2026-04-10,000951,0.020408163265306124,0.6382765531062125,0.07617021276595737,0.0015544941380807628,
balanced_medium_current,w10,2026-04-02,2026-04-03,2026-04-10,000958,0.020408163265306124,0.6382765531062125,-0.020933977455716568,-0.0004272240297085014,
balanced_medium_current,w10,2026-04-02,2026-04-03,2026-04-10,000960,0.020408163265306124,0.6382765531062125,0.06549935149156938,0.00133672145901162,
balanced_medium_current,w10,2026-04-02,2026-04-03,2026-04-10,000967,0.020408163265306124,0.6382765531062125,0.0998925886143931,0.002038624257436594,
balanced_medium_current,w10,2026-04-02,2026-04-03,2026-04-10,000987,0.020408163265306124,0.6382765531062125,0.025703794369645205,0.0005245672320335757,
balanced_medium_current,w10,2026-04-02,2026-04-03,2026-04-10,001286,0.020408163265306124,0.6382765531062125,-0.011818181818181839,-0.00024118738404452735,
balanced_medium_current,w10,2026-04-02,2026-04-03,2026-04-10,001389,0.020408163265306124,0.6382765531062125,0.09517229467138777,0.0019422917279875056,
balanced_medium_current,w10,2026-04-02,2026-04-03,2026-04-10,001696,0.020408163265306124,0.6382765531062125,-0.01672765290120226,-0.0003413806714531074,
balanced_medium_current,w10,2026-04-02,2026-04-03,2026-04-10,002008,0.020408163265306124,0.6382765531062125,0.24047966293955603,0.004907748223256246,
balanced_medium_current,w10,2026-04-02,2026-04-03,2026-04-10,002025,0.020408163265306124,0.6382765531062125,0.2575057736720556,0.005255219870858279,
balanced_medium_current,w10,2026-04-02,2026-04-03,2026-04-10,002044,0.020408163265306124,0.6382765531062125,-0.05506216696269972,-0.0011237176931163208,
balanced_medium_current,w10,2026-04-02,2026-04-03,2026-04-10,002056,0.020408163265306124,0.6382765531062125,0.021774632553075657,0.00044438025618521754,
balanced_medium_current,w10,2026-04-02,2026-04-03,2026-04-10,000729,0.020408163265306124,0.6382765531062125,0.102861562258314,0.002099215556292123,
balanced_medium_current,w10,2026-04-02,2026-04-03,2026-04-10,000703,0.020408163265306124,0.6382765531062125,0.249018067556952,0.005082001378713306,
balanced_medium_current,w10,2026-04-02,2026-04-03,2026-04-10,002821,0.020408163265306124,0.996993987975952,-0.04247927358863013,-0.00086692395078837,
balanced_medium_current,w10,2026-04-02,2026-04-03,2026-04-10,000683,0.020408163265306124,0.6382765531062125,0.061594202898550776,0.001257024548950016,
balanced_medium_current,w10,2026-04-02,2026-04-03,2026-04-10,688336,0.020408163265306124,0.996993987975952,-0.09050674928081426,-0.001847076515934985,
balanced_medium_current,w10,2026-04-02,2026-04-03,2026-04-10,000021,0.020408163265306124,0.6382765531062125,0.09551656920077978,0.0019493177387914242,
balanced_medium_current,w10,2026-04-02,2026-04-03,2026-04-10,000027,0.020408163265306124,0.6382765531062125,-0.02212389380530977,-0.00045150803684305653,
balanced_medium_current,w10,2026-04-02,2026-04-03,2026-04-10,000032,0.020408163265306124,0.6382765531062125,0.022285714285714242,0.0004548104956268213,
balanced_medium_current,w10,2026-04-02,2026-04-03,2026-04-10,000034,0.020408163265306124,0.6382765531062125,0.09454432734035967,0.0019294760681706057,
balanced_medium_current,w10,2026-04-02,2026-04-03,2026-04-10,000039,0.020408163265306124,0.6382765531062125,0.1235849056603775,0.002522140931844439,
balanced_medium_current,w10,2026-04-02,2026-04-03,2026-04-10,000050,0.020408163265306124,0.6382765531062125,0.05196451204055785,0.0010605002457256705,
balanced_medium_current,w10,2026-04-02,2026-04-03,2026-04-10,000060,0.020408163265306124,0.6382765531062125,0.031198686371100237,0.0006367078851244947,
balanced_medium_current,w10,2026-04-02,2026-04-03,2026-04-10,000062,0.020408163265306124,0.6382765531062125,0.1746814632141389,0.0035649278206967127,
balanced_medium_current,w10,2026-04-02,2026-04-03,2026-04-10,000155,0.020408163265306124,0.6382765531062125,-0.021803182086034045,-0.00044496289971498055,
balanced_medium_current,w10,2026-04-02,2026-04-03,2026-04-10,000400,0.020408163265306124,0.6382765531062125,0.039416058394160736,0.0008044093549828723,
balanced_medium_current,w10,2026-04-02,2026-04-03,2026-04-10,000415,0.020408163265306124,0.6382765531062125,0.032110091743119185,0.0006553079947575344,
balanced_medium_current,w10,2026-04-02,2026-04-03,2026-04-10,000426,0.020408163265306124,0.6382765531062125,0.08358358358358342,0.0017057874200731313,
balanced_medium_current,w10,2026-04-02,2026-04-03,2026-04-10,000513,0.020408163265306124,0.6382765531062125,-0.019389791844881654,-0.000395710037650646,
balanced_medium_current,w10,2026-04-02,2026-04-03,2026-04-10,000519,0.020408163265306124,0.6382765531062125,0.024896265560165887,0.0005080870522482834,
balanced_medium_current,w10,2026-04-02,2026-04-03,2026-04-10,000537,0.020408163265306124,0.6382765531062125,-0.01807228915662662,-0.0003688222276862576,
balanced_medium_current,w10,2026-04-02,2026-04-03,2026-04-10,000539,0.020408163265306124,0.6382765531062125,-0.042780748663101664,-0.0008730765033286054,
balanced_medium_current,w10,2026-04-02,2026-04-03,2026-04-10,000582,0.020408163265306124,0.6382765531062125,0.02754036087369438,0.0005620481810958037,
balanced_medium_current,w10,2026-04-02,2026-04-03,2026-04-10,000591,0.020408163265306124,0.6382765531062125,-0.029739776951672847,-0.0006069342235035276,
balanced_medium_current,w10,2026-04-02,2026-04-03,2026-04-10,000629,0.020408163265306124,0.6382765531062125,0.01823708206686936,0.00037218534830345636,
balanced_medium_current,w10,2026-04-02,2026-04-03,2026-04-10,000657,0.020408163265306124,0.6382765531062125,0.060862031622265444,0.0012420822780054173,
balanced_medium_current,w10,2026-04-02,2026-04-03,2026-04-10,002064,0.020408163265306124,0.6382765531062125,0.08157389635316692,0.0016647733949625904,
economic_medium_capacity,w10,2026-04-02,2026-04-03,2026-04-10,000513,0.036000000004219955,0.9830921843687375,-0.019389791844881654,-0.0006980325064975636,
economic_medium_capacity,w10,2026-04-02,2026-04-03,2026-04-10,603087,0.036000000004219955,0.9830921843687375,-0.006353633968696704,-0.00022873082289989337,
economic_medium_capacity,w10,2026-04-02,2026-04-03,2026-04-10,002262,0.036000000004219955,0.9830921843687375,-0.013066202090592394,-0.00047038327531646494,
economic_medium_capacity,w10,2026-04-02,2026-04-03,2026-04-10,000034,0.036000000004219955,0.8880921843687375,0.09454432734035967,0.003403595784651921,
economic_medium_capacity,w10,2026-04-02,2026-04-03,2026-04-10,000021,0.036000000004219955,0.8880921843687375,0.09551656920077978,0.0034385964916311476,
economic_medium_capacity,w10,2026-04-02,2026-04-03,2026-04-10,002223,0.036000000004219955,0.9820881763527054,-0.035502958579881505,-0.001278106509025555,
economic_medium_capacity,w10,2026-04-02,2026-04-03,2026-04-10,600177,0.036000000004219955,0.9821763527054108,-0.044328552803129084,-0.0015958279010997115,
economic_medium_capacity,w10,2026-04-02,2026-04-03,2026-04-10,688578,0.036000000004219955,0.9830921843687375,-0.02647739857042175,-0.0009531863486469164,
economic_medium_capacity,w10,2026-04-02,2026-04-03,2026-04-10,600739,0.036000000004219955,0.9830921843687375,0.04420866489831998,0.001591511936526078,
economic_medium_capacity,w10,2026-04-02,2026-04-03,2026-04-10,600398,0.036000000004219955,0.9830921843687375,-0.006079027355623157,-0.00021884498482808686,
economic_medium_capacity,w10,2026-04-02,2026-04-03,2026-04-10,600380,0.036000000004219955,0.9830921843687375,-0.027050610820244403,-0.0009738219896429509,
economic_medium_capacity,w10,2026-04-02,2026-04-03,2026-04-10,600166,0.036000000004219955,0.9830921843687375,0.1322033898305084,0.004759322034456195,
economic_medium_capacity,w10,2026-04-02,2026-04-03,2026-04-10,600062,0.036000000004219955,0.9830921843687375,-0.03335097935415554,-0.001200635256890339,
economic_medium_capacity,w10,2026-04-02,2026-04-03,2026-04-10,301301,0.036000000004219955,0.9830921843687375,-0.04562043795620441,-0.001642335766615875,
economic_medium_capacity,w10,2026-04-02,2026-04-03,2026-04-10,000878,0.036000000004219955,0.8880921843687375,0.04481792717086819,0.0016134453783403844,
economic_medium_capacity,w10,2026-04-02,2026-04-03,2026-04-10,000831,0.036000000000000004,0.8880921843687375,0.1007407407407408,0.003626666666666669,
economic_medium_capacity,w10,2026-04-02,2026-04-03,2026-04-10,002065,0.036000000000000004,0.8880921843687375,0.05037783375314864,0.0018136020151133512,
economic_medium_capacity,w10,2026-04-02,2026-04-03,2026-04-10,000960,0.036000000000000004,0.8880921843687375,0.06549935149156938,0.002357976653696498,
economic_medium_capacity,w10,2026-04-02,2026-04-03,2026-04-10,000933,0.036000000000000004,0.8880921843687375,0.06749049429657794,0.002429657794676806,
economic_medium_capacity,w10,2026-04-02,2026-04-03,2026-04-10,000060,0.036000000000000004,0.8880921843687375,0.031198686371100237,0.0011231527093596087,
economic_medium_capacity,w10,2026-04-02,2026-04-03,2026-04-10,000830,0.036000000000000004,0.8880921843687375,0.06372239747634079,0.0022940063091482685,
economic_medium_capacity,w10,2026-04-02,2026-04-03,2026-04-10,000683,0.036000000000000004,0.8880921843687375,0.061594202898550776,0.002217391304347828,
economic_medium_capacity,w10,2026-04-02,2026-04-03,2026-04-10,000629,0.036000000000000004,0.8880921843687375,0.01823708206686936,0.000656534954407297,
economic_medium_capacity,w10,2026-04-02,2026-04-03,2026-04-10,000426,0.036000000000000004,0.8880921843687375,0.08358358358358342,0.0030090090090090036,
economic_medium_capacity,w10,2026-04-02,2026-04-03,2026-04-10,000039,0.036000000000000004,0.8880921843687375,0.1235849056603775,0.004449056603773591,
economic_medium_capacity,w10,2026-04-02,2026-04-03,2026-04-10,002080,0.03333333331223356,0.8880921843687375,0.15334008097165985,0.005111336029153221,
economic_medium_capacity,w10,2026-04-02,2026-04-03,2026-04-10,002131,0.02666666664978681,0.8880921843687375,0.0724832214765101,0.0019328859048167628,
economic_medium_capacity,w10,2026-04-02,2026-04-03,2026-04-10,002195,0.019999999987340117,0.8880921843687375,0.027118644067796627,0.0005423728810126137,
economic_medium_capacity,w10,2026-04-02,2026-04-03,2026-04-10,002202,0.013333333324893405,0.8880921843687375,0.002498958767180204,3.331945020797835e-05,
economic_medium_capacity,w10,2026-04-02,2026-04-03,2026-04-10,002203,0.0066666666624467024,0.8880921843687375,0.006811989100817373,4.541326064336947e-05,
recent_compact_capacity,w10,2026-04-02,2026-04-03,2026-04-10,300100,0.032972380952380954,0.9734168336673347,0.03641267700606865,0.0012006126577400978,
recent_compact_capacity,w10,2026-04-02,2026-04-03,2026-04-10,000155,0.032972380952380954,0.5544488977955911,-0.021803182086034045,-0.0007189028257148426,
recent_compact_capacity,w10,2026-04-02,2026-04-03,2026-04-10,002203,0.032972380952380954,0.5544488977955911,0.006811989100817373,0.0002246074996756174,
recent_compact_capacity,w10,2026-04-02,2026-04-03,2026-04-10,002126,0.032972380952380954,0.5544488977955911,0.09322842155460198,0.0030739630310875005,
recent_compact_capacity,w10,2026-04-02,2026-04-03,2026-04-10,002025,0.032972380952380954,0.5544488977955911,0.2575057736720556,0.008490578466952607,
recent_compact_capacity,w10,2026-04-02,2026-04-03,2026-04-10,002008,0.032972380952380954,0.5544488977955911,0.24047966293955603,0.007929187057743209,
recent_compact_capacity,w10,2026-04-02,2026-04-03,2026-04-10,300679,0.032972380952380954,0.9734168336673347,0.2608951707891638,0.0086023349598968,
recent_compact_capacity,w10,2026-04-02,2026-04-03,2026-04-10,000539,0.032972380952380954,0.5544488977955911,-0.042780748663101664,-0.0014105831423478503,
recent_compact_capacity,w10,2026-04-02,2026-04-03,2026-04-10,000537,0.032972380952380954,0.5544488977955911,-0.01807228915662662,-0.0005958864027538764,
recent_compact_capacity,w10,2026-04-02,2026-04-03,2026-04-10,000415,0.032972380952380954,0.5544488977955911,0.032110091743119185,0.001058746177370028,
recent_compact_capacity,w10,2026-04-02,2026-04-03,2026-04-10,000559,0.032972380952380954,0.5544488977955911,0.07086614173228356,0.0023366254218222756,
recent_compact_capacity,w10,2026-04-02,2026-04-03,2026-04-10,000039,0.032972380952380954,0.5544488977955911,0.1235849056603775,0.004074888589398028,
recent_compact_capacity,w10,2026-04-02,2026-04-03,2026-04-10,300718,0.032972380952380954,0.9480110220440882,0.017586502716614216,0.0005798688671922865,
recent_compact_capacity,w10,2026-04-02,2026-04-03,2026-04-10,603728,0.032972380952380954,0.9734168336673347,0.03573956121726818,0.0011784184275267064,
recent_compact_capacity,w10,2026-04-02,2026-04-03,2026-04-10,002670,0.032972380952380954,0.9645991983967935,0.03180212014134276,0.0010485916203937407,
recent_compact_capacity,w10,2026-04-02,2026-04-03,2026-04-10,002939,0.032972380952380954,0.9645991983967935,0.028344671201814053,0.0009345912968361946,
recent_compact_capacity,w10,2026-04-02,2026-04-03,2026-04-10,600095,0.032972380952380954,0.9645991983967935,0.021668472372697645,0.0007144611257287288,
recent_compact_capacity,w10,2026-04-02,2026-04-03,2026-04-10,002271,0.032972380952380954,0.5544488977955911,0.00835475578406153,0.000275476190476185,
recent_compact_capacity,w10,2026-04-02,2026-04-03,2026-04-10,601696,0.032972380952380954,0.9645991983967935,0.054365733113673764,0.0017925676629795234,
recent_compact_capacity,w10,2026-04-02,2026-04-03,2026-04-10,688728,0.032972380952380954,0.9645991983967935,0.02175602175602176,0.0007173478373478375,
recent_compact_capacity,w10,2026-04-02,2026-04-03,2026-04-10,000733,0.032972380952380954,0.9480110220440882,0.031194295900178304,0.0010285502079619745,
recent_compact_capacity,w10,2026-04-02,2026-04-03,2026-04-10,000703,0.030758,0.5544488977955911,0.249018067556952,0.007659297721916729,
recent_compact_capacity,w10,2026-04-02,2026-04-03,2026-04-10,000893,0.030758,0.5544488977955911,-0.015092502434274624,-0.0004642151898734189,
recent_compact_capacity,w10,2026-04-02,2026-04-03,2026-04-10,000933,0.030758,0.5544488977955911,0.06749049429657794,0.0020758726235741445,
recent_compact_capacity,w10,2026-04-02,2026-04-03,2026-04-10,000683,0.030758,0.5544488977955911,0.061594202898550776,0.0018945144927536247,
recent_compact_capacity,w10,2026-04-02,2026-04-03,2026-04-10,000967,0.030758,0.5544488977955911,0.0998925886143931,0.0030724962406015028,
recent_compact_capacity,w10,2026-04-02,2026-04-03,2026-04-10,001389,0.030758,0.5544488977955911,0.09517229467138777,0.002927309439502545,
recent_compact_capacity,w10,2026-04-02,2026-04-03,2026-04-10,000591,0.030758,0.5544488977955911,-0.029739776951672847,-0.0009147360594795534,
recent_compact_capacity,w10,2026-04-02,2026-04-03,2026-04-10,002080,0.030758,0.5544488977955911,0.15334008097165985,0.004716434210526314,
recent_compact_capacity,w10,2026-04-02,2026-04-03,2026-04-10,002195,0.030758,0.5544488977955911,0.027118644067796627,0.0008341152542372886,
recent_compact_capacity,w10,2026-04-02,2026-04-03,2026-04-10,000951,0.030758,0.5544488977955911,0.07617021276595737,0.0023428434042553166,
recent_compact_current,w10,2026-04-02,2026-04-03,2026-04-10,002821,0.027027027027027035,0.9353456913827656,-0.04247927358863013,-0.0011480884753683823,
recent_compact_current,w10,2026-04-02,2026-04-03,2026-04-10,002195,0.027027027027027035,0.8722194388777555,0.027118644067796627,0.0007329363261566658,
recent_compact_current,w10,2026-04-02,2026-04-03,2026-04-10,002271,0.027027027027027035,0.8722194388777555,0.00835475578406153,0.0002258042103800414,
recent_compact_current,w10,2026-04-02,2026-04-03,2026-04-10,002281,0.027027027027027035,0.8722194388777555,0.28510131108462433,0.007705440840124984,
recent_compact_current,w10,2026-04-02,2026-04-03,2026-04-10,002294,0.027027027027027035,0.8722194388777555,-0.07877013177159586,-0.0021289224803134024,
recent_compact_current,w10,2026-04-02,2026-04-03,2026-04-10,002353,0.027027027027027035,0.8722194388777555,0.08759259259259244,0.002367367367367364,
recent_compact_current,w10,2026-04-02,2026-04-03,2026-04-10,002429,0.027027027027027035,0.8722194388777555,0.07352941176470607,0.0019872813990461104,
recent_compact_current,w10,2026-04-02,2026-04-03,2026-04-10,002532,0.027027027027027035,0.8722194388777555,0.018920422927100722,0.0005113627818135332,
recent_compact_current,w10,2026-04-02,2026-04-03,2026-04-10,002595,0.027027027027027035,0.8722194388777555,0.05456852791878175,0.0014748250788859938,
recent_compact_current,w10,2026-04-02,2026-04-03,2026-04-10,002624,0.027027027027027035,0.8722194388777555,0.023481368044920847,0.0006346315687816447,
recent_compact_current,w10,2026-04-02,2026-04-03,2026-04-10,002738,0.027027027027027035,0.8722194388777555,0.054945054945055194,0.0014850014850014922,
recent_compact_current,w10,2026-04-02,2026-04-03,2026-04-10,002756,0.027027027027027035,0.8722194388777555,-0.028559826746074712,-0.0007718872093533709,
recent_compact_current,w10,2026-04-02,2026-04-03,2026-04-10,003031,0.027027027027027035,0.8722194388777555,0.19200198708395444,0.005189242894160932,
recent_compact_current,w10,2026-04-02,2026-04-03,2026-04-10,300054,0.027027027027027035,0.8722194388777555,0.0942562592047127,0.002547466464992236,
recent_compact_current,w10,2026-04-02,2026-04-03,2026-04-10,300223,0.027027027027027035,0.8722194388777555,0.05126272144741795,0.0013854789580383233,
recent_compact_current,w10,2026-04-02,2026-04-03,2026-04-10,300285,0.027027027027027035,0.8722194388777555,0.09024552090245508,0.0024390681324987866,
recent_compact_current,w10,2026-04-02,2026-04-03,2026-04-10,300383,0.027027027027027035,0.8722194388777555,0.05651105651105648,0.0015273258516501757,
recent_compact_current,w10,2026-04-02,2026-04-03,2026-04-10,002203,0.027027027027027035,0.8722194388777555,0.006811989100817373,0.00018410781353560472,
recent_compact_current,w10,2026-04-02,2026-04-03,2026-04-10,002126,0.027027027027027035,0.8722194388777555,0.09322842155460198,0.0025196870690432976,
recent_compact_current,w10,2026-04-02,2026-04-03,2026-04-10,688336,0.027027027027027035,0.9353456913827656,-0.09050674928081426,-0.0024461283589409266,
recent_compact_current,w10,2026-04-02,2026-04-03,2026-04-10,002080,0.027027027027027035,0.8722194388777555,0.15334008097165985,0.004144326512747565,
recent_compact_current,w10,2026-04-02,2026-04-03,2026-04-10,000039,0.027027027027027035,0.8722194388777555,0.1235849056603775,0.003340132585415609,
recent_compact_current,w10,2026-04-02,2026-04-03,2026-04-10,000155,0.027027027027027035,0.8722194388777555,-0.021803182086034045,-0.0005892751915144339,
recent_compact_current,w10,2026-04-02,2026-04-03,2026-04-10,000415,0.027027027027027035,0.8722194388777555,0.032110091743119185,0.0008678403173815999,
recent_compact_current,w10,2026-04-02,2026-04-03,2026-04-10,000537,0.027027027027027035,0.8722194388777555,-0.01807228915662662,-0.0004884402474763953,
recent_compact_current,w10,2026-04-02,2026-04-03,2026-04-10,000539,0.027027027027027035,0.8722194388777555,-0.042780748663101664,-0.0011562364503540994,
recent_compact_current,w10,2026-04-02,2026-04-03,2026-04-10,000591,0.027027027027027035,0.8722194388777555,-0.029739776951672847,-0.0008037777554506177,
recent_compact_current,w10,2026-04-02,2026-04-03,2026-04-10,000683,0.027027027027027035,0.8722194388777555,0.061594202898550776,0.0016647081864473187,
recent_compact_current,w10,2026-04-02,2026-04-03,2026-04-10,000703,0.027027027027027035,0.8722194388777555,0.249018067556952,0.0067302180420797855,
recent_compact_current,w10,2026-04-02,2026-04-03,2026-04-10,000893,0.027027027027027035,0.8722194388777555,-0.015092502434274624,-0.0004079054711966116,
recent_compact_current,w10,2026-04-02,2026-04-03,2026-04-10,000933,0.027027027027027035,0.8722194388777555,0.06749049429657794,0.001824067413421026,
recent_compact_current,w10,2026-04-02,2026-04-03,2026-04-10,000951,0.027027027027027035,0.8722194388777555,0.07617021276595737,0.0020586543990799293,
recent_compact_current,w10,2026-04-02,2026-04-03,2026-04-10,000967,0.027027027027027035,0.8722194388777555,0.0998925886143931,0.0026997996922808955,
recent_compact_current,w10,2026-04-02,2026-04-03,2026-04-10,001389,0.027027027027027035,0.8722194388777555,0.09517229467138777,0.0025722241803077784,
recent_compact_current,w10,2026-04-02,2026-04-03,2026-04-10,002008,0.027027027027027035,0.8722194388777555,0.24047966293955603,0.006499450349717733,
recent_compact_current,w10,2026-04-02,2026-04-03,2026-04-10,002025,0.027027027027027035,0.8722194388777555,0.2575057736720556,0.006959615504650154,
recent_compact_current,w10,2026-04-02,2026-04-03,2026-04-10,300390,0.027027027027027035,0.8722194388777555,0.1508003369839932,0.004075684783351169,
short_aggressive_compact_capacity,w10,2026-04-02,2026-04-03,2026-04-10,600118,0.03225806451612904,0.9857610220440882,0.008047004726018603,0.0002595807976135034,
short_aggressive_compact_capacity,w10,2026-04-02,2026-04-03,2026-04-10,001389,0.03225806451612904,0.9457049098196393,0.09517229467138777,0.0030700740216576703,
short_aggressive_compact_capacity,w10,2026-04-02,2026-04-03,2026-04-10,688037,0.03225806451612904,0.9286518036072144,0.10807401177460041,0.0034862584443419494,
short_aggressive_compact_capacity,w10,2026-04-02,2026-04-03,2026-04-10,600879,0.03225806451612904,0.9286518036072144,0.013301662707838391,0.0004290858938012385,
short_aggressive_compact_capacity,w10,2026-04-02,2026-04-03,2026-04-10,002851,0.03225806451612904,0.9286518036072144,0.09035269709543559,0.0029146031321108257,
short_aggressive_compact_capacity,w10,2026-04-02,2026-04-03,2026-04-10,600032,0.03225806451612904,0.9321437875751504,-0.050160085378868624,-0.001618067270286085,
short_aggressive_compact_capacity,w10,2026-04-02,2026-04-03,2026-04-10,002837,0.03225806451612904,0.9353291583166332,0.19668962184366312,0.006344826511085908,
short_aggressive_compact_capacity,w10,2026-04-02,2026-04-03,2026-04-10,601106,0.03225806451612904,0.9374438877755511,-0.004716981132075526,-0.00015216068167985572,
short_aggressive_compact_capacity,w10,2026-04-02,2026-04-03,2026-04-10,002465,0.03225806451612904,0.9423587174348698,0.020618556701030855,0.000665114732291318,
short_aggressive_compact_capacity,w10,2026-04-02,2026-04-03,2026-04-10,002044,0.03225806451612904,0.9423587174348698,-0.05506216696269972,-0.0017761989342806365,
short_aggressive_compact_capacity,w10,2026-04-02,2026-04-03,2026-04-10,000878,0.03225806451612904,0.9423587174348698,0.04481792717086819,0.0014457395861570386,
short_aggressive_compact_capacity,w10,2026-04-02,2026-04-03,2026-04-10,300757,0.03225806451612904,0.9457049098196393,0.265044814340589,0.008549832720664164,
short_aggressive_compact_capacity,w10,2026-04-02,2026-04-03,2026-04-10,300724,0.03225806451612904,0.9457049098196393,0.006711409395973034,0.00021649707728945274,
short_aggressive_compact_capacity,w10,2026-04-02,2026-04-03,2026-04-10,300390,0.03225806451612904,0.9457049098196393,0.1508003369839932,0.004864526999483652,
short_aggressive_compact_capacity,w10,2026-04-02,2026-04-03,2026-04-10,002756,0.03225806451612904,0.9457049098196393,-0.028559826746074712,-0.0009212847337443457,
short_aggressive_compact_capacity,w10,2026-04-02,2026-04-03,2026-04-10,002202,0.03225806451612904,0.9532840681362725,0.002498958767180204,8.06115731348453e-05,
short_aggressive_compact_capacity,w10,2026-04-02,2026-04-03,2026-04-10,002432,0.03225806451612904,0.9817059118236473,0.14294516327788043,0.0046111342992864665,
short_aggressive_compact_capacity,w10,2026-04-02,2026-04-03,2026-04-10,688676,0.03225806451612904,0.9542770541082164,0.1553424657534248,0.005011047282368543,
short_aggressive_compact_capacity,w10,2026-04-02,2026-04-03,2026-04-10,002738,0.03225806451612904,0.9544969939879759,0.054945054945055194,0.0017724211272598454,
short_aggressive_compact_capacity,w10,2026-04-02,2026-04-03,2026-04-10,002558,0.03225806451612904,0.958066633266533,0.01497797356828201,0.00048316043768651654,
short_aggressive_compact_capacity,w10,2026-04-02,2026-04-03,2026-04-10,601016,0.03225806451612904,0.9599158316633267,-0.01488833746898266,-0.00048026895061234395,
short_aggressive_compact_capacity,w10,2026-04-02,2026-04-03,2026-04-10,300763,0.03225806451612904,0.9599158316633267,0.02371584699453555,0.0007650273224043727,
short_aggressive_compact_capacity,w10,2026-04-02,2026-04-03,2026-04-10,300383,0.03225806451612904,0.9599158316633267,0.05651105651105648,0.0018229373068082738,
short_aggressive_compact_capacity,w10,2026-04-02,2026-04-03,2026-04-10,300054,0.03225806451612904,0.9599158316633267,0.0942562592047127,0.003040524490474604,
short_aggressive_compact_capacity,w10,2026-04-02,2026-04-03,2026-04-10,688027,0.03225806451612904,0.9688857715430862,0.05259938837920486,0.0016967544638453182,
short_aggressive_compact_capacity,w10,2026-04-02,2026-04-03,2026-04-10,300136,0.03225806451612904,0.9703371743486974,0.04014954486345901,0.001295146608498678,
short_aggressive_compact_capacity,w10,2026-04-02,2026-04-03,2026-04-10,000539,0.03225806451612904,0.9722319639278557,-0.042780748663101664,-0.0013800241504226345,
short_aggressive_compact_capacity,w10,2026-04-02,2026-04-03,2026-04-10,003035,0.03225806451612904,0.974126753507014,0.006684491978609541,0.00021562877350353362,
short_aggressive_compact_capacity,w10,2026-04-02,2026-04-03,2026-04-10,300058,0.03225806451612904,0.9769689378757516,0.1897546897546898,0.006121119024344833,
short_aggressive_compact_capacity,w10,2026-04-02,2026-04-03,2026-04-10,300751,0.03225806451612904,0.979811122244489,-0.042890768023711834,-0.0013835731620552207,
short_aggressive_compact_capacity,w10,2026-04-02,2026-04-03,2026-04-10,688375,0.03225806451612904,0.9286518036072144,0.03377677139352775,0.0010895732707589599,
short_aggressive_medium_capacity,w10,2026-04-02,2026-04-03,2026-04-10,600118,0.03225806451612904,0.9857610220440882,0.008047004726018603,0.0002595807976135034,
short_aggressive_medium_capacity,w10,2026-04-02,2026-04-03,2026-04-10,001389,0.03225806451612904,0.9457049098196393,0.09517229467138777,0.0030700740216576703,
short_aggressive_medium_capacity,w10,2026-04-02,2026-04-03,2026-04-10,688037,0.03225806451612904,0.9286518036072144,0.10807401177460041,0.0034862584443419494,
short_aggressive_medium_capacity,w10,2026-04-02,2026-04-03,2026-04-10,600879,0.03225806451612904,0.9286518036072144,0.013301662707838391,0.0004290858938012385,
short_aggressive_medium_capacity,w10,2026-04-02,2026-04-03,2026-04-10,002851,0.03225806451612904,0.9286518036072144,0.09035269709543559,0.0029146031321108257,
short_aggressive_medium_capacity,w10,2026-04-02,2026-04-03,2026-04-10,600032,0.03225806451612904,0.9321437875751504,-0.050160085378868624,-0.001618067270286085,
short_aggressive_medium_capacity,w10,2026-04-02,2026-04-03,2026-04-10,002837,0.03225806451612904,0.9353291583166332,0.19668962184366312,0.006344826511085908,
short_aggressive_medium_capacity,w10,2026-04-02,2026-04-03,2026-04-10,601106,0.03225806451612904,0.9374438877755511,-0.004716981132075526,-0.00015216068167985572,
short_aggressive_medium_capacity,w10,2026-04-02,2026-04-03,2026-04-10,002465,0.03225806451612904,0.9423587174348698,0.020618556701030855,0.000665114732291318,
short_aggressive_medium_capacity,w10,2026-04-02,2026-04-03,2026-04-10,002044,0.03225806451612904,0.9423587174348698,-0.05506216696269972,-0.0017761989342806365,
short_aggressive_medium_capacity,w10,2026-04-02,2026-04-03,2026-04-10,000878,0.03225806451612904,0.9423587174348698,0.04481792717086819,0.0014457395861570386,
short_aggressive_medium_capacity,w10,2026-04-02,2026-04-03,2026-04-10,300757,0.03225806451612904,0.9457049098196393,0.265044814340589,0.008549832720664164,
short_aggressive_medium_capacity,w10,2026-04-02,2026-04-03,2026-04-10,300724,0.03225806451612904,0.9457049098196393,0.006711409395973034,0.00021649707728945274,
short_aggressive_medium_capacity,w10,2026-04-02,2026-04-03,2026-04-10,300390,0.03225806451612904,0.9457049098196393,0.1508003369839932,0.004864526999483652,
short_aggressive_medium_capacity,w10,2026-04-02,2026-04-03,2026-04-10,002756,0.03225806451612904,0.9457049098196393,-0.028559826746074712,-0.0009212847337443457,
short_aggressive_medium_capacity,w10,2026-04-02,2026-04-03,2026-04-10,002202,0.03225806451612904,0.9532840681362725,0.002498958767180204,8.06115731348453e-05,
short_aggressive_medium_capacity,w10,2026-04-02,2026-04-03,2026-04-10,002432,0.03225806451612904,0.9817059118236473,0.14294516327788043,0.0046111342992864665,
short_aggressive_medium_capacity,w10,2026-04-02,2026-04-03,2026-04-10,688676,0.03225806451612904,0.9542770541082164,0.1553424657534248,0.005011047282368543,
short_aggressive_medium_capacity,w10,2026-04-02,2026-04-03,2026-04-10,002738,0.03225806451612904,0.9544969939879759,0.054945054945055194,0.0017724211272598454,
short_aggressive_medium_capacity,w10,2026-04-02,2026-04-03,2026-04-10,002558,0.03225806451612904,0.958066633266533,0.01497797356828201,0.00048316043768651654,
short_aggressive_medium_capacity,w10,2026-04-02,2026-04-03,2026-04-10,601016,0.03225806451612904,0.9599158316633267,-0.01488833746898266,-0.00048026895061234395,
short_aggressive_medium_capacity,w10,2026-04-02,2026-04-03,2026-04-10,300763,0.03225806451612904,0.9599158316633267,0.02371584699453555,0.0007650273224043727,
short_aggressive_medium_capacity,w10,2026-04-02,2026-04-03,2026-04-10,300383,0.03225806451612904,0.9599158316633267,0.05651105651105648,0.0018229373068082738,
short_aggressive_medium_capacity,w10,2026-04-02,2026-04-03,2026-04-10,300054,0.03225806451612904,0.9599158316633267,0.0942562592047127,0.003040524490474604,
short_aggressive_medium_capacity,w10,2026-04-02,2026-04-03,2026-04-10,688027,0.03225806451612904,0.9688857715430862,0.05259938837920486,0.0016967544638453182,
short_aggressive_medium_capacity,w10,2026-04-02,2026-04-03,2026-04-10,300136,0.03225806451612904,0.9703371743486974,0.04014954486345901,0.001295146608498678,
short_aggressive_medium_capacity,w10,2026-04-02,2026-04-03,2026-04-10,000539,0.03225806451612904,0.9722319639278557,-0.042780748663101664,-0.0013800241504226345,
short_aggressive_medium_capacity,w10,2026-04-02,2026-04-03,2026-04-10,003035,0.03225806451612904,0.974126753507014,0.006684491978609541,0.00021562877350353362,
short_aggressive_medium_capacity,w10,2026-04-02,2026-04-03,2026-04-10,300058,0.03225806451612904,0.9769689378757516,0.1897546897546898,0.006121119024344833,
short_aggressive_medium_capacity,w10,2026-04-02,2026-04-03,2026-04-10,300751,0.03225806451612904,0.979811122244489,-0.042890768023711834,-0.0013835731620552207,
short_aggressive_medium_capacity,w10,2026-04-02,2026-04-03,2026-04-10,688375,0.03225806451612904,0.9286518036072144,0.03377677139352775,0.0010895732707589599,
short_aggressive_wide_capacity,w10,2026-04-02,2026-04-03,2026-04-10,000034,0.036000000004219955,0.9406457915831663,0.09454432734035967,0.003403595784651921,
short_aggressive_wide_capacity,w10,2026-04-02,2026-04-03,2026-04-10,688709,0.036000000004219955,0.9406457915831663,0.07597087378640754,0.002734951456631265,
short_aggressive_wide_capacity,w10,2026-04-02,2026-04-03,2026-04-10,000060,0.036000000004219955,0.9406457915831663,0.031198686371100237,0.0011231527094912655,
short_aggressive_wide_capacity,w10,2026-04-02,2026-04-03,2026-04-10,000088,0.036000000004219955,0.8023456913827656,0.01089324618736387,0.0003921568627910683,
short_aggressive_wide_capacity,w10,2026-04-02,2026-04-03,2026-04-10,601918,0.036000000004219955,0.8314854709418837,-0.021052631578947323,-0.0007578947369309448,
short_aggressive_wide_capacity,w10,2026-04-02,2026-04-03,2026-04-10,300718,0.036000000004219955,0.8314854709418837,0.017586502716614216,0.0006331140978723261,
short_aggressive_wide_capacity,w10,2026-04-02,2026-04-03,2026-04-10,001286,0.036000000004219955,0.8314854709418837,-0.011818181818181839,-0.0004254545455044184,
short_aggressive_wide_capacity,w10,2026-04-02,2026-04-03,2026-04-10,000539,0.036000000004219955,0.8314854709418837,-0.042780748663101664,-0.0015401069520521928,
short_aggressive_wide_capacity,w10,2026-04-02,2026-04-03,2026-04-10,688629,0.036000000004219955,0.9406457915831663,0.1712526816528308,0.006165096540224587,
short_aggressive_wide_capacity,w10,2026-04-02,2026-04-03,2026-04-10,688582,0.036000000004219955,0.9406457915831663,0.08340603734077834,0.00300261734461999,
short_aggressive_wide_capacity,w10,2026-04-02,2026-04-03,2026-04-10,600392,0.036000000004219955,0.9406457915831663,0.1251676352257487,0.004506034868655155,
short_aggressive_wide_capacity,w10,2026-04-02,2026-04-03,2026-04-10,301611,0.036000000004219955,0.9406457915831663,0.029289617486338848,0.0010544262296317995,
short_aggressive_wide_capacity,w10,2026-04-02,2026-04-03,2026-04-10,301536,0.036000000004219955,0.9406457915831663,0.09033397086950123,0.00325202295168325,
short_aggressive_wide_capacity,w10,2026-04-02,2026-04-03,2026-04-10,001389,0.036000000004219955,0.9406457915831663,0.09517229467138777,0.0034262026085715826,
short_aggressive_wide_capacity,w10,2026-04-02,2026-04-03,2026-04-10,601997,0.036000000004219955,0.8023456913827656,-0.006908462867012077,-0.0002487046632415882,
short_aggressive_wide_capacity,w10,2026-04-02,2026-04-03,2026-04-10,601966,0.036000000000000004,0.8023456913827656,0.004971590909090828,0.00017897727272726984,
short_aggressive_wide_capacity,w10,2026-04-02,2026-04-03,2026-04-10,000050,0.036000000000000004,0.6867134268537074,0.05196451204055785,0.001870722433460083,
short_aggressive_wide_capacity,w10,2026-04-02,2026-04-03,2026-04-10,000032,0.036000000000000004,0.6867134268537074,0.022285714285714242,0.0008022857142857128,
short_aggressive_wide_capacity,w10,2026-04-02,2026-04-03,2026-04-10,000021,0.036000000000000004,0.6867134268537074,0.09551656920077978,0.0034385964912280725,
short_aggressive_wide_capacity,w10,2026-04-02,2026-04-03,2026-04-10,002958,0.036000000000000004,0.8023456913827656,-0.01967213114754085,-0.0007081967213114706,
short_aggressive_wide_capacity,w10,2026-04-02,2026-04-03,2026-04-10,600998,0.036000000000000004,0.8023456913827656,-0.0037174721189590088,-0.00013382899628252434,
short_aggressive_wide_capacity,w10,2026-04-02,2026-04-03,2026-04-10,600582,0.036000000000000004,0.8023456913827656,0.0017513134851137035,6.304728546409333e-05,
short_aggressive_wide_capacity,w10,2026-04-02,2026-04-03,2026-04-10,600511,0.036000000000000004,0.8023456913827656,-0.007508532423208258,-0.0002703071672354973,
short_aggressive_wide_capacity,w10,2026-04-02,2026-04-03,2026-04-10,600062,0.036000000000000004,0.8023456913827656,-0.03335097935415554,-0.0012006352567495997,
short_aggressive_wide_capacity,w10,2026-04-02,2026-04-03,2026-04-10,000598,0.036000000000000004,0.8023456913827656,-0.004457652303120341,-0.00016047548291233229,
short_aggressive_wide_capacity,w10,2026-04-02,2026-04-03,2026-04-10,000426,0.03333333331223356,0.6867134268537074,0.08358358358358342,0.0027861194510225193,
short_aggressive_wide_capacity,w10,2026-04-02,2026-04-03,2026-04-10,000629,0.02666666664978681,0.6867134268537074,0.01823708206686936,0.00048632218814201024,
short_aggressive_wide_capacity,w10,2026-04-02,2026-04-03,2026-04-10,000657,0.019999999987340117,0.6867134268537074,0.060862031622265444,0.0012172406316748026,
short_aggressive_wide_capacity,w10,2026-04-02,2026-04-03,2026-04-10,000738,0.013333333324893405,0.6867134268537074,-0.011220196353436296,-0.00014960261795111962,
short_aggressive_wide_capacity,w10,2026-04-02,2026-04-03,2026-04-10,000831,0.0066666666624467024,0.6867134268537074,0.1007407407407408,0.000671604937846483,
stable_compact_capacity,w10,2026-04-02,2026-04-03,2026-04-10,000155,0.030303030303030304,0.9910420841683367,-0.021803182086034045,-0.0006607024874555772,
stable_compact_capacity,w10,2026-04-02,2026-04-03,2026-04-10,688122,0.030303030303030304,0.9509779559118235,0.041522988505747094,0.0012582723789620331,
stable_compact_capacity,w10,2026-04-02,2026-04-03,2026-04-10,600497,0.030303030303030304,0.9469438877755509,0.05108556832694777,0.0015480475250590235,
stable_compact_capacity,w10,2026-04-02,2026-04-03,2026-04-10,300604,0.030303030303030304,0.9469438877755509,0.19214162348877384,0.0058224734390537524,
stable_compact_capacity,w10,2026-04-02,2026-04-03,2026-04-10,300567,0.030303030303030304,0.9469438877755509,0.1076583460689422,0.003262374123301279,
stable_compact_capacity,w10,2026-04-02,2026-04-03,2026-04-10,300285,0.030303030303030304,0.9469438877755509,0.09024552090245508,0.002734712754619851,
stable_compact_capacity,w10,2026-04-02,2026-04-03,2026-04-10,300054,0.030303030303030304,0.9469438877755509,0.0942562592047127,0.002856250278930688,
stable_compact_capacity,w10,2026-04-02,2026-04-03,2026-04-10,002851,0.030303030303030304,0.9469438877755509,0.09035269709543559,0.002737960518043503,
stable_compact_capacity,w10,2026-04-02,2026-04-03,2026-04-10,002429,0.030303030303030304,0.9469438877755509,0.07352941176470607,0.002228163992869881,
stable_compact_capacity,w10,2026-04-02,2026-04-03,2026-04-10,002025,0.030303030303030304,0.9469438877755509,0.2575057736720556,0.007803205262789565,
stable_compact_capacity,w10,2026-04-02,2026-04-03,2026-04-10,002008,0.030303030303030304,0.9469438877755509,0.24047966293955603,0.00728726251331988,
stable_compact_capacity,w10,2026-04-02,2026-04-03,2026-04-10,000960,0.030303030303030304,0.9469438877755509,0.06549935149156938,0.00198482883307786,
stable_compact_capacity,w10,2026-04-02,2026-04-03,2026-04-10,000657,0.030303030303030304,0.9469438877755509,0.060862031622265444,0.0018443039885534984,
stable_compact_capacity,w10,2026-04-02,2026-04-03,2026-04-10,688709,0.030303030303030304,0.9509779559118235,0.07597087378640754,0.0023021476904971985,
stable_compact_capacity,w10,2026-04-02,2026-04-03,2026-04-10,688347,0.030303030303030304,0.9509779559118235,0.11579043948986145,0.003508801196662468,
stable_compact_capacity,w10,2026-04-02,2026-04-03,2026-04-10,688281,0.030303030303030304,0.9509779559118235,0.06140225617592465,0.0018606744295734743,
stable_compact_capacity,w10,2026-04-02,2026-04-03,2026-04-10,688027,0.030303030303030304,0.9509779559118235,0.05259938837920486,0.001593920859975905,
stable_compact_capacity,w10,2026-04-02,2026-04-03,2026-04-10,688336,0.030303030303030304,0.9910420841683367,-0.09050674928081426,-0.0027426287660852807,
stable_compact_capacity,w10,2026-04-02,2026-04-03,2026-04-10,605358,0.030303030303030304,0.9509779559118235,0.10248447204968936,0.003105590062111799,
stable_compact_capacity,w10,2026-04-02,2026-04-03,2026-04-10,603920,0.030303030303030304,0.9509779559118235,0.12981744421906716,0.003933861946032338,
stable_compact_capacity,w10,2026-04-02,2026-04-03,2026-04-10,600363,0.030303030303030304,0.9509779559118235,0.048932742650020344,0.0014828103833339499,
stable_compact_capacity,w10,2026-04-02,2026-04-03,2026-04-10,300748,0.030303030303030304,0.9509779559118235,0.06692784851452838,0.002028116621652375,
stable_compact_capacity,w10,2026-04-02,2026-04-03,2026-04-10,300627,0.030303030303030304,0.9509779559118235,0.024901305800182127,0.0007545850242479433,
stable_compact_capacity,w10,2026-04-02,2026-04-03,2026-04-10,300223,0.030303030303030304,0.9509779559118235,0.05126272144741795,0.0015534158014369076,
stable_compact_capacity,w10,2026-04-02,2026-04-03,2026-04-10,002436,0.030303030303030304,0.9509779559118235,0.16151898734177217,0.00489451476793249,
stable_compact_capacity,w10,2026-04-02,2026-04-03,2026-04-10,002409,0.030303030303030304,0.9509779559118235,0.10617635633821054,0.0032174653435821376,
stable_compact_capacity,w10,2026-04-02,2026-04-03,2026-04-10,002335,0.030303030303030304,0.9509779559118235,0.10773532152842491,0.003264706712982573,
stable_compact_capacity,w10,2026-04-02,2026-04-03,2026-04-10,002156,0.030303030303030304,0.9509779559118235,0.10939416237429467,0.003314974617402869,
stable_compact_capacity,w10,2026-04-02,2026-04-03,2026-04-10,000831,0.030303030303030304,0.9509779559118235,0.1007407407407408,0.003052749719416388,
stable_compact_capacity,w10,2026-04-02,2026-04-03,2026-04-10,688629,0.030303030303030304,0.952256513026052,0.1712526816528308,0.005189475201600934,
stable_compact_capacity,w10,2026-04-02,2026-04-03,2026-04-10,003031,0.030303030303030304,0.952256513026052,0.19200198708395444,0.005818242032847105,
stable_compact_capacity,w10,2026-04-02,2026-04-03,2026-04-10,002185,0.030303030303030304,0.952256513026052,0.05974025974025965,0.0018103109012199893,
stable_compact_capacity,w10,2026-04-02,2026-04-03,2026-04-10,600549,0.030303030303030304,0.9469438877755509,0.09930672662544504,0.0030092947462256074,
stable_compact_current,w10,2026-04-02,2026-04-03,2026-04-10,000060,0.03253310000000001,0.7671112224448897,0.031198686371100237,0.0010149899835796413,
stable_compact_current,w10,2026-04-02,2026-04-03,2026-04-10,002185,0.03253310000000001,0.7671112224448897,0.05974025974025965,0.0019435358441558417,
stable_compact_current,w10,2026-04-02,2026-04-03,2026-04-10,300604,0.03253310000000001,0.7671112224448897,0.19214162348877384,0.00625096265112263,
stable_compact_current,w10,2026-04-02,2026-04-03,2026-04-10,300395,0.03253310000000001,0.7671112224448897,0.10741267929486487,0.0034944674367677693,
stable_compact_current,w10,2026-04-02,2026-04-03,2026-04-10,300285,0.03253310000000001,0.7671112224448897,0.09024552090245508,0.002935966556071662,
stable_compact_current,w10,2026-04-02,2026-04-03,2026-04-10,000426,0.03253310000000001,0.7671112224448897,0.08358358358358342,0.0027192330830830788,
stable_compact_current,w10,2026-04-02,2026-04-03,2026-04-10,002409,0.03253310000000001,0.7671112224448897,0.10617635633821054,0.0034542460183866384,
stable_compact_current,w10,2026-04-02,2026-04-03,2026-04-10,002335,0.03253310000000001,0.7671112224448897,0.10773532152842491,0.0035049639888164014,
stable_compact_current,w10,2026-04-02,2026-04-03,2026-04-10,002202,0.03253310000000001,0.7671112224448897,0.002498958767180204,8.129887546855031e-05,
stable_compact_current,w10,2026-04-02,2026-04-03,2026-04-10,002195,0.03253310000000001,0.7671112224448897,0.027118644067796627,0.0008822535593220347,
stable_compact_current,w10,2026-04-02,2026-04-03,2026-04-10,002429,0.03253310000000001,0.7671112224448897,0.07352941176470607,0.0023921397058823597,
stable_compact_current,w10,2026-04-02,2026-04-03,2026-04-10,002156,0.03253310000000001,0.7671112224448897,0.10939416237429467,0.0035589312239391667,
stable_compact_current,w10,2026-04-02,2026-04-03,2026-04-10,002080,0.03253310000000001,0.7671112224448897,0.15334008097165985,0.004988628188259109,
stable_compact_current,w10,2026-04-02,2026-04-03,2026-04-10,000657,0.03253310000000001,0.7671112224448897,0.060862031622265444,0.0019800305609703247,
stable_compact_current,w10,2026-04-02,2026-04-03,2026-04-10,000831,0.03253310000000001,0.7671112224448897,0.1007407407407408,0.0032774085925925955,
stable_compact_current,w10,2026-04-02,2026-04-03,2026-04-10,000878,0.03253310000000001,0.7671112224448897,0.04481792717086819,0.0014580661064425723,
stable_compact_current,w10,2026-04-02,2026-04-03,2026-04-10,300627,0.03253310000000001,0.7671112224448897,0.024901305800182127,0.0008101166717279054,
stable_compact_current,w10,2026-04-02,2026-04-03,2026-04-10,000960,0.03253310000000001,0.7671112224448897,0.06549935149156938,0.0021308969520103765,
stable_compact_current,w10,2026-04-02,2026-04-03,2026-04-10,002008,0.03253310000000001,0.7671112224448897,0.24047966293955603,0.007823548922378873,
stable_compact_current,w10,2026-04-02,2026-04-03,2026-04-10,002025,0.03253310000000001,0.7671112224448897,0.2575057736720556,0.008377461085450356,
stable_compact_current,w10,2026-04-02,2026-04-03,2026-04-10,002465,0.03175800000000001,0.7671112224448897,0.020618556701030855,0.0006548041237113381,
stable_compact_current,w10,2026-04-02,2026-04-03,2026-04-10,002851,0.03175800000000001,0.7671112224448897,0.09035269709543559,0.002869420954356844,
stable_compact_current,w10,2026-04-02,2026-04-03,2026-04-10,003031,0.03175800000000001,0.7671112224448897,0.19200198708395444,0.006097599105812227,
stable_compact_current,w10,2026-04-02,2026-04-03,2026-04-10,300054,0.03175800000000001,0.7671112224448897,0.0942562592047127,0.002993390279823267,
stable_compact_current,w10,2026-04-02,2026-04-03,2026-04-10,002436,0.03175800000000001,0.7671112224448897,0.16151898734177217,0.005129520000000002,
stable_compact_current,w10,2026-04-02,2026-04-03,2026-04-10,300136,0.03175800000000001,0.7671112224448897,0.04014954486345901,0.0012750692457737314,
stable_compact_current,w10,2026-04-02,2026-04-03,2026-04-10,300223,0.03175800000000001,0.7671112224448897,0.05126272144741795,0.0016280015077270995,
stable_compact_current,w10,2026-04-02,2026-04-03,2026-04-10,300383,0.03175800000000001,0.7671112224448897,0.05651105651105648,0.0017946781326781322,
stable_compact_current,w10,2026-04-02,2026-04-03,2026-04-10,300454,0.03175800000000001,0.7671112224448897,0.07642857142857129,0.0024272185714285677,
stable_compact_current,w10,2026-04-02,2026-04-03,2026-04-10,300567,0.03175800000000001,0.7671112224448897,0.1076583460689422,0.0034190137544574672,
stable_compact_current,w10,2026-04-02,2026-04-03,2026-04-10,300058,0.03175800000000001,0.7671112224448897,0.1897546897546898,0.00602622943722944,
stable_extra_wide_capacity,w10,2026-04-02,2026-04-03,2026-04-10,000155,0.02173913043478261,0.9062975951903808,-0.021803182086034045,-0.00047398221926160975,
stable_extra_wide_capacity,w10,2026-04-02,2026-04-03,2026-04-10,300567,0.02173913043478261,0.8706062124248497,0.1076583460689422,0.0023403988275857005,
stable_extra_wide_capacity,w10,2026-04-02,2026-04-03,2026-04-10,003031,0.02173913043478261,0.8706062124248497,0.19200198708395444,0.004173956240955532,
stable_extra_wide_capacity,w10,2026-04-02,2026-04-03,2026-04-10,300054,0.02173913043478261,0.8706062124248497,0.0942562592047127,0.0020490491131459287,
stable_extra_wide_capacity,w10,2026-04-02,2026-04-03,2026-04-10,300058,0.02173913043478261,0.8706062124248497,0.1897546897546898,0.004125101951188909,
stable_extra_wide_capacity,w10,2026-04-02,2026-04-03,2026-04-10,300136,0.02173913043478261,0.8706062124248497,0.04014954486345901,0.0008728161926838916,
stable_extra_wide_capacity,w10,2026-04-02,2026-04-03,2026-04-10,300223,0.02173913043478261,0.8706062124248497,0.05126272144741795,0.0011144069879873467,
stable_extra_wide_capacity,w10,2026-04-02,2026-04-03,2026-04-10,300285,0.02173913043478261,0.8706062124248497,0.09024552090245508,0.0019618591500533715,
stable_extra_wide_capacity,w10,2026-04-02,2026-04-03,2026-04-10,300383,0.02173913043478261,0.8706062124248497,0.05651105651105648,0.001228501228501228,
stable_extra_wide_capacity,w10,2026-04-02,2026-04-03,2026-04-10,300395,0.02173913043478261,0.8706062124248497,0.10741267929486487,0.0023350582455405407,
stable_extra_wide_capacity,w10,2026-04-02,2026-04-03,2026-04-10,300454,0.02173913043478261,0.8706062124248497,0.07642857142857129,0.001661490683229811,
stable_extra_wide_capacity,w10,2026-04-02,2026-04-03,2026-04-10,300604,0.02173913043478261,0.8706062124248497,0.19214162348877384,0.004176991814973345,
stable_extra_wide_capacity,w10,2026-04-02,2026-04-03,2026-04-10,000539,0.02173913043478261,0.9062975951903808,-0.042780748663101664,-0.0009300162752848189,
stable_extra_wide_capacity,w10,2026-04-02,2026-04-03,2026-04-10,300748,0.02173913043478261,0.8706062124248497,0.06692784851452838,0.001454953228576704,
stable_extra_wide_capacity,w10,2026-04-02,2026-04-03,2026-04-10,300757,0.02173913043478261,0.8706062124248497,0.265044814340589,0.005761843790012805,
stable_extra_wide_capacity,w10,2026-04-02,2026-04-03,2026-04-10,300857,0.02173913043478261,0.8706062124248497,-0.0005279324246496575,-1.1476791840209948e-05,
stable_extra_wide_capacity,w10,2026-04-02,2026-04-03,2026-04-10,301308,0.02173913043478261,0.8706062124248497,0.17917357656163624,0.003895077751339919,
stable_extra_wide_capacity,w10,2026-04-02,2026-04-03,2026-04-10,301611,0.02173913043478261,0.8706062124248497,0.029289617486338848,0.0006367308149204099,
stable_extra_wide_capacity,w10,2026-04-02,2026-04-03,2026-04-10,600363,0.02173913043478261,0.8706062124248497,0.048932742650020344,0.0010637552750004423,
stable_extra_wide_capacity,w10,2026-04-02,2026-04-03,2026-04-10,600392,0.02173913043478261,0.8706062124248497,0.1251676352257487,0.0027210355483858416,
stable_extra_wide_capacity,w10,2026-04-02,2026-04-03,2026-04-10,600497,0.02173913043478261,0.8706062124248497,0.05108556832694777,0.001110555833194517,
stable_extra_wide_capacity,w10,2026-04-02,2026-04-03,2026-04-10,600498,0.02173913043478261,0.8706062124248497,0.09577582601421986,0.002082083174222171,
stable_extra_wide_capacity,w10,2026-04-02,2026-04-03,2026-04-10,002851,0.02173913043478261,0.8706062124248497,0.09035269709543559,0.001964189067292078,
stable_extra_wide_capacity,w10,2026-04-02,2026-04-03,2026-04-10,002465,0.02173913043478261,0.8706062124248497,0.020618556701030855,0.0004482294935006708,
stable_extra_wide_capacity,w10,2026-04-02,2026-04-03,2026-04-10,002436,0.02173913043478261,0.8706062124248497,0.16151898734177217,0.003511282333516787,
stable_extra_wide_capacity,w10,2026-04-02,2026-04-03,2026-04-10,002429,0.02173913043478261,0.8706062124248497,0.07352941176470607,0.0015984654731457841,
stable_extra_wide_capacity,w10,2026-04-02,2026-04-03,2026-04-10,002756,0.02173913043478261,0.9062975951903808,-0.028559826746074712,-0.0006208657988277112,
stable_extra_wide_capacity,w10,2026-04-02,2026-04-03,2026-04-10,003035,0.02173913043478261,0.9062975951903808,0.006684491978609541,0.00014531504301325092,
stable_extra_wide_capacity,w10,2026-04-02,2026-04-03,2026-04-10,300763,0.02173913043478261,0.9062975951903808,0.02371584699453555,0.0005155618911855555,
stable_extra_wide_capacity,w10,2026-04-02,2026-04-03,2026-04-10,601016,0.02173913043478261,0.9062975951903808,-0.01488833746898266,-0.00032365951019527525,
stable_extra_wide_capacity,w10,2026-04-02,2026-04-03,2026-04-10,000060,0.02173913043478261,0.8706062124248497,0.031198686371100237,0.0006782323124152227,
stable_extra_wide_capacity,w10,2026-04-02,2026-04-03,2026-04-10,000426,0.02173913043478261,0.8706062124248497,0.08358358358358342,0.0018170344257300746,
stable_extra_wide_capacity,w10,2026-04-02,2026-04-03,2026-04-10,000657,0.02173913043478261,0.8706062124248497,0.060862031622265444,0.0013230876439622925,
stable_extra_wide_capacity,w10,2026-04-02,2026-04-03,2026-04-10,000831,0.02173913043478261,0.8706062124248497,0.1007407407407408,0.002190016103059583,
stable_extra_wide_capacity,w10,2026-04-02,2026-04-03,2026-04-10,000878,0.02173913043478261,0.8706062124248497,0.04481792717086819,0.0009743027645840912,
stable_extra_wide_capacity,w10,2026-04-02,2026-04-03,2026-04-10,000960,0.02173913043478261,0.8706062124248497,0.06549935149156938,0.0014238989454688998,
stable_extra_wide_capacity,w10,2026-04-02,2026-04-03,2026-04-10,002008,0.02173913043478261,0.8706062124248497,0.24047966293955603,0.005227818759555566,
stable_extra_wide_capacity,w10,2026-04-02,2026-04-03,2026-04-10,002025,0.02173913043478261,0.8706062124248497,0.2575057736720556,0.005597951601566427,
stable_extra_wide_capacity,w10,2026-04-02,2026-04-03,2026-04-10,002080,0.02173913043478261,0.8706062124248497,0.15334008097165985,0.0033334800211230406,
stable_extra_wide_capacity,w10,2026-04-02,2026-04-03,2026-04-10,002156,0.02173913043478261,0.8706062124248497,0.10939416237429467,0.00237813396465858,
stable_extra_wide_capacity,w10,2026-04-02,2026-04-03,2026-04-10,002185,0.02173913043478261,0.8706062124248497,0.05974025974025965,0.001298701298701297,
stable_extra_wide_capacity,w10,2026-04-02,2026-04-03,2026-04-10,002195,0.02173913043478261,0.8706062124248497,0.027118644067796627,0.0005895357406042746,
stable_extra_wide_capacity,w10,2026-04-02,2026-04-03,2026-04-10,002202,0.02173913043478261,0.8706062124248497,0.002498958767180204,5.4325190590874e-05,
stable_extra_wide_capacity,w10,2026-04-02,2026-04-03,2026-04-10,002335,0.02173913043478261,0.8706062124248497,0.10773532152842491,0.0023420722071396723,
stable_extra_wide_capacity,w10,2026-04-02,2026-04-03,2026-04-10,002409,0.02173913043478261,0.8706062124248497,0.10617635633821054,0.0023081816595263162,
stable_extra_wide_capacity,w10,2026-04-02,2026-04-03,2026-04-10,600549,0.02173913043478261,0.8706062124248497,0.09930672662544504,0.002158841883161849,
stable_medium_capacity,w10,2026-04-02,2026-04-03,2026-04-10,002966,0.01075268817204301,0.9636097194388777,-0.02491103202846967,-0.0002678605594459104,
stable_medium_capacity,w10,2026-04-02,2026-04-03,2026-04-10,688387,0.01075268817204301,0.8312675350701403,0.03667820069204164,0.0003943892547531359,
stable_medium_capacity,w10,2026-04-02,2026-04-03,2026-04-10,601997,0.01075268817204301,0.7899073146292585,-0.006908462867012077,-7.42845469571191e-05,
stable_medium_capacity,w10,2026-04-02,2026-04-03,2026-04-10,300144,0.01075268817204301,0.7899073146292585,0.007702182284980763,8.281916435463185e-05,
stable_medium_capacity,w10,2026-04-02,2026-04-03,2026-04-10,002958,0.01075268817204301,0.7899073146292585,-0.01967213114754085,-0.00021152829190904137,
stable_medium_capacity,w10,2026-04-02,2026-04-03,2026-04-10,601106,0.01075268817204301,0.7947945891783568,-0.004716981132075526,-5.072022722661856e-05,
stable_medium_capacity,w10,2026-04-02,2026-04-03,2026-04-10,300395,0.01075268817204301,0.7947945891783568,0.10741267929486487,0.0011549750461813425,
stable_medium_capacity,w10,2026-04-02,2026-04-03,2026-04-10,002080,0.01075268817204301,0.7947945891783568,0.15334008097165985,0.0016488180749640842,
stable_medium_capacity,w10,2026-04-02,2026-04-03,2026-04-10,688702,0.01075268817204301,0.8312675350701403,0.26282089286773,0.002826031106104624,
stable_medium_capacity,w10,2026-04-02,2026-04-03,2026-04-10,688568,0.01075268817204301,0.8312675350701403,0.003199191783128441,3.4399911646542376e-05,
stable_medium_capacity,w10,2026-04-02,2026-04-03,2026-04-10,688525,0.01075268817204301,0.8312675350701403,0.14557442367896778,0.0015653163836448147,
stable_medium_capacity,w10,2026-04-02,2026-04-03,2026-04-10,688375,0.01075268817204301,0.8312675350701403,0.03377677139352775,0.0003631910902529865,
stable_medium_capacity,w10,2026-04-02,2026-04-03,2026-04-10,300757,0.01075268817204301,0.8312675350701403,0.265044814340589,0.002849944240221387,
stable_medium_capacity,w10,2026-04-02,2026-04-03,2026-04-10,603688,0.01075268817204301,0.8312675350701403,0.11273584905660372,0.0012122134307161689,
stable_medium_capacity,w10,2026-04-02,2026-04-03,2026-04-10,601958,0.01075268817204301,0.8312675350701403,0.013383297644539605,0.0001439064262853721,
stable_medium_capacity,w10,2026-04-02,2026-04-03,2026-04-10,601212,0.01075268817204301,0.8312675350701403,0.019011406844106293,0.00020442372950651926,
stable_medium_capacity,w10,2026-04-02,2026-04-03,2026-04-10,600879,0.01075268817204301,0.8312675350701403,0.013301662707838391,0.00014302863126707945,
stable_medium_capacity,w10,2026-04-02,2026-04-03,2026-04-10,600549,0.01075268817204301,0.8312675350701403,0.09930672662544504,0.0010678142647897316,
stable_medium_capacity,w10,2026-04-02,2026-04-03,2026-04-10,600498,0.01075268817204301,0.8312675350701403,0.09577582601421986,0.001029847591550751,
stable_medium_capacity,w10,2026-04-02,2026-04-03,2026-04-10,600497,0.01075268817204301,0.8312675350701403,0.05108556832694777,0.0005493071863112663,
stable_medium_capacity,w10,2026-04-02,2026-04-03,2026-04-10,301611,0.01075268817204301,0.8312675350701403,0.029289617486338848,0.0003149421235090199,
stable_medium_capacity,w10,2026-04-02,2026-04-03,2026-04-10,301308,0.01075268817204301,0.8312675350701403,0.17917357656163624,0.0019265975974369486,
stable_medium_capacity,w10,2026-04-02,2026-04-03,2026-04-10,688220,0.01075268817204301,0.7788376753507014,0.08995659332435246,0.0009672751970360479,
stable_medium_capacity,w10,2026-04-02,2026-04-03,2026-04-10,000997,0.01075268817204301,0.7693286573146293,0.01970692268822649,0.00021190239449705902,
stable_medium_capacity,w10,2026-04-02,2026-04-03,2026-04-10,300100,0.01075268817204301,0.7693286573146293,0.03641267700606865,0.00039153416135557687,
stable_medium_capacity,w10,2026-04-02,2026-04-03,2026-04-10,300339,0.01075268817204301,0.7693286573146293,0.05142260506395191,0.0005529312372467947,
stable_medium_capacity,w10,2026-04-02,2026-04-03,2026-04-10,603565,0.01075268817204301,0.7554859719438878,-0.012931034482758674,-0.0001390433815350395,
stable_medium_capacity,w10,2026-04-02,2026-04-03,2026-04-10,601665,0.01075268817204301,0.7554859719438878,-0.005145797598627877,-5.5331156974493296e-05,
stable_medium_capacity,w10,2026-04-02,2026-04-03,2026-04-10,601139,0.01075268817204301,0.7554859719438878,-0.0013793103448275223,-1.4831294030403465e-05,
stable_medium_capacity,w10,2026-04-02,2026-04-03,2026-04-10,601001,0.01075268817204301,0.7554859719438878,-0.0018105009052504784,-1.946775166935998e-05,
stable_medium_capacity,w10,2026-04-02,2026-04-03,2026-04-10,600985,0.01075268817204301,0.7554859719438878,-0.037681159420289934,-0.0004051737572074186,
stable_medium_capacity,w10,2026-04-02,2026-04-03,2026-04-10,600968,0.01075268817204301,0.7554859719438878,-0.032608695652173836,-0.0003506311360448799,
stable_medium_capacity,w10,2026-04-02,2026-04-03,2026-04-10,600901,0.01075268817204301,0.7554859719438878,0.008941877794336861,9.614922359502e-05,
stable_medium_capacity,w10,2026-04-02,2026-04-03,2026-04-10,600642,0.01075268817204301,0.7554859719438878,0.013513513513513375,0.00014530659691949866,
stable_medium_capacity,w10,2026-04-02,2026-04-03,2026-04-10,600583,0.01075268817204301,0.7554859719438878,0.017391304347825987,0.00018700327255726865,
stable_medium_capacity,w10,2026-04-02,2026-04-03,2026-04-10,600546,0.01075268817204301,0.7554859719438878,0.0070796460176991705,7.612522599676527e-05,
stable_medium_capacity,w10,2026-04-02,2026-04-03,2026-04-10,600132,0.01075268817204301,0.7554859719438878,-0.050353509225728565,-0.0005414355830723501,
stable_medium_capacity,w10,2026-04-02,2026-04-03,2026-04-10,001286,0.01075268817204301,0.7554859719438878,-0.011818181818181839,-0.00012707722385141762,
stable_medium_capacity,w10,2026-04-02,2026-04-03,2026-04-10,000729,0.01075268817204301,0.7554859719438878,0.102861562258314,0.0011060383038528387,
stable_medium_capacity,w10,2026-04-02,2026-04-03,2026-04-10,000423,0.01075268817204301,0.7554859719438878,-0.040644709180098104,-0.00043703988365696885,
stable_medium_capacity,w10,2026-04-02,2026-04-03,2026-04-10,601128,0.01075268817204301,0.7639203406813627,-0.00985915492957734,-0.00010601241859760581,
stable_medium_capacity,w10,2026-04-02,2026-04-03,2026-04-10,688772,0.01075268817204301,0.7693286573146293,0.07043189368770753,0.0007573321901904035,
stable_medium_capacity,w10,2026-04-02,2026-04-03,2026-04-10,688608,0.01075268817204301,0.7693286573146293,0.010040885040885072,0.00010796650581596851,
stable_medium_capacity,w10,2026-04-02,2026-04-03,2026-04-10,603786,0.01075268817204301,0.7693286573146293,0.03301973805570935,0.00035505094683558437,
stable_medium_capacity,w10,2026-04-02,2026-04-03,2026-04-10,300679,0.01075268817204301,0.7693286573146293,0.2608951707891638,0.0028053244170877824,
stable_medium_capacity,w10,2026-04-02,2026-04-03,2026-04-10,300857,0.01075268817204301,0.8312675350701403,-0.0005279324246496575,-5.6766927381683596e-06,
stable_medium_capacity,w10,2026-04-02,2026-04-03,2026-04-10,300604,0.01075268817204301,0.8312675350701403,0.19214162348877384,0.0020660389622448798,
stable_medium_capacity,w10,2026-04-02,2026-04-03,2026-04-10,600177,0.01075268817204301,0.9636097194388777,-0.044328552803129084,-0.0004766511054099901,
stable_medium_capacity,w10,2026-04-02,2026-04-03,2026-04-10,300454,0.01075268817204301,0.8729834669338677,0.07642857142857129,0.0008218125960061429,
stable_medium_capacity,w10,2026-04-02,2026-04-03,2026-04-10,688347,0.01075268817204301,0.8729834669338677,0.11579043948986145,0.001245058489138295,
stable_medium_capacity,w10,2026-04-02,2026-04-03,2026-04-10,688281,0.01075268817204301,0.8729834669338677,0.06140225617592465,0.0006602393137196199,
stable_medium_capacity,w10,2026-04-02,2026-04-03,2026-04-10,688122,0.01075268817204301,0.8729834669338677,0.041522988505747094,0.00044648374737362464,
stable_medium_capacity,w10,2026-04-02,2026-04-03,2026-04-10,688027,0.01075268817204301,0.8729834669338677,0.05259938837920486,0.0005655848212817727,
stable_medium_capacity,w10,2026-04-02,2026-04-03,2026-04-10,605358,0.01075268817204301,0.8729834669338677,0.10248447204968936,0.0011019835704267672,
stable_medium_capacity,w10,2026-04-02,2026-04-03,2026-04-10,603920,0.01075268817204301,0.8729834669338677,0.12981744421906716,0.0013958864969792167,
stable_medium_capacity,w10,2026-04-02,2026-04-03,2026-04-10,600363,0.01075268817204301,0.8729834669338677,0.048932742650020344,0.0005261585231184983,
stable_medium_capacity,w10,2026-04-02,2026-04-03,2026-04-10,300748,0.01075268817204301,0.8729834669338677,0.06692784851452838,0.0007196542851024556,
stable_medium_capacity,w10,2026-04-02,2026-04-03,2026-04-10,300627,0.01075268817204301,0.8729834669338677,0.024901305800182127,0.0002677559763460444,
stable_medium_capacity,w10,2026-04-02,2026-04-03,2026-04-10,300223,0.01075268817204301,0.8729834669338677,0.05126272144741795,0.0005512120585743865,
stable_medium_capacity,w10,2026-04-02,2026-04-03,2026-04-10,300567,0.01075268817204301,0.8312675350701403,0.1076583460689422,0.001157616624397228,
stable_medium_capacity,w10,2026-04-02,2026-04-03,2026-04-10,002465,0.01075268817204301,0.8729834669338677,0.020618556701030855,0.00022170491076377262,
stable_medium_capacity,w10,2026-04-02,2026-04-03,2026-04-10,002436,0.01075268817204301,0.8729834669338677,0.16151898734177217,0.0017367633047502382,
stable_medium_capacity,w10,2026-04-02,2026-04-03,2026-04-10,002409,0.01075268817204301,0.8729834669338677,0.10617635633821054,0.0011416812509485003,
stable_medium_capacity,w10,2026-04-02,2026-04-03,2026-04-10,002335,0.01075268817204301,0.8729834669338677,0.10773532152842491,0.0011584443175099452,
stable_medium_capacity,w10,2026-04-02,2026-04-03,2026-04-10,002156,0.01075268817204301,0.8729834669338677,0.10939416237429467,0.0011762813158526307,
stable_medium_capacity,w10,2026-04-02,2026-04-03,2026-04-10,000831,0.01075268817204301,0.8729834669338677,0.1007407407407408,0.001083233771405815,
stable_medium_capacity,w10,2026-04-02,2026-04-03,2026-04-10,688629,0.01075268817204301,0.8862049098196393,0.1712526816528308,0.0018414266844390408,
stable_medium_capacity,w10,2026-04-02,2026-04-03,2026-04-10,003031,0.01075268817204301,0.8862049098196393,0.19200198708395444,0.0020645374955263916,
stable_medium_capacity,w10,2026-04-02,2026-04-03,2026-04-10,002185,0.01075268817204301,0.8862049098196393,0.05974025974025965,0.0006423683843038671,
stable_medium_capacity,w10,2026-04-02,2026-04-03,2026-04-10,688709,0.01075268817204301,0.8729834669338677,0.07597087378640754,0.0008168911159828768,
stable_medium_capacity,w10,2026-04-02,2026-04-03,2026-04-10,600511,0.01075268817204301,0.8721993987975951,-0.007508532423208258,-8.073690777643288e-05,
stable_medium_capacity,w10,2026-04-02,2026-04-03,2026-04-10,600566,0.01075268817204301,0.8721993987975951,-0.07440147329650093,-0.0008000158418978594,
stable_medium_capacity,w10,2026-04-02,2026-04-03,2026-04-10,601333,0.01075268817204301,0.8721993987975951,-0.022151898734177333,-0.00023819245950728313,
stable_medium_capacity,w10,2026-04-02,2026-04-03,2026-04-10,300383,0.01075268817204301,0.8312675350701403,0.05651105651105648,0.0006076457689360911,
stable_medium_capacity,w10,2026-04-02,2026-04-03,2026-04-10,300285,0.01075268817204301,0.8312675350701403,0.09024552090245508,0.0009703819451876889,
stable_medium_capacity,w10,2026-04-02,2026-04-03,2026-04-10,300136,0.01075268817204301,0.8312675350701403,0.04014954486345901,0.00043171553616622583,
stable_medium_capacity,w10,2026-04-02,2026-04-03,2026-04-10,300058,0.01075268817204301,0.8312675350701403,0.1897546897546898,0.002040373008114944,
stable_medium_capacity,w10,2026-04-02,2026-04-03,2026-04-10,300054,0.01075268817204301,0.8312675350701403,0.0942562592047127,0.0010135081634915343,
stable_medium_capacity,w10,2026-04-02,2026-04-03,2026-04-10,002851,0.01075268817204301,0.8312675350701403,0.09035269709543559,0.000971534377370275,
stable_medium_capacity,w10,2026-04-02,2026-04-03,2026-04-10,002429,0.01075268817204301,0.8312675350701403,0.07352941176470607,0.0007906388361796351,
stable_medium_capacity,w10,2026-04-02,2026-04-03,2026-04-10,002202,0.01075268817204301,0.8312675350701403,0.002498958767180204,2.687052437828176e-05,
stable_medium_capacity,w10,2026-04-02,2026-04-03,2026-04-10,002195,0.01075268817204301,0.8312675350701403,0.027118644067796627,0.0002915983233096411,
stable_medium_capacity,w10,2026-04-02,2026-04-03,2026-04-10,002025,0.01075268817204301,0.8312675350701403,0.2575057736720556,0.002768879286796297,
stable_medium_capacity,w10,2026-04-02,2026-04-03,2026-04-10,002008,0.01075268817204301,0.8312675350701403,0.24047966293955603,0.002585802827307054,
stable_medium_capacity,w10,2026-04-02,2026-04-03,2026-04-10,000960,0.01075268817204301,0.8312675350701403,0.06549935149156938,0.0007042941020598858,
stable_medium_capacity,w10,2026-04-02,2026-04-03,2026-04-10,000657,0.01075268817204301,0.8312675350701403,0.060862031622265444,0.0006544304475512413,
stable_medium_capacity,w10,2026-04-02,2026-04-03,2026-04-10,601699,0.01075268817204301,0.8325350701402805,-0.024105186267348477,-0.0002591955512618116,
stable_medium_capacity,w10,2026-04-02,2026-04-03,2026-04-10,600977,0.01075268817204301,0.8325350701402805,0.03111111111111109,0.0003345280764635601,
stable_medium_capacity,w10,2026-04-02,2026-04-03,2026-04-10,600332,0.01075268817204301,0.8325350701402805,-0.01036269430051806,-0.00011142682043567807,
stable_medium_capacity,w10,2026-04-02,2026-04-03,2026-04-10,600737,0.01075268817204301,0.8562424849699398,0.030714285714285694,0.00033026113671274934,
stable_medium_capacity,w10,2026-04-02,2026-04-03,2026-04-10,603529,0.01075268817204301,0.8721993987975951,-0.07299270072992703,-0.0007848677497841616,
stable_medium_capacity,w10,2026-04-02,2026-04-03,2026-04-10,601577,0.01075268817204301,0.8721993987975951,-0.021784232365145262,-0.00023423905768973398,
stable_medium_capacity,w10,2026-04-02,2026-04-03,2026-04-10,000050,0.01075268817204301,0.7522319639278557,0.05196451204055785,0.000558758193984493,
balanced_extra_wide_capacity,w11,2026-04-10,2026-04-13,2026-04-17,300679,0.015625,0.974924849699399,0.007473143390938741,0.00011676786548341783,
balanced_extra_wide_capacity,w11,2026-04-10,2026-04-13,2026-04-17,002044,0.015625,0.9556362725450902,-0.00375939849624074,-5.8740601503761564e-05,
balanced_extra_wide_capacity,w11,2026-04-10,2026-04-13,2026-04-17,600498,0.015625,0.8759268537074147,-0.059732824427480846,-0.0009333253816793882,
balanced_extra_wide_capacity,w11,2026-04-10,2026-04-13,2026-04-17,002429,0.015625,0.8734468937875751,0.044031311154598685,0.0006879892367906044,
balanced_extra_wide_capacity,w11,2026-04-10,2026-04-13,2026-04-17,300285,0.015625,0.8734468937875751,0.11381618989653086,0.0017783779671332947,
balanced_extra_wide_capacity,w11,2026-04-10,2026-04-13,2026-04-17,300567,0.015625,0.8734468937875751,-0.022075732025141903,-0.00034493331289284224,
balanced_extra_wide_capacity,w11,2026-04-10,2026-04-13,2026-04-17,301536,0.015625,0.8734468937875751,0.030630144379975688,0.0004785960059371201,
balanced_extra_wide_capacity,w11,2026-04-10,2026-04-13,2026-04-17,600549,0.015625,0.8734468937875751,0.07124595193454919,0.001113217998977331,
balanced_extra_wide_capacity,w11,2026-04-10,2026-04-13,2026-04-17,601231,0.015625,0.8734468937875751,0.12738496071829397,0.0019903900112233433,
balanced_extra_wide_capacity,w11,2026-04-10,2026-04-13,2026-04-17,300373,0.015625,0.8709669338677355,0.009493264913406074,0.0001483322642719699,
balanced_extra_wide_capacity,w11,2026-04-10,2026-04-13,2026-04-17,600392,0.015625,0.8709669338677355,0.04012713547874447,0.0006269864918553823,
balanced_extra_wide_capacity,w11,2026-04-10,2026-04-13,2026-04-17,600497,0.015625,0.8709669338677355,0.07533414337788558,0.0011770959902794621,
balanced_extra_wide_capacity,w11,2026-04-10,2026-04-13,2026-04-17,300002,0.015625,0.8707665330661323,0.0010384215991692258,1.6225337487019154e-05,
balanced_extra_wide_capacity,w11,2026-04-10,2026-04-13,2026-04-17,000021,0.015625,0.8695891783567133,0.03202846975088969,0.0005004448398576514,
balanced_extra_wide_capacity,w11,2026-04-10,2026-04-13,2026-04-17,300223,0.015625,0.8695891783567133,0.04688060236643965,0.0007325094119756195,
balanced_extra_wide_capacity,w11,2026-04-10,2026-04-13,2026-04-17,688347,0.015625,0.8687625250501002,0.024669023928953315,0.00038545349888989555,
balanced_extra_wide_capacity,w11,2026-04-10,2026-04-13,2026-04-17,301611,0.015625,0.8682114228456914,0.09365045657252069,0.0014632883839456358,
balanced_extra_wide_capacity,w11,2026-04-10,2026-04-13,2026-04-17,002409,0.015625,0.8676603206412825,0.005501580241133119,8.596219126770499e-05,
balanced_extra_wide_capacity,w11,2026-04-10,2026-04-13,2026-04-17,002156,0.015625,0.8671092184368737,0.0652221976564229,0.0010190968383816078,
balanced_extra_wide_capacity,w11,2026-04-10,2026-04-13,2026-04-17,002195,0.015625,0.8665581162324649,0.0066006600660066805,0.00010313531353135438,
balanced_extra_wide_capacity,w11,2026-04-10,2026-04-13,2026-04-17,601611,0.015625,0.8657314629258517,0.006346967559943462,9.917136812411659e-05,
balanced_extra_wide_capacity,w11,2026-04-10,2026-04-13,2026-04-17,688027,0.015625,0.8657314629258517,0.09213393375944223,0.0014395927149912849,
balanced_extra_wide_capacity,w11,2026-04-10,2026-04-13,2026-04-17,601168,0.015625,0.8649048096192384,0.05871491875923196,0.0009174206056129994,
balanced_extra_wide_capacity,w11,2026-04-10,2026-04-13,2026-04-17,601233,0.015625,0.8638026052104208,-0.004060913705583702,-6.345177664974534e-05,
balanced_extra_wide_capacity,w11,2026-04-10,2026-04-13,2026-04-17,688385,0.015625,0.8632515030060119,0.04596363636363621,0.0007181818181818157,
balanced_extra_wide_capacity,w11,2026-04-10,2026-04-13,2026-04-17,603077,0.015625,0.8627004008016032,0.057627118644067776,0.000900423728813559,
balanced_extra_wide_capacity,w11,2026-04-10,2026-04-13,2026-04-17,002837,0.015625,0.8621492985971944,0.11731448763250896,0.0018330388692579525,
balanced_extra_wide_capacity,w11,2026-04-10,2026-04-13,2026-04-17,300017,0.015625,0.8615981963927856,0.06359032076533477,0.0009935987619583558,
balanced_extra_wide_capacity,w11,2026-04-10,2026-04-13,2026-04-17,002738,0.015625,0.8604959919839679,0.08834876543209869,0.001380449459876542,
balanced_extra_wide_capacity,w11,2026-04-10,2026-04-13,2026-04-17,000878,0.015625,0.8599448897795591,0.06273458445040214,0.0009802278820375335,
balanced_extra_wide_capacity,w11,2026-04-10,2026-04-13,2026-04-17,688608,0.015625,0.8577404809619238,-0.00529793440085724,-8.278022501339438e-05,
balanced_extra_wide_capacity,w11,2026-04-10,2026-04-13,2026-04-17,300054,0.015625,0.8759268537074147,0.01903480099980781,0.00029741876562199704,
balanced_extra_wide_capacity,w11,2026-04-10,2026-04-13,2026-04-17,001389,0.015625,0.8759268537074147,0.17672107877927612,0.0027612668559261894,
balanced_extra_wide_capacity,w11,2026-04-10,2026-04-13,2026-04-17,002436,0.015625,0.8770290581162324,0.13993025283347849,0.0021864102005231013,
balanced_extra_wide_capacity,w11,2026-04-10,2026-04-13,2026-04-17,600118,0.015625,0.8863977955911824,0.08882412569690823,0.001387876964014191,
balanced_extra_wide_capacity,w11,2026-04-10,2026-04-13,2026-04-17,000032,0.015625,0.9451653306613226,0.036892118501956395,0.0005764393515930687,
balanced_extra_wide_capacity,w11,2026-04-10,2026-04-13,2026-04-17,688281,0.015625,0.9424098196392786,0.03040495089465911,0.0004750773577290486,
balanced_extra_wide_capacity,w11,2026-04-10,2026-04-13,2026-04-17,002080,0.015625,0.8946643286573146,0.08161474330846863,0.0012752303641948223,
balanced_extra_wide_capacity,w11,2026-04-10,2026-04-13,2026-04-17,002281,0.015625,0.8941132264529058,0.08356520126136169,0.0013057062697087764,
balanced_extra_wide_capacity,w11,2026-04-10,2026-04-13,2026-04-17,002025,0.015625,0.8924599198396793,0.046307228125409994,0.0007235504394595312,
balanced_extra_wide_capacity,w11,2026-04-10,2026-04-13,2026-04-17,301308,0.015625,0.8913577154308616,0.08561382947553464,0.0013377160855552288,
balanced_extra_wide_capacity,w11,2026-04-10,2026-04-13,2026-04-17,688002,0.015625,0.8908066132264529,0.07013201320132012,0.0010958127062706269,
balanced_extra_wide_capacity,w11,2026-04-10,2026-04-13,2026-04-17,688525,0.015625,0.8897044088176352,0.12074034201482342,0.001886567843981616,
balanced_extra_wide_capacity,w11,2026-04-10,2026-04-13,2026-04-17,603688,0.015625,0.8891533066132264,0.09792284866468837,0.0015300445103857557,
balanced_extra_wide_capacity,w11,2026-04-10,2026-04-13,2026-04-17,003031,0.015625,0.8886022044088175,0.17191081475307346,0.002686106480516773,
balanced_extra_wide_capacity,w11,2026-04-10,2026-04-13,2026-04-17,300570,0.015625,0.8877755511022044,0.11065670467951239,0.001729011010617381,
balanced_extra_wide_capacity,w11,2026-04-10,2026-04-13,2026-04-17,688629,0.015625,0.8877755511022044,0.0862467149796926,0.001347604921557697,
balanced_extra_wide_capacity,w11,2026-04-10,2026-04-13,2026-04-17,688702,0.015625,0.8869488977955912,0.06661971830985913,0.001040933098591549,
balanced_extra_wide_capacity,w11,2026-04-10,2026-04-13,2026-04-17,301200,0.015625,0.8858466933867735,0.11533384666153346,0.0018020913540864603,
balanced_extra_wide_capacity,w11,2026-04-10,2026-04-13,2026-04-17,688375,0.015625,0.8803356713426853,0.23254540476407803,0.0036335219494387193,
balanced_extra_wide_capacity,w11,2026-04-10,2026-04-13,2026-04-17,688114,0.015625,0.8856462925851704,-0.029187071498530726,-0.0004560479921645426,
balanced_extra_wide_capacity,w11,2026-04-10,2026-04-13,2026-04-17,300604,0.015625,0.8852955911823647,0.09163346613545809,0.0014317729083665326,
balanced_extra_wide_capacity,w11,2026-04-10,2026-04-13,2026-04-17,688676,0.015625,0.8847444889779559,0.036755987668958934,0.0005743123073274833,
balanced_extra_wide_capacity,w11,2026-04-10,2026-04-13,2026-04-17,002202,0.015625,0.8836422845691383,0.05484004985459068,0.0008568757789779793,
balanced_extra_wide_capacity,w11,2026-04-10,2026-04-13,2026-04-17,300395,0.015625,0.8836422845691383,0.10935337156416858,0.001708646430690134,
balanced_extra_wide_capacity,w11,2026-04-10,2026-04-13,2026-04-17,300735,0.015625,0.8823396793587175,0.08412914961346063,0.0013145179627103223,
balanced_extra_wide_capacity,w11,2026-04-10,2026-04-13,2026-04-17,000426,0.015625,0.8803356713426853,0.02263279445727484,0.0003536374133949194,
balanced_extra_wide_capacity,w11,2026-04-10,2026-04-13,2026-04-17,000960,0.015625,0.8803356713426853,0.08277541083384055,0.0012933657942787585,
balanced_extra_wide_capacity,w11,2026-04-10,2026-04-13,2026-04-17,002851,0.015625,0.8803356713426853,0.009704119493863628,0.00015162686709161918,
balanced_extra_wide_capacity,w11,2026-04-10,2026-04-13,2026-04-17,300857,0.015625,0.8803356713426853,0.5217286914765906,0.008152010804321728,
balanced_extra_wide_capacity,w11,2026-04-10,2026-04-13,2026-04-17,600879,0.015625,0.8803356713426853,0.09798406000937665,0.0015310009376465102,
balanced_extra_wide_capacity,w11,2026-04-10,2026-04-13,2026-04-17,601212,0.015625,0.8803356713426853,0.0024875621890549926,3.886815920398426e-05,
balanced_extra_wide_capacity,w11,2026-04-10,2026-04-13,2026-04-17,603920,0.015625,0.8803356713426853,0.061041292639138156,0.0009537701974865337,
balanced_extra_wide_capacity,w11,2026-04-10,2026-04-13,2026-04-17,603979,0.015625,0.857189378757515,0.03506172839506183,0.0005478395061728411,
balanced_medium_current,w11,2026-04-10,2026-04-13,2026-04-17,002432,0.020408163265306124,1.0,-0.1876010781671159,-0.0038285934319819575,
balanced_medium_current,w11,2026-04-10,2026-04-13,2026-04-17,000426,0.020408163265306124,0.9478957915831663,0.02263279445727484,0.00046189376443418046,
balanced_medium_current,w11,2026-04-10,2026-04-13,2026-04-17,605589,0.020408163265306124,0.9438877755511023,0.057792385647767786,0.0011794364417911794,
balanced_medium_current,w11,2026-04-10,2026-04-13,2026-04-17,002465,0.020408163265306124,0.9418837675350702,0.056565656565656486,0.0011544011544011529,
balanced_medium_current,w11,2026-04-10,2026-04-13,2026-04-17,601611,0.020408163265306124,0.9398797595190381,0.006346967559943462,0.0001295299502029278,
balanced_medium_current,w11,2026-04-10,2026-04-13,2026-04-17,688019,0.020408163265306124,0.9378757515030061,-0.0764127115768839,-0.001559443093405794,
balanced_medium_current,w11,2026-04-10,2026-04-13,2026-04-17,300570,0.020408163265306124,0.935871743486974,0.11065670467951239,0.002258300095500253,
balanced_medium_current,w11,2026-04-10,2026-04-13,2026-04-17,601231,0.020408163265306124,0.9338677354709419,0.12738496071829397,0.0025996930758835505,
balanced_medium_current,w11,2026-04-10,2026-04-13,2026-04-17,603077,0.020408163265306124,0.9318637274549099,0.057627118644067776,0.0011760636457973017,
balanced_medium_current,w11,2026-04-10,2026-04-13,2026-04-17,688709,0.020408163265306124,0.9298597194388778,0.0038348748026166835,7.826275107380988e-05,
balanced_medium_current,w11,2026-04-10,2026-04-13,2026-04-17,688027,0.020408163265306124,0.9278557114228457,0.09213393375944223,0.0018802843624375967,
balanced_medium_current,w11,2026-04-10,2026-04-13,2026-04-17,002195,0.020408163265306124,0.9258517034068137,0.0066006600660066805,0.00013470734828585062,
balanced_medium_current,w11,2026-04-10,2026-04-13,2026-04-17,300285,0.020408163265306124,0.9238476953907816,0.11381618989653086,0.0023227793856434873,
balanced_medium_current,w11,2026-04-10,2026-04-13,2026-04-17,688385,0.020408163265306124,0.9218436873747495,0.04596363636363621,0.0009380333951762492,
balanced_medium_current,w11,2026-04-10,2026-04-13,2026-04-17,600497,0.020408163265306124,0.9198396793587175,0.07533414337788558,0.001537431497507869,
balanced_medium_current,w11,2026-04-10,2026-04-13,2026-04-17,600498,0.020408163265306124,0.9178356713426854,-0.059732824427480846,-0.0012190372332138949,
balanced_medium_current,w11,2026-04-10,2026-04-13,2026-04-17,300432,0.020408163265306124,0.9158316633266533,0.03801396431342119,0.0007757951900698203,
balanced_medium_current,w11,2026-04-10,2026-04-13,2026-04-17,605358,0.020408163265306124,0.9138276553106213,0.030985915492957705,0.0006323656223052594,
balanced_medium_current,w11,2026-04-10,2026-04-13,2026-04-17,601168,0.020408163265306124,0.9118236472945892,0.05871491875923196,0.0011982636481475911,
balanced_medium_current,w11,2026-04-10,2026-04-13,2026-04-17,300395,0.020408163265306124,0.9098196392785571,0.10935337156416858,0.0022317014604932364,
balanced_medium_current,w11,2026-04-10,2026-04-13,2026-04-17,300373,0.020408163265306124,0.9078156312625251,0.009493264913406074,0.00019374010027359338,
balanced_medium_current,w11,2026-04-10,2026-04-13,2026-04-17,688608,0.020408163265306124,0.905811623246493,-0.00529793440085724,-0.00010812111022157635,
balanced_medium_current,w11,2026-04-10,2026-04-13,2026-04-17,601958,0.020408163265306124,0.9038076152304609,0.03645007923930277,0.0007438791681490362,
balanced_medium_current,w11,2026-04-10,2026-04-13,2026-04-17,601212,0.020408163265306124,0.9458917835671342,0.0024875621890549926,5.076657528683659e-05,
balanced_medium_current,w11,2026-04-10,2026-04-13,2026-04-17,002821,0.020408163265306124,0.9498997995991983,-0.05656798878535496,-0.0011544487507215298,
balanced_medium_current,w11,2026-04-10,2026-04-13,2026-04-17,003031,0.020408163265306124,0.9979959919839679,0.17191081475307346,0.0035083839745525197,
balanced_medium_current,w11,2026-04-10,2026-04-13,2026-04-17,002202,0.020408163265306124,0.9519038076152304,0.05484004985459068,0.001119184690910014,
balanced_medium_current,w11,2026-04-10,2026-04-13,2026-04-17,002281,0.020408163265306124,0.9959919839679359,0.08356520126136169,0.0017054122706400346,
balanced_medium_current,w11,2026-04-10,2026-04-13,2026-04-17,600707,0.020408163265306124,0.9919839679358717,0.10968660968660982,0.0022385022385022412,
balanced_medium_current,w11,2026-04-10,2026-04-13,2026-04-17,002273,0.020408163265306124,0.9899799599198397,-0.028112449799196804,-0.0005737234652897307,
balanced_medium_current,w11,2026-04-10,2026-04-13,2026-04-17,688629,0.020408163265306124,0.9879759519038076,0.0862467149796926,0.0017601370404018901,
balanced_medium_current,w11,2026-04-10,2026-04-13,2026-04-17,300390,0.020408163265306124,0.9859719438877755,0.2853587115666181,0.005823647174828941,
balanced_medium_current,w11,2026-04-10,2026-04-13,2026-04-17,688220,0.020408163265306124,0.9839679358717435,0.13705026091733052,0.0027969441003536846,
balanced_medium_current,w11,2026-04-10,2026-04-13,2026-04-17,600118,0.020408163265306124,0.9819639278557114,0.08882412569690823,0.0018127372591205764,
balanced_medium_current,w11,2026-04-10,2026-04-13,2026-04-17,000960,0.020408163265306124,0.9799599198396793,0.08277541083384055,0.0016892940986498071,
balanced_medium_current,w11,2026-04-10,2026-04-13,2026-04-17,002025,0.020408163265306124,0.9779559118236473,0.046307228125409994,0.0009450454719471429,
balanced_medium_current,w11,2026-04-10,2026-04-13,2026-04-17,600879,0.020408163265306124,0.9759519038076152,0.09798406000937665,0.0019996746940689116,
balanced_medium_current,w11,2026-04-10,2026-04-13,2026-04-17,688235,0.020408163265306124,0.9739478957915831,0.009749303621169991,0.0001989653800238774,
balanced_medium_current,w11,2026-04-10,2026-04-13,2026-04-17,600549,0.020408163265306124,0.9719438877755511,0.07124595193454919,0.0014539990190724325,
balanced_medium_current,w11,2026-04-10,2026-04-13,2026-04-17,300567,0.020408163265306124,0.969939879759519,-0.022075732025141903,-0.00045052514337024294,
balanced_medium_current,w11,2026-04-10,2026-04-13,2026-04-17,002429,0.020408163265306124,0.966933867735471,0.044031311154598685,0.0008985981868285446,
balanced_medium_current,w11,2026-04-10,2026-04-13,2026-04-17,301536,0.020408163265306124,0.966933867735471,0.030630144379975688,0.0006251049873464427,
balanced_medium_current,w11,2026-04-10,2026-04-13,2026-04-17,301611,0.020408163265306124,0.9639278557114228,0.09365045657252069,0.0019112338076024632,
balanced_medium_current,w11,2026-04-10,2026-04-13,2026-04-17,603688,0.020408163265306124,0.9619238476953907,0.09792284866468837,0.001998425482952824,
balanced_medium_current,w11,2026-04-10,2026-04-13,2026-04-17,603979,0.020408163265306124,0.9599198396793587,0.03506172839506183,0.0007155454774502415,
balanced_medium_current,w11,2026-04-10,2026-04-13,2026-04-17,688375,0.020408163265306124,0.9579158316633266,0.23254540476407803,0.004745824587022001,
balanced_medium_current,w11,2026-04-10,2026-04-13,2026-04-17,300223,0.020408163265306124,0.9559118236472945,0.04688060236643965,0.000956746987070197,
balanced_medium_current,w11,2026-04-10,2026-04-13,2026-04-17,002409,0.020408163265306124,0.9539078156312625,0.005501580241133119,0.00011227714777822693,
balanced_medium_current,w11,2026-04-10,2026-04-13,2026-04-17,000021,0.020408163265306124,0.9018036072144289,0.03202846975088969,0.0006536422398140754,
economic_medium_capacity,w11,2026-04-10,2026-04-13,2026-04-17,601212,0.036000000004219955,0.9119879759519038,0.0024875621890549926,8.955223881647713e-05,
economic_medium_capacity,w11,2026-04-10,2026-04-13,2026-04-17,603077,0.036000000004219955,0.911871743486974,0.057627118644067776,0.002074576271429624,
economic_medium_capacity,w11,2026-04-10,2026-04-13,2026-04-17,600118,0.036000000004219955,0.9119719438877756,0.08882412569690823,0.00319766852546353,
economic_medium_capacity,w11,2026-04-10,2026-04-13,2026-04-17,600096,0.036000000004219955,0.9118316633266533,-0.00298864315600722,-0.00010759115362887187,
economic_medium_capacity,w11,2026-04-10,2026-04-13,2026-04-17,000426,0.036000000004219955,0.9118356713426854,0.02263279445727484,0.0008147806005574036,
economic_medium_capacity,w11,2026-04-10,2026-04-13,2026-04-17,600685,0.036000000004219955,0.9118396793587175,0.03384508025122113,0.0012184228891867852,
economic_medium_capacity,w11,2026-04-10,2026-04-13,2026-04-17,600316,0.036000000004219955,0.9118436873747495,0.07455905932656326,0.002684126136070913,
economic_medium_capacity,w11,2026-04-10,2026-04-13,2026-04-17,601611,0.036000000004219955,0.9118677354709419,0.006346967559943462,0.00022849083218474852,
economic_medium_capacity,w11,2026-04-10,2026-04-13,2026-04-17,003035,0.036000000004219955,0.911875751503006,0.05444887118193886,0.0019601593627795707,
economic_medium_capacity,w11,2026-04-10,2026-04-13,2026-04-17,000830,0.036000000004219955,0.9118797595190381,-0.0397390272835112,-0.0014306049823741,
economic_medium_capacity,w11,2026-04-10,2026-04-13,2026-04-17,002202,0.036000000004219955,0.9118957915831664,0.05484004985459068,0.001974241794996687,
economic_medium_capacity,w11,2026-04-10,2026-04-13,2026-04-17,000960,0.036000000004219955,0.9119118236472946,0.08277541083384055,0.002979914790367568,
economic_medium_capacity,w11,2026-04-10,2026-04-13,2026-04-17,600879,0.036000000004219955,0.9119238476953908,0.09798406000937665,0.0035274261607510476,
economic_medium_capacity,w11,2026-04-10,2026-04-13,2026-04-17,002738,0.036000000004219955,0.9119318637274549,0.08834876543209869,0.0031805555559283804,
economic_medium_capacity,w11,2026-04-10,2026-04-13,2026-04-17,002532,0.036000000004219955,0.9116673346693387,0.0726379027853632,0.002614964500579604,
economic_medium_capacity,w11,2026-04-10,2026-04-13,2026-04-17,000537,0.036000000000000004,0.9116913827655311,0.029652351738241434,0.0010674846625766917,
economic_medium_capacity,w11,2026-04-10,2026-04-13,2026-04-17,601958,0.036000000000000004,0.9116312625250501,0.03645007923930277,0.0013122028526148998,
economic_medium_capacity,w11,2026-04-10,2026-04-13,2026-04-17,000539,0.036000000000000004,0.9116392785571142,0.06331471135940414,0.0022793296089385494,
economic_medium_capacity,w11,2026-04-10,2026-04-13,2026-04-17,600497,0.036000000000000004,0.9116553106212425,0.07533414337788558,0.0027120291616038812,
economic_medium_capacity,w11,2026-04-10,2026-04-13,2026-04-17,688568,0.036000000000000004,0.9118156312625251,0.04145686471970467,0.0014924471299093682,
economic_medium_capacity,w11,2026-04-10,2026-04-13,2026-04-17,000831,0.036000000000000004,0.9116953907815631,0.001922707171697846,6.921745818112246e-05,
economic_medium_capacity,w11,2026-04-10,2026-04-13,2026-04-17,600392,0.036000000000000004,0.9117034068136273,0.04012713547874447,0.001444576877234801,
economic_medium_capacity,w11,2026-04-10,2026-04-13,2026-04-17,300339,0.036000000000000004,0.9117314629258517,0.012164846077457936,0.00043793445878848573,
economic_medium_capacity,w11,2026-04-10,2026-04-13,2026-04-17,300724,0.036000000000000004,0.9117354709418838,0.020648148148148193,0.000743333333333335,
economic_medium_capacity,w11,2026-04-10,2026-04-13,2026-04-17,002195,0.036000000000000004,0.9118196392785571,0.0066006600660066805,0.00023762376237624052,
economic_medium_capacity,w11,2026-04-10,2026-04-13,2026-04-17,603979,0.03333333331223356,0.9116192384769539,0.03506172839506183,0.0011687242790955998,
economic_medium_capacity,w11,2026-04-10,2026-04-13,2026-04-17,600486,0.02666666664978681,0.9116032064128257,-0.1050000000000001,-0.0027999999982276174,
economic_medium_capacity,w11,2026-04-10,2026-04-13,2026-04-17,000060,0.019999999987340117,0.9115871743486974,0.07484076433121012,0.0014968152856767271,
economic_medium_capacity,w11,2026-04-10,2026-04-13,2026-04-17,601991,0.013333333324893405,0.9115671342685371,0.0209973753280841,0.00027996500419723833,
economic_medium_capacity,w11,2026-04-10,2026-04-13,2026-04-17,000878,0.0066666666624467024,0.9115470941883768,0.06273458445040214,0.0004182305627379432,
recent_compact_capacity,w11,2026-04-10,2026-04-13,2026-04-17,002202,0.032972380952380954,0.9924999999999999,0.05484004985459068,0.0018082070152531276,
recent_compact_capacity,w11,2026-04-10,2026-04-13,2026-04-17,688629,0.032972380952380954,0.9659869739478958,0.0862467149796926,0.0028437595422018454,
recent_compact_capacity,w11,2026-04-10,2026-04-13,2026-04-17,002465,0.032972380952380954,0.9329358717434869,0.056565656565656486,0.0018651043771043747,
recent_compact_capacity,w11,2026-04-10,2026-04-13,2026-04-17,601615,0.032972380952380954,0.93625250501002,0.0229607250755286,0.0007570697741332149,
recent_compact_capacity,w11,2026-04-10,2026-04-13,2026-04-17,603688,0.032972380952380954,0.9386172344689377,0.09792284866468837,0.0032287494701144534,
recent_compact_capacity,w11,2026-04-10,2026-04-13,2026-04-17,688295,0.032972380952380954,0.9394739478957916,0.04660506227400574,0.0015366798676079549,
recent_compact_capacity,w11,2026-04-10,2026-04-13,2026-04-17,000703,0.032972380952380954,0.9906062124248497,-0.04968553459119507,-0.0016382503743635852,
recent_compact_capacity,w11,2026-04-10,2026-04-13,2026-04-17,300567,0.032972380952380954,0.9613426853707414,-0.022075732025141903,-0.0007278894461356551,
recent_compact_capacity,w11,2026-04-10,2026-04-13,2026-04-17,605589,0.032972380952380954,0.9621993987975951,0.057792385647767786,0.0019055525557251129,
recent_compact_capacity,w11,2026-04-10,2026-04-13,2026-04-17,688037,0.032972380952380954,0.965130260521042,-0.013282732447817747,-0.0004379633143579983,
recent_compact_capacity,w11,2026-04-10,2026-04-13,2026-04-17,600602,0.032972380952380954,0.9594488977955911,0.0,0.0,
recent_compact_capacity,w11,2026-04-10,2026-04-13,2026-04-17,600032,0.032972380952380954,0.9716683366733466,0.09550561797752799,0.003149047619047616,
recent_compact_capacity,w11,2026-04-10,2026-04-13,2026-04-17,002821,0.032972380952380954,0.9754559118236472,-0.05656798878535496,-0.0018651812759407373,
recent_compact_capacity,w11,2026-04-10,2026-04-13,2026-04-17,002281,0.032972380952380954,0.9887124248496993,0.08356520126136169,0.002755343650352003,
recent_compact_capacity,w11,2026-04-10,2026-04-13,2026-04-17,002025,0.032972380952380954,0.9868186372745491,0.046307228125409994,0.001526859566599828,
recent_compact_capacity,w11,2026-04-10,2026-04-13,2026-04-17,003031,0.032972380952380954,0.9849248496993988,0.17191081475307346,0.00566830887387253,
recent_compact_capacity,w11,2026-04-10,2026-04-13,2026-04-17,002008,0.032972380952380954,0.9830310621242485,0.14382756368386684,0.00474233722123729,
recent_compact_capacity,w11,2026-04-10,2026-04-13,2026-04-17,300724,0.032972380952380954,0.9291482965931863,0.020648148148148193,0.0006808186067019415,
recent_compact_capacity,w11,2026-04-10,2026-04-13,2026-04-17,300390,0.032972380952380954,0.9811372745490982,0.2853587115666181,0.009408956145855128,
recent_compact_capacity,w11,2026-04-10,2026-04-13,2026-04-17,002432,0.032972380952380954,0.9792434869739478,-0.1876010781671159,-0.006185654216403543,
recent_compact_capacity,w11,2026-04-10,2026-04-13,2026-04-17,300207,0.032972380952380954,0.9773496993987976,0.02654558155780662,0.0008752710277264981,
recent_compact_capacity,w11,2026-04-10,2026-04-13,2026-04-17,601611,0.030758,0.9499799599198395,0.006346967559943462,0.000195220028208741,
recent_compact_capacity,w11,2026-04-10,2026-04-13,2026-04-17,301536,0.030758,0.9480861723446893,0.030630144379975688,0.0009421219808392922,
recent_compact_capacity,w11,2026-04-10,2026-04-13,2026-04-17,601016,0.030758,0.9476152304609218,0.022670025188916698,0.0006972846347606998,
recent_compact_capacity,w11,2026-04-10,2026-04-13,2026-04-17,002353,0.030758,0.9508366733466933,0.03167035586582667,0.0009741168057210967,
recent_compact_capacity,w11,2026-04-10,2026-04-13,2026-04-17,300458,0.030758,0.9417635270541082,-0.002081165452653466,-6.401248699271532e-05,
recent_compact_capacity,w11,2026-04-10,2026-04-13,2026-04-17,003035,0.030758,0.9405110220440881,0.05444887118193886,0.0016747383798140756,
recent_compact_capacity,w11,2026-04-10,2026-04-13,2026-04-17,688525,0.030758,0.9518737474949899,0.12074034201482342,0.0037137314396919387,
recent_compact_capacity,w11,2026-04-10,2026-04-13,2026-04-17,000933,0.030758,0.9367234468937875,0.031463342238052805,0.0009677494805580282,
recent_compact_capacity,w11,2026-04-10,2026-04-13,2026-04-17,002532,0.030758,0.9348296593186373,0.0726379027853632,0.0022341966138722013,
recent_compact_capacity,w11,2026-04-10,2026-04-13,2026-04-17,600707,0.030758,0.9466533066132264,0.10968660968660982,0.003373740740740745,
recent_compact_current,w11,2026-04-10,2026-04-13,2026-04-17,003031,0.027027027027027035,0.972369739478958,0.17191081475307346,0.004646238236569554,
recent_compact_current,w11,2026-04-10,2026-04-13,2026-04-17,688234,0.027027027027027035,0.8990731462925852,-0.01754385964912286,-0.00047415836889521263,
recent_compact_current,w11,2026-04-10,2026-04-13,2026-04-17,600563,0.027027027027027035,0.8903056112224449,0.06116666666666659,0.0016531531531531517,
recent_compact_current,w11,2026-04-10,2026-04-13,2026-04-17,002025,0.027027027027027035,0.8899549098196393,0.046307228125409994,0.0012515467060921625,
recent_compact_current,w11,2026-04-10,2026-04-13,2026-04-17,300604,0.027027027027027035,0.8853957915831664,0.09163346613545809,0.0024765801658231923,
recent_compact_current,w11,2026-04-10,2026-04-13,2026-04-17,688002,0.027027027027027035,0.8783817635270541,0.07013201320132012,0.0018954598162518957,
recent_compact_current,w11,2026-04-10,2026-04-13,2026-04-17,688676,0.027027027027027035,0.868562124248497,0.036755987668958934,0.0009934050721340255,
recent_compact_current,w11,2026-04-10,2026-04-13,2026-04-17,300207,0.027027027027027035,0.857690380761523,0.02654558155780662,0.0007174481502109899,
recent_compact_current,w11,2026-04-10,2026-04-13,2026-04-17,002837,0.027027027027027035,0.8510270541082164,0.11731448763250896,0.0031706618279056485,
recent_compact_current,w11,2026-04-10,2026-04-13,2026-04-17,600118,0.027027027027027035,0.8434368737474951,0.08882412569690823,0.002400652045862385,
recent_compact_current,w11,2026-04-10,2026-04-13,2026-04-17,688295,0.027027027027027035,0.8426102204408817,0.04660506227400574,0.001259596277675831,
recent_compact_current,w11,2026-04-10,2026-04-13,2026-04-17,600879,0.027027027027027035,0.8423847695390783,0.09798406000937665,0.0026482178380912618,
recent_compact_current,w11,2026-04-10,2026-04-13,2026-04-17,600549,0.027027027027027035,0.8413326653306614,0.07124595193454919,0.00192556626850133,
recent_compact_current,w11,2026-04-10,2026-04-13,2026-04-17,601179,0.027027027027027035,0.8406312625250502,0.06902985074626877,0.0018656716417910484,
recent_compact_current,w11,2026-04-10,2026-04-13,2026-04-17,601212,0.027027027027027035,0.8402805611222446,0.0024875621890549926,6.723141051499982e-05,
recent_compact_current,w11,2026-04-10,2026-04-13,2026-04-17,603737,0.027027027027027035,0.8385270541082165,-0.014143426294820682,-0.0003822547647248834,
recent_compact_current,w11,2026-04-10,2026-04-13,2026-04-17,601118,0.027027027027027035,0.8378256513026052,-0.041358936484490294,-0.0011178090941754138,
recent_compact_current,w11,2026-04-10,2026-04-13,2026-04-17,002353,0.027027027027027035,0.8969689378757515,0.03167035586582667,0.0008559555639412617,
recent_compact_current,w11,2026-04-10,2026-04-13,2026-04-17,603920,0.027027027027027035,0.9152054108216433,0.061041292639138156,0.0016497646659226534,
recent_compact_current,w11,2026-04-10,2026-04-13,2026-04-17,002432,0.027027027027027035,0.9720190380761523,-0.1876010781671159,-0.005070299409922053,
recent_compact_current,w11,2026-04-10,2026-04-13,2026-04-17,301358,0.027027027027027035,0.9180110220440882,0.08979218402823141,0.0024268157845467957,
recent_compact_current,w11,2026-04-10,2026-04-13,2026-04-17,002273,0.027027027027027035,0.9713176352705412,-0.028112449799196804,-0.0007597959405188328,
recent_compact_current,w11,2026-04-10,2026-04-13,2026-04-17,002281,0.027027027027027035,0.9702655310621243,0.08356520126136169,0.002258518953009776,
recent_compact_current,w11,2026-04-10,2026-04-13,2026-04-17,600032,0.027027027027027035,0.9695641282565131,0.09550561797752799,0.002581232918311568,
recent_compact_current,w11,2026-04-10,2026-04-13,2026-04-17,000703,0.027027027027027035,0.9685120240480962,-0.04968553459119507,-0.0013428522862485158,
recent_compact_current,w11,2026-04-10,2026-04-13,2026-04-17,300757,0.027027027027027035,0.9681613226452906,0.06072874493927127,0.001641317430791116,
recent_compact_current,w11,2026-04-10,2026-04-13,2026-04-17,688629,0.027027027027027035,0.966057114228457,0.0862467149796926,0.0023309922967484496,
recent_compact_current,w11,2026-04-10,2026-04-13,2026-04-17,002202,0.027027027027027035,0.9653557114228457,0.05484004985459068,0.0014821635095835324,
recent_compact_current,w11,2026-04-10,2026-04-13,2026-04-17,002821,0.027027027027027035,0.9646543086172346,-0.05656798878535496,-0.0015288645617663507,
recent_compact_current,w11,2026-04-10,2026-04-13,2026-04-17,605589,0.027027027027027035,0.9639529058116233,0.057792385647767786,0.0015619563688585893,
recent_compact_current,w11,2026-04-10,2026-04-13,2026-04-17,301200,0.027027027027027035,0.9636022044088177,0.11533384666153346,0.0031171309908522567,
recent_compact_current,w11,2026-04-10,2026-04-13,2026-04-17,300570,0.027027027027027035,0.961497995991984,0.11065670467951239,0.00299072174809493,
recent_compact_current,w11,2026-04-10,2026-04-13,2026-04-17,300763,0.027027027027027035,0.9607965931863728,0.0009608198996478023,2.5968105395886557e-05,
recent_compact_current,w11,2026-04-10,2026-04-13,2026-04-17,002831,0.027027027027027035,0.9520290581162325,-0.026826029216467373,-0.0007250278166612805,
recent_compact_current,w11,2026-04-10,2026-04-13,2026-04-17,002008,0.027027027027027035,0.9397545090180361,0.14382756368386684,0.0038872314509153212,
recent_compact_current,w11,2026-04-10,2026-04-13,2026-04-17,301308,0.027027027027027035,0.9323897795591183,0.08561382947553464,0.0023138872831225585,
recent_compact_current,w11,2026-04-10,2026-04-13,2026-04-17,301536,0.027027027027027035,0.8364228456913828,0.030630144379975688,0.0008278417399993432,
short_aggressive_compact_capacity,w11,2026-04-10,2026-04-13,2026-04-17,002202,0.03225806451612904,0.9505170340681363,0.05484004985459068,0.001769033866277119,
short_aggressive_compact_capacity,w11,2026-04-10,2026-04-13,2026-04-17,002851,0.03225806451612904,0.9450561122244489,0.009704119493863628,0.00031303611270527837,
short_aggressive_compact_capacity,w11,2026-04-10,2026-04-13,2026-04-17,000738,0.03225806451612904,0.934134268537074,0.023640661938534313,0.000762601998017236,
short_aggressive_compact_capacity,w11,2026-04-10,2026-04-13,2026-04-17,600316,0.03225806451612904,0.9343527054108216,0.07455905932656326,0.00240513094601817,
short_aggressive_compact_capacity,w11,2026-04-10,2026-04-13,2026-04-17,688777,0.03225806451612904,0.9344619238476953,0.021492537313432702,0.0006933076552720228,
short_aggressive_compact_capacity,w11,2026-04-10,2026-04-13,2026-04-17,000967,0.03225806451612904,0.9345711422845691,0.3671875,0.01184475806451613,
short_aggressive_compact_capacity,w11,2026-04-10,2026-04-13,2026-04-17,300857,0.03225806451612904,0.9353356713426854,0.5217286914765906,0.016829957789567442,
short_aggressive_compact_capacity,w11,2026-04-10,2026-04-13,2026-04-17,600498,0.03225806451612904,0.9357725450901803,-0.059732824427480846,-0.0019268653041122857,
short_aggressive_compact_capacity,w11,2026-04-10,2026-04-13,2026-04-17,002203,0.03225806451612904,0.9361002004008016,0.17658998646820034,0.00569645117639356,
short_aggressive_compact_capacity,w11,2026-04-10,2026-04-13,2026-04-17,300432,0.03225806451612904,0.9366462925851703,0.03801396431342119,0.0012262569133361676,
short_aggressive_compact_capacity,w11,2026-04-10,2026-04-13,2026-04-17,002195,0.03225806451612904,0.9378476953907815,0.0066006600660066805,0.00021292451825828006,
short_aggressive_compact_capacity,w11,2026-04-10,2026-04-13,2026-04-17,000060,0.03225806451612904,0.9386122244488977,0.07484076433121012,0.002414218204232585,
short_aggressive_compact_capacity,w11,2026-04-10,2026-04-13,2026-04-17,002436,0.03225806451612904,0.9419979959919839,0.13993025283347849,0.0045138791236605975,
short_aggressive_compact_capacity,w11,2026-04-10,2026-04-13,2026-04-17,605589,0.03225806451612904,0.9428717434869739,0.057792385647767786,0.0018642705047667032,
short_aggressive_compact_capacity,w11,2026-04-10,2026-04-13,2026-04-17,601611,0.03225806451612904,0.9431993987975952,0.006346967559943462,0.00020474088903043428,
short_aggressive_compact_capacity,w11,2026-04-10,2026-04-13,2026-04-17,601106,0.03225806451612904,0.94538376753507,0.0,0.0,
short_aggressive_compact_capacity,w11,2026-04-10,2026-04-13,2026-04-17,002025,0.03225806451612904,0.9502985971943887,0.046307228125409994,0.0014937815524325808,
short_aggressive_compact_capacity,w11,2026-04-10,2026-04-13,2026-04-17,688234,0.03225806451612904,0.9454929859719439,-0.01754385964912286,-0.0005659309564233182,
short_aggressive_compact_capacity,w11,2026-04-10,2026-04-13,2026-04-17,601615,0.03225806451612904,0.945820641282565,0.0229607250755286,0.0007406685508235033,
short_aggressive_compact_capacity,w11,2026-04-10,2026-04-13,2026-04-17,688172,0.03225806451612904,0.9459298597194388,-0.039596655189375274,-0.0012773114577217832,
short_aggressive_compact_capacity,w11,2026-04-10,2026-04-13,2026-04-17,688568,0.03225806451612904,0.9460390781563126,0.04145686471970467,0.0013373182167646669,
short_aggressive_compact_capacity,w11,2026-04-10,2026-04-13,2026-04-17,002429,0.03225806451612904,0.9466943887775551,0.044031311154598685,0.0014203648759547965,
short_aggressive_compact_capacity,w11,2026-04-10,2026-04-13,2026-04-17,600118,0.03225806451612904,0.9472404809619238,0.08882412569690823,0.002865294377319621,
short_aggressive_compact_capacity,w11,2026-04-10,2026-04-13,2026-04-17,300604,0.03225806451612904,0.9473496993987975,0.09163346613545809,0.0029559182624341322,
short_aggressive_compact_capacity,w11,2026-04-10,2026-04-13,2026-04-17,300567,0.03225806451612904,0.9476773547094188,-0.022075732025141903,-0.0007121203879078034,
short_aggressive_compact_capacity,w11,2026-04-10,2026-04-13,2026-04-17,301200,0.03225806451612904,0.9482234468937876,0.11533384666153346,0.00372044666650108,
short_aggressive_compact_capacity,w11,2026-04-10,2026-04-13,2026-04-17,688375,0.03225806451612904,0.948441883767535,0.23254540476407803,0.007501464669808971,
short_aggressive_compact_capacity,w11,2026-04-10,2026-04-13,2026-04-17,600879,0.03225806451612904,0.9485511022044087,0.09798406000937665,0.0031607761293347314,
short_aggressive_compact_capacity,w11,2026-04-10,2026-04-13,2026-04-17,300757,0.03225806451612904,0.9496432865731462,0.06072874493927127,0.0019589917722345578,
short_aggressive_compact_capacity,w11,2026-04-10,2026-04-13,2026-04-17,688629,0.03225806451612904,0.9499709418837675,0.0862467149796926,0.002782152096119117,
short_aggressive_compact_capacity,w11,2026-04-10,2026-04-13,2026-04-17,002271,0.03225806451612904,0.9334789579158316,0.03824091778202665,0.001233577992968602,
short_aggressive_medium_capacity,w11,2026-04-10,2026-04-13,2026-04-17,002202,0.03225806451612904,0.9505170340681363,0.05484004985459068,0.001769033866277119,
short_aggressive_medium_capacity,w11,2026-04-10,2026-04-13,2026-04-17,002851,0.03225806451612904,0.9450561122244489,0.009704119493863628,0.00031303611270527837,
short_aggressive_medium_capacity,w11,2026-04-10,2026-04-13,2026-04-17,000738,0.03225806451612904,0.934134268537074,0.023640661938534313,0.000762601998017236,
short_aggressive_medium_capacity,w11,2026-04-10,2026-04-13,2026-04-17,600316,0.03225806451612904,0.9343527054108216,0.07455905932656326,0.00240513094601817,
short_aggressive_medium_capacity,w11,2026-04-10,2026-04-13,2026-04-17,688777,0.03225806451612904,0.9344619238476953,0.021492537313432702,0.0006933076552720228,
short_aggressive_medium_capacity,w11,2026-04-10,2026-04-13,2026-04-17,000967,0.03225806451612904,0.9345711422845691,0.3671875,0.01184475806451613,
short_aggressive_medium_capacity,w11,2026-04-10,2026-04-13,2026-04-17,300857,0.03225806451612904,0.9353356713426854,0.5217286914765906,0.016829957789567442,
short_aggressive_medium_capacity,w11,2026-04-10,2026-04-13,2026-04-17,600498,0.03225806451612904,0.9357725450901803,-0.059732824427480846,-0.0019268653041122857,
short_aggressive_medium_capacity,w11,2026-04-10,2026-04-13,2026-04-17,002203,0.03225806451612904,0.9361002004008016,0.17658998646820034,0.00569645117639356,
short_aggressive_medium_capacity,w11,2026-04-10,2026-04-13,2026-04-17,300432,0.03225806451612904,0.9366462925851703,0.03801396431342119,0.0012262569133361676,
short_aggressive_medium_capacity,w11,2026-04-10,2026-04-13,2026-04-17,002195,0.03225806451612904,0.9378476953907815,0.0066006600660066805,0.00021292451825828006,
short_aggressive_medium_capacity,w11,2026-04-10,2026-04-13,2026-04-17,000060,0.03225806451612904,0.9386122244488977,0.07484076433121012,0.002414218204232585,
short_aggressive_medium_capacity,w11,2026-04-10,2026-04-13,2026-04-17,002436,0.03225806451612904,0.9419979959919839,0.13993025283347849,0.0045138791236605975,
short_aggressive_medium_capacity,w11,2026-04-10,2026-04-13,2026-04-17,605589,0.03225806451612904,0.9428717434869739,0.057792385647767786,0.0018642705047667032,
short_aggressive_medium_capacity,w11,2026-04-10,2026-04-13,2026-04-17,601611,0.03225806451612904,0.9431993987975952,0.006346967559943462,0.00020474088903043428,
short_aggressive_medium_capacity,w11,2026-04-10,2026-04-13,2026-04-17,601106,0.03225806451612904,0.94538376753507,0.0,0.0,
short_aggressive_medium_capacity,w11,2026-04-10,2026-04-13,2026-04-17,002025,0.03225806451612904,0.9502985971943887,0.046307228125409994,0.0014937815524325808,
short_aggressive_medium_capacity,w11,2026-04-10,2026-04-13,2026-04-17,688234,0.03225806451612904,0.9454929859719439,-0.01754385964912286,-0.0005659309564233182,
short_aggressive_medium_capacity,w11,2026-04-10,2026-04-13,2026-04-17,601615,0.03225806451612904,0.945820641282565,0.0229607250755286,0.0007406685508235033,
short_aggressive_medium_capacity,w11,2026-04-10,2026-04-13,2026-04-17,688172,0.03225806451612904,0.9459298597194388,-0.039596655189375274,-0.0012773114577217832,
short_aggressive_medium_capacity,w11,2026-04-10,2026-04-13,2026-04-17,688568,0.03225806451612904,0.9460390781563126,0.04145686471970467,0.0013373182167646669,
short_aggressive_medium_capacity,w11,2026-04-10,2026-04-13,2026-04-17,002429,0.03225806451612904,0.9466943887775551,0.044031311154598685,0.0014203648759547965,
short_aggressive_medium_capacity,w11,2026-04-10,2026-04-13,2026-04-17,600118,0.03225806451612904,0.9472404809619238,0.08882412569690823,0.002865294377319621,
short_aggressive_medium_capacity,w11,2026-04-10,2026-04-13,2026-04-17,300604,0.03225806451612904,0.9473496993987975,0.09163346613545809,0.0029559182624341322,
short_aggressive_medium_capacity,w11,2026-04-10,2026-04-13,2026-04-17,300567,0.03225806451612904,0.9476773547094188,-0.022075732025141903,-0.0007121203879078034,
short_aggressive_medium_capacity,w11,2026-04-10,2026-04-13,2026-04-17,301200,0.03225806451612904,0.9482234468937876,0.11533384666153346,0.00372044666650108,
short_aggressive_medium_capacity,w11,2026-04-10,2026-04-13,2026-04-17,688375,0.03225806451612904,0.948441883767535,0.23254540476407803,0.007501464669808971,
short_aggressive_medium_capacity,w11,2026-04-10,2026-04-13,2026-04-17,600879,0.03225806451612904,0.9485511022044087,0.09798406000937665,0.0031607761293347314,
short_aggressive_medium_capacity,w11,2026-04-10,2026-04-13,2026-04-17,300757,0.03225806451612904,0.9496432865731462,0.06072874493927127,0.0019589917722345578,
short_aggressive_medium_capacity,w11,2026-04-10,2026-04-13,2026-04-17,688629,0.03225806451612904,0.9499709418837675,0.0862467149796926,0.002782152096119117,
short_aggressive_medium_capacity,w11,2026-04-10,2026-04-13,2026-04-17,002271,0.03225806451612904,0.9334789579158316,0.03824091778202665,0.001233577992968602,
short_aggressive_wide_capacity,w11,2026-04-10,2026-04-13,2026-04-17,001389,0.036000000004219955,0.9744043086172345,0.17672107877927612,0.0063619588367996955,
short_aggressive_wide_capacity,w11,2026-04-10,2026-04-13,2026-04-17,002432,0.036000000004219955,0.9402459919839679,-0.1876010781671159,-0.006753638814807841,
short_aggressive_wide_capacity,w11,2026-04-10,2026-04-13,2026-04-17,301611,0.036000000004219955,0.9744043086172345,0.09365045657252069,0.0033714164370059457,
short_aggressive_wide_capacity,w11,2026-04-10,2026-04-13,2026-04-17,600392,0.036000000004219955,0.9296808617234469,0.04012713547874447,0.0014445768774041356,
short_aggressive_wide_capacity,w11,2026-04-10,2026-04-13,2026-04-17,688709,0.036000000004219955,0.9341613226452905,0.0038348748026166835,0.00013805549291038362,
short_aggressive_wide_capacity,w11,2026-04-10,2026-04-13,2026-04-17,300757,0.036000000004219955,0.9349509018036073,0.06072874493927127,0.0021862348180700384,
short_aggressive_wide_capacity,w11,2026-04-10,2026-04-13,2026-04-17,002335,0.036000000004219955,0.9373947895791583,0.03314824162880692,0.0011933366987769332,
short_aggressive_wide_capacity,w11,2026-04-10,2026-04-13,2026-04-17,002025,0.036000000004219955,0.9390240480961924,0.046307228125409994,0.0016670602127101743,
short_aggressive_wide_capacity,w11,2026-04-10,2026-04-13,2026-04-17,002273,0.036000000004219955,0.941060621242485,-0.028112449799196804,-0.0010120481928897183,
short_aggressive_wide_capacity,w11,2026-04-10,2026-04-13,2026-04-17,300058,0.036000000004219955,0.942689879759519,0.09157064887810806,0.0032965433599983144,
short_aggressive_wide_capacity,w11,2026-04-10,2026-04-13,2026-04-17,002281,0.036000000004219955,0.9435045090180361,0.08356520126136169,0.003008347245761662,
short_aggressive_wide_capacity,w11,2026-04-10,2026-04-13,2026-04-17,000539,0.036000000004219955,0.950372745490982,0.06331471135940414,0.002279329609205734,
short_aggressive_wide_capacity,w11,2026-04-10,2026-04-13,2026-04-17,301536,0.036000000004219955,0.9565636272545089,0.030630144379975688,0.0011026851978083827,
short_aggressive_wide_capacity,w11,2026-04-10,2026-04-13,2026-04-17,688629,0.036000000004219955,0.9744043086172345,0.0862467149796926,0.0031048817396328913,
short_aggressive_wide_capacity,w11,2026-04-10,2026-04-13,2026-04-17,300570,0.036000000004219955,0.9202875751503006,0.11065670467951239,0.003983641368929412,
short_aggressive_wide_capacity,w11,2026-04-10,2026-04-13,2026-04-17,300395,0.036000000000000004,0.9202875751503006,0.10935337156416858,0.003936721376310069,
short_aggressive_wide_capacity,w11,2026-04-10,2026-04-13,2026-04-17,688525,0.036000000000000004,0.9202875751503006,0.12074034201482342,0.004346652312533643,
short_aggressive_wide_capacity,w11,2026-04-10,2026-04-13,2026-04-17,600498,0.036000000000000004,0.9202875751503006,-0.059732824427480846,-0.0021503816793893107,
short_aggressive_wide_capacity,w11,2026-04-10,2026-04-13,2026-04-17,301308,0.036000000000000004,0.9202875751503006,0.08561382947553464,0.0030820978611192473,
short_aggressive_wide_capacity,w11,2026-04-10,2026-04-13,2026-04-17,300017,0.036000000000000004,0.9202875751503006,0.06359032076533477,0.0022892515475520523,
short_aggressive_wide_capacity,w11,2026-04-10,2026-04-13,2026-04-17,300383,0.036000000000000004,0.9202875751503006,0.056395348837209536,0.0020302325581395436,
short_aggressive_wide_capacity,w11,2026-04-10,2026-04-13,2026-04-17,300223,0.036000000000000004,0.9202875751503006,0.04688060236643965,0.0016877016851918275,
short_aggressive_wide_capacity,w11,2026-04-10,2026-04-13,2026-04-17,300136,0.036000000000000004,0.9202875751503006,0.1706516643225504,0.006143459915611816,
short_aggressive_wide_capacity,w11,2026-04-10,2026-04-13,2026-04-17,300054,0.036000000000000004,0.9202875751503006,0.01903480099980781,0.0006852528359930813,
short_aggressive_wide_capacity,w11,2026-04-10,2026-04-13,2026-04-17,002202,0.036000000000000004,0.9202875751503006,0.05484004985459068,0.0019742417947652647,
short_aggressive_wide_capacity,w11,2026-04-10,2026-04-13,2026-04-17,000060,0.03333333331223356,0.9089078156312624,0.07484076433121012,0.002494692142794547,
short_aggressive_wide_capacity,w11,2026-04-10,2026-04-13,2026-04-17,000034,0.02666666664978681,0.9064639278557114,0.03908241291418846,0.0010421976770519867,
short_aggressive_wide_capacity,w11,2026-04-10,2026-04-13,2026-04-17,000021,0.019999999987340117,0.9015511022044088,0.03202846975088969,0.0006405693946123171,
short_aggressive_wide_capacity,w11,2026-04-10,2026-04-13,2026-04-17,000537,0.013333333324893405,0.8860170340681364,0.029652351738241434,0.0003953646895929554,
short_aggressive_wide_capacity,w11,2026-04-10,2026-04-13,2026-04-17,300751,0.0066666666624467024,0.8852585170340681,0.052099462610438074,0.00034732975051639595,
stable_compact_capacity,w11,2026-04-10,2026-04-13,2026-04-17,000967,0.030303030303030304,0.9873266533066132,0.3671875,0.01112689393939394,
stable_compact_capacity,w11,2026-04-10,2026-04-13,2026-04-17,300383,0.030303030303030304,0.9368957915831664,0.056395348837209536,0.0017089499647639254,
stable_compact_capacity,w11,2026-04-10,2026-04-13,2026-04-17,301308,0.030303030303030304,0.9358376753507014,0.08561382947553464,0.0025943584689555954,
stable_compact_capacity,w11,2026-04-10,2026-04-13,2026-04-17,688220,0.030303030303030304,0.9361022044088176,0.13705026091733052,0.004153038209616077,
stable_compact_capacity,w11,2026-04-10,2026-04-13,2026-04-17,688002,0.030303030303030304,0.936190380761523,0.07013201320132012,0.002125212521252125,
stable_compact_capacity,w11,2026-04-10,2026-04-13,2026-04-17,603688,0.030303030303030304,0.9362344689378758,0.09792284866468837,0.0029673590504451022,
stable_compact_capacity,w11,2026-04-10,2026-04-13,2026-04-17,300223,0.030303030303030304,0.9363226452905812,0.04688060236643965,0.001420624314134535,
stable_compact_capacity,w11,2026-04-10,2026-04-13,2026-04-17,603920,0.030303030303030304,0.9363667334669339,0.061041292639138156,0.0018497361405799442,
stable_compact_capacity,w11,2026-04-10,2026-04-13,2026-04-17,300285,0.030303030303030304,0.936498997995992,0.11381618989653086,0.003448975451410026,
stable_compact_capacity,w11,2026-04-10,2026-04-13,2026-04-17,002851,0.030303030303030304,0.9365430861723447,0.009704119493863628,0.0002940642270867766,
stable_compact_capacity,w11,2026-04-10,2026-04-13,2026-04-17,688385,0.030303030303030304,0.9365871743486974,0.04596363636363621,0.0013928374655647335,
stable_compact_capacity,w11,2026-04-10,2026-04-13,2026-04-17,600497,0.030303030303030304,0.9366312625250501,0.07533414337788558,0.0022828528296328964,
stable_compact_capacity,w11,2026-04-10,2026-04-13,2026-04-17,601231,0.030303030303030304,0.9366753507014028,0.12738496071829397,0.0038601503247967872,
stable_compact_capacity,w11,2026-04-10,2026-04-13,2026-04-17,300017,0.030303030303030304,0.9367194388777556,0.06359032076533477,0.001926979417131357,
stable_compact_capacity,w11,2026-04-10,2026-04-13,2026-04-17,601958,0.030303030303030304,0.9367635270541083,0.03645007923930277,0.0011045478557364476,
stable_compact_capacity,w11,2026-04-10,2026-04-13,2026-04-17,000426,0.030303030303030304,0.936807615230461,0.02263279445727484,0.0006858422562810558,
stable_compact_capacity,w11,2026-04-10,2026-04-13,2026-04-17,601212,0.030303030303030304,0.9369839679358718,0.0024875621890549926,7.538067239560584e-05,
stable_compact_capacity,w11,2026-04-10,2026-04-13,2026-04-17,002432,0.030303030303030304,0.9867094188376754,-0.1876010781671159,-0.0056848811565792705,
stable_compact_capacity,w11,2026-04-10,2026-04-13,2026-04-17,002195,0.030303030303030304,0.9370280561122245,0.0066006600660066805,0.00020002000200020244,
stable_compact_capacity,w11,2026-04-10,2026-04-13,2026-04-17,688568,0.030303030303030304,0.9370721442885772,0.04145686471970467,0.0012562686278698384,
stable_compact_capacity,w11,2026-04-10,2026-04-13,2026-04-17,600549,0.030303030303030304,0.9372044088176353,0.07124595193454919,0.0021589682404408845,
stable_compact_capacity,w11,2026-04-10,2026-04-13,2026-04-17,688525,0.030303030303030304,0.9373366733466933,0.12074034201482342,0.003658798242873437,
stable_compact_capacity,w11,2026-04-10,2026-04-13,2026-04-17,688629,0.030303030303030304,0.9373807615230461,0.0862467149796926,0.0026135368175664426,
stable_compact_capacity,w11,2026-04-10,2026-04-13,2026-04-17,300604,0.030303030303030304,0.9375571142284569,0.09163346613545809,0.0027767717010744875,
stable_compact_capacity,w11,2026-04-10,2026-04-13,2026-04-17,688375,0.030303030303030304,0.9377334669338677,0.23254540476407803,0.0070468304473963045,
stable_compact_capacity,w11,2026-04-10,2026-04-13,2026-04-17,002008,0.030303030303030304,0.9378216432865731,0.14382756368386684,0.004358411020723238,
stable_compact_capacity,w11,2026-04-10,2026-04-13,2026-04-17,688702,0.030303030303030304,0.9379098196392786,0.06661971830985913,0.002018779342723004,
stable_compact_capacity,w11,2026-04-10,2026-04-13,2026-04-17,301611,0.030303030303030304,0.9379539078156313,0.09365045657252069,0.002837892623409718,
stable_compact_capacity,w11,2026-04-10,2026-04-13,2026-04-17,600879,0.030303030303030304,0.937997995991984,0.09798406000937665,0.00296921393967808,
stable_compact_capacity,w11,2026-04-10,2026-04-13,2026-04-17,000960,0.030303030303030304,0.9380420841683367,0.08277541083384055,0.002508345782843653,
stable_compact_capacity,w11,2026-04-10,2026-04-13,2026-04-17,002202,0.030303030303030304,0.9380861723446894,0.05484004985459068,0.0016618196925633538,
stable_compact_capacity,w11,2026-04-10,2026-04-13,2026-04-17,300432,0.030303030303030304,0.9865771543086173,0.03801396431342119,0.001151938312527915,
stable_compact_capacity,w11,2026-04-10,2026-04-13,2026-04-17,002429,0.030303030303030304,0.935749498997996,0.044031311154598685,0.00133428215619996,
stable_compact_current,w11,2026-04-10,2026-04-13,2026-04-17,300679,0.03253310000000001,0.9127575150300601,0.007473143390938741,0.00024312452125174923,
stable_compact_current,w11,2026-04-10,2026-04-13,2026-04-17,300383,0.03253310000000001,0.9023061122244489,0.056395348837209536,0.0018347155232558221,
stable_compact_current,w11,2026-04-10,2026-04-13,2026-04-17,000039,0.03253310000000001,0.8859473947895791,-0.02267002518891681,-0.0007375261964735496,
stable_compact_current,w11,2026-04-10,2026-04-13,2026-04-17,603077,0.03253310000000001,0.8891282565130261,0.057627118644067776,0.001874788813559322,
stable_compact_current,w11,2026-04-10,2026-04-13,2026-04-17,002126,0.03253310000000001,0.8891282565130261,0.07044711014176652,0.002291862878953105,
stable_compact_current,w11,2026-04-10,2026-04-13,2026-04-17,001389,0.03253310000000001,0.9023061122244489,0.17672107877927612,0.00574928452803407,
stable_compact_current,w11,2026-04-10,2026-04-13,2026-04-17,300757,0.03253310000000001,0.9023061122244489,0.06072874493927127,0.001975694331983807,
stable_compact_current,w11,2026-04-10,2026-04-13,2026-04-17,300604,0.03253310000000001,0.9023061122244489,0.09163346613545809,0.002981120717131472,
stable_compact_current,w11,2026-04-10,2026-04-13,2026-04-17,300570,0.03253310000000001,0.9023061122244489,0.11065670467951239,0.003600005639009045,
stable_compact_current,w11,2026-04-10,2026-04-13,2026-04-17,300567,0.03253310000000001,0.9023061122244489,-0.022075732025141903,-0.0007181919975471442,
stable_compact_current,w11,2026-04-10,2026-04-13,2026-04-17,301200,0.03253310000000001,0.9023061122244489,0.11533384666153346,0.003752167566824335,
stable_compact_current,w11,2026-04-10,2026-04-13,2026-04-17,300054,0.03253310000000001,0.9023061122244489,0.01903480099980781,0.0006192610844068477,
stable_compact_current,w11,2026-04-10,2026-04-13,2026-04-17,300017,0.03253310000000001,0.9023061122244489,0.06359032076533477,0.0020687902644907132,
stable_compact_current,w11,2026-04-10,2026-04-13,2026-04-17,002008,0.03253310000000001,0.9023061122244489,0.14382756368386684,0.004679156512083609,
stable_compact_current,w11,2026-04-10,2026-04-13,2026-04-17,002025,0.03253310000000001,0.9023061122244489,0.046307228125409994,0.0015065176833267762,
stable_compact_current,w11,2026-04-10,2026-04-13,2026-04-17,002080,0.03253310000000001,0.9023061122244489,0.08161474330846863,0.0026551806055287413,
stable_compact_current,w11,2026-04-10,2026-04-13,2026-04-17,688019,0.03253310000000001,0.8859473947895791,-0.0764127115768839,-0.0024859423870019224,
stable_compact_current,w11,2026-04-10,2026-04-13,2026-04-17,002281,0.03253310000000001,0.9023061122244489,0.08356520126136169,0.0027186350491560066,
stable_compact_current,w11,2026-04-10,2026-04-13,2026-04-17,002429,0.03253310000000001,0.9023061122244489,0.044031311154598685,0.001432475048923675,
stable_compact_current,w11,2026-04-10,2026-04-13,2026-04-17,003031,0.03253310000000001,0.9023061122244489,0.17191081475307346,0.005592791727443216,
stable_compact_current,w11,2026-04-10,2026-04-13,2026-04-17,301536,0.03175800000000001,0.9023061122244489,0.030630144379975688,0.0009727521252192681,
stable_compact_current,w11,2026-04-10,2026-04-13,2026-04-17,600498,0.03175800000000001,0.9023061122244489,-0.059732824427480846,-0.0018969950381679372,
stable_compact_current,w11,2026-04-10,2026-04-13,2026-04-17,600549,0.03175800000000001,0.9023061122244489,0.07124595193454919,0.0022626289415374136,
stable_compact_current,w11,2026-04-10,2026-04-13,2026-04-17,688525,0.03175800000000001,0.9023061122244489,0.12074034201482342,0.003834471781706763,
stable_compact_current,w11,2026-04-10,2026-04-13,2026-04-17,301308,0.03175800000000001,0.9023061122244489,0.08561382947553464,0.0027189239964840297,
stable_compact_current,w11,2026-04-10,2026-04-13,2026-04-17,688702,0.03175800000000001,0.9023061122244489,0.06661971830985913,0.002115709014084507,
stable_compact_current,w11,2026-04-10,2026-04-13,2026-04-17,002353,0.03175800000000001,0.8918547094188376,0.03167035586582667,0.0010057871615869237,
stable_compact_current,w11,2026-04-10,2026-04-13,2026-04-17,300285,0.03175800000000001,0.8891282565130261,0.11381618989653086,0.003614574558734028,
stable_compact_current,w11,2026-04-10,2026-04-13,2026-04-17,603688,0.03175800000000001,0.8891282565130261,0.09792284866468837,0.003109833827893174,
stable_compact_current,w11,2026-04-10,2026-04-13,2026-04-17,688002,0.03175800000000001,0.8891282565130261,0.07013201320132012,0.002227252475247525,
stable_compact_current,w11,2026-04-10,2026-04-13,2026-04-17,688629,0.03175800000000001,0.9023061122244489,0.0862467149796926,0.0027390231743250784,
stable_extra_wide_capacity,w11,2026-04-10,2026-04-13,2026-04-17,002432,0.02173913043478261,0.9971442885771544,-0.1876010781671159,-0.004078284307980781,
stable_extra_wide_capacity,w11,2026-04-10,2026-04-13,2026-04-17,300395,0.02173913043478261,0.8956062124248498,0.10935337156416858,0.0023772472079167085,
stable_extra_wide_capacity,w11,2026-04-10,2026-04-13,2026-04-17,000426,0.02173913043478261,0.8956062124248498,0.02263279445727484,0.0004920172708103227,
stable_extra_wide_capacity,w11,2026-04-10,2026-04-13,2026-04-17,000960,0.02173913043478261,0.8956062124248498,0.08277541083384055,0.0017994654529095773,
stable_extra_wide_capacity,w11,2026-04-10,2026-04-13,2026-04-17,002156,0.02173913043478261,0.8956062124248498,0.0652221976564229,0.0014178738620961502,
stable_extra_wide_capacity,w11,2026-04-10,2026-04-13,2026-04-17,002195,0.02173913043478261,0.8956062124248498,0.0066006600660066805,0.00014349261013058004,
stable_extra_wide_capacity,w11,2026-04-10,2026-04-13,2026-04-17,002202,0.02173913043478261,0.8956062124248498,0.05484004985459068,0.0011921749968389279,
stable_extra_wide_capacity,w11,2026-04-10,2026-04-13,2026-04-17,002429,0.02173913043478261,0.8956062124248498,0.044031311154598685,0.0009572024164043193,
stable_extra_wide_capacity,w11,2026-04-10,2026-04-13,2026-04-17,002851,0.02173913043478261,0.8956062124248498,0.009704119493863628,0.00021095911943181802,
stable_extra_wide_capacity,w11,2026-04-10,2026-04-13,2026-04-17,300054,0.02173913043478261,0.8956062124248498,0.01903480099980781,0.00041380002173495246,
stable_extra_wide_capacity,w11,2026-04-10,2026-04-13,2026-04-17,300223,0.02173913043478261,0.8956062124248498,0.04688060236643965,0.00101914352970521,
stable_extra_wide_capacity,w11,2026-04-10,2026-04-13,2026-04-17,300567,0.02173913043478261,0.8956062124248498,-0.022075732025141903,-0.0004799072179378675,
stable_extra_wide_capacity,w11,2026-04-10,2026-04-13,2026-04-17,300570,0.02173913043478261,0.9532915831663329,0.11065670467951239,0.002405580536511139,
stable_extra_wide_capacity,w11,2026-04-10,2026-04-13,2026-04-17,300604,0.02173913043478261,0.8956062124248498,0.09163346613545809,0.001992031872509959,
stable_extra_wide_capacity,w11,2026-04-10,2026-04-13,2026-04-17,301308,0.02173913043478261,0.8956062124248498,0.08561382947553464,0.0018611702059898837,
stable_extra_wide_capacity,w11,2026-04-10,2026-04-13,2026-04-17,600392,0.02173913043478261,0.8956062124248498,0.04012713547874447,0.0008723290321466191,
stable_extra_wide_capacity,w11,2026-04-10,2026-04-13,2026-04-17,600497,0.02173913043478261,0.8956062124248498,0.07533414337788558,0.0016376987690844692,
stable_extra_wide_capacity,w11,2026-04-10,2026-04-13,2026-04-17,600498,0.02173913043478261,0.8956062124248498,-0.059732824427480846,-0.0012985396614669752,
stable_extra_wide_capacity,w11,2026-04-10,2026-04-13,2026-04-17,600549,0.02173913043478261,0.8956062124248498,0.07124595193454919,0.0015488250420554173,
stable_extra_wide_capacity,w11,2026-04-10,2026-04-13,2026-04-17,600879,0.02173913043478261,0.8956062124248498,0.09798406000937665,0.0021300882610734055,
stable_extra_wide_capacity,w11,2026-04-10,2026-04-13,2026-04-17,601212,0.02173913043478261,0.8956062124248498,0.0024875621890549926,5.407743889249985e-05,
stable_extra_wide_capacity,w11,2026-04-10,2026-04-13,2026-04-17,601231,0.02173913043478261,0.8956062124248498,0.12738496071829397,0.002769238276484652,
stable_extra_wide_capacity,w11,2026-04-10,2026-04-13,2026-04-17,688281,0.02173913043478261,0.9003306613226454,0.03040495089465911,0.0006609771933621546,
stable_extra_wide_capacity,w11,2026-04-10,2026-04-13,2026-04-17,300679,0.02173913043478261,0.9060070140280563,0.007473143390938741,0.00016245963893345093,
stable_extra_wide_capacity,w11,2026-04-10,2026-04-13,2026-04-17,002044,0.02173913043478261,0.9082114228456915,-0.00375939849624074,-8.172605426610306e-05,
stable_extra_wide_capacity,w11,2026-04-10,2026-04-13,2026-04-17,300699,0.02173913043478261,0.9185320641282565,0.027648428405122383,0.000601052791415704,
stable_extra_wide_capacity,w11,2026-04-10,2026-04-13,2026-04-17,688629,0.02173913043478261,0.9532915831663329,0.0862467149796926,0.0018749285865150569,
stable_extra_wide_capacity,w11,2026-04-10,2026-04-13,2026-04-17,002281,0.02173913043478261,0.9400250501002004,0.08356520126136169,0.0018166348100296021,
stable_extra_wide_capacity,w11,2026-04-10,2026-04-13,2026-04-17,002025,0.02173913043478261,0.9385921843687375,0.046307228125409994,0.0010066788722915218,
stable_extra_wide_capacity,w11,2026-04-10,2026-04-13,2026-04-17,001389,0.02173913043478261,0.9375851703406815,0.17672107877927612,0.003841762582158177,
stable_extra_wide_capacity,w11,2026-04-10,2026-04-13,2026-04-17,300285,0.02173913043478261,0.9375851703406815,0.11381618989653086,0.002474264997750671,
stable_extra_wide_capacity,w11,2026-04-10,2026-04-13,2026-04-17,301536,0.02173913043478261,0.9375851703406815,0.030630144379975688,0.000665872703912515,
stable_extra_wide_capacity,w11,2026-04-10,2026-04-13,2026-04-17,301611,0.02173913043478261,0.9375851703406815,0.09365045657252069,0.002035879490706972,
stable_extra_wide_capacity,w11,2026-04-10,2026-04-13,2026-04-17,603688,0.02173913043478261,0.9375851703406815,0.09792284866468837,0.0021287575796671387,
stable_extra_wide_capacity,w11,2026-04-10,2026-04-13,2026-04-17,003031,0.02173913043478261,0.9371593186372746,0.17191081475307346,0.0037371916250668147,
stable_extra_wide_capacity,w11,2026-04-10,2026-04-13,2026-04-17,688385,0.02173913043478261,0.9328607214428858,0.04596363636363621,0.0009992094861660046,
stable_extra_wide_capacity,w11,2026-04-10,2026-04-13,2026-04-17,601168,0.02173913043478261,0.92999498997996,0.05871491875923196,0.001276411277374608,
stable_extra_wide_capacity,w11,2026-04-10,2026-04-13,2026-04-17,601611,0.02173913043478261,0.92999498997996,0.006346967559943462,0.00013797755565094484,
stable_extra_wide_capacity,w11,2026-04-10,2026-04-13,2026-04-17,688027,0.02173913043478261,0.92999498997996,0.09213393375944223,0.0020029116034661356,
stable_extra_wide_capacity,w11,2026-04-10,2026-04-13,2026-04-17,300857,0.02173913043478261,0.9264128256513027,0.5217286914765906,0.011341928075578059,
stable_extra_wide_capacity,w11,2026-04-10,2026-04-13,2026-04-17,600118,0.02173913043478261,0.9242635270541083,0.08882412569690823,0.001930959254280614,
stable_extra_wide_capacity,w11,2026-04-10,2026-04-13,2026-04-17,301200,0.02173913043478261,0.9221142284569139,0.11533384666153346,0.002507257536120293,
stable_extra_wide_capacity,w11,2026-04-10,2026-04-13,2026-04-17,688387,0.02173913043478261,0.9221142284569139,0.16755674232309725,0.0036425378765890712,
stable_extra_wide_capacity,w11,2026-04-10,2026-04-13,2026-04-17,000060,0.02173913043478261,0.9185320641282565,0.07484076433121012,0.0016269731376350029,
stable_extra_wide_capacity,w11,2026-04-10,2026-04-13,2026-04-17,002465,0.02173913043478261,0.9185320641282565,0.056565656565656486,0.0012296881862099238,
stable_extra_wide_capacity,w11,2026-04-10,2026-04-13,2026-04-17,603920,0.02173913043478261,0.8956062124248498,0.061041292639138156,0.00132698462258996,
stable_medium_capacity,w11,2026-04-10,2026-04-13,2026-04-17,688629,0.01075268817204301,0.9944864729458918,0.0862467149796926,0.0009273840320397054,
stable_medium_capacity,w11,2026-04-10,2026-04-13,2026-04-17,688018,0.01075268817204301,0.8256262525050101,0.02620967741935476,0.0002818244883801587,
stable_medium_capacity,w11,2026-04-10,2026-04-13,2026-04-17,688027,0.01075268817204301,0.8180686372745491,0.09213393375944223,0.0009906874597789487,
stable_medium_capacity,w11,2026-04-10,2026-04-13,2026-04-17,600549,0.01075268817204301,0.8189804609218436,0.07124595193454919,0.0007660855046725719,
stable_medium_capacity,w11,2026-04-10,2026-04-13,2026-04-17,600498,0.01075268817204301,0.8198922845691383,-0.059732824427480846,-0.0006422884347040951,
stable_medium_capacity,w11,2026-04-10,2026-04-13,2026-04-17,000426,0.01075268817204301,0.8208041082164329,0.02263279445727484,0.00024336338126101977,
stable_medium_capacity,w11,2026-04-10,2026-04-13,2026-04-17,601958,0.01075268817204301,0.8217159318637275,0.03645007923930277,0.00039193633590648135,
stable_medium_capacity,w11,2026-04-10,2026-04-13,2026-04-17,002429,0.01075268817204301,0.8230836673346693,0.044031311154598685,0.00047345495865159875,
stable_medium_capacity,w11,2026-04-10,2026-04-13,2026-04-17,300223,0.01075268817204301,0.8244514028056112,0.04688060236643965,0.0005040924985638672,
stable_medium_capacity,w11,2026-04-10,2026-04-13,2026-04-17,600497,0.01075268817204301,0.8249073146292585,0.07533414337788558,0.0008100445524503824,
stable_medium_capacity,w11,2026-04-10,2026-04-13,2026-04-17,002195,0.01075268817204301,0.8253632264529058,0.0066006600660066805,7.097483941942667e-05,
stable_medium_capacity,w11,2026-04-10,2026-04-13,2026-04-17,300735,0.01075268817204301,0.8269939879759519,0.08412914961346063,0.0009046145119726949,
stable_medium_capacity,w11,2026-04-10,2026-04-13,2026-04-17,300054,0.01075268817204301,0.8317459919839679,0.01903480099980781,0.0002046752795678259,
stable_medium_capacity,w11,2026-04-10,2026-04-13,2026-04-17,301308,0.01075268817204301,0.8280986973947896,0.08561382947553464,0.0009205788115648886,
stable_medium_capacity,w11,2026-04-10,2026-04-13,2026-04-17,600516,0.01075268817204301,0.8283617234468938,-0.0017857142857142794,-1.9201228878648162e-05,
stable_medium_capacity,w11,2026-04-10,2026-04-13,2026-04-17,300857,0.01075268817204301,0.8285546092184368,0.5217286914765906,0.005609985929855813,
stable_medium_capacity,w11,2026-04-10,2026-04-13,2026-04-17,601615,0.01075268817204301,0.8290105210420842,0.0229607250755286,0.0002468895169411677,
stable_medium_capacity,w11,2026-04-10,2026-04-13,2026-04-17,688582,0.01075268817204301,0.8292735470941884,0.030439684329199412,0.00032730843364730546,
stable_medium_capacity,w11,2026-04-10,2026-04-13,2026-04-17,300383,0.01075268817204301,0.8294664328657315,0.056395348837209536,0.0006064016004001025,
stable_medium_capacity,w11,2026-04-10,2026-04-13,2026-04-17,002025,0.01075268817204301,0.8299223446893788,0.046307228125409994,0.0004979271841441934,
stable_medium_capacity,w11,2026-04-10,2026-04-13,2026-04-17,601212,0.01075268817204301,0.830378256513026,0.0024875621890549926,2.6747980527473038e-05,
stable_medium_capacity,w11,2026-04-10,2026-04-13,2026-04-17,300567,0.01075268817204301,0.8308341683366733,-0.022075732025141903,-0.00023737346263593442,
stable_medium_capacity,w11,2026-04-10,2026-04-13,2026-04-17,601231,0.01075268817204301,0.8176127254509018,0.12738496071829397,0.001369730760411763,
stable_medium_capacity,w11,2026-04-10,2026-04-13,2026-04-17,002851,0.01075268817204301,0.8171568136272545,0.009704119493863628,0.00010434537090175942,
stable_medium_capacity,w11,2026-04-10,2026-04-13,2026-04-17,601168,0.01075268817204301,0.8153331663326653,0.05871491875923196,0.0006313432124648598,
stable_medium_capacity,w11,2026-04-10,2026-04-13,2026-04-17,600765,0.01075268817204301,0.8151402805611223,0.010359536867763364,0.00011139286954584262,
stable_medium_capacity,w11,2026-04-10,2026-04-13,2026-04-17,600352,0.01075268817204301,0.7970966933867736,-0.06054131054131051,-0.0006509818337775323,
stable_medium_capacity,w11,2026-04-10,2026-04-13,2026-04-17,601106,0.01075268817204301,0.7980085170340682,0.0,0.0,
stable_medium_capacity,w11,2026-04-10,2026-04-13,2026-04-17,300699,0.01075268817204301,0.7984644288577154,0.027648428405122383,0.0002972949290873374,
stable_medium_capacity,w11,2026-04-10,2026-04-13,2026-04-17,002402,0.01075268817204301,0.7987274549098197,0.002846299810246755,3.0605374303728545e-05,
stable_medium_capacity,w11,2026-04-10,2026-04-13,2026-04-17,300373,0.01075268817204301,0.7989203406813628,0.009493264913406074,0.0001020781173484524,
stable_medium_capacity,w11,2026-04-10,2026-04-13,2026-04-17,688385,0.01075268817204301,0.7998321643286573,0.04596363636363621,0.000494232649071357,
stable_medium_capacity,w11,2026-04-10,2026-04-13,2026-04-17,000021,0.01075268817204301,0.8011998997995993,0.03202846975088969,0.00034439214785902885,
stable_medium_capacity,w11,2026-04-10,2026-04-13,2026-04-17,000878,0.01075268817204301,0.8030235470941884,0.06273458445040214,0.0006745654241978725,
stable_medium_capacity,w11,2026-04-10,2026-04-13,2026-04-17,000060,0.01075268817204301,0.8039353707414829,0.07484076433121012,0.0008047394014108614,
stable_medium_capacity,w11,2026-04-10,2026-04-13,2026-04-17,002465,0.01075268817204301,0.8043912825651303,0.056565656565656486,0.0006082328662973815,
stable_medium_capacity,w11,2026-04-10,2026-04-13,2026-04-17,002624,0.01075268817204301,0.8057590180360721,0.032418952618453734,0.0003485908883704702,
stable_medium_capacity,w11,2026-04-10,2026-04-13,2026-04-17,002156,0.01075268817204301,0.8080385771543086,0.0652221976564229,0.0007013139532948698,
stable_medium_capacity,w11,2026-04-10,2026-04-13,2026-04-17,688002,0.01075268817204301,0.8094063126252504,0.07013201320132012,0.0007541076688313991,
stable_medium_capacity,w11,2026-04-10,2026-04-13,2026-04-17,601233,0.01075268817204301,0.8098622244488978,-0.004060913705583702,-4.366573876971722e-05,
stable_medium_capacity,w11,2026-04-10,2026-04-13,2026-04-17,000050,0.01075268817204301,0.810125250501002,0.004819277108433662,5.182018396165227e-05,
stable_medium_capacity,w11,2026-04-10,2026-04-13,2026-04-17,000825,0.01075268817204301,0.8110370741482966,0.015765765765765716,0.00016952436307274963,
stable_medium_capacity,w11,2026-04-10,2026-04-13,2026-04-17,603920,0.01075268817204301,0.8116858717434869,0.061041292639138156,0.0006563579853670769,
stable_medium_capacity,w11,2026-04-10,2026-04-13,2026-04-17,688568,0.01075268817204301,0.8135095190380761,0.04145686471970467,0.00044577273892155555,
stable_medium_capacity,w11,2026-04-10,2026-04-13,2026-04-17,002266,0.01075268817204301,0.8137725450901804,0.049411764705882266,0.0005313092979127125,
stable_medium_capacity,w11,2026-04-10,2026-04-13,2026-04-17,688375,0.01075268817204301,0.8312900801603207,0.23254540476407803,0.002500488223269656,
stable_medium_capacity,w11,2026-04-10,2026-04-13,2026-04-17,300604,0.01075268817204301,0.8322019038076152,0.09163346613545809,0.000985306087478044,
stable_medium_capacity,w11,2026-04-10,2026-04-13,2026-04-17,002432,0.01075268817204301,0.9922595190380762,-0.1876010781671159,-0.0020172158942700635,
stable_medium_capacity,w11,2026-04-10,2026-04-13,2026-04-17,688709,0.01075268817204301,0.92,0.0038348748026166835,4.1235212931362186e-05,
stable_medium_capacity,w11,2026-04-10,2026-04-13,2026-04-17,600563,0.01075268817204301,0.8867184368737475,0.06116666666666659,0.0006577060931899633,
stable_medium_capacity,w11,2026-04-10,2026-04-13,2026-04-17,600808,0.01075268817204301,0.8926452905811624,-0.01715686274509809,-0.0001844823951085816,
stable_medium_capacity,w11,2026-04-10,2026-04-13,2026-04-17,605358,0.01075268817204301,0.8972044088176353,0.030985915492957705,0.00033318188702105057,
stable_medium_capacity,w11,2026-04-10,2026-04-13,2026-04-17,688281,0.01075268817204301,0.901307615230461,0.03040495089465911,0.00032693495585654954,
stable_medium_capacity,w11,2026-04-10,2026-04-13,2026-04-17,000032,0.01075268817204301,0.9035871743486974,0.036892118501956395,0.0003966894462575956,
stable_medium_capacity,w11,2026-04-10,2026-04-13,2026-04-17,600602,0.01075268817204301,0.9040430861723447,0.0,0.0,
stable_medium_capacity,w11,2026-04-10,2026-04-13,2026-04-17,603077,0.01075268817204301,0.9086022044088177,0.057627118644067776,0.0006196464370329868,
stable_medium_capacity,w11,2026-04-10,2026-04-13,2026-04-17,000039,0.01075268817204301,0.9140731462925852,-0.02267002518891681,-0.00024376371170878287,
stable_medium_capacity,w11,2026-04-10,2026-04-13,2026-04-17,001389,0.01075268817204301,0.9190881763527055,0.17672107877927612,0.0019002266535406032,
stable_medium_capacity,w11,2026-04-10,2026-04-13,2026-04-17,002335,0.01075268817204301,0.9241032064128257,0.03314824162880692,0.0003564327056860959,
stable_medium_capacity,w11,2026-04-10,2026-04-13,2026-04-17,601611,0.01075268817204301,0.8326578156312625,0.006346967559943462,6.824696301014474e-05,
stable_medium_capacity,w11,2026-04-10,2026-04-13,2026-04-17,301536,0.01075268817204301,0.9268386773547095,0.030630144379975688,0.0003293563911825343,
stable_medium_capacity,w11,2026-04-10,2026-04-13,2026-04-17,603688,0.01075268817204301,0.9277505010020041,0.09792284866468837,0.0010529338566095522,
stable_medium_capacity,w11,2026-04-10,2026-04-13,2026-04-17,002409,0.01075268817204301,0.9304859719438878,0.005501580241133119,5.9156776786377626e-05,
stable_medium_capacity,w11,2026-04-10,2026-04-13,2026-04-17,002044,0.01075268817204301,0.9332214428857716,-0.00375939849624074,-4.042363974452408e-05,
stable_medium_capacity,w11,2026-04-10,2026-04-13,2026-04-17,300285,0.01075268817204301,0.9350450901803607,0.11381618989653086,0.0012238299988874286,
stable_medium_capacity,w11,2026-04-10,2026-04-13,2026-04-17,688220,0.01075268817204301,0.9505460921843688,0.13705026091733052,0.0014736587195411882,
stable_medium_capacity,w11,2026-04-10,2026-04-13,2026-04-17,301611,0.01075268817204301,0.9514579158316634,0.09365045657252069,0.0010069941566937708,
stable_medium_capacity,w11,2026-04-10,2026-04-13,2026-04-17,300570,0.01075268817204301,0.9689554108216433,0.11065670467951239,0.0011898570395646492,
stable_medium_capacity,w11,2026-04-10,2026-04-13,2026-04-17,300432,0.01075268817204301,0.9776703406813627,0.03801396431342119,0.0004087523044453891,
stable_medium_capacity,w11,2026-04-10,2026-04-13,2026-04-17,600363,0.01075268817204301,0.8830711422845692,0.03378767517757719,0.00036330833524276547,
stable_medium_capacity,w11,2026-04-10,2026-04-13,2026-04-17,000967,0.01075268817204301,0.8769138276553107,0.3671875,0.003948252688172043,
stable_medium_capacity,w11,2026-04-10,2026-04-13,2026-04-17,688692,0.01075268817204301,0.8757765531062125,0.05164096821431641,0.000555279228110929,
stable_medium_capacity,w11,2026-04-10,2026-04-13,2026-04-17,300496,0.01075268817204301,0.8744088176352706,0.0157310813048519,0.00016915141188012797,
stable_medium_capacity,w11,2026-04-10,2026-04-13,2026-04-17,688019,0.01075268817204301,0.8331137274549099,-0.0764127115768839,-0.0008216420599664934,
stable_medium_capacity,w11,2026-04-10,2026-04-13,2026-04-17,002138,0.01075268817204301,0.834744488977956,0.0350364963503651,0.0003767365198963989,
stable_medium_capacity,w11,2026-04-10,2026-04-13,2026-04-17,002202,0.01075268817204301,0.834937374749499,0.05484004985459068,0.0005896779554257061,
stable_medium_capacity,w11,2026-04-10,2026-04-13,2026-04-17,002008,0.01075268817204301,0.8353932865731463,0.14382756368386684,0.0015465329428372779,
stable_medium_capacity,w11,2026-04-10,2026-04-13,2026-04-17,600879,0.01075268817204301,0.8363051102204409,0.09798406000937665,0.0010535920431115767,
stable_medium_capacity,w11,2026-04-10,2026-04-13,2026-04-17,002273,0.01075268817204301,0.8385846693386774,-0.028112449799196804,-0.0003022844064429764,
stable_medium_capacity,w11,2026-04-10,2026-04-13,2026-04-17,600118,0.01075268817204301,0.839496492985972,0.08882412569690823,0.0009550981257732067,
stable_medium_capacity,w11,2026-04-10,2026-04-13,2026-04-17,003031,0.01075268817204301,0.8399524048096192,0.17191081475307346,0.00184850338444165,
stable_medium_capacity,w11,2026-04-10,2026-04-13,2026-04-17,300679,0.01075268817204301,0.8408441883767535,0.007473143390938741,8.03563805477284e-05,
stable_medium_capacity,w11,2026-04-10,2026-04-13,2026-04-17,000960,0.01075268817204301,0.8408642284569139,0.08277541083384055,0.000890058181009038,
stable_medium_capacity,w11,2026-04-10,2026-04-13,2026-04-17,601061,0.01075268817204301,0.8415831663326654,0.07589658048373638,0.0008160922632659825,
stable_medium_capacity,w11,2026-04-10,2026-04-13,2026-04-17,300002,0.01075268817204301,0.8452304609218437,0.0010384215991692258,1.1165823646980921e-05,
stable_medium_capacity,w11,2026-04-10,2026-04-13,2026-04-17,688615,0.01075268817204301,0.845686372745491,0.06184330744632249,0.0006649818004980912,
stable_medium_capacity,w11,2026-04-10,2026-04-13,2026-04-17,000738,0.01075268817204301,0.8475100200400802,0.023640661938534313,0.0002542006660057453,
stable_medium_capacity,w11,2026-04-10,2026-04-13,2026-04-17,300623,0.01075268817204301,0.8479659318637275,0.009537265983751375,0.00010255124713711156,
stable_medium_capacity,w11,2026-04-10,2026-04-13,2026-04-17,300458,0.01075268817204301,0.8485946893787575,-0.002081165452653466,-2.2378123146811462e-05,
stable_medium_capacity,w11,2026-04-10,2026-04-13,2026-04-17,000034,0.01075268817204301,0.853436873747495,0.03908241291418846,0.00042024099907729523,
stable_medium_capacity,w11,2026-04-10,2026-04-13,2026-04-17,300627,0.01075268817204301,0.8570841683366734,0.014222222222222136,0.00015292712066905523,
stable_medium_capacity,w11,2026-04-10,2026-04-13,2026-04-17,603341,0.01075268817204301,0.8693937875751503,0.010376134889753752,0.00011157134290057797,
stable_medium_capacity,w11,2026-04-10,2026-04-13,2026-04-17,002683,0.01075268817204301,0.7969038076152305,0.09754838709677416,0.0010489073881373564,
balanced_extra_wide_capacity,w12,2026-04-17,2026-04-20,2026-04-24,688702,0.015625,1.0,0.19063339055416173,0.002978646727408777,
balanced_extra_wide_capacity,w12,2026-04-17,2026-04-20,2026-04-24,301200,0.015625,0.9886773547094188,-0.08003353222545484,-0.0012505239410227319,
balanced_extra_wide_capacity,w12,2026-04-17,2026-04-20,2026-04-24,301308,0.015625,0.923496993987976,0.0072060887401490525,0.00011259513656482895,
balanced_extra_wide_capacity,w12,2026-04-17,2026-04-20,2026-04-24,688347,0.015625,0.9186372745490983,0.11387529090763193,0.001779301420431749,
balanced_extra_wide_capacity,w12,2026-04-17,2026-04-20,2026-04-24,002185,0.015625,0.914178356713427,-0.02276295133438,-0.0003556711145996875,
balanced_extra_wide_capacity,w12,2026-04-17,2026-04-20,2026-04-24,002281,0.015625,0.913627254509018,0.10160061628006489,0.001587509629376014,
balanced_extra_wide_capacity,w12,2026-04-17,2026-04-20,2026-04-24,000021,0.015625,0.9133517034068137,-0.005172413793103403,-8.081896551724067e-05,
balanced_extra_wide_capacity,w12,2026-04-17,2026-04-20,2026-04-24,002025,0.015625,0.9131763527054109,-0.03698595787362091,-0.0005779055917753267,
balanced_extra_wide_capacity,w12,2026-04-17,2026-04-20,2026-04-24,603688,0.015625,0.9036072144288577,0.019305019305019266,0.00030164092664092604,
balanced_extra_wide_capacity,w12,2026-04-17,2026-04-20,2026-04-24,301536,0.015625,0.9030561122244489,0.06834249803613512,0.0010678515318146113,
balanced_extra_wide_capacity,w12,2026-04-17,2026-04-20,2026-04-24,600118,0.015625,0.8996492985971943,0.12067962294891177,0.0018856191085767464,
balanced_extra_wide_capacity,w12,2026-04-17,2026-04-20,2026-04-24,300383,0.015625,0.8988977955911824,-0.059438635112823435,-0.0009287286736378662,
balanced_extra_wide_capacity,w12,2026-04-17,2026-04-20,2026-04-24,002156,0.015625,0.8982464929859719,0.00498132004981322,7.783312577833157e-05,
balanced_extra_wide_capacity,w12,2026-04-17,2026-04-20,2026-04-24,600707,0.015625,0.8980460921843688,0.03594351732991008,0.000561617458279845,
balanced_extra_wide_capacity,w12,2026-04-17,2026-04-20,2026-04-24,300136,0.015625,0.8966683366733468,0.0853023628354026,0.0013328494193031656,
balanced_extra_wide_capacity,w12,2026-04-17,2026-04-20,2026-04-24,688037,0.015625,0.8956412825651302,-0.011263736263736335,-0.00017599587912088023,
balanced_extra_wide_capacity,w12,2026-04-17,2026-04-20,2026-04-24,605358,0.015625,0.8936372745490981,0.04617486338797816,0.0007214822404371588,
balanced_extra_wide_capacity,w12,2026-04-17,2026-04-20,2026-04-24,300748,0.015625,0.892935871743487,-0.032727272727272716,-0.0005113636363636362,
balanced_extra_wide_capacity,w12,2026-04-17,2026-04-20,2026-04-24,300058,0.015625,0.8906312625250501,-0.03333333333333344,-0.000520833333333335,
balanced_extra_wide_capacity,w12,2026-04-17,2026-04-20,2026-04-24,002738,0.015625,0.8901302605210422,0.008743944227815215,0.00013662412855961273,
balanced_extra_wide_capacity,w12,2026-04-17,2026-04-20,2026-04-24,002837,0.015625,0.888877755511022,-0.13969458751242436,-0.0021827279298816307,
balanced_extra_wide_capacity,w12,2026-04-17,2026-04-20,2026-04-24,000426,0.015625,0.8882014028056111,-0.08446251129177962,-0.0013197267389340565,
balanced_extra_wide_capacity,w12,2026-04-17,2026-04-20,2026-04-24,002126,0.015625,0.8880761523046091,-0.04747351263243682,-0.0007417736348818253,
balanced_extra_wide_capacity,w12,2026-04-17,2026-04-20,2026-04-24,002195,0.015625,0.8865731462925852,-0.01967213114754096,-0.0003073770491803275,
balanced_extra_wide_capacity,w12,2026-04-17,2026-04-20,2026-04-24,600392,0.015625,0.8840180360721442,-0.04583651642475173,-0.0007161955691367457,
balanced_extra_wide_capacity,w12,2026-04-17,2026-04-20,2026-04-24,300454,0.015625,0.8834168336673347,-0.009378870996283872,-0.0001465448593169355,
balanced_extra_wide_capacity,w12,2026-04-17,2026-04-20,2026-04-24,603979,0.015625,0.8813627254509018,-0.0060432569974555594,-9.442589058524312e-05,
balanced_extra_wide_capacity,w12,2026-04-17,2026-04-20,2026-04-24,600879,0.015625,0.8788577154308617,0.00853970964987183,0.00013343296327924734,
balanced_extra_wide_capacity,w12,2026-04-17,2026-04-20,2026-04-24,300373,0.015625,0.8775551102204409,0.05286567543525211,0.0008260261786758143,
balanced_extra_wide_capacity,w12,2026-04-17,2026-04-20,2026-04-24,688709,0.015625,0.8773046092184369,-0.04426966292134826,-0.0006917134831460666,
balanced_extra_wide_capacity,w12,2026-04-17,2026-04-20,2026-04-24,002353,0.015625,0.8706412825651302,0.08103647466578634,0.0012661949166529116,
balanced_extra_wide_capacity,w12,2026-04-17,2026-04-20,2026-04-24,301611,0.015625,0.9245991983967936,0.0833009708737864,0.0013015776699029126,
balanced_extra_wide_capacity,w12,2026-04-17,2026-04-20,2026-04-24,601212,0.015625,0.9259519038076152,-0.048387096774193616,-0.0007560483870967753,
balanced_extra_wide_capacity,w12,2026-04-17,2026-04-20,2026-04-24,002335,0.015625,0.9259519038076152,0.05276872964169388,0.0008245114006514669,
balanced_extra_wide_capacity,w12,2026-04-17,2026-04-20,2026-04-24,002436,0.015625,0.9493987975951903,0.09063097514340357,0.0014161089866156808,
balanced_extra_wide_capacity,w12,2026-04-17,2026-04-20,2026-04-24,002851,0.015625,0.9850701402805611,-0.014981626307358775,-0.00023408791105248086,
balanced_extra_wide_capacity,w12,2026-04-17,2026-04-20,2026-04-24,300567,0.015625,0.9810621242484969,0.0346449286722057,0.000541327010503214,
balanced_extra_wide_capacity,w12,2026-04-17,2026-04-20,2026-04-24,002202,0.015625,0.980936873747495,0.0035447026388342184,5.538597873178466e-05,
balanced_extra_wide_capacity,w12,2026-04-17,2026-04-20,2026-04-24,300679,0.015625,0.9770541082164328,0.02596198423736662,0.00040565600370885344,
balanced_extra_wide_capacity,w12,2026-04-17,2026-04-20,2026-04-24,688629,0.015625,0.9769038076152305,0.03863636363636358,0.0006036931818181809,
balanced_extra_wide_capacity,w12,2026-04-17,2026-04-20,2026-04-24,002429,0.015625,0.9757014028056112,0.10496719775070273,0.0016401124648547302,
balanced_extra_wide_capacity,w12,2026-04-17,2026-04-20,2026-04-24,000967,0.015625,0.9689879759519038,-0.07500000000000007,-0.001171875000000001,
balanced_extra_wide_capacity,w12,2026-04-17,2026-04-20,2026-04-24,688375,0.015625,0.9605711422845691,-0.06834505738615337,-0.0010678915216586465,
balanced_extra_wide_capacity,w12,2026-04-17,2026-04-20,2026-04-24,600497,0.015625,0.9589679358717436,0.03276836158192098,0.0005120056497175153,
balanced_extra_wide_capacity,w12,2026-04-17,2026-04-20,2026-04-24,601231,0.015625,0.9563627254509017,-0.015181682429069143,-0.00023721378795420536,
balanced_extra_wide_capacity,w12,2026-04-17,2026-04-20,2026-04-24,300223,0.015625,0.9542835671342685,0.02577275451665373,0.0004026992893227145,
balanced_extra_wide_capacity,w12,2026-04-17,2026-04-20,2026-04-24,688676,0.015625,0.9537074148296593,0.06049862763037517,0.000945291056724612,
balanced_extra_wide_capacity,w12,2026-04-17,2026-04-20,2026-04-24,000060,0.015625,0.9495240480961924,-0.03851851851851851,-0.0006018518518518517,
balanced_extra_wide_capacity,w12,2026-04-17,2026-04-20,2026-04-24,300604,0.015625,0.9479458917835671,0.04844061048440618,0.0007568845388188465,
balanced_extra_wide_capacity,w12,2026-04-17,2026-04-20,2026-04-24,601168,0.015625,0.9269288577154309,0.014300662713637724,0.00022344785490058944,
balanced_extra_wide_capacity,w12,2026-04-17,2026-04-20,2026-04-24,000960,0.015625,0.9394038076152305,0.06632939853850472,0.0010363968521641363,
balanced_extra_wide_capacity,w12,2026-04-17,2026-04-20,2026-04-24,688002,0.015625,0.9387775551102204,0.02351580570547429,0.0003674344641480358,
balanced_extra_wide_capacity,w12,2026-04-17,2026-04-20,2026-04-24,300857,0.015625,0.9384268537074149,-0.16636162827390333,-0.0025994004417797395,
balanced_extra_wide_capacity,w12,2026-04-17,2026-04-20,2026-04-24,300285,0.015625,0.935370741482966,-0.029781420765027433,-0.00046533469945355364,
balanced_extra_wide_capacity,w12,2026-04-17,2026-04-20,2026-04-24,002409,0.015625,0.9337925851703406,0.03725261932479618,0.0005820721769499403,
balanced_extra_wide_capacity,w12,2026-04-17,2026-04-20,2026-04-24,688220,0.015625,0.9329158316633268,0.09396135265700489,0.0014681461352657015,
balanced_extra_wide_capacity,w12,2026-04-17,2026-04-20,2026-04-24,688281,0.015625,0.9323647294589179,-0.031466248857553114,-0.0004916601383992674,
balanced_extra_wide_capacity,w12,2026-04-17,2026-04-20,2026-04-24,300395,0.015625,0.9321643286573147,-0.03698752228163993,-0.0005779300356506239,
balanced_extra_wide_capacity,w12,2026-04-17,2026-04-20,2026-04-24,000878,0.015625,0.9306613226452906,-0.010595358224016138,-0.00016555247225025216,
balanced_extra_wide_capacity,w12,2026-04-17,2026-04-20,2026-04-24,603920,0.015625,0.9302354709418837,-0.06497461928934012,-0.0010152284263959394,
balanced_extra_wide_capacity,w12,2026-04-17,2026-04-20,2026-04-24,003031,0.015625,0.9293587174348698,0.13611308677098144,0.002126766980796585,
balanced_extra_wide_capacity,w12,2026-04-17,2026-04-20,2026-04-24,603077,0.015625,0.9293587174348698,-0.0608974358974359,-0.000951522435897436,
balanced_extra_wide_capacity,w12,2026-04-17,2026-04-20,2026-04-24,002080,0.015625,0.9269539078156313,0.06531440162271829,0.0010205375253549732,
balanced_extra_wide_capacity,w12,2026-04-17,2026-04-20,2026-04-24,000039,0.015625,0.8698897795591183,-0.045532646048110026,-0.0007114475945017192,
balanced_medium_current,w12,2026-04-17,2026-04-20,2026-04-24,300390,0.020408163265306124,1.0,0.03656452898963436,0.0007462148773394768,
balanced_medium_current,w12,2026-04-17,2026-04-20,2026-04-24,600126,0.020408163265306124,0.9478957915831663,0.052208835341365445,0.0010654864355380705,
balanced_medium_current,w12,2026-04-17,2026-04-20,2026-04-24,300136,0.020408163265306124,0.9438877755511023,0.0853023628354026,0.0017408645476612778,
balanced_medium_current,w12,2026-04-17,2026-04-20,2026-04-24,300567,0.020408163265306124,0.9418837675350702,0.0346449286722057,0.0007070393606572593,
balanced_medium_current,w12,2026-04-17,2026-04-20,2026-04-24,601212,0.020408163265306124,0.9398797595190381,-0.048387096774193616,-0.0009874917709019107,
balanced_medium_current,w12,2026-04-17,2026-04-20,2026-04-24,002080,0.020408163265306124,0.9378757515030061,0.06531440162271829,0.0013329469718922102,
balanced_medium_current,w12,2026-04-17,2026-04-20,2026-04-24,600118,0.020408163265306124,0.935871743486974,0.12067962294891177,0.0024628494479369753,
balanced_medium_current,w12,2026-04-17,2026-04-20,2026-04-24,000426,0.020408163265306124,0.9338677354709419,-0.08446251129177962,-0.0017237247202404006,
balanced_medium_current,w12,2026-04-17,2026-04-20,2026-04-24,688037,0.020408163265306124,0.9318637274549099,-0.011263736263736335,-0.00022987216864768032,
balanced_medium_current,w12,2026-04-17,2026-04-20,2026-04-24,688183,0.020408163265306124,0.9298597194388778,-0.0014495379597753155,-2.958240734235338e-05,
balanced_medium_current,w12,2026-04-17,2026-04-20,2026-04-24,601233,0.020408163265306124,0.9278557114228457,0.033129459734964284,0.0006761114231625364,
balanced_medium_current,w12,2026-04-17,2026-04-20,2026-04-24,603920,0.020408163265306124,0.9258517034068137,-0.06497461928934012,-0.0013260126385579618,
balanced_medium_current,w12,2026-04-17,2026-04-20,2026-04-24,000657,0.020408163265306124,0.9238476953907816,-0.016749821810406185,-0.0003418330981715548,
balanced_medium_current,w12,2026-04-17,2026-04-20,2026-04-24,600392,0.020408163265306124,0.9218436873747495,-0.04583651642475173,-0.0009354391107092191,
balanced_medium_current,w12,2026-04-17,2026-04-20,2026-04-24,301611,0.020408163265306124,0.9198396793587175,0.0833009708737864,0.001700019813750743,
balanced_medium_current,w12,2026-04-17,2026-04-20,2026-04-24,002335,0.020408163265306124,0.9178356713426854,0.05276872964169388,0.0010769128498304874,
balanced_medium_current,w12,2026-04-17,2026-04-20,2026-04-24,603688,0.020408163265306124,0.9158316633266533,0.019305019305019266,0.00039397998581671974,
balanced_medium_current,w12,2026-04-17,2026-04-20,2026-04-24,002465,0.020408163265306124,0.9138276553106213,0.015296367112810794,0.00031217075740430194,
balanced_medium_current,w12,2026-04-17,2026-04-20,2026-04-24,300223,0.020408163265306124,0.9118236472945892,0.02577275451665373,0.0005259745819725251,
balanced_medium_current,w12,2026-04-17,2026-04-20,2026-04-24,002126,0.020408163265306124,0.9098196392785571,-0.04747351263243682,-0.0009688471965803434,
balanced_medium_current,w12,2026-04-17,2026-04-20,2026-04-24,300454,0.020408163265306124,0.9078156312625251,-0.009378870996283872,-0.00019140553053640557,
balanced_medium_current,w12,2026-04-17,2026-04-20,2026-04-24,688027,0.020408163265306124,0.905811623246493,-0.08542546470255707,-0.0017433768306644303,
balanced_medium_current,w12,2026-04-17,2026-04-20,2026-04-24,603077,0.020408163265306124,0.9038076152304609,-0.0608974358974359,-0.001242804814233386,
balanced_medium_current,w12,2026-04-17,2026-04-20,2026-04-24,300054,0.020408163265306124,0.9458917835671342,0.07547169811320753,0.0015402387370042354,
balanced_medium_current,w12,2026-04-17,2026-04-20,2026-04-24,300570,0.020408163265306124,0.9498997995991983,-0.05041778784874662,-0.0010289344458927882,
balanced_medium_current,w12,2026-04-17,2026-04-20,2026-04-24,002281,0.020408163265306124,0.9979959919839679,0.10160061628006489,0.0020734819648992836,
balanced_medium_current,w12,2026-04-17,2026-04-20,2026-04-24,002738,0.020408163265306124,0.9519038076152304,0.008743944227815215,0.00017844784138398398,
balanced_medium_current,w12,2026-04-17,2026-04-20,2026-04-24,300857,0.020408163265306124,0.9939879759519038,-0.16636162827390333,-0.0033951352708959867,
balanced_medium_current,w12,2026-04-17,2026-04-20,2026-04-24,002436,0.020408163265306124,0.9919839679358717,0.09063097514340357,0.001849611737620481,
balanced_medium_current,w12,2026-04-17,2026-04-20,2026-04-24,688375,0.020408163265306124,0.9899799599198397,-0.06834505738615337,-0.0013947970895133344,
balanced_medium_current,w12,2026-04-17,2026-04-20,2026-04-24,001389,0.020408163265306124,0.9879759519038076,0.1432783809140865,0.0029240485900833986,
balanced_medium_current,w12,2026-04-17,2026-04-20,2026-04-24,300058,0.020408163265306124,0.9859719438877755,-0.03333333333333344,-0.0006802721088435396,
balanced_medium_current,w12,2026-04-17,2026-04-20,2026-04-24,002837,0.020408163265306124,0.9839679358717435,-0.13969458751242436,-0.0028509099492331504,
balanced_medium_current,w12,2026-04-17,2026-04-20,2026-04-24,688525,0.020408163265306124,0.9819639278557114,-0.015406214209184643,-0.0003144125348813193,
balanced_medium_current,w12,2026-04-17,2026-04-20,2026-04-24,600549,0.020408163265306124,0.9799599198396793,-0.01702466189339702,-0.0003474420794570821,
balanced_medium_current,w12,2026-04-17,2026-04-20,2026-04-24,600498,0.020408163265306124,0.9779559118236473,0.06068601583113442,0.0012384901190027435,
balanced_medium_current,w12,2026-04-17,2026-04-20,2026-04-24,300432,0.020408163265306124,0.9759519038076152,0.023168908819132916,0.00047283487385985546,
balanced_medium_current,w12,2026-04-17,2026-04-20,2026-04-24,002025,0.020408163265306124,0.9739478957915831,-0.03698595787362091,-0.0007548154668085901,
balanced_medium_current,w12,2026-04-17,2026-04-20,2026-04-24,300017,0.020408163265306124,0.9719438877755511,-0.05820105820105814,-0.0011877766979807786,
balanced_medium_current,w12,2026-04-17,2026-04-20,2026-04-24,301308,0.020408163265306124,0.969939879759519,0.0072060887401490525,0.00014706303551324597,
balanced_medium_current,w12,2026-04-17,2026-04-20,2026-04-24,300604,0.020408163265306124,0.9679358717434869,0.04844061048440618,0.0009885838874368609,
balanced_medium_current,w12,2026-04-17,2026-04-20,2026-04-24,688387,0.020408163265306124,0.9659318637274549,-0.028016009148084553,-0.0005717552887364195,
balanced_medium_current,w12,2026-04-17,2026-04-20,2026-04-24,002353,0.020408163265306124,0.9639278557114228,0.08103647466578634,0.0016538056054242111,
balanced_medium_current,w12,2026-04-17,2026-04-20,2026-04-24,300395,0.020408163265306124,0.9619238476953907,-0.03698752228163993,-0.0007548473935028557,
balanced_medium_current,w12,2026-04-17,2026-04-20,2026-04-24,688629,0.020408163265306124,0.9599198396793587,0.03863636363636358,0.0007884972170686445,
balanced_medium_current,w12,2026-04-17,2026-04-20,2026-04-24,600879,0.020408163265306124,0.9579158316633266,0.00853970964987183,0.0001742797887728945,
balanced_medium_current,w12,2026-04-17,2026-04-20,2026-04-24,002202,0.020408163265306124,0.9559118236472945,0.0035447026388342184,7.234087018029019e-05,
balanced_medium_current,w12,2026-04-17,2026-04-20,2026-04-24,688002,0.020408163265306124,0.9539078156312625,0.02351580570547429,0.0004799144021525366,
balanced_medium_current,w12,2026-04-17,2026-04-20,2026-04-24,603225,0.020408163265306124,0.9018036072144289,0.016090584028605415,0.00032837926588990645,
economic_medium_capacity,w12,2026-04-17,2026-04-20,2026-04-24,300390,0.036000000004219955,0.9994589178356713,0.03656452898963436,0.0013163230437811377,
economic_medium_capacity,w12,2026-04-17,2026-04-20,2026-04-24,300604,0.036000000004219955,0.9839198396793587,0.04844061048440618,0.0017438619776430396,
economic_medium_capacity,w12,2026-04-17,2026-04-20,2026-04-24,000967,0.036000000004219955,0.9960040080160321,-0.07500000000000007,-0.002700000000316499,
economic_medium_capacity,w12,2026-04-17,2026-04-20,2026-04-24,300285,0.036000000004219955,0.9736072144288577,-0.029781420765027433,-0.0010721311476666639,
economic_medium_capacity,w12,2026-04-17,2026-04-20,2026-04-24,300395,0.036000000004219955,0.975935871743487,-0.03698752228163993,-0.001331550802295123,
economic_medium_capacity,w12,2026-04-17,2026-04-20,2026-04-24,002203,0.036000000004219955,0.9776352705410821,0.017251293847038607,0.0006210465785661895,
economic_medium_capacity,w12,2026-04-17,2026-04-20,2026-04-24,000539,0.036000000004219955,0.9792104208416833,0.1488616462346759,0.005359019265076522,
economic_medium_capacity,w12,2026-04-17,2026-04-20,2026-04-24,002202,0.036000000004219955,0.981875751503006,0.0035447026388342184,0.00012760929501299035,
economic_medium_capacity,w12,2026-04-17,2026-04-20,2026-04-24,688295,0.036000000004219955,0.9852985971943887,0.1285988483685221,0.004629558541809476,
economic_medium_capacity,w12,2026-04-17,2026-04-20,2026-04-24,001389,0.036000000004219955,0.9873667334669338,0.1432783809140865,0.005158021713511742,
economic_medium_capacity,w12,2026-04-17,2026-04-20,2026-04-24,000703,0.036000000004219955,0.9899719438877755,-0.009265387160820593,-0.00033355393782864086,
economic_medium_capacity,w12,2026-04-17,2026-04-20,2026-04-24,002281,0.036000000004219955,0.9918637274549098,0.10160061628006489,0.0036576221865110862,
economic_medium_capacity,w12,2026-04-17,2026-04-20,2026-04-24,002432,0.036000000004219955,0.993811623246493,0.08214996682149978,0.002957398805920661,
economic_medium_capacity,w12,2026-04-17,2026-04-20,2026-04-24,003031,0.036000000004219955,0.9942404809619239,0.13611308677098144,0.0049000711243297225,
economic_medium_capacity,w12,2026-04-17,2026-04-20,2026-04-24,002851,0.036000000004219955,0.9578476953907815,-0.014981626307358775,-0.0005393385471281377,
economic_medium_capacity,w12,2026-04-17,2026-04-20,2026-04-24,300223,0.036000000000000004,0.9578557114228456,0.02577275451665373,0.0009278191625995343,
economic_medium_capacity,w12,2026-04-17,2026-04-20,2026-04-24,300570,0.036000000000000004,0.9513266533066131,-0.05041778784874662,-0.0018150403625548784,
economic_medium_capacity,w12,2026-04-17,2026-04-20,2026-04-24,301611,0.036000000000000004,0.9538356713426853,0.0833009708737864,0.002998834951456311,
economic_medium_capacity,w12,2026-04-17,2026-04-20,2026-04-24,600549,0.036000000000000004,0.957815631262525,-0.01702466189339702,-0.0006128878281622928,
economic_medium_capacity,w12,2026-04-17,2026-04-20,2026-04-24,002156,0.036000000000000004,0.9698877755511022,0.00498132004981322,0.00017932752179327594,
economic_medium_capacity,w12,2026-04-17,2026-04-20,2026-04-24,300857,0.036000000000000004,0.9617034068136272,-0.16636162827390333,-0.00598901861786052,
economic_medium_capacity,w12,2026-04-17,2026-04-20,2026-04-24,301308,0.036000000000000004,0.9637274549098196,0.0072060887401490525,0.0002594191946453659,
economic_medium_capacity,w12,2026-04-17,2026-04-20,2026-04-24,300567,0.036000000000000004,0.9659599198396793,0.0346449286722057,0.0012472174321994053,
economic_medium_capacity,w12,2026-04-17,2026-04-20,2026-04-24,301200,0.036000000000000004,0.9677595190380761,-0.08003353222545484,-0.0028812071601163744,
economic_medium_capacity,w12,2026-04-17,2026-04-20,2026-04-24,600707,0.036000000000000004,0.9718076152304609,0.03594351732991008,0.001293966623876763,
economic_medium_capacity,w12,2026-04-17,2026-04-20,2026-04-24,002080,0.03333333331223356,0.9499519038076152,0.06531440162271829,0.002177146719379157,
economic_medium_capacity,w12,2026-04-17,2026-04-20,2026-04-24,000021,0.02666666664978681,0.9477394789579158,-0.005172413793103403,-0.0001379310343954478,
economic_medium_capacity,w12,2026-04-17,2026-04-20,2026-04-24,000960,0.019999999987340117,0.9449158316633266,0.06632939853850472,0.001326587969930372,
economic_medium_capacity,w12,2026-04-17,2026-04-20,2026-04-24,002429,0.013333333324893405,0.9448276553106212,0.10496719775070273,0.0013995626357901209,
economic_medium_capacity,w12,2026-04-17,2026-04-20,2026-04-24,000426,0.0066666666624467024,0.9419078156312626,-0.08446251129177962,-0.0005630834082554353,
recent_compact_capacity,w12,2026-04-17,2026-04-20,2026-04-24,002281,0.032972380952380954,0.9997795591182365,0.10160061628006489,0.003350014224982978,
recent_compact_capacity,w12,2026-04-17,2026-04-20,2026-04-24,002202,0.032972380952380954,0.969629258517034,0.0035447026388342184,0.00011687728577055189,
recent_compact_capacity,w12,2026-04-17,2026-04-20,2026-04-24,600549,0.032972380952380954,0.9354709418837674,-0.01702466189339702,-0.0005613436375345698,
recent_compact_capacity,w12,2026-04-17,2026-04-20,2026-04-24,688387,0.032972380952380954,0.9403707414829658,-0.028016009148084553,-0.0009237545263960337,
recent_compact_capacity,w12,2026-04-17,2026-04-20,2026-04-24,000657,0.032972380952380954,0.9421543086172344,-0.016749821810406185,-0.000552281505617212,
recent_compact_capacity,w12,2026-04-17,2026-04-20,2026-04-24,002131,0.032972380952380954,0.9431663326653306,-0.07412060301507539,-0.0024439327590332622,
recent_compact_capacity,w12,2026-04-17,2026-04-20,2026-04-24,001389,0.032972380952380954,0.9981062124248496,0.1432783809140865,0.004724229357739609,
recent_compact_capacity,w12,2026-04-17,2026-04-20,2026-04-24,300058,0.032972380952380954,0.9614829659318637,-0.03333333333333344,-0.0010990793650793686,
recent_compact_capacity,w12,2026-04-17,2026-04-20,2026-04-24,301611,0.032972380952380954,0.9625551102204408,0.0833009708737864,0.0027466313453536756,
recent_compact_capacity,w12,2026-04-17,2026-04-20,2026-04-24,300432,0.032972380952380954,0.9654008016032063,0.023168908819132916,0.0007639340878354293,
recent_compact_capacity,w12,2026-04-17,2026-04-20,2026-04-24,300567,0.032972380952380954,0.9585270541082164,0.0346449286722057,0.001142325786248032,
recent_compact_capacity,w12,2026-04-17,2026-04-20,2026-04-24,600118,0.032972380952380954,0.9707014028056111,0.12067962294891177,0.003979094501061214,
recent_compact_capacity,w12,2026-04-17,2026-04-20,2026-04-24,600879,0.032972380952380954,0.9725350701402804,0.00853970964987183,0.00028157455979829776,
recent_compact_capacity,w12,2026-04-17,2026-04-20,2026-04-24,003031,0.032972380952380954,0.995881763527054,0.13611308677098144,0.004487972549617285,
recent_compact_capacity,w12,2026-04-17,2026-04-20,2026-04-24,002008,0.032972380952380954,0.9923346693386773,0.17016902695294656,0.005610877982988536,
recent_compact_capacity,w12,2026-04-17,2026-04-20,2026-04-24,300390,0.032972380952380954,0.9913226452905811,0.03656452898963436,0.001205619579190601,
recent_compact_capacity,w12,2026-04-17,2026-04-20,2026-04-24,688375,0.032972380952380954,0.9899799599198396,-0.06834505738615337,-0.002253499268348587,
recent_compact_capacity,w12,2026-04-17,2026-04-20,2026-04-24,688361,0.032972380952380954,0.9343987975951904,-0.05406320541760712,-0.0017825926045361678,
recent_compact_capacity,w12,2026-04-17,2026-04-20,2026-04-24,002203,0.032972380952380954,0.9885270541082164,0.017251293847038607,0.0005688162326460225,
recent_compact_capacity,w12,2026-04-17,2026-04-20,2026-04-24,002025,0.032972380952380954,0.9863026052104208,-0.03698595787362091,-0.0012195150928977425,
recent_compact_capacity,w12,2026-04-17,2026-04-20,2026-04-24,600498,0.032972380952380954,0.975130260521042,0.06068601583113442,0.002000962432466386,
recent_compact_capacity,w12,2026-04-17,2026-04-20,2026-04-24,300751,0.030758,0.9541082164328657,-0.02216258332611898,-0.0006816767379447676,
recent_compact_capacity,w12,2026-04-17,2026-04-20,2026-04-24,688037,0.030758,0.9532665330661322,-0.011263736263736335,-0.0003464500000000022,
recent_compact_capacity,w12,2026-04-17,2026-04-20,2026-04-24,002432,0.030758,0.9499198396793587,0.08214996682149978,0.00252676867949569,
recent_compact_capacity,w12,2026-04-17,2026-04-20,2026-04-24,688002,0.030758,0.9542384769539077,0.02351580570547429,0.0007232991518889782,
recent_compact_capacity,w12,2026-04-17,2026-04-20,2026-04-24,000893,0.030758,0.9466833667334669,-0.01710187568959176,-0.0005260194924604634,
recent_compact_capacity,w12,2026-04-17,2026-04-20,2026-04-24,300604,0.030758,0.9460921843687374,0.04844061048440618,0.0014899362972793653,
recent_compact_capacity,w12,2026-04-17,2026-04-20,2026-04-24,601212,0.030758,0.9545791583166332,-0.048387096774193616,-0.0014882903225806473,
recent_compact_capacity,w12,2026-04-17,2026-04-20,2026-04-24,002837,0.030758,0.9421042084168337,-0.13969458751242436,-0.004296726122707149,
recent_compact_capacity,w12,2026-04-17,2026-04-20,2026-04-24,000426,0.030758,0.9386172344689377,-0.08446251129177962,-0.0025978979223125575,
recent_compact_capacity,w12,2026-04-17,2026-04-20,2026-04-24,300136,0.030758,0.9486873747494989,0.0853023628354026,0.0026237300760913133,
recent_compact_current,w12,2026-04-17,2026-04-20,2026-04-24,002281,0.027027027027027035,0.9938877755511022,0.10160061628006489,0.002745962602163917,
recent_compact_current,w12,2026-04-17,2026-04-20,2026-04-24,688183,0.027027027027027035,0.944689378757515,-0.0014495379597753155,-3.917670161554908e-05,
recent_compact_current,w12,2026-04-17,2026-04-20,2026-04-24,300679,0.027027027027027035,0.9425350701402805,0.02596198423736662,0.0007016752496585575,
recent_compact_current,w12,2026-04-17,2026-04-20,2026-04-24,688361,0.027027027027027035,0.9417835671342685,-0.05406320541760712,-0.0014611677139893821,
recent_compact_current,w12,2026-04-17,2026-04-20,2026-04-24,002126,0.027027027027027035,0.9358967935871744,-0.04747351263243682,-0.0012830679089847793,
recent_compact_current,w12,2026-04-17,2026-04-20,2026-04-24,688629,0.027027027027027035,0.9356713426853708,0.03863636363636358,0.001044226044226043,
recent_compact_current,w12,2026-04-17,2026-04-20,2026-04-24,300285,0.027027027027027035,0.9295090180360722,-0.029781420765027433,-0.0008049032639196606,
recent_compact_current,w12,2026-04-17,2026-04-20,2026-04-24,300432,0.027027027027027035,0.927630260521042,0.023168908819132916,0.0006261867248414304,
recent_compact_current,w12,2026-04-17,2026-04-20,2026-04-24,300677,0.027027027027027035,0.9248997995991984,0.07958154305996623,0.002150852515134223,
recent_compact_current,w12,2026-04-17,2026-04-20,2026-04-24,002517,0.027027027027027035,0.9240480961923848,-0.05175292153589317,-0.0013987276090781941,
recent_compact_current,w12,2026-04-17,2026-04-20,2026-04-24,301358,0.027027027027027035,0.921192384769539,0.047013672343487745,0.0012706397930672367,
recent_compact_current,w12,2026-04-17,2026-04-20,2026-04-24,002429,0.027027027027027035,0.9176352705410822,0.10496719775070273,0.002836951290559534,
recent_compact_current,w12,2026-04-17,2026-04-20,2026-04-24,688037,0.027027027027027035,0.9175851703406814,-0.011263736263736335,-0.00030442530442530646,
recent_compact_current,w12,2026-04-17,2026-04-20,2026-04-24,601231,0.027027027027027035,0.9144539078156313,-0.015181682429069143,-0.0004103157413261932,
recent_compact_current,w12,2026-04-17,2026-04-20,2026-04-24,300763,0.027027027027027035,0.912374749498998,0.0825511945392492,0.0022311133659256546,
recent_compact_current,w12,2026-04-17,2026-04-20,2026-04-24,600879,0.027027027027027035,0.9118236472945891,0.00853970964987183,0.00023080296351004953,
recent_compact_current,w12,2026-04-17,2026-04-20,2026-04-24,300054,0.027027027027027035,0.91062124248497,0.07547169811320753,0.002039775624681285,
recent_compact_current,w12,2026-04-17,2026-04-20,2026-04-24,002202,0.027027027027027035,0.9433366733466935,0.0035447026388342184,9.580277402254647e-05,
recent_compact_current,w12,2026-04-17,2026-04-20,2026-04-24,300395,0.027027027027027035,0.9451402805611223,-0.03698752228163993,-0.000999662764368647,
recent_compact_current,w12,2026-04-17,2026-04-20,2026-04-24,002203,0.027027027027027035,0.993436873747495,0.017251293847038607,0.00046625118505509765,
recent_compact_current,w12,2026-04-17,2026-04-20,2026-04-24,301308,0.027027027027027035,0.9503006012024048,0.0072060887401490525,0.00019475915513916364,
recent_compact_current,w12,2026-04-17,2026-04-20,2026-04-24,001389,0.027027027027027035,0.9933867735470941,0.1432783809140865,0.0038723886733536906,
recent_compact_current,w12,2026-04-17,2026-04-20,2026-04-24,003031,0.027027027027027035,0.9836673346693388,0.13611308677098144,0.0036787320748913914,
recent_compact_current,w12,2026-04-17,2026-04-20,2026-04-24,300390,0.027027027027027035,0.9824649298597194,0.03656452898963436,0.0009882305132333613,
recent_compact_current,w12,2026-04-17,2026-04-20,2026-04-24,688375,0.027027027027027035,0.9814629258517035,-0.06834505738615337,-0.0018471637131392809,
recent_compact_current,w12,2026-04-17,2026-04-20,2026-04-24,002025,0.027027027027027035,0.9777054108216433,-0.03698595787362091,-0.0009996204830708358,
recent_compact_current,w12,2026-04-17,2026-04-20,2026-04-24,300604,0.027027027027027035,0.975751503006012,0.04844061048440618,0.0013092056887677348,
recent_compact_current,w12,2026-04-17,2026-04-20,2026-04-24,002436,0.027027027027027035,0.9721442885771543,0.09063097514340357,0.0024494858146865838,
recent_compact_current,w12,2026-04-17,2026-04-20,2026-04-24,002837,0.027027027027027035,0.9695390781563126,-0.13969458751242436,-0.0037755293922276867,
recent_compact_current,w12,2026-04-17,2026-04-20,2026-04-24,688002,0.027027027027027035,0.966683366733467,0.02351580570547429,0.0006355623163641702,
recent_compact_current,w12,2026-04-17,2026-04-20,2026-04-24,300136,0.027027027027027035,0.9650801603206413,0.0853023628354026,0.0023054692658216924,
recent_compact_current,w12,2026-04-17,2026-04-20,2026-04-24,600707,0.027027027027027035,0.962374749498998,0.03594351732991008,0.0009714464143218943,
recent_compact_current,w12,2026-04-17,2026-04-20,2026-04-24,301200,0.027027027027027035,0.9581663326653307,-0.08003353222545484,-0.002163068438525807,
recent_compact_current,w12,2026-04-17,2026-04-20,2026-04-24,002008,0.027027027027027035,0.9532064128256513,0.17016902695294656,0.004599162890620179,
recent_compact_current,w12,2026-04-17,2026-04-20,2026-04-24,603659,0.027027027027027035,0.951002004008016,0.02227791701475934,0.0006021058652637662,
recent_compact_current,w12,2026-04-17,2026-04-20,2026-04-24,601179,0.027027027027027035,0.95062625250501,0.0011634671320535084,3.1445057623067804e-05,
recent_compact_current,w12,2026-04-17,2026-04-20,2026-04-24,688676,0.027027027027027035,0.9084168336673346,0.06049862763037517,0.0016350980440641943,
short_aggressive_compact_capacity,w12,2026-04-17,2026-04-20,2026-04-24,301200,0.03225806451612904,0.99912625250501,-0.08003353222545484,-0.0025817268459824147,
short_aggressive_compact_capacity,w12,2026-04-17,2026-04-20,2026-04-24,000703,0.03225806451612904,0.9603667334669339,-0.009265387160820593,-0.00029888345680066436,
short_aggressive_compact_capacity,w12,2026-04-17,2026-04-20,2026-04-24,002281,0.03225806451612904,0.9317875751503006,0.10160061628006489,0.0032774392348408035,
short_aggressive_compact_capacity,w12,2026-04-17,2026-04-20,2026-04-24,688037,0.03225806451612904,0.9376192384769539,-0.011263736263736335,-0.00036334633108826896,
short_aggressive_compact_capacity,w12,2026-04-17,2026-04-20,2026-04-24,688234,0.03225806451612904,0.9385791583166333,0.10871848739495782,0.003507047980482511,
short_aggressive_compact_capacity,w12,2026-04-17,2026-04-20,2026-04-24,300395,0.03225806451612904,0.9425010020040081,-0.03698752228163993,-0.001193145880052901,
short_aggressive_compact_capacity,w12,2026-04-17,2026-04-20,2026-04-24,002429,0.03225806451612904,0.9444008016032064,0.10496719775070273,0.0033860386371194436,
short_aggressive_compact_capacity,w12,2026-04-17,2026-04-20,2026-04-24,688568,0.03225806451612904,0.9470270541082163,-0.02739726027397249,-0.0008837825894829838,
short_aggressive_compact_capacity,w12,2026-04-17,2026-04-20,2026-04-24,688375,0.03225806451612904,0.9485130260521041,-0.06834505738615337,-0.002204679270521077,
short_aggressive_compact_capacity,w12,2026-04-17,2026-04-20,2026-04-24,301358,0.03225806451612904,0.9526833667334669,0.047013672343487745,0.001516570075596379,
short_aggressive_compact_capacity,w12,2026-04-17,2026-04-20,2026-04-24,002126,0.03225806451612904,0.9531457915831664,-0.04747351263243682,-0.0015314036333044139,
short_aggressive_compact_capacity,w12,2026-04-17,2026-04-20,2026-04-24,688183,0.03225806451612904,0.9535851703406814,-0.0014495379597753155,-4.675928902501019e-05,
short_aggressive_compact_capacity,w12,2026-04-17,2026-04-20,2026-04-24,688002,0.03225806451612904,0.9558762525050101,0.02351580570547429,0.000758574377595945,
short_aggressive_compact_capacity,w12,2026-04-17,2026-04-20,2026-04-24,600602,0.03225806451612904,0.9587615230460922,-0.0772425249169435,-0.0024916943521594683,
short_aggressive_compact_capacity,w12,2026-04-17,2026-04-20,2026-04-24,002203,0.03225806451612904,0.9598867735470942,0.017251293847038607,0.0005564933499044713,
short_aggressive_compact_capacity,w12,2026-04-17,2026-04-20,2026-04-24,002432,0.03225806451612904,0.9620100200400801,0.08214996682149978,0.0026499989297257996,
short_aggressive_compact_capacity,w12,2026-04-17,2026-04-20,2026-04-24,300432,0.03225806451612904,0.9933326653306613,0.023168908819132916,0.0007473841554559007,
short_aggressive_compact_capacity,w12,2026-04-17,2026-04-20,2026-04-24,688629,0.03225806451612904,0.9634529058116232,0.03863636363636358,0.0012463343108504383,
short_aggressive_compact_capacity,w12,2026-04-17,2026-04-20,2026-04-24,301308,0.03225806451612904,0.963501002004008,0.0072060887401490525,0.00023245447548867916,
short_aggressive_compact_capacity,w12,2026-04-17,2026-04-20,2026-04-24,002436,0.03225806451612904,0.9652765531062124,0.09063097514340357,0.0029235798433355996,
short_aggressive_compact_capacity,w12,2026-04-17,2026-04-20,2026-04-24,002517,0.03225806451612904,0.9667394789579159,-0.05175292153589317,-0.0016694490818030057,
short_aggressive_compact_capacity,w12,2026-04-17,2026-04-20,2026-04-24,688361,0.03225806451612904,0.9712985971943888,-0.05406320541760712,-0.0017439743683099074,
short_aggressive_compact_capacity,w12,2026-04-17,2026-04-20,2026-04-24,300604,0.03225806451612904,0.9773386773547094,0.04844061048440618,0.0015626003382066512,
short_aggressive_compact_capacity,w12,2026-04-17,2026-04-20,2026-04-24,688525,0.03225806451612904,0.9774579158316633,-0.015406214209184643,-0.0004969746519091821,
short_aggressive_compact_capacity,w12,2026-04-17,2026-04-20,2026-04-24,001389,0.03225806451612904,0.9827284569138277,0.1432783809140865,0.004621883255293114,
short_aggressive_compact_capacity,w12,2026-04-17,2026-04-20,2026-04-24,600707,0.03225806451612904,0.9850701402805611,0.03594351732991008,0.0011594683009648415,
short_aggressive_compact_capacity,w12,2026-04-17,2026-04-20,2026-04-24,300390,0.03225806451612904,0.986627254509018,0.03656452898963436,0.0011795009351494956,
short_aggressive_compact_capacity,w12,2026-04-17,2026-04-20,2026-04-24,002837,0.03225806451612904,0.9869218436873748,-0.13969458751242436,-0.004506277016529819,
short_aggressive_compact_capacity,w12,2026-04-17,2026-04-20,2026-04-24,300857,0.03225806451612904,0.9875110220440881,-0.16636162827390333,-0.00536650413786785,
short_aggressive_compact_capacity,w12,2026-04-17,2026-04-20,2026-04-24,002025,0.03225806451612904,0.988194388777555,-0.03698595787362091,-0.0011930954152780942,
short_aggressive_compact_capacity,w12,2026-04-17,2026-04-20,2026-04-24,300285,0.03225806451612904,0.93099498997996,-0.029781420765027433,-0.00096069099242024,
short_aggressive_medium_capacity,w12,2026-04-17,2026-04-20,2026-04-24,301200,0.03225806451612904,0.99912625250501,-0.08003353222545484,-0.0025817268459824147,
short_aggressive_medium_capacity,w12,2026-04-17,2026-04-20,2026-04-24,000703,0.03225806451612904,0.9603667334669339,-0.009265387160820593,-0.00029888345680066436,
short_aggressive_medium_capacity,w12,2026-04-17,2026-04-20,2026-04-24,002281,0.03225806451612904,0.9317875751503006,0.10160061628006489,0.0032774392348408035,
short_aggressive_medium_capacity,w12,2026-04-17,2026-04-20,2026-04-24,688037,0.03225806451612904,0.9376192384769539,-0.011263736263736335,-0.00036334633108826896,
short_aggressive_medium_capacity,w12,2026-04-17,2026-04-20,2026-04-24,688234,0.03225806451612904,0.9385791583166333,0.10871848739495782,0.003507047980482511,
short_aggressive_medium_capacity,w12,2026-04-17,2026-04-20,2026-04-24,300395,0.03225806451612904,0.9425010020040081,-0.03698752228163993,-0.001193145880052901,
short_aggressive_medium_capacity,w12,2026-04-17,2026-04-20,2026-04-24,002429,0.03225806451612904,0.9444008016032064,0.10496719775070273,0.0033860386371194436,
short_aggressive_medium_capacity,w12,2026-04-17,2026-04-20,2026-04-24,688568,0.03225806451612904,0.9470270541082163,-0.02739726027397249,-0.0008837825894829838,
short_aggressive_medium_capacity,w12,2026-04-17,2026-04-20,2026-04-24,688375,0.03225806451612904,0.9485130260521041,-0.06834505738615337,-0.002204679270521077,
short_aggressive_medium_capacity,w12,2026-04-17,2026-04-20,2026-04-24,301358,0.03225806451612904,0.9526833667334669,0.047013672343487745,0.001516570075596379,
short_aggressive_medium_capacity,w12,2026-04-17,2026-04-20,2026-04-24,002126,0.03225806451612904,0.9531457915831664,-0.04747351263243682,-0.0015314036333044139,
short_aggressive_medium_capacity,w12,2026-04-17,2026-04-20,2026-04-24,688183,0.03225806451612904,0.9535851703406814,-0.0014495379597753155,-4.675928902501019e-05,
short_aggressive_medium_capacity,w12,2026-04-17,2026-04-20,2026-04-24,688002,0.03225806451612904,0.9558762525050101,0.02351580570547429,0.000758574377595945,
short_aggressive_medium_capacity,w12,2026-04-17,2026-04-20,2026-04-24,600602,0.03225806451612904,0.9587615230460922,-0.0772425249169435,-0.0024916943521594683,
short_aggressive_medium_capacity,w12,2026-04-17,2026-04-20,2026-04-24,002203,0.03225806451612904,0.9598867735470942,0.017251293847038607,0.0005564933499044713,
short_aggressive_medium_capacity,w12,2026-04-17,2026-04-20,2026-04-24,002432,0.03225806451612904,0.9620100200400801,0.08214996682149978,0.0026499989297257996,
short_aggressive_medium_capacity,w12,2026-04-17,2026-04-20,2026-04-24,300432,0.03225806451612904,0.9933326653306613,0.023168908819132916,0.0007473841554559007,
short_aggressive_medium_capacity,w12,2026-04-17,2026-04-20,2026-04-24,688629,0.03225806451612904,0.9634529058116232,0.03863636363636358,0.0012463343108504383,
short_aggressive_medium_capacity,w12,2026-04-17,2026-04-20,2026-04-24,301308,0.03225806451612904,0.963501002004008,0.0072060887401490525,0.00023245447548867916,
short_aggressive_medium_capacity,w12,2026-04-17,2026-04-20,2026-04-24,002436,0.03225806451612904,0.9652765531062124,0.09063097514340357,0.0029235798433355996,
short_aggressive_medium_capacity,w12,2026-04-17,2026-04-20,2026-04-24,002517,0.03225806451612904,0.9667394789579159,-0.05175292153589317,-0.0016694490818030057,
short_aggressive_medium_capacity,w12,2026-04-17,2026-04-20,2026-04-24,688361,0.03225806451612904,0.9712985971943888,-0.05406320541760712,-0.0017439743683099074,
short_aggressive_medium_capacity,w12,2026-04-17,2026-04-20,2026-04-24,300604,0.03225806451612904,0.9773386773547094,0.04844061048440618,0.0015626003382066512,
short_aggressive_medium_capacity,w12,2026-04-17,2026-04-20,2026-04-24,688525,0.03225806451612904,0.9774579158316633,-0.015406214209184643,-0.0004969746519091821,
short_aggressive_medium_capacity,w12,2026-04-17,2026-04-20,2026-04-24,001389,0.03225806451612904,0.9827284569138277,0.1432783809140865,0.004621883255293114,
short_aggressive_medium_capacity,w12,2026-04-17,2026-04-20,2026-04-24,600707,0.03225806451612904,0.9850701402805611,0.03594351732991008,0.0011594683009648415,
short_aggressive_medium_capacity,w12,2026-04-17,2026-04-20,2026-04-24,300390,0.03225806451612904,0.986627254509018,0.03656452898963436,0.0011795009351494956,
short_aggressive_medium_capacity,w12,2026-04-17,2026-04-20,2026-04-24,002837,0.03225806451612904,0.9869218436873748,-0.13969458751242436,-0.004506277016529819,
short_aggressive_medium_capacity,w12,2026-04-17,2026-04-20,2026-04-24,300857,0.03225806451612904,0.9875110220440881,-0.16636162827390333,-0.00536650413786785,
short_aggressive_medium_capacity,w12,2026-04-17,2026-04-20,2026-04-24,002025,0.03225806451612904,0.988194388777555,-0.03698595787362091,-0.0011930954152780942,
short_aggressive_medium_capacity,w12,2026-04-17,2026-04-20,2026-04-24,300285,0.03225806451612904,0.93099498997996,-0.029781420765027433,-0.00096069099242024,
short_aggressive_wide_capacity,w12,2026-04-17,2026-04-20,2026-04-24,688702,0.036000000004219955,0.9959919839679359,0.19063339055416173,0.0068628020607542865,
short_aggressive_wide_capacity,w12,2026-04-17,2026-04-20,2026-04-24,688037,0.036000000004219955,0.964872745490982,-0.011263736263736335,-0.0004054945055420405,
short_aggressive_wide_capacity,w12,2026-04-17,2026-04-20,2026-04-24,301308,0.036000000004219955,0.9864118236472946,0.0072060887401490525,0.0002594191946757753,
short_aggressive_wide_capacity,w12,2026-04-17,2026-04-20,2026-04-24,002202,0.036000000004219955,0.9533376753507015,0.0035447026388342184,0.00012760929501299035,
short_aggressive_wide_capacity,w12,2026-04-17,2026-04-20,2026-04-24,300395,0.036000000004219955,0.9554719438877756,-0.03698752228163993,-0.001331550802295123,
short_aggressive_wide_capacity,w12,2026-04-17,2026-04-20,2026-04-24,002436,0.036000000004219955,0.9617935871743487,0.09063097514340357,0.003262715105544987,
short_aggressive_wide_capacity,w12,2026-04-17,2026-04-20,2026-04-24,301611,0.036000000004219955,0.9633737474949899,0.0833009708737864,0.002998834951807837,
short_aggressive_wide_capacity,w12,2026-04-17,2026-04-20,2026-04-24,301200,0.036000000004219955,0.963438877755511,-0.08003353222545484,-0.002881207160454112,
short_aggressive_wide_capacity,w12,2026-04-17,2026-04-20,2026-04-24,002025,0.036000000004219955,0.97274248496994,-0.03698595787362091,-0.001331494483606432,
short_aggressive_wide_capacity,w12,2026-04-17,2026-04-20,2026-04-24,300857,0.036000000004219955,0.9749579158316632,-0.16636162827390333,-0.005989018618562558,
short_aggressive_wide_capacity,w12,2026-04-17,2026-04-20,2026-04-24,002837,0.036000000004219955,0.9780210420841684,-0.13969458751242436,-0.005029005151036782,
short_aggressive_wide_capacity,w12,2026-04-17,2026-04-20,2026-04-24,002281,0.036000000004219955,0.9809699398797594,0.10160061628006489,0.0036576221865110862,
short_aggressive_wide_capacity,w12,2026-04-17,2026-04-20,2026-04-24,600126,0.036000000004219955,0.9814589178356713,0.052208835341365445,0.001879518072509475,
short_aggressive_wide_capacity,w12,2026-04-17,2026-04-20,2026-04-24,300751,0.036000000004219955,0.9818336673346693,-0.02216258332611898,-0.0007978529998338083,
short_aggressive_wide_capacity,w12,2026-04-17,2026-04-20,2026-04-24,688676,0.036000000004219955,0.9310490981963928,0.06049862763037517,0.0021779505949488073,
short_aggressive_wide_capacity,w12,2026-04-17,2026-04-20,2026-04-24,601231,0.036000000000000004,0.9311302605210421,-0.015181682429069143,-0.0005465405674464892,
short_aggressive_wide_capacity,w12,2026-04-17,2026-04-20,2026-04-24,600879,0.036000000000000004,0.9277254509018037,0.00853970964987183,0.0003074295473953859,
short_aggressive_wide_capacity,w12,2026-04-17,2026-04-20,2026-04-24,000657,0.036000000000000004,0.9290130260521042,-0.016749821810406185,-0.0006029935851746228,
short_aggressive_wide_capacity,w12,2026-04-17,2026-04-20,2026-04-24,688525,0.036000000000000004,0.9294689378757515,-0.015406214209184643,-0.0005546237115306472,
short_aggressive_wide_capacity,w12,2026-04-17,2026-04-20,2026-04-24,300567,0.036000000000000004,0.9494108216432866,0.0346449286722057,0.0012472174321994053,
short_aggressive_wide_capacity,w12,2026-04-17,2026-04-20,2026-04-24,002851,0.036000000000000004,0.9315701402805612,-0.014981626307358775,-0.0005393385470649159,
short_aggressive_wide_capacity,w12,2026-04-17,2026-04-20,2026-04-24,002432,0.036000000000000004,0.9460711422845691,0.08214996682149978,0.0029573988055739925,
short_aggressive_wide_capacity,w12,2026-04-17,2026-04-20,2026-04-24,001389,0.036000000000000004,0.9463647294589178,0.1432783809140865,0.005158021712907115,
short_aggressive_wide_capacity,w12,2026-04-17,2026-04-20,2026-04-24,300604,0.036000000000000004,0.9476513026052105,0.04844061048440618,0.0017438619774386226,
short_aggressive_wide_capacity,w12,2026-04-17,2026-04-20,2026-04-24,300136,0.036000000000000004,0.9523436873747495,0.0853023628354026,0.003070885062074494,
short_aggressive_wide_capacity,w12,2026-04-17,2026-04-20,2026-04-24,002126,0.03333333331223356,0.9213056112224449,-0.04747351263243682,-0.0015824504200795469,
short_aggressive_wide_capacity,w12,2026-04-17,2026-04-20,2026-04-24,600118,0.02666666664978681,0.9190250501002004,0.12067962294891177,0.0032181232766005925,
short_aggressive_wide_capacity,w12,2026-04-17,2026-04-20,2026-04-24,300054,0.019999999987340117,0.9185200400801603,0.07547169811320753,0.0015094339613086877,
short_aggressive_wide_capacity,w12,2026-04-17,2026-04-20,2026-04-24,300390,0.013333333324893405,0.9181613226452906,0.03656452898963436,0.00048752705288652277,
short_aggressive_wide_capacity,w12,2026-04-17,2026-04-20,2026-04-24,002738,0.0066666666624467024,0.9172655310621243,0.008743944227815215,5.8292961481868965e-05,
stable_compact_capacity,w12,2026-04-17,2026-04-20,2026-04-24,001389,0.030303030303030304,0.9997795591182365,0.1432783809140865,0.0043417691186086824,
stable_compact_capacity,w12,2026-04-17,2026-04-20,2026-04-24,300567,0.030303030303030304,0.9659318637274549,0.0346449286722057,0.0010498463234001726,
stable_compact_capacity,w12,2026-04-17,2026-04-20,2026-04-24,002156,0.030303030303030304,0.9370821643286573,0.00498132004981322,0.00015094909241858244,
stable_compact_capacity,w12,2026-04-17,2026-04-20,2026-04-24,688281,0.030303030303030304,0.9382484969939879,-0.031466248857553114,-0.0009535226926531247,
stable_compact_capacity,w12,2026-04-17,2026-04-20,2026-04-24,688347,0.030303030303030304,0.9416392785571143,0.11387529090763193,0.0034507663911403615,
stable_compact_capacity,w12,2026-04-17,2026-04-20,2026-04-24,000021,0.030303030303030304,0.942565130260521,-0.005172413793103403,-0.00015673981191222433,
stable_compact_capacity,w12,2026-04-17,2026-04-20,2026-04-24,002409,0.030303030303030304,0.9430060120240481,0.03725261932479618,0.001128867252266551,
stable_compact_capacity,w12,2026-04-17,2026-04-20,2026-04-24,603979,0.030303030303030304,0.9462645290581161,-0.0060432569974555594,-0.00018312899992289574,
stable_compact_capacity,w12,2026-04-17,2026-04-20,2026-04-24,000878,0.030303030303030304,0.9479599198396793,-0.010595358224016138,-0.00032107146133382236,
stable_compact_capacity,w12,2026-04-17,2026-04-20,2026-04-24,301611,0.030303030303030304,0.951815631262525,0.0833009708737864,0.002524271844660194,
stable_compact_capacity,w12,2026-04-17,2026-04-20,2026-04-24,002185,0.030303030303030304,0.9523847695390781,-0.02276295133438,-0.0006897864040721212,
stable_compact_capacity,w12,2026-04-17,2026-04-20,2026-04-24,600549,0.030303030303030304,0.9532905811623247,-0.01702466189339702,-0.0005158988452544552,
stable_compact_capacity,w12,2026-04-17,2026-04-20,2026-04-24,688375,0.030303030303030304,0.9587535070140281,-0.06834505738615337,-0.002071062345034951,
stable_compact_capacity,w12,2026-04-17,2026-04-20,2026-04-24,002429,0.030303030303030304,0.9589699398797595,0.10496719775070273,0.0031808241742637194,
stable_compact_capacity,w12,2026-04-17,2026-04-20,2026-04-24,300223,0.030303030303030304,0.9609539078156313,0.02577275451665373,0.0007809925611107191,
stable_compact_capacity,w12,2026-04-17,2026-04-20,2026-04-24,002851,0.030303030303030304,0.9615711422845692,-0.014981626307358775,-0.00045398867598056894,
stable_compact_capacity,w12,2026-04-17,2026-04-20,2026-04-24,601168,0.030303030303030304,0.9677695390781563,0.014300662713637724,0.0004333534155647795,
stable_compact_capacity,w12,2026-04-17,2026-04-20,2026-04-24,003031,0.030303030303030304,0.9979959919839679,0.13611308677098144,0.004124638993060044,
stable_compact_capacity,w12,2026-04-17,2026-04-20,2026-04-24,000960,0.030303030303030304,0.9683426853707415,0.06632939853850472,0.0020099817738940826,
stable_compact_capacity,w12,2026-04-17,2026-04-20,2026-04-24,002080,0.030303030303030304,0.9691663326653307,0.06531440162271829,0.001979224291597524,
stable_compact_capacity,w12,2026-04-17,2026-04-20,2026-04-24,688676,0.030303030303030304,0.9725130260521042,0.06049862763037517,0.0018332917463750051,
stable_compact_capacity,w12,2026-04-17,2026-04-20,2026-04-24,002436,0.030303030303030304,0.9736392785571142,0.09063097514340357,0.0027463931861637448,
stable_compact_capacity,w12,2026-04-17,2026-04-20,2026-04-24,603920,0.030303030303030304,0.9743406813627254,-0.06497461928934012,-0.001968927857252731,
stable_compact_capacity,w12,2026-04-17,2026-04-20,2026-04-24,300604,0.030303030303030304,0.9797835671342685,0.04844061048440618,0.0014678972874062478,
stable_compact_capacity,w12,2026-04-17,2026-04-20,2026-04-24,603688,0.030303030303030304,0.9810380761523047,0.019305019305019266,0.0005850005850005838,
stable_compact_capacity,w12,2026-04-17,2026-04-20,2026-04-24,300395,0.030303030303030304,0.983306613226453,-0.03698752228163993,-0.0011208340085345433,
stable_compact_capacity,w12,2026-04-17,2026-04-20,2026-04-24,300285,0.030303030303030304,0.9850661322645291,-0.029781420765027433,-0.0009024672959099222,
stable_compact_capacity,w12,2026-04-17,2026-04-20,2026-04-24,301200,0.030303030303030304,0.9859278557114228,-0.08003353222545484,-0.0024252585522865104,
stable_compact_capacity,w12,2026-04-17,2026-04-20,2026-04-24,688629,0.030303030303030304,0.989627254509018,0.03863636363636358,0.0011707988980716236,
stable_compact_capacity,w12,2026-04-17,2026-04-20,2026-04-24,002202,0.030303030303030304,0.991498997995992,0.0035447026388342184,0.0001074152314798248,
stable_compact_capacity,w12,2026-04-17,2026-04-20,2026-04-24,600707,0.030303030303030304,0.9931503006012024,0.03594351732991008,0.00108919749484576,
stable_compact_capacity,w12,2026-04-17,2026-04-20,2026-04-24,002281,0.030303030303030304,0.9959038076152305,0.10160061628006489,0.0030788065539413606,
stable_compact_capacity,w12,2026-04-17,2026-04-20,2026-04-24,600497,0.030303030303030304,0.9320801603206413,0.03276836158192098,0.0009929806539976055,
stable_compact_current,w12,2026-04-17,2026-04-20,2026-04-24,001389,0.03253310000000001,0.9954559118236472,0.1432783809140865,0.004661289894116069,
stable_compact_current,w12,2026-04-17,2026-04-20,2026-04-24,002281,0.03253310000000001,0.9550951903807616,0.10160061628006489,0.00330538300950098,
stable_compact_current,w12,2026-04-17,2026-04-20,2026-04-24,000657,0.03253310000000001,0.9247104208416834,-0.016749821810406185,-0.0005449236279401256,
stable_compact_current,w12,2026-04-17,2026-04-20,2026-04-24,688629,0.03253310000000001,0.9306993987975952,0.03863636363636358,0.0012569606818181804,
stable_compact_current,w12,2026-04-17,2026-04-20,2026-04-24,300454,0.03253310000000001,0.9336102204408818,-0.009378870996283872,-0.00030512374800920294,
stable_compact_current,w12,2026-04-17,2026-04-20,2026-04-24,688375,0.03253310000000001,0.9938016032064128,-0.06834505738615337,-0.002223476586449467,
stable_compact_current,w12,2026-04-17,2026-04-20,2026-04-24,603920,0.03253310000000001,0.9470215430861724,-0.06497461928934012,-0.0021138257868020317,
stable_compact_current,w12,2026-04-17,2026-04-20,2026-04-24,301200,0.03253310000000001,0.9497479959919839,-0.08003353222545484,-0.0026037389072439457,
stable_compact_current,w12,2026-04-17,2026-04-20,2026-04-24,300395,0.03253310000000001,0.9524744488977956,-0.03698752228163993,-0.0012033187611408204,
stable_compact_current,w12,2026-04-17,2026-04-20,2026-04-24,000426,0.03253310000000001,0.9536157314629259,-0.08446251129177962,-0.002747827326106596,
stable_compact_current,w12,2026-04-17,2026-04-20,2026-04-24,600549,0.03253310000000001,0.9464278557114228,-0.01702466189339702,-0.0005538650278440748,
stable_compact_current,w12,2026-04-17,2026-04-20,2026-04-24,300604,0.03253310000000001,0.9597449899799599,0.04844061048440618,0.001575923224950235,
stable_compact_current,w12,2026-04-17,2026-04-20,2026-04-24,301611,0.03253310000000001,0.9608862725450902,0.0833009708737864,0.002710038815533981,
stable_compact_current,w12,2026-04-17,2026-04-20,2026-04-24,003031,0.03253310000000001,0.9934519038076152,0.13611308677098144,0.004428180663229017,
stable_compact_current,w12,2026-04-17,2026-04-20,2026-04-24,002008,0.03253310000000001,0.9763476953907815,0.17016902695294656,0.005536125970762907,
stable_compact_current,w12,2026-04-17,2026-04-20,2026-04-24,002080,0.03253310000000001,0.9679243486973947,0.06531440162271829,0.002124879959432057,
stable_compact_current,w12,2026-04-17,2026-04-20,2026-04-24,600707,0.03253310000000001,0.92037374749499,0.03594351732991008,0.001169354043645698,
stable_compact_current,w12,2026-04-17,2026-04-20,2026-04-24,688002,0.03253310000000001,0.9670155310621242,0.02351580570547429,0.0007650420585967659,
stable_compact_current,w12,2026-04-17,2026-04-20,2026-04-24,603688,0.03253310000000001,0.9642890781563126,0.019305019305019266,0.0006280521235521225,
stable_compact_current,w12,2026-04-17,2026-04-20,2026-04-24,300857,0.03253310000000001,0.9627635270541083,-0.16636162827390333,-0.005412259488797726,
stable_compact_current,w12,2026-04-17,2026-04-20,2026-04-24,002202,0.03175800000000001,0.9443296593186372,0.0035447026388342184,0.00011257266640409714,
stable_compact_current,w12,2026-04-17,2026-04-20,2026-04-24,601231,0.03175800000000001,0.9436668336673346,-0.015181682429069143,-0.00048213987058237797,
stable_compact_current,w12,2026-04-17,2026-04-20,2026-04-24,688281,0.03175800000000001,0.9394128256513026,-0.031466248857553114,-0.000999305131218172,
stable_compact_current,w12,2026-04-17,2026-04-20,2026-04-24,000878,0.03175800000000001,0.9383406813627255,-0.010595358224016138,-0.0003364873864783046,
stable_compact_current,w12,2026-04-17,2026-04-20,2026-04-24,002436,0.03175800000000001,0.9446332665330661,0.09063097514340357,0.002878258508604211,
stable_compact_current,w12,2026-04-17,2026-04-20,2026-04-24,002203,0.03175800000000001,0.9370821643286573,0.017251293847038607,0.0005478665899942522,
stable_compact_current,w12,2026-04-17,2026-04-20,2026-04-24,300285,0.03175800000000001,0.9342980961923848,-0.029781420765027433,-0.0009457983606557415,
stable_compact_current,w12,2026-04-17,2026-04-20,2026-04-24,300567,0.03175800000000001,0.9309779559118236,0.0346449286722057,0.0011002536447719089,
stable_compact_current,w12,2026-04-17,2026-04-20,2026-04-24,603979,0.03175800000000001,0.9294408817635271,-0.0060432569974555594,-0.0001919217557251937,
stable_compact_current,w12,2026-04-17,2026-04-20,2026-04-24,000960,0.03175800000000001,0.9273426853707415,0.06632939853850472,0.0021064890387858335,
stable_compact_current,w12,2026-04-17,2026-04-20,2026-04-24,300136,0.03175800000000001,0.9381332665330662,0.0853023628354026,0.0027090324389267167,
stable_extra_wide_capacity,w12,2026-04-17,2026-04-20,2026-04-24,001389,0.02173913043478261,0.9971342685370741,0.1432783809140865,0.003114747411175794,
stable_extra_wide_capacity,w12,2026-04-17,2026-04-20,2026-04-24,300054,0.02173913043478261,0.9125651302605211,0.07547169811320753,0.0016406890894175553,
stable_extra_wide_capacity,w12,2026-04-17,2026-04-20,2026-04-24,601168,0.02173913043478261,0.9290230460921844,0.014300662713637724,0.00031088397203560275,
stable_extra_wide_capacity,w12,2026-04-17,2026-04-20,2026-04-24,600549,0.02173913043478261,0.92812124248497,-0.01702466189339702,-0.0003701013455086309,
stable_extra_wide_capacity,w12,2026-04-17,2026-04-20,2026-04-24,688676,0.02173913043478261,0.9252555110220442,0.06049862763037517,0.0013151875571820691,
stable_extra_wide_capacity,w12,2026-04-17,2026-04-20,2026-04-24,300679,0.02173913043478261,0.9244238476953909,0.02596198423736662,0.0005643909616818831,
stable_extra_wide_capacity,w12,2026-04-17,2026-04-20,2026-04-24,603077,0.02173913043478261,0.9187374749499,-0.0608974358974359,-0.001323857302118172,
stable_extra_wide_capacity,w12,2026-04-17,2026-04-20,2026-04-24,688347,0.02173913043478261,0.9166583166332666,0.11387529090763193,0.002475549802339825,
stable_extra_wide_capacity,w12,2026-04-17,2026-04-20,2026-04-24,300570,0.02173913043478261,0.9140380761523046,-0.05041778784874662,-0.0010960388662771005,
stable_extra_wide_capacity,w12,2026-04-17,2026-04-20,2026-04-24,002126,0.02173913043478261,0.913997995991984,-0.04747351263243682,-0.0010320328833138442,
stable_extra_wide_capacity,w12,2026-04-17,2026-04-20,2026-04-24,300383,0.02173913043478261,0.9137925851703407,-0.059438635112823435,-0.0012921442415831184,
stable_extra_wide_capacity,w12,2026-04-17,2026-04-20,2026-04-24,000878,0.02173913043478261,0.9123597194388778,-0.010595358224016138,-0.00023033387443513348,
stable_extra_wide_capacity,w12,2026-04-17,2026-04-20,2026-04-24,301200,0.02173913043478261,0.985435871743487,-0.08003353222545484,-0.0017398593962055402,
stable_extra_wide_capacity,w12,2026-04-17,2026-04-20,2026-04-24,002281,0.02173913043478261,0.910751503006012,0.10160061628006489,0.0022087090495666283,
stable_extra_wide_capacity,w12,2026-04-17,2026-04-20,2026-04-24,000021,0.02173913043478261,0.9051953907815632,-0.005172413793103403,-0.00011244377811094356,
stable_extra_wide_capacity,w12,2026-04-17,2026-04-20,2026-04-24,000960,0.02173913043478261,0.9032314629258518,0.06632939853850472,0.0014419434464892334,
stable_extra_wide_capacity,w12,2026-04-17,2026-04-20,2026-04-24,603979,0.02173913043478261,0.9010070140280562,-0.0060432569974555594,-0.00013137515211859914,
stable_extra_wide_capacity,w12,2026-04-17,2026-04-20,2026-04-24,002080,0.02173913043478261,0.9008967935871743,0.06531440162271829,0.00141987829614605,
stable_extra_wide_capacity,w12,2026-04-17,2026-04-20,2026-04-24,002353,0.02173913043478261,0.8996693386773547,0.08103647466578634,0.0017616624927344858,
stable_extra_wide_capacity,w12,2026-04-17,2026-04-20,2026-04-24,603920,0.02173913043478261,0.8980310621242485,-0.06497461928934012,-0.001412491723681307,
stable_extra_wide_capacity,w12,2026-04-17,2026-04-20,2026-04-24,002409,0.02173913043478261,0.8962825651302605,0.03725261932479618,0.0008098395505390474,
stable_extra_wide_capacity,w12,2026-04-17,2026-04-20,2026-04-24,003031,0.02173913043478261,0.8952204408817637,0.13611308677098144,0.002958980147195249,
stable_extra_wide_capacity,w12,2026-04-17,2026-04-20,2026-04-24,000060,0.02173913043478261,0.9306713426853708,-0.03851851851851851,-0.0008373590982286634,
stable_extra_wide_capacity,w12,2026-04-17,2026-04-20,2026-04-24,002335,0.02173913043478261,0.9309519038076153,0.05276872964169388,0.0011471462965585628,
stable_extra_wide_capacity,w12,2026-04-17,2026-04-20,2026-04-24,600497,0.02173913043478261,0.9338527054108217,0.03276836158192098,0.0007123556865634996,
stable_extra_wide_capacity,w12,2026-04-17,2026-04-20,2026-04-24,300223,0.02173913043478261,0.9352855711422846,0.02577275451665373,0.0005602772721011681,
stable_extra_wide_capacity,w12,2026-04-17,2026-04-20,2026-04-24,688375,0.02173913043478261,0.9782715430861724,-0.06834505738615337,-0.0014857621170902909,
stable_extra_wide_capacity,w12,2026-04-17,2026-04-20,2026-04-24,300395,0.02173913043478261,0.9754058116232465,-0.03698752228163993,-0.0008040765713399986,
stable_extra_wide_capacity,w12,2026-04-17,2026-04-20,2026-04-24,301611,0.02173913043478261,0.970495991983968,0.0833009708737864,0.00181089067116927,
stable_extra_wide_capacity,w12,2026-04-17,2026-04-20,2026-04-24,601231,0.02173913043478261,0.9696743486973948,-0.015181682429069143,-0.00033003657454498144,
stable_extra_wide_capacity,w12,2026-04-17,2026-04-20,2026-04-24,300136,0.02173913043478261,0.9660020040080162,0.0853023628354026,0.0018543991920739699,
stable_extra_wide_capacity,w12,2026-04-17,2026-04-20,2026-04-24,688629,0.02173913043478261,0.9651553106212425,0.03863636363636358,0.0008399209486165996,
stable_extra_wide_capacity,w12,2026-04-17,2026-04-20,2026-04-24,300604,0.02173913043478261,0.9639428857715431,0.04844061048440618,0.001053056749661004,
stable_extra_wide_capacity,w12,2026-04-17,2026-04-20,2026-04-24,000426,0.02173913043478261,0.9625100200400801,-0.08446251129177962,-0.0018361415498212962,
stable_extra_wide_capacity,w12,2026-04-17,2026-04-20,2026-04-24,301308,0.02173913043478261,0.9610771543086173,0.0072060887401490525,0.00015665410304671856,
stable_extra_wide_capacity,w12,2026-04-17,2026-04-20,2026-04-24,300567,0.02173913043478261,0.958246492985972,0.0346449286722057,0.0007531506233088197,
stable_extra_wide_capacity,w12,2026-04-17,2026-04-20,2026-04-24,002851,0.02173913043478261,0.9553456913827655,-0.014981626307358775,-0.00032568752842084296,
stable_extra_wide_capacity,w12,2026-04-17,2026-04-20,2026-04-24,300454,0.02173913043478261,0.948181362725451,-0.009378870996283872,-0.00020388849991921464,
stable_extra_wide_capacity,w12,2026-04-17,2026-04-20,2026-04-24,300285,0.02173913043478261,0.9453156312625252,-0.029781420765027433,-0.0006474221905440747,
stable_extra_wide_capacity,w12,2026-04-17,2026-04-20,2026-04-24,002202,0.02173913043478261,0.9444889779559119,0.0035447026388342184,7.70587530181352e-05,
stable_extra_wide_capacity,w12,2026-04-17,2026-04-20,2026-04-24,688002,0.02173913043478261,0.9390731462925852,0.02351580570547429,0.0005112131675103107,
stable_extra_wide_capacity,w12,2026-04-17,2026-04-20,2026-04-24,601212,0.02173913043478261,0.9381513026052105,-0.048387096774193616,-0.001051893408134644,
stable_extra_wide_capacity,w12,2026-04-17,2026-04-20,2026-04-24,002025,0.02173913043478261,0.938001002004008,-0.03698595787362091,-0.0008040425624700199,
stable_extra_wide_capacity,w12,2026-04-17,2026-04-20,2026-04-24,002429,0.02173913043478261,0.9367184368737476,0.10496719775070273,0.002281895603276147,
stable_extra_wide_capacity,w12,2026-04-17,2026-04-20,2026-04-24,688702,0.02173913043478261,0.9362024048096192,0.19063339055416173,0.0041442041424817775,
stable_extra_wide_capacity,w12,2026-04-17,2026-04-20,2026-04-24,002436,0.02173913043478261,0.8946342685370741,0.09063097514340357,0.001970238590073991,
stable_medium_capacity,w12,2026-04-17,2026-04-20,2026-04-24,001389,0.01075268817204301,0.9949849699398797,0.1432783809140865,0.001540627751764371,
stable_medium_capacity,w12,2026-04-17,2026-04-20,2026-04-24,002025,0.01075268817204301,0.8538852705410822,-0.03698595787362091,-0.00039769847175936463,
stable_medium_capacity,w12,2026-04-17,2026-04-20,2026-04-24,300373,0.01075268817204301,0.8286197394789578,0.05286567543525211,0.0005684481229597001,
stable_medium_capacity,w12,2026-04-17,2026-04-20,2026-04-24,603225,0.01075268817204301,0.8288326653306614,0.016090584028605415,0.0001730170325656496,
stable_medium_capacity,w12,2026-04-17,2026-04-20,2026-04-24,688676,0.01075268817204301,0.8301327655310622,0.06049862763037517,0.0006505228777459695,
stable_medium_capacity,w12,2026-04-17,2026-04-20,2026-04-24,688702,0.01075268817204301,0.8320591182364729,0.19063339055416173,0.0020498214038081903,
stable_medium_capacity,w12,2026-04-17,2026-04-20,2026-04-24,000039,0.01075268817204301,0.8323947895791584,-0.045532646048110026,-0.0004895983446033336,
stable_medium_capacity,w12,2026-04-17,2026-04-20,2026-04-24,600808,0.01075268817204301,0.8381638276553106,-0.0174563591022443,-0.00018770278604563764,
stable_medium_capacity,w12,2026-04-17,2026-04-20,2026-04-24,002738,0.01075268817204301,0.838193887775551,0.008743944227815215,9.402090567543241e-05,
stable_medium_capacity,w12,2026-04-17,2026-04-20,2026-04-24,300748,0.01075268817204301,0.8408366733466933,-0.032727272727272716,-0.0003519061583577711,
stable_medium_capacity,w12,2026-04-17,2026-04-20,2026-04-24,605358,0.01075268817204301,0.8510796593186374,0.04617486338797816,0.0004965039073976145,
stable_medium_capacity,w12,2026-04-17,2026-04-20,2026-04-24,002821,0.01075268817204301,0.8554108216432865,0.023337120881041784,0.00025093678366711595,
stable_medium_capacity,w12,2026-04-17,2026-04-20,2026-04-24,603077,0.01075268817204301,0.883502004008016,-0.0608974358974359,-0.0006548111386821064,
stable_medium_capacity,w12,2026-04-17,2026-04-20,2026-04-24,301308,0.01075268817204301,0.8574874749498999,0.0072060887401490525,7.748482516289303e-05,
stable_medium_capacity,w12,2026-04-17,2026-04-20,2026-04-24,002044,0.01075268817204301,0.8587775551102205,-0.02264150943396226,-0.0002434570906877662,
stable_medium_capacity,w12,2026-04-17,2026-04-20,2026-04-24,600392,0.01075268817204301,0.8591908817635271,-0.04583651642475173,-0.000492865768008083,
stable_medium_capacity,w12,2026-04-17,2026-04-20,2026-04-24,300136,0.01075268817204301,0.8647895791583167,0.0853023628354026,0.0009172297079075548,
stable_medium_capacity,w12,2026-04-17,2026-04-20,2026-04-24,000703,0.01075268817204301,0.8665255511022044,-0.009265387160820593,-9.962781893355476e-05,
stable_medium_capacity,w12,2026-04-17,2026-04-20,2026-04-24,300285,0.01075268817204301,0.871620741482966,-0.029781420765027433,-0.00032023033080674654,
stable_medium_capacity,w12,2026-04-17,2026-04-20,2026-04-24,300432,0.01075268817204301,0.8728231462925852,0.023168908819132916,0.00024912805181863347,
stable_medium_capacity,w12,2026-04-17,2026-04-20,2026-04-24,002281,0.01075268817204301,0.8746042084168336,0.10160061628006489,0.0010924797449469342,
stable_medium_capacity,w12,2026-04-17,2026-04-20,2026-04-24,601231,0.01075268817204301,0.8798271543086172,-0.015181682429069143,-0.00016324389708676496,
stable_medium_capacity,w12,2026-04-17,2026-04-20,2026-04-24,300346,0.01075268817204301,0.8265305611222444,0.0822222222222222,0.0008841099163679805,
stable_medium_capacity,w12,2026-04-17,2026-04-20,2026-04-24,600563,0.01075268817204301,0.8255561122244489,-0.05889743992461127,-0.0006333058056409814,
stable_medium_capacity,w12,2026-04-17,2026-04-20,2026-04-24,002756,0.01075268817204301,0.8250150300601203,0.0451690498463182,0.00048568870802492684,
stable_medium_capacity,w12,2026-04-17,2026-04-20,2026-04-24,300002,0.01075268817204301,0.8160896793587175,-0.03319502074688796,-0.0003569357069557845,
stable_medium_capacity,w12,2026-04-17,2026-04-20,2026-04-24,002131,0.01075268817204301,0.7904458917835672,-0.07412060301507539,-0.0007969957313448966,
stable_medium_capacity,w12,2026-04-17,2026-04-20,2026-04-24,002837,0.01075268817204301,0.7909018036072144,-0.13969458751242436,-0.0015020923388432727,
stable_medium_capacity,w12,2026-04-17,2026-04-20,2026-04-24,600141,0.01075268817204301,0.7911698396793587,0.04328593996840446,0.00046544021471402647,
stable_medium_capacity,w12,2026-04-17,2026-04-20,2026-04-24,002318,0.01075268817204301,0.7912124248496993,-0.031015678254942114,-0.00033350191671980764,
stable_medium_capacity,w12,2026-04-17,2026-04-20,2026-04-24,000629,0.01075268817204301,0.7914228456913828,-0.005698005698005604,-6.126887847317853e-05,
stable_medium_capacity,w12,2026-04-17,2026-04-20,2026-04-24,600498,0.01075268817204301,0.7931813627254509,0.06068601583113442,0.000652537804635854,
stable_medium_capacity,w12,2026-04-17,2026-04-20,2026-04-24,300054,0.01075268817204301,0.7936372745490983,0.07547169811320753,0.0008115236356258874,
stable_medium_capacity,w12,2026-04-17,2026-04-20,2026-04-24,002271,0.01075268817204301,0.7968937875751503,-0.07489257213014111,-0.0008052964745176463,
stable_medium_capacity,w12,2026-04-17,2026-04-20,2026-04-24,002265,0.01075268817204301,0.7995190380761523,-0.007637017070979413,-8.211846312881088e-05,
stable_medium_capacity,w12,2026-04-17,2026-04-20,2026-04-24,301358,0.01075268817204301,0.8003331663326654,0.047013672343487745,0.0005055233585321262,
stable_medium_capacity,w12,2026-04-17,2026-04-20,2026-04-24,601016,0.01075268817204301,0.8008391783567134,0.10344827586206917,0.0011123470522803136,
stable_medium_capacity,w12,2026-04-17,2026-04-20,2026-04-24,688166,0.01075268817204301,0.8012950901803607,0.04603312990409769,0.0004949798914419106,
stable_medium_capacity,w12,2026-04-17,2026-04-20,2026-04-24,300676,0.01075268817204301,0.8056037074148297,-0.026586405818911363,-0.0002858753313861437,
stable_medium_capacity,w12,2026-04-17,2026-04-20,2026-04-24,300699,0.01075268817204301,0.8077755511022044,-0.053809119229680125,-0.0005785926798890336,
stable_medium_capacity,w12,2026-04-17,2026-04-20,2026-04-24,603341,0.01075268817204301,0.8098246492985972,-0.06238767650834398,-0.0006708352312725158,
stable_medium_capacity,w12,2026-04-17,2026-04-20,2026-04-24,002266,0.01075268817204301,0.8099599198396793,0.008968609865470878,9.643666522011696e-05,
stable_medium_capacity,w12,2026-04-17,2026-04-20,2026-04-24,300454,0.01075268817204301,0.8118962925851704,-0.009378870996283872,-0.00010084807522885884,
stable_medium_capacity,w12,2026-04-17,2026-04-20,2026-04-24,300142,0.01075268817204301,0.8125626252505009,-0.0465489566613162,-0.0005005264157130774,
stable_medium_capacity,w12,2026-04-17,2026-04-20,2026-04-24,000415,0.01075268817204301,0.8142234468937875,-0.004366812227074357,-4.695497018359523e-05,
stable_medium_capacity,w12,2026-04-17,2026-04-20,2026-04-24,003035,0.01075268817204301,0.8829258517034068,0.055415617128463435,0.0005958668508436928,
stable_medium_capacity,w12,2026-04-17,2026-04-20,2026-04-24,688709,0.01075268817204301,0.8849248496993989,-0.04426966292134826,-0.00047601788087471244,
stable_medium_capacity,w12,2026-04-17,2026-04-20,2026-04-24,600707,0.01075268817204301,0.9879659318637275,0.03594351732991008,0.0003864894336549471,
stable_medium_capacity,w12,2026-04-17,2026-04-20,2026-04-24,000426,0.01075268817204301,0.9514053106212426,-0.08446251129177962,-0.0009081990461481679,
stable_medium_capacity,w12,2026-04-17,2026-04-20,2026-04-24,002202,0.01075268817204301,0.9281412825651303,0.0035447026388342184,3.811508213800234e-05,
stable_medium_capacity,w12,2026-04-17,2026-04-20,2026-04-24,300395,0.01075268817204301,0.9359043086172345,-0.03698752228163993,-0.0003977152933509669,
stable_medium_capacity,w12,2026-04-17,2026-04-20,2026-04-24,002429,0.01075268817204301,0.9377279559118237,0.10496719775070273,0.001128679545706481,
stable_medium_capacity,w12,2026-04-17,2026-04-20,2026-04-24,002156,0.01075268817204301,0.938183867735471,0.00498132004981322,5.356258118078731e-05,
stable_medium_capacity,w12,2026-04-17,2026-04-20,2026-04-24,002851,0.01075268817204301,0.9395516032064128,-0.014981626307358775,-0.0001610927559931051,
stable_medium_capacity,w12,2026-04-17,2026-04-20,2026-04-24,601212,0.01075268817204301,0.945934368737475,-0.048387096774193616,-0.0005202913631633722,
stable_medium_capacity,w12,2026-04-17,2026-04-20,2026-04-24,688281,0.01075268817204301,0.9461698396793587,-0.031466248857553114,-0.00033834676190917323,
stable_medium_capacity,w12,2026-04-17,2026-04-20,2026-04-24,300383,0.01075268817204301,0.9482139278557115,-0.059438635112823435,-0.0006391251087400369,
stable_medium_capacity,w12,2026-04-17,2026-04-20,2026-04-24,600549,0.01075268817204301,0.9509493987975952,-0.01702466189339702,-0.0001830608805741615,
stable_medium_capacity,w12,2026-04-17,2026-04-20,2026-04-24,300604,0.01075268817204301,0.9532289579158317,0.04844061048440618,0.000520866779402217,
stable_medium_capacity,w12,2026-04-17,2026-04-20,2026-04-24,601958,0.01075268817204301,0.8924524048096192,0.0025484199796126372,2.7402365372178892e-05,
stable_medium_capacity,w12,2026-04-17,2026-04-20,2026-04-24,688375,0.01075268817204301,0.9577880761523047,-0.06834505738615337,-0.0007348930901736921,
stable_medium_capacity,w12,2026-04-17,2026-04-20,2026-04-24,301200,0.01075268817204301,0.9582439879759519,-0.08003353222545484,-0.0008605756153274713,
stable_medium_capacity,w12,2026-04-17,2026-04-20,2026-04-24,002335,0.01075268817204301,0.9607164328657314,0.05276872964169388,0.0005674056950719772,
stable_medium_capacity,w12,2026-04-17,2026-04-20,2026-04-24,000060,0.01075268817204301,0.9615430861723447,-0.03851851851851851,-0.0004141776184786936,
stable_medium_capacity,w12,2026-04-17,2026-04-20,2026-04-24,002409,0.01075268817204301,0.9638226452905811,0.03725261932479618,0.0004005657991913567,
stable_medium_capacity,w12,2026-04-17,2026-04-20,2026-04-24,603979,0.01075268817204301,0.9687424849699399,-0.0060432569974555594,-6.498125803715655e-05,
stable_medium_capacity,w12,2026-04-17,2026-04-20,2026-04-24,603688,0.01075268817204301,0.9692935871743487,0.019305019305019266,0.00020758085274214262,
stable_medium_capacity,w12,2026-04-17,2026-04-20,2026-04-24,688295,0.01075268817204301,0.9757515030060121,0.1285988483685221,0.00138278331579056,
stable_medium_capacity,w12,2026-04-17,2026-04-20,2026-04-24,301611,0.01075268817204301,0.9758041082164329,0.0833009708737864,0.0008957093642342624,
stable_medium_capacity,w12,2026-04-17,2026-04-20,2026-04-24,600316,0.01075268817204301,0.9277004008016032,-0.03083809997513065,-0.0003315924728508672,
stable_medium_capacity,w12,2026-04-17,2026-04-20,2026-04-24,300223,0.01075268817204301,0.9263301603206413,0.02577275451665373,0.0002771263926521906,
stable_medium_capacity,w12,2026-04-17,2026-04-20,2026-04-24,300567,0.01075268817204301,0.9256813627254509,0.0346449286722057,0.00037252611475489995,
stable_medium_capacity,w12,2026-04-17,2026-04-20,2026-04-24,002436,0.01075268817204301,0.9243662324649299,0.09063097514340357,0.0009745266144451996,
stable_medium_capacity,w12,2026-04-17,2026-04-20,2026-04-24,000960,0.01075268817204301,0.8947319639278557,0.06632939853850472,0.0007132193391237066,
stable_medium_capacity,w12,2026-04-17,2026-04-20,2026-04-24,002203,0.01075268817204301,0.8954509018036072,0.017251293847038607,0.0001854977833014904,
stable_medium_capacity,w12,2026-04-17,2026-04-20,2026-04-24,300390,0.01075268817204301,0.8958216432865731,0.03656452898963436,0.00039316697838316514,
stable_medium_capacity,w12,2026-04-17,2026-04-20,2026-04-24,688183,0.01075268817204301,0.8990981963927855,-0.0014495379597753155,-1.558642967500339e-05,
stable_medium_capacity,w12,2026-04-17,2026-04-20,2026-04-24,688629,0.01075268817204301,0.9035095190380762,0.03863636363636358,0.0004154447702834793,
stable_medium_capacity,w12,2026-04-17,2026-04-20,2026-04-24,600497,0.01075268817204301,0.9053582164328657,0.03276836158192098,0.0003523479739991503,
stable_medium_capacity,w12,2026-04-17,2026-04-20,2026-04-24,601168,0.01075268817204301,0.9061297595190381,0.014300662713637724,0.00015377056681330884,
stable_medium_capacity,w12,2026-04-17,2026-04-20,2026-04-24,688002,0.01075268817204301,0.9061497995991985,0.02351580570547429,0.0002528581258653149,
stable_medium_capacity,w12,2026-04-17,2026-04-20,2026-04-24,300857,0.01075268817204301,0.9072745490981964,-0.16636162827390333,-0.0017888347126226163,
stable_medium_capacity,w12,2026-04-17,2026-04-20,2026-04-24,002080,0.01075268817204301,0.9085495991983968,0.06531440162271829,0.0007023053937926697,
stable_medium_capacity,w12,2026-04-17,2026-04-20,2026-04-24,603920,0.01075268817204301,0.9099173346693388,-0.06497461928934012,-0.0006986518203154851,
stable_medium_capacity,w12,2026-04-17,2026-04-20,2026-04-24,000878,0.01075268817204301,0.9131087174348698,-0.010595358224016138,-0.00011392858305393696,
stable_medium_capacity,w12,2026-04-17,2026-04-20,2026-04-24,000021,0.01075268817204301,0.9144764529058116,-0.005172413793103403,-5.561735261401508e-05,
stable_medium_capacity,w12,2026-04-17,2026-04-20,2026-04-24,003031,0.01075268817204301,0.9147595190380761,0.13611308677098144,0.001463581578182596,
stable_medium_capacity,w12,2026-04-17,2026-04-20,2026-04-24,300679,0.01075268817204301,0.9151427855711423,0.02596198423736662,0.0002791611208318991,
stable_medium_capacity,w12,2026-04-17,2026-04-20,2026-04-24,688347,0.01075268817204301,0.91812374749499,0.11387529090763193,0.0012244654936304509,
stable_medium_capacity,w12,2026-04-17,2026-04-20,2026-04-24,002185,0.01075268817204301,0.9190355711422846,-0.02276295133438,-0.0002447629175739785,
stable_medium_capacity,w12,2026-04-17,2026-04-20,2026-04-24,300570,0.01075268817204301,0.9215931863727456,-0.05041778784874662,-0.0005421267510617916,
stable_medium_capacity,w12,2026-04-17,2026-04-20,2026-04-24,301536,0.01075268817204301,0.9224373747494989,0.06834249803613512,0.0007348655702810227,
stable_medium_capacity,w12,2026-04-17,2026-04-20,2026-04-24,002261,0.01075268817204301,0.7902479959919839,0.048327137546468446,0.0005196466402846069,
balanced_extra_wide_capacity,w13,2026-04-24,2026-04-27,2026-05-06,300390,0.015625,0.9965430861723447,0.2604395604395604,0.004069368131868131,
balanced_extra_wide_capacity,w13,2026-04-24,2026-04-27,2026-05-06,688347,0.015625,0.9952404809619237,0.09510086455331401,0.0014859510086455315,
balanced_extra_wide_capacity,w13,2026-04-24,2026-04-27,2026-05-06,000060,0.015625,0.9256513026052104,0.14483821263482266,0.002263097072419104,
balanced_extra_wide_capacity,w13,2026-04-24,2026-04-27,2026-05-06,601958,0.015625,0.920741482965932,0.04575495678698527,0.0007149211997966448,
balanced_extra_wide_capacity,w13,2026-04-24,2026-04-27,2026-05-06,300757,0.015625,0.9182865731462926,-0.0416409070059629,-0.0006506391719681703,
balanced_extra_wide_capacity,w13,2026-04-24,2026-04-27,2026-05-06,300285,0.015625,0.9170841683366733,0.05406927626020841,0.0008448324415657564,
balanced_extra_wide_capacity,w13,2026-04-24,2026-04-27,2026-05-06,688387,0.015625,0.9157815631262525,0.19882352941176462,0.003106617647058822,
balanced_extra_wide_capacity,w13,2026-04-24,2026-04-27,2026-05-06,688702,0.015625,0.9119739478957916,0.18299445471349363,0.002859288354898338,
balanced_extra_wide_capacity,w13,2026-04-24,2026-04-27,2026-05-06,605358,0.015625,0.9095190380761523,0.13136589187777492,0.002052592060590233,
balanced_extra_wide_capacity,w13,2026-04-24,2026-04-27,2026-05-06,300373,0.015625,0.9087675350701403,-0.05902232951116482,-0.0009222238986119503,
balanced_extra_wide_capacity,w13,2026-04-24,2026-04-27,2026-05-06,000878,0.015625,0.9073647294589178,0.01937786843447209,0.0003027791942886264,
balanced_extra_wide_capacity,w13,2026-04-24,2026-04-27,2026-05-06,300751,0.015625,0.9067134268537074,0.09340416113324479,0.0014594400177069498,
balanced_extra_wide_capacity,w13,2026-04-24,2026-04-27,2026-05-06,002837,0.015625,0.9043587174348698,0.026887931939922227,0.0004201239365612848,
balanced_extra_wide_capacity,w13,2026-04-24,2026-04-27,2026-05-06,300570,0.015625,0.9041082164328658,0.07285607755406431,0.001138376211782255,
balanced_extra_wide_capacity,w13,2026-04-24,2026-04-27,2026-05-06,002008,0.015625,0.9039579158316634,-0.0026351747023227734,-4.1174604723793334e-05,
balanced_extra_wide_capacity,w13,2026-04-24,2026-04-27,2026-05-06,300054,0.015625,0.9026052104208417,0.13473684210526327,0.0021052631578947385,
balanced_extra_wide_capacity,w13,2026-04-24,2026-04-27,2026-05-06,603688,0.015625,0.9021543086172344,0.09015151515151532,0.0014086174242424268,
balanced_extra_wide_capacity,w13,2026-04-24,2026-04-27,2026-05-06,603077,0.015625,0.9013026052104208,0.013651877133105783,0.00021331058020477786,
balanced_extra_wide_capacity,w13,2026-04-24,2026-04-27,2026-05-06,600497,0.015625,0.9002505010020041,0.024070021881837933,0.0003760940919037177,
balanced_extra_wide_capacity,w13,2026-04-24,2026-04-27,2026-05-06,300017,0.015625,0.898496993987976,-0.028089887640449396,-0.0004389044943820218,
balanced_extra_wide_capacity,w13,2026-04-24,2026-04-27,2026-05-06,000062,0.015625,0.8976452905811623,0.07396622015142684,0.0011557221898660444,
balanced_extra_wide_capacity,w13,2026-04-24,2026-04-27,2026-05-06,600118,0.015625,0.8966933867735472,0.11214953271028039,0.001752336448598131,
balanced_extra_wide_capacity,w13,2026-04-24,2026-04-27,2026-05-06,600879,0.015625,0.8934619238476953,0.06562235393734128,0.0010253492802709575,
balanced_extra_wide_capacity,w13,2026-04-24,2026-04-27,2026-05-06,601168,0.015625,0.8910821643286573,0.06292984869326013,0.0009832788858321895,
balanced_extra_wide_capacity,w13,2026-04-24,2026-04-27,2026-05-06,603979,0.015625,0.890380761523046,0.025920000000000165,0.0004050000000000026,
balanced_extra_wide_capacity,w13,2026-04-24,2026-04-27,2026-05-06,300748,0.015625,0.8890280561122245,0.09022556390977421,0.001409774436090222,
balanced_extra_wide_capacity,w13,2026-04-24,2026-04-27,2026-05-06,002738,0.015625,0.8883767535070141,0.09710671195970466,0.0015172923743703853,
balanced_extra_wide_capacity,w13,2026-04-24,2026-04-27,2026-05-06,002126,0.015625,0.8876753507014028,0.034652406417112314,0.0005414438502673799,
balanced_extra_wide_capacity,w13,2026-04-24,2026-04-27,2026-05-06,600126,0.015625,0.8869739478957916,-0.12881679389312972,-0.002012762404580152,
balanced_extra_wide_capacity,w13,2026-04-24,2026-04-27,2026-05-06,000967,0.015625,0.8859719438877756,0.15289575289575286,0.0023889961389961384,
balanced_extra_wide_capacity,w13,2026-04-24,2026-04-27,2026-05-06,688037,0.015625,0.8847444889779559,0.29480411225340375,0.004606314253959434,
balanced_extra_wide_capacity,w13,2026-04-24,2026-04-27,2026-05-06,300857,0.015625,0.9308617234468939,0.06522068286774174,0.0010190731698084647,
balanced_extra_wide_capacity,w13,2026-04-24,2026-04-27,2026-05-06,300383,0.015625,0.9311122244488979,0.011702750146284302,0.00018285547103569222,
balanced_extra_wide_capacity,w13,2026-04-24,2026-04-27,2026-05-06,002409,0.015625,0.931813627254509,0.012457912457912501,0.00019465488215488283,
balanced_extra_wide_capacity,w13,2026-04-24,2026-04-27,2026-05-06,301200,0.015625,0.9640280561122243,-0.009755574614065177,-0.00015243085334476839,
balanced_extra_wide_capacity,w13,2026-04-24,2026-04-27,2026-05-06,000960,0.015625,0.9875751503006012,0.01370585134422786,0.0002141539272535603,
balanced_extra_wide_capacity,w13,2026-04-24,2026-04-27,2026-05-06,601231,0.015625,0.9797595190380761,-0.01491028556987628,-0.00023297321202931688,
balanced_extra_wide_capacity,w13,2026-04-24,2026-04-27,2026-05-06,600549,0.015625,0.9771543086172345,-0.033505988993201674,-0.0005235310780187762,
balanced_extra_wide_capacity,w13,2026-04-24,2026-04-27,2026-05-06,002080,0.015625,0.9769038076152305,0.1555597867479055,0.0024306216679360233,
balanced_extra_wide_capacity,w13,2026-04-24,2026-04-27,2026-05-06,001389,0.015625,0.9767535070140281,0.052637749120750366,0.0008224648300117245,
balanced_extra_wide_capacity,w13,2026-04-24,2026-04-27,2026-05-06,002851,0.015625,0.975501002004008,0.15104266309546577,0.0023600416108666526,
balanced_extra_wide_capacity,w13,2026-04-24,2026-04-27,2026-05-06,301308,0.015625,0.9705410821643288,0.2897987620247058,0.004528105656636028,
balanced_extra_wide_capacity,w13,2026-04-24,2026-04-27,2026-05-06,300679,0.015625,0.9702404809619238,0.020786262991414395,0.0003247853592408499,
balanced_extra_wide_capacity,w13,2026-04-24,2026-04-27,2026-05-06,002436,0.015625,0.9699398797595189,0.03330995792426372,0.0005204680925666207,
balanced_extra_wide_capacity,w13,2026-04-24,2026-04-27,2026-05-06,300567,0.015625,0.9684869739478958,0.08143939393939403,0.0012724905303030318,
balanced_extra_wide_capacity,w13,2026-04-24,2026-04-27,2026-05-06,000657,0.015625,0.9667334669338677,0.12341428053642622,0.0019283481333816598,
balanced_extra_wide_capacity,w13,2026-04-24,2026-04-27,2026-05-06,002202,0.015625,0.96563126252505,0.09654631083202525,0.0015085361067503945,
balanced_extra_wide_capacity,w13,2026-04-24,2026-04-27,2026-05-06,688220,0.015625,0.9641783567134268,0.1205564142194746,0.0018836939721792907,
balanced_extra_wide_capacity,w13,2026-04-24,2026-04-27,2026-05-06,300604,0.015625,0.9599699398797595,0.11518987341772147,0.001799841772151898,
balanced_extra_wide_capacity,w13,2026-04-24,2026-04-27,2026-05-06,601212,0.015625,0.9318637274549098,0.041720990873533204,0.0006518904823989563,
balanced_extra_wide_capacity,w13,2026-04-24,2026-04-27,2026-05-06,300136,0.015625,0.958567134268537,0.19594095940959422,0.0030615774907749096,
balanced_extra_wide_capacity,w13,2026-04-24,2026-04-27,2026-05-06,300223,0.015625,0.9559118236472945,0.14098497495826368,0.00220289023372287,
balanced_extra_wide_capacity,w13,2026-04-24,2026-04-27,2026-05-06,002156,0.015625,0.9496993987975952,0.1761668731928956,0.0027526073936389936,
balanced_extra_wide_capacity,w13,2026-04-24,2026-04-27,2026-05-06,603920,0.015625,0.9488476953907816,-0.006876583423814586,-0.00010744661599710291,
balanced_extra_wide_capacity,w13,2026-04-24,2026-04-27,2026-05-06,688676,0.015625,0.9487975951903808,-0.025018871993961023,-0.000390919874905641,
balanced_extra_wide_capacity,w13,2026-04-24,2026-04-27,2026-05-06,688375,0.015625,0.9484468937875752,-0.0017485296455252985,-2.732077571133279e-05,
balanced_extra_wide_capacity,w13,2026-04-24,2026-04-27,2026-05-06,600392,0.015625,0.9446392785571142,0.0680544435548438,0.0010633506805444344,
balanced_extra_wide_capacity,w13,2026-04-24,2026-04-27,2026-05-06,600498,0.015625,0.9395290581162326,-0.07022579410639107,-0.0010972780329123605,
balanced_extra_wide_capacity,w13,2026-04-24,2026-04-27,2026-05-06,688629,0.015625,0.9387775551102204,-0.013058516270205378,-0.00020403931672195903,
balanced_extra_wide_capacity,w13,2026-04-24,2026-04-27,2026-05-06,688002,0.015625,0.9378256513026053,0.11939736346515994,0.0018655838041431241,
balanced_extra_wide_capacity,w13,2026-04-24,2026-04-27,2026-05-06,002335,0.015625,0.9364228456913828,-0.027382425742574323,-0.0004278504022277238,
balanced_extra_wide_capacity,w13,2026-04-24,2026-04-27,2026-05-06,301611,0.015625,0.9330661322645291,-0.036117583796379304,-0.0005643372468184266,
balanced_extra_wide_capacity,w13,2026-04-24,2026-04-27,2026-05-06,300395,0.015625,0.9327154308617234,0.07320684868116611,0.0011438570106432205,
balanced_extra_wide_capacity,w13,2026-04-24,2026-04-27,2026-05-06,300058,0.015625,0.8837174348697394,0.037356321839080664,0.0005836925287356354,
balanced_medium_current,w13,2026-04-24,2026-04-27,2026-05-06,300390,0.020408163265306124,1.0,0.2604395604395604,0.005315093070195111,
balanced_medium_current,w13,2026-04-24,2026-04-27,2026-05-06,688037,0.020408163265306124,0.9498997995991983,0.29480411225340375,0.006016410454151098,
balanced_medium_current,w13,2026-04-24,2026-04-27,2026-05-06,301308,0.020408163265306124,0.9458917835671342,0.2897987620247058,0.005914260449483792,
balanced_medium_current,w13,2026-04-24,2026-04-27,2026-05-06,300383,0.020408163265306124,0.9438877755511023,0.011702750146284302,0.00023883163563845515,
balanced_medium_current,w13,2026-04-24,2026-04-27,2026-05-06,002202,0.020408163265306124,0.9418837675350702,0.09654631083202525,0.0019703328741229645,
balanced_medium_current,w13,2026-04-24,2026-04-27,2026-05-06,002738,0.020408163265306124,0.9398797595190381,0.09710671195970466,0.0019817696318307075,
balanced_medium_current,w13,2026-04-24,2026-04-27,2026-05-06,601231,0.020408163265306124,0.9378757515030061,-0.01491028556987628,-0.0003042915422423731,
balanced_medium_current,w13,2026-04-24,2026-04-27,2026-05-06,603699,0.020408163265306124,0.935871743486974,0.11185757473967084,0.002282807647748385,
balanced_medium_current,w13,2026-04-24,2026-04-27,2026-05-06,300567,0.020408163265306124,0.9338677354709419,0.08143939393939403,0.0016620284477427355,
balanced_medium_current,w13,2026-04-24,2026-04-27,2026-05-06,601212,0.020408163265306124,0.9318637274549099,0.041720990873533204,0.0008514487933374123,
balanced_medium_current,w13,2026-04-24,2026-04-27,2026-05-06,002851,0.020408163265306124,0.9298597194388778,0.15104266309546577,0.0030825033284788933,
balanced_medium_current,w13,2026-04-24,2026-04-27,2026-05-06,300570,0.020408163265306124,0.9278557114228457,0.07285607755406431,0.0014868587255931493,
balanced_medium_current,w13,2026-04-24,2026-04-27,2026-05-06,601958,0.020408163265306124,0.9258517034068137,0.04575495678698527,0.0009337746283058219,
balanced_medium_current,w13,2026-04-24,2026-04-27,2026-05-06,601608,0.020408163265306124,0.9238476953907816,-0.00658978583196046,-0.0001344854251420502,
balanced_medium_current,w13,2026-04-24,2026-04-27,2026-05-06,603077,0.020408163265306124,0.9218436873747495,0.013651877133105783,0.0002786097374103221,
balanced_medium_current,w13,2026-04-24,2026-04-27,2026-05-06,603920,0.020408163265306124,0.9198396793587175,-0.006876583423814586,-0.00014033843722070584,
balanced_medium_current,w13,2026-04-24,2026-04-27,2026-05-06,301200,0.020408163265306124,0.9178356713426854,-0.009755574614065177,-0.0001990933594707179,
balanced_medium_current,w13,2026-04-24,2026-04-27,2026-05-06,002335,0.020408163265306124,0.9158316633266533,-0.027382425742574323,-0.0005588250151545781,
balanced_medium_current,w13,2026-04-24,2026-04-27,2026-05-06,688002,0.020408163265306124,0.9138276553106213,0.11939736346515994,0.0024366808870440806,
balanced_medium_current,w13,2026-04-24,2026-04-27,2026-05-06,300223,0.020408163265306124,0.9118236472945892,0.14098497495826368,0.0028772443869033407,
balanced_medium_current,w13,2026-04-24,2026-04-27,2026-05-06,300373,0.020408163265306124,0.9098196392785571,-0.05902232951116482,-0.0012045373369625474,
balanced_medium_current,w13,2026-04-24,2026-04-27,2026-05-06,002465,0.020408163265306124,0.9078156312625251,0.03264281230382915,0.0006661798429352889,
balanced_medium_current,w13,2026-04-24,2026-04-27,2026-05-06,300757,0.020408163265306124,0.905811623246493,-0.0416409070059629,-0.0008498144286931206,
balanced_medium_current,w13,2026-04-24,2026-04-27,2026-05-06,002080,0.020408163265306124,0.9478957915831663,0.1555597867479055,0.003174689525467459,
balanced_medium_current,w13,2026-04-24,2026-04-27,2026-05-06,002436,0.020408163265306124,0.9519038076152304,0.03330995792426372,0.0006797950596788516,
balanced_medium_current,w13,2026-04-24,2026-04-27,2026-05-06,600118,0.020408163265306124,0.9979959919839679,0.11214953271028039,0.002288765973679192,
balanced_medium_current,w13,2026-04-24,2026-04-27,2026-05-06,300285,0.020408163265306124,0.9539078156312625,0.05406927626020841,0.0011034546175552739,
balanced_medium_current,w13,2026-04-24,2026-04-27,2026-05-06,001389,0.020408163265306124,0.9959919839679359,0.052637749120750366,0.0010742397779744974,
balanced_medium_current,w13,2026-04-24,2026-04-27,2026-05-06,300136,0.020408163265306124,0.9939879759519038,0.19594095940959422,0.003998795089991719,
balanced_medium_current,w13,2026-04-24,2026-04-27,2026-05-06,600879,0.020408163265306124,0.9919839679358717,0.06562235393734128,0.001339231713006965,
balanced_medium_current,w13,2026-04-24,2026-04-27,2026-05-06,000960,0.020408163265306124,0.9899799599198397,0.01370585134422786,0.0002797112519230176,
balanced_medium_current,w13,2026-04-24,2026-04-27,2026-05-06,000426,0.020408163265306124,0.9879759519038076,0.11445485939812539,0.0023358134571045998,
balanced_medium_current,w13,2026-04-24,2026-04-27,2026-05-06,600498,0.020408163265306124,0.9859719438877755,-0.07022579410639107,-0.0014331794715590016,
balanced_medium_current,w13,2026-04-24,2026-04-27,2026-05-06,688629,0.020408163265306124,0.9839679358717435,-0.013058516270205378,-0.0002665003320450077,
balanced_medium_current,w13,2026-04-24,2026-04-27,2026-05-06,688347,0.020408163265306124,0.9819639278557114,0.09510086455331401,0.0019408339704757964,
balanced_medium_current,w13,2026-04-24,2026-04-27,2026-05-06,688387,0.020408163265306124,0.9799599198396793,0.19882352941176462,0.004057623049219686,
balanced_medium_current,w13,2026-04-24,2026-04-27,2026-05-06,300054,0.020408163265306124,0.9779559118236473,0.13473684210526327,0.0027497314715359852,
balanced_medium_current,w13,2026-04-24,2026-04-27,2026-05-06,000657,0.020408163265306124,0.9759519038076152,0.12341428053642622,0.002518658786457678,
balanced_medium_current,w13,2026-04-24,2026-04-27,2026-05-06,002281,0.020408163265306124,0.9739478957915831,0.171872571872572,0.00350760350760351,
balanced_medium_current,w13,2026-04-24,2026-04-27,2026-05-06,300017,0.020408163265306124,0.9719438877755511,-0.028089887640449396,-0.0005732630130703959,
balanced_medium_current,w13,2026-04-24,2026-04-27,2026-05-06,600549,0.020408163265306124,0.969939879759519,-0.033505988993201674,-0.0006837956937388097,
balanced_medium_current,w13,2026-04-24,2026-04-27,2026-05-06,688375,0.020408163265306124,0.9679358717434869,-0.0017485296455252985,-3.5684278480108134e-05,
balanced_medium_current,w13,2026-04-24,2026-04-27,2026-05-06,301611,0.020408163265306124,0.9659318637274549,-0.036117583796379304,-0.0007370935468648839,
balanced_medium_current,w13,2026-04-24,2026-04-27,2026-05-06,600126,0.020408163265306124,0.9639278557114228,-0.12881679389312972,-0.0026289141610842805,
balanced_medium_current,w13,2026-04-24,2026-04-27,2026-05-06,301536,0.020408163265306124,0.9619238476953907,0.05931372549019609,0.0012104841936774714,
balanced_medium_current,w13,2026-04-24,2026-04-27,2026-05-06,300395,0.020408163265306124,0.9599198396793587,0.07320684868116611,0.0014940173200237983,
balanced_medium_current,w13,2026-04-24,2026-04-27,2026-05-06,300751,0.020408163265306124,0.9579158316633266,0.09340416113324479,0.0019062073700662203,
balanced_medium_current,w13,2026-04-24,2026-04-27,2026-05-06,300604,0.020408163265306124,0.9559118236472945,0.11518987341772147,0.0023508137432188057,
balanced_medium_current,w13,2026-04-24,2026-04-27,2026-05-06,603688,0.020408163265306124,0.9038076152304609,0.09015151515151532,0.0018398268398268434,
economic_medium_capacity,w13,2026-04-24,2026-04-27,2026-05-06,300390,0.036000000004219955,0.9999599198396794,0.2604395604395604,0.009375824176923217,
economic_medium_capacity,w13,2026-04-24,2026-04-27,2026-05-06,688702,0.036000000004219955,0.9829579158316634,0.18299445471349363,0.006587800370457999,
economic_medium_capacity,w13,2026-04-24,2026-04-27,2026-05-06,000967,0.036000000004219955,0.9979719438877755,0.15289575289575286,0.005504247104892316,
economic_medium_capacity,w13,2026-04-24,2026-04-27,2026-05-06,300395,0.036000000004219955,0.9739278557114228,0.07320684868116611,0.0026354465528309096,
economic_medium_capacity,w13,2026-04-24,2026-04-27,2026-05-06,301611,0.036000000004219955,0.9758677354709419,-0.036117583796379304,-0.0013002330168220696,
economic_medium_capacity,w13,2026-04-24,2026-04-27,2026-05-06,688220,0.036000000004219955,0.9777194388777555,0.1205564142194746,0.004340030912409828,
economic_medium_capacity,w13,2026-04-24,2026-04-27,2026-05-06,688347,0.036000000004219955,0.9799519038076152,0.09510086455331401,0.0034236311243206257,
economic_medium_capacity,w13,2026-04-24,2026-04-27,2026-05-06,002261,0.036000000004219955,0.9811583166332665,-0.04761904761904756,-0.0017142857144866624,
economic_medium_capacity,w13,2026-04-24,2026-04-27,2026-05-06,300857,0.036000000004219955,0.9858877755511022,0.06522068286774174,0.002347944583513931,
economic_medium_capacity,w13,2026-04-24,2026-04-27,2026-05-06,002281,0.036000000004219955,0.9879839679358717,0.171872571872572,0.006187412588137886,
economic_medium_capacity,w13,2026-04-24,2026-04-27,2026-05-06,002436,0.036000000004219955,0.9899799599198397,0.03330995792426372,0.0011991584854140606,
economic_medium_capacity,w13,2026-04-24,2026-04-27,2026-05-06,688629,0.036000000004219955,0.9919478957915832,-0.013058516270205378,-0.00047010658578249996,
economic_medium_capacity,w13,2026-04-24,2026-04-27,2026-05-06,001389,0.036000000004219955,0.993939879759519,0.052637749120750366,0.0018949589685691422,
economic_medium_capacity,w13,2026-04-24,2026-04-27,2026-05-06,002432,0.036000000004219955,0.995498997995992,-0.11086583272013739,-0.003991169978392795,
economic_medium_capacity,w13,2026-04-24,2026-04-27,2026-05-06,601231,0.036000000004219955,0.9579158316633266,-0.01491028556987628,-0.0005367702805784668,
economic_medium_capacity,w13,2026-04-24,2026-04-27,2026-05-06,300136,0.036000000000000004,0.9599919839679358,0.19594095940959422,0.007053874538745393,
economic_medium_capacity,w13,2026-04-24,2026-04-27,2026-05-06,002851,0.036000000000000004,0.9519198396793587,0.15104266309546577,0.0054375358714367685,
economic_medium_capacity,w13,2026-04-24,2026-04-27,2026-05-06,301308,0.036000000000000004,0.9537354709418837,0.2897987620247058,0.010432755432889409,
economic_medium_capacity,w13,2026-04-24,2026-04-27,2026-05-06,601212,0.036000000000000004,0.9559358717434869,0.041720990873533204,0.0015019556714471955,
economic_medium_capacity,w13,2026-04-24,2026-04-27,2026-05-06,601179,0.036000000000000004,0.9696392785571142,0.01278326554328868,0.00046019755955839254,
economic_medium_capacity,w13,2026-04-24,2026-04-27,2026-05-06,000960,0.036000000000000004,0.9619559118236473,0.01370585134422786,0.000493410648392203,
economic_medium_capacity,w13,2026-04-24,2026-04-27,2026-05-06,300604,0.036000000000000004,0.9638436873747495,0.11518987341772147,0.004146835443037973,
economic_medium_capacity,w13,2026-04-24,2026-04-27,2026-05-06,002025,0.036000000000000004,0.9656472945891783,-0.005337846634552723,-0.00019216247884389805,
economic_medium_capacity,w13,2026-04-24,2026-04-27,2026-05-06,000062,0.036000000000000004,0.9679118236472946,0.07396622015142684,0.0026627839254513667,
economic_medium_capacity,w13,2026-04-24,2026-04-27,2026-05-06,002202,0.036000000000000004,0.9718196392785571,0.09654631083202525,0.0034756671899529093,
economic_medium_capacity,w13,2026-04-24,2026-04-27,2026-05-06,002080,0.03333333331223356,0.9497835671342685,0.1555597867479055,0.005185326221647906,
economic_medium_capacity,w13,2026-04-24,2026-04-27,2026-05-06,600549,0.02666666664978681,0.9478236472945891,-0.033505988993201674,-0.000893493039253135,
economic_medium_capacity,w13,2026-04-24,2026-04-27,2026-05-06,300223,0.019999999987340117,0.9458717434869739,0.14098497495826368,0.00281969949738042,
economic_medium_capacity,w13,2026-04-24,2026-04-27,2026-05-06,300567,0.013333333324893405,0.943995991983968,0.08143939393939403,0.0010858585851712445,
economic_medium_capacity,w13,2026-04-24,2026-04-27,2026-05-06,688375,0.0066666666624467024,0.9418757515030061,-0.0017485296455252985,-1.1656864296123257e-05,
recent_compact_capacity,w13,2026-04-24,2026-04-27,2026-05-06,688702,0.032972380952380954,0.9981062124248496,0.18299445471349363,0.006033762872986536,
recent_compact_capacity,w13,2026-04-24,2026-04-27,2026-05-06,688375,0.032972380952380954,0.9727555110220439,-0.0017485296455252985,-5.765318557879177e-05,
recent_compact_capacity,w13,2026-04-24,2026-04-27,2026-05-06,000960,0.032972380952380954,0.9399899799599198,0.01370585134422786,0.0004519145517985836,
recent_compact_capacity,w13,2026-04-24,2026-04-27,2026-05-06,603699,0.032972380952380954,0.9414128256513025,0.11185757473967084,0.003688210566725852,
recent_compact_capacity,w13,2026-04-24,2026-04-27,2026-05-06,000426,0.032972380952380954,0.9450200400801602,0.11445485939812539,0.0037738492259261898,
recent_compact_capacity,w13,2026-04-24,2026-04-27,2026-05-06,003031,0.032972380952380954,0.9452905811623246,0.003990922607402858,0.00013159022056275654,
recent_compact_capacity,w13,2026-04-24,2026-04-27,2026-05-06,002281,0.032972380952380954,0.9952605210420842,0.171872571872572,0.005667047915047919,
recent_compact_capacity,w13,2026-04-24,2026-04-27,2026-05-06,688387,0.032972380952380954,0.967945891783567,0.19882352941176462,0.006555685154061622,
recent_compact_capacity,w13,2026-04-24,2026-04-27,2026-05-06,600549,0.032972380952380954,0.9684719438877755,-0.033505988993201674,-0.0011047722332701289,
recent_compact_capacity,w13,2026-04-24,2026-04-27,2026-05-06,688629,0.032972380952380954,0.9692585170340681,-0.013058516270205378,-0.0004305703731340766,
recent_compact_capacity,w13,2026-04-24,2026-04-27,2026-05-06,601179,0.032972380952380954,0.9665781563126252,0.01278326554328868,0.00042149470130875945,
recent_compact_capacity,w13,2026-04-24,2026-04-27,2026-05-06,688234,0.032972380952380954,0.9737274549098196,0.03893889152060637,0.0012839079650808695,
recent_compact_capacity,w13,2026-04-24,2026-04-27,2026-05-06,300751,0.032972380952380954,0.9755310621242484,0.09340416113324479,0.0030797575834229218,
recent_compact_capacity,w13,2026-04-24,2026-04-27,2026-05-06,600118,0.032972380952380954,0.9932164328657314,0.11214953271028039,0.0036978371161548737,
recent_compact_capacity,w13,2026-04-24,2026-04-27,2026-05-06,600879,0.032972380952380954,0.9905511022044088,0.06562235393734128,0.002163725253013993,
recent_compact_capacity,w13,2026-04-24,2026-04-27,2026-05-06,688347,0.032972380952380954,0.989318637274549,0.09510086455331401,0.003135701934952652,
recent_compact_capacity,w13,2026-04-24,2026-04-27,2026-05-06,301611,0.032972380952380954,0.9858617234468937,-0.036117583796379304,-0.00119088273201376,
recent_compact_capacity,w13,2026-04-24,2026-04-27,2026-05-06,688777,0.032972380952380954,0.936062124248497,0.22006232378691193,0.007255978773168265,
recent_compact_capacity,w13,2026-04-24,2026-04-27,2026-05-06,300567,0.032972380952380954,0.9843386773547094,0.08143939393939403,0.0026852507215007248,
recent_compact_capacity,w13,2026-04-24,2026-04-27,2026-05-06,001389,0.032972380952380954,0.9830861723446893,0.052637749120750366,0.0017355919164852367,
recent_compact_capacity,w13,2026-04-24,2026-04-27,2026-05-06,300136,0.032972380952380954,0.9814128256513025,0.19594095940959422,0.006460639957828154,
recent_compact_capacity,w13,2026-04-24,2026-04-27,2026-05-06,300017,0.030758,0.9563026052104207,-0.028089887640449396,-0.0008639887640449425,
recent_compact_capacity,w13,2026-04-24,2026-04-27,2026-05-06,688037,0.030758,0.954258517034068,0.29480411225340375,0.009067584884690193,
recent_compact_capacity,w13,2026-04-24,2026-04-27,2026-05-06,300012,0.030758,0.9527054108216433,-0.028605482717520836,-0.0008798474374255059,
recent_compact_capacity,w13,2026-04-24,2026-04-27,2026-05-06,002353,0.030758,0.960691382765531,0.1453435114503816,0.004470475725190838,
recent_compact_capacity,w13,2026-04-24,2026-04-27,2026-05-06,688568,0.030758,0.9485571142284569,-0.010936205468102811,-0.00033637580778790626,
recent_compact_capacity,w13,2026-04-24,2026-04-27,2026-05-06,600498,0.030758,0.9465230460921843,-0.07022579410639107,-0.0021600049751243767,
recent_compact_capacity,w13,2026-04-24,2026-04-27,2026-05-06,601212,0.030758,0.9653607214428856,0.041720990873533204,0.0012832542372881344,
recent_compact_capacity,w13,2026-04-24,2026-04-27,2026-05-06,002756,0.030758,0.9417735470941884,0.1301623833269403,0.00400353458637003,
recent_compact_capacity,w13,2026-04-24,2026-04-27,2026-05-06,688166,0.030758,0.9412625250501001,0.11251875312552073,0.003460851808634767,
recent_compact_capacity,w13,2026-04-24,2026-04-27,2026-05-06,688220,0.030758,0.9505811623246493,0.1205564142194746,0.0037080741885626,
recent_compact_current,w13,2026-04-24,2026-04-27,2026-05-06,000062,0.027027027027027035,0.9908817635270541,0.07396622015142684,0.001999087031119645,
recent_compact_current,w13,2026-04-24,2026-04-27,2026-05-06,002738,0.027027027027027035,0.9508517034068137,0.09710671195970466,0.0026245057286406674,
recent_compact_current,w13,2026-04-24,2026-04-27,2026-05-06,000657,0.027027027027027035,0.9451903807615231,0.12341428053642622,0.003335521095579088,
recent_compact_current,w13,2026-04-24,2026-04-27,2026-05-06,300604,0.027027027027027035,0.937875751503006,0.11518987341772147,0.003113239822100581,
recent_compact_current,w13,2026-04-24,2026-04-27,2026-05-06,300017,0.027027027027027035,0.9365230460921844,-0.028089887640449396,-0.0007591861524445785,
recent_compact_current,w13,2026-04-24,2026-04-27,2026-05-06,300724,0.027027027027027035,0.9346192384769539,0.02873051224944323,0.0007765003310660335,
recent_compact_current,w13,2026-04-24,2026-04-27,2026-05-06,301308,0.027027027027027035,0.9333166332665331,0.2897987620247058,0.007832398973640698,
recent_compact_current,w13,2026-04-24,2026-04-27,2026-05-06,688172,0.027027027027027035,0.9331162324649298,0.04200672107537207,0.001135316785820867,
recent_compact_current,w13,2026-04-24,2026-04-27,2026-05-06,002281,0.027027027027027035,0.9311623246492986,0.171872571872572,0.00464520464520465,
recent_compact_current,w13,2026-04-24,2026-04-27,2026-05-06,601231,0.027027027027027035,0.9304609218436874,-0.01491028556987628,-0.00040298069107773746,
recent_compact_current,w13,2026-04-24,2026-04-27,2026-05-06,000960,0.027027027027027035,0.9301603206412825,0.01370585134422786,0.0003704284147088612,
recent_compact_current,w13,2026-04-24,2026-04-27,2026-05-06,600299,0.027027027027027035,0.928807615230461,-0.08045977011494243,-0.002174588381484931,
recent_compact_current,w13,2026-04-24,2026-04-27,2026-05-06,688702,0.027027027027027035,0.9276052104208417,0.18299445471349363,0.004945796073337667,
recent_compact_current,w13,2026-04-24,2026-04-27,2026-05-06,688037,0.027027027027027035,0.9258016032064129,0.29480411225340375,0.007967678709551455,
recent_compact_current,w13,2026-04-24,2026-04-27,2026-05-06,002202,0.027027027027027035,0.9256513026052104,0.09654631083202525,0.0026093597522168993,
recent_compact_current,w13,2026-04-24,2026-04-27,2026-05-06,688375,0.027027027027027035,0.9240981963927856,-0.0017485296455252985,-4.725755798717025e-05,
recent_compact_current,w13,2026-04-24,2026-04-27,2026-05-06,300567,0.027027027027027035,0.9204408817635271,0.08143939393939403,0.002201064701064704,
recent_compact_current,w13,2026-04-24,2026-04-27,2026-05-06,002837,0.027027027027027035,0.9468436873747496,0.026887931939922227,0.0007267008632411415,
recent_compact_current,w13,2026-04-24,2026-04-27,2026-05-06,002756,0.027027027027027035,0.9524549098196392,0.1301623833269403,0.0035179022520794687,
recent_compact_current,w13,2026-04-24,2026-04-27,2026-05-06,300054,0.027027027027027035,0.9876753507014028,0.13473684210526327,0.0036415362731152244,
recent_compact_current,w13,2026-04-24,2026-04-27,2026-05-06,605589,0.027027027027027035,0.9561623246492985,0.07201051248357437,0.0019462300671236324,
recent_compact_current,w13,2026-04-24,2026-04-27,2026-05-06,002353,0.027027027027027035,0.9822144288577155,0.1453435114503816,0.003928203012172477,
recent_compact_current,w13,2026-04-24,2026-04-27,2026-05-06,601212,0.027027027027027035,0.9796092184368737,0.041720990873533204,0.0011275943479333301,
recent_compact_current,w13,2026-04-24,2026-04-27,2026-05-06,300751,0.027027027027027035,0.9777054108216433,0.09340416113324479,0.002524436787384995,
recent_compact_current,w13,2026-04-24,2026-04-27,2026-05-06,300136,0.027027027027027035,0.9765030060120241,0.19594095940959422,0.00529570160566471,
recent_compact_current,w13,2026-04-24,2026-04-27,2026-05-06,001389,0.027027027027027035,0.9752004008016032,0.052637749120750366,0.0014226418681283887,
recent_compact_current,w13,2026-04-24,2026-04-27,2026-05-06,002273,0.027027027027027035,0.9728957915831663,0.033956386292834706,0.0009177401700766139,
recent_compact_current,w13,2026-04-24,2026-04-27,2026-05-06,688234,0.027027027027027035,0.97249498997996,0.03893889152060637,0.0010524024735299022,
recent_compact_current,w13,2026-04-24,2026-04-27,2026-05-06,002203,0.027027027027027035,0.9713426853707414,0.11871113623516094,0.0032084090874367832,
recent_compact_current,w13,2026-04-24,2026-04-27,2026-05-06,688347,0.027027027027027035,0.968687374749499,0.09510086455331401,0.0025702936365760553,
recent_compact_current,w13,2026-04-24,2026-04-27,2026-05-06,301611,0.027027027027027035,0.9638777555110221,-0.036117583796379304,-0.0009761509134156572,
recent_compact_current,w13,2026-04-24,2026-04-27,2026-05-06,688568,0.027027027027027035,0.9625250501002004,-0.010936205468102811,-0.00029557312075953555,
recent_compact_current,w13,2026-04-24,2026-04-27,2026-05-06,600879,0.027027027027027035,0.9618737474949899,0.06562235393734128,0.0017735771334416567,
recent_compact_current,w13,2026-04-24,2026-04-27,2026-05-06,688629,0.027027027027027035,0.9600701402805611,-0.013058516270205378,-0.000352932872167713,
recent_compact_current,w13,2026-04-24,2026-04-27,2026-05-06,301200,0.027027027027027035,0.9595190380761522,-0.009755574614065177,-0.0002636641787585184,
recent_compact_current,w13,2026-04-24,2026-04-27,2026-05-06,600118,0.027027027027027035,0.9579659318637274,0.11214953271028039,0.0030310684516292007,
recent_compact_current,w13,2026-04-24,2026-04-27,2026-05-06,601179,0.027027027027027035,0.9170340681362725,0.01278326554328868,0.0003454936633321266,
short_aggressive_compact_capacity,w13,2026-04-24,2026-04-27,2026-05-06,002273,0.03225806451612904,0.9986893787575151,0.033956386292834706,0.0010953672997688617,
short_aggressive_compact_capacity,w13,2026-04-24,2026-04-27,2026-05-06,600126,0.03225806451612904,0.9638186372745491,-0.12881679389312972,-0.004155380448165475,
short_aggressive_compact_capacity,w13,2026-04-24,2026-04-27,2026-05-06,301200,0.03225806451612904,0.9365651302605211,-0.009755574614065177,-0.0003146959552924251,
short_aggressive_compact_capacity,w13,2026-04-24,2026-04-27,2026-05-06,600208,0.03225806451612904,0.9374458917835672,-0.016913319238900604,-0.0005455909431903421,
short_aggressive_compact_capacity,w13,2026-04-24,2026-04-27,2026-05-06,300054,0.03225806451612904,0.9402074148296594,0.13473684210526327,0.004346349745331074,
short_aggressive_compact_capacity,w13,2026-04-24,2026-04-27,2026-05-06,688361,0.03225806451612904,0.9404689378757515,0.14789404605655654,0.00477077567924376,
short_aggressive_compact_capacity,w13,2026-04-24,2026-04-27,2026-05-06,688002,0.03225806451612904,0.9405731462925853,0.11939736346515994,0.0038515278537148375,
short_aggressive_compact_capacity,w13,2026-04-24,2026-04-27,2026-05-06,605589,0.03225806451612904,0.9436462925851703,0.07201051248357437,0.0023229197575346575,
short_aggressive_compact_capacity,w13,2026-04-24,2026-04-27,2026-05-06,688525,0.03225806451612904,0.9438216432865731,0.16742964352720446,0.0054009562428130485,
short_aggressive_compact_capacity,w13,2026-04-24,2026-04-27,2026-05-06,002025,0.03225806451612904,0.9464809619238476,-0.005337846634552723,-0.00017218860111460401,
short_aggressive_compact_capacity,w13,2026-04-24,2026-04-27,2026-05-06,603179,0.03225806451612904,0.9478296593186372,0.025175739741703396,0.000812120636829142,
short_aggressive_compact_capacity,w13,2026-04-24,2026-04-27,2026-05-06,300136,0.03225806451612904,0.9519749498997996,0.19594095940959422,0.006320676109986912,
short_aggressive_compact_capacity,w13,2026-04-24,2026-04-27,2026-05-06,002837,0.03225806451612904,0.9574128256513026,0.026887931939922227,0.0008673526432232978,
short_aggressive_compact_capacity,w13,2026-04-24,2026-04-27,2026-05-06,000657,0.03225806451612904,0.957697394789579,0.12341428053642622,0.003981105823755686,
short_aggressive_compact_capacity,w13,2026-04-24,2026-04-27,2026-05-06,600118,0.03225806451612904,0.9629068136272545,0.11214953271028039,0.0036177268616219486,
short_aggressive_compact_capacity,w13,2026-04-24,2026-04-27,2026-05-06,002353,0.03225806451612904,0.9639378757515029,0.1453435114503816,0.00468850036936715,
short_aggressive_compact_capacity,w13,2026-04-24,2026-04-27,2026-05-06,002436,0.03225806451612904,0.9950090180360721,0.03330995792426372,0.0010745147717504428,
short_aggressive_compact_capacity,w13,2026-04-24,2026-04-27,2026-05-06,301308,0.03225806451612904,0.9665541082164328,0.2897987620247058,0.009348347162087284,
short_aggressive_compact_capacity,w13,2026-04-24,2026-04-27,2026-05-06,002281,0.03225806451612904,0.9694649298597194,0.171872571872572,0.005544276512018453,
short_aggressive_compact_capacity,w13,2026-04-24,2026-04-27,2026-05-06,300857,0.03225806451612904,0.9699498997995992,0.06522068286774174,0.002103892995733605,
short_aggressive_compact_capacity,w13,2026-04-24,2026-04-27,2026-05-06,688629,0.03225806451612904,0.9727084168336674,-0.013058516270205378,-0.0004212424603292058,
short_aggressive_compact_capacity,w13,2026-04-24,2026-04-27,2026-05-06,300604,0.03225806451612904,0.9735871743486973,0.11518987341772147,0.0037158023683135965,
short_aggressive_compact_capacity,w13,2026-04-24,2026-04-27,2026-05-06,002432,0.03225806451612904,0.9750501002004007,-0.11086583272013739,-0.003576317184520562,
short_aggressive_compact_capacity,w13,2026-04-24,2026-04-27,2026-05-06,001389,0.03225806451612904,0.9752585170340682,0.052637749120750366,0.00169799190712098,
short_aggressive_compact_capacity,w13,2026-04-24,2026-04-27,2026-05-06,002203,0.03225806451612904,0.9801122244488978,0.11871113623516094,0.003829391491456805,
short_aggressive_compact_capacity,w13,2026-04-24,2026-04-27,2026-05-06,600879,0.03225806451612904,0.9806152304609218,0.06562235393734128,0.0021168501270110093,
short_aggressive_compact_capacity,w13,2026-04-24,2026-04-27,2026-05-06,688568,0.03225806451612904,0.9821112224448898,-0.010936205468102811,-0.00035278082155170364,
short_aggressive_compact_capacity,w13,2026-04-24,2026-04-27,2026-05-06,300751,0.03225806451612904,0.9905641282565131,0.09340416113324479,0.0030130374559111228,
short_aggressive_compact_capacity,w13,2026-04-24,2026-04-27,2026-05-06,000062,0.03225806451612904,0.9934418837675351,0.07396622015142684,0.0023860071016589307,
short_aggressive_compact_capacity,w13,2026-04-24,2026-04-27,2026-05-06,688234,0.03225806451612904,0.9943917835671342,0.03893889152060637,0.00125609327485827,
short_aggressive_compact_capacity,w13,2026-04-24,2026-04-27,2026-05-06,600549,0.03225806451612904,0.9353256513026053,-0.033505988993201674,-0.0010808383546194091,
short_aggressive_medium_capacity,w13,2026-04-24,2026-04-27,2026-05-06,002273,0.03225806451612904,0.9986893787575151,0.033956386292834706,0.0010953672997688617,
short_aggressive_medium_capacity,w13,2026-04-24,2026-04-27,2026-05-06,600126,0.03225806451612904,0.9638186372745491,-0.12881679389312972,-0.004155380448165475,
short_aggressive_medium_capacity,w13,2026-04-24,2026-04-27,2026-05-06,301200,0.03225806451612904,0.9365651302605211,-0.009755574614065177,-0.0003146959552924251,
short_aggressive_medium_capacity,w13,2026-04-24,2026-04-27,2026-05-06,600208,0.03225806451612904,0.9374458917835672,-0.016913319238900604,-0.0005455909431903421,
short_aggressive_medium_capacity,w13,2026-04-24,2026-04-27,2026-05-06,300054,0.03225806451612904,0.9402074148296594,0.13473684210526327,0.004346349745331074,
short_aggressive_medium_capacity,w13,2026-04-24,2026-04-27,2026-05-06,688361,0.03225806451612904,0.9404689378757515,0.14789404605655654,0.00477077567924376,
short_aggressive_medium_capacity,w13,2026-04-24,2026-04-27,2026-05-06,688002,0.03225806451612904,0.9405731462925853,0.11939736346515994,0.0038515278537148375,
short_aggressive_medium_capacity,w13,2026-04-24,2026-04-27,2026-05-06,605589,0.03225806451612904,0.9436462925851703,0.07201051248357437,0.0023229197575346575,
short_aggressive_medium_capacity,w13,2026-04-24,2026-04-27,2026-05-06,688525,0.03225806451612904,0.9438216432865731,0.16742964352720446,0.0054009562428130485,
short_aggressive_medium_capacity,w13,2026-04-24,2026-04-27,2026-05-06,002025,0.03225806451612904,0.9464809619238476,-0.005337846634552723,-0.00017218860111460401,
short_aggressive_medium_capacity,w13,2026-04-24,2026-04-27,2026-05-06,603179,0.03225806451612904,0.9478296593186372,0.025175739741703396,0.000812120636829142,
short_aggressive_medium_capacity,w13,2026-04-24,2026-04-27,2026-05-06,300136,0.03225806451612904,0.9519749498997996,0.19594095940959422,0.006320676109986912,
short_aggressive_medium_capacity,w13,2026-04-24,2026-04-27,2026-05-06,002837,0.03225806451612904,0.9574128256513026,0.026887931939922227,0.0008673526432232978,
short_aggressive_medium_capacity,w13,2026-04-24,2026-04-27,2026-05-06,000657,0.03225806451612904,0.957697394789579,0.12341428053642622,0.003981105823755686,
short_aggressive_medium_capacity,w13,2026-04-24,2026-04-27,2026-05-06,600118,0.03225806451612904,0.9629068136272545,0.11214953271028039,0.0036177268616219486,
short_aggressive_medium_capacity,w13,2026-04-24,2026-04-27,2026-05-06,002353,0.03225806451612904,0.9639378757515029,0.1453435114503816,0.00468850036936715,
short_aggressive_medium_capacity,w13,2026-04-24,2026-04-27,2026-05-06,002436,0.03225806451612904,0.9950090180360721,0.03330995792426372,0.0010745147717504428,
short_aggressive_medium_capacity,w13,2026-04-24,2026-04-27,2026-05-06,301308,0.03225806451612904,0.9665541082164328,0.2897987620247058,0.009348347162087284,
short_aggressive_medium_capacity,w13,2026-04-24,2026-04-27,2026-05-06,002281,0.03225806451612904,0.9694649298597194,0.171872571872572,0.005544276512018453,
short_aggressive_medium_capacity,w13,2026-04-24,2026-04-27,2026-05-06,300857,0.03225806451612904,0.9699498997995992,0.06522068286774174,0.002103892995733605,
short_aggressive_medium_capacity,w13,2026-04-24,2026-04-27,2026-05-06,688629,0.03225806451612904,0.9727084168336674,-0.013058516270205378,-0.0004212424603292058,
short_aggressive_medium_capacity,w13,2026-04-24,2026-04-27,2026-05-06,300604,0.03225806451612904,0.9735871743486973,0.11518987341772147,0.0037158023683135965,
short_aggressive_medium_capacity,w13,2026-04-24,2026-04-27,2026-05-06,002432,0.03225806451612904,0.9750501002004007,-0.11086583272013739,-0.003576317184520562,
short_aggressive_medium_capacity,w13,2026-04-24,2026-04-27,2026-05-06,001389,0.03225806451612904,0.9752585170340682,0.052637749120750366,0.00169799190712098,
short_aggressive_medium_capacity,w13,2026-04-24,2026-04-27,2026-05-06,002203,0.03225806451612904,0.9801122244488978,0.11871113623516094,0.003829391491456805,
short_aggressive_medium_capacity,w13,2026-04-24,2026-04-27,2026-05-06,600879,0.03225806451612904,0.9806152304609218,0.06562235393734128,0.0021168501270110093,
short_aggressive_medium_capacity,w13,2026-04-24,2026-04-27,2026-05-06,688568,0.03225806451612904,0.9821112224448898,-0.010936205468102811,-0.00035278082155170364,
short_aggressive_medium_capacity,w13,2026-04-24,2026-04-27,2026-05-06,300751,0.03225806451612904,0.9905641282565131,0.09340416113324479,0.0030130374559111228,
short_aggressive_medium_capacity,w13,2026-04-24,2026-04-27,2026-05-06,000062,0.03225806451612904,0.9934418837675351,0.07396622015142684,0.0023860071016589307,
short_aggressive_medium_capacity,w13,2026-04-24,2026-04-27,2026-05-06,688234,0.03225806451612904,0.9943917835671342,0.03893889152060637,0.00125609327485827,
short_aggressive_medium_capacity,w13,2026-04-24,2026-04-27,2026-05-06,600549,0.03225806451612904,0.9353256513026053,-0.033505988993201674,-0.0010808383546194091,
short_aggressive_wide_capacity,w13,2026-04-24,2026-04-27,2026-05-06,688629,0.036000000004219955,0.9890025050100201,-0.013058516270205378,-0.00047010658578249996,
short_aggressive_wide_capacity,w13,2026-04-24,2026-04-27,2026-05-06,688002,0.036000000004219955,0.9717319639278557,0.11939736346515994,0.004298305085249609,
short_aggressive_wide_capacity,w13,2026-04-24,2026-04-27,2026-05-06,000657,0.036000000004219955,0.9860370741482967,0.12341428053642622,0.004442914099832147,
short_aggressive_wide_capacity,w13,2026-04-24,2026-04-27,2026-05-06,688347,0.036000000004219955,0.9628687374749498,0.09510086455331401,0.0034236311243206257,
short_aggressive_wide_capacity,w13,2026-04-24,2026-04-27,2026-05-06,300054,0.036000000004219955,0.9643351703406813,0.13473684210526327,0.004850526316358061,
short_aggressive_wide_capacity,w13,2026-04-24,2026-04-27,2026-05-06,300751,0.036000000004219955,0.9644819639278557,0.09340416113324479,0.0033625498011909736,
short_aggressive_wide_capacity,w13,2026-04-24,2026-04-27,2026-05-06,300857,0.036000000004219955,0.9667955911823647,0.06522068286774174,0.002347944583513931,
short_aggressive_wide_capacity,w13,2026-04-24,2026-04-27,2026-05-06,001389,0.036000000004219955,0.9690761523046092,0.052637749120750366,0.0018949589685691422,
short_aggressive_wide_capacity,w13,2026-04-24,2026-04-27,2026-05-06,002281,0.036000000004219955,0.9732635270541081,0.171872571872572,0.006187412588137886,
short_aggressive_wide_capacity,w13,2026-04-24,2026-04-27,2026-05-06,300604,0.036000000004219955,0.9749093186372746,0.11518987341772147,0.004146835443524069,
short_aggressive_wide_capacity,w13,2026-04-24,2026-04-27,2026-05-06,000062,0.036000000004219955,0.9757725450901804,0.07396622015142684,0.0026627839257635003,
short_aggressive_wide_capacity,w13,2026-04-24,2026-04-27,2026-05-06,688525,0.036000000004219955,0.9759193386773547,0.16742964352720446,0.006027467167685906,
short_aggressive_wide_capacity,w13,2026-04-24,2026-04-27,2026-05-06,688702,0.036000000004219955,0.9785260521042083,0.18299445471349363,0.006587800370457999,
short_aggressive_wide_capacity,w13,2026-04-24,2026-04-27,2026-05-06,300136,0.036000000004219955,0.9788356713426853,0.19594095940959422,0.007053874539572254,
short_aggressive_wide_capacity,w13,2026-04-24,2026-04-27,2026-05-06,600549,0.036000000004219955,0.9523111222444889,-0.033505988993201674,-0.001206215603896654,
short_aggressive_wide_capacity,w13,2026-04-24,2026-04-27,2026-05-06,002738,0.036000000000000004,0.9530280561122244,0.09710671195970466,0.0034958416305493683,
short_aggressive_wide_capacity,w13,2026-04-24,2026-04-27,2026-05-06,300285,0.036000000000000004,0.9396187374749498,0.05406927626020841,0.001946493945367503,
short_aggressive_wide_capacity,w13,2026-04-24,2026-04-27,2026-05-06,300567,0.036000000000000004,0.9408897795591182,0.08143939393939403,0.0029318181818181856,
short_aggressive_wide_capacity,w13,2026-04-24,2026-04-27,2026-05-06,600498,0.036000000000000004,0.9484008016032064,-0.07022579410639107,-0.002528128587830079,
short_aggressive_wide_capacity,w13,2026-04-24,2026-04-27,2026-05-06,002837,0.036000000000000004,0.9585841683366734,0.026887931939922227,0.0009679655498372003,
short_aggressive_wide_capacity,w13,2026-04-24,2026-04-27,2026-05-06,601231,0.036000000000000004,0.9536633266533066,-0.01491028556987628,-0.0005367702805155461,
short_aggressive_wide_capacity,w13,2026-04-24,2026-04-27,2026-05-06,300058,0.036000000000000004,0.9540711422845691,0.037356321839080664,0.001344827586206904,
short_aggressive_wide_capacity,w13,2026-04-24,2026-04-27,2026-05-06,600126,0.036000000000000004,0.9570851703406814,-0.12881679389312972,-0.00463740458015267,
short_aggressive_wide_capacity,w13,2026-04-24,2026-04-27,2026-05-06,301611,0.036000000000000004,0.9585350701402806,-0.036117583796379304,-0.001300233016669655,
short_aggressive_wide_capacity,w13,2026-04-24,2026-04-27,2026-05-06,301308,0.036000000000000004,0.9623476953907816,0.2897987620247058,0.010432755432889409,
short_aggressive_wide_capacity,w13,2026-04-24,2026-04-27,2026-05-06,300757,0.03333333331223356,0.9381688376753508,-0.0416409070059629,-0.001388030232653483,
short_aggressive_wide_capacity,w13,2026-04-24,2026-04-27,2026-05-06,600879,0.02666666664978681,0.93662124248497,0.06562235393734128,0.0017499294372214048,
short_aggressive_wide_capacity,w13,2026-04-24,2026-04-27,2026-05-06,600118,0.019999999987340117,0.9353016032064128,0.11214953271028039,0.002242990652785808,
short_aggressive_wide_capacity,w13,2026-04-24,2026-04-27,2026-05-06,002851,0.013333333324893405,0.9321733466933868,0.15104266309546577,0.002013902173331421,
short_aggressive_wide_capacity,w13,2026-04-24,2026-04-27,2026-05-06,000960,0.0066666666624467024,0.9306743486973947,0.01370585134422786,9.137234223701419e-05,
stable_compact_capacity,w13,2026-04-24,2026-04-27,2026-05-06,300390,0.030303030303030304,1.0,0.2604395604395604,0.007892107892107892,
stable_compact_capacity,w13,2026-04-24,2026-04-27,2026-05-06,002202,0.030303030303030304,0.9654909819639279,0.09654631083202525,0.002925645782788644,
stable_compact_capacity,w13,2026-04-24,2026-04-27,2026-05-06,600392,0.030303030303030304,0.932501002004008,0.0680544435548438,0.0020622558652982972,
stable_compact_capacity,w13,2026-04-24,2026-04-27,2026-05-06,301200,0.030303030303030304,0.9339759519038077,-0.009755574614065177,-0.0002956234731534902,
stable_compact_capacity,w13,2026-04-24,2026-04-27,2026-05-06,301308,0.030303030303030304,0.9367935871743487,0.2897987620247058,0.008781780667415327,
stable_compact_capacity,w13,2026-04-24,2026-04-27,2026-05-06,002409,0.030303030303030304,0.9397234468937876,0.012457912457912501,0.00037751249872462127,
stable_compact_capacity,w13,2026-04-24,2026-04-27,2026-05-06,688709,0.030303030303030304,0.9429138276553105,-0.0931107453562191,-0.0028215377380672456,
stable_compact_capacity,w13,2026-04-24,2026-04-27,2026-05-06,000060,0.030303030303030304,0.9435791583166333,0.14483821263482266,0.004389036746509777,
stable_compact_capacity,w13,2026-04-24,2026-04-27,2026-05-06,000657,0.030303030303030304,0.9458877755511022,0.12341428053642622,0.003739826682922007,
stable_compact_capacity,w13,2026-04-24,2026-04-27,2026-05-06,002738,0.030303030303030304,0.951507014028056,0.09710671195970466,0.0029426276351425655,
stable_compact_capacity,w13,2026-04-24,2026-04-27,2026-05-06,300679,0.030303030303030304,0.9533466933867736,0.020786262991414395,0.0006298867573155877,
stable_compact_capacity,w13,2026-04-24,2026-04-27,2026-05-06,601958,0.030303030303030304,0.9534228456913828,0.04575495678698527,0.0013865138420298567,
stable_compact_capacity,w13,2026-04-24,2026-04-27,2026-05-06,002851,0.030303030303030304,0.9549859719438878,0.15104266309546577,0.004577050396832296,
stable_compact_capacity,w13,2026-04-24,2026-04-27,2026-05-06,300223,0.030303030303030304,0.9574749498997996,0.14098497495826368,0.004272271968432233,
stable_compact_capacity,w13,2026-04-24,2026-04-27,2026-05-06,300395,0.030303030303030304,0.9590821643286573,0.07320684868116611,0.002218389353974731,
stable_compact_capacity,w13,2026-04-24,2026-04-27,2026-05-06,600549,0.030303030303030304,0.9617915831663326,-0.033505988993201674,-0.00101533299979399,
stable_compact_capacity,w13,2026-04-24,2026-04-27,2026-05-06,002080,0.030303030303030304,0.966501002004008,0.1555597867479055,0.004713932931754712,
stable_compact_capacity,w13,2026-04-24,2026-04-27,2026-05-06,001389,0.030303030303030304,0.9979519038076152,0.052637749120750366,0.0015950833066894052,
stable_compact_capacity,w13,2026-04-24,2026-04-27,2026-05-06,300567,0.030303030303030304,0.9682444889779559,0.08143939393939403,0.00246786042240588,
stable_compact_capacity,w13,2026-04-24,2026-04-27,2026-05-06,601231,0.030303030303030304,0.971430861723447,-0.01491028556987628,-0.0004518268354507964,
stable_compact_capacity,w13,2026-04-24,2026-04-27,2026-05-06,600208,0.030303030303030304,0.9718557114228457,-0.016913319238900604,-0.0005125248254212304,
stable_compact_capacity,w13,2026-04-24,2026-04-27,2026-05-06,688375,0.030303030303030304,0.9724488977955912,-0.0017485296455252985,-5.2985746834099956e-05,
stable_compact_capacity,w13,2026-04-24,2026-04-27,2026-05-06,300604,0.030303030303030304,0.975438877755511,0.11518987341772147,0.0034906022247794383,
stable_compact_capacity,w13,2026-04-24,2026-04-27,2026-05-06,000062,0.030303030303030304,0.9755551102204408,0.07396622015142684,0.0022414006106492982,
stable_compact_capacity,w13,2026-04-24,2026-04-27,2026-05-06,000960,0.030303030303030304,0.9779759519038076,0.01370585134422786,0.0004153288286129655,
stable_compact_capacity,w13,2026-04-24,2026-04-27,2026-05-06,688220,0.030303030303030304,0.9798637274549098,0.1205564142194746,0.0036532246733174123,
stable_compact_capacity,w13,2026-04-24,2026-04-27,2026-05-06,300136,0.030303030303030304,0.9832184368737475,0.19594095940959422,0.005937604830593765,
stable_compact_capacity,w13,2026-04-24,2026-04-27,2026-05-06,000426,0.030303030303030304,0.9861042084168337,0.11445485939812539,0.0034683290726704665,
stable_compact_capacity,w13,2026-04-24,2026-04-27,2026-05-06,601212,0.030303030303030304,0.9894068136272545,0.041720990873533204,0.0012642724507131275,
stable_compact_capacity,w13,2026-04-24,2026-04-27,2026-05-06,688347,0.030303030303030304,0.9916312625250501,0.09510086455331401,0.002881844380403455,
stable_compact_capacity,w13,2026-04-24,2026-04-27,2026-05-06,688702,0.030303030303030304,0.993503006012024,0.18299445471349363,0.005545286506469504,
stable_compact_capacity,w13,2026-04-24,2026-04-27,2026-05-06,688629,0.030303030303030304,0.9954188376753507,-0.013058516270205378,-0.0003957126142486478,
stable_compact_capacity,w13,2026-04-24,2026-04-27,2026-05-06,600499,0.030303030303030304,0.9316513026052103,-0.00757193336698625,-0.0002294525262723106,
stable_compact_current,w13,2026-04-24,2026-04-27,2026-05-06,688702,0.03253310000000001,0.9938016032064128,0.18299445471349363,0.005953376894639561,
stable_compact_current,w13,2026-04-24,2026-04-27,2026-05-06,000960,0.03253310000000001,0.9632284569138276,0.01370585134422786,0.0004458938323668995,
stable_compact_current,w13,2026-04-24,2026-04-27,2026-05-06,002156,0.03253310000000001,0.9210751503006013,0.1761668731928956,0.0057312545022717935,
stable_compact_current,w13,2026-04-24,2026-04-27,2026-05-06,603920,0.03253310000000001,0.9300460921843688,-0.006876583423814586,-0.00022371657618530238,
stable_compact_current,w13,2026-04-24,2026-04-27,2026-05-06,600498,0.03253310000000001,0.932190380761523,-0.07022579410639107,-0.002284662782242632,
stable_compact_current,w13,2026-04-24,2026-04-27,2026-05-06,001389,0.03253310000000001,0.9912615230460922,0.052637749120750366,0.0017124691559202842,
stable_compact_current,w13,2026-04-24,2026-04-27,2026-05-06,688629,0.03253310000000001,0.954186372745491,-0.013058516270205378,-0.0004248340156702187,
stable_compact_current,w13,2026-04-24,2026-04-27,2026-05-06,300136,0.03253310000000001,0.9553066132264529,0.19594095940959422,0.006374566826568271,
stable_compact_current,w13,2026-04-24,2026-04-27,2026-05-06,000657,0.03253310000000001,0.9567515030060121,0.12341428053642622,0.004015049130119609,
stable_compact_current,w13,2026-04-24,2026-04-27,2026-05-06,002080,0.03253310000000001,0.9581022044088177,0.1555597867479055,0.005060842098248286,
stable_compact_current,w13,2026-04-24,2026-04-27,2026-05-06,301308,0.03253310000000001,0.9513677354709419,0.2897987620247058,0.009428052104825958,
stable_compact_current,w13,2026-04-24,2026-04-27,2026-05-06,300604,0.03253310000000001,0.9644869739478957,0.11518987341772147,0.0037474836708860752,
stable_compact_current,w13,2026-04-24,2026-04-27,2026-05-06,300390,0.03253310000000001,0.9675400801603207,0.2604395604395604,0.008472906263736264,
stable_compact_current,w13,2026-04-24,2026-04-27,2026-05-06,688347,0.03253310000000001,0.9889078156312625,0.09510086455331401,0.003093925936599421,
stable_compact_current,w13,2026-04-24,2026-04-27,2026-05-06,601212,0.03253310000000001,0.9779789579158317,0.041720990873533204,0.0013573131681877434,
stable_compact_current,w13,2026-04-24,2026-04-27,2026-05-06,688220,0.03253310000000001,0.9775831663326653,0.1205564142194746,0.003922073879443591,
stable_compact_current,w13,2026-04-24,2026-04-27,2026-05-06,688387,0.03253310000000001,0.9203066132264529,0.19882352941176462,0.006468345764705881,
stable_compact_current,w13,2026-04-24,2026-04-27,2026-05-06,300567,0.03253310000000001,0.9766513026052104,0.08143939393939403,0.0026494759469697007,
stable_compact_current,w13,2026-04-24,2026-04-27,2026-05-06,688375,0.03253310000000001,0.9728527054108216,-0.0017485296455252985,-5.6885089810839106e-05,
stable_compact_current,w13,2026-04-24,2026-04-27,2026-05-06,301611,0.03253310000000001,0.9720726452905811,-0.036117583796379304,-0.0011750169654059879,
stable_compact_current,w13,2026-04-24,2026-04-27,2026-05-06,300285,0.03175800000000001,0.945565130260521,0.05406927626020841,0.001717132075471699,
stable_compact_current,w13,2026-04-24,2026-04-27,2026-05-06,300017,0.03175800000000001,0.9429559118236472,-0.028089887640449396,-0.0008920786516853921,
stable_compact_current,w13,2026-04-24,2026-04-27,2026-05-06,300751,0.03175800000000001,0.9405330661322645,0.09340416113324479,0.0029663293492695887,
stable_compact_current,w13,2026-04-24,2026-04-27,2026-05-06,301200,0.03175800000000001,0.9404849699398797,-0.009755574614065177,-0.000309817538593482,
stable_compact_current,w13,2026-04-24,2026-04-27,2026-05-06,601231,0.03175800000000001,0.950877755511022,-0.01491028556987628,-0.00047352084912813104,
stable_compact_current,w13,2026-04-24,2026-04-27,2026-05-06,600118,0.03175800000000001,0.9333797595190381,0.11214953271028039,0.0035616448598130854,
stable_compact_current,w13,2026-04-24,2026-04-27,2026-05-06,300395,0.03175800000000001,0.9324689378757515,0.07320684868116611,0.002324903100416474,
stable_compact_current,w13,2026-04-24,2026-04-27,2026-05-06,688676,0.03175800000000001,0.9307454909819639,-0.025018871993961023,-0.0007945493367842144,
stable_compact_current,w13,2026-04-24,2026-04-27,2026-05-06,000426,0.03175800000000001,0.924312625250501,0.11445485939812539,0.003634857424765667,
stable_compact_current,w13,2026-04-24,2026-04-27,2026-05-06,600879,0.03175800000000001,0.9231733466933867,0.06562235393734128,0.002084034716342085,
stable_compact_current,w13,2026-04-24,2026-04-27,2026-05-06,600549,0.03175800000000001,0.9373396793587174,-0.033505988993201674,-0.0010640831984460991,
stable_extra_wide_capacity,w13,2026-04-24,2026-04-27,2026-05-06,001389,0.02173913043478261,1.0,0.052637749120750366,0.0011442988939293559,
stable_extra_wide_capacity,w13,2026-04-24,2026-04-27,2026-05-06,300390,0.02173913043478261,0.9260921843687375,0.2604395604395604,0.005661729574773053,
stable_extra_wide_capacity,w13,2026-04-24,2026-04-27,2026-05-06,300017,0.02173913043478261,0.9459719438877756,-0.028089887640449396,-0.0006106497313141173,
stable_extra_wide_capacity,w13,2026-04-24,2026-04-27,2026-05-06,300383,0.02173913043478261,0.9439178356713427,0.011702750146284302,0.0002544076118757457,
stable_extra_wide_capacity,w13,2026-04-24,2026-04-27,2026-05-06,688002,0.02173913043478261,0.9436372745490982,0.11939736346515994,0.00259559485793826,
stable_extra_wide_capacity,w13,2026-04-24,2026-04-27,2026-05-06,688387,0.02173913043478261,0.9436172344689379,0.19882352941176462,0.004322250639386188,
stable_extra_wide_capacity,w13,2026-04-24,2026-04-27,2026-05-06,300395,0.02173913043478261,0.9432965931863728,0.07320684868116611,0.0015914532321992636,
stable_extra_wide_capacity,w13,2026-04-24,2026-04-27,2026-05-06,002837,0.02173913043478261,0.9395390781563127,0.026887931939922227,0.0005845202595635268,
stable_extra_wide_capacity,w13,2026-04-24,2026-04-27,2026-05-06,688702,0.02173913043478261,0.9361422845691383,0.18299445471349363,0.003978140319858558,
stable_extra_wide_capacity,w13,2026-04-24,2026-04-27,2026-05-06,688676,0.02173913043478261,0.9329959919839679,-0.025018871993961023,-0.0005438885216078484,
stable_extra_wide_capacity,w13,2026-04-24,2026-04-27,2026-05-06,688037,0.02173913043478261,0.9268987975951904,0.29480411225340375,0.0064087850489870386,
stable_extra_wide_capacity,w13,2026-04-24,2026-04-27,2026-05-06,603920,0.02173913043478261,0.9252705410821644,-0.006876583423814586,-0.0001494909439959693,
stable_extra_wide_capacity,w13,2026-04-24,2026-04-27,2026-05-06,000967,0.02173913043478261,0.9974248496993988,0.15289575289575286,0.0033238207151250624,
stable_extra_wide_capacity,w13,2026-04-24,2026-04-27,2026-05-06,002851,0.02173913043478261,0.9252555110220442,0.15104266309546577,0.0032835361542492563,
stable_extra_wide_capacity,w13,2026-04-24,2026-04-27,2026-05-06,603077,0.02173913043478261,0.9218737474949901,0.013651877133105783,0.0002967799376762127,
stable_extra_wide_capacity,w13,2026-04-24,2026-04-27,2026-05-06,002335,0.02173913043478261,0.918426853707415,-0.027382425742574323,-0.0005952701248385724,
stable_extra_wide_capacity,w13,2026-04-24,2026-04-27,2026-05-06,300223,0.02173913043478261,0.917374749498998,0.14098497495826368,0.0030648907599622544,
stable_extra_wide_capacity,w13,2026-04-24,2026-04-27,2026-05-06,600392,0.02173913043478261,0.9125200400801603,0.0680544435548438,0.0014794444251053003,
stable_extra_wide_capacity,w13,2026-04-24,2026-04-27,2026-05-06,002738,0.02173913043478261,0.9123647294589179,0.09710671195970466,0.002111015477384884,
stable_extra_wide_capacity,w13,2026-04-24,2026-04-27,2026-05-06,601212,0.02173913043478261,0.9123246492985972,0.041720990873533204,0.0009069780624681133,
stable_extra_wide_capacity,w13,2026-04-24,2026-04-27,2026-05-06,603688,0.02173913043478261,0.9101302605210422,0.09015151515151532,0.0019598155467720722,
stable_extra_wide_capacity,w13,2026-04-24,2026-04-27,2026-05-06,002436,0.02173913043478261,0.9084468937875753,0.03330995792426372,0.0007241295200926897,
stable_extra_wide_capacity,w13,2026-04-24,2026-04-27,2026-05-06,688525,0.02173913043478261,0.9494188376753507,0.16742964352720446,0.003639774859287054,
stable_extra_wide_capacity,w13,2026-04-24,2026-04-27,2026-05-06,300285,0.02173913043478261,0.9502204408817636,0.05406927626020841,0.0011754190491349657,
stable_extra_wide_capacity,w13,2026-04-24,2026-04-27,2026-05-06,600549,0.02173913043478261,0.9503557114228458,-0.033505988993201674,-0.0007283910650696017,
stable_extra_wide_capacity,w13,2026-04-24,2026-04-27,2026-05-06,300751,0.02173913043478261,0.9511022044088178,0.09340416113324479,0.0020305252420270608,
stable_extra_wide_capacity,w13,2026-04-24,2026-04-27,2026-05-06,688629,0.02173913043478261,0.9936973947895793,-0.013058516270205378,-0.00028388078848272564,
stable_extra_wide_capacity,w13,2026-04-24,2026-04-27,2026-05-06,300136,0.02173913043478261,0.990561122244489,0.19594095940959422,0.004259586074121614,
stable_extra_wide_capacity,w13,2026-04-24,2026-04-27,2026-05-06,002080,0.02173913043478261,0.9851402805611222,0.1555597867479055,0.003381734494519685,
stable_extra_wide_capacity,w13,2026-04-24,2026-04-27,2026-05-06,601231,0.02173913043478261,0.9834118236472946,-0.01491028556987628,-0.0003241366428233974,
stable_extra_wide_capacity,w13,2026-04-24,2026-04-27,2026-05-06,300604,0.02173913043478261,0.9833867735470943,0.11518987341772147,0.0025041276829939453,
stable_extra_wide_capacity,w13,2026-04-24,2026-04-27,2026-05-06,300757,0.02173913043478261,0.9796893787575149,-0.0416409070059629,-0.0009052371088252806,
stable_extra_wide_capacity,w13,2026-04-24,2026-04-27,2026-05-06,301200,0.02173913043478261,0.9759519038076153,-0.009755574614065177,-0.00021207770900141693,
stable_extra_wide_capacity,w13,2026-04-24,2026-04-27,2026-05-06,600498,0.02173913043478261,0.9745390781563127,-0.07022579410639107,-0.0015266476979650236,
stable_extra_wide_capacity,w13,2026-04-24,2026-04-27,2026-05-06,300567,0.02173913043478261,0.9725150300601202,0.08143939393939403,0.0017704216073781314,
stable_extra_wide_capacity,w13,2026-04-24,2026-04-27,2026-05-06,000657,0.02173913043478261,0.9720791583166333,0.12341428053642622,0.0026829191420962226,
stable_extra_wide_capacity,w13,2026-04-24,2026-04-27,2026-05-06,301611,0.02173913043478261,0.9663677354709419,-0.036117583796379304,-0.0007851648651386806,
stable_extra_wide_capacity,w13,2026-04-24,2026-04-27,2026-05-06,688347,0.02173913043478261,0.9621843687374749,0.09510086455331401,0.0020674100989850875,
stable_extra_wide_capacity,w13,2026-04-24,2026-04-27,2026-05-06,300054,0.02173913043478261,0.9602705410821644,0.13473684210526327,0.0029290617848970277,
stable_extra_wide_capacity,w13,2026-04-24,2026-04-27,2026-05-06,002202,0.02173913043478261,0.9590781563126254,0.09654631083202525,0.0020988328441744622,
stable_extra_wide_capacity,w13,2026-04-24,2026-04-27,2026-05-06,301308,0.02173913043478261,0.954178356713427,0.2897987620247058,0.006299973087493605,
stable_extra_wide_capacity,w13,2026-04-24,2026-04-27,2026-05-06,300857,0.02173913043478261,0.9541583166332666,0.06522068286774174,0.0014178409319074293,
stable_extra_wide_capacity,w13,2026-04-24,2026-04-27,2026-05-06,600879,0.02173913043478261,0.9539078156312626,0.06562235393734128,0.0014265729116813325,
stable_extra_wide_capacity,w13,2026-04-24,2026-04-27,2026-05-06,000960,0.02173913043478261,0.9520691382765532,0.01370585134422786,0.00029795329009191,
stable_extra_wide_capacity,w13,2026-04-24,2026-04-27,2026-05-06,688375,0.02173913043478261,0.9511723446893788,-0.0017485296455252985,-3.801151403315867e-05,
stable_extra_wide_capacity,w13,2026-04-24,2026-04-27,2026-05-06,600126,0.02173913043478261,0.9021442885771545,-0.12881679389312972,-0.0028003650846332552,
stable_medium_capacity,w13,2026-04-24,2026-04-27,2026-05-06,688629,0.01075268817204301,0.9952605210420842,-0.013058516270205378,-0.00014041415344306858,
stable_medium_capacity,w13,2026-04-24,2026-04-27,2026-05-06,002353,0.01075268817204301,0.869188376753507,0.1453435114503816,0.0015628334564557161,
stable_medium_capacity,w13,2026-04-24,2026-04-27,2026-05-06,300679,0.01075268817204301,0.8519488977955911,0.020786262991414395,0.00022350820420875692,
stable_medium_capacity,w13,2026-04-24,2026-04-27,2026-05-06,688568,0.01075268817204301,0.8525400801603207,-0.010936205468102811,-0.00011759360718390118,
stable_medium_capacity,w13,2026-04-24,2026-04-27,2026-05-06,000878,0.01075268817204301,0.8531162324649298,0.01937786843447209,0.00020836417671475364,
stable_medium_capacity,w13,2026-04-24,2026-04-27,2026-05-06,000062,0.01075268817204301,0.8602955911823648,0.07396622015142684,0.0007953357005529767,
stable_medium_capacity,w13,2026-04-24,2026-04-27,2026-05-06,000831,0.01075268817204301,0.8607264529058115,0.08698201720093834,0.0009352905075369714,
stable_medium_capacity,w13,2026-04-24,2026-04-27,2026-05-06,002756,0.01075268817204301,0.8625951903807615,0.1301623833269403,0.0013995955196445193,
stable_medium_capacity,w13,2026-04-24,2026-04-27,2026-05-06,300017,0.01075268817204301,0.8666432865731463,-0.028089887640449396,-0.00030204180258547737,
stable_medium_capacity,w13,2026-04-24,2026-04-27,2026-05-06,300450,0.01075268817204301,0.8667284569138276,0.000877808988763995,9.438806330795644e-06,
stable_medium_capacity,w13,2026-04-24,2026-04-27,2026-05-06,002465,0.01075268817204301,0.8685821643286573,0.03264281230382915,0.00035099798176160374,
stable_medium_capacity,w13,2026-04-24,2026-04-27,2026-05-06,688709,0.01075268817204301,0.8725300601202405,-0.0931107453562191,-0.0010011908102819259,
stable_medium_capacity,w13,2026-04-24,2026-04-27,2026-05-06,688037,0.01075268817204301,0.8945290581162325,0.29480411225340375,0.003169936690896814,
stable_medium_capacity,w13,2026-04-24,2026-04-27,2026-05-06,603979,0.01075268817204301,0.8738226452905812,0.025920000000000165,0.0002787096774193566,
stable_medium_capacity,w13,2026-04-24,2026-04-27,2026-05-06,600126,0.01075268817204301,0.8782414829659319,-0.12881679389312972,-0.001385126816055158,
stable_medium_capacity,w13,2026-04-24,2026-04-27,2026-05-06,600497,0.01075268817204301,0.8792284569138276,0.024070021881837933,0.00025881743958965515,
stable_medium_capacity,w13,2026-04-24,2026-04-27,2026-05-06,601168,0.01075268817204301,0.8800350701402806,0.06292984869326013,0.0006766650397124744,
stable_medium_capacity,w13,2026-04-24,2026-04-27,2026-05-06,605358,0.01075268817204301,0.8803657314629258,0.13136589187777492,0.0014125364718040312,
stable_medium_capacity,w13,2026-04-24,2026-04-27,2026-05-06,002335,0.01075268817204301,0.8865781563126253,-0.027382425742574323,-0.000294434685404025,
stable_medium_capacity,w13,2026-04-24,2026-04-27,2026-05-06,301536,0.01075268817204301,0.8866082164328657,0.05931372549019609,0.0006377819945182374,
stable_medium_capacity,w13,2026-04-24,2026-04-27,2026-05-06,300373,0.01075268817204301,0.8876052104208416,-0.05902232951116482,-0.000634648704421127,
stable_medium_capacity,w13,2026-04-24,2026-04-27,2026-05-06,603077,0.01075268817204301,0.8876803607214429,0.013651877133105783,0.000146794377775331,
stable_medium_capacity,w13,2026-04-24,2026-04-27,2026-05-06,000039,0.01075268817204301,0.8499549098196393,0.20252025202520252,0.0021776371185505644,
stable_medium_capacity,w13,2026-04-24,2026-04-27,2026-05-06,688017,0.01075268817204301,0.8485320641282565,0.1049887946994057,0.0011289117709613514,
stable_medium_capacity,w13,2026-04-24,2026-04-27,2026-05-06,002281,0.01075268817204301,0.8458266533066132,0.171872571872572,0.001848092170672817,
stable_medium_capacity,w13,2026-04-24,2026-04-27,2026-05-06,688385,0.01075268817204301,0.8448947895791583,-0.011086777990692576,-0.00011921266656658682,
stable_medium_capacity,w13,2026-04-24,2026-04-27,2026-05-06,002185,0.01075268817204301,0.8054859719438878,0.09397590361445785,0.0010104935872522348,
stable_medium_capacity,w13,2026-04-24,2026-04-27,2026-05-06,600707,0.01075268817204301,0.8109368737474949,0.018587360594795488,0.00019986409241715578,
stable_medium_capacity,w13,2026-04-24,2026-04-27,2026-05-06,603179,0.01075268817204301,0.8124298597194389,0.025175739741703396,0.00027070687894304726,
stable_medium_capacity,w13,2026-04-24,2026-04-27,2026-05-06,601233,0.01075268817204301,0.8130110220440883,0.17908238776517016,0.001925617072743765,
stable_medium_capacity,w13,2026-04-24,2026-04-27,2026-05-06,300748,0.01075268817204301,0.8149549098196393,0.09022556390977421,0.0009701673538685398,
stable_medium_capacity,w13,2026-04-24,2026-04-27,2026-05-06,002670,0.01075268817204301,0.8154609218436875,0.03712671509281673,0.00039921199024534114,
stable_medium_capacity,w13,2026-04-24,2026-04-27,2026-05-06,300346,0.01075268817204301,0.8170941883767535,0.009333582228859383,0.00010036109923504712,
stable_medium_capacity,w13,2026-04-24,2026-04-27,2026-05-06,603568,0.01075268817204301,0.8171993987975952,0.04464714354296695,0.0004800768122899672,
stable_medium_capacity,w13,2026-04-24,2026-04-27,2026-05-06,000021,0.01075268817204301,0.8176152304609218,0.06481802426343153,0.0006969680028325971,
stable_medium_capacity,w13,2026-04-24,2026-04-27,2026-05-06,002126,0.01075268817204301,0.8179208416833668,0.034652406417112314,0.0003726065206141109,
stable_medium_capacity,w13,2026-04-24,2026-04-27,2026-05-06,688525,0.01075268817204301,0.8207865731462926,0.16742964352720446,0.0018003187476043488,
stable_medium_capacity,w13,2026-04-24,2026-04-27,2026-05-06,688361,0.01075268817204301,0.8238376753507015,0.14789404605655654,0.0015902585597479197,
stable_medium_capacity,w13,2026-04-24,2026-04-27,2026-05-06,688777,0.01075268817204301,0.8314829659318638,0.22006232378691193,0.002366261546095827,
stable_medium_capacity,w13,2026-04-24,2026-04-27,2026-05-06,002195,0.01075268817204301,0.8320991983967935,-0.011148272017837413,-0.0001198738926649184,
stable_medium_capacity,w13,2026-04-24,2026-04-27,2026-05-06,002436,0.01075268817204301,0.8332865731462926,0.03330995792426372,0.00035817159058348084,
stable_medium_capacity,w13,2026-04-24,2026-04-27,2026-05-06,002271,0.01075268817204301,0.8354058116232466,0.06569343065693412,0.0007063809748057431,
stable_medium_capacity,w13,2026-04-24,2026-04-27,2026-05-06,688281,0.01075268817204301,0.837625250501002,0.05284443246157977,0.0005682197038879544,
stable_medium_capacity,w13,2026-04-24,2026-04-27,2026-05-06,688120,0.01075268817204301,0.8400400801603207,0.05391702556833655,0.000579752963100393,
stable_medium_capacity,w13,2026-04-24,2026-04-27,2026-05-06,300454,0.01075268817204301,0.8422595190380762,0.12182922472311541,0.001309991663689413,
stable_medium_capacity,w13,2026-04-24,2026-04-27,2026-05-06,600118,0.01075268817204301,0.888622244488978,0.11214953271028039,0.0012059089538739825,
stable_medium_capacity,w13,2026-04-24,2026-04-27,2026-05-06,300383,0.01075268817204301,0.8951352705410822,0.011702750146284302,0.0001258360230783258,
stable_medium_capacity,w13,2026-04-24,2026-04-27,2026-05-06,001389,0.01075268817204301,0.9936172344689379,0.052637749120750366,0.0005659973023736598,
stable_medium_capacity,w13,2026-04-24,2026-04-27,2026-05-06,301611,0.01075268817204301,0.9576402805611222,-0.036117583796379304,-0.00038836111609010003,
stable_medium_capacity,w13,2026-04-24,2026-04-27,2026-05-06,002202,0.01075268817204301,0.9382364729458919,0.09654631083202525,0.0010381323745379059,
stable_medium_capacity,w13,2026-04-24,2026-04-27,2026-05-06,002851,0.01075268817204301,0.9395516032064128,0.15104266309546577,0.001624114656940492,
stable_medium_capacity,w13,2026-04-24,2026-04-27,2026-05-06,300223,0.01075268817204301,0.9418311623246494,0.14098497495826368,0.0015159674726695019,
stable_medium_capacity,w13,2026-04-24,2026-04-27,2026-05-06,002080,0.01075268817204301,0.9428707414829659,0.1555597867479055,0.0016726858790097365,
stable_medium_capacity,w13,2026-04-24,2026-04-27,2026-05-06,300395,0.01075268817204301,0.948246492985972,0.07320684868116611,0.0007871704159265173,
stable_medium_capacity,w13,2026-04-24,2026-04-27,2026-05-06,600498,0.01075268817204301,0.9508967935871744,-0.07022579410639107,-0.000755116065660119,
stable_medium_capacity,w13,2026-04-24,2026-04-27,2026-05-06,301308,0.01075268817204301,0.9517034068136272,0.2897987620247058,0.003116115720695761,
stable_medium_capacity,w13,2026-04-24,2026-04-27,2026-05-06,000657,0.01075268817204301,0.9535170340681363,0.12341428053642622,0.001327035274585228,
stable_medium_capacity,w13,2026-04-24,2026-04-27,2026-05-06,688166,0.01075268817204301,0.9560721442885771,0.11251875312552073,0.0012098790658658142,
stable_medium_capacity,w13,2026-04-24,2026-04-27,2026-05-06,688702,0.01075268817204301,0.9623897795591183,0.18299445471349363,0.001967682308747243,
stable_medium_capacity,w13,2026-04-24,2026-04-27,2026-05-06,600208,0.01075268817204301,0.8952454909819639,-0.016913319238900604,-0.000181863647730114,
stable_medium_capacity,w13,2026-04-24,2026-04-27,2026-05-06,600879,0.01075268817204301,0.9625701402805611,0.06562235393734128,0.0007056167090036696,
stable_medium_capacity,w13,2026-04-24,2026-04-27,2026-05-06,688375,0.01075268817204301,0.9644263527054109,-0.0017485296455252985,-1.8801394037906435e-05,
stable_medium_capacity,w13,2026-04-24,2026-04-27,2026-05-06,300604,0.01075268817204301,0.9646292585170341,0.11518987341772147,0.0012386007894378652,
stable_medium_capacity,w13,2026-04-24,2026-04-27,2026-05-06,300567,0.01075268817204301,0.9775951903807616,0.08143939393939403,0.0008756924079504734,
stable_medium_capacity,w13,2026-04-24,2026-04-27,2026-05-06,300390,0.01075268817204301,0.9783266533066132,0.2604395604395604,0.002800425381070542,
stable_medium_capacity,w13,2026-04-24,2026-04-27,2026-05-06,601212,0.01075268817204301,0.9803206412825651,0.041720990873533204,0.00044861280509175485,
stable_medium_capacity,w13,2026-04-24,2026-04-27,2026-05-06,688347,0.01075268817204301,0.9811372745490982,0.09510086455331401,0.0010225899414334839,
stable_medium_capacity,w13,2026-04-24,2026-04-27,2026-05-06,300136,0.01075268817204301,0.9833316633266533,0.19594095940959422,0.0021068920366623034,
stable_medium_capacity,w13,2026-04-24,2026-04-27,2026-05-06,000967,0.01075268817204301,0.9909769539078156,0.15289575289575286,0.0016440403537177726,
stable_medium_capacity,w13,2026-04-24,2026-04-27,2026-05-06,000960,0.01075268817204301,0.9376102204408818,0.01370585134422786,0.00014737474563685868,
stable_medium_capacity,w13,2026-04-24,2026-04-27,2026-05-06,002738,0.01075268817204301,0.9370490981963928,0.09710671195970466,0.0010441581931151039,
stable_medium_capacity,w13,2026-04-24,2026-04-27,2026-05-06,300757,0.01075268817204301,0.9370290581162324,-0.0416409070059629,-0.0004477516882361602,
stable_medium_capacity,w13,2026-04-24,2026-04-27,2026-05-06,603920,0.01075268817204301,0.9356913827655311,-0.006876583423814586,-7.394175724531813e-05,
stable_medium_capacity,w13,2026-04-24,2026-04-27,2026-05-06,603688,0.01075268817204301,0.8980811623246494,0.09015151515151532,0.000969371130661455,
stable_medium_capacity,w13,2026-04-24,2026-04-27,2026-05-06,688676,0.01075268817204301,0.9039478957915831,-0.025018871993961023,-0.0002690201289673228,
stable_medium_capacity,w13,2026-04-24,2026-04-27,2026-05-06,300054,0.01075268817204301,0.9090130260521042,0.13473684210526327,0.001448783248443691,
stable_medium_capacity,w13,2026-04-24,2026-04-27,2026-05-06,002409,0.01075268817204301,0.9091733466933868,0.012457912457912501,0.00013395604793454302,
stable_medium_capacity,w13,2026-04-24,2026-04-27,2026-05-06,002156,0.01075268817204301,0.9097895791583166,0.1761668731928956,0.0018942674536870491,
stable_medium_capacity,w13,2026-04-24,2026-04-27,2026-05-06,300751,0.01075268817204301,0.9143036072144288,0.09340416113324479,0.0010043458186370408,
stable_medium_capacity,w13,2026-04-24,2026-04-27,2026-05-06,688002,0.01075268817204301,0.916933867735471,0.11939736346515994,0.0012838426179049456,
stable_medium_capacity,w13,2026-04-24,2026-04-27,2026-05-06,300857,0.01075268817204301,0.9170340681362725,0.06522068286774174,0.0007012976652445348,
stable_medium_capacity,w13,2026-04-24,2026-04-27,2026-05-06,300285,0.01075268817204301,0.9190230460921844,0.05406927626020841,0.0005813900673140689,
stable_medium_capacity,w13,2026-04-24,2026-04-27,2026-05-06,600549,0.01075268817204301,0.9192885771543087,-0.033505988993201674,-0.0003602794515398029,
stable_medium_capacity,w13,2026-04-24,2026-04-27,2026-05-06,688220,0.01075268817204301,0.9193937875751503,0.1205564142194746,0.0012963055292416624,
stable_medium_capacity,w13,2026-04-24,2026-04-27,2026-05-06,000060,0.01075268817204301,0.9235721442885771,0.14483821263482266,0.0015574001358583081,
stable_medium_capacity,w13,2026-04-24,2026-04-27,2026-05-06,600392,0.01075268817204301,0.9236573146292586,0.0680544435548438,0.0007317682102671376,
stable_medium_capacity,w13,2026-04-24,2026-04-27,2026-05-06,601231,0.01075268817204301,0.9247620240480963,-0.01491028556987628,-0.00016032565128899225,
stable_medium_capacity,w13,2026-04-24,2026-04-27,2026-05-06,301200,0.01075268817204301,0.9289929859719438,-0.009755574614065177,-0.00010489865176414168,
stable_medium_capacity,w13,2026-04-24,2026-04-27,2026-05-06,688387,0.01075268817204301,0.929679358717435,0.19882352941176462,0.002137887413029727,
stable_medium_capacity,w13,2026-04-24,2026-04-27,2026-05-06,601958,0.01075268817204301,0.9322244488977957,0.04575495678698527,0.0004919887826557555,
stable_medium_capacity,w13,2026-04-24,2026-04-27,2026-05-06,000426,0.01075268817204301,0.9326052104208418,0.11445485939812539,0.0012306974128830687,
stable_medium_capacity,w13,2026-04-24,2026-04-27,2026-05-06,002837,0.01075268817204301,0.9351753507014029,0.026887931939922227,0.0002891175477410992,
stable_medium_capacity,w13,2026-04-24,2026-04-27,2026-05-06,300724,0.01075268817204301,0.8046142284569139,0.02873051224944323,0.000308930239241325,
