candidate,window_id,entry_date,start_date,end_date,stock_code,weight,score,stock_return,return_contribution,note
balanced_extra_wide_capacity,w01,2026-01-20,2026-01-21,2026-01-27,002044,0.06451612903225806,0.9970941883767535,-0.03230148048452208,-0.0020839664828723923,
balanced_extra_wide_capacity,w01,2026-01-20,2026-01-21,2026-01-27,002465,0.06236559139784946,0.9839679358717435,-0.015469613259668558,-0.0009647715796352433,
balanced_extra_wide_capacity,w01,2026-01-20,2026-01-21,2026-01-27,688629,0.060215053763440864,0.9803607214428858,0.08224705152079448,0.00495251062920913,
balanced_extra_wide_capacity,w01,2026-01-20,2026-01-21,2026-01-27,002195,0.05806451612903226,0.9797094188376754,0.058700209643606005,0.003408399269628736,
balanced_extra_wide_capacity,w01,2026-01-20,2026-01-21,2026-01-27,002025,0.05591397849462366,0.9794589178356714,-0.00394885295223768,-0.0002207960790498488,
balanced_extra_wide_capacity,w01,2026-01-20,2026-01-21,2026-01-27,300567,0.053763440860215055,0.9779559118236472,0.03272097053726175,0.0017591919643689113,
balanced_extra_wide_capacity,w01,2026-01-20,2026-01-21,2026-01-27,688027,0.05161290322580645,0.9771042084168338,0.005084459459459456,0.00026242371403661707,
balanced_extra_wide_capacity,w01,2026-01-20,2026-01-21,2026-01-27,600498,0.04946236559139785,0.9725951903807615,0.07580253574318863,0.0037493727356845987,
balanced_extra_wide_capacity,w01,2026-01-20,2026-01-21,2026-01-27,688281,0.047311827956989246,0.9640781563126253,0.07722567287784687,0.0036536877490594218,
balanced_extra_wide_capacity,w01,2026-01-20,2026-01-21,2026-01-27,601212,0.04516129032258064,0.9630761523046092,0.6110397946084725,0.02759534556296327,
balanced_extra_wide_capacity,w01,2026-01-20,2026-01-21,2026-01-27,301611,0.043010752688172046,0.962625250501002,-0.07062611806797858,-0.0030376824975474662,
balanced_extra_wide_capacity,w01,2026-01-20,2026-01-21,2026-01-27,300724,0.04086021505376344,0.9622745490981964,0.23782364656889365,0.009717525343675225,
balanced_extra_wide_capacity,w01,2026-01-20,2026-01-21,2026-01-27,300346,0.03870967741935484,0.9587675350701403,-0.08180513474724926,-0.003166650377312875,
balanced_extra_wide_capacity,w01,2026-01-20,2026-01-21,2026-01-27,301200,0.03655913978494624,0.956062124248497,0.3101524730383043,0.011338907616454135,
balanced_extra_wide_capacity,w01,2026-01-20,2026-01-21,2026-01-27,688037,0.034408602150537634,0.9532064128256512,0.02594470046082953,0.0008927208760715537,
balanced_extra_wide_capacity,w01,2026-01-20,2026-01-21,2026-01-27,601106,0.03225806451612903,0.9518036072144289,0.11895161290322576,0.003837148803329863,
balanced_extra_wide_capacity,w01,2026-01-20,2026-01-21,2026-01-27,300432,0.030107526881720432,0.9431362725450901,-0.05492227979274622,-0.0016535740152654778,
balanced_extra_wide_capacity,w01,2026-01-20,2026-01-21,2026-01-27,002153,0.02795698924731183,0.9393286573146292,-0.07676348547717848,-0.0021460759380716567,
balanced_extra_wide_capacity,w01,2026-01-20,2026-01-21,2026-01-27,603650,0.025806451612903226,0.9387274549098197,-0.07433903576982881,-0.0019184267295439693,
balanced_extra_wide_capacity,w01,2026-01-20,2026-01-21,2026-01-27,688183,0.023655913978494623,0.9382264529058116,0.026884089907448283,0.000635967718240712,
balanced_extra_wide_capacity,w01,2026-01-20,2026-01-21,2026-01-27,603179,0.021505376344086023,0.9333667334669339,-0.07006114062343383,-0.001506691196202878,
balanced_extra_wide_capacity,w01,2026-01-20,2026-01-21,2026-01-27,000878,0.01935483870967742,0.9331162324649299,0.12211981566820285,0.0023636093355136035,
balanced_extra_wide_capacity,w01,2026-01-20,2026-01-21,2026-01-27,601611,0.017204301075268817,0.9324148296593185,-0.012773722627737238,-0.00021976296993956538,
balanced_extra_wide_capacity,w01,2026-01-20,2026-01-21,2026-01-27,300037,0.015053763440860216,0.9311623246492986,-0.013157894736842035,-0.00019807583474815968,
balanced_extra_wide_capacity,w01,2026-01-20,2026-01-21,2026-01-27,688778,0.012903225806451613,0.9294088176352706,0.015173016046283072,0.00019578085221010416,
balanced_extra_wide_capacity,w01,2026-01-20,2026-01-21,2026-01-27,603920,0.010752688172043012,0.9283567134268538,0.15326123690435955,0.001647970289294189,
balanced_extra_wide_capacity,w01,2026-01-20,2026-01-21,2026-01-27,002008,0.008602150537634409,0.9263527054108216,0.1457394290620304,0.0012536725080604767,
balanced_extra_wide_capacity,w01,2026-01-20,2026-01-21,2026-01-27,688563,0.0064516129032258064,0.923496993987976,0.1753153440843045,0.0011310667360277709,
balanced_extra_wide_capacity,w01,2026-01-20,2026-01-21,2026-01-27,300857,0.004301075268817204,0.9203406813627254,0.23787134002992105,0.0010231025377631013,
balanced_extra_wide_capacity,w01,2026-01-20,2026-01-21,2026-01-27,002851,0.002150537634408602,0.9199398797595191,0.24888888888888872,0.0005352449223416961,
balanced_medium_current,w01,2026-01-20,2026-01-21,2026-01-27,688037,0.016666666666666666,0.9950901803607215,0.02594470046082953,0.0004324116743471588,
balanced_medium_current,w01,2026-01-20,2026-01-21,2026-01-27,002044,0.016666666666666666,0.9888777555110221,-0.03230148048452208,-0.000538358008075368,
balanced_medium_current,w01,2026-01-20,2026-01-21,2026-01-27,300037,0.016666666666666666,0.9192384769539078,-0.013157894736842035,-0.00021929824561403393,
balanced_medium_current,w01,2026-01-20,2026-01-21,2026-01-27,002025,0.016666666666666666,0.914128256513026,-0.00394885295223768,-6.5814215870628e-05,
balanced_medium_current,w01,2026-01-20,2026-01-21,2026-01-27,688676,0.016666666666666666,0.9114228456913828,-0.04342273307790545,-0.0007237122179650908,
balanced_medium_current,w01,2026-01-20,2026-01-21,2026-01-27,300450,0.016666666666666666,0.910120240480962,0.05995494714954086,0.0009992491191590143,
balanced_medium_current,w01,2026-01-20,2026-01-21,2026-01-27,300223,0.016666666666666666,0.9095190380761523,0.08867187499999996,0.0014778645833333325,
balanced_medium_current,w01,2026-01-20,2026-01-21,2026-01-27,688183,0.016666666666666666,0.9075150300601202,0.026884089907448283,0.00044806816512413803,
balanced_medium_current,w01,2026-01-20,2026-01-21,2026-01-27,002156,0.016666666666666666,0.9069138276553106,0.043912958243481626,0.0007318826373913604,
balanced_medium_current,w01,2026-01-20,2026-01-21,2026-01-27,300285,0.016666666666666666,0.9063126252505009,0.060975609756097615,0.001016260162601627,
balanced_medium_current,w01,2026-01-20,2026-01-21,2026-01-27,688709,0.016666666666666666,0.9055110220440882,0.009630503144653968,0.0001605083857442328,
balanced_medium_current,w01,2026-01-20,2026-01-21,2026-01-27,603920,0.016666666666666666,0.9033066132264529,0.15326123690435955,0.0025543539484059927,
balanced_medium_current,w01,2026-01-20,2026-01-21,2026-01-27,000878,0.016666666666666666,0.9029559118236474,0.12211981566820285,0.002035330261136714,
balanced_medium_current,w01,2026-01-20,2026-01-21,2026-01-27,601399,0.016666666666666666,0.8996993987975952,-0.02209944751381221,-0.0003683241252302035,
balanced_medium_current,w01,2026-01-20,2026-01-21,2026-01-27,600363,0.016666666666666666,0.8980961923847696,0.006233303650934996,0.00010388839418224993,
balanced_medium_current,w01,2026-01-20,2026-01-21,2026-01-27,688122,0.016666666666666666,0.8969438877755511,0.04780048493245581,0.0007966747488742635,
balanced_medium_current,w01,2026-01-20,2026-01-21,2026-01-27,002409,0.016666666666666666,0.8965931863727454,-0.04771656768380095,-0.0007952761280633491,
balanced_medium_current,w01,2026-01-20,2026-01-21,2026-01-27,002738,0.016666666666666666,0.8928857715430862,0.11801094456340722,0.001966849076056787,
balanced_medium_current,w01,2026-01-20,2026-01-21,2026-01-27,300724,0.016666666666666666,0.8890781563126253,0.23782364656889365,0.003963727442814894,
balanced_medium_current,w01,2026-01-20,2026-01-21,2026-01-27,002281,0.016666666666666666,0.888376753507014,0.03658887928550847,0.0006098146547584745,
balanced_medium_current,w01,2026-01-20,2026-01-21,2026-01-27,688318,0.016666666666666666,0.8844689378757515,-0.03054016620498612,-0.0005090027700831019,
balanced_medium_current,w01,2026-01-20,2026-01-21,2026-01-27,002130,0.016666666666666666,0.8798597194388778,0.06401045068582611,0.0010668408447637686,
balanced_medium_current,w01,2026-01-20,2026-01-21,2026-01-27,600435,0.016666666666666666,0.8766533066132265,0.00287356321839094,4.789272030651566e-05,
balanced_medium_current,w01,2026-01-20,2026-01-21,2026-01-27,300604,0.016666666666666666,0.8766533066132264,-0.040000000000000036,-0.0006666666666666673,
balanced_medium_current,w01,2026-01-20,2026-01-21,2026-01-27,688017,0.016666666666666666,0.876503006012024,0.021068194418776498,0.00035113657364627495,
balanced_medium_current,w01,2026-01-20,2026-01-21,2026-01-27,000559,0.016666666666666666,0.8758517034068136,-0.048818088386433645,-0.0008136348064405607,
balanced_medium_current,w01,2026-01-20,2026-01-21,2026-01-27,002429,0.016666666666666666,0.8736472945891783,0.20288248337028825,0.0033813747228381374,
balanced_medium_current,w01,2026-01-20,2026-01-21,2026-01-27,002436,0.016666666666666666,0.8678356713426855,0.05617021276595735,0.0009361702127659558,
balanced_medium_current,w01,2026-01-20,2026-01-21,2026-01-27,600021,0.016666666666666666,0.86062124248497,-0.020270270270270285,-0.0003378378378378381,
balanced_medium_current,w01,2026-01-20,2026-01-21,2026-01-27,603650,0.016666666666666666,0.9231462925851703,-0.07433903576982881,-0.0012389839294971467,
balanced_medium_current,w01,2026-01-20,2026-01-21,2026-01-27,605358,0.016666666666666666,0.923246492985972,0.062209842154131945,0.0010368307025688658,
balanced_medium_current,w01,2026-01-20,2026-01-21,2026-01-27,002008,0.016666666666666666,0.9237975951903807,0.1457394290620304,0.0024289904843671733,
balanced_medium_current,w01,2026-01-20,2026-01-21,2026-01-27,002851,0.016666666666666666,0.9413827655310621,0.24888888888888872,0.004148148148148146,
balanced_medium_current,w01,2026-01-20,2026-01-21,2026-01-27,002195,0.016666666666666666,0.9879759519038076,0.058700209643606005,0.0009783368273934335,
balanced_medium_current,w01,2026-01-20,2026-01-21,2026-01-27,688281,0.016666666666666666,0.9856713426853707,0.07722567287784687,0.0012870945479641145,
balanced_medium_current,w01,2026-01-20,2026-01-21,2026-01-27,688568,0.016666666666666666,0.9822645290581162,0.011497326203208535,0.00019162210338680892,
balanced_medium_current,w01,2026-01-20,2026-01-21,2026-01-27,601106,0.016666666666666666,0.9812625250501001,0.11895161290322576,0.0019825268817204294,
balanced_medium_current,w01,2026-01-20,2026-01-21,2026-01-27,002465,0.016666666666666666,0.977755511022044,-0.015469613259668558,-0.0002578268876611426,
balanced_medium_current,w01,2026-01-20,2026-01-21,2026-01-27,601212,0.016666666666666666,0.9769539078156313,0.6110397946084725,0.010183996576807875,
balanced_medium_current,w01,2026-01-20,2026-01-21,2026-01-27,300346,0.016666666666666666,0.9743486973947895,-0.08180513474724926,-0.0013634189124541545,
balanced_medium_current,w01,2026-01-20,2026-01-21,2026-01-27,600637,0.016666666666666666,0.9729458917835672,0.0016949152542371504,2.824858757061917e-05,
balanced_medium_current,w01,2026-01-20,2026-01-21,2026-01-27,600498,0.016666666666666666,0.9725450901803607,0.07580253574318863,0.0012633755957198105,
balanced_medium_current,w01,2026-01-20,2026-01-21,2026-01-27,300567,0.016666666666666666,0.9720440881763527,0.03272097053726175,0.0005453495089543625,
balanced_medium_current,w01,2026-01-20,2026-01-21,2026-01-27,688375,0.016666666666666666,0.9527054108216433,0.03467297084318366,0.0005778828473863943,
balanced_medium_current,w01,2026-01-20,2026-01-21,2026-01-27,688234,0.016666666666666666,0.9480961923847695,-0.11614963503649622,-0.0019358272506082705,
balanced_medium_current,w01,2026-01-20,2026-01-21,2026-01-27,688778,0.016666666666666666,0.9387274549098197,0.015173016046283072,0.00025288360077138454,
balanced_medium_current,w01,2026-01-20,2026-01-21,2026-01-27,688027,0.016666666666666666,0.9240480961923848,0.005084459459459456,8.474099099099093e-05,
balanced_medium_current,w01,2026-01-20,2026-01-21,2026-01-27,300432,0.016666666666666666,0.9361723446893788,-0.05492227979274622,-0.0009153713298791036,
balanced_medium_current,w01,2026-01-20,2026-01-21,2026-01-27,000830,0.016666666666666666,0.935370741482966,-0.05110220440881763,-0.0008517034068136272,
balanced_medium_current,w01,2026-01-20,2026-01-21,2026-01-27,002335,0.016666666666666666,0.9348697394789579,0.08352706741946192,0.0013921177903243654,
balanced_medium_current,w01,2026-01-20,2026-01-21,2026-01-27,002532,0.016666666666666666,0.9347695390781563,-0.010559662090813271,-0.00017599436818022118,
balanced_medium_current,w01,2026-01-20,2026-01-21,2026-01-27,603000,0.016666666666666666,0.9347695390781563,0.03743088047639298,0.000623848007939883,
balanced_medium_current,w01,2026-01-20,2026-01-21,2026-01-27,000021,0.016666666666666666,0.9346693386773547,-0.0384248967926325,-0.000640414946543875,
balanced_medium_current,w01,2026-01-20,2026-01-21,2026-01-27,601179,0.016666666666666666,0.9329659318637274,-0.015355086372360827,-0.00025591810620601376,
balanced_medium_current,w01,2026-01-20,2026-01-21,2026-01-27,300627,0.016666666666666666,0.9310621242484969,0.022182559918409117,0.0003697093319734853,
balanced_medium_current,w01,2026-01-20,2026-01-21,2026-01-27,300919,0.016666666666666666,0.9309118236472946,0.06001132289111144,0.0010001887148518573,
balanced_medium_current,w01,2026-01-20,2026-01-21,2026-01-27,301200,0.016666666666666666,0.9302605210420842,0.3101524730383043,0.005169207883971738,
balanced_medium_current,w01,2026-01-20,2026-01-21,2026-01-27,300699,0.016666666666666666,0.9279559118236472,0.07975769813225653,0.0013292949688709422,
balanced_medium_current,w01,2026-01-20,2026-01-21,2026-01-27,688385,0.016666666666666666,0.9261523046092184,0.042476332835077235,0.0007079388805846206,
balanced_medium_current,w01,2026-01-20,2026-01-21,2026-01-27,688615,0.016666666666666666,0.8591182364729459,-0.00043044932287006343,-7.174155381167724e-06,
economic_medium_capacity,w01,2026-01-20,2026-01-21,2026-01-27,601212,0.05000000000000002,0.9911072144288577,0.6110397946084725,0.030551989730423633,
economic_medium_capacity,w01,2026-01-20,2026-01-21,2026-01-27,002044,0.05000000000000002,0.9867735470941884,-0.03230148048452208,-0.0016150740242261046,
economic_medium_capacity,w01,2026-01-20,2026-01-21,2026-01-27,601179,0.05000000000000002,0.9765531062124249,-0.015355086372360827,-0.0007677543186180416,
economic_medium_capacity,w01,2026-01-20,2026-01-21,2026-01-27,300567,0.05000000000000002,0.9705911823647295,0.03272097053726175,0.001636048526863088,
economic_medium_capacity,w01,2026-01-20,2026-01-21,2026-01-27,002156,0.05000000000000002,0.9228957915831664,0.043912958243481626,0.002195647912174082,
economic_medium_capacity,w01,2026-01-20,2026-01-21,2026-01-27,600685,0.05000000000000002,0.9142284569138277,0.0378835316217907,0.0018941765810895357,
economic_medium_capacity,w01,2026-01-20,2026-01-21,2026-01-27,002465,0.05000000000000002,0.8300350701402806,-0.015469613259668558,-0.0007734806629834281,
economic_medium_capacity,w01,2026-01-20,2026-01-21,2026-01-27,300751,0.05000000000000002,0.8291833667334669,0.4328629590102375,0.021643147950511882,
economic_medium_capacity,w01,2026-01-20,2026-01-21,2026-01-27,300757,0.05000000000000002,0.8266282565130261,0.1970205479452054,0.009851027397260273,
economic_medium_capacity,w01,2026-01-20,2026-01-21,2026-01-27,002025,0.05000000000000002,0.8257765531062125,-0.00394885295223768,-0.00019744264761188408,
economic_medium_capacity,w01,2026-01-20,2026-01-21,2026-01-27,600498,0.047619047619047644,0.8249248496993988,0.07580253574318863,0.00360964455919946,
economic_medium_capacity,w01,2026-01-20,2026-01-21,2026-01-27,688709,0.04523809523809524,0.8240731462925852,0.009630503144653968,0.0004356656184486319,
economic_medium_capacity,w01,2026-01-20,2026-01-21,2026-01-27,300857,0.04285714285714283,0.8232214428857716,0.23787134002992105,0.010194486001282324,
economic_medium_capacity,w01,2026-01-20,2026-01-21,2026-01-27,000878,0.04047619047619047,0.822369739478958,0.12211981566820285,0.004942944919903448,
economic_medium_capacity,w01,2026-01-20,2026-01-21,2026-01-27,000426,0.038095238095238106,0.8215180360721442,0.21507246376811606,0.008193236714975852,
economic_medium_capacity,w01,2026-01-20,2026-01-21,2026-01-27,002409,0.03571428571428571,0.8206663326653306,-0.04771656768380095,-0.0017041631315643194,
economic_medium_capacity,w01,2026-01-20,2026-01-21,2026-01-27,601611,0.03333333333333334,0.819814629258517,-0.012773722627737238,-0.00042579075425790803,
economic_medium_capacity,w01,2026-01-20,2026-01-21,2026-01-27,600118,0.03095238095238096,0.8189629258517034,-0.017747858017135965,-0.0005493384624351609,
economic_medium_capacity,w01,2026-01-20,2026-01-21,2026-01-27,301200,0.028571428571428574,0.8172595190380761,0.3101524730383043,0.008861499229665837,
economic_medium_capacity,w01,2026-01-20,2026-01-21,2026-01-27,605358,0.026190476190476195,0.8164078156312625,0.062209842154131945,0.001629305389751075,
economic_medium_capacity,w01,2026-01-20,2026-01-21,2026-01-27,002851,0.023809523809523822,0.8155561122244488,0.24888888888888872,0.005925925925925925,
economic_medium_capacity,w01,2026-01-20,2026-01-21,2026-01-27,603920,0.021428571428571415,0.8147044088176352,0.15326123690435955,0.003284169362236274,
economic_medium_capacity,w01,2026-01-20,2026-01-21,2026-01-27,300346,0.019047619047619053,0.8138527054108216,-0.08180513474724926,-0.0015581930428047483,
economic_medium_capacity,w01,2026-01-20,2026-01-21,2026-01-27,603650,0.01666666666666667,0.8130010020040079,-0.07433903576982881,-0.0012389839294971471,
economic_medium_capacity,w01,2026-01-20,2026-01-21,2026-01-27,002008,0.014285714285714287,0.8112975951903807,0.1457394290620304,0.002081991843743292,
economic_medium_capacity,w01,2026-01-20,2026-01-21,2026-01-27,002837,0.011904761904761911,0.8104458917835671,0.016716851832623725,0.00019901014086456825,
economic_medium_capacity,w01,2026-01-20,2026-01-21,2026-01-27,600435,0.009523809523809526,0.8095941883767535,0.00287356321839094,2.7367268746580387e-05,
economic_medium_capacity,w01,2026-01-20,2026-01-21,2026-01-27,300223,0.0071428571428571435,0.8087424849699398,0.08867187499999996,0.0006333705357142855,
economic_medium_capacity,w01,2026-01-20,2026-01-21,2026-01-27,601567,0.004761904761904763,0.8086172344689379,-0.05989385898407884,-0.0002852088523051374,
economic_medium_capacity,w01,2026-01-20,2026-01-21,2026-01-27,300724,0.0023809523809523816,0.8078907815631262,0.23782364656889365,0.0005662467775449851,
recent_compact_capacity,w01,2026-01-20,2026-01-21,2026-01-27,601212,0.045,0.9993987975951903,0.6110397946084725,0.02749679075738126,
recent_compact_capacity,w01,2026-01-20,2026-01-21,2026-01-27,000830,0.045,0.9953907815631262,-0.05110220440881763,-0.002299599198396793,
recent_compact_capacity,w01,2026-01-20,2026-01-21,2026-01-27,601179,0.045,0.9932364729458917,-0.015355086372360827,-0.0006909788867562372,
recent_compact_capacity,w01,2026-01-20,2026-01-21,2026-01-27,300567,0.045,0.9930360721442885,0.03272097053726175,0.0014724436741767788,
recent_compact_capacity,w01,2026-01-20,2026-01-21,2026-01-27,688037,0.045,0.9920841683366733,0.02594470046082953,0.0011675115207373287,
recent_compact_capacity,w01,2026-01-20,2026-01-21,2026-01-27,601106,0.045,0.9880761523046092,0.11895161290322576,0.005352822580645159,
recent_compact_capacity,w01,2026-01-20,2026-01-21,2026-01-27,688172,0.045,0.9855210420841682,0.04488188976377949,0.002019685039370077,
recent_compact_capacity,w01,2026-01-20,2026-01-21,2026-01-27,603650,0.045,0.9834168336673346,-0.07433903576982881,-0.0033452566096422963,
recent_compact_capacity,w01,2026-01-20,2026-01-21,2026-01-27,688281,0.045,0.9829158316633266,0.07722567287784687,0.003475155279503109,
recent_compact_capacity,w01,2026-01-20,2026-01-21,2026-01-27,300346,0.045,0.9786573146292585,-0.08180513474724926,-0.003681231063626217,
recent_compact_capacity,w01,2026-01-20,2026-01-21,2026-01-27,600637,0.045,0.9780561122244489,0.0016949152542371504,7.627118644067177e-05,
recent_compact_capacity,w01,2026-01-20,2026-01-21,2026-01-27,000703,0.045,0.9753006012024048,0.0008568980291345785,3.856041131105603e-05,
recent_compact_capacity,w01,2026-01-20,2026-01-21,2026-01-27,002465,0.045,0.9744488977955911,-0.015469613259668558,-0.000696132596685085,
recent_compact_capacity,w01,2026-01-20,2026-01-21,2026-01-27,002195,0.045,0.9723947895791583,0.058700209643606005,0.00264150943396227,
recent_compact_capacity,w01,2026-01-20,2026-01-21,2026-01-27,603737,0.04352941176470591,0.9677354709418837,0.07854485324514249,0.003419011258906204,
recent_compact_capacity,w01,2026-01-20,2026-01-21,2026-01-27,002064,0.040808823529411745,0.9670340681362726,-0.05526512322628829,-0.0022553046610727934,
recent_compact_capacity,w01,2026-01-20,2026-01-21,2026-01-27,601233,0.038088235294117645,0.9646793587174348,0.029707955689828758,0.0011315236064214189,
recent_compact_capacity,w01,2026-01-20,2026-01-21,2026-01-27,600497,0.03536764705882354,0.9643787575150301,0.14126807563959942,0.0049963194399005395,
recent_compact_capacity,w01,2026-01-20,2026-01-21,2026-01-27,688361,0.032647058823529425,0.9634769539078156,-0.0748421151852201,-0.0024433749369292455,
recent_compact_capacity,w01,2026-01-20,2026-01-21,2026-01-27,600435,0.029926470588235287,0.9622244488977956,0.00287356321839094,8.59956051386112e-05,
recent_compact_capacity,w01,2026-01-20,2026-01-21,2026-01-27,600498,0.027205882352941184,0.9586172344689379,0.07580253574318863,0.002062274869483809,
recent_compact_capacity,w01,2026-01-20,2026-01-21,2026-01-27,603920,0.02448529411764706,0.9557615230460922,0.15326123690435955,0.0037526464624376274,
recent_compact_capacity,w01,2026-01-20,2026-01-21,2026-01-27,000960,0.021764705882352953,0.9529058116232464,0.1669734420194584,0.003634127855717626,
recent_compact_capacity,w01,2026-01-20,2026-01-21,2026-01-27,600021,0.019044117647058822,0.9519539078156312,-0.020270270270270285,-0.0003860294117647061,
recent_compact_capacity,w01,2026-01-20,2026-01-21,2026-01-27,688234,0.016323529411764712,0.9502004008016032,-0.11614963503649622,-0.0018959719836839832,
recent_compact_capacity,w01,2026-01-20,2026-01-21,2026-01-27,000426,0.013602941176470592,0.9458416833667334,0.21507246376811606,0.0029256180733162854,
recent_compact_capacity,w01,2026-01-20,2026-01-21,2026-01-27,603228,0.010882352941176477,0.9454909819639278,0.010439054344488774,0.00011360147374884849,
recent_compact_capacity,w01,2026-01-20,2026-01-21,2026-01-27,688385,0.008161764705882356,0.9452905811623246,0.042476332835077235,0.00034668183416864523,
recent_compact_capacity,w01,2026-01-20,2026-01-21,2026-01-27,688375,0.005441176470588238,0.9448897795591182,0.03467297084318366,0.00018866175311732297,
recent_compact_capacity,w01,2026-01-20,2026-01-21,2026-01-27,300223,0.002720588235294119,0.9394789579158317,0.08867187499999996,0.0002412396599264706,
recent_compact_current,w01,2026-01-20,2026-01-21,2026-01-27,688037,0.06451612903225806,0.9979959919839679,0.02594470046082953,0.001673851642634163,
recent_compact_current,w01,2026-01-20,2026-01-21,2026-01-27,002195,0.06236559139784946,0.9919839679358717,0.058700209643606005,0.0036608732896012347,
recent_compact_current,w01,2026-01-20,2026-01-21,2026-01-27,002465,0.060215053763440864,0.9917835671342685,-0.015469613259668558,-0.0009315035941305799,
recent_compact_current,w01,2026-01-20,2026-01-21,2026-01-27,002044,0.05806451612903226,0.9863226452905811,-0.03230148048452208,-0.0018755698345851533,
recent_compact_current,w01,2026-01-20,2026-01-21,2026-01-27,600498,0.05591397849462366,0.9850200400801603,0.07580253574318863,0.00423842135338259,
recent_compact_current,w01,2026-01-20,2026-01-21,2026-01-27,688281,0.053763440860215055,0.9826653306613227,0.07722567287784687,0.004151917896658434,
recent_compact_current,w01,2026-01-20,2026-01-21,2026-01-27,601106,0.05161290322580645,0.9813627254509018,0.11895161290322576,0.006139438085327781,
recent_compact_current,w01,2026-01-20,2026-01-21,2026-01-27,688234,0.04946236559139785,0.9772044088176353,-0.11614963503649622,-0.005745035711482609,
recent_compact_current,w01,2026-01-20,2026-01-21,2026-01-27,002025,0.047311827956989246,0.9769038076152303,-0.00394885295223768,-0.0001868274515037182,
recent_compact_current,w01,2026-01-20,2026-01-21,2026-01-27,300699,0.04516129032258064,0.9747494989979959,0.07975769813225653,0.003601960560811585,
recent_compact_current,w01,2026-01-20,2026-01-21,2026-01-27,600637,0.043010752688172046,0.9742985971943887,0.0016949152542371504,7.289958082740433e-05,
recent_compact_current,w01,2026-01-20,2026-01-21,2026-01-27,000830,0.04086021505376344,0.9741983967935871,-0.05110220440881763,-0.0020880470618656667,
recent_compact_current,w01,2026-01-20,2026-01-21,2026-01-27,300346,0.03870967741935484,0.9720941883767535,-0.08180513474724926,-0.003166650377312875,
recent_compact_current,w01,2026-01-20,2026-01-21,2026-01-27,688568,0.03655913978494624,0.967635270541082,0.011497326203208535,0.000420332355816226,
recent_compact_current,w01,2026-01-20,2026-01-21,2026-01-27,300567,0.034408602150537634,0.9667835671342684,0.03272097053726175,0.0011258828571961033,
recent_compact_current,w01,2026-01-20,2026-01-21,2026-01-27,601212,0.03225806451612903,0.9655811623246493,0.6110397946084725,0.019710961116402338,
recent_compact_current,w01,2026-01-20,2026-01-21,2026-01-27,688385,0.030107526881720432,0.9601703406813626,0.042476332835077235,0.0012788573326689922,
recent_compact_current,w01,2026-01-20,2026-01-21,2026-01-27,688615,0.02795698924731183,0.958567134268537,-0.00043044932287006343,-1.203406709099102e-05,
recent_compact_current,w01,2026-01-20,2026-01-21,2026-01-27,601179,0.025806451612903226,0.957565130260521,-0.015355086372360827,-0.0003962602934802794,
recent_compact_current,w01,2026-01-20,2026-01-21,2026-01-27,002156,0.023655913978494623,0.9506513026052104,0.043912958243481626,0.0010388011627490276,
recent_compact_current,w01,2026-01-20,2026-01-21,2026-01-27,600487,0.021505376344086023,0.9387775551102204,0.14686825053995678,0.0031584570008592857,
recent_compact_current,w01,2026-01-20,2026-01-21,2026-01-27,600435,0.01935483870967742,0.9383266533066132,0.00287356321839094,5.561735261401819e-05,
recent_compact_current,w01,2026-01-20,2026-01-21,2026-01-27,603000,0.017204301075268817,0.9316633266533065,0.03743088047639298,0.0006439721372282663,
recent_compact_current,w01,2026-01-20,2026-01-21,2026-01-27,600497,0.015053763440860216,0.9149799599198396,0.14126807563959942,0.0021266161924240775,
recent_compact_current,w01,2026-01-20,2026-01-21,2026-01-27,000021,0.012903225806451613,0.9148797595190381,-0.0384248967926325,-0.0004958051199049355,
recent_compact_current,w01,2026-01-20,2026-01-21,2026-01-27,688525,0.010752688172043012,0.9125250501002005,-0.021430822565395413,-0.00023043895231607972,
recent_compact_current,w01,2026-01-20,2026-01-21,2026-01-27,603650,0.008602150537634409,0.9076152304609219,-0.07433903576982881,-0.0006394755765146565,
recent_compact_current,w01,2026-01-20,2026-01-21,2026-01-27,300223,0.0064516129032258064,0.9060120240480962,0.08867187499999996,0.0005720766129032255,
recent_compact_current,w01,2026-01-20,2026-01-21,2026-01-27,600143,0.004301075268817204,0.9053356713426853,-0.022286821705426396,-9.585729765774794e-05,
recent_compact_current,w01,2026-01-20,2026-01-21,2026-01-27,600580,0.002150537634408602,0.8990230460921844,-0.04845535336436735,-0.00010420506099863946,
short_aggressive_compact_capacity,w01,2026-01-20,2026-01-21,2026-01-27,688037,0.06451612903225806,0.9947895791583166,0.02594470046082953,0.001673851642634163,
short_aggressive_compact_capacity,w01,2026-01-20,2026-01-21,2026-01-27,002465,0.06236559139784946,0.9925851703406814,-0.015469613259668558,-0.0009647715796352433,
short_aggressive_compact_capacity,w01,2026-01-20,2026-01-21,2026-01-27,688387,0.060215053763440864,0.9923847695390782,0.016599885518031154,0.0009995629989352094,
short_aggressive_compact_capacity,w01,2026-01-20,2026-01-21,2026-01-27,300058,0.05806451612903226,0.9845691382765531,0.24859392575927997,0.01443448601182916,
short_aggressive_compact_capacity,w01,2026-01-20,2026-01-21,2026-01-27,002044,0.05591397849462366,0.9843687374749498,-0.03230148048452208,-0.0018061042851560734,
short_aggressive_compact_capacity,w01,2026-01-20,2026-01-21,2026-01-27,601212,0.053763440860215055,0.9809619238476954,0.6110397946084725,0.032851601860670564,
short_aggressive_compact_capacity,w01,2026-01-20,2026-01-21,2026-01-27,300751,0.05161290322580645,0.9801603206412826,0.4328629590102375,0.022341314013431614,
short_aggressive_compact_capacity,w01,2026-01-20,2026-01-21,2026-01-27,300699,0.04946236559139785,0.973947895791583,0.07975769813225653,0.003945004423746022,
short_aggressive_compact_capacity,w01,2026-01-20,2026-01-21,2026-01-27,002851,0.047311827956989246,0.9687374749498996,0.24888888888888872,0.011775388291517315,
short_aggressive_compact_capacity,w01,2026-01-20,2026-01-21,2026-01-27,600487,0.04516129032258064,0.9671342685370741,0.14686825053995678,0.006632759701804499,
short_aggressive_compact_capacity,w01,2026-01-20,2026-01-21,2026-01-27,000878,0.043010752688172046,0.961122244488978,0.12211981566820285,0.005252465190030231,
short_aggressive_compact_capacity,w01,2026-01-20,2026-01-21,2026-01-27,600879,0.04086021505376344,0.9595190380761522,0.10034207525655647,0.004099998773923813,
short_aggressive_compact_capacity,w01,2026-01-20,2026-01-21,2026-01-27,600118,0.03870967741935484,0.9585170340681362,-0.017747858017135965,-0.0006870138587278438,
short_aggressive_compact_capacity,w01,2026-01-20,2026-01-21,2026-01-27,002008,0.03655913978494624,0.9543086172344689,0.1457394290620304,0.005328108159257026,
short_aggressive_compact_capacity,w01,2026-01-20,2026-01-21,2026-01-27,300346,0.034408602150537634,0.9543086172344688,-0.08180513474724926,-0.002814800335389222,
short_aggressive_compact_capacity,w01,2026-01-20,2026-01-21,2026-01-27,300724,0.03225806451612903,0.9539078156312625,0.23782364656889365,0.00767173053448044,
short_aggressive_compact_capacity,w01,2026-01-20,2026-01-21,2026-01-27,002025,0.030107526881720432,0.944689378757515,-0.00394885295223768,-0.00011889019641145705,
short_aggressive_compact_capacity,w01,2026-01-20,2026-01-21,2026-01-27,300037,0.02795698924731183,0.9366733466933866,-0.013157894736842035,-0.00036785512167515367,
short_aggressive_compact_capacity,w01,2026-01-20,2026-01-21,2026-01-27,301200,0.025806451612903226,0.9356713426853708,0.3101524730383043,0.008003934788085271,
short_aggressive_compact_capacity,w01,2026-01-20,2026-01-21,2026-01-27,688027,0.023655913978494623,0.935070140280561,0.005084459459459456,0.00012027753560011617,
short_aggressive_compact_capacity,w01,2026-01-20,2026-01-21,2026-01-27,300432,0.021505376344086023,0.9348697394789578,-0.05492227979274622,-0.0011811242966181983,
short_aggressive_compact_capacity,w01,2026-01-20,2026-01-21,2026-01-27,688563,0.01935483870967742,0.9340681362725449,0.1753153440843045,0.003393200208083313,
short_aggressive_compact_capacity,w01,2026-01-20,2026-01-21,2026-01-27,300567,0.017204301075268817,0.9324649298597194,0.03272097053726175,0.0005629414285980517,
short_aggressive_compact_capacity,w01,2026-01-20,2026-01-21,2026-01-27,300285,0.015053763440860216,0.9250501002004007,0.060975609756097615,0.0009179124049305018,
short_aggressive_compact_capacity,w01,2026-01-20,2026-01-21,2026-01-27,002202,0.012903225806451613,0.9212424849699399,0.09708365310821176,0.0012526922981704743,
short_aggressive_compact_capacity,w01,2026-01-20,2026-01-21,2026-01-27,688017,0.010752688172043012,0.9212424849699399,0.021068194418776498,0.00022653972493308065,
short_aggressive_compact_capacity,w01,2026-01-20,2026-01-21,2026-01-27,002738,0.008602150537634409,0.9152304609218437,0.11801094456340722,0.0010151479102228577,
short_aggressive_compact_capacity,w01,2026-01-20,2026-01-21,2026-01-27,002130,0.0064516129032258064,0.9128256513026052,0.06401045068582611,0.00041297064958597493,
short_aggressive_compact_capacity,w01,2026-01-20,2026-01-21,2026-01-27,688568,0.004301075268817204,0.9114228456913827,0.011497326203208535,4.945086539014424e-05,
short_aggressive_compact_capacity,w01,2026-01-20,2026-01-21,2026-01-27,002335,0.002150537634408602,0.909819639278557,0.08352706741946192,0.00017962810197733747,
short_aggressive_medium_capacity,w01,2026-01-20,2026-01-21,2026-01-27,688037,0.06451612903225806,0.9947895791583166,0.02594470046082953,0.001673851642634163,
short_aggressive_medium_capacity,w01,2026-01-20,2026-01-21,2026-01-27,002465,0.06236559139784946,0.9925851703406814,-0.015469613259668558,-0.0009647715796352433,
short_aggressive_medium_capacity,w01,2026-01-20,2026-01-21,2026-01-27,688387,0.060215053763440864,0.9923847695390782,0.016599885518031154,0.0009995629989352094,
short_aggressive_medium_capacity,w01,2026-01-20,2026-01-21,2026-01-27,300058,0.05806451612903226,0.9845691382765531,0.24859392575927997,0.01443448601182916,
short_aggressive_medium_capacity,w01,2026-01-20,2026-01-21,2026-01-27,002044,0.05591397849462366,0.9843687374749498,-0.03230148048452208,-0.0018061042851560734,
short_aggressive_medium_capacity,w01,2026-01-20,2026-01-21,2026-01-27,601212,0.053763440860215055,0.9809619238476954,0.6110397946084725,0.032851601860670564,
short_aggressive_medium_capacity,w01,2026-01-20,2026-01-21,2026-01-27,300751,0.05161290322580645,0.9801603206412826,0.4328629590102375,0.022341314013431614,
short_aggressive_medium_capacity,w01,2026-01-20,2026-01-21,2026-01-27,300699,0.04946236559139785,0.973947895791583,0.07975769813225653,0.003945004423746022,
short_aggressive_medium_capacity,w01,2026-01-20,2026-01-21,2026-01-27,002851,0.047311827956989246,0.9687374749498996,0.24888888888888872,0.011775388291517315,
short_aggressive_medium_capacity,w01,2026-01-20,2026-01-21,2026-01-27,600487,0.04516129032258064,0.9671342685370741,0.14686825053995678,0.006632759701804499,
short_aggressive_medium_capacity,w01,2026-01-20,2026-01-21,2026-01-27,000878,0.043010752688172046,0.961122244488978,0.12211981566820285,0.005252465190030231,
short_aggressive_medium_capacity,w01,2026-01-20,2026-01-21,2026-01-27,600879,0.04086021505376344,0.9595190380761522,0.10034207525655647,0.004099998773923813,
short_aggressive_medium_capacity,w01,2026-01-20,2026-01-21,2026-01-27,600118,0.03870967741935484,0.9585170340681362,-0.017747858017135965,-0.0006870138587278438,
short_aggressive_medium_capacity,w01,2026-01-20,2026-01-21,2026-01-27,002008,0.03655913978494624,0.9543086172344689,0.1457394290620304,0.005328108159257026,
short_aggressive_medium_capacity,w01,2026-01-20,2026-01-21,2026-01-27,300346,0.034408602150537634,0.9543086172344688,-0.08180513474724926,-0.002814800335389222,
short_aggressive_medium_capacity,w01,2026-01-20,2026-01-21,2026-01-27,300724,0.03225806451612903,0.9539078156312625,0.23782364656889365,0.00767173053448044,
short_aggressive_medium_capacity,w01,2026-01-20,2026-01-21,2026-01-27,002025,0.030107526881720432,0.944689378757515,-0.00394885295223768,-0.00011889019641145705,
short_aggressive_medium_capacity,w01,2026-01-20,2026-01-21,2026-01-27,300037,0.02795698924731183,0.9366733466933866,-0.013157894736842035,-0.00036785512167515367,
short_aggressive_medium_capacity,w01,2026-01-20,2026-01-21,2026-01-27,301200,0.025806451612903226,0.9356713426853708,0.3101524730383043,0.008003934788085271,
short_aggressive_medium_capacity,w01,2026-01-20,2026-01-21,2026-01-27,688027,0.023655913978494623,0.935070140280561,0.005084459459459456,0.00012027753560011617,
short_aggressive_medium_capacity,w01,2026-01-20,2026-01-21,2026-01-27,300432,0.021505376344086023,0.9348697394789578,-0.05492227979274622,-0.0011811242966181983,
short_aggressive_medium_capacity,w01,2026-01-20,2026-01-21,2026-01-27,688563,0.01935483870967742,0.9340681362725449,0.1753153440843045,0.003393200208083313,
short_aggressive_medium_capacity,w01,2026-01-20,2026-01-21,2026-01-27,300567,0.017204301075268817,0.9324649298597194,0.03272097053726175,0.0005629414285980517,
short_aggressive_medium_capacity,w01,2026-01-20,2026-01-21,2026-01-27,300285,0.015053763440860216,0.9250501002004007,0.060975609756097615,0.0009179124049305018,
short_aggressive_medium_capacity,w01,2026-01-20,2026-01-21,2026-01-27,002202,0.012903225806451613,0.9212424849699399,0.09708365310821176,0.0012526922981704743,
short_aggressive_medium_capacity,w01,2026-01-20,2026-01-21,2026-01-27,688017,0.010752688172043012,0.9212424849699399,0.021068194418776498,0.00022653972493308065,
short_aggressive_medium_capacity,w01,2026-01-20,2026-01-21,2026-01-27,002738,0.008602150537634409,0.9152304609218437,0.11801094456340722,0.0010151479102228577,
short_aggressive_medium_capacity,w01,2026-01-20,2026-01-21,2026-01-27,002130,0.0064516129032258064,0.9128256513026052,0.06401045068582611,0.00041297064958597493,
short_aggressive_medium_capacity,w01,2026-01-20,2026-01-21,2026-01-27,688568,0.004301075268817204,0.9114228456913827,0.011497326203208535,4.945086539014424e-05,
short_aggressive_medium_capacity,w01,2026-01-20,2026-01-21,2026-01-27,002335,0.002150537634408602,0.909819639278557,0.08352706741946192,0.00017962810197733747,
short_aggressive_wide_capacity,w01,2026-01-20,2026-01-21,2026-01-27,601212,0.055,0.9860721442885773,0.6110397946084725,0.03360718870346598,
short_aggressive_wide_capacity,w01,2026-01-20,2026-01-21,2026-01-27,688563,0.055,0.9821643286573146,0.1753153440843045,0.009642343924636747,
short_aggressive_wide_capacity,w01,2026-01-20,2026-01-21,2026-01-27,603920,0.055,0.9768036072144288,0.15326123690435955,0.008429368029739776,
short_aggressive_wide_capacity,w01,2026-01-20,2026-01-21,2026-01-27,300567,0.055,0.973997995991984,0.03272097053726175,0.0017996533795493963,
short_aggressive_wide_capacity,w01,2026-01-20,2026-01-21,2026-01-27,000559,0.055,0.9733967935871743,-0.048818088386433645,-0.0026849948612538504,
short_aggressive_wide_capacity,w01,2026-01-20,2026-01-21,2026-01-27,600435,0.055,0.9690130260521042,0.00287356321839094,0.0001580459770115017,
short_aggressive_wide_capacity,w01,2026-01-20,2026-01-21,2026-01-27,688122,0.05360000000000002,0.9681362725450903,0.04780048493245581,0.0025621059923796327,
short_aggressive_wide_capacity,w01,2026-01-20,2026-01-21,2026-01-27,002409,0.05136666666666666,0.9629759519038077,-0.04771656768380095,-0.0024510410266912414,
short_aggressive_wide_capacity,w01,2026-01-20,2026-01-21,2026-01-27,300037,0.049133333333333334,0.962625250501002,-0.013157894736842035,-0.000646491228070172,
short_aggressive_wide_capacity,w01,2026-01-20,2026-01-21,2026-01-27,002025,0.0469,0.958867735470942,-0.00394885295223768,-0.0001852012034599472,
short_aggressive_wide_capacity,w01,2026-01-20,2026-01-21,2026-01-27,300432,0.044666666666666674,0.9559118236472945,-0.05492227979274622,-0.002453195164075998,
short_aggressive_wide_capacity,w01,2026-01-20,2026-01-21,2026-01-27,688778,0.04243333333333334,0.9470941883767535,0.015173016046283072,0.0006438416475639451,
short_aggressive_wide_capacity,w01,2026-01-20,2026-01-21,2026-01-27,300496,0.0402,0.9439378757515031,0.02779942842296701,0.0011175370226032737,
short_aggressive_wide_capacity,w01,2026-01-20,2026-01-21,2026-01-27,688281,0.03796666666666667,0.9368737474949901,0.07722567287784687,0.002932001380262253,
short_aggressive_wide_capacity,w01,2026-01-20,2026-01-21,2026-01-27,000878,0.03573333333333334,0.9316633266533066,0.12211981566820285,0.004363748079877116,
short_aggressive_wide_capacity,w01,2026-01-20,2026-01-21,2026-01-27,300699,0.0335,0.9291583166332665,0.07975769813225653,0.002671882887430594,
short_aggressive_wide_capacity,w01,2026-01-20,2026-01-21,2026-01-27,600967,0.031266666666666665,0.9255260521042085,-0.015350877192982337,-0.00047997076023391437,
short_aggressive_wide_capacity,w01,2026-01-20,2026-01-21,2026-01-27,601061,0.029033333333333335,0.9225450901803608,0.04515272244355906,0.0013109340416113313,
short_aggressive_wide_capacity,w01,2026-01-20,2026-01-21,2026-01-27,600601,0.02680000000000001,0.920315631262525,-0.03417412530512609,-0.0009158665581773796,
short_aggressive_wide_capacity,w01,2026-01-20,2026-01-21,2026-01-27,002340,0.024566666666666667,0.9195390781563126,0.04065934065934074,0.0009988644688644708,
short_aggressive_wide_capacity,w01,2026-01-20,2026-01-21,2026-01-27,605358,0.022333333333333337,0.9188877755511021,0.062209842154131945,0.0013893531414422803,
short_aggressive_wide_capacity,w01,2026-01-20,2026-01-21,2026-01-27,300919,0.0201,0.9187625250501003,0.06001132289111144,0.00120622759011134,
short_aggressive_wide_capacity,w01,2026-01-20,2026-01-21,2026-01-27,600021,0.01786666666666667,0.9186372745490983,-0.020270270270270285,-0.0003621621621621625,
short_aggressive_wide_capacity,w01,2026-01-20,2026-01-21,2026-01-27,002261,0.015633333333333332,0.9180360721442886,-0.00030165912518842486,-4.715937657112375e-06,
short_aggressive_wide_capacity,w01,2026-01-20,2026-01-21,2026-01-27,300748,0.013400000000000006,0.9157815631262526,0.017919229740572362,0.00024011767852366976,
short_aggressive_wide_capacity,w01,2026-01-20,2026-01-21,2026-01-27,000426,0.011166666666666668,0.915180360721443,0.21507246376811606,0.002401642512077296,
short_aggressive_wide_capacity,w01,2026-01-20,2026-01-21,2026-01-27,002436,0.008933333333333335,0.9150801603206413,0.05617021276595735,0.0005017872340425524,
short_aggressive_wide_capacity,w01,2026-01-20,2026-01-21,2026-01-27,000021,0.006700000000000003,0.9131763527054109,-0.0384248967926325,-0.0002574468085106379,
short_aggressive_wide_capacity,w01,2026-01-20,2026-01-21,2026-01-27,603596,0.004466666666666667,0.899749498997996,-0.029850746268656803,-0.00013333333333333375,
short_aggressive_wide_capacity,w01,2026-01-20,2026-01-21,2026-01-27,600699,0.0022333333333333337,0.8982214428857717,-0.011191573403554922,-2.4994513934605998e-05,
stable_compact_capacity,w01,2026-01-20,2026-01-21,2026-01-27,300567,0.05000000000000002,0.9963927855711423,0.03272097053726175,0.001636048526863088,
stable_compact_capacity,w01,2026-01-20,2026-01-21,2026-01-27,601212,0.05000000000000002,0.993186372745491,0.6110397946084725,0.030551989730423633,
stable_compact_capacity,w01,2026-01-20,2026-01-21,2026-01-27,000830,0.05000000000000002,0.9927855711422846,-0.05110220440881763,-0.0025551102204408823,
stable_compact_capacity,w01,2026-01-20,2026-01-21,2026-01-27,300346,0.05000000000000002,0.9889779559118236,-0.08180513474724926,-0.004090256737362465,
stable_compact_capacity,w01,2026-01-20,2026-01-21,2026-01-27,603650,0.05000000000000002,0.9861723446893788,-0.07433903576982881,-0.003716951788491442,
stable_compact_capacity,w01,2026-01-20,2026-01-21,2026-01-27,688037,0.05000000000000002,0.9837675350701403,0.02594470046082953,0.0012972350230414768,
stable_compact_capacity,w01,2026-01-20,2026-01-21,2026-01-27,688122,0.05000000000000002,0.9771543086172345,0.04780048493245581,0.0023900242466227913,
stable_compact_capacity,w01,2026-01-20,2026-01-21,2026-01-27,688375,0.05000000000000002,0.9737474949899799,0.03467297084318366,0.0017336485421591836,
stable_compact_capacity,w01,2026-01-20,2026-01-21,2026-01-27,000703,0.05000000000000002,0.9725450901803607,0.0008568980291345785,4.284490145672894e-05,
stable_compact_capacity,w01,2026-01-20,2026-01-21,2026-01-27,600498,0.05000000000000002,0.9687374749498998,0.07580253574318863,0.0037901267871594327,
stable_compact_capacity,w01,2026-01-20,2026-01-21,2026-01-27,688709,0.047619047619047644,0.9663326653306613,0.009630503144653968,0.0004585953878406654,
stable_compact_capacity,w01,2026-01-20,2026-01-21,2026-01-27,002008,0.04523809523809524,0.965931863727455,0.1457394290620304,0.006592974171853757,
stable_compact_capacity,w01,2026-01-20,2026-01-21,2026-01-27,002851,0.04285714285714283,0.9655310621242484,0.24888888888888872,0.010666666666666652,
stable_compact_capacity,w01,2026-01-20,2026-01-21,2026-01-27,603179,0.04047619047619047,0.965130260521042,-0.07006114062343383,-0.0028358080728532738,
stable_compact_capacity,w01,2026-01-20,2026-01-21,2026-01-27,300037,0.038095238095238106,0.9569138276553106,-0.013157894736842035,-0.0005012531328320777,
stable_compact_capacity,w01,2026-01-20,2026-01-21,2026-01-27,688361,0.03571428571428571,0.9559118236472945,-0.0748421151852201,-0.002672932685186432,
stable_compact_capacity,w01,2026-01-20,2026-01-21,2026-01-27,688387,0.03333333333333334,0.9527054108216434,0.016599885518031154,0.0005533295172677052,
stable_compact_capacity,w01,2026-01-20,2026-01-21,2026-01-27,000987,0.03095238095238096,0.9511022044088177,0.019961977186311763,0.0006178707224334595,
stable_compact_capacity,w01,2026-01-20,2026-01-21,2026-01-27,002335,0.028571428571428574,0.949498997995992,0.08352706741946192,0.002386487640556055,
stable_compact_capacity,w01,2026-01-20,2026-01-21,2026-01-27,301200,0.026190476190476195,0.946693386773547,0.3101524730383043,0.008123040960527019,
stable_compact_capacity,w01,2026-01-20,2026-01-21,2026-01-27,688281,0.023809523809523822,0.9458917835671342,0.07722567287784687,0.0018387064970915932,
stable_compact_capacity,w01,2026-01-20,2026-01-21,2026-01-27,688385,0.021428571428571415,0.9456913827655311,0.042476332835077235,0.0009102071321802259,
stable_compact_capacity,w01,2026-01-20,2026-01-21,2026-01-27,688676,0.019047619047619053,0.9444889779559118,-0.04342273307790545,-0.0008270996776743898,
stable_compact_capacity,w01,2026-01-20,2026-01-21,2026-01-27,603000,0.01666666666666667,0.9422845691382765,0.03743088047639298,0.0006238480079398831,
stable_compact_capacity,w01,2026-01-20,2026-01-21,2026-01-27,688318,0.014285714285714287,0.9400801603206412,-0.03054016620498612,-0.00043628808864265887,
stable_compact_capacity,w01,2026-01-20,2026-01-21,2026-01-27,688778,0.011904761904761911,0.9392785571142286,0.015173016046283072,0.0001806311434081319,
stable_compact_capacity,w01,2026-01-20,2026-01-21,2026-01-27,002195,0.009523809523809526,0.9388777555110221,0.058700209643606005,0.0005590496156533907,
stable_compact_capacity,w01,2026-01-20,2026-01-21,2026-01-27,300919,0.0071428571428571435,0.9354709418837677,0.06001132289111144,0.00042865230636508176,
stable_compact_capacity,w01,2026-01-20,2026-01-21,2026-01-27,688568,0.004761904761904763,0.9348697394789579,0.011497326203208535,5.4749172396231134e-05,
stable_compact_capacity,w01,2026-01-20,2026-01-21,2026-01-27,688017,0.0023809523809523816,0.9332665330661324,0.021068194418776498,5.016236766375358e-05,
stable_compact_current,w01,2026-01-20,2026-01-21,2026-01-27,688037,0.02857142857142857,0.9922845691382766,0.02594470046082953,0.0007412771560237008,
stable_compact_current,w01,2026-01-20,2026-01-21,2026-01-27,000703,0.02857142857142857,0.9102705410821643,0.0008568980291345785,2.4482800832416525e-05,
stable_compact_current,w01,2026-01-20,2026-01-21,2026-01-27,601212,0.02857142857142857,0.9297595190380761,0.6110397946084725,0.017458279845956357,
stable_compact_current,w01,2026-01-20,2026-01-21,2026-01-27,603650,0.02857142857142857,0.9297595190380761,-0.07433903576982881,-0.0021239724505665372,
stable_compact_current,w01,2026-01-20,2026-01-21,2026-01-27,688183,0.02857142857142857,0.9201402805611223,0.026884089907448283,0.0007681168544985224,
stable_compact_current,w01,2026-01-20,2026-01-21,2026-01-27,002429,0.02857142857142857,0.9184368737474949,0.20288248337028825,0.005796642382008235,
stable_compact_current,w01,2026-01-20,2026-01-21,2026-01-27,688172,0.02857142857142857,0.9160821643286574,0.04488188976377949,0.0012823397075365569,
stable_compact_current,w01,2026-01-20,2026-01-21,2026-01-27,688027,0.02857142857142857,0.91062124248497,0.005084459459459456,0.00014527027027027016,
stable_compact_current,w01,2026-01-20,2026-01-21,2026-01-27,300454,0.02857142857142857,0.9087675350701403,0.2858667805294619,0.00816762230084177,
stable_compact_current,w01,2026-01-20,2026-01-21,2026-01-27,688234,0.02857142857142857,0.9338677354709418,-0.11614963503649622,-0.003318561001042749,
stable_compact_current,w01,2026-01-20,2026-01-21,2026-01-27,002335,0.02857142857142857,0.9081663326653306,0.08352706741946192,0.002386487640556055,
stable_compact_current,w01,2026-01-20,2026-01-21,2026-01-27,300432,0.02857142857142857,0.9075150300601202,-0.05492227979274622,-0.0015692079940784634,
stable_compact_current,w01,2026-01-20,2026-01-21,2026-01-27,601611,0.02857142857142857,0.9056613226452905,-0.012773722627737238,-0.0003649635036496354,
stable_compact_current,w01,2026-01-20,2026-01-21,2026-01-27,688122,0.02857142857142857,0.9056613226452905,0.04780048493245581,0.0013657281409273087,
stable_compact_current,w01,2026-01-20,2026-01-21,2026-01-27,688375,0.02857142857142857,0.9056112224448898,0.03467297084318366,0.0009906563098052473,
stable_compact_current,w01,2026-01-20,2026-01-21,2026-01-27,688702,0.02857142857142857,0.9036072144288577,0.2001919952739626,0.005719771293541788,
stable_compact_current,w01,2026-01-20,2026-01-21,2026-01-27,603000,0.02857142857142857,0.9313627254509018,0.03743088047639298,0.0010694537278969423,
stable_compact_current,w01,2026-01-20,2026-01-21,2026-01-27,688568,0.02857142857142857,0.9340681362725451,0.011497326203208535,0.0003284950343773867,
stable_compact_current,w01,2026-01-20,2026-01-21,2026-01-27,002044,0.02857142857142857,0.9882765531062124,-0.03230148048452208,-0.0009228994424149166,
stable_compact_current,w01,2026-01-20,2026-01-21,2026-01-27,600637,0.02857142857142857,0.9633266533066133,0.0016949152542371504,4.8426150121061436e-05,
stable_compact_current,w01,2026-01-20,2026-01-21,2026-01-27,688281,0.02857142857142857,0.9795591182364729,0.07722567287784687,0.002206447796509911,
stable_compact_current,w01,2026-01-20,2026-01-21,2026-01-27,601179,0.02857142857142857,0.975751503006012,-0.015355086372360827,-0.0004387167534960236,
stable_compact_current,w01,2026-01-20,2026-01-21,2026-01-27,601106,0.02857142857142857,0.9730961923847695,0.11895161290322576,0.003398617511520736,
stable_compact_current,w01,2026-01-20,2026-01-21,2026-01-27,000830,0.02857142857142857,0.9722444889779558,-0.05110220440881763,-0.001460062983109075,
stable_compact_current,w01,2026-01-20,2026-01-21,2026-01-27,002195,0.02857142857142857,0.9708917835671342,0.058700209643606005,0.0016771488469601715,
stable_compact_current,w01,2026-01-20,2026-01-21,2026-01-27,002465,0.02857142857142857,0.9633266533066133,-0.015469613259668558,-0.0004419889502762445,
stable_compact_current,w01,2026-01-20,2026-01-21,2026-01-27,600498,0.02857142857142857,0.9620741482965932,0.07580253574318863,0.002165786735519675,
stable_compact_current,w01,2026-01-20,2026-01-21,2026-01-27,688019,0.02857142857142857,0.9363226452905812,0.02823184970896775,0.0008066242773990786,
stable_compact_current,w01,2026-01-20,2026-01-21,2026-01-27,300699,0.02857142857142857,0.9567134268537074,0.07975769813225653,0.0022787913752073292,
stable_compact_current,w01,2026-01-20,2026-01-21,2026-01-27,002153,0.02857142857142857,0.9513527054108216,-0.07676348547717848,-0.0021932424422050996,
stable_compact_current,w01,2026-01-20,2026-01-21,2026-01-27,688615,0.02857142857142857,0.9509018036072144,-0.00043044932287006343,-1.2298552082001812e-05,
stable_compact_current,w01,2026-01-20,2026-01-21,2026-01-27,000987,0.02857142857142857,0.9498997995991985,0.019961977186311763,0.0005703422053231932,
stable_compact_current,w01,2026-01-20,2026-01-21,2026-01-27,300346,0.02857142857142857,0.9476953907815631,-0.08180513474724926,-0.0023372895642071218,
stable_compact_current,w01,2026-01-20,2026-01-21,2026-01-27,688361,0.02857142857142857,0.9433366733466934,-0.0748421151852201,-0.002138346148149146,
stable_compact_current,w01,2026-01-20,2026-01-21,2026-01-27,301200,0.02857142857142857,0.9018036072144289,0.3101524730383043,0.008861499229665837,
stable_extra_wide_capacity,w01,2026-01-20,2026-01-21,2026-01-27,300346,0.06451612903225806,0.9960921843687375,-0.08180513474724926,-0.0052777506288547915,
stable_extra_wide_capacity,w01,2026-01-20,2026-01-21,2026-01-27,300567,0.06236559139784946,0.9947394789579158,0.03272097053726175,0.002040662678667937,
stable_extra_wide_capacity,w01,2026-01-20,2026-01-21,2026-01-27,002465,0.060215053763440864,0.9785070140280561,-0.015469613259668558,-0.0009315035941305799,
stable_extra_wide_capacity,w01,2026-01-20,2026-01-21,2026-01-27,002195,0.05806451612903226,0.9735971943887776,0.058700209643606005,0.003408399269628736,
stable_extra_wide_capacity,w01,2026-01-20,2026-01-21,2026-01-27,002044,0.05591397849462366,0.9716933867735471,-0.03230148048452208,-0.0018061042851560734,
stable_extra_wide_capacity,w01,2026-01-20,2026-01-21,2026-01-27,301611,0.053763440860215055,0.9638276553106213,-0.07062611806797858,-0.0037971031219343324,
stable_extra_wide_capacity,w01,2026-01-20,2026-01-21,2026-01-27,688778,0.05161290322580645,0.9607715430861723,0.015173016046283072,0.0007831234088404166,
stable_extra_wide_capacity,w01,2026-01-20,2026-01-21,2026-01-27,603920,0.04946236559139785,0.9539579158316633,0.15326123690435955,0.007580663330753268,
stable_extra_wide_capacity,w01,2026-01-20,2026-01-21,2026-01-27,002025,0.047311827956989246,0.9525300601202404,-0.00394885295223768,-0.0001868274515037182,
stable_extra_wide_capacity,w01,2026-01-20,2026-01-21,2026-01-27,688183,0.04516129032258064,0.9512525050100201,0.026884089907448283,0.001214120189368632,
stable_extra_wide_capacity,w01,2026-01-20,2026-01-21,2026-01-27,000987,0.043010752688172046,0.9472945891783566,0.019961977186311763,0.0008585796639273877,
stable_extra_wide_capacity,w01,2026-01-20,2026-01-21,2026-01-27,600435,0.04086021505376344,0.9458667334669338,0.00287356321839094,0.00011741441107403841,
stable_extra_wide_capacity,w01,2026-01-20,2026-01-21,2026-01-27,300037,0.03870967741935484,0.9447394789579158,-0.013157894736842035,-0.000509337860780982,
stable_extra_wide_capacity,w01,2026-01-20,2026-01-21,2026-01-27,002851,0.03655913978494624,0.9407815631262526,0.24888888888888872,0.009099163679808835,
stable_extra_wide_capacity,w01,2026-01-20,2026-01-21,2026-01-27,600637,0.034408602150537634,0.9395290581162324,0.0016949152542371504,5.8319664661923456e-05,
stable_extra_wide_capacity,w01,2026-01-20,2026-01-21,2026-01-27,300450,0.03225806451612903,0.9392284569138276,0.05995494714954086,0.0019340305532109955,
stable_extra_wide_capacity,w01,2026-01-20,2026-01-21,2026-01-27,000878,0.030107526881720432,0.9378757515030061,0.12211981566820285,0.003676725633021161,
stable_extra_wide_capacity,w01,2026-01-20,2026-01-21,2026-01-27,300432,0.02795698924731183,0.9361723446893788,-0.05492227979274622,-0.001535461585603658,
stable_extra_wide_capacity,w01,2026-01-20,2026-01-21,2026-01-27,600498,0.025806451612903226,0.9361723446893787,0.07580253574318863,0.0019561944707919645,
stable_extra_wide_capacity,w01,2026-01-20,2026-01-21,2026-01-27,002335,0.023655913978494623,0.9295090180360721,0.08352706741946192,0.001975909121750712,
stable_extra_wide_capacity,w01,2026-01-20,2026-01-21,2026-01-27,688281,0.021505376344086023,0.9251503006012023,0.07722567287784687,0.0016607671586633737,
stable_extra_wide_capacity,w01,2026-01-20,2026-01-21,2026-01-27,300919,0.01935483870967742,0.9243486973947896,0.06001132289111144,0.0011615094753118344,
stable_extra_wide_capacity,w01,2026-01-20,2026-01-21,2026-01-27,300857,0.017204301075268817,0.9222945891783567,0.23787134002992105,0.004092410151052405,
stable_extra_wide_capacity,w01,2026-01-20,2026-01-21,2026-01-27,002409,0.015053763440860216,0.9219939879759519,-0.04771656768380095,-0.0007183139221217347,
stable_extra_wide_capacity,w01,2026-01-20,2026-01-21,2026-01-27,000021,0.012903225806451613,0.9214428857715431,-0.0384248967926325,-0.0004958051199049355,
stable_extra_wide_capacity,w01,2026-01-20,2026-01-21,2026-01-27,002156,0.010752688172043012,0.9194388777555109,0.043912958243481626,0.00047218234670410355,
stable_extra_wide_capacity,w01,2026-01-20,2026-01-21,2026-01-27,688318,0.008602150537634409,0.9172845691382766,-0.03054016620498612,-0.0002627111071396655,
stable_extra_wide_capacity,w01,2026-01-20,2026-01-21,2026-01-27,605358,0.0064516129032258064,0.9159068136272546,0.062209842154131945,0.0004013538203492384,
stable_extra_wide_capacity,w01,2026-01-20,2026-01-21,2026-01-27,688027,0.004301075268817204,0.9154809619238476,0.005084459459459456,2.1868642836384758e-05,
stable_extra_wide_capacity,w01,2026-01-20,2026-01-21,2026-01-27,688615,0.002150537634408602,0.9149799599198397,-0.00043044932287006343,-9.256974685377709e-07,
stable_medium_capacity,w01,2026-01-20,2026-01-21,2026-01-27,300567,0.039999999999999994,0.9982464929859719,0.03272097053726175,0.00130883882149047,
stable_medium_capacity,w01,2026-01-20,2026-01-21,2026-01-27,688676,0.039999999999999994,0.9660821643286572,-0.04342273307790545,-0.0017369093231162178,
stable_medium_capacity,w01,2026-01-20,2026-01-21,2026-01-27,000878,0.039999999999999994,0.9411823647294588,0.12211981566820285,0.004884792626728113,
stable_medium_capacity,w01,2026-01-20,2026-01-21,2026-01-27,301200,0.039999999999999994,0.9417084168336672,0.3101524730383043,0.012406098921532169,
stable_medium_capacity,w01,2026-01-20,2026-01-21,2026-01-27,300285,0.039999999999999994,0.9478456913827654,0.060975609756097615,0.002439024390243904,
stable_medium_capacity,w01,2026-01-20,2026-01-21,2026-01-27,688318,0.039999999999999994,0.9523046092184368,-0.03054016620498612,-0.0012216066481994445,
stable_medium_capacity,w01,2026-01-20,2026-01-21,2026-01-27,688037,0.039999999999999994,0.9910320641282565,0.02594470046082953,0.001037788018433181,
stable_medium_capacity,w01,2026-01-20,2026-01-21,2026-01-27,601106,0.039999999999999994,0.9550100200400802,0.11895161290322576,0.0047580645161290295,
stable_medium_capacity,w01,2026-01-20,2026-01-21,2026-01-27,300037,0.039999999999999994,0.9584168336673345,-0.013157894736842035,-0.0005263157894736813,
stable_medium_capacity,w01,2026-01-20,2026-01-21,2026-01-27,688709,0.039999999999999994,0.9649799599198396,0.009630503144653968,0.00038522012578615864,
stable_medium_capacity,w01,2026-01-20,2026-01-21,2026-01-27,002202,0.039999999999999994,0.9547094188376753,0.09708365310821176,0.00388334612432847,
stable_medium_capacity,w01,2026-01-20,2026-01-21,2026-01-27,002008,0.039999999999999994,0.9661322645290581,0.1457394290620304,0.005829577162481216,
stable_medium_capacity,w01,2026-01-20,2026-01-21,2026-01-27,688778,0.039999999999999994,0.9661823647294588,0.015173016046283072,0.0006069206418513228,
stable_medium_capacity,w01,2026-01-20,2026-01-21,2026-01-27,601212,0.039999999999999994,0.9678356713426852,0.6110397946084725,0.024441591784338895,
stable_medium_capacity,w01,2026-01-20,2026-01-21,2026-01-27,688375,0.039999999999999994,0.9708416833667334,0.03467297084318366,0.001386918833727346,
stable_medium_capacity,w01,2026-01-20,2026-01-21,2026-01-27,002851,0.039999999999999994,0.9711422845691382,0.24888888888888872,0.009955555555555547,
stable_medium_capacity,w01,2026-01-20,2026-01-21,2026-01-27,000830,0.039999999999999994,0.9722444889779558,-0.05110220440881763,-0.002044088176352705,
stable_medium_capacity,w01,2026-01-20,2026-01-21,2026-01-27,002335,0.039999999999999994,0.9749498997995991,0.08352706741946192,0.0033410826967784765,
stable_medium_capacity,w01,2026-01-20,2026-01-21,2026-01-27,600498,0.039999999999999994,0.9849198396793586,0.07580253574318863,0.0030321014297275445,
stable_medium_capacity,w01,2026-01-20,2026-01-21,2026-01-27,688387,0.039999999999999994,0.9886773547094188,0.016599885518031154,0.000663995420721246,
stable_medium_capacity,w01,2026-01-20,2026-01-21,2026-01-27,688385,0.03636363636363643,0.93937875751503,0.042476332835077235,0.0015445939212755386,
stable_medium_capacity,w01,2026-01-20,2026-01-21,2026-01-27,600141,0.03272727272727277,0.9352955911823647,0.03359110681488642,0.0010993453139417388,
stable_medium_capacity,w01,2026-01-20,2026-01-21,2026-01-27,300223,0.029090909090909126,0.9289579158316632,0.08867187499999996,0.0025795454545454563,
stable_medium_capacity,w01,2026-01-20,2026-01-21,2026-01-27,688122,0.025454545454545487,0.9284819639278555,0.04780048493245581,0.001216739616462513,
stable_medium_capacity,w01,2026-01-20,2026-01-21,2026-01-27,002064,0.021818181818181834,0.9269038076152305,-0.05526512322628829,-0.001205784506755382,
stable_medium_capacity,w01,2026-01-20,2026-01-21,2026-01-27,300432,0.018181818181818216,0.9187374749498998,-0.05492227979274622,-0.0009985869053226605,
stable_medium_capacity,w01,2026-01-20,2026-01-21,2026-01-27,688018,0.014545454545454563,0.917309619238477,0.006005147269087852,8.734759664127794e-05,
stable_medium_capacity,w01,2026-01-20,2026-01-21,2026-01-27,002436,0.010909090909090917,0.9162324649298597,0.05617021276595735,0.0006127659574468079,
stable_medium_capacity,w01,2026-01-20,2026-01-21,2026-01-27,300450,0.007272727272727281,0.9144789579158317,0.05995494714954086,0.0004360359792693886,
stable_medium_capacity,w01,2026-01-20,2026-01-21,2026-01-27,000155,0.0036363636363636407,0.9140280561122244,0.0728424386381632,0.0002648815950478665,
balanced_extra_wide_capacity,w02,2026-01-27,2026-01-28,2026-02-03,688777,0.06451612903225806,0.994188376753507,0.0800657431321905,0.005165531814980032,
balanced_extra_wide_capacity,w02,2026-01-27,2026-01-28,2026-02-03,000155,0.06236559139784946,0.9640531062124249,-0.07011070110701112,-0.004372495337856607,
balanced_extra_wide_capacity,w02,2026-01-27,2026-01-28,2026-02-03,002281,0.060215053763440864,0.9640531062124249,-0.0033351862145635236,-0.00020082841722102938,
balanced_extra_wide_capacity,w02,2026-01-27,2026-01-28,2026-02-03,300037,0.05806451612903226,0.9640531062124249,-0.07166666666666666,-0.004161290322580645,
balanced_extra_wide_capacity,w02,2026-01-27,2026-01-28,2026-02-03,300432,0.05591397849462366,0.9640531062124249,-0.06578947368421051,-0.0036785512167515555,
balanced_extra_wide_capacity,w02,2026-01-27,2026-01-28,2026-02-03,300450,0.053763440860215055,0.9640531062124249,-0.020434853686447596,-0.001098648047658473,
balanced_extra_wide_capacity,w02,2026-01-27,2026-01-28,2026-02-03,300454,0.05161290322580645,0.9640531062124249,-0.16990425590790847,-0.008769251917827535,
balanced_extra_wide_capacity,w02,2026-01-27,2026-01-28,2026-02-03,300604,0.04946236559139785,0.9640531062124249,-0.014423076923076872,-0.0007133995037220818,
balanced_extra_wide_capacity,w02,2026-01-27,2026-01-28,2026-02-03,300627,0.047311827956989246,0.9640531062124249,-0.046894487403342566,-0.002218663920158143,
balanced_extra_wide_capacity,w02,2026-01-27,2026-01-28,2026-02-03,300857,0.04516129032258064,0.9640531062124249,-0.1052313535911602,-0.004752383710568525,
balanced_extra_wide_capacity,w02,2026-01-27,2026-01-28,2026-02-03,300919,0.043010752688172046,0.9640531062124249,-0.05786006765177143,-0.0024886050602912443,
balanced_extra_wide_capacity,w02,2026-01-27,2026-01-28,2026-02-03,301358,0.04086021505376344,0.9640531062124249,-0.021874999999999978,-0.0008938172043010744,
balanced_extra_wide_capacity,w02,2026-01-27,2026-01-28,2026-02-03,601611,0.03870967741935484,0.9640531062124249,-0.02156500308071474,-0.000834774312801861,
balanced_extra_wide_capacity,w02,2026-01-27,2026-01-28,2026-02-03,605358,0.03655913978494624,0.9640531062124249,-0.10620629370629375,-0.0038828107376494493,
balanced_extra_wide_capacity,w02,2026-01-27,2026-01-28,2026-02-03,688122,0.034408602150537634,0.9640531062124249,-0.06567493112947653,-0.002259782576498117,
balanced_extra_wide_capacity,w02,2026-01-27,2026-01-28,2026-02-03,688281,0.03225806451612903,0.9640531062124249,-0.04372477416874876,-0.0014104765860886697,
balanced_extra_wide_capacity,w02,2026-01-27,2026-01-28,2026-02-03,688385,0.030107526881720432,0.9640531062124249,-0.04707850400286773,-0.001417417324817523,
balanced_extra_wide_capacity,w02,2026-01-27,2026-01-28,2026-02-03,688709,0.02795698924731183,0.9640531062124249,-0.042826552462526646,-0.0011973014666942935,
balanced_extra_wide_capacity,w02,2026-01-27,2026-01-28,2026-02-03,688778,0.025806451612903226,0.9640531062124249,-0.0841935483870968,-0.0021727367325702403,
balanced_extra_wide_capacity,w02,2026-01-27,2026-01-28,2026-02-03,000657,0.023655913978494623,0.9574899799599199,-0.06872648049118635,-0.0016257877105441932,
balanced_extra_wide_capacity,w02,2026-01-27,2026-01-28,2026-02-03,300751,0.021505376344086023,0.9574899799599199,-0.07586206896551728,-0.0016314423433444578,
balanced_extra_wide_capacity,w02,2026-01-27,2026-01-28,2026-02-03,688220,0.01935483870967742,0.9480711422845691,-0.11060850834679592,-0.0021408098389702436,
balanced_extra_wide_capacity,w02,2026-01-27,2026-01-28,2026-02-03,688608,0.017204301075268817,0.9480711422845691,-0.12710775987073786,-0.0021868001698191458,
balanced_extra_wide_capacity,w02,2026-01-27,2026-01-28,2026-02-03,601399,0.015053763440860216,0.9408066132264529,-0.024482109227871973,-0.00036854788084968567,
balanced_extra_wide_capacity,w02,2026-01-27,2026-01-28,2026-02-03,688676,0.012903225806451613,0.9408066132264529,0.008524186094279518,0.00010998949799070345,
balanced_extra_wide_capacity,w02,2026-01-27,2026-01-28,2026-02-03,300207,0.010752688172043012,0.9379008016032064,-0.04580777096114519,-0.0004925566770015613,
balanced_extra_wide_capacity,w02,2026-01-27,2026-01-28,2026-02-03,600363,0.008602150537634409,0.9379008016032064,-0.0663716814159292,-0.000570939194975735,
balanced_extra_wide_capacity,w02,2026-01-27,2026-01-28,2026-02-03,002195,0.0064516129032258064,0.9335420841683366,0.02079207920792081,0.00013414244650271492,
balanced_extra_wide_capacity,w02,2026-01-27,2026-01-28,2026-02-03,300285,0.004301075268817204,0.9335420841683366,-0.0626134301270419,-0.000269305075815234,
balanced_extra_wide_capacity,w02,2026-01-27,2026-01-28,2026-02-03,300496,0.002150537634408602,0.9335420841683366,-0.07861476238624876,-0.00016906400513171777,
balanced_medium_current,w02,2026-01-27,2026-01-28,2026-02-03,300857,0.016666666666666666,0.9953907815631262,-0.1052313535911602,-0.0017538558931860034,
balanced_medium_current,w02,2026-01-27,2026-01-28,2026-02-03,300454,0.016666666666666666,0.9945891783567133,-0.16990425590790847,-0.002831737598465141,
balanced_medium_current,w02,2026-01-27,2026-01-28,2026-02-03,000155,0.016666666666666666,0.9177855711422847,-0.07011070110701112,-0.001168511685116852,
balanced_medium_current,w02,2026-01-27,2026-01-28,2026-02-03,688347,0.016666666666666666,0.9167334669338678,-0.09046009877826866,-0.0015076683129711444,
balanced_medium_current,w02,2026-01-27,2026-01-28,2026-02-03,301358,0.016666666666666666,0.9152304609218437,-0.021874999999999978,-0.00036458333333333297,
balanced_medium_current,w02,2026-01-27,2026-01-28,2026-02-03,002156,0.016666666666666666,0.9071142284569138,-0.044319248826291124,-0.0007386541471048521,
balanced_medium_current,w02,2026-01-27,2026-01-28,2026-02-03,688019,0.016666666666666666,0.9068136272545091,-0.0992508728517677,-0.0016541812141961283,
balanced_medium_current,w02,2026-01-27,2026-01-28,2026-02-03,300432,0.016666666666666666,0.9066132264529059,-0.06578947368421051,-0.0010964912280701752,
balanced_medium_current,w02,2026-01-27,2026-01-28,2026-02-03,688709,0.016666666666666666,0.9064629258517034,-0.042826552462526646,-0.000713775874375444,
balanced_medium_current,w02,2026-01-27,2026-01-28,2026-02-03,688599,0.016666666666666666,0.9027054108216432,-0.02170767004341534,-0.000361794500723589,
balanced_medium_current,w02,2026-01-27,2026-01-28,2026-02-03,002008,0.016666666666666666,0.9016032064128257,-0.05545147995503941,-0.0009241913325839901,
balanced_medium_current,w02,2026-01-27,2026-01-28,2026-02-03,300037,0.016666666666666666,0.9006012024048097,-0.07166666666666666,-0.0011944444444444442,
balanced_medium_current,w02,2026-01-27,2026-01-28,2026-02-03,300223,0.016666666666666666,0.9006012024048096,-0.04033010405453896,-0.0006721684009089827,
balanced_medium_current,w02,2026-01-27,2026-01-28,2026-02-03,600435,0.016666666666666666,0.8999999999999999,-0.044699140401145976,-0.0007449856733524329,
balanced_medium_current,w02,2026-01-27,2026-01-28,2026-02-03,300627,0.016666666666666666,0.8985971943887775,-0.046894487403342566,-0.0007815747900557094,
balanced_medium_current,w02,2026-01-27,2026-01-28,2026-02-03,300450,0.016666666666666666,0.8975951903807615,-0.020434853686447596,-0.0003405808947741266,
balanced_medium_current,w02,2026-01-27,2026-01-28,2026-02-03,600673,0.016666666666666666,0.8972444889779558,0.0003436426116838476,5.7273768613974594e-06,
balanced_medium_current,w02,2026-01-27,2026-01-28,2026-02-03,601399,0.016666666666666666,0.8964929859719439,-0.024482109227871973,-0.0004080351537978662,
balanced_medium_current,w02,2026-01-27,2026-01-28,2026-02-03,688336,0.016666666666666666,0.8961923847695391,-0.0683141822760901,-0.0011385697046015016,
balanced_medium_current,w02,2026-01-27,2026-01-28,2026-02-03,300496,0.016666666666666666,0.8950901803607214,-0.07861476238624876,-0.0013102460397708127,
balanced_medium_current,w02,2026-01-27,2026-01-28,2026-02-03,002335,0.016666666666666666,0.8919839679358718,-0.05256704980842908,-0.0008761174968071513,
balanced_medium_current,w02,2026-01-27,2026-01-28,2026-02-03,001389,0.016666666666666666,0.8904809619238476,0.017749244712990997,0.0002958207452165166,
balanced_medium_current,w02,2026-01-27,2026-01-28,2026-02-03,002153,0.016666666666666666,0.8900801603206412,0.0014981273408238849,2.4968789013731414e-05,
balanced_medium_current,w02,2026-01-27,2026-01-28,2026-02-03,002409,0.016666666666666666,0.8869739478957916,-0.02043010752688179,-0.00034050179211469653,
balanced_medium_current,w02,2026-01-27,2026-01-28,2026-02-03,002756,0.016666666666666666,0.8868236472945892,-0.11530094271211022,-0.0019216823785351703,
balanced_medium_current,w02,2026-01-27,2026-01-28,2026-02-03,688676,0.016666666666666666,0.8850701402805611,0.008524186094279518,0.00014206976823799195,
balanced_medium_current,w02,2026-01-27,2026-01-28,2026-02-03,600487,0.016666666666666666,0.8835671342685371,0.13873195229127444,0.002312199204854574,
balanced_medium_current,w02,2026-01-27,2026-01-28,2026-02-03,688563,0.016666666666666666,0.8825651302605211,-0.025947561472626002,-0.0004324593578771,
balanced_medium_current,w02,2026-01-27,2026-01-28,2026-02-03,601106,0.016666666666666666,0.8766533066132265,-0.05585585585585584,-0.0009309309309309307,
balanced_medium_current,w02,2026-01-27,2026-01-28,2026-02-03,002429,0.016666666666666666,0.9195390781563126,-0.10599078341013823,-0.0017665130568356373,
balanced_medium_current,w02,2026-01-27,2026-01-28,2026-02-03,688778,0.016666666666666666,0.9198897795591182,-0.0841935483870968,-0.0014032258064516135,
balanced_medium_current,w02,2026-01-27,2026-01-28,2026-02-03,688385,0.016666666666666666,0.9307615230460922,-0.04707850400286773,-0.0007846417333811288,
balanced_medium_current,w02,2026-01-27,2026-01-28,2026-02-03,601179,0.016666666666666666,0.956813627254509,0.02404158544509416,0.0004006930907515693,
balanced_medium_current,w02,2026-01-27,2026-01-28,2026-02-03,002195,0.016666666666666666,0.991683366733467,0.02079207920792081,0.00034653465346534684,
balanced_medium_current,w02,2026-01-27,2026-01-28,2026-02-03,688702,0.016666666666666666,0.9907815631262524,-0.10514981849504712,-0.001752496974917452,
balanced_medium_current,w02,2026-01-27,2026-01-28,2026-02-03,603920,0.016666666666666666,0.9871743486973947,0.02652014652014656,0.00044200244200244266,
balanced_medium_current,w02,2026-01-27,2026-01-28,2026-02-03,003031,0.016666666666666666,0.9861723446893788,-0.07618822974407369,-0.0012698038290678948,
balanced_medium_current,w02,2026-01-27,2026-01-28,2026-02-03,688037,0.016666666666666666,0.9856713426853707,-0.11966042312356817,-0.001994340385392803,
balanced_medium_current,w02,2026-01-27,2026-01-28,2026-02-03,688568,0.016666666666666666,0.9741482965931862,-0.06330954269098588,-0.0010551590448497645,
balanced_medium_current,w02,2026-01-27,2026-01-28,2026-02-03,688525,0.016666666666666666,0.9735470941883767,-0.06537842190016108,-0.0010896403650026846,
balanced_medium_current,w02,2026-01-27,2026-01-28,2026-02-03,000738,0.016666666666666666,0.9675350701402805,-0.017850360805165222,-0.00029750601341942037,
balanced_medium_current,w02,2026-01-27,2026-01-28,2026-02-03,601611,0.016666666666666666,0.9664328657314629,-0.02156500308071474,-0.00035941671801191234,
balanced_medium_current,w02,2026-01-27,2026-01-28,2026-02-03,688172,0.016666666666666666,0.9652304609218437,0.06304948505400643,0.0010508247509001072,
balanced_medium_current,w02,2026-01-27,2026-01-28,2026-02-03,300567,0.016666666666666666,0.9607214428857715,-0.13747734443176474,-0.0022912890738627455,
balanced_medium_current,w02,2026-01-27,2026-01-28,2026-02-03,688375,0.016666666666666666,0.9604208416833667,-0.028179741051028273,-0.0004696623508504712,
balanced_medium_current,w02,2026-01-27,2026-01-28,2026-02-03,300285,0.016666666666666666,0.9537575150300601,-0.0626134301270419,-0.0010435571687840318,
balanced_medium_current,w02,2026-01-27,2026-01-28,2026-02-03,002281,0.016666666666666666,0.9324148296593187,-0.0033351862145635236,-5.558643690939206e-05,
balanced_medium_current,w02,2026-01-27,2026-01-28,2026-02-03,300919,0.016666666666666666,0.9511022044088177,-0.05786006765177143,-0.0009643344608628572,
balanced_medium_current,w02,2026-01-27,2026-01-28,2026-02-03,301200,0.016666666666666666,0.947995991983968,-0.09469202384331543,-0.0015782003973885904,
balanced_medium_current,w02,2026-01-27,2026-01-28,2026-02-03,688027,0.016666666666666666,0.9475951903807616,0.10446883245659722,0.0017411472076099535,
balanced_medium_current,w02,2026-01-27,2026-01-28,2026-02-03,300757,0.016666666666666666,0.945190380761523,0.21534632220410277,0.0035891053700683796,
balanced_medium_current,w02,2026-01-27,2026-01-28,2026-02-03,688281,0.016666666666666666,0.944689378757515,-0.04372477416874876,-0.0007287462361458126,
balanced_medium_current,w02,2026-01-27,2026-01-28,2026-02-03,002465,0.016666666666666666,0.9445891783567135,0.0028058361391694042,4.67639356528234e-05,
balanced_medium_current,w02,2026-01-27,2026-01-28,2026-02-03,688122,0.016666666666666666,0.9439879759519038,-0.06567493112947653,-0.0010945821854912755,
balanced_medium_current,w02,2026-01-27,2026-01-28,2026-02-03,688615,0.016666666666666666,0.9409819639278558,-0.11123625281568827,-0.001853937546928138,
balanced_medium_current,w02,2026-01-27,2026-01-28,2026-02-03,600498,0.016666666666666666,0.9403807615230461,0.06268806419257777,0.0010448010698762963,
balanced_medium_current,w02,2026-01-27,2026-01-28,2026-02-03,300724,0.016666666666666666,0.9387775551102204,0.043735829737438836,0.0007289304956239806,
balanced_medium_current,w02,2026-01-27,2026-01-28,2026-02-03,002185,0.016666666666666666,0.9366733466933868,0.004092769440654953,6.821282401091589e-05,
balanced_medium_current,w02,2026-01-27,2026-01-28,2026-02-03,605358,0.016666666666666666,0.9328657314629258,-0.10620629370629375,-0.0017701048951048958,
balanced_medium_current,w02,2026-01-27,2026-01-28,2026-02-03,688183,0.016666666666666666,0.87625250501002,-0.07103004291845494,-0.0011838340486409157,
economic_medium_capacity,w02,2026-01-27,2026-01-28,2026-02-03,688568,0.05000000000000002,0.9758016032064128,-0.06330954269098588,-0.0031654771345492948,
economic_medium_capacity,w02,2026-01-27,2026-01-28,2026-02-03,688387,0.05000000000000002,0.973246492985972,0.02421171171171177,0.0012105855855855888,
economic_medium_capacity,w02,2026-01-27,2026-01-28,2026-02-03,300567,0.05000000000000002,0.9715430861723446,-0.13747734443176474,-0.006873867221588239,
economic_medium_capacity,w02,2026-01-27,2026-01-28,2026-02-03,688375,0.05000000000000002,0.970691382765531,-0.028179741051028273,-0.0014089870525514142,
economic_medium_capacity,w02,2026-01-27,2026-01-28,2026-02-03,601106,0.05000000000000002,0.9647294589178357,-0.05585585585585584,-0.002792792792792793,
economic_medium_capacity,w02,2026-01-27,2026-01-28,2026-02-03,688336,0.05000000000000002,0.9642284569138276,-0.0683141822760901,-0.003415709113804506,
economic_medium_capacity,w02,2026-01-27,2026-01-28,2026-02-03,300454,0.05000000000000002,0.9638777555110221,-0.16990425590790847,-0.008495212795395427,
economic_medium_capacity,w02,2026-01-27,2026-01-28,2026-02-03,002195,0.05000000000000002,0.9528056112224449,0.02079207920792081,0.001039603960396041,
economic_medium_capacity,w02,2026-01-27,2026-01-28,2026-02-03,300857,0.05000000000000002,0.9524799599198397,-0.1052313535911602,-0.005261567679558012,
economic_medium_capacity,w02,2026-01-27,2026-01-28,2026-02-03,688172,0.05000000000000002,0.950250501002004,0.06304948505400643,0.003152474252700322,
economic_medium_capacity,w02,2026-01-27,2026-01-28,2026-02-03,603920,0.047619047619047644,0.9493987975951904,0.02652014652014656,0.0012628641200069797,
economic_medium_capacity,w02,2026-01-27,2026-01-28,2026-02-03,300919,0.04523809523809524,0.9485470941883768,-0.05786006765177143,-0.0026174792509134695,
economic_medium_capacity,w02,2026-01-27,2026-01-28,2026-02-03,300751,0.04285714285714283,0.9468436873747496,-0.07586206896551728,-0.0032512315270935956,
economic_medium_capacity,w02,2026-01-27,2026-01-28,2026-02-03,688281,0.04047619047619047,0.9459919839679359,-0.04372477416874876,-0.0017698122877826876,
economic_medium_capacity,w02,2026-01-27,2026-01-28,2026-02-03,003031,0.038095238095238106,0.944814629258517,-0.07618822974407369,-0.002902408752155189,
economic_medium_capacity,w02,2026-01-27,2026-01-28,2026-02-03,688347,0.03571428571428571,0.9442885771543086,-0.09046009877826866,-0.003230717813509595,
economic_medium_capacity,w02,2026-01-27,2026-01-28,2026-02-03,001389,0.03333333333333334,0.9357715430861724,0.017749244712990997,0.0005916414904330333,
economic_medium_capacity,w02,2026-01-27,2026-01-28,2026-02-03,301200,0.03095238095238096,0.9332164328657315,-0.09469202384331543,-0.0029309435951502404,
economic_medium_capacity,w02,2026-01-27,2026-01-28,2026-02-03,600602,0.028571428571428574,0.9090430861723446,-0.02390617952187646,-0.0006830337006250417,
economic_medium_capacity,w02,2026-01-27,2026-01-28,2026-02-03,601179,0.026190476190476195,0.9042585170340682,0.02404158544509416,0.0006296605711810377,
economic_medium_capacity,w02,2026-01-27,2026-01-28,2026-02-03,000960,0.023809523809523822,0.902555110220441,-0.18409193330328977,-0.004383141269125949,
economic_medium_capacity,w02,2026-01-27,2026-01-28,2026-02-03,000426,0.021428571428571415,0.9008517034068136,-0.1817748091603053,-0.0038951744820065397,
economic_medium_capacity,w02,2026-01-27,2026-01-28,2026-02-03,688702,0.019047619047619053,0.8911573146292585,-0.10514981849504712,-0.0020028536856199456,
economic_medium_capacity,w02,2026-01-27,2026-01-28,2026-02-03,600498,0.01666666666666667,0.8676352705410821,0.06268806419257777,0.0010448010698762965,
economic_medium_capacity,w02,2026-01-27,2026-01-28,2026-02-03,002185,0.014285714285714287,0.8630511022044088,0.004092769440654953,5.846813486649933e-05,
economic_medium_capacity,w02,2026-01-27,2026-01-28,2026-02-03,603179,0.011904761904761911,0.8395290581162325,-0.0612200905367537,-0.0007288106016280206,
economic_medium_capacity,w02,2026-01-27,2026-01-28,2026-02-03,601567,0.009523809523809526,0.831312625250501,-0.02741935483870972,-0.00026113671274961646,
economic_medium_capacity,w02,2026-01-27,2026-01-28,2026-02-03,002157,0.0071428571428571435,0.8108717434869739,-0.033232628398791486,-0.0002373759171342249,
economic_medium_capacity,w02,2026-01-27,2026-01-28,2026-02-03,002044,0.004761904761904763,0.8075901803607215,-0.0013908205841447474,-6.6229551625940375e-06,
economic_medium_capacity,w02,2026-01-27,2026-01-28,2026-02-03,002607,0.0023809523809523816,0.8074649298597194,-0.033557046979865834,-7.989773090444249e-05,
recent_compact_capacity,w02,2026-01-27,2026-01-28,2026-02-03,688702,0.045,1.0,-0.10514981849504712,-0.00473174183227712,
recent_compact_capacity,w02,2026-01-27,2026-01-28,2026-02-03,003031,0.045,0.9979458917835671,-0.07618822974407369,-0.003428470338483316,
recent_compact_capacity,w02,2026-01-27,2026-01-28,2026-02-03,000738,0.045,0.9938877755511021,-0.017850360805165222,-0.0008032662362324349,
recent_compact_capacity,w02,2026-01-27,2026-01-28,2026-02-03,002429,0.045,0.9920090180360721,-0.10599078341013823,-0.00476958525345622,
recent_compact_capacity,w02,2026-01-27,2026-01-28,2026-02-03,688336,0.045,0.9917585170340681,-0.0683141822760901,-0.003074138202424054,
recent_compact_capacity,w02,2026-01-27,2026-01-28,2026-02-03,300857,0.045,0.9900551102204408,-0.1052313535911602,-0.004735410911602209,
recent_compact_capacity,w02,2026-01-27,2026-01-28,2026-02-03,688037,0.045,0.9867234468937875,-0.11966042312356817,-0.0053847190405605675,
recent_compact_capacity,w02,2026-01-27,2026-01-28,2026-02-03,688469,0.045,0.984318637274549,-0.11418269230769229,-0.005138221153846153,
recent_compact_capacity,w02,2026-01-27,2026-01-28,2026-02-03,600602,0.045,0.9819889779559118,-0.02390617952187646,-0.0010757780784844406,
recent_compact_capacity,w02,2026-01-27,2026-01-28,2026-02-03,688017,0.045,0.9779058116232464,0.01805429864253405,0.0008124434389140322,
recent_compact_capacity,w02,2026-01-27,2026-01-28,2026-02-03,300454,0.045,0.9740981963927855,-0.16990425590790847,-0.007645691515855881,
recent_compact_capacity,w02,2026-01-27,2026-01-28,2026-02-03,002851,0.045,0.9733967935871742,-0.04456134921862909,-0.002005260714838309,
recent_compact_capacity,w02,2026-01-27,2026-01-28,2026-02-03,688002,0.045,0.9705410821643286,-0.06864337936636866,-0.0030889520714865895,
recent_compact_capacity,w02,2026-01-27,2026-01-28,2026-02-03,688281,0.045,0.9705410821643286,-0.04372477416874876,-0.001967614837593694,
recent_compact_capacity,w02,2026-01-27,2026-01-28,2026-02-03,301200,0.04352941176470591,0.9664328657314629,-0.09469202384331543,-0.004121888096709027,
recent_compact_capacity,w02,2026-01-27,2026-01-28,2026-02-03,000960,0.040808823529411745,0.9640280561122244,-0.18409193330328977,-0.007512575219362189,
recent_compact_capacity,w02,2026-01-27,2026-01-28,2026-02-03,001389,0.038088235294117645,0.963502004008016,0.017749244712990997,0.0006760374089212747,
recent_compact_capacity,w02,2026-01-27,2026-01-28,2026-02-03,300724,0.03536764705882354,0.9632264529058115,0.043735829737438836,0.0015468333899785356,
recent_compact_capacity,w02,2026-01-27,2026-01-28,2026-02-03,688777,0.032647058823529425,0.9586172344689379,0.0800657431321905,0.0026139110257862204,
recent_compact_capacity,w02,2026-01-27,2026-01-28,2026-02-03,300054,0.029926470588235287,0.9569889779559118,-0.06521274321146042,-0.0019515872416959108,
recent_compact_capacity,w02,2026-01-27,2026-01-28,2026-02-03,300285,0.027205882352941184,0.9569889779559118,-0.0626134301270419,-0.0017034536137504053,
recent_compact_capacity,w02,2026-01-27,2026-01-28,2026-02-03,002335,0.02448529411764706,0.9561372745490981,-0.05256704980842908,-0.0012871196754563885,
recent_compact_capacity,w02,2026-01-27,2026-01-28,2026-02-03,300223,0.021764705882352953,0.9551102204408818,-0.04033010405453896,-0.0008777728529517308,
recent_compact_capacity,w02,2026-01-27,2026-01-28,2026-02-03,688172,0.019044117647058822,0.9551102204408818,0.06304948505400643,0.0012007218109549753,
recent_compact_capacity,w02,2026-01-27,2026-01-28,2026-02-03,301358,0.016323529411764712,0.9502755511022043,-0.021874999999999978,-0.00035707720588235275,
recent_compact_capacity,w02,2026-01-27,2026-01-28,2026-02-03,002153,0.013602941176470592,0.9485470941883767,0.0014981273408238849,2.0378938092089615e-05,
recent_compact_capacity,w02,2026-01-27,2026-01-28,2026-02-03,002195,0.010882352941176477,0.944939879759519,0.02079207920792081,0.0002262667443214913,
recent_compact_capacity,w02,2026-01-27,2026-01-28,2026-02-03,002044,0.008161764705882356,0.944689378757515,-0.0013908205841447474,-1.1351550355887281e-05,
recent_compact_capacity,w02,2026-01-27,2026-01-28,2026-02-03,600699,0.005441176470588238,0.9405060120240482,-0.06291611185086554,-0.0003423376674238274,
recent_compact_capacity,w02,2026-01-27,2026-01-28,2026-02-03,600637,0.002720588235294119,0.938627254509018,-0.024534686971235287,-6.674878073056663e-05,
recent_compact_current,w02,2026-01-27,2026-01-28,2026-02-03,688702,0.06451612903225806,0.9984719438877756,-0.10514981849504712,-0.006783859257744975,
recent_compact_current,w02,2026-01-27,2026-01-28,2026-02-03,300454,0.06236559139784946,0.9957164328657315,-0.16990425590790847,-0.01059617940070827,
recent_compact_current,w02,2026-01-27,2026-01-28,2026-02-03,300857,0.060215053763440864,0.9955160320641283,-0.1052313535911602,-0.006336511614091368,
recent_compact_current,w02,2026-01-27,2026-01-28,2026-02-03,600487,0.05806451612903226,0.9840681362725451,0.13873195229127444,0.00805540368142884,
recent_compact_current,w02,2026-01-27,2026-01-28,2026-02-03,603920,0.05591397849462366,0.9811372745490983,0.02652014652014656,0.0014828469022017431,
recent_compact_current,w02,2026-01-27,2026-01-28,2026-02-03,001389,0.053763440860215055,0.9779809619238478,0.017749244712990997,0.0009542604684403762,
recent_compact_current,w02,2026-01-27,2026-01-28,2026-02-03,003031,0.05161290322580645,0.9725450901803607,-0.07618822974407369,-0.003932295728726384,
recent_compact_current,w02,2026-01-27,2026-01-28,2026-02-03,300757,0.04946236559139785,0.9704659318637274,0.21534632220410277,0.010651538517622287,
recent_compact_current,w02,2026-01-27,2026-01-28,2026-02-03,002429,0.047311827956989246,0.9702655310621242,-0.10599078341013823,-0.00501461770972697,
recent_compact_current,w02,2026-01-27,2026-01-28,2026-02-03,688469,0.04516129032258064,0.9690130260521042,-0.11418269230769229,-0.005156637717121587,
recent_compact_current,w02,2026-01-27,2026-01-28,2026-02-03,002465,0.043010752688172046,0.9682364729458917,0.0028058361391694042,0.00012068112426535073,
recent_compact_current,w02,2026-01-27,2026-01-28,2026-02-03,600988,0.04086021505376344,0.9669338677354711,-0.06619718309859157,-0.0027048311373618064,
recent_compact_current,w02,2026-01-27,2026-01-28,2026-02-03,002195,0.03870967741935484,0.966182364729459,0.02079207920792081,0.0008048546790162895,
recent_compact_current,w02,2026-01-27,2026-01-28,2026-02-03,300223,0.03655913978494624,0.9537324649298596,-0.04033010405453896,-0.001474433911671317,
recent_compact_current,w02,2026-01-27,2026-01-28,2026-02-03,002851,0.034408602150537634,0.9531312625250501,-0.04456134921862909,-0.0015332937365549794,
recent_compact_current,w02,2026-01-27,2026-01-28,2026-02-03,300567,0.03225806451612903,0.9528056112224448,-0.13747734443176474,-0.004434753046185959,
recent_compact_current,w02,2026-01-27,2026-01-28,2026-02-03,688563,0.030107526881720432,0.9418837675350701,-0.025947561472626002,-0.0007812169045521807,
recent_compact_current,w02,2026-01-27,2026-01-28,2026-02-03,000738,0.02795698924731183,0.9365230460921844,-0.017850360805165222,-0.0004990423450906406,
recent_compact_current,w02,2026-01-27,2026-01-28,2026-02-03,000060,0.025806451612903226,0.9332164328657314,-0.09358974358974348,-0.0024152191894127348,
recent_compact_current,w02,2026-01-27,2026-01-28,2026-02-03,000878,0.023655913978494623,0.9330410821643286,0.01396303901437368,0.0003303084498023881,
recent_compact_current,w02,2026-01-27,2026-01-28,2026-02-03,002044,0.021505376344086023,0.9305110220440882,-0.0013908205841447474,-2.9910120089134356e-05,
recent_compact_current,w02,2026-01-27,2026-01-28,2026-02-03,601106,0.01935483870967742,0.9253507014028056,-0.05585585585585584,-0.0010810810810810809,
recent_compact_current,w02,2026-01-27,2026-01-28,2026-02-03,001221,0.017204301075268817,0.9166332665330661,-0.03710548763150412,-0.0006383739807570601,
recent_compact_current,w02,2026-01-27,2026-01-28,2026-02-03,002153,0.015053763440860216,0.9113727454909819,0.0014981273408238849,2.255245459304773e-05,
recent_compact_current,w02,2026-01-27,2026-01-28,2026-02-03,688281,0.012903225806451613,0.9113727454909819,-0.04372477416874876,-0.0005641906344354678,
recent_compact_current,w02,2026-01-27,2026-01-28,2026-02-03,600435,0.010752688172043012,0.9109719438877756,-0.044699140401145976,-0.00048063591829189227,
recent_compact_current,w02,2026-01-27,2026-01-28,2026-02-03,600498,0.008602150537634409,0.9068136272545089,0.06268806419257777,0.0005392521650974433,
recent_compact_current,w02,2026-01-27,2026-01-28,2026-02-03,688234,0.0064516129032258064,0.9012024048096192,-0.07102302054299592,-0.00045821303576126397,
recent_compact_current,w02,2026-01-27,2026-01-28,2026-02-03,002335,0.004301075268817204,0.9000751503006013,-0.05256704980842908,-0.00022609483788571646,
recent_compact_current,w02,2026-01-27,2026-01-28,2026-02-03,688172,0.002150537634408602,0.8985721442885772,0.06304948505400643,0.0001355902904387235,
short_aggressive_compact_capacity,w02,2026-01-27,2026-01-28,2026-02-03,688563,0.06451612903225806,0.9973947895791583,-0.025947561472626002,-0.0016740362240403872,
short_aggressive_compact_capacity,w02,2026-01-27,2026-01-28,2026-02-03,300751,0.06236559139784946,0.995190380761523,-0.07586206896551728,-0.004731182795698927,
short_aggressive_compact_capacity,w02,2026-01-27,2026-01-28,2026-02-03,300857,0.060215053763440864,0.9923847695390781,-0.1052313535911602,-0.006336511614091368,
short_aggressive_compact_capacity,w02,2026-01-27,2026-01-28,2026-02-03,300454,0.05806451612903226,0.9911823647294589,-0.16990425590790847,-0.009865408407555976,
short_aggressive_compact_capacity,w02,2026-01-27,2026-01-28,2026-02-03,300757,0.05591397849462366,0.9891783567134267,0.21534632220410277,0.0120408696286165,
short_aggressive_compact_capacity,w02,2026-01-27,2026-01-28,2026-02-03,002465,0.053763440860215055,0.985571142284569,0.0028058361391694042,0.0001508514053316884,
short_aggressive_compact_capacity,w02,2026-01-27,2026-01-28,2026-02-03,001389,0.05161290322580645,0.9723446893787574,0.017749244712990997,0.0009160900497027612,
short_aggressive_compact_capacity,w02,2026-01-27,2026-01-28,2026-02-03,688568,0.04946236559139785,0.9721442885771543,-0.06330954269098588,-0.003131439746005753,
short_aggressive_compact_capacity,w02,2026-01-27,2026-01-28,2026-02-03,688281,0.047311827956989246,0.968937875751503,-0.04372477416874876,-0.002068698992930049,
short_aggressive_compact_capacity,w02,2026-01-27,2026-01-28,2026-02-03,600988,0.04516129032258064,0.9647294589178356,-0.06619718309859157,-0.0029895502044525223,
short_aggressive_compact_capacity,w02,2026-01-27,2026-01-28,2026-02-03,000878,0.043010752688172046,0.9579158316633266,0.01396303901437368,0.0006005608178225239,
short_aggressive_compact_capacity,w02,2026-01-27,2026-01-28,2026-02-03,000060,0.04086021505376344,0.9575150300601201,-0.09358974358974348,-0.0038240970499034974,
short_aggressive_compact_capacity,w02,2026-01-27,2026-01-28,2026-02-03,300724,0.03870967741935484,0.956312625250501,0.043735829737438836,0.001692999860804084,
short_aggressive_compact_capacity,w02,2026-01-27,2026-01-28,2026-02-03,002008,0.03655913978494624,0.951503006012024,-0.05545147995503941,-0.00202725840695843,
short_aggressive_compact_capacity,w02,2026-01-27,2026-01-28,2026-02-03,603920,0.034408602150537634,0.9468937875751502,0.02652014652014656,0.0009125211705856881,
short_aggressive_compact_capacity,w02,2026-01-27,2026-01-28,2026-02-03,002130,0.03225806451612903,0.9396793587174348,-0.15377532228360957,-0.004960494267213212,
short_aggressive_compact_capacity,w02,2026-01-27,2026-01-28,2026-02-03,688709,0.030107526881720432,0.9308617234468938,-0.042826552462526646,-0.0012894015795169313,
short_aggressive_compact_capacity,w02,2026-01-27,2026-01-28,2026-02-03,688027,0.02795698924731183,0.9308617234468937,0.10446883245659722,0.002920634025668309,
short_aggressive_compact_capacity,w02,2026-01-27,2026-01-28,2026-02-03,002153,0.025806451612903226,0.9292585170340681,0.0014981273408238849,3.866135073093896e-05,
short_aggressive_compact_capacity,w02,2026-01-27,2026-01-28,2026-02-03,688387,0.023655913978494623,0.928256513026052,0.02421171171171177,0.0005727501695243644,
short_aggressive_compact_capacity,w02,2026-01-27,2026-01-28,2026-02-03,605358,0.021505376344086023,0.923446893787575,-0.10620629370629375,-0.0022840063162643818,
short_aggressive_compact_capacity,w02,2026-01-27,2026-01-28,2026-02-03,300432,0.01935483870967742,0.9216432865731462,-0.06578947368421051,-0.0012733446519524615,
short_aggressive_compact_capacity,w02,2026-01-27,2026-01-28,2026-02-03,002436,0.017204301075268817,0.9209418837675349,-0.06647864625302169,-0.0011437186452132764,
short_aggressive_compact_capacity,w02,2026-01-27,2026-01-28,2026-02-03,601399,0.015053763440860216,0.920440881763527,-0.024482109227871973,-0.00036854788084968567,
short_aggressive_compact_capacity,w02,2026-01-27,2026-01-28,2026-02-03,601611,0.012903225806451613,0.9170340681362725,-0.02156500308071474,-0.00027825810426728695,
short_aggressive_compact_capacity,w02,2026-01-27,2026-01-28,2026-02-03,688375,0.010752688172043012,0.908817635270541,-0.028179741051028273,-0.0003030079682906266,
short_aggressive_compact_capacity,w02,2026-01-27,2026-01-28,2026-02-03,002738,0.008602150537634409,0.9060120240480961,-0.10778889125345825,-0.0009272162688469528,
short_aggressive_compact_capacity,w02,2026-01-27,2026-01-28,2026-02-03,300017,0.0064516129032258064,0.8989979959919838,0.42614475627769566,0.0027493210082431977,
short_aggressive_compact_capacity,w02,2026-01-27,2026-01-28,2026-02-03,300567,0.004301075268817204,0.8973947895791583,-0.13747734443176474,-0.0005913004061581279,
short_aggressive_compact_capacity,w02,2026-01-27,2026-01-28,2026-02-03,300919,0.002150537634408602,0.8963927855711422,-0.05786006765177143,-0.0001244302530145622,
short_aggressive_medium_capacity,w02,2026-01-27,2026-01-28,2026-02-03,688563,0.06451612903225806,0.9973947895791583,-0.025947561472626002,-0.0016740362240403872,
short_aggressive_medium_capacity,w02,2026-01-27,2026-01-28,2026-02-03,300751,0.06236559139784946,0.995190380761523,-0.07586206896551728,-0.004731182795698927,
short_aggressive_medium_capacity,w02,2026-01-27,2026-01-28,2026-02-03,300857,0.060215053763440864,0.9923847695390781,-0.1052313535911602,-0.006336511614091368,
short_aggressive_medium_capacity,w02,2026-01-27,2026-01-28,2026-02-03,300454,0.05806451612903226,0.9911823647294589,-0.16990425590790847,-0.009865408407555976,
short_aggressive_medium_capacity,w02,2026-01-27,2026-01-28,2026-02-03,300757,0.05591397849462366,0.9891783567134267,0.21534632220410277,0.0120408696286165,
short_aggressive_medium_capacity,w02,2026-01-27,2026-01-28,2026-02-03,002465,0.053763440860215055,0.985571142284569,0.0028058361391694042,0.0001508514053316884,
short_aggressive_medium_capacity,w02,2026-01-27,2026-01-28,2026-02-03,001389,0.05161290322580645,0.9723446893787574,0.017749244712990997,0.0009160900497027612,
short_aggressive_medium_capacity,w02,2026-01-27,2026-01-28,2026-02-03,688568,0.04946236559139785,0.9721442885771543,-0.06330954269098588,-0.003131439746005753,
short_aggressive_medium_capacity,w02,2026-01-27,2026-01-28,2026-02-03,688281,0.047311827956989246,0.968937875751503,-0.04372477416874876,-0.002068698992930049,
short_aggressive_medium_capacity,w02,2026-01-27,2026-01-28,2026-02-03,600988,0.04516129032258064,0.9647294589178356,-0.06619718309859157,-0.0029895502044525223,
short_aggressive_medium_capacity,w02,2026-01-27,2026-01-28,2026-02-03,000878,0.043010752688172046,0.9579158316633266,0.01396303901437368,0.0006005608178225239,
short_aggressive_medium_capacity,w02,2026-01-27,2026-01-28,2026-02-03,000060,0.04086021505376344,0.9575150300601201,-0.09358974358974348,-0.0038240970499034974,
short_aggressive_medium_capacity,w02,2026-01-27,2026-01-28,2026-02-03,300724,0.03870967741935484,0.956312625250501,0.043735829737438836,0.001692999860804084,
short_aggressive_medium_capacity,w02,2026-01-27,2026-01-28,2026-02-03,002008,0.03655913978494624,0.951503006012024,-0.05545147995503941,-0.00202725840695843,
short_aggressive_medium_capacity,w02,2026-01-27,2026-01-28,2026-02-03,603920,0.034408602150537634,0.9468937875751502,0.02652014652014656,0.0009125211705856881,
short_aggressive_medium_capacity,w02,2026-01-27,2026-01-28,2026-02-03,002130,0.03225806451612903,0.9396793587174348,-0.15377532228360957,-0.004960494267213212,
short_aggressive_medium_capacity,w02,2026-01-27,2026-01-28,2026-02-03,688709,0.030107526881720432,0.9308617234468938,-0.042826552462526646,-0.0012894015795169313,
short_aggressive_medium_capacity,w02,2026-01-27,2026-01-28,2026-02-03,688027,0.02795698924731183,0.9308617234468937,0.10446883245659722,0.002920634025668309,
short_aggressive_medium_capacity,w02,2026-01-27,2026-01-28,2026-02-03,002153,0.025806451612903226,0.9292585170340681,0.0014981273408238849,3.866135073093896e-05,
short_aggressive_medium_capacity,w02,2026-01-27,2026-01-28,2026-02-03,688387,0.023655913978494623,0.928256513026052,0.02421171171171177,0.0005727501695243644,
short_aggressive_medium_capacity,w02,2026-01-27,2026-01-28,2026-02-03,605358,0.021505376344086023,0.923446893787575,-0.10620629370629375,-0.0022840063162643818,
short_aggressive_medium_capacity,w02,2026-01-27,2026-01-28,2026-02-03,300432,0.01935483870967742,0.9216432865731462,-0.06578947368421051,-0.0012733446519524615,
short_aggressive_medium_capacity,w02,2026-01-27,2026-01-28,2026-02-03,002436,0.017204301075268817,0.9209418837675349,-0.06647864625302169,-0.0011437186452132764,
short_aggressive_medium_capacity,w02,2026-01-27,2026-01-28,2026-02-03,601399,0.015053763440860216,0.920440881763527,-0.024482109227871973,-0.00036854788084968567,
short_aggressive_medium_capacity,w02,2026-01-27,2026-01-28,2026-02-03,601611,0.012903225806451613,0.9170340681362725,-0.02156500308071474,-0.00027825810426728695,
short_aggressive_medium_capacity,w02,2026-01-27,2026-01-28,2026-02-03,688375,0.010752688172043012,0.908817635270541,-0.028179741051028273,-0.0003030079682906266,
short_aggressive_medium_capacity,w02,2026-01-27,2026-01-28,2026-02-03,002738,0.008602150537634409,0.9060120240480961,-0.10778889125345825,-0.0009272162688469528,
short_aggressive_medium_capacity,w02,2026-01-27,2026-01-28,2026-02-03,300017,0.0064516129032258064,0.8989979959919838,0.42614475627769566,0.0027493210082431977,
short_aggressive_medium_capacity,w02,2026-01-27,2026-01-28,2026-02-03,300567,0.004301075268817204,0.8973947895791583,-0.13747734443176474,-0.0005913004061581279,
short_aggressive_medium_capacity,w02,2026-01-27,2026-01-28,2026-02-03,300919,0.002150537634408602,0.8963927855711422,-0.05786006765177143,-0.0001244302530145622,
short_aggressive_wide_capacity,w02,2026-01-27,2026-01-28,2026-02-03,300454,0.055,0.9908817635270541,-0.16990425590790847,-0.009344734074934967,
short_aggressive_wide_capacity,w02,2026-01-27,2026-01-28,2026-02-03,001389,0.055,0.9908316633266534,0.017749244712990997,0.0009762084592145049,
short_aggressive_wide_capacity,w02,2026-01-27,2026-01-28,2026-02-03,002465,0.055,0.9898797595190381,0.0028058361391694042,0.00015432098765431724,
short_aggressive_wide_capacity,w02,2026-01-27,2026-01-28,2026-02-03,600487,0.055,0.9837174348697395,0.13873195229127444,0.007630257376020094,
short_aggressive_wide_capacity,w02,2026-01-27,2026-01-28,2026-02-03,000878,0.055,0.9799098196392786,0.01396303901437368,0.0007679671457905524,
short_aggressive_wide_capacity,w02,2026-01-27,2026-01-28,2026-02-03,603920,0.055,0.9785070140280562,0.02652014652014656,0.0014586080586080608,
short_aggressive_wide_capacity,w02,2026-01-27,2026-01-28,2026-02-03,600988,0.05360000000000002,0.9772545090180361,-0.06619718309859157,-0.00354816901408451,
short_aggressive_wide_capacity,w02,2026-01-27,2026-01-28,2026-02-03,300567,0.05136666666666666,0.9761523046092185,-0.13747734443176474,-0.007061752925644981,
short_aggressive_wide_capacity,w02,2026-01-27,2026-01-28,2026-02-03,300857,0.049133333333333334,0.9760020040080161,-0.1052313535911602,-0.005170367173112338,
short_aggressive_wide_capacity,w02,2026-01-27,2026-01-28,2026-02-03,688525,0.0469,0.9688877755511022,-0.06537842190016108,-0.003066247987117554,
short_aggressive_wide_capacity,w02,2026-01-27,2026-01-28,2026-02-03,002195,0.044666666666666674,0.9673847695390781,0.02079207920792081,0.0009287128712871297,
short_aggressive_wide_capacity,w02,2026-01-27,2026-01-28,2026-02-03,000060,0.04243333333333334,0.9632264529058117,-0.09358974358974348,-0.003971324786324782,
short_aggressive_wide_capacity,w02,2026-01-27,2026-01-28,2026-02-03,002202,0.0402,0.9615230460921844,-0.05001748863238897,-0.002010703043022037,
short_aggressive_wide_capacity,w02,2026-01-27,2026-01-28,2026-02-03,688563,0.03796666666666667,0.9609218436873748,-0.025947561472626002,-0.0009851424172440339,
short_aggressive_wide_capacity,w02,2026-01-27,2026-01-28,2026-02-03,600498,0.03573333333333334,0.956062124248497,0.06268806419257777,0.0022400534938147795,
short_aggressive_wide_capacity,w02,2026-01-27,2026-01-28,2026-02-03,300058,0.0335,0.9482965931863728,-0.006306306306306353,-0.00021126126126126284,
short_aggressive_wide_capacity,w02,2026-01-27,2026-01-28,2026-02-03,002436,0.031266666666666665,0.9464428857715431,-0.06647864625302169,-0.002078565672844478,
short_aggressive_wide_capacity,w02,2026-01-27,2026-01-28,2026-02-03,300724,0.029033333333333335,0.9403807615230462,0.043735829737438836,0.0012697969233769742,
short_aggressive_wide_capacity,w02,2026-01-27,2026-01-28,2026-02-03,002156,0.02680000000000001,0.9367735470941884,-0.044319248826291124,-0.0011877558685446025,
short_aggressive_wide_capacity,w02,2026-01-27,2026-01-28,2026-02-03,688387,0.024566666666666667,0.9361723446893788,0.02421171171171177,0.0005948010510510524,
short_aggressive_wide_capacity,w02,2026-01-27,2026-01-28,2026-02-03,688568,0.022333333333333337,0.9269038076152305,-0.06330954269098588,-0.0014139131200986848,
short_aggressive_wide_capacity,w02,2026-01-27,2026-01-28,2026-02-03,601179,0.0201,0.9245490981963929,0.02404158544509416,0.0004832358674463926,
short_aggressive_wide_capacity,w02,2026-01-27,2026-01-28,2026-02-03,002340,0.01786666666666667,0.9206913827655311,-0.08975712777191147,-0.0016036606828581518,
short_aggressive_wide_capacity,w02,2026-01-27,2026-01-28,2026-02-03,002044,0.015633333333333332,0.9182364729458918,-0.0013908205841447474,-2.1743161798796215e-05,
short_aggressive_wide_capacity,w02,2026-01-27,2026-01-28,2026-02-03,000559,0.013400000000000006,0.9180360721442886,-0.05348460291734203,-0.0007166936790923835,
short_aggressive_wide_capacity,w02,2026-01-27,2026-01-28,2026-02-03,301200,0.011166666666666668,0.9167334669338678,-0.09469202384331543,-0.0010573942662503559,
short_aggressive_wide_capacity,w02,2026-01-27,2026-01-28,2026-02-03,601061,0.008933333333333335,0.9135270541082164,-0.07623888182973326,-0.0006810673443456173,
short_aggressive_wide_capacity,w02,2026-01-27,2026-01-28,2026-02-03,002409,0.006700000000000003,0.9101703406813628,-0.02043010752688179,-0.00013688172043010806,
short_aggressive_wide_capacity,w02,2026-01-27,2026-01-28,2026-02-03,600879,0.004466666666666667,0.9096192384769539,-0.06286701208981005,-0.0002808059873344849,
short_aggressive_wide_capacity,w02,2026-01-27,2026-01-28,2026-02-03,300223,0.0022333333333333337,0.9077154308617235,-0.04033010405453896,-9.00705657218037e-05,
stable_compact_capacity,w02,2026-01-27,2026-01-28,2026-02-03,002429,0.05000000000000002,0.9991983967935872,-0.10599078341013823,-0.005299539170506913,
stable_compact_capacity,w02,2026-01-27,2026-01-28,2026-02-03,688702,0.05000000000000002,0.9943887775551102,-0.10514981849504712,-0.005257490924752358,
stable_compact_capacity,w02,2026-01-27,2026-01-28,2026-02-03,002195,0.05000000000000002,0.9923847695390782,0.02079207920792081,0.001039603960396041,
stable_compact_capacity,w02,2026-01-27,2026-01-28,2026-02-03,003031,0.05000000000000002,0.9923847695390782,-0.07618822974407369,-0.0038094114872036858,
stable_compact_capacity,w02,2026-01-27,2026-01-28,2026-02-03,301200,0.05000000000000002,0.9813627254509019,-0.09469202384331543,-0.0047346011921657735,
stable_compact_capacity,w02,2026-01-27,2026-01-28,2026-02-03,688568,0.05000000000000002,0.9811623246492985,-0.06330954269098588,-0.0031654771345492948,
stable_compact_capacity,w02,2026-01-27,2026-01-28,2026-02-03,688375,0.05000000000000002,0.9807615230460922,-0.028179741051028273,-0.0014089870525514142,
stable_compact_capacity,w02,2026-01-27,2026-01-28,2026-02-03,688709,0.05000000000000002,0.9779559118236473,-0.042826552462526646,-0.002141327623126333,
stable_compact_capacity,w02,2026-01-27,2026-01-28,2026-02-03,300857,0.05000000000000002,0.972945891783567,-0.1052313535911602,-0.005261567679558012,
stable_compact_capacity,w02,2026-01-27,2026-01-28,2026-02-03,688037,0.05000000000000002,0.9691382765531061,-0.11966042312356817,-0.00598302115617841,
stable_compact_capacity,w02,2026-01-27,2026-01-28,2026-02-03,688385,0.047619047619047644,0.968937875751503,-0.04707850400286773,-0.0022418335239460835,
stable_compact_capacity,w02,2026-01-27,2026-01-28,2026-02-03,300285,0.04523809523809524,0.9679358717434869,-0.0626134301270419,-0.002832512315270943,
stable_compact_capacity,w02,2026-01-27,2026-01-28,2026-02-03,688122,0.04285714285714283,0.9651302605210421,-0.06567493112947653,-0.0028146399055489924,
stable_compact_capacity,w02,2026-01-27,2026-01-28,2026-02-03,300919,0.04047619047619047,0.9631262525050099,-0.05786006765177143,-0.002341955119238367,
stable_compact_capacity,w02,2026-01-27,2026-01-28,2026-02-03,688027,0.038095238095238106,0.9631262525050099,0.10446883245659722,0.0039797650459656095,
stable_compact_capacity,w02,2026-01-27,2026-01-28,2026-02-03,002335,0.03571428571428571,0.9605210420841683,-0.05256704980842908,-0.001877394636015324,
stable_compact_capacity,w02,2026-01-27,2026-01-28,2026-02-03,002738,0.03333333333333334,0.9571142284569139,-0.10778889125345825,-0.0035929630417819423,
stable_compact_capacity,w02,2026-01-27,2026-01-28,2026-02-03,002281,0.03095238095238096,0.9557114228456913,-0.0033351862145635236,-0.00010323195426029957,
stable_compact_capacity,w02,2026-01-27,2026-01-28,2026-02-03,000155,0.028571428571428574,0.9529058116232465,-0.07011070110701112,-0.0020031628887717465,
stable_compact_capacity,w02,2026-01-27,2026-01-28,2026-02-03,300432,0.026190476190476195,0.9495991983967936,-0.06578947368421051,-0.0017230576441102756,
stable_compact_capacity,w02,2026-01-27,2026-01-28,2026-02-03,001389,0.023809523809523822,0.946492985971944,0.017749244712990997,0.000422601064595024,
stable_compact_capacity,w02,2026-01-27,2026-01-28,2026-02-03,300496,0.021428571428571415,0.9462925851703406,-0.07861476238624876,-0.0016846020511339008,
stable_compact_capacity,w02,2026-01-27,2026-01-28,2026-02-03,002851,0.019047619047619053,0.9448897795591182,-0.04456134921862909,-0.0008487876041643638,
stable_compact_capacity,w02,2026-01-27,2026-01-28,2026-02-03,603920,0.01666666666666667,0.9408817635270542,0.02652014652014656,0.0004420024420024427,
stable_compact_capacity,w02,2026-01-27,2026-01-28,2026-02-03,300223,0.014285714285714287,0.9406813627254509,-0.04033010405453896,-0.0005761443436362709,
stable_compact_capacity,w02,2026-01-27,2026-01-28,2026-02-03,688608,0.011904761904761911,0.9390781563126254,-0.12710775987073786,-0.0015131876175087848,
stable_compact_capacity,w02,2026-01-27,2026-01-28,2026-02-03,688220,0.009523809523809526,0.9372745490981965,-0.11060850834679592,-0.0010534143652075805,
stable_compact_capacity,w02,2026-01-27,2026-01-28,2026-02-03,600988,0.0071428571428571435,0.9370741482965932,-0.06619718309859157,-0.000472837022132797,
stable_compact_capacity,w02,2026-01-27,2026-01-28,2026-02-03,002756,0.004761904761904763,0.9362725450901804,-0.11530094271211022,-0.000549052108152906,
stable_compact_capacity,w02,2026-01-27,2026-01-28,2026-02-03,600435,0.0023809523809523816,0.935070140280561,-0.044699140401145976,-0.0001064265247646333,
stable_compact_current,w02,2026-01-27,2026-01-28,2026-02-03,300857,0.02857142857142857,0.930811623246493,-0.1052313535911602,-0.003006610102604577,
stable_compact_current,w02,2026-01-27,2026-01-28,2026-02-03,688709,0.02857142857142857,0.8966432865731463,-0.042826552462526646,-0.0012236157846436185,
stable_compact_current,w02,2026-01-27,2026-01-28,2026-02-03,688027,0.02857142857142857,0.9043587174348697,0.10446883245659722,0.0029848237844742062,
stable_compact_current,w02,2026-01-27,2026-01-28,2026-02-03,002153,0.02857142857142857,0.903256513026052,0.0014981273408238849,4.280363830925385e-05,
stable_compact_current,w02,2026-01-27,2026-01-28,2026-02-03,688019,0.02857142857142857,0.9021543086172344,-0.0992508728517677,-0.00283573922433622,
stable_compact_current,w02,2026-01-27,2026-01-28,2026-02-03,688568,0.02857142857142857,0.9010521042084169,-0.06330954269098588,-0.0018088440768853106,
stable_compact_current,w02,2026-01-27,2026-01-28,2026-02-03,002335,0.02857142857142857,0.8993987975951904,-0.05256704980842908,-0.0015019157088122593,
stable_compact_current,w02,2026-01-27,2026-01-28,2026-02-03,600673,0.02857142857142857,0.897745490981964,0.0003436426116838476,9.818360333824215e-06,
stable_compact_current,w02,2026-01-27,2026-01-28,2026-02-03,002202,0.02857142857142857,0.8955410821643287,-0.05001748863238897,-0.001429071103782542,
stable_compact_current,w02,2026-01-27,2026-01-28,2026-02-03,688615,0.02857142857142857,0.9076653306613226,-0.11123625281568827,-0.0031781786518768076,
stable_compact_current,w02,2026-01-27,2026-01-28,2026-02-03,688122,0.02857142857142857,0.894438877755511,-0.06567493112947653,-0.0018764266036993295,
stable_compact_current,w02,2026-01-27,2026-01-28,2026-02-03,301358,0.02857142857142857,0.8933366733466934,-0.021874999999999978,-0.0006249999999999994,
stable_compact_current,w02,2026-01-27,2026-01-28,2026-02-03,300285,0.02857142857142857,0.8922344689378757,-0.0626134301270419,-0.0017889551464869114,
stable_compact_current,w02,2026-01-27,2026-01-28,2026-02-03,688778,0.02857142857142857,0.8911322645290581,-0.0841935483870968,-0.0024055299539170517,
stable_compact_current,w02,2026-01-27,2026-01-28,2026-02-03,002008,0.02857142857142857,0.8878256513026053,-0.05545147995503941,-0.0015843279987154115,
stable_compact_current,w02,2026-01-27,2026-01-28,2026-02-03,688002,0.02857142857142857,0.8867234468937876,-0.06864337936636866,-0.001961239410467676,
stable_compact_current,w02,2026-01-27,2026-01-28,2026-02-03,605358,0.02857142857142857,0.9054609218436873,-0.10620629370629375,-0.0030344655344655357,
stable_compact_current,w02,2026-01-27,2026-01-28,2026-02-03,688281,0.02857142857142857,0.9087675350701403,-0.04372477416874876,-0.0012492792619642503,
stable_compact_current,w02,2026-01-27,2026-01-28,2026-02-03,002429,0.02857142857142857,0.9297094188376753,-0.10599078341013823,-0.0030283080974325208,
stable_compact_current,w02,2026-01-27,2026-01-28,2026-02-03,603920,0.02857142857142857,0.9208917835671342,0.02652014652014656,0.0007577184720041874,
stable_compact_current,w02,2026-01-27,2026-01-28,2026-02-03,688702,0.02857142857142857,0.92750501002004,-0.10514981849504712,-0.0030042805284299177,
stable_compact_current,w02,2026-01-27,2026-01-28,2026-02-03,003031,0.02857142857142857,0.9264028056112225,-0.07618822974407369,-0.002176806564116391,
stable_compact_current,w02,2026-01-27,2026-01-28,2026-02-03,002195,0.02857142857142857,0.9253006012024048,0.02079207920792081,0.0005940594059405946,
stable_compact_current,w02,2026-01-27,2026-01-28,2026-02-03,300454,0.02857142857142857,0.9241983967935872,-0.16990425590790847,-0.0048544073116545275,
stable_compact_current,w02,2026-01-27,2026-01-28,2026-02-03,688037,0.02857142857142857,0.9230961923847695,-0.11966042312356817,-0.0034188692321019476,
stable_compact_current,w02,2026-01-27,2026-01-28,2026-02-03,300757,0.02857142857142857,0.9219939879759519,0.21534632220410277,0.0061527520629743645,
stable_compact_current,w02,2026-01-27,2026-01-28,2026-02-03,688172,0.02857142857142857,0.918687374749499,0.06304948505400643,0.0018014138586858977,
stable_compact_current,w02,2026-01-27,2026-01-28,2026-02-03,601106,0.02857142857142857,0.9098697394789579,-0.05585585585585584,-0.0015958815958815953,
stable_compact_current,w02,2026-01-27,2026-01-28,2026-02-03,301200,0.02857142857142857,0.9175851703406813,-0.09469202384331543,-0.002705486395523298,
stable_compact_current,w02,2026-01-27,2026-01-28,2026-02-03,300724,0.02857142857142857,0.9164829659318637,0.043735829737438836,0.0012495951353553953,
stable_compact_current,w02,2026-01-27,2026-01-28,2026-02-03,002044,0.02857142857142857,0.915380761523046,-0.0013908205841447474,-3.973773097556421e-05,
stable_compact_current,w02,2026-01-27,2026-01-28,2026-02-03,601611,0.02857142857142857,0.9131763527054108,-0.02156500308071474,-0.0006161429451632782,
stable_compact_current,w02,2026-01-27,2026-01-28,2026-02-03,001389,0.02857142857142857,0.9120741482965932,0.017749244712990997,0.0005071212775140285,
stable_compact_current,w02,2026-01-27,2026-01-28,2026-02-03,000738,0.02857142857142857,0.9109719438877755,-0.017850360805165222,-0.0005100103087190063,
stable_compact_current,w02,2026-01-27,2026-01-28,2026-02-03,601399,0.02857142857142857,0.88562124248497,-0.024482109227871973,-0.0006994888350820563,
stable_extra_wide_capacity,w02,2026-01-27,2026-01-28,2026-02-03,001389,0.06451612903225806,0.9970440881763527,0.017749244712990997,0.0011451125621284514,
stable_extra_wide_capacity,w02,2026-01-27,2026-01-28,2026-02-03,300454,0.06236559139784946,0.9926352705410821,-0.16990425590790847,-0.01059617940070827,
stable_extra_wide_capacity,w02,2026-01-27,2026-01-28,2026-02-03,603920,0.060215053763440864,0.9908316633266533,0.02652014652014656,0.0015969120485249543,
stable_extra_wide_capacity,w02,2026-01-27,2026-01-28,2026-02-03,600988,0.05806451612903226,0.9789078156312625,-0.06619718309859157,-0.003843707405724672,
stable_extra_wide_capacity,w02,2026-01-27,2026-01-28,2026-02-03,300857,0.05591397849462366,0.97875751503006,-0.1052313535911602,-0.00588390364165627,
stable_extra_wide_capacity,w02,2026-01-27,2026-01-28,2026-02-03,688387,0.053763440860215055,0.9688877755511021,0.02421171171171177,0.0013017049307371918,
stable_extra_wide_capacity,w02,2026-01-27,2026-01-28,2026-02-03,301200,0.05161290322580645,0.9672845691382765,-0.09469202384331543,-0.004887330262880797,
stable_extra_wide_capacity,w02,2026-01-27,2026-01-28,2026-02-03,301611,0.04946236559139785,0.9668837675350701,-0.07722513089005234,-0.00381973765692732,
stable_extra_wide_capacity,w02,2026-01-27,2026-01-28,2026-02-03,601179,0.047311827956989246,0.9664829659318637,0.02404158544509416,0.0011374513543915515,
stable_extra_wide_capacity,w02,2026-01-27,2026-01-28,2026-02-03,002195,0.04516129032258064,0.961122244488978,0.02079207920792081,0.0009389971255190043,
stable_extra_wide_capacity,w02,2026-01-27,2026-01-28,2026-02-03,300757,0.043010752688172046,0.9529058116232465,0.21534632220410277,0.009262207406628076,
stable_extra_wide_capacity,w02,2026-01-27,2026-01-28,2026-02-03,688281,0.04086021505376344,0.9521543086172344,-0.04372477416874876,-0.001786603675712315,
stable_extra_wide_capacity,w02,2026-01-27,2026-01-28,2026-02-03,300223,0.03870967741935484,0.9465430861723447,-0.04033010405453896,-0.001561165318240218,
stable_extra_wide_capacity,w02,2026-01-27,2026-01-28,2026-02-03,605358,0.03655913978494624,0.9418336673346692,-0.10620629370629375,-0.0038828107376494493,
stable_extra_wide_capacity,w02,2026-01-27,2026-01-28,2026-02-03,688172,0.034408602150537634,0.9324649298597194,0.06304948505400643,0.002169444647019576,
stable_extra_wide_capacity,w02,2026-01-27,2026-01-28,2026-02-03,688525,0.03225806451612903,0.9292084168336674,-0.06537842190016108,-0.002108981351618099,
stable_extra_wide_capacity,w02,2026-01-27,2026-01-28,2026-02-03,300285,0.030107526881720432,0.9258016032064129,-0.0626134301270419,-0.001885135530706638,
stable_extra_wide_capacity,w02,2026-01-27,2026-01-28,2026-02-03,002429,0.02795698924731183,0.9218937875751503,-0.10599078341013823,-0.0029631831921113918,
stable_extra_wide_capacity,w02,2026-01-27,2026-01-28,2026-02-03,600498,0.025806451612903226,0.9188376753507015,0.06268806419257777,0.0016177564952923296,
stable_extra_wide_capacity,w02,2026-01-27,2026-01-28,2026-02-03,601106,0.023655913978494623,0.9168336673346693,-0.05585585585585584,-0.001321321321321321,
stable_extra_wide_capacity,w02,2026-01-27,2026-01-28,2026-02-03,300567,0.021505376344086023,0.9167334669338678,-0.13747734443176474,-0.0029565020307906397,
stable_extra_wide_capacity,w02,2026-01-27,2026-01-28,2026-02-03,688563,0.01935483870967742,0.9140280561122245,-0.025947561472626002,-0.0005022108672121161,
stable_extra_wide_capacity,w02,2026-01-27,2026-01-28,2026-02-03,301358,0.017204301075268817,0.9087174348697393,-0.021874999999999978,-0.000376344086021505,
stable_extra_wide_capacity,w02,2026-01-27,2026-01-28,2026-02-03,688615,0.015053763440860216,0.9081162324649299,-0.11123625281568827,-0.0016745242359350924,
stable_extra_wide_capacity,w02,2026-01-27,2026-01-28,2026-02-03,003031,0.012903225806451613,0.9062124248496994,-0.07618822974407369,-0.000983073932181596,
stable_extra_wide_capacity,w02,2026-01-27,2026-01-28,2026-02-03,002185,0.010752688172043012,0.9057114228456914,0.004092769440654953,4.400827355542961e-05,
stable_extra_wide_capacity,w02,2026-01-27,2026-01-28,2026-02-03,002156,0.008602150537634409,0.9018537074148296,-0.044319248826291124,-0.00038124085011863334,
stable_extra_wide_capacity,w02,2026-01-27,2026-01-28,2026-02-03,002281,0.0064516129032258064,0.9007014028056113,-0.0033351862145635236,-2.151733041653886e-05,
stable_extra_wide_capacity,w02,2026-01-27,2026-01-28,2026-02-03,688709,0.004301075268817204,0.9006012024048096,-0.042826552462526646,-0.0001842002256452759,
stable_extra_wide_capacity,w02,2026-01-27,2026-01-28,2026-02-03,600673,0.002150537634408602,0.9001002004008016,0.0003436426116838476,7.390163692125754e-07,
stable_medium_capacity,w02,2026-01-27,2026-01-28,2026-02-03,002195,0.039999999999999994,0.9971943887775551,0.02079207920792081,0.0008316831683168323,
stable_medium_capacity,w02,2026-01-27,2026-01-28,2026-02-03,300223,0.039999999999999994,0.9597194388777555,-0.04033010405453896,-0.0016132041621815581,
stable_medium_capacity,w02,2026-01-27,2026-01-28,2026-02-03,605358,0.039999999999999994,0.9466933867735471,-0.10620629370629375,-0.004248251748251749,
stable_medium_capacity,w02,2026-01-27,2026-01-28,2026-02-03,300567,0.039999999999999994,0.9486472945891782,-0.13747734443176474,-0.005499093777270588,
stable_medium_capacity,w02,2026-01-27,2026-01-28,2026-02-03,300285,0.039999999999999994,0.9505010020040079,-0.0626134301270419,-0.002504537205081676,
stable_medium_capacity,w02,2026-01-27,2026-01-28,2026-02-03,002335,0.039999999999999994,0.95125250501002,-0.05256704980842908,-0.002102681992337163,
stable_medium_capacity,w02,2026-01-27,2026-01-28,2026-02-03,688702,0.039999999999999994,0.9870240480961923,-0.10514981849504712,-0.004205992739801884,
stable_medium_capacity,w02,2026-01-27,2026-01-28,2026-02-03,688281,0.039999999999999994,0.9528056112224448,-0.04372477416874876,-0.00174899096674995,
stable_medium_capacity,w02,2026-01-27,2026-01-28,2026-02-03,002429,0.039999999999999994,0.9551603206412824,-0.10599078341013823,-0.004239631336405529,
stable_medium_capacity,w02,2026-01-27,2026-01-28,2026-02-03,601179,0.039999999999999994,0.9562625250501001,0.02404158544509416,0.0009616634178037663,
stable_medium_capacity,w02,2026-01-27,2026-01-28,2026-02-03,002281,0.039999999999999994,0.9525551102204408,-0.0033351862145635236,-0.00013340744858254092,
stable_medium_capacity,w02,2026-01-27,2026-01-28,2026-02-03,000155,0.039999999999999994,0.9599699398797595,-0.07011070110701112,-0.002804428044280444,
stable_medium_capacity,w02,2026-01-27,2026-01-28,2026-02-03,688385,0.039999999999999994,0.9613226452905811,-0.04707850400286773,-0.0018831401601147088,
stable_medium_capacity,w02,2026-01-27,2026-01-28,2026-02-03,688122,0.039999999999999994,0.9660320641282565,-0.06567493112947653,-0.002626997245179061,
stable_medium_capacity,w02,2026-01-27,2026-01-28,2026-02-03,300919,0.039999999999999994,0.9664328657314629,-0.05786006765177143,-0.002314402706070857,
stable_medium_capacity,w02,2026-01-27,2026-01-28,2026-02-03,300432,0.039999999999999994,0.9720440881763527,-0.06578947368421051,-0.00263157894736842,
stable_medium_capacity,w02,2026-01-27,2026-01-28,2026-02-03,688027,0.039999999999999994,0.9782064128256512,0.10446883245659722,0.004178753298263888,
stable_medium_capacity,w02,2026-01-27,2026-01-28,2026-02-03,300857,0.039999999999999994,0.9791082164328657,-0.1052313535911602,-0.004209254143646407,
stable_medium_capacity,w02,2026-01-27,2026-01-28,2026-02-03,688709,0.039999999999999994,0.9820140280561122,-0.042826552462526646,-0.0017130620985010656,
stable_medium_capacity,w02,2026-01-27,2026-01-28,2026-02-03,003031,0.039999999999999994,0.9833667334669338,-0.07618822974407369,-0.003047529189762947,
stable_medium_capacity,w02,2026-01-27,2026-01-28,2026-02-03,603920,0.03636363636363643,0.9466432865731462,0.02652014652014656,0.0009643689643689676,
stable_medium_capacity,w02,2026-01-27,2026-01-28,2026-02-03,300207,0.03272727272727277,0.9459919839679358,-0.04580777096114519,-0.0014991634132738446,
stable_medium_capacity,w02,2026-01-27,2026-01-28,2026-02-03,300496,0.029090909090909126,0.9457915831663326,-0.07861476238624876,-0.002286974905781785,
stable_medium_capacity,w02,2026-01-27,2026-01-28,2026-02-03,601611,0.025454545454545487,0.9354709418837674,-0.02156500308071474,-0.0005489273511454668,
stable_medium_capacity,w02,2026-01-27,2026-01-28,2026-02-03,300450,0.021818181818181834,0.9353707414829658,-0.020434853686447596,-0.00044585135315885696,
stable_medium_capacity,w02,2026-01-27,2026-01-28,2026-02-03,002008,0.018181818181818216,0.9321643286573145,-0.05545147995503941,-0.0010082087264552638,
stable_medium_capacity,w02,2026-01-27,2026-01-28,2026-02-03,002153,0.014545454545454563,0.9315130260521042,0.0014981273408238849,2.1790943139256532e-05,
stable_medium_capacity,w02,2026-01-27,2026-01-28,2026-02-03,300454,0.010909090909090917,0.9314128256513026,-0.16990425590790847,-0.001853500973540821,
stable_medium_capacity,w02,2026-01-27,2026-01-28,2026-02-03,688220,0.007272727272727281,0.9309619238476954,-0.11060850834679592,-0.0008044255152494258,
stable_medium_capacity,w02,2026-01-27,2026-01-28,2026-02-03,002409,0.0036363636363636407,0.9250501002004008,-0.02043010752688179,-7.429130009775205e-05,
balanced_extra_wide_capacity,w03,2026-02-03,2026-02-04,2026-02-10,000878,0.06451612903225806,0.9560120240480962,-0.08383961117861483,-0.00540900717281386,
balanced_extra_wide_capacity,w03,2026-02-03,2026-02-04,2026-02-10,002756,0.06236559139784946,0.9560120240480962,-0.022540983606557208,-0.00140578177331217,
balanced_extra_wide_capacity,w03,2026-02-03,2026-02-04,2026-02-10,300390,0.060215053763440864,0.9560120240480962,-0.08304141767978568,-0.005000343430180644,
balanced_extra_wide_capacity,w03,2026-02-03,2026-02-04,2026-02-10,300857,0.05806451612903226,0.9560120240480962,0.046888567293777106,0.0027225619718967355,
balanced_extra_wide_capacity,w03,2026-02-03,2026-02-04,2026-02-10,301308,0.05591397849462366,0.9560120240480962,-0.057706760775087296,-0.003226614580972623,
balanced_extra_wide_capacity,w03,2026-02-03,2026-02-04,2026-02-10,600497,0.053763440860215055,0.9560120240480962,-0.02428256070640189,-0.00130551401647322,
balanced_extra_wide_capacity,w03,2026-02-03,2026-02-04,2026-02-10,601611,0.05161290322580645,0.9560120240480962,-0.02581863979848864,-0.0013325749573413492,
balanced_extra_wide_capacity,w03,2026-02-03,2026-02-04,2026-02-10,605358,0.04946236559139785,0.9560120240480962,-0.04278728606356963,-0.0021163603859400033,
balanced_extra_wide_capacity,w03,2026-02-03,2026-02-04,2026-02-10,688525,0.047311827956989246,0.9527555110220441,-0.07529290144727785,-0.003562244799656156,
balanced_extra_wide_capacity,w03,2026-02-03,2026-02-04,2026-02-10,603077,0.04516129032258064,0.9498496993987976,0.008230452674897082,0.0003716978627372875,
balanced_extra_wide_capacity,w03,2026-02-03,2026-02-04,2026-02-10,000060,0.043010752688172046,0.9411322645290581,-0.02970297029702973,-0.001277547109549666,
balanced_extra_wide_capacity,w03,2026-02-03,2026-02-04,2026-02-10,300919,0.04086021505376344,0.9411322645290581,-0.042705971277399946,-0.0017449751704744065,
balanced_extra_wide_capacity,w03,2026-02-03,2026-02-04,2026-02-10,688599,0.03870967741935484,0.9411322645290581,0.011341222879684532,0.0004390150792135948,
balanced_extra_wide_capacity,w03,2026-02-03,2026-02-04,2026-02-10,002738,0.03655913978494624,0.9393036072144288,-0.025044722719141266,-0.0009156135187643043,
balanced_extra_wide_capacity,w03,2026-02-03,2026-02-04,2026-02-10,300223,0.034408602150537634,0.9393036072144288,-0.08629327749943916,-0.002969231053744143,
balanced_extra_wide_capacity,w03,2026-02-03,2026-02-04,2026-02-10,300285,0.03225806451612903,0.9393036072144288,-0.01581155211358498,-0.0005100500681801607,
balanced_extra_wide_capacity,w03,2026-02-03,2026-02-04,2026-02-10,300450,0.030107526881720432,0.9393036072144288,-0.03988651535380505,-0.0012008843332328403,
balanced_extra_wide_capacity,w03,2026-02-03,2026-02-04,2026-02-10,300724,0.02795698924731183,0.9393036072144288,-0.08920187793427248,-0.002493815942248478,
balanced_extra_wide_capacity,w03,2026-02-03,2026-02-04,2026-02-10,688027,0.025806451612903226,0.9393036072144288,0.07005797586621432,0.0018079477642894018,
balanced_extra_wide_capacity,w03,2026-02-03,2026-02-04,2026-02-10,688122,0.023655913978494623,0.9393036072144288,-0.013091166411133393,-0.0003096835064999297,
balanced_extra_wide_capacity,w03,2026-02-03,2026-02-04,2026-02-10,688385,0.021505376344086023,0.9393036072144288,0.040752351097178785,0.0008763946472511567,
balanced_extra_wide_capacity,w03,2026-02-03,2026-02-04,2026-02-10,688281,0.01935483870967742,0.9345941883767535,-0.03959401065219592,-0.0007663356900425017,
balanced_extra_wide_capacity,w03,2026-02-03,2026-02-04,2026-02-10,002429,0.017204301075268817,0.9305861723446894,0.1721649484536083,0.002961977607804014,
balanced_extra_wide_capacity,w03,2026-02-03,2026-02-04,2026-02-10,300454,0.015053763440860216,0.9244238476953908,-0.04306953796919799,-0.0006483586360954537,
balanced_extra_wide_capacity,w03,2026-02-03,2026-02-04,2026-02-10,688709,0.012903225806451613,0.9244238476953908,-0.057148667886922966,-0.000737402166282877,
balanced_extra_wide_capacity,w03,2026-02-03,2026-02-04,2026-02-10,600516,0.010752688172043012,0.923872745490982,0.0035211267605634866,3.786157807057513e-05,
balanced_extra_wide_capacity,w03,2026-02-03,2026-02-04,2026-02-10,000960,0.008602150537634409,0.9196893787575151,0.0013808340237502215,1.187814213978685e-05,
balanced_extra_wide_capacity,w03,2026-02-03,2026-02-04,2026-02-10,002202,0.0064516129032258064,0.9196893787575151,-0.05486008836524292,-0.00035393605396930917,
balanced_extra_wide_capacity,w03,2026-02-03,2026-02-04,2026-02-10,002851,0.004301075268817204,0.9196893787575151,-0.045263157894736894,-0.00019468024900962105,
balanced_extra_wide_capacity,w03,2026-02-03,2026-02-04,2026-02-10,300058,0.002150537634408602,0.9196893787575151,-0.11060743427017217,-0.000237865450043381,
balanced_medium_current,w03,2026-02-03,2026-02-04,2026-02-10,603920,0.016666666666666666,0.9856713426853707,-0.0786468741079076,-0.0013107812351317934,
balanced_medium_current,w03,2026-02-03,2026-02-04,2026-02-10,300454,0.016666666666666666,0.9807615230460922,-0.04306953796919799,-0.0007178256328199665,
balanced_medium_current,w03,2026-02-03,2026-02-04,2026-02-10,688220,0.016666666666666666,0.8954408817635271,0.031847905061758164,0.0005307984176959694,
balanced_medium_current,w03,2026-02-03,2026-02-04,2026-02-10,300432,0.016666666666666666,0.894739478957916,0.06748826291079824,0.0011248043818466373,
balanced_medium_current,w03,2026-02-03,2026-02-04,2026-02-10,300748,0.016666666666666666,0.8933366733466934,-0.007573708412226154,-0.00012622847353710258,
balanced_medium_current,w03,2026-02-03,2026-02-04,2026-02-10,002409,0.016666666666666666,0.891933867735471,-0.011855104281009887,-0.00019758507135016478,
balanced_medium_current,w03,2026-02-03,2026-02-04,2026-02-10,600516,0.016666666666666666,0.8912324649298597,0.0035211267605634866,5.8685446009391445e-05,
balanced_medium_current,w03,2026-02-03,2026-02-04,2026-02-10,601958,0.016666666666666666,0.8898296593186374,0.03077725612936888,0.0005129542688228146,
balanced_medium_current,w03,2026-02-03,2026-02-04,2026-02-10,688615,0.016666666666666666,0.8884268537074149,-0.07566157286619457,-0.001261026214436576,
balanced_medium_current,w03,2026-02-03,2026-02-04,2026-02-10,002008,0.016666666666666666,0.8877254509018038,-0.004165013883379642,-6.941689805632737e-05,
balanced_medium_current,w03,2026-02-03,2026-02-04,2026-02-10,688295,0.016666666666666666,0.8849198396793587,-0.06335403726708078,-0.001055900621118013,
balanced_medium_current,w03,2026-02-03,2026-02-04,2026-02-10,688052,0.016666666666666666,0.8842184368737476,-0.0034027108262917327,-5.671184710486221e-05,
balanced_medium_current,w03,2026-02-03,2026-02-04,2026-02-10,688608,0.016666666666666666,0.8835170340681364,-0.009635008780673027,-0.0001605834796778838,
balanced_medium_current,w03,2026-02-03,2026-02-04,2026-02-10,600392,0.016666666666666666,0.8821142284569139,0.08868501529051986,0.001478083588175331,
balanced_medium_current,w03,2026-02-03,2026-02-04,2026-02-10,688778,0.016666666666666666,0.8814128256513027,-0.02172126335564173,-0.00036202105592736216,
balanced_medium_current,w03,2026-02-03,2026-02-04,2026-02-10,301358,0.016666666666666666,0.8807114228456915,-0.0015974440894569453,-2.6624068157615752e-05,
balanced_medium_current,w03,2026-02-03,2026-02-04,2026-02-10,688122,0.016666666666666666,0.8800100200400802,-0.013091166411133393,-0.0002181861068522232,
balanced_medium_current,w03,2026-02-03,2026-02-04,2026-02-10,600499,0.016666666666666666,0.8779058116232465,-0.06929046563192909,-0.0011548410938654848,
balanced_medium_current,w03,2026-02-03,2026-02-04,2026-02-10,601399,0.016666666666666666,0.8765030060120241,-0.0019305019305019266,-3.217503217503211e-05,
balanced_medium_current,w03,2026-02-03,2026-02-04,2026-02-10,003031,0.016666666666666666,0.8751002004008017,-0.05655559811055777,-0.0009425933018426295,
balanced_medium_current,w03,2026-02-03,2026-02-04,2026-02-10,300763,0.016666666666666666,0.8743987975951905,-0.05069678039404135,-0.0008449463399006891,
balanced_medium_current,w03,2026-02-03,2026-02-04,2026-02-10,000960,0.016666666666666666,0.8734468937875752,0.0013808340237502215,2.3013900395837023e-05,
balanced_medium_current,w03,2026-02-03,2026-02-04,2026-02-10,000155,0.016666666666666666,0.8722945891783568,-0.012698412698412764,-0.00021164021164021273,
balanced_medium_current,w03,2026-02-03,2026-02-04,2026-02-10,002156,0.016666666666666666,0.869939879759519,-0.05364511691884466,-0.0008940852819807443,
balanced_medium_current,w03,2026-02-03,2026-02-04,2026-02-10,688676,0.016666666666666666,0.8687875751503007,-0.054989816700611094,-0.0009164969450101848,
balanced_medium_current,w03,2026-02-03,2026-02-04,2026-02-10,000021,0.016666666666666666,0.866683366733467,-0.03950451958486778,-0.0006584086597477963,
balanced_medium_current,w03,2026-02-03,2026-02-04,2026-02-10,002430,0.016666666666666666,0.8659819639278559,-0.011479591836734637,-0.00019132653061224394,
balanced_medium_current,w03,2026-02-03,2026-02-04,2026-02-10,002532,0.016666666666666666,0.8652805611222446,-0.00497512437810943,-8.291873963515717e-05,
balanced_medium_current,w03,2026-02-03,2026-02-04,2026-02-10,600378,0.016666666666666666,0.8638777555110222,-0.015176600441501265,-0.00025294334069168775,
balanced_medium_current,w03,2026-02-03,2026-02-04,2026-02-10,300037,0.016666666666666666,0.8968436873747496,0.014961101137043631,0.00024935168561739384,
balanced_medium_current,w03,2026-02-03,2026-02-04,2026-02-10,688709,0.016666666666666666,0.8975450901803608,-0.057148667886922966,-0.0009524777981153828,
balanced_medium_current,w03,2026-02-03,2026-02-04,2026-02-10,300919,0.016666666666666666,0.8996492985971944,-0.042705971277399946,-0.0007117661879566657,
balanced_medium_current,w03,2026-02-03,2026-02-04,2026-02-10,603077,0.016666666666666666,0.923496993987976,0.008230452674897082,0.0001371742112482847,
balanced_medium_current,w03,2026-02-03,2026-02-04,2026-02-10,300724,0.016666666666666666,0.9779559118236473,-0.08920187793427248,-0.001486697965571208,
balanced_medium_current,w03,2026-02-03,2026-02-04,2026-02-10,688525,0.016666666666666666,0.9751503006012023,-0.07529290144727785,-0.0012548816907879642,
balanced_medium_current,w03,2026-02-03,2026-02-04,2026-02-10,688027,0.016666666666666666,0.9744488977955912,0.07005797586621432,0.001167632931103572,
balanced_medium_current,w03,2026-02-03,2026-02-04,2026-02-10,002851,0.016666666666666666,0.9695390781563126,-0.045263157894736894,-0.0007543859649122816,
balanced_medium_current,w03,2026-02-03,2026-02-04,2026-02-10,600549,0.016666666666666666,0.9625250501002004,0.027055891776432972,0.0004509315296072162,
balanced_medium_current,w03,2026-02-03,2026-02-04,2026-02-10,688568,0.016666666666666666,0.9623246492985972,-0.05799350924227453,-0.0009665584873712422,
balanced_medium_current,w03,2026-02-03,2026-02-04,2026-02-10,688281,0.016666666666666666,0.9569138276553106,-0.03959401065219592,-0.0006599001775365986,
balanced_medium_current,w03,2026-02-03,2026-02-04,2026-02-10,688375,0.016666666666666666,0.9489979959919839,-0.06543887147335414,-0.0010906478578892357,
balanced_medium_current,w03,2026-02-03,2026-02-04,2026-02-10,601212,0.016666666666666666,0.9426853707414828,-0.11382113821138207,-0.001897018970189701,
balanced_medium_current,w03,2026-02-03,2026-02-04,2026-02-10,002429,0.016666666666666666,0.9407815631262525,0.1721649484536083,0.0028694158075601383,
balanced_medium_current,w03,2026-02-03,2026-02-04,2026-02-10,600673,0.016666666666666666,0.9256012024048097,0.13569220199244247,0.0022615366998740413,
balanced_medium_current,w03,2026-02-03,2026-02-04,2026-02-10,600497,0.016666666666666666,0.9241983967935873,-0.02428256070640189,-0.00040470934510669816,
balanced_medium_current,w03,2026-02-03,2026-02-04,2026-02-10,002756,0.016666666666666666,0.9178857715430863,-0.022540983606557208,-0.00037568306010928677,
balanced_medium_current,w03,2026-02-03,2026-02-04,2026-02-10,002738,0.016666666666666666,0.9017535070140281,-0.025044722719141266,-0.0004174120453190211,
balanced_medium_current,w03,2026-02-03,2026-02-04,2026-02-10,601168,0.016666666666666666,0.9157815631262526,-0.0375075620084695,-0.0006251260334744916,
balanced_medium_current,w03,2026-02-03,2026-02-04,2026-02-10,688347,0.016666666666666666,0.9150801603206413,-0.03479565590168621,-0.0005799275983614367,
balanced_medium_current,w03,2026-02-03,2026-02-04,2026-02-10,002185,0.016666666666666666,0.9143787575150302,-0.0591032608695653,-0.0009850543478260882,
balanced_medium_current,w03,2026-02-03,2026-02-04,2026-02-10,000878,0.016666666666666666,0.9136773547094189,-0.08383961117861483,-0.0013973268529769137,
balanced_medium_current,w03,2026-02-03,2026-02-04,2026-02-10,605358,0.016666666666666666,0.910871743486974,-0.04278728606356963,-0.0007131214343928272,
balanced_medium_current,w03,2026-02-03,2026-02-04,2026-02-10,000629,0.016666666666666666,0.9101703406813628,-0.018918918918918948,-0.0003153153153153158,
balanced_medium_current,w03,2026-02-03,2026-02-04,2026-02-10,000060,0.016666666666666666,0.9094689378757516,-0.02970297029702973,-0.0004950495049504955,
balanced_medium_current,w03,2026-02-03,2026-02-04,2026-02-10,300857,0.016666666666666666,0.907364729458918,0.046888567293777106,0.0007814761215629518,
balanced_medium_current,w03,2026-02-03,2026-02-04,2026-02-10,688385,0.016666666666666666,0.9059619238476955,0.040752351097178785,0.0006792058516196464,
balanced_medium_current,w03,2026-02-03,2026-02-04,2026-02-10,002436,0.016666666666666666,0.9052605210420843,-0.037980146741476206,-0.00063300244569127,
balanced_medium_current,w03,2026-02-03,2026-02-04,2026-02-10,601611,0.016666666666666666,0.9038577154308618,-0.02581863979848864,-0.000430310663308144,
balanced_medium_current,w03,2026-02-03,2026-02-04,2026-02-10,603979,0.016666666666666666,0.9031563126252506,-0.04095112285336866,-0.000682518714222811,
balanced_medium_current,w03,2026-02-03,2026-02-04,2026-02-10,688172,0.016666666666666666,0.8632264529058116,-0.021030245746691878,-0.00035050409577819794,
economic_medium_capacity,w03,2026-02-03,2026-02-04,2026-02-10,002155,0.05000000000000002,0.9750501002004008,-0.07289107289107288,-0.0036445536445536453,
economic_medium_capacity,w03,2026-02-03,2026-02-04,2026-02-10,300017,0.05000000000000002,0.9750501002004008,-0.032625582599689285,-0.0016312791299844648,
economic_medium_capacity,w03,2026-02-03,2026-02-04,2026-02-10,300136,0.05000000000000002,0.931187374749499,-0.11925785179389736,-0.00596289258969487,
economic_medium_capacity,w03,2026-02-03,2026-02-04,2026-02-10,600673,0.05000000000000002,0.931187374749499,0.13569220199244247,0.006784610099622126,
economic_medium_capacity,w03,2026-02-03,2026-02-04,2026-02-10,603920,0.05000000000000002,0.931187374749499,-0.0786468741079076,-0.0039323437053953815,
economic_medium_capacity,w03,2026-02-03,2026-02-04,2026-02-10,000021,0.05000000000000002,0.8978456913827655,-0.03950451958486778,-0.0019752259792433897,
economic_medium_capacity,w03,2026-02-03,2026-02-04,2026-02-10,000400,0.05000000000000002,0.8978456913827655,-0.0382427307206068,-0.0019121365360303406,
economic_medium_capacity,w03,2026-02-03,2026-02-04,2026-02-10,001389,0.05000000000000002,0.8978456913827655,-0.057050092764378446,-0.002852504638218923,
economic_medium_capacity,w03,2026-02-03,2026-02-04,2026-02-10,002044,0.05000000000000002,0.8978456913827655,-0.00417827298050133,-0.00020891364902506654,
economic_medium_capacity,w03,2026-02-03,2026-02-04,2026-02-10,002465,0.05000000000000002,0.8978456913827655,-0.013430330162283233,-0.0006715165081141619,
economic_medium_capacity,w03,2026-02-03,2026-02-04,2026-02-10,002837,0.047619047619047644,0.8978456913827655,-0.05447754395554327,-0.002594168759787776,
economic_medium_capacity,w03,2026-02-03,2026-02-04,2026-02-10,300115,0.04523809523809524,0.8978456913827655,0.006493506493506551,0.0002937538651824392,
economic_medium_capacity,w03,2026-02-03,2026-02-04,2026-02-10,600487,0.04285714285714283,0.8978456913827655,0.14415656008820288,0.0061781382894944056,
economic_medium_capacity,w03,2026-02-03,2026-02-04,2026-02-10,601179,0.04047619047619047,0.8978456913827655,-0.07994923857868019,-0.003236040609137055,
economic_medium_capacity,w03,2026-02-03,2026-02-04,2026-02-10,603000,0.038095238095238106,0.8978456913827655,0.042874156411274233,0.0016333011966199712,
economic_medium_capacity,w03,2026-02-03,2026-02-04,2026-02-10,688017,0.03571428571428571,0.8978456913827655,0.01782301435619349,0.0006365362270069103,
economic_medium_capacity,w03,2026-02-03,2026-02-04,2026-02-10,000629,0.03333333333333334,0.882940881763527,-0.018918918918918948,-0.0006306306306306317,
economic_medium_capacity,w03,2026-02-03,2026-02-04,2026-02-10,000878,0.03095238095238096,0.882940881763527,-0.08383961117861483,-0.0025950355840999835,
economic_medium_capacity,w03,2026-02-03,2026-02-04,2026-02-10,002195,0.028571428571428574,0.882940881763527,-0.026188166828322146,-0.0007482333379520614,
economic_medium_capacity,w03,2026-02-03,2026-02-04,2026-02-10,300454,0.026190476190476195,0.882940881763527,-0.04306953796919799,-0.0011280117087170904,
economic_medium_capacity,w03,2026-02-03,2026-02-04,2026-02-10,300857,0.023809523809523822,0.882940881763527,0.046888567293777106,0.001116394459375646,
economic_medium_capacity,w03,2026-02-03,2026-02-04,2026-02-10,301358,0.021428571428571415,0.882940881763527,-0.0015974440894569453,-3.4230944774077374e-05,
economic_medium_capacity,w03,2026-02-03,2026-02-04,2026-02-10,600498,0.019047619047619053,0.882940881763527,0.03492213308164227,0.0006651834872693767,
economic_medium_capacity,w03,2026-02-03,2026-02-04,2026-02-10,601106,0.01666666666666667,0.882940881763527,-0.041984732824427606,-0.0006997455470737936,
economic_medium_capacity,w03,2026-02-03,2026-02-04,2026-02-10,601611,0.014285714285714287,0.882940881763527,-0.02581863979848864,-0.00036883771140698064,
economic_medium_capacity,w03,2026-02-03,2026-02-04,2026-02-10,605358,0.011904761904761911,0.882940881763527,-0.04278728606356963,-0.000509372453137734,
economic_medium_capacity,w03,2026-02-03,2026-02-04,2026-02-10,688172,0.009523809523809526,0.882940881763527,-0.021030245746691878,-0.0002002880547303989,
economic_medium_capacity,w03,2026-02-03,2026-02-04,2026-02-10,000060,0.0071428571428571435,0.8539829659318637,-0.02970297029702973,-0.00021216407355021237,
economic_medium_capacity,w03,2026-02-03,2026-02-04,2026-02-10,000426,0.004761904761904763,0.8539829659318637,-0.035568513119533685,-0.0001693738719977795,
economic_medium_capacity,w03,2026-02-03,2026-02-04,2026-02-10,000657,0.0023809523809523816,0.8539829659318637,0.012547851977881663,2.9875838042575396e-05,
recent_compact_capacity,w03,2026-02-03,2026-02-04,2026-02-10,300454,0.045,0.8368486973947896,-0.04306953796919799,-0.0019381292086139096,
recent_compact_capacity,w03,2026-02-03,2026-02-04,2026-02-10,000703,0.045,0.836748496993988,0.15311418685121092,0.006890138408304491,
recent_compact_capacity,w03,2026-02-03,2026-02-04,2026-02-10,600316,0.045,0.8366983967935872,0.024859287054409096,0.0011186679174484092,
recent_compact_capacity,w03,2026-02-03,2026-02-04,2026-02-10,300751,0.045,0.8366482965931864,-0.08026865671641792,-0.003612089552238806,
recent_compact_capacity,w03,2026-02-03,2026-02-04,2026-02-10,688563,0.045,0.8365981963927855,-0.012691771269177088,-0.000571129707112969,
recent_compact_capacity,w03,2026-02-03,2026-02-04,2026-02-10,300567,0.045,0.8365480961923848,0.023815082885827676,0.0010716787298622455,
recent_compact_capacity,w03,2026-02-03,2026-02-04,2026-02-10,300058,0.045,0.836497995991984,-0.11060743427017217,-0.0049773345421577474,
recent_compact_capacity,w03,2026-02-03,2026-02-04,2026-02-10,003035,0.045,0.8364478957915832,-0.0766129032258065,-0.003447580645161292,
recent_compact_capacity,w03,2026-02-03,2026-02-04,2026-02-10,605358,0.045,0.8363476953907816,-0.04278728606356963,-0.0019254278728606333,
recent_compact_capacity,w03,2026-02-03,2026-02-04,2026-02-10,600487,0.045,0.8362975951903808,0.14415656008820288,0.006487045203969129,
recent_compact_capacity,w03,2026-02-03,2026-02-04,2026-02-10,002851,0.045,0.8361973947895792,-0.045263157894736894,-0.0020368421052631602,
recent_compact_capacity,w03,2026-02-03,2026-02-04,2026-02-10,688027,0.045,0.8361472945891784,0.07005797586621432,0.003152608913979644,
recent_compact_capacity,w03,2026-02-03,2026-02-04,2026-02-10,000738,0.045,0.8360971943887776,0.07733952049497295,0.0034802784222737826,
recent_compact_capacity,w03,2026-02-03,2026-02-04,2026-02-10,001389,0.045,0.8360470941883767,-0.057050092764378446,-0.00256725417439703,
recent_compact_capacity,w03,2026-02-03,2026-02-04,2026-02-10,300383,0.04352941176470591,0.835996993987976,0.08292682926829298,0.0036097560975609905,
recent_compact_capacity,w03,2026-02-03,2026-02-04,2026-02-10,688234,0.040808823529411745,0.8359468937875751,0.047783087009667824,0.001949971565468061,
recent_compact_capacity,w03,2026-02-03,2026-02-04,2026-02-10,603920,0.038088235294117645,0.8358967935871744,-0.0786468741079076,-0.0029955206461688335,
recent_compact_capacity,w03,2026-02-03,2026-02-04,2026-02-10,000629,0.03536764705882354,0.8358466933867735,-0.018918918918918948,-0.0006691176470588247,
recent_compact_capacity,w03,2026-02-03,2026-02-04,2026-02-10,002414,0.032647058823529425,0.8357965931863728,-0.013633669235329049,-0.0004450992015063309,
recent_compact_capacity,w03,2026-02-03,2026-02-04,2026-02-10,301308,0.029926470588235287,0.8357464929859719,-0.057706760775087296,-0.0017269596790779797,
recent_compact_capacity,w03,2026-02-03,2026-02-04,2026-02-10,600673,0.027205882352941184,0.8356963927855712,0.13569220199244247,0.003691626083617921,
recent_compact_capacity,w03,2026-02-03,2026-02-04,2026-02-10,002756,0.02448529411764706,0.8356462925851703,-0.022540983606557208,-0.000551922613307614,
recent_compact_capacity,w03,2026-02-03,2026-02-04,2026-02-10,688347,0.021764705882352953,0.8355961923847696,-0.03479565590168621,-0.000757317216683759,
recent_compact_capacity,w03,2026-02-03,2026-02-04,2026-02-10,688361,0.019044117647058822,0.8355460921843687,0.03636460725156199,0.0006925318586878348,
recent_compact_capacity,w03,2026-02-03,2026-02-04,2026-02-10,002353,0.016323529411764712,0.835495991983968,0.01698513800424628,0.00027725739977519677,
recent_compact_capacity,w03,2026-02-03,2026-02-04,2026-02-10,688295,0.013602941176470592,0.8354458917835672,-0.06335403726708078,-0.0008618012422360255,
recent_compact_capacity,w03,2026-02-03,2026-02-04,2026-02-10,301358,0.010882352941176477,0.8353456913827656,-0.0015974440894569453,-1.7383950385266768e-05,
recent_compact_capacity,w03,2026-02-03,2026-02-04,2026-02-10,000400,0.008161764705882356,0.8352955911823647,-0.0382427307206068,-0.0003121281698520115,
recent_compact_capacity,w03,2026-02-03,2026-02-04,2026-02-10,002271,0.005441176470588238,0.835245490981964,0.03690685413005257,0.0002008167062958744,
recent_compact_capacity,w03,2026-02-03,2026-02-04,2026-02-10,002044,0.002720588235294119,0.8351953907815631,-0.00417827298050133,-1.1367360314599212e-05,
recent_compact_current,w03,2026-02-03,2026-02-04,2026-02-10,600316,0.06451612903225806,0.9174098196392786,0.024859287054409096,0.0016038249712521998,
recent_compact_current,w03,2026-02-03,2026-02-04,2026-02-10,000703,0.06236559139784946,0.9155060120240481,0.15311418685121092,0.009549056814376594,
recent_compact_current,w03,2026-02-03,2026-02-04,2026-02-10,688563,0.060215053763440864,0.9145541082164328,-0.012691771269177088,-0.0007642356893267924,
recent_compact_current,w03,2026-02-03,2026-02-04,2026-02-10,300383,0.05806451612903226,0.9136022044088177,0.08292682926829298,0.004815106215578302,
recent_compact_current,w03,2026-02-03,2026-02-04,2026-02-10,300454,0.05591397849462366,0.9116983967935872,-0.04306953796919799,-0.0024081892197831134,
recent_compact_current,w03,2026-02-03,2026-02-04,2026-02-10,000738,0.053763440860215055,0.9107464929859719,0.07733952049497295,0.004158038736288868,
recent_compact_current,w03,2026-02-03,2026-02-04,2026-02-10,000400,0.05161290322580645,0.9097945891783568,-0.0382427307206068,-0.001973818359773254,
recent_compact_current,w03,2026-02-03,2026-02-04,2026-02-10,688234,0.04946236559139785,0.9088426853707414,0.047783087009667824,0.0023634645187577633,
recent_compact_current,w03,2026-02-03,2026-02-04,2026-02-10,601118,0.047311827956989246,0.9078907815631263,-0.03285714285714292,-0.0015545314900153638,
recent_compact_current,w03,2026-02-03,2026-02-04,2026-02-10,605358,0.04516129032258064,0.906938877755511,-0.04278728606356963,-0.0019323290480321768,
recent_compact_current,w03,2026-02-03,2026-02-04,2026-02-10,003035,0.043010752688172046,0.9059869739478957,-0.0766129032258065,-0.0032951786333680214,
recent_compact_current,w03,2026-02-03,2026-02-04,2026-02-10,000629,0.04086021505376344,0.9012274549098196,-0.018918918918918948,-0.000773031095611742,
recent_compact_current,w03,2026-02-03,2026-02-04,2026-02-10,600435,0.03870967741935484,0.9002755511022044,0.01319736052789433,0.0005108655688217161,
recent_compact_current,w03,2026-02-03,2026-02-04,2026-02-10,002436,0.03655913978494624,0.8993236472945891,-0.037980146741476206,-0.001388521493774399,
recent_compact_current,w03,2026-02-03,2026-02-04,2026-02-10,688347,0.034408602150537634,0.8983717434869739,-0.03479565590168621,-0.0011972698804881274,
recent_compact_current,w03,2026-02-03,2026-02-04,2026-02-10,688172,0.03225806451612903,0.8974198396793587,-0.021030245746691878,-0.0006783950240868348,
recent_compact_current,w03,2026-02-03,2026-02-04,2026-02-10,301308,0.030107526881720432,0.8964679358717434,-0.057706760775087296,-0.001737407851292951,
recent_compact_current,w03,2026-02-03,2026-02-04,2026-02-10,300567,0.02795698924731183,0.8955160320641282,0.023815082885827676,0.0006657980161629243,
recent_compact_current,w03,2026-02-03,2026-02-04,2026-02-10,002465,0.025806451612903226,0.894564128256513,-0.013430330162283233,-0.000346589165478277,
recent_compact_current,w03,2026-02-03,2026-02-04,2026-02-10,300757,0.023655913978494623,0.8917084168336673,-0.04201977401129953,-0.0009940161594070855,
recent_compact_current,w03,2026-02-03,2026-02-04,2026-02-10,002756,0.021505376344086023,0.8907565130260522,-0.022540983606557208,-0.00048475233562488625,
recent_compact_current,w03,2026-02-03,2026-02-04,2026-02-10,600871,0.01935483870967742,0.8879008016032064,0.05208333333333326,0.001008064516129031,
recent_compact_current,w03,2026-02-03,2026-02-04,2026-02-10,601615,0.017204301075268817,0.8869488977955912,-0.04633956386292837,-0.0007972398083944665,
recent_compact_current,w03,2026-02-03,2026-02-04,2026-02-10,002851,0.015053763440860216,0.8859969939879759,-0.045263157894736894,-0.0006813808715336737,
recent_compact_current,w03,2026-02-03,2026-02-04,2026-02-10,000830,0.012903225806451613,0.884569138276553,0.013165426445334916,0.000169876470262386,
recent_compact_current,w03,2026-02-03,2026-02-04,2026-02-10,002064,0.010752688172043012,0.884569138276553,0.06872852233676974,0.0007390163692125778,
recent_compact_current,w03,2026-02-03,2026-02-04,2026-02-10,688599,0.008602150537634409,0.8812374749498998,0.011341222879684532,9.755890649190995e-05,
recent_compact_current,w03,2026-02-03,2026-02-04,2026-02-10,300373,0.0064516129032258064,0.8802855711422846,-0.00012461059190038704,-8.039393025831422e-07,
recent_compact_current,w03,2026-02-03,2026-02-04,2026-02-10,603000,0.004301075268817204,0.8793336673346693,0.042874156411274233,0.00018440497381193218,
recent_compact_current,w03,2026-02-03,2026-02-04,2026-02-10,601611,0.002150537634408602,0.8783817635270541,-0.02581863979848864,-5.552395655588955e-05,
short_aggressive_compact_capacity,w03,2026-02-03,2026-02-04,2026-02-10,300017,0.06451612903225806,0.9926853707414829,-0.032625582599689285,-0.002104876296754147,
short_aggressive_compact_capacity,w03,2026-02-03,2026-02-04,2026-02-10,688563,0.06236559139784946,0.9902805611222445,-0.012691771269177088,-0.0007915298210884635,
short_aggressive_compact_capacity,w03,2026-02-03,2026-02-04,2026-02-10,600487,0.060215053763440864,0.9890781563126252,0.14415656008820288,0.00868039501606383,
short_aggressive_compact_capacity,w03,2026-02-03,2026-02-04,2026-02-10,300383,0.05806451612903226,0.9842685370741483,0.08292682926829298,0.004815106215578302,
short_aggressive_compact_capacity,w03,2026-02-03,2026-02-04,2026-02-10,601212,0.05591397849462366,0.9803607214428858,-0.11382113821138207,-0.006364192674184804,
short_aggressive_compact_capacity,w03,2026-02-03,2026-02-04,2026-02-10,301308,0.053763440860215055,0.9534068136272544,-0.057706760775087296,-0.0031025140201659837,
short_aggressive_compact_capacity,w03,2026-02-03,2026-02-04,2026-02-10,001389,0.05161290322580645,0.9530060120240481,-0.057050092764378446,-0.002944520916871146,
short_aggressive_compact_capacity,w03,2026-02-03,2026-02-04,2026-02-10,688387,0.04946236559139785,0.9437875751503007,-0.11764705882352944,-0.005819101834282101,
short_aggressive_compact_capacity,w03,2026-02-03,2026-02-04,2026-02-10,000426,0.047311827956989246,0.9419839679358717,-0.035568513119533685,-0.0016828113733972925,
short_aggressive_compact_capacity,w03,2026-02-03,2026-02-04,2026-02-10,300454,0.04516129032258064,0.9349699398797594,-0.04306953796919799,-0.0019450759082863607,
short_aggressive_compact_capacity,w03,2026-02-03,2026-02-04,2026-02-10,002851,0.043010752688172046,0.9343687374749499,-0.045263157894736894,-0.0019468024900962107,
short_aggressive_compact_capacity,w03,2026-02-03,2026-02-04,2026-02-10,688027,0.04086021505376344,0.9331663326653306,0.07005797586621432,0.0028625839601248864,
short_aggressive_compact_capacity,w03,2026-02-03,2026-02-04,2026-02-10,300724,0.03870967741935484,0.9319639278557112,-0.08920187793427248,-0.003452975920036354,
short_aggressive_compact_capacity,w03,2026-02-03,2026-02-04,2026-02-10,002008,0.03655913978494624,0.9295591182364729,-0.004165013883379642,-0.00015226932476871812,
short_aggressive_compact_capacity,w03,2026-02-03,2026-02-04,2026-02-10,300857,0.034408602150537634,0.9247494989979959,0.046888567293777106,0.0016133700574202875,
short_aggressive_compact_capacity,w03,2026-02-03,2026-02-04,2026-02-10,688568,0.03225806451612903,0.9217434869739478,-0.05799350924227453,-0.0018707583626540172,
short_aggressive_compact_capacity,w03,2026-02-03,2026-02-04,2026-02-10,300570,0.030107526881720432,0.9211422845691383,0.09312127236580525,0.0028036512110134917,
short_aggressive_compact_capacity,w03,2026-02-03,2026-02-04,2026-02-10,301358,0.02795698924731183,0.9211422845691382,-0.0015974440894569453,-4.465972723212965e-05,
short_aggressive_compact_capacity,w03,2026-02-03,2026-02-04,2026-02-10,601399,0.025806451612903226,0.9205410821643285,-0.0019305019305019266,-4.981940465811423e-05,
short_aggressive_compact_capacity,w03,2026-02-03,2026-02-04,2026-02-10,000878,0.023655913978494623,0.9193386773547093,-0.08383961117861483,-0.0019833026300317483,
short_aggressive_compact_capacity,w03,2026-02-03,2026-02-04,2026-02-10,002738,0.021505376344086023,0.9181362725450901,-0.025044722719141266,-0.0005385961875084144,
short_aggressive_compact_capacity,w03,2026-02-03,2026-02-04,2026-02-10,688002,0.01935483870967742,0.9169338677354708,0.001221107719145298,2.3634342951199314e-05,
short_aggressive_compact_capacity,w03,2026-02-03,2026-02-04,2026-02-10,605358,0.017204301075268817,0.9163326653306612,-0.04278728606356963,-0.0007361253516313055,
short_aggressive_compact_capacity,w03,2026-02-03,2026-02-04,2026-02-10,601611,0.015053763440860216,0.9151302605210421,-0.02581863979848864,-0.0003886676958912269,
short_aggressive_compact_capacity,w03,2026-02-03,2026-02-04,2026-02-10,603920,0.012903225806451613,0.9139278557114228,-0.0786468741079076,-0.0010147983755859045,
short_aggressive_compact_capacity,w03,2026-02-03,2026-02-04,2026-02-10,300757,0.010752688172043012,0.9127254509018035,-0.04201977401129953,-0.00045182552700322073,
short_aggressive_compact_capacity,w03,2026-02-03,2026-02-04,2026-02-10,002436,0.008602150537634409,0.9121242484969939,-0.037980146741476206,-0.00032671093971162326,
short_aggressive_compact_capacity,w03,2026-02-03,2026-02-04,2026-02-10,002429,0.0064516129032258064,0.9091182364729458,0.1721649484536083,0.001110741602926505,
short_aggressive_compact_capacity,w03,2026-02-03,2026-02-04,2026-02-10,002409,0.004301075268817204,0.9055110220440881,-0.011855104281009887,-5.098969583230059e-05,
short_aggressive_compact_capacity,w03,2026-02-03,2026-02-04,2026-02-10,000629,0.002150537634408602,0.9031062124248497,-0.018918918918918948,-4.06858471374601e-05,
short_aggressive_medium_capacity,w03,2026-02-03,2026-02-04,2026-02-10,300017,0.06451612903225806,0.9926853707414829,-0.032625582599689285,-0.002104876296754147,
short_aggressive_medium_capacity,w03,2026-02-03,2026-02-04,2026-02-10,688563,0.06236559139784946,0.9902805611222445,-0.012691771269177088,-0.0007915298210884635,
short_aggressive_medium_capacity,w03,2026-02-03,2026-02-04,2026-02-10,600487,0.060215053763440864,0.9890781563126252,0.14415656008820288,0.00868039501606383,
short_aggressive_medium_capacity,w03,2026-02-03,2026-02-04,2026-02-10,300383,0.05806451612903226,0.9842685370741483,0.08292682926829298,0.004815106215578302,
short_aggressive_medium_capacity,w03,2026-02-03,2026-02-04,2026-02-10,601212,0.05591397849462366,0.9803607214428858,-0.11382113821138207,-0.006364192674184804,
short_aggressive_medium_capacity,w03,2026-02-03,2026-02-04,2026-02-10,301308,0.053763440860215055,0.9534068136272544,-0.057706760775087296,-0.0031025140201659837,
short_aggressive_medium_capacity,w03,2026-02-03,2026-02-04,2026-02-10,001389,0.05161290322580645,0.9530060120240481,-0.057050092764378446,-0.002944520916871146,
short_aggressive_medium_capacity,w03,2026-02-03,2026-02-04,2026-02-10,688387,0.04946236559139785,0.9437875751503007,-0.11764705882352944,-0.005819101834282101,
short_aggressive_medium_capacity,w03,2026-02-03,2026-02-04,2026-02-10,000426,0.047311827956989246,0.9419839679358717,-0.035568513119533685,-0.0016828113733972925,
short_aggressive_medium_capacity,w03,2026-02-03,2026-02-04,2026-02-10,300454,0.04516129032258064,0.9349699398797594,-0.04306953796919799,-0.0019450759082863607,
short_aggressive_medium_capacity,w03,2026-02-03,2026-02-04,2026-02-10,002851,0.043010752688172046,0.9343687374749499,-0.045263157894736894,-0.0019468024900962107,
short_aggressive_medium_capacity,w03,2026-02-03,2026-02-04,2026-02-10,688027,0.04086021505376344,0.9331663326653306,0.07005797586621432,0.0028625839601248864,
short_aggressive_medium_capacity,w03,2026-02-03,2026-02-04,2026-02-10,300724,0.03870967741935484,0.9319639278557112,-0.08920187793427248,-0.003452975920036354,
short_aggressive_medium_capacity,w03,2026-02-03,2026-02-04,2026-02-10,002008,0.03655913978494624,0.9295591182364729,-0.004165013883379642,-0.00015226932476871812,
short_aggressive_medium_capacity,w03,2026-02-03,2026-02-04,2026-02-10,300857,0.034408602150537634,0.9247494989979959,0.046888567293777106,0.0016133700574202875,
short_aggressive_medium_capacity,w03,2026-02-03,2026-02-04,2026-02-10,688568,0.03225806451612903,0.9217434869739478,-0.05799350924227453,-0.0018707583626540172,
short_aggressive_medium_capacity,w03,2026-02-03,2026-02-04,2026-02-10,300570,0.030107526881720432,0.9211422845691383,0.09312127236580525,0.0028036512110134917,
short_aggressive_medium_capacity,w03,2026-02-03,2026-02-04,2026-02-10,301358,0.02795698924731183,0.9211422845691382,-0.0015974440894569453,-4.465972723212965e-05,
short_aggressive_medium_capacity,w03,2026-02-03,2026-02-04,2026-02-10,601399,0.025806451612903226,0.9205410821643285,-0.0019305019305019266,-4.981940465811423e-05,
short_aggressive_medium_capacity,w03,2026-02-03,2026-02-04,2026-02-10,000878,0.023655913978494623,0.9193386773547093,-0.08383961117861483,-0.0019833026300317483,
short_aggressive_medium_capacity,w03,2026-02-03,2026-02-04,2026-02-10,002738,0.021505376344086023,0.9181362725450901,-0.025044722719141266,-0.0005385961875084144,
short_aggressive_medium_capacity,w03,2026-02-03,2026-02-04,2026-02-10,688002,0.01935483870967742,0.9169338677354708,0.001221107719145298,2.3634342951199314e-05,
short_aggressive_medium_capacity,w03,2026-02-03,2026-02-04,2026-02-10,605358,0.017204301075268817,0.9163326653306612,-0.04278728606356963,-0.0007361253516313055,
short_aggressive_medium_capacity,w03,2026-02-03,2026-02-04,2026-02-10,601611,0.015053763440860216,0.9151302605210421,-0.02581863979848864,-0.0003886676958912269,
short_aggressive_medium_capacity,w03,2026-02-03,2026-02-04,2026-02-10,603920,0.012903225806451613,0.9139278557114228,-0.0786468741079076,-0.0010147983755859045,
short_aggressive_medium_capacity,w03,2026-02-03,2026-02-04,2026-02-10,300757,0.010752688172043012,0.9127254509018035,-0.04201977401129953,-0.00045182552700322073,
short_aggressive_medium_capacity,w03,2026-02-03,2026-02-04,2026-02-10,002436,0.008602150537634409,0.9121242484969939,-0.037980146741476206,-0.00032671093971162326,
short_aggressive_medium_capacity,w03,2026-02-03,2026-02-04,2026-02-10,002429,0.0064516129032258064,0.9091182364729458,0.1721649484536083,0.001110741602926505,
short_aggressive_medium_capacity,w03,2026-02-03,2026-02-04,2026-02-10,002409,0.004301075268817204,0.9055110220440881,-0.011855104281009887,-5.098969583230059e-05,
short_aggressive_medium_capacity,w03,2026-02-03,2026-02-04,2026-02-10,000629,0.002150537634408602,0.9031062124248497,-0.018918918918918948,-4.06858471374601e-05,
short_aggressive_wide_capacity,w03,2026-02-03,2026-02-04,2026-02-10,688563,0.055,0.9719188376753508,-0.012691771269177088,-0.0006980474198047398,
short_aggressive_wide_capacity,w03,2026-02-03,2026-02-04,2026-02-10,601061,0.055,0.9714679358717435,-0.04126547455295737,-0.0022696011004126556,
short_aggressive_wide_capacity,w03,2026-02-03,2026-02-04,2026-02-10,300383,0.055,0.970115230460922,0.08292682926829298,0.004560975609756114,
short_aggressive_wide_capacity,w03,2026-02-03,2026-02-04,2026-02-10,600487,0.055,0.968311623246493,0.14415656008820288,0.007928610804851159,
short_aggressive_wide_capacity,w03,2026-02-03,2026-02-04,2026-02-10,300017,0.055,0.9647044088176353,-0.032625582599689285,-0.0017944070429829107,
short_aggressive_wide_capacity,w03,2026-02-03,2026-02-04,2026-02-10,300496,0.055,0.9638026052104209,-0.0037037037037038756,-0.00020370370370371315,
short_aggressive_wide_capacity,w03,2026-02-03,2026-02-04,2026-02-10,000400,0.05360000000000002,0.9633517034068138,-0.0382427307206068,-0.0020498103666245254,
short_aggressive_wide_capacity,w03,2026-02-03,2026-02-04,2026-02-10,688777,0.05136666666666666,0.9624498997995993,-0.0625,-0.003210416666666666,
short_aggressive_wide_capacity,w03,2026-02-03,2026-02-04,2026-02-10,002465,0.049133333333333334,0.9570390781563127,-0.013430330162283233,-0.0006598768886401828,
short_aggressive_wide_capacity,w03,2026-02-03,2026-02-04,2026-02-10,002044,0.0469,0.9565881763527055,-0.00417827298050133,-0.00019596100278551236,
short_aggressive_wide_capacity,w03,2026-02-03,2026-02-04,2026-02-10,001389,0.044666666666666674,0.9507264529058117,-0.057050092764378446,-0.0025482374768089045,
short_aggressive_wide_capacity,w03,2026-02-03,2026-02-04,2026-02-10,301536,0.04243333333333334,0.9475701402805612,-0.042215611276384846,-0.0017913491051612638,
short_aggressive_wide_capacity,w03,2026-02-03,2026-02-04,2026-02-10,600435,0.0402,0.9462174348697395,0.01319736052789433,0.000530533893221352,
short_aggressive_wide_capacity,w03,2026-02-03,2026-02-04,2026-02-10,603000,0.03796666666666667,0.9421593186372746,0.042874156411274233,0.0016277888050813785,
short_aggressive_wide_capacity,w03,2026-02-03,2026-02-04,2026-02-10,688629,0.03573333333333334,0.9417084168336673,0.004230565838180933,0.00015117221928433202,
short_aggressive_wide_capacity,w03,2026-02-03,2026-02-04,2026-02-10,300567,0.0335,0.9399048096192386,0.023815082885827676,0.0007978052766752272,
short_aggressive_wide_capacity,w03,2026-02-03,2026-02-04,2026-02-10,300751,0.031266666666666665,0.9374248496993989,-0.08026865671641792,-0.0025097333333333333,
short_aggressive_wide_capacity,w03,2026-02-03,2026-02-04,2026-02-10,688525,0.029033333333333335,0.9360721442885772,-0.07529290144727785,-0.0021860039053526337,
short_aggressive_wide_capacity,w03,2026-02-03,2026-02-04,2026-02-10,300115,0.02680000000000001,0.9299849699398799,0.006493506493506551,0.00017402597402597564,
short_aggressive_wide_capacity,w03,2026-02-03,2026-02-04,2026-02-10,002025,0.024566666666666667,0.9281813627254509,-0.023567119155354477,-0.0005789655605832083,
short_aggressive_wide_capacity,w03,2026-02-03,2026-02-04,2026-02-10,002335,0.022333333333333337,0.9277304609218437,-0.037851827887415146,-0.0008453574894856051,
short_aggressive_wide_capacity,w03,2026-02-03,2026-02-04,2026-02-10,002402,0.0201,0.9272795591182366,-0.021744966442953095,-0.0004370738255033572,
short_aggressive_wide_capacity,w03,2026-02-03,2026-02-04,2026-02-10,688387,0.01786666666666667,0.9252505010020041,-0.11764705882352944,-0.0021019607843137263,
short_aggressive_wide_capacity,w03,2026-02-03,2026-02-04,2026-02-10,600637,0.015633333333333332,0.9250250501002004,0.03555941023417164,0.0005559121133275499,
short_aggressive_wide_capacity,w03,2026-02-03,2026-02-04,2026-02-10,688281,0.013400000000000006,0.9234468937875753,-0.03959401065219592,-0.0005305597427394255,
short_aggressive_wide_capacity,w03,2026-02-03,2026-02-04,2026-02-10,000021,0.011166666666666668,0.9232214428857717,-0.03950451958486778,-0.00044113380203102365,
short_aggressive_wide_capacity,w03,2026-02-03,2026-02-04,2026-02-10,300699,0.008933333333333335,0.9227705410821644,-0.04993909866017043,-0.0004461226146975226,
short_aggressive_wide_capacity,w03,2026-02-03,2026-02-04,2026-02-10,600988,0.006700000000000003,0.9223196392785572,-0.07541478129713419,-0.0005052790346907992,
short_aggressive_wide_capacity,w03,2026-02-03,2026-02-04,2026-02-10,300570,0.004466666666666667,0.9146543086172345,0.09312127236580525,0.0004159416832339302,
short_aggressive_wide_capacity,w03,2026-02-03,2026-02-04,2026-02-10,601179,0.0022333333333333337,0.911497995991984,-0.07994923857868019,-0.0001785532994923858,
stable_compact_capacity,w03,2026-02-03,2026-02-04,2026-02-10,600487,0.05000000000000002,0.9862725450901804,0.14415656008820288,0.007207828004410146,
stable_compact_capacity,w03,2026-02-03,2026-02-04,2026-02-10,688777,0.05000000000000002,0.9780561122244489,-0.0625,-0.003125000000000001,
stable_compact_capacity,w03,2026-02-03,2026-02-04,2026-02-10,600352,0.05000000000000002,0.9718436873747496,0.11118784530386727,0.005559392265193365,
stable_compact_capacity,w03,2026-02-03,2026-02-04,2026-02-10,301611,0.05000000000000002,0.9588176352705412,0.07592824363788053,0.003796412181894028,
stable_compact_capacity,w03,2026-02-03,2026-02-04,2026-02-10,603920,0.05000000000000002,0.9513026052104208,-0.0786468741079076,-0.0039323437053953815,
stable_compact_capacity,w03,2026-02-03,2026-02-04,2026-02-10,300454,0.05000000000000002,0.9507014028056111,-0.04306953796919799,-0.0021534768984599003,
stable_compact_capacity,w03,2026-02-03,2026-02-04,2026-02-10,300724,0.05000000000000002,0.9498997995991983,-0.08920187793427248,-0.004460093896713625,
stable_compact_capacity,w03,2026-02-03,2026-02-04,2026-02-10,688027,0.05000000000000002,0.9496993987975951,0.07005797586621432,0.003502898793310717,
stable_compact_capacity,w03,2026-02-03,2026-02-04,2026-02-10,688568,0.05000000000000002,0.9490981963927855,-0.05799350924227453,-0.0028996754621137275,
stable_compact_capacity,w03,2026-02-03,2026-02-04,2026-02-10,002851,0.05000000000000002,0.9488977955911824,-0.045263157894736894,-0.0022631578947368454,
stable_compact_capacity,w03,2026-02-03,2026-02-04,2026-02-10,002756,0.047619047619047644,0.9486973947895792,-0.022540983606557208,-0.00107338017174082,
stable_compact_capacity,w03,2026-02-03,2026-02-04,2026-02-10,600497,0.04523809523809524,0.9484969939879759,-0.02428256070640189,-0.001098496793861038,
stable_compact_capacity,w03,2026-02-03,2026-02-04,2026-02-10,000960,0.04285714285714283,0.9482965931863727,0.0013808340237502215,5.9178601017866594e-05,
stable_compact_capacity,w03,2026-02-03,2026-02-04,2026-02-10,605358,0.04047619047619047,0.9478957915831663,-0.04278728606356963,-0.0017318663406682942,
stable_compact_capacity,w03,2026-02-03,2026-02-04,2026-02-10,000060,0.038095238095238106,0.9472945891783566,-0.02970297029702973,-0.0011315417256011328,
stable_compact_capacity,w03,2026-02-03,2026-02-04,2026-02-10,300285,0.03571428571428571,0.9470941883767534,-0.01581155211358498,-0.0005646982897708922,
stable_compact_capacity,w03,2026-02-03,2026-02-04,2026-02-10,688220,0.03333333333333334,0.9468937875751502,0.031847905061758164,0.001061596835391939,
stable_compact_capacity,w03,2026-02-03,2026-02-04,2026-02-10,002738,0.03095238095238096,0.9464929859719439,-0.025044722719141266,-0.0007751937984496108,
stable_compact_capacity,w03,2026-02-03,2026-02-04,2026-02-10,688709,0.028571428571428574,0.9462925851703406,-0.057148667886922966,-0.0016328190824835135,
stable_compact_capacity,w03,2026-02-03,2026-02-04,2026-02-10,603077,0.026190476190476195,0.9458917835671342,0.008230452674897082,0.00021555947481873312,
stable_compact_capacity,w03,2026-02-03,2026-02-04,2026-02-10,601611,0.023809523809523822,0.9452905811623246,-0.02581863979848864,-0.0006147295190116346,
stable_compact_capacity,w03,2026-02-03,2026-02-04,2026-02-10,300919,0.021428571428571415,0.9450901803607215,-0.042705971277399946,-0.000915127955944284,
stable_compact_capacity,w03,2026-02-03,2026-02-04,2026-02-10,688608,0.019047619047619053,0.9448897795591182,-0.009635008780673027,-0.00018352397677472436,
stable_compact_capacity,w03,2026-02-03,2026-02-04,2026-02-10,600392,0.01666666666666667,0.944689378757515,0.08868501529051986,0.0014780835881753314,
stable_compact_capacity,w03,2026-02-03,2026-02-04,2026-02-10,688385,0.014285714285714287,0.9444889779559118,0.040752351097178785,0.0005821764442454113,
stable_compact_capacity,w03,2026-02-03,2026-02-04,2026-02-10,600516,0.011904761904761911,0.9442885771543086,0.0035211267605634866,4.191817572099391e-05,
stable_compact_capacity,w03,2026-02-03,2026-02-04,2026-02-10,300037,0.009523809523809526,0.9440881763527054,0.014961101137043631,0.00014248667749565367,
stable_compact_capacity,w03,2026-02-03,2026-02-04,2026-02-10,300432,0.0071428571428571435,0.9432865731462925,0.06748826291079824,0.000482059020791416,
stable_compact_capacity,w03,2026-02-03,2026-02-04,2026-02-10,300748,0.004761904761904763,0.9428857715430861,-0.007573708412226154,-3.606527815345789e-05,
stable_compact_capacity,w03,2026-02-03,2026-02-04,2026-02-10,300857,0.0023809523809523816,0.942685370741483,0.046888567293777106,0.00011163944593756456,
stable_compact_current,w03,2026-02-03,2026-02-04,2026-02-10,300724,0.02857142857142857,0.9901803607214428,-0.08920187793427248,-0.0025486250838363564,
stable_compact_current,w03,2026-02-03,2026-02-04,2026-02-10,300919,0.02857142857142857,0.893687374749499,-0.042705971277399946,-0.0012201706079257126,
stable_compact_current,w03,2026-02-03,2026-02-04,2026-02-10,300285,0.02857142857142857,0.9014028056112224,-0.01581155211358498,-0.0004517586318167137,
stable_compact_current,w03,2026-02-03,2026-02-04,2026-02-10,000878,0.02857142857142857,0.9003006012024048,-0.08383961117861483,-0.002395417462246138,
stable_compact_current,w03,2026-02-03,2026-02-04,2026-02-10,605358,0.02857142857142857,0.8991983967935872,-0.04278728606356963,-0.0012224938875305608,
stable_compact_current,w03,2026-02-03,2026-02-04,2026-02-10,601611,0.02857142857142857,0.8975450901803608,-0.02581863979848864,-0.0007376754228139612,
stable_compact_current,w03,2026-02-03,2026-02-04,2026-02-10,688122,0.02857142857142857,0.8975450901803608,-0.013091166411133393,-0.00037403332603238264,
stable_compact_current,w03,2026-02-03,2026-02-04,2026-02-10,688027,0.02857142857142857,0.8958917835671343,0.07005797586621432,0.002001656453320409,
stable_compact_current,w03,2026-02-03,2026-02-04,2026-02-10,688385,0.02857142857142857,0.8925851703406814,0.040752351097178785,0.0011643528884908224,
stable_compact_current,w03,2026-02-03,2026-02-04,2026-02-10,002851,0.02857142857142857,0.9047094188376754,-0.045263157894736894,-0.0012932330827067683,
stable_compact_current,w03,2026-02-03,2026-02-04,2026-02-10,600499,0.02857142857142857,0.8909819639278557,-0.06929046563192909,-0.001979727589483688,
stable_compact_current,w03,2026-02-03,2026-02-04,2026-02-10,300857,0.02857142857142857,0.8892785571142284,0.046888567293777106,0.0013396733512507743,
stable_compact_current,w03,2026-02-03,2026-02-04,2026-02-10,688281,0.02857142857142857,0.8881763527054108,-0.03959401065219592,-0.0011312574472055977,
stable_compact_current,w03,2026-02-03,2026-02-04,2026-02-10,002738,0.02857142857142857,0.8870741482965933,-0.025044722719141266,-0.000715563506261179,
stable_compact_current,w03,2026-02-03,2026-02-04,2026-02-10,688709,0.02857142857142857,0.8859719438877756,-0.057148667886922966,-0.0016328190824835133,
stable_compact_current,w03,2026-02-03,2026-02-04,2026-02-10,601958,0.02857142857142857,0.8826653306613227,0.03077725612936888,0.0008793501751248251,
stable_compact_current,w03,2026-02-03,2026-02-04,2026-02-10,603806,0.02857142857142857,0.9025050100200401,0.028342245989304793,0.0008097784568372797,
stable_compact_current,w03,2026-02-03,2026-02-04,2026-02-10,688599,0.02857142857142857,0.905811623246493,0.011341222879684532,0.00032403493941955805,
stable_compact_current,w03,2026-02-03,2026-02-04,2026-02-10,002155,0.02857142857142857,0.98687374749499,-0.07289107289107288,-0.0020826020826020825,
stable_compact_current,w03,2026-02-03,2026-02-04,2026-02-10,603920,0.02857142857142857,0.917935871743487,-0.0786468741079076,-0.0022470535459402172,
stable_compact_current,w03,2026-02-03,2026-02-04,2026-02-10,300017,0.02857142857142857,0.9849699398797596,-0.032625582599689285,-0.0009321595028482652,
stable_compact_current,w03,2026-02-03,2026-02-04,2026-02-10,300757,0.02857142857142857,0.980260521042084,-0.04201977401129953,-0.0012005649717514151,
stable_compact_current,w03,2026-02-03,2026-02-04,2026-02-10,300751,0.02857142857142857,0.9714428857715431,-0.08026865671641792,-0.0022933901918976546,
stable_compact_current,w03,2026-02-03,2026-02-04,2026-02-10,600487,0.02857142857142857,0.9681362725450902,0.14415656008820288,0.004118758859662939,
stable_compact_current,w03,2026-02-03,2026-02-04,2026-02-10,601212,0.02857142857142857,0.9615230460921844,-0.11382113821138207,-0.003252032520325202,
stable_compact_current,w03,2026-02-03,2026-02-04,2026-02-10,688777,0.02857142857142857,0.9549098196392785,-0.0625,-0.0017857142857142857,
stable_compact_current,w03,2026-02-03,2026-02-04,2026-02-10,000738,0.02857142857142857,0.9168336673346694,0.07733952049497295,0.0022097005855706555,
stable_compact_current,w03,2026-02-03,2026-02-04,2026-02-10,000060,0.02857142857142857,0.9069138276553106,-0.02970297029702973,-0.0008486562942008494,
stable_compact_current,w03,2026-02-03,2026-02-04,2026-02-10,600673,0.02857142857142857,0.9157314629258517,0.13569220199244247,0.003876920056926928,
stable_compact_current,w03,2026-02-03,2026-02-04,2026-02-10,300454,0.02857142857142857,0.9124248496993989,-0.04306953796919799,-0.001230558227691371,
stable_compact_current,w03,2026-02-03,2026-02-04,2026-02-10,000960,0.02857142857142857,0.9113226452905812,0.0013808340237502215,3.9452400678577754e-05,
stable_compact_current,w03,2026-02-03,2026-02-04,2026-02-10,600497,0.02857142857142857,0.9091182364729459,-0.02428256070640189,-0.0006937874487543396,
stable_compact_current,w03,2026-02-03,2026-02-04,2026-02-10,002131,0.02857142857142857,0.9086172344689378,-0.17976424361493126,-0.005136121246140893,
stable_compact_current,w03,2026-02-03,2026-02-04,2026-02-10,002756,0.02857142857142857,0.9080160320641283,-0.022540983606557208,-0.0006440281030444916,
stable_compact_current,w03,2026-02-03,2026-02-04,2026-02-10,601615,0.02857142857142857,0.881062124248497,-0.04633956386292837,-0.0013239875389408104,
stable_extra_wide_capacity,w03,2026-02-03,2026-02-04,2026-02-10,688281,0.06451612903225806,0.9952404809619239,-0.03959401065219592,-0.0025544523001416724,
stable_extra_wide_capacity,w03,2026-02-03,2026-02-04,2026-02-10,603920,0.06236559139784946,0.9736723446893788,-0.0786468741079076,-0.004904858815331872,
stable_extra_wide_capacity,w03,2026-02-03,2026-02-04,2026-02-10,688525,0.060215053763440864,0.9657815631262525,-0.07529290144727785,-0.00453376610865329,
stable_extra_wide_capacity,w03,2026-02-03,2026-02-04,2026-02-10,300454,0.05806451612903226,0.963251503006012,-0.04306953796919799,-0.0025008118820824643,
stable_extra_wide_capacity,w03,2026-02-03,2026-02-04,2026-02-10,603077,0.05591397849462366,0.9621993987975952,0.008230452674897082,0.0004601973538652132,
stable_extra_wide_capacity,w03,2026-02-03,2026-02-04,2026-02-10,301308,0.053763440860215055,0.9611472945891784,-0.057706760775087296,-0.0031025140201659837,
stable_extra_wide_capacity,w03,2026-02-03,2026-02-04,2026-02-10,688220,0.05161290322580645,0.9600951903807615,0.031847905061758164,0.0016437628418971956,
stable_extra_wide_capacity,w03,2026-02-03,2026-02-04,2026-02-10,688027,0.04946236559139785,0.9590430861723447,0.07005797586621432,0.00346523321488802,
stable_extra_wide_capacity,w03,2026-02-03,2026-02-04,2026-02-10,000426,0.047311827956989246,0.9579909819639278,-0.035568513119533685,-0.0016828113733972925,
stable_extra_wide_capacity,w03,2026-02-03,2026-02-04,2026-02-10,002756,0.04516129032258064,0.956938877755511,-0.022540983606557208,-0.001017979904812261,
stable_extra_wide_capacity,w03,2026-02-03,2026-02-04,2026-02-10,688375,0.043010752688172046,0.956312625250501,-0.06543887147335414,-0.002814575117133512,
stable_extra_wide_capacity,w03,2026-02-03,2026-02-04,2026-02-10,605358,0.04086021505376344,0.9558867735470942,-0.04278728606356963,-0.0017482977101243506,
stable_extra_wide_capacity,w03,2026-02-03,2026-02-04,2026-02-10,600497,0.03870967741935484,0.9537825651302605,-0.02428256070640189,-0.0009399700918607184,
stable_extra_wide_capacity,w03,2026-02-03,2026-02-04,2026-02-10,688709,0.03655913978494624,0.9527304609218437,-0.057148667886922966,-0.0020893061378014846,
stable_extra_wide_capacity,w03,2026-02-03,2026-02-04,2026-02-10,000960,0.034408602150537634,0.9516783567134268,0.0013808340237502215,4.75125685591474e-05,
stable_extra_wide_capacity,w03,2026-02-03,2026-02-04,2026-02-10,300285,0.03225806451612903,0.9485220440881763,-0.01581155211358498,-0.0005100500681801607,
stable_extra_wide_capacity,w03,2026-02-03,2026-02-04,2026-02-10,300450,0.030107526881720432,0.9427354709418838,-0.03988651535380505,-0.0012008843332328403,
stable_extra_wide_capacity,w03,2026-02-03,2026-02-04,2026-02-10,300857,0.02795698924731183,0.9427354709418838,0.046888567293777106,0.0013108631716539836,
stable_extra_wide_capacity,w03,2026-02-03,2026-02-04,2026-02-10,300919,0.025806451612903226,0.9427354709418838,-0.042705971277399946,-0.0011020895813522566,
stable_extra_wide_capacity,w03,2026-02-03,2026-02-04,2026-02-10,601611,0.023655913978494623,0.9427354709418838,-0.02581863979848864,-0.0006107635221147851,
stable_extra_wide_capacity,w03,2026-02-03,2026-02-04,2026-02-10,688385,0.021505376344086023,0.9427354709418838,0.040752351097178785,0.0008763946472511567,
stable_extra_wide_capacity,w03,2026-02-03,2026-02-04,2026-02-10,688599,0.01935483870967742,0.9390531062124248,0.011341222879684532,0.0002195075396067974,
stable_extra_wide_capacity,w03,2026-02-03,2026-02-04,2026-02-10,002851,0.017204301075268817,0.9311623246492986,-0.045263157894736894,-0.0007787209960384842,
stable_extra_wide_capacity,w03,2026-02-03,2026-02-04,2026-02-10,300604,0.015053763440860216,0.9311623246492986,-0.007355787843592809,-0.00011073229011860143,
stable_extra_wide_capacity,w03,2026-02-03,2026-02-04,2026-02-10,000878,0.012903225806451613,0.9295841683366735,-0.08383961117861483,-0.001081801434562772,
stable_extra_wide_capacity,w03,2026-02-03,2026-02-04,2026-02-10,688122,0.010752688172043012,0.9285320641282566,-0.013091166411133393,-0.00014076523022724078,
stable_extra_wide_capacity,w03,2026-02-03,2026-02-04,2026-02-10,688608,0.008602150537634409,0.9274799599198398,-0.009635008780673027,-8.288179596277873e-05,
stable_extra_wide_capacity,w03,2026-02-03,2026-02-04,2026-02-10,000060,0.0064516129032258064,0.9264278557114229,-0.02970297029702973,-0.00019163206643244986,
stable_extra_wide_capacity,w03,2026-02-03,2026-02-04,2026-02-10,002738,0.004301075268817204,0.9243236472945893,-0.025044722719141266,-0.00010771923750168286,
stable_extra_wide_capacity,w03,2026-02-03,2026-02-04,2026-02-10,300724,0.002150537634408602,0.9232715430861724,-0.08920187793427248,-0.0001918319955575752,
stable_medium_capacity,w03,2026-02-03,2026-02-04,2026-02-10,300454,0.039999999999999994,0.9905561122244488,-0.04306953796919799,-0.0017227815187679193,
stable_medium_capacity,w03,2026-02-03,2026-02-04,2026-02-10,688281,0.039999999999999994,0.927254509018036,-0.03959401065219592,-0.0015837604260878367,
stable_medium_capacity,w03,2026-02-03,2026-02-04,2026-02-10,688709,0.039999999999999994,0.9233967935871743,-0.057148667886922966,-0.0022859467154769182,
stable_medium_capacity,w03,2026-02-03,2026-02-04,2026-02-10,600497,0.039999999999999994,0.9237474949899799,-0.02428256070640189,-0.0009713024282560754,
stable_medium_capacity,w03,2026-02-03,2026-02-04,2026-02-10,600352,0.039999999999999994,0.92437374749499,0.11118784530386727,0.00444751381215469,
stable_medium_capacity,w03,2026-02-03,2026-02-04,2026-02-10,605358,0.039999999999999994,0.9244488977955911,-0.04278728606356963,-0.0017114914425427849,
stable_medium_capacity,w03,2026-02-03,2026-02-04,2026-02-10,301308,0.039999999999999994,0.9898547094188377,-0.057706760775087296,-0.0023082704310034914,
stable_medium_capacity,w03,2026-02-03,2026-02-04,2026-02-10,688027,0.039999999999999994,0.925501002004008,0.07005797586621432,0.0028023190346485724,
stable_medium_capacity,w03,2026-02-03,2026-02-04,2026-02-10,688220,0.039999999999999994,0.9258517034068136,0.031847905061758164,0.0012739162024703265,
stable_medium_capacity,w03,2026-02-03,2026-02-04,2026-02-10,603077,0.039999999999999994,0.9265531062124248,0.008230452674897082,0.00032921810699588323,
stable_medium_capacity,w03,2026-02-03,2026-02-04,2026-02-10,002756,0.039999999999999994,0.9247995991983967,-0.022540983606557208,-0.0009016393442622881,
stable_medium_capacity,w03,2026-02-03,2026-02-04,2026-02-10,002670,0.039999999999999994,0.9291583166332665,-0.0030469226081657474,-0.00012187690432662988,
stable_medium_capacity,w03,2026-02-03,2026-02-04,2026-02-10,688777,0.039999999999999994,0.9520791583166333,-0.0625,-0.0024999999999999996,
stable_medium_capacity,w03,2026-02-03,2026-02-04,2026-02-10,600487,0.039999999999999994,0.9538326653306612,0.14415656008820288,0.005766262403528114,
stable_medium_capacity,w03,2026-02-03,2026-02-04,2026-02-10,688568,0.039999999999999994,0.9719689378757514,-0.05799350924227453,-0.0023197403696909808,
stable_medium_capacity,w03,2026-02-03,2026-02-04,2026-02-10,002202,0.039999999999999994,0.9765280561122244,-0.05486008836524292,-0.0021944035346097165,
stable_medium_capacity,w03,2026-02-03,2026-02-04,2026-02-10,688375,0.039999999999999994,0.9779308617234469,-0.06543887147335414,-0.0026175548589341653,
stable_medium_capacity,w03,2026-02-03,2026-02-04,2026-02-10,688525,0.039999999999999994,0.9810871743486973,-0.07529290144727785,-0.0030117160578911136,
stable_medium_capacity,w03,2026-02-03,2026-02-04,2026-02-10,000960,0.039999999999999994,0.9866983967935872,0.0013808340237502215,5.523336095000885e-05,
stable_medium_capacity,w03,2026-02-03,2026-02-04,2026-02-10,000426,0.039999999999999994,0.9888026052104208,-0.035568513119533685,-0.001422740524781347,
stable_medium_capacity,w03,2026-02-03,2026-02-04,2026-02-10,300748,0.03636363636363643,0.922695390781563,-0.007573708412226154,-0.00027540757862640615,
stable_medium_capacity,w03,2026-02-03,2026-02-04,2026-02-10,300285,0.03272727272727277,0.9219939879759519,-0.01581155211358498,-0.0005174689782627819,
stable_medium_capacity,w03,2026-02-03,2026-02-04,2026-02-10,300450,0.029090909090909126,0.920065130260521,-0.03988651535380505,-0.0011603349921106938,
stable_medium_capacity,w03,2026-02-03,2026-02-04,2026-02-10,300857,0.025454545454545487,0.920065130260521,0.046888567293777106,0.0011935271674779642,
stable_medium_capacity,w03,2026-02-03,2026-02-04,2026-02-10,300919,0.021818181818181834,0.920065130260521,-0.042705971277399946,-0.0009317666460523631,
stable_medium_capacity,w03,2026-02-03,2026-02-04,2026-02-10,601611,0.018181818181818216,0.920065130260521,-0.02581863979848864,-0.00046942981451797617,
stable_medium_capacity,w03,2026-02-03,2026-02-04,2026-02-10,603920,0.014545454545454563,0.920065130260521,-0.0786468741079076,-0.0011439545324786575,
stable_medium_capacity,w03,2026-02-03,2026-02-04,2026-02-10,688385,0.010909090909090917,0.920065130260521,0.040752351097178785,0.0004445711028783143,
stable_medium_capacity,w03,2026-02-03,2026-02-04,2026-02-10,688599,0.007272727272727281,0.9188376753507014,0.011341222879684532,8.248162094316033e-05,
stable_medium_capacity,w03,2026-02-03,2026-02-04,2026-02-10,600392,0.0036363636363636407,0.9184869739478958,0.08868501529051986,0.0003224909646927999,
balanced_extra_wide_capacity,w04,2026-02-10,2026-02-11,2026-02-25,300070,0.06451612903225806,0.9527304609218437,0.019607843137254832,0.0012650221378874085,
balanced_extra_wide_capacity,w04,2026-02-10,2026-02-11,2026-02-25,300529,0.06236559139784946,0.9527304609218437,-0.017699115044247815,-0.0011038157769530895,
balanced_extra_wide_capacity,w04,2026-02-10,2026-02-11,2026-02-25,600720,0.060215053763440864,0.9527304609218437,-0.0013586956521740579,-8.181393174381423e-05,
balanced_extra_wide_capacity,w04,2026-02-10,2026-02-11,2026-02-25,603707,0.05806451612903226,0.9527304609218437,-0.0029880478087648266,-0.00017349955018634478,
balanced_extra_wide_capacity,w04,2026-02-10,2026-02-11,2026-02-25,603927,0.05591397849462366,0.9527304609218437,-0.01734693877551019,-0.00096993636164143,
balanced_extra_wide_capacity,w04,2026-02-10,2026-02-11,2026-02-25,002156,0.053763440860215055,0.9100951903807615,0.049003322259136395,0.0026345872182331398,
balanced_extra_wide_capacity,w04,2026-02-10,2026-02-11,2026-02-25,002436,0.05161290322580645,0.9100951903807615,0.17990130103185287,0.009285228440353696,
balanced_extra_wide_capacity,w04,2026-02-10,2026-02-11,2026-02-25,000021,0.04946236559139785,0.8040330661322646,0.15998605785988151,0.007913288883391989,
balanced_extra_wide_capacity,w04,2026-02-10,2026-02-11,2026-02-25,000400,0.047311827956989246,0.8040330661322646,0.03746302990469941,0.0017724444255986815,
balanced_extra_wide_capacity,w04,2026-02-10,2026-02-11,2026-02-25,000559,0.04516129032258064,0.8040330661322646,-0.01280081925243215,-0.0005781015146259681,
balanced_extra_wide_capacity,w04,2026-02-10,2026-02-11,2026-02-25,000657,0.043010752688172046,0.8040330661322646,0.23566477630749838,0.0101361194110752,
balanced_extra_wide_capacity,w04,2026-02-10,2026-02-11,2026-02-25,001221,0.04086021505376344,0.8040330661322646,-0.027309551809747812,-0.0011158741599681902,
balanced_extra_wide_capacity,w04,2026-02-10,2026-02-11,2026-02-25,001389,0.03870967741935484,0.8040330661322646,0.0523364485981308,0.0020259270425082893,
balanced_extra_wide_capacity,w04,2026-02-10,2026-02-11,2026-02-25,002044,0.03655913978494624,0.8040330661322646,-0.032167832167832255,-0.0011760282728024696,
balanced_extra_wide_capacity,w04,2026-02-10,2026-02-11,2026-02-25,002185,0.034408602150537634,0.8040330661322646,0.05992779783393498,0.0020620317534257196,
balanced_extra_wide_capacity,w04,2026-02-10,2026-02-11,2026-02-25,002335,0.03225806451612903,0.8040330661322646,-0.010423671822461289,-0.00033624747814391256,
balanced_extra_wide_capacity,w04,2026-02-10,2026-02-11,2026-02-25,002465,0.030107526881720432,0.8040330661322646,-0.009075439591605172,-0.00027323904146768263,
balanced_extra_wide_capacity,w04,2026-02-10,2026-02-11,2026-02-25,002837,0.02795698924731183,0.8040330661322646,0.05713459870893134,0.0015973113617550698,
balanced_extra_wide_capacity,w04,2026-02-10,2026-02-11,2026-02-25,300017,0.025806451612903226,0.8040330661322646,0.08940042826552475,0.0023071078262070902,
balanced_extra_wide_capacity,w04,2026-02-10,2026-02-11,2026-02-25,300115,0.023655913978494623,0.8040330661322646,-0.03573200992555825,-0.000845273353077722,
balanced_extra_wide_capacity,w04,2026-02-10,2026-02-11,2026-02-25,300346,0.021505376344086023,0.8040330661322646,0.041041403001265575,0.0008826108172315178,
balanced_extra_wide_capacity,w04,2026-02-10,2026-02-11,2026-02-25,300567,0.01935483870967742,0.8040330661322646,0.17825921702774594,0.0034501783940854053,
balanced_extra_wide_capacity,w04,2026-02-10,2026-02-11,2026-02-25,301358,0.017204301075268817,0.8040330661322646,0.13183999999999996,0.00226821505376344,
balanced_extra_wide_capacity,w04,2026-02-10,2026-02-11,2026-02-25,301611,0.015053763440860216,0.8040330661322646,0.026289259402869414,0.00039575229208620627,
balanced_extra_wide_capacity,w04,2026-02-10,2026-02-11,2026-02-25,600487,0.012903225806451613,0.8040330661322646,-0.029149602505420424,-0.0003761239032957474,
balanced_extra_wide_capacity,w04,2026-02-10,2026-02-11,2026-02-25,600988,0.010752688172043012,0.8040330661322646,0.06579662860250135,0.0007074906301344232,
balanced_extra_wide_capacity,w04,2026-02-10,2026-02-11,2026-02-25,601061,0.008602150537634409,0.8040330661322646,0.0860832137733143,0.0007405007636414133,
balanced_extra_wide_capacity,w04,2026-02-10,2026-02-11,2026-02-25,601179,0.0064516129032258064,0.8040330661322646,0.08896551724137924,0.0005739710789766403,
balanced_extra_wide_capacity,w04,2026-02-10,2026-02-11,2026-02-25,603000,0.004301075268817204,0.8040330661322646,-0.11648267986296146,-0.0005010007736041353,
balanced_extra_wide_capacity,w04,2026-02-10,2026-02-11,2026-02-25,688563,0.002150537634408602,0.8040330661322646,0.05240853227857034,0.00011270652102918353,
balanced_medium_current,w04,2026-02-10,2026-02-11,2026-02-25,000060,0.016666666666666666,0.918937875751503,0.1443148688046647,0.0024052478134110786,
balanced_medium_current,w04,2026-02-10,2026-02-11,2026-02-25,000426,0.016666666666666666,0.918937875751503,0.06952841596130588,0.0011588069326884313,
balanced_medium_current,w04,2026-02-10,2026-02-11,2026-02-25,603920,0.016666666666666666,0.918937875751503,-0.022773044151820243,-0.0003795507358636707,
balanced_medium_current,w04,2026-02-10,2026-02-11,2026-02-25,605358,0.016666666666666666,0.918937875751503,0.0656449553001277,0.0010940825883354616,
balanced_medium_current,w04,2026-02-10,2026-02-11,2026-02-25,688027,0.016666666666666666,0.918937875751503,-0.04722629086617092,-0.0007871048477695152,
balanced_medium_current,w04,2026-02-10,2026-02-11,2026-02-25,688122,0.016666666666666666,0.918937875751503,0.02354206500956013,0.0003923677501593355,
balanced_medium_current,w04,2026-02-10,2026-02-11,2026-02-25,688220,0.016666666666666666,0.918937875751503,0.041661776786762195,0.0006943629464460366,
balanced_medium_current,w04,2026-02-10,2026-02-11,2026-02-25,688281,0.016666666666666666,0.918937875751503,-0.00805692162812599,-0.00013428202713543317,
balanced_medium_current,w04,2026-02-10,2026-02-11,2026-02-25,688347,0.016666666666666666,0.918937875751503,-0.02435413428084976,-0.00040590223801416266,
balanced_medium_current,w04,2026-02-10,2026-02-11,2026-02-25,688375,0.016666666666666666,0.918937875751503,-0.009895178197065091,-0.00016491963661775151,
balanced_medium_current,w04,2026-02-10,2026-02-11,2026-02-25,688385,0.016666666666666666,0.918937875751503,-0.0066265060240963125,-0.00011044176706827188,
balanced_medium_current,w04,2026-02-10,2026-02-11,2026-02-25,688525,0.016666666666666666,0.918937875751503,0.04627041798646059,0.0007711736331076764,
balanced_medium_current,w04,2026-02-10,2026-02-11,2026-02-25,688568,0.016666666666666666,0.918937875751503,-0.013331336129418836,-0.00022218893549031394,
balanced_medium_current,w04,2026-02-10,2026-02-11,2026-02-25,688599,0.016666666666666666,0.918937875751503,-0.027791321306679717,-0.00046318868844466197,
balanced_medium_current,w04,2026-02-10,2026-02-11,2026-02-25,688608,0.016666666666666666,0.918937875751503,-0.00019169941531671508,-3.1949902552785847e-06,
balanced_medium_current,w04,2026-02-10,2026-02-11,2026-02-25,688709,0.016666666666666666,0.918937875751503,0.01251078515962023,0.0002085130859936705,
balanced_medium_current,w04,2026-02-10,2026-02-11,2026-02-25,000155,0.016666666666666666,0.895440881763527,0.094855305466238,0.0015809217577706332,
balanced_medium_current,w04,2026-02-10,2026-02-11,2026-02-25,000629,0.016666666666666666,0.895440881763527,0.13774104683195598,0.002295684113865933,
balanced_medium_current,w04,2026-02-10,2026-02-11,2026-02-25,000831,0.016666666666666666,0.895440881763527,0.12747213232650134,0.0021245355387750223,
balanced_medium_current,w04,2026-02-10,2026-02-11,2026-02-25,002156,0.016666666666666666,0.895440881763527,0.049003322259136395,0.0008167220376522732,
balanced_medium_current,w04,2026-02-10,2026-02-11,2026-02-25,002436,0.016666666666666666,0.895440881763527,0.17990130103185287,0.002998355017197548,
balanced_medium_current,w04,2026-02-10,2026-02-11,2026-02-25,002756,0.016666666666666666,0.895440881763527,0.1947589098532494,0.0032459818308874897,
balanced_medium_current,w04,2026-02-10,2026-02-11,2026-02-25,300037,0.016666666666666666,0.895440881763527,0.15664308176100628,0.0026107180293501045,
balanced_medium_current,w04,2026-02-10,2026-02-11,2026-02-25,300570,0.016666666666666666,0.895440881763527,0.013458460643096082,0.0002243076773849347,
balanced_medium_current,w04,2026-02-10,2026-02-11,2026-02-25,300763,0.016666666666666666,0.895440881763527,0.0029106555302456094,4.851092550409349e-05,
balanced_medium_current,w04,2026-02-10,2026-02-11,2026-02-25,601168,0.016666666666666666,0.895440881763527,0.0732243871778755,0.0012204064529645915,
balanced_medium_current,w04,2026-02-10,2026-02-11,2026-02-25,601865,0.016666666666666666,0.895440881763527,-0.02167712492869378,-0.00036128541547822966,
balanced_medium_current,w04,2026-02-10,2026-02-11,2026-02-25,601958,0.016666666666666666,0.895440881763527,0.12196356275303644,0.0020327260458839406,
balanced_medium_current,w04,2026-02-10,2026-02-11,2026-02-25,688019,0.016666666666666666,0.895440881763527,0.05052337225560222,0.0008420562042600369,
balanced_medium_current,w04,2026-02-10,2026-02-11,2026-02-25,603077,0.016666666666666666,0.918937875751503,0.17551020408163254,0.002925170068027209,
balanced_medium_current,w04,2026-02-10,2026-02-11,2026-02-25,601611,0.016666666666666666,0.918937875751503,0.034906270200387945,0.0005817711700064657,
balanced_medium_current,w04,2026-02-10,2026-02-11,2026-02-25,601399,0.016666666666666666,0.918937875751503,0.009671179883945724,0.0001611863313990954,
balanced_medium_current,w04,2026-02-10,2026-02-11,2026-02-25,300450,0.016666666666666666,0.918937875751503,-0.036155049539370765,-0.0006025841589895127,
balanced_medium_current,w04,2026-02-10,2026-02-11,2026-02-25,000878,0.016666666666666666,0.918937875751503,0.07957559681697624,0.001326259946949604,
balanced_medium_current,w04,2026-02-10,2026-02-11,2026-02-25,000960,0.016666666666666666,0.918937875751503,0.10893546607832327,0.0018155911013053878,
balanced_medium_current,w04,2026-02-10,2026-02-11,2026-02-25,002008,0.016666666666666666,0.918937875751503,0.26229834694284015,0.004371639115714003,
balanced_medium_current,w04,2026-02-10,2026-02-11,2026-02-25,002195,0.016666666666666666,0.918937875751503,0.05278884462151412,0.0008798140770252353,
balanced_medium_current,w04,2026-02-10,2026-02-11,2026-02-25,002202,0.016666666666666666,0.918937875751503,0.06194000779119602,0.0010323334631866003,
balanced_medium_current,w04,2026-02-10,2026-02-11,2026-02-25,002429,0.016666666666666666,0.918937875751503,-0.08091468777484612,-0.0013485781295807687,
balanced_medium_current,w04,2026-02-10,2026-02-11,2026-02-25,002738,0.016666666666666666,0.918937875751503,0.12489296636085623,0.0020815494393476037,
balanced_medium_current,w04,2026-02-10,2026-02-11,2026-02-25,002851,0.016666666666666666,0.918937875751503,0.0035620388431854,5.936731405309e-05,
balanced_medium_current,w04,2026-02-10,2026-02-11,2026-02-25,003031,0.016666666666666666,0.918937875751503,0.05209742895805136,0.0008682904826341893,
balanced_medium_current,w04,2026-02-10,2026-02-11,2026-02-25,300223,0.016666666666666666,0.918937875751503,0.1495212374171373,0.002492020623618955,
balanced_medium_current,w04,2026-02-10,2026-02-11,2026-02-25,300285,0.016666666666666666,0.918937875751503,0.15704918032786885,0.002617486338797814,
balanced_medium_current,w04,2026-02-10,2026-02-11,2026-02-25,300390,0.016666666666666666,0.918937875751503,0.18674157303370786,0.003112359550561798,
balanced_medium_current,w04,2026-02-10,2026-02-11,2026-02-25,300454,0.016666666666666666,0.918937875751503,-0.11398313941336302,-0.001899718990222717,
balanced_medium_current,w04,2026-02-10,2026-02-11,2026-02-25,601106,0.016666666666666666,0.918937875751503,0.0239043824701195,0.00039840637450199167,
balanced_medium_current,w04,2026-02-10,2026-02-11,2026-02-25,300604,0.016666666666666666,0.918937875751503,0.09188767550702037,0.0015314612584503395,
balanced_medium_current,w04,2026-02-10,2026-02-11,2026-02-25,300724,0.016666666666666666,0.918937875751503,-0.04908447453454379,-0.0008180745755757298,
balanced_medium_current,w04,2026-02-10,2026-02-11,2026-02-25,300748,0.016666666666666666,0.918937875751503,0.1008449168710821,0.001680748614518035,
balanced_medium_current,w04,2026-02-10,2026-02-11,2026-02-25,300757,0.016666666666666666,0.918937875751503,-0.029635090305934364,-0.0004939181717655728,
balanced_medium_current,w04,2026-02-10,2026-02-11,2026-02-25,300857,0.016666666666666666,0.918937875751503,0.11192516818726372,0.0018654194697877288,
balanced_medium_current,w04,2026-02-10,2026-02-11,2026-02-25,300919,0.016666666666666666,0.918937875751503,0.12731938412949084,0.002121989735491514,
balanced_medium_current,w04,2026-02-10,2026-02-11,2026-02-25,301308,0.016666666666666666,0.918937875751503,0.032527655442660564,0.0005421275907110094,
balanced_medium_current,w04,2026-02-10,2026-02-11,2026-02-25,600392,0.016666666666666666,0.918937875751503,0.1088483146067416,0.0018141385767790267,
balanced_medium_current,w04,2026-02-10,2026-02-11,2026-02-25,600497,0.016666666666666666,0.918937875751503,0.13122171945701355,0.0021870286576168925,
balanced_medium_current,w04,2026-02-10,2026-02-11,2026-02-25,600498,0.016666666666666666,0.918937875751503,-0.028727770177838563,-0.00047879616963064273,
balanced_medium_current,w04,2026-02-10,2026-02-11,2026-02-25,600516,0.016666666666666666,0.918937875751503,0.04561403508771922,0.0007602339181286536,
balanced_medium_current,w04,2026-02-10,2026-02-11,2026-02-25,600673,0.016666666666666666,0.918937875751503,0.143375680580762,0.002389594676346033,last close on 2026-02-13 (halted?); entry=prev_close
balanced_medium_current,w04,2026-02-10,2026-02-11,2026-02-25,688778,0.016666666666666666,0.895440881763527,0.038886221795487286,0.0006481036965914548,
economic_medium_capacity,w04,2026-02-10,2026-02-11,2026-02-25,002429,0.05000000000000002,0.9467685370741483,-0.08091468777484612,-0.004045734388742307,
economic_medium_capacity,w04,2026-02-10,2026-02-11,2026-02-25,002202,0.05000000000000002,0.9444639278557114,0.06194000779119602,0.003097000389559802,
economic_medium_capacity,w04,2026-02-10,2026-02-11,2026-02-25,600879,0.05000000000000002,0.9444639278557114,0.01913112793941818,0.0009565563969709093,
economic_medium_capacity,w04,2026-02-10,2026-02-11,2026-02-25,002756,0.05000000000000002,0.9369739478957916,0.1947589098532494,0.009737945492662473,
economic_medium_capacity,w04,2026-02-10,2026-02-11,2026-02-25,000062,0.05000000000000002,0.8157064128256514,0.0028409090909091717,0.00014204545454545863,
economic_medium_capacity,w04,2026-02-10,2026-02-11,2026-02-25,002670,0.05000000000000002,0.8157064128256514,-0.01772616136919314,-0.0008863080684596573,
economic_medium_capacity,w04,2026-02-10,2026-02-11,2026-02-25,600118,0.05000000000000002,0.7856212424849699,-0.020538869257950565,-0.0010269434628975287,
economic_medium_capacity,w04,2026-02-10,2026-02-11,2026-02-25,000559,0.05000000000000002,0.7815881763527054,-0.01280081925243215,-0.0006400409626216077,
economic_medium_capacity,w04,2026-02-10,2026-02-11,2026-02-25,002595,0.05000000000000002,0.7815881763527054,-0.012307692307692242,-0.0006153846153846123,
economic_medium_capacity,w04,2026-02-10,2026-02-11,2026-02-25,600977,0.05000000000000002,0.7815881763527054,-0.2613307618129218,-0.013066538090646096,
economic_medium_capacity,w04,2026-02-10,2026-02-11,2026-02-25,603000,0.047619047619047644,0.7815881763527054,-0.11648267986296146,-0.005546794279188643,
economic_medium_capacity,w04,2026-02-10,2026-02-11,2026-02-25,601615,0.04523809523809524,0.77813126252505,-0.09514087382605141,-0.004303991911178516,
economic_medium_capacity,w04,2026-02-10,2026-02-11,2026-02-25,000060,0.04285714285714283,0.7773797595190381,0.1443148688046647,0.006184922948771341,
economic_medium_capacity,w04,2026-02-10,2026-02-11,2026-02-25,000426,0.04047619047619047,0.7773797595190381,0.06952841596130588,0.0028142454079576186,
economic_medium_capacity,w04,2026-02-10,2026-02-11,2026-02-25,000878,0.038095238095238106,0.7773797595190381,0.07957559681697624,0.003031451307313381,
economic_medium_capacity,w04,2026-02-10,2026-02-11,2026-02-25,000960,0.03571428571428571,0.7773797595190381,0.10893546607832327,0.0038905523599401166,
economic_medium_capacity,w04,2026-02-10,2026-02-11,2026-02-25,002008,0.03333333333333334,0.7773797595190381,0.26229834694284015,0.008743278231428007,
economic_medium_capacity,w04,2026-02-10,2026-02-11,2026-02-25,002195,0.03095238095238096,0.7773797595190381,0.05278884462151412,0.0016339404287611518,
economic_medium_capacity,w04,2026-02-10,2026-02-11,2026-02-25,002738,0.028571428571428574,0.7773797595190381,0.12489296636085623,0.0035683704674530354,
economic_medium_capacity,w04,2026-02-10,2026-02-11,2026-02-25,002851,0.026190476190476195,0.7773797595190381,0.0035620388431854,9.329149351199859e-05,
economic_medium_capacity,w04,2026-02-10,2026-02-11,2026-02-25,003031,0.023809523809523822,0.7773797595190381,0.05209742895805136,0.0012404149751916998,
economic_medium_capacity,w04,2026-02-10,2026-02-11,2026-02-25,300223,0.021428571428571415,0.7773797595190381,0.1495212374171373,0.0032040265160815113,
economic_medium_capacity,w04,2026-02-10,2026-02-11,2026-02-25,300285,0.019047619047619053,0.7773797595190381,0.15704918032786885,0.002991412958626074,
economic_medium_capacity,w04,2026-02-10,2026-02-11,2026-02-25,300390,0.01666666666666667,0.7773797595190381,0.18674157303370786,0.0031123595505617983,
economic_medium_capacity,w04,2026-02-10,2026-02-11,2026-02-25,300450,0.014285714285714287,0.7773797595190381,-0.036155049539370765,-0.0005165007077052967,
economic_medium_capacity,w04,2026-02-10,2026-02-11,2026-02-25,300454,0.011904761904761911,0.7773797595190381,-0.11398313941336302,-0.00135694213587337,
economic_medium_capacity,w04,2026-02-10,2026-02-11,2026-02-25,300570,0.009523809523809526,0.7773797595190381,0.013458460643096082,0.00012817581564853416,
economic_medium_capacity,w04,2026-02-10,2026-02-11,2026-02-25,300724,0.0071428571428571435,0.7773797595190381,-0.04908447453454379,-0.00035060338953245567,
economic_medium_capacity,w04,2026-02-10,2026-02-11,2026-02-25,300748,0.004761904761904763,0.7773797595190381,0.1008449168710821,0.00048021388986229583,
economic_medium_capacity,w04,2026-02-10,2026-02-11,2026-02-25,300757,0.0023809523809523816,0.7773797595190381,-0.029635090305934364,-7.055973882365327e-05,
recent_compact_capacity,w04,2026-02-10,2026-02-11,2026-02-25,002429,0.045,0.6824899799599198,-0.08091468777484612,-0.0036411609498680753,
recent_compact_capacity,w04,2026-02-10,2026-02-11,2026-02-25,600977,0.045,0.6824398797595189,-0.2613307618129218,-0.01175988428158148,
recent_compact_capacity,w04,2026-02-10,2026-02-11,2026-02-25,603000,0.045,0.6823897795591182,-0.11648267986296146,-0.005241720593833266,
recent_compact_capacity,w04,2026-02-10,2026-02-11,2026-02-25,002739,0.045,0.6823396793587173,-0.19754866618601286,-0.008889689978370578,
recent_compact_capacity,w04,2026-02-10,2026-02-11,2026-02-25,688387,0.045,0.6822895791583166,-0.04859813084112152,-0.0021869158878504683,
recent_compact_capacity,w04,2026-02-10,2026-02-11,2026-02-25,000703,0.045,0.6822394789579157,-0.05251312828207044,-0.00236309077269317,
recent_compact_capacity,w04,2026-02-10,2026-02-11,2026-02-25,601615,0.045,0.682189378757515,-0.09514087382605141,-0.0042813393221723135,
recent_compact_capacity,w04,2026-02-10,2026-02-11,2026-02-25,600316,0.045,0.6821392785571141,-0.04279176201373003,-0.0019256292906178513,
recent_compact_capacity,w04,2026-02-10,2026-02-11,2026-02-25,300757,0.045,0.6820891783567133,-0.029635090305934364,-0.0013335790637670464,
recent_compact_capacity,w04,2026-02-10,2026-02-11,2026-02-25,001221,0.045,0.6820390781563126,-0.027309551809747812,-0.0012289298314386516,
recent_compact_capacity,w04,2026-02-10,2026-02-11,2026-02-25,300454,0.045,0.681938877755511,-0.11398313941336302,-0.005129241273601336,
recent_compact_capacity,w04,2026-02-10,2026-02-11,2026-02-25,002131,0.045,0.6818887775551101,0.11856287425149703,0.0053353293413173665,
recent_compact_capacity,w04,2026-02-10,2026-02-11,2026-02-25,000559,0.045,0.6818386773547094,-0.01280081925243215,-0.0005760368663594467,
recent_compact_capacity,w04,2026-02-10,2026-02-11,2026-02-25,000738,0.045,0.6817885771543085,0.015793251974156597,0.0007106963388370469,
recent_compact_capacity,w04,2026-02-10,2026-02-11,2026-02-25,688361,0.04352941176470591,0.6817384769539078,0.03874690849134366,0.0016866301343290778,
recent_compact_capacity,w04,2026-02-10,2026-02-11,2026-02-25,300383,0.040808823529411745,0.6816883767535069,-0.12668918918918926,-0.005170036764705882,
recent_compact_capacity,w04,2026-02-10,2026-02-11,2026-02-25,003035,0.038088235294117645,0.6816382765531062,0.05385735080058218,0.0020513314496104097,
recent_compact_capacity,w04,2026-02-10,2026-02-11,2026-02-25,000878,0.03536764705882354,0.6815881763527053,0.07957559681697624,0.0028144016227180575,
recent_compact_capacity,w04,2026-02-10,2026-02-11,2026-02-25,002414,0.032647058823529425,0.6815380761523046,0.014423076923076872,0.00047087104072398043,
recent_compact_capacity,w04,2026-02-10,2026-02-11,2026-02-25,001389,0.029926470588235287,0.6814879759519037,0.0523364485981308,0.0015662451896646494,
recent_compact_capacity,w04,2026-02-10,2026-02-11,2026-02-25,002756,0.027205882352941184,0.6814378757515029,0.1947589098532494,0.0052985879886545805,
recent_compact_capacity,w04,2026-02-10,2026-02-11,2026-02-25,605358,0.02448529411764706,0.6813877755511021,0.0656449553001277,0.0016073360378634212,
recent_compact_capacity,w04,2026-02-10,2026-02-11,2026-02-25,600497,0.021764705882352953,0.6813376753507013,0.13122171945701355,0.002856002129358532,
recent_compact_capacity,w04,2026-02-10,2026-02-11,2026-02-25,300751,0.019044117647058822,0.6812875751503005,-0.10778618026029674,-0.00205269269760418,
recent_compact_capacity,w04,2026-02-10,2026-02-11,2026-02-25,688234,0.016323529411764712,0.6812374749498997,0.010923745890338177,0.00017831408732757914,
recent_compact_capacity,w04,2026-02-10,2026-02-11,2026-02-25,002271,0.013602941176470592,0.6811873747494989,0.05932203389830515,0.0008069541375872394,
recent_compact_capacity,w04,2026-02-10,2026-02-11,2026-02-25,002080,0.010882352941176477,0.6811372745490981,0.2467248908296944,0.00268494734138197,
recent_compact_capacity,w04,2026-02-10,2026-02-11,2026-02-25,601399,0.008161764705882356,0.6810871743486974,0.009671179883945724,7.893389464102764e-05,
recent_compact_capacity,w04,2026-02-10,2026-02-11,2026-02-25,601608,0.005441176470588238,0.6810370741482965,0.06174496644295302,0.00033596525858665635,
recent_compact_capacity,w04,2026-02-10,2026-02-11,2026-02-25,601061,0.002720588235294119,0.6809869739478958,0.0860832137733143,0.00023419697864798754,
recent_compact_current,w04,2026-02-10,2026-02-11,2026-02-25,601212,0.06451612903225806,0.9807114228456913,0.09276248725790004,0.005984676597283873,
recent_compact_current,w04,2026-02-10,2026-02-11,2026-02-25,688192,0.06236559139784946,0.9723196392785571,-0.03792598021253202,-0.0023652761852976955,
recent_compact_current,w04,2026-02-10,2026-02-11,2026-02-25,688772,0.060215053763440864,0.9285320641282565,0.017989417989418,0.0010832337714058152,
recent_compact_current,w04,2026-02-10,2026-02-11,2026-02-25,002568,0.05806451612903226,0.897119238476954,-0.0311302681992337,-0.0018075639599555054,
recent_compact_current,w04,2026-02-10,2026-02-11,2026-02-25,600483,0.05591397849462366,0.8666583166332664,0.04570184983677916,0.0025553722489381897,
recent_compact_current,w04,2026-02-10,2026-02-11,2026-02-25,300601,0.053763440860215055,0.8542835671342686,-0.015604681404421394,-0.0008389613658291073,
recent_compact_current,w04,2026-02-10,2026-02-11,2026-02-25,000009,0.05161290322580645,0.831437875751503,0.002089864158829613,0.00010786395658475422,
recent_compact_current,w04,2026-02-10,2026-02-11,2026-02-25,002429,0.04946236559139785,0.829559118236473,-0.08091468777484612,-0.004002231868433249,
recent_compact_current,w04,2026-02-10,2026-02-11,2026-02-25,601615,0.047311827956989246,0.8286072144288577,-0.09514087382605141,-0.0045012886541357655,
recent_compact_current,w04,2026-02-10,2026-02-11,2026-02-25,600977,0.04516129032258064,0.8276553106212425,-0.2613307618129218,-0.011802034404454532,
recent_compact_current,w04,2026-02-10,2026-02-11,2026-02-25,002739,0.043010752688172046,0.8267034068136272,-0.19754866618601286,-0.008496716825204855,
recent_compact_current,w04,2026-02-10,2026-02-11,2026-02-25,603000,0.04086021505376344,0.8257515030060121,-0.11648267986296146,-0.0047595073492392856,
recent_compact_current,w04,2026-02-10,2026-02-11,2026-02-25,000703,0.03870967741935484,0.8238476953907816,-0.05251312828207044,-0.0020327662560801463,
recent_compact_current,w04,2026-02-10,2026-02-11,2026-02-25,600316,0.03655913978494624,0.8219438877755512,-0.04279176201373003,-0.0015644300091041086,
recent_compact_current,w04,2026-02-10,2026-02-11,2026-02-25,300757,0.034408602150537634,0.8209919839679358,-0.029635090305934364,-0.00101970203203215,
recent_compact_current,w04,2026-02-10,2026-02-11,2026-02-25,300383,0.03225806451612903,0.8200400801603207,-0.12668918918918926,-0.004086748038360943,
recent_compact_current,w04,2026-02-10,2026-02-11,2026-02-25,000559,0.030107526881720432,0.8190881763527054,-0.01280081925243215,-0.0003854010097506454,
recent_compact_current,w04,2026-02-10,2026-02-11,2026-02-25,300454,0.02795698924731183,0.8181362725450901,-0.11398313941336302,-0.0031866254029542353,
recent_compact_current,w04,2026-02-10,2026-02-11,2026-02-25,600352,0.025806451612903226,0.8171843687374749,0.0024860161591049312,6.415525571883693e-05,
recent_compact_current,w04,2026-02-10,2026-02-11,2026-02-25,688361,0.023655913978494623,0.8152805611222445,0.03874690849134366,0.0009165935342038284,
recent_compact_current,w04,2026-02-10,2026-02-11,2026-02-25,002131,0.021505376344086023,0.8143286573146292,0.11856287425149703,0.00254973923121499,
recent_compact_current,w04,2026-02-10,2026-02-11,2026-02-25,000738,0.01935483870967742,0.813376753507014,0.015793251974156597,0.00030567584466109545,
recent_compact_current,w04,2026-02-10,2026-02-11,2026-02-25,001221,0.017204301075268817,0.8124248496993988,-0.027309551809747812,-0.00046984175156555375,
recent_compact_current,w04,2026-02-10,2026-02-11,2026-02-25,000034,0.015053763440860216,0.8123997995991983,-0.008753315649867477,-0.00013177034311628462,
recent_compact_current,w04,2026-02-10,2026-02-11,2026-02-25,001389,0.012903225806451613,0.8114729458917835,0.0523364485981308,0.0006753090141694298,
recent_compact_current,w04,2026-02-10,2026-02-11,2026-02-25,300346,0.010752688172043012,0.8105210420841683,0.041041403001265575,0.0004413054086157589,
recent_compact_current,w04,2026-02-10,2026-02-11,2026-02-25,003035,0.008602150537634409,0.8095691382765531,0.05385735080058218,0.00046328903914479296,
recent_compact_current,w04,2026-02-10,2026-02-11,2026-02-25,605358,0.0064516129032258064,0.8086172344689379,0.0656449553001277,0.0004235158406459852,
recent_compact_current,w04,2026-02-10,2026-02-11,2026-02-25,002202,0.004301075268817204,0.8067134268537074,0.06194000779119602,0.0002664086356610581,
recent_compact_current,w04,2026-02-10,2026-02-11,2026-02-25,002756,0.002150537634408602,0.8057615230460922,0.1947589098532494,0.00041883636527580517,
short_aggressive_compact_capacity,w04,2026-02-10,2026-02-11,2026-02-25,001221,0.06451612903225806,0.9937875751503006,-0.027309551809747812,-0.0017619065683708265,
short_aggressive_compact_capacity,w04,2026-02-10,2026-02-11,2026-02-25,300751,0.06236559139784946,0.9915831663326653,-0.10778618026029674,-0.006722148876448613,
short_aggressive_compact_capacity,w04,2026-02-10,2026-02-11,2026-02-25,300383,0.060215053763440864,0.972745490981964,-0.12668918918918926,-0.007628596338273762,
short_aggressive_compact_capacity,w04,2026-02-10,2026-02-11,2026-02-25,688027,0.05806451612903226,0.9582164328657314,-0.04722629086617092,-0.00274217172771315,
short_aggressive_compact_capacity,w04,2026-02-10,2026-02-11,2026-02-25,000060,0.05591397849462366,0.9558116232464928,0.1443148688046647,0.008069218470798457,
short_aggressive_compact_capacity,w04,2026-02-10,2026-02-11,2026-02-25,000878,0.053763440860215055,0.9546092184368736,0.07957559681697624,0.004278257893385819,
short_aggressive_compact_capacity,w04,2026-02-10,2026-02-11,2026-02-25,600497,0.05161290322580645,0.9540080160320641,0.13122171945701355,0.006772733907458764,
short_aggressive_compact_capacity,w04,2026-02-10,2026-02-11,2026-02-25,300454,0.04946236559139785,0.9497995991983967,-0.11398313941336302,-0.005637875712919031,
short_aggressive_compact_capacity,w04,2026-02-10,2026-02-11,2026-02-25,301308,0.047311827956989246,0.9485971943887774,0.032527655442660564,0.0015389428381473815,
short_aggressive_compact_capacity,w04,2026-02-10,2026-02-11,2026-02-25,300857,0.04516129032258064,0.946192384769539,0.11192516818726372,0.005054685014908684,
short_aggressive_compact_capacity,w04,2026-02-10,2026-02-11,2026-02-25,000426,0.043010752688172046,0.9443887775551101,0.06952841596130588,0.002990469503712081,
short_aggressive_compact_capacity,w04,2026-02-10,2026-02-11,2026-02-25,601611,0.04086021505376344,0.9437875751503004,0.034906270200387945,0.0014262777071126257,
short_aggressive_compact_capacity,w04,2026-02-10,2026-02-11,2026-02-25,002008,0.03870967741935484,0.9407815631262524,0.26229834694284015,0.010153484397787361,
short_aggressive_compact_capacity,w04,2026-02-10,2026-02-11,2026-02-25,600392,0.03655913978494624,0.9377755511022043,0.1088483146067416,0.0039794007490636715,
short_aggressive_compact_capacity,w04,2026-02-10,2026-02-11,2026-02-25,601399,0.034408602150537634,0.9359719438877755,0.009671179883945724,0.00033277178095297117,
short_aggressive_compact_capacity,w04,2026-02-10,2026-02-11,2026-02-25,002738,0.03225806451612903,0.933567134268537,0.12489296636085623,0.004028805366479233,
short_aggressive_compact_capacity,w04,2026-02-10,2026-02-11,2026-02-25,601106,0.030107526881720432,0.9311623246492985,0.0239043824701195,0.0007197018378100495,
short_aggressive_compact_capacity,w04,2026-02-10,2026-02-11,2026-02-25,002851,0.02795698924731183,0.9221442885771542,0.0035620388431854,9.958388163744129e-05,
short_aggressive_compact_capacity,w04,2026-02-10,2026-02-11,2026-02-25,601212,0.025806451612903226,0.9176352705410821,0.09276248725790004,0.0023938706389135494,
short_aggressive_compact_capacity,w04,2026-02-10,2026-02-11,2026-02-25,002756,0.023655913978494623,0.9149298597194389,0.1947589098532494,0.004607200018033856,
short_aggressive_compact_capacity,w04,2026-02-10,2026-02-11,2026-02-25,300604,0.021505376344086023,0.9119238476953907,0.09188767550702037,0.0019760790431617285,
short_aggressive_compact_capacity,w04,2026-02-10,2026-02-11,2026-02-25,605358,0.01935483870967742,0.9101202404809619,0.0656449553001277,0.0012705475219379557,
short_aggressive_compact_capacity,w04,2026-02-10,2026-02-11,2026-02-25,300919,0.017204301075268817,0.9089178356713425,0.12731938412949084,0.002190441017281563,
short_aggressive_compact_capacity,w04,2026-02-10,2026-02-11,2026-02-25,600332,0.015053763440860216,0.8968937875751504,-0.007453903491565272,-0.00011220929987302562,
short_aggressive_compact_capacity,w04,2026-02-10,2026-02-11,2026-02-25,688385,0.012903225806451613,0.895691382765531,-0.0066265060240963125,-8.550330353672661e-05,
short_aggressive_compact_capacity,w04,2026-02-10,2026-02-11,2026-02-25,688122,0.010752688172043012,0.8938877755511021,0.02354206500956013,0.0002531404839737649,
short_aggressive_compact_capacity,w04,2026-02-10,2026-02-11,2026-02-25,688608,0.008602150537634409,0.8872745490981964,-0.00019169941531671508,-1.6490272285308824e-06,
short_aggressive_compact_capacity,w04,2026-02-10,2026-02-11,2026-02-25,600582,0.0064516129032258064,0.8728456913827656,0.013355592654423987,8.616511389950959e-05,
short_aggressive_compact_capacity,w04,2026-02-10,2026-02-11,2026-02-25,603920,0.004301075268817204,0.8722444889779558,-0.022773044151820243,-9.794857699707632e-05,
short_aggressive_compact_capacity,w04,2026-02-10,2026-02-11,2026-02-25,688709,0.002150537634408602,0.8716432865731463,0.01251078515962023,2.6904914321763936e-05,
short_aggressive_medium_capacity,w04,2026-02-10,2026-02-11,2026-02-25,001221,0.06451612903225806,0.9937875751503006,-0.027309551809747812,-0.0017619065683708265,
short_aggressive_medium_capacity,w04,2026-02-10,2026-02-11,2026-02-25,300751,0.06236559139784946,0.9915831663326653,-0.10778618026029674,-0.006722148876448613,
short_aggressive_medium_capacity,w04,2026-02-10,2026-02-11,2026-02-25,300383,0.060215053763440864,0.972745490981964,-0.12668918918918926,-0.007628596338273762,
short_aggressive_medium_capacity,w04,2026-02-10,2026-02-11,2026-02-25,688027,0.05806451612903226,0.9582164328657314,-0.04722629086617092,-0.00274217172771315,
short_aggressive_medium_capacity,w04,2026-02-10,2026-02-11,2026-02-25,000060,0.05591397849462366,0.9558116232464928,0.1443148688046647,0.008069218470798457,
short_aggressive_medium_capacity,w04,2026-02-10,2026-02-11,2026-02-25,000878,0.053763440860215055,0.9546092184368736,0.07957559681697624,0.004278257893385819,
short_aggressive_medium_capacity,w04,2026-02-10,2026-02-11,2026-02-25,600497,0.05161290322580645,0.9540080160320641,0.13122171945701355,0.006772733907458764,
short_aggressive_medium_capacity,w04,2026-02-10,2026-02-11,2026-02-25,300454,0.04946236559139785,0.9497995991983967,-0.11398313941336302,-0.005637875712919031,
short_aggressive_medium_capacity,w04,2026-02-10,2026-02-11,2026-02-25,301308,0.047311827956989246,0.9485971943887774,0.032527655442660564,0.0015389428381473815,
short_aggressive_medium_capacity,w04,2026-02-10,2026-02-11,2026-02-25,300857,0.04516129032258064,0.946192384769539,0.11192516818726372,0.005054685014908684,
short_aggressive_medium_capacity,w04,2026-02-10,2026-02-11,2026-02-25,000426,0.043010752688172046,0.9443887775551101,0.06952841596130588,0.002990469503712081,
short_aggressive_medium_capacity,w04,2026-02-10,2026-02-11,2026-02-25,601611,0.04086021505376344,0.9437875751503004,0.034906270200387945,0.0014262777071126257,
short_aggressive_medium_capacity,w04,2026-02-10,2026-02-11,2026-02-25,002008,0.03870967741935484,0.9407815631262524,0.26229834694284015,0.010153484397787361,
short_aggressive_medium_capacity,w04,2026-02-10,2026-02-11,2026-02-25,600392,0.03655913978494624,0.9377755511022043,0.1088483146067416,0.0039794007490636715,
short_aggressive_medium_capacity,w04,2026-02-10,2026-02-11,2026-02-25,601399,0.034408602150537634,0.9359719438877755,0.009671179883945724,0.00033277178095297117,
short_aggressive_medium_capacity,w04,2026-02-10,2026-02-11,2026-02-25,002738,0.03225806451612903,0.933567134268537,0.12489296636085623,0.004028805366479233,
short_aggressive_medium_capacity,w04,2026-02-10,2026-02-11,2026-02-25,601106,0.030107526881720432,0.9311623246492985,0.0239043824701195,0.0007197018378100495,
short_aggressive_medium_capacity,w04,2026-02-10,2026-02-11,2026-02-25,002851,0.02795698924731183,0.9221442885771542,0.0035620388431854,9.958388163744129e-05,
short_aggressive_medium_capacity,w04,2026-02-10,2026-02-11,2026-02-25,601212,0.025806451612903226,0.9176352705410821,0.09276248725790004,0.0023938706389135494,
short_aggressive_medium_capacity,w04,2026-02-10,2026-02-11,2026-02-25,002756,0.023655913978494623,0.9149298597194389,0.1947589098532494,0.004607200018033856,
short_aggressive_medium_capacity,w04,2026-02-10,2026-02-11,2026-02-25,300604,0.021505376344086023,0.9119238476953907,0.09188767550702037,0.0019760790431617285,
short_aggressive_medium_capacity,w04,2026-02-10,2026-02-11,2026-02-25,605358,0.01935483870967742,0.9101202404809619,0.0656449553001277,0.0012705475219379557,
short_aggressive_medium_capacity,w04,2026-02-10,2026-02-11,2026-02-25,300919,0.017204301075268817,0.9089178356713425,0.12731938412949084,0.002190441017281563,
short_aggressive_medium_capacity,w04,2026-02-10,2026-02-11,2026-02-25,600332,0.015053763440860216,0.8968937875751504,-0.007453903491565272,-0.00011220929987302562,
short_aggressive_medium_capacity,w04,2026-02-10,2026-02-11,2026-02-25,688385,0.012903225806451613,0.895691382765531,-0.0066265060240963125,-8.550330353672661e-05,
short_aggressive_medium_capacity,w04,2026-02-10,2026-02-11,2026-02-25,688122,0.010752688172043012,0.8938877755511021,0.02354206500956013,0.0002531404839737649,
short_aggressive_medium_capacity,w04,2026-02-10,2026-02-11,2026-02-25,688608,0.008602150537634409,0.8872745490981964,-0.00019169941531671508,-1.6490272285308824e-06,
short_aggressive_medium_capacity,w04,2026-02-10,2026-02-11,2026-02-25,600582,0.0064516129032258064,0.8728456913827656,0.013355592654423987,8.616511389950959e-05,
short_aggressive_medium_capacity,w04,2026-02-10,2026-02-11,2026-02-25,603920,0.004301075268817204,0.8722444889779558,-0.022773044151820243,-9.794857699707632e-05,
short_aggressive_medium_capacity,w04,2026-02-10,2026-02-11,2026-02-25,688709,0.002150537634408602,0.8716432865731463,0.01251078515962023,2.6904914321763936e-05,
short_aggressive_wide_capacity,w04,2026-02-10,2026-02-11,2026-02-25,000021,0.055,0.9601452905811624,0.15998605785988151,0.008799233182293484,
short_aggressive_wide_capacity,w04,2026-02-10,2026-02-11,2026-02-25,000400,0.055,0.9601452905811624,0.03746302990469941,0.0020604666447584675,
short_aggressive_wide_capacity,w04,2026-02-10,2026-02-11,2026-02-25,000559,0.055,0.9601452905811624,-0.01280081925243215,-0.0007040450588837682,
short_aggressive_wide_capacity,w04,2026-02-10,2026-02-11,2026-02-25,001221,0.055,0.9601452905811624,-0.027309551809747812,-0.0015020253495361296,
short_aggressive_wide_capacity,w04,2026-02-10,2026-02-11,2026-02-25,001389,0.055,0.9601452905811624,0.0523364485981308,0.002878504672897194,
short_aggressive_wide_capacity,w04,2026-02-10,2026-02-11,2026-02-25,002025,0.055,0.9601452905811624,0.0009654373431164931,5.309905387140712e-05,
short_aggressive_wide_capacity,w04,2026-02-10,2026-02-11,2026-02-25,002044,0.05360000000000002,0.9601452905811624,-0.032167832167832255,-0.0017241958041958095,
short_aggressive_wide_capacity,w04,2026-02-10,2026-02-11,2026-02-25,002130,0.05136666666666666,0.9601452905811624,-0.01795142555438234,-0.0009221048926434393,
short_aggressive_wide_capacity,w04,2026-02-10,2026-02-11,2026-02-25,002156,0.049133333333333334,0.9601452905811624,0.049003322259136395,0.002407696566998902,
short_aggressive_wide_capacity,w04,2026-02-10,2026-02-11,2026-02-25,002185,0.0469,0.9601452905811624,0.05992779783393498,0.0028106137184115503,
short_aggressive_wide_capacity,w04,2026-02-10,2026-02-11,2026-02-25,002335,0.044666666666666674,0.9601452905811624,-0.010423671822461289,-0.0004655906747366043,
short_aggressive_wide_capacity,w04,2026-02-10,2026-02-11,2026-02-25,002436,0.04243333333333334,0.9601452905811624,0.17990130103185287,0.0076338118737849575,
short_aggressive_wide_capacity,w04,2026-02-10,2026-02-11,2026-02-25,002465,0.0402,0.9601452905811624,-0.009075439591605172,-0.0003648326715825279,
short_aggressive_wide_capacity,w04,2026-02-10,2026-02-11,2026-02-25,002607,0.03796666666666667,0.9601452905811624,-0.03389830508474578,-0.001287005649717515,
short_aggressive_wide_capacity,w04,2026-02-10,2026-02-11,2026-02-25,002837,0.03573333333333334,0.9601452905811624,0.05713459870893134,0.00204160966053248,
short_aggressive_wide_capacity,w04,2026-02-10,2026-02-11,2026-02-25,300017,0.0335,0.9601452905811624,0.08940042826552475,0.002994914346895079,
short_aggressive_wide_capacity,w04,2026-02-10,2026-02-11,2026-02-25,300115,0.031266666666666665,0.9601452905811624,-0.03573200992555825,-0.0011172208436724545,
short_aggressive_wide_capacity,w04,2026-02-10,2026-02-11,2026-02-25,300346,0.029033333333333335,0.9601452905811624,0.041041403001265575,0.0011915687338034107,
short_aggressive_wide_capacity,w04,2026-02-10,2026-02-11,2026-02-25,300383,0.02680000000000001,0.9601452905811624,-0.12668918918918926,-0.0033952702702702733,
short_aggressive_wide_capacity,w04,2026-02-10,2026-02-11,2026-02-25,300567,0.024566666666666667,0.9601452905811624,0.17825921702774594,0.004379234764981625,
short_aggressive_wide_capacity,w04,2026-02-10,2026-02-11,2026-02-25,301358,0.022333333333333337,0.9601452905811624,0.13183999999999996,0.0029444266666666663,
short_aggressive_wide_capacity,w04,2026-02-10,2026-02-11,2026-02-25,301536,0.0201,0.9601452905811624,0.0782428634817336,0.0015726815559828453,
short_aggressive_wide_capacity,w04,2026-02-10,2026-02-11,2026-02-25,600487,0.01786666666666667,0.9601452905811624,-0.029149602505420424,-0.0005208062314301784,
short_aggressive_wide_capacity,w04,2026-02-10,2026-02-11,2026-02-25,600988,0.015633333333333332,0.9601452905811624,0.06579662860250135,0.0010286206271524377,
short_aggressive_wide_capacity,w04,2026-02-10,2026-02-11,2026-02-25,601061,0.013400000000000006,0.9601452905811624,0.0860832137733143,0.001153515064562412,
short_aggressive_wide_capacity,w04,2026-02-10,2026-02-11,2026-02-25,601179,0.011166666666666668,0.9601452905811624,0.08896551724137924,0.0009934482758620683,
short_aggressive_wide_capacity,w04,2026-02-10,2026-02-11,2026-02-25,603000,0.008933333333333335,0.9601452905811624,-0.11648267986296146,-0.0010405786067757892,
short_aggressive_wide_capacity,w04,2026-02-10,2026-02-11,2026-02-25,688563,0.006700000000000003,0.9601452905811624,0.05240853227857034,0.00035113716626642143,
short_aggressive_wide_capacity,w04,2026-02-10,2026-02-11,2026-02-25,688629,0.004466666666666667,0.9601452905811624,0.15376513954713,0.0006868176233105141,
short_aggressive_wide_capacity,w04,2026-02-10,2026-02-11,2026-02-25,600118,0.0022333333333333337,0.9434619238476954,-0.020538869257950565,-4.587014134275627e-05,
stable_compact_capacity,w04,2026-02-10,2026-02-11,2026-02-25,002429,0.05000000000000002,0.9927855711422846,-0.08091468777484612,-0.004045734388742307,
stable_compact_capacity,w04,2026-02-10,2026-02-11,2026-02-25,600487,0.05000000000000002,0.9901803607214429,-0.029149602505420424,-0.0014574801252710218,
stable_compact_capacity,w04,2026-02-10,2026-02-11,2026-02-25,000426,0.05000000000000002,0.9899799599198398,0.06952841596130588,0.003476420798065295,
stable_compact_capacity,w04,2026-02-10,2026-02-11,2026-02-25,301308,0.05000000000000002,0.9895791583166333,0.032527655442660564,0.0016263827721330287,
stable_compact_capacity,w04,2026-02-10,2026-02-11,2026-02-25,000960,0.05000000000000002,0.9877755511022045,0.10893546607832327,0.005446773303916165,
stable_compact_capacity,w04,2026-02-10,2026-02-11,2026-02-25,600879,0.05000000000000002,0.9772545090180361,0.01913112793941818,0.0009565563969709093,
stable_compact_capacity,w04,2026-02-10,2026-02-11,2026-02-25,002202,0.05000000000000002,0.9750501002004008,0.06194000779119602,0.003097000389559802,
stable_compact_capacity,w04,2026-02-10,2026-02-11,2026-02-25,600977,0.05000000000000002,0.9726452905811623,-0.2613307618129218,-0.013066538090646096,
stable_compact_capacity,w04,2026-02-10,2026-02-11,2026-02-25,601212,0.05000000000000002,0.9678356713426854,0.09276248725790004,0.0046381243628950035,
stable_compact_capacity,w04,2026-02-10,2026-02-11,2026-02-25,000559,0.05000000000000002,0.9678356713426853,-0.01280081925243215,-0.0006400409626216077,
stable_compact_capacity,w04,2026-02-10,2026-02-11,2026-02-25,300285,0.047619047619047644,0.9642284569138276,0.15704918032786885,0.007478532396565187,
stable_compact_capacity,w04,2026-02-10,2026-02-11,2026-02-25,600118,0.04523809523809524,0.9437875751503007,-0.020538869257950565,-0.0009291393235739541,
stable_compact_capacity,w04,2026-02-10,2026-02-11,2026-02-25,688027,0.04285714285714283,0.9391783567134269,-0.04722629086617092,-0.0020239838942644668,
stable_compact_capacity,w04,2026-02-10,2026-02-11,2026-02-25,000060,0.04047619047619047,0.9389779559118236,0.1443148688046647,0.005841316118284047,
stable_compact_capacity,w04,2026-02-10,2026-02-11,2026-02-25,600392,0.038095238095238106,0.9387775551102205,0.1088483146067416,0.0041466024612092055,
stable_compact_capacity,w04,2026-02-10,2026-02-11,2026-02-25,000878,0.03571428571428571,0.9377755511022045,0.07957559681697624,0.002841985600606294,
stable_compact_capacity,w04,2026-02-10,2026-02-11,2026-02-25,688608,0.03333333333333334,0.9375751503006012,-0.00019169941531671508,-6.38998051055717e-06,
stable_compact_capacity,w04,2026-02-10,2026-02-11,2026-02-25,605358,0.03095238095238096,0.937374749498998,0.0656449553001277,0.0020318676640515725,
stable_compact_capacity,w04,2026-02-10,2026-02-11,2026-02-25,600497,0.028571428571428574,0.9371743486973949,0.13122171945701355,0.003749191984486102,
stable_compact_capacity,w04,2026-02-10,2026-02-11,2026-02-25,300919,0.026190476190476195,0.9369739478957917,0.12731938412949084,0.0033345552986295225,
stable_compact_capacity,w04,2026-02-10,2026-02-11,2026-02-25,688122,0.023809523809523822,0.9367735470941885,0.02354206500956013,0.0005605253573704796,
stable_compact_capacity,w04,2026-02-10,2026-02-11,2026-02-25,688709,0.021428571428571415,0.9365731462925853,0.01251078515962023,0.00026808825342043333,
stable_compact_capacity,w04,2026-02-10,2026-02-11,2026-02-25,688385,0.019047619047619053,0.9361723446893788,-0.0066265060240963125,-0.00012621916236373932,
stable_compact_capacity,w04,2026-02-10,2026-02-11,2026-02-25,601611,0.01666666666666667,0.9359719438877756,0.034906270200387945,0.0005817711700064659,
stable_compact_capacity,w04,2026-02-10,2026-02-11,2026-02-25,002851,0.014285714285714287,0.9357715430861724,0.0035620388431854,5.0886269188362864e-05,
stable_compact_capacity,w04,2026-02-10,2026-02-11,2026-02-25,688281,0.011904761904761911,0.9355711422845692,-0.00805692162812599,-9.59157336681666e-05,
stable_compact_capacity,w04,2026-02-10,2026-02-11,2026-02-25,300857,0.009523809523809526,0.9351703406813627,0.11192516818726372,0.0010659539827358453,
stable_compact_capacity,w04,2026-02-10,2026-02-11,2026-02-25,300604,0.0071428571428571435,0.9349699398797595,0.09188767550702037,0.0006563405393358599,
stable_compact_capacity,w04,2026-02-10,2026-02-11,2026-02-25,688375,0.004761904761904763,0.9349699398797595,-0.009895178197065091,-4.711989617650045e-05,
stable_compact_capacity,w04,2026-02-10,2026-02-11,2026-02-25,600516,0.0023809523809523816,0.9345691382765532,0.04561403508771922,0.00010860484544695055,
stable_compact_current,w04,2026-02-10,2026-02-11,2026-02-25,000060,0.02857142857142857,0.7919839679358718,0.1443148688046647,0.004123281965847563,
stable_compact_current,w04,2026-02-10,2026-02-11,2026-02-25,601399,0.02857142857142857,0.7919839679358718,0.009671179883945724,0.0002763194252555921,
stable_compact_current,w04,2026-02-10,2026-02-11,2026-02-25,600392,0.02857142857142857,0.7919839679358718,0.1088483146067416,0.003109951845906903,
stable_compact_current,w04,2026-02-10,2026-02-11,2026-02-25,600497,0.02857142857142857,0.7919839679358718,0.13122171945701355,0.0037491919844861014,
stable_compact_current,w04,2026-02-10,2026-02-11,2026-02-25,600498,0.02857142857142857,0.7919839679358718,-0.028727770177838563,-0.0008207934336525303,
stable_compact_current,w04,2026-02-10,2026-02-11,2026-02-25,600516,0.02857142857142857,0.7919839679358718,0.04561403508771922,0.0013032581453634063,
stable_compact_current,w04,2026-02-10,2026-02-11,2026-02-25,600673,0.02857142857142857,0.7919839679358718,0.143375680580762,0.0040964480165932,last close on 2026-02-13 (halted?); entry=prev_close
stable_compact_current,w04,2026-02-10,2026-02-11,2026-02-25,601106,0.02857142857142857,0.7919839679358718,0.0239043824701195,0.0006829823562891286,
stable_compact_current,w04,2026-02-10,2026-02-11,2026-02-25,601611,0.02857142857142857,0.7919839679358718,0.034906270200387945,0.0009973220057253698,
stable_compact_current,w04,2026-02-10,2026-02-11,2026-02-25,300857,0.02857142857142857,0.7919839679358718,0.11192516818726372,0.003197861948207535,
stable_compact_current,w04,2026-02-10,2026-02-11,2026-02-25,603077,0.02857142857142857,0.7919839679358718,0.17551020408163254,0.005014577259475215,
stable_compact_current,w04,2026-02-10,2026-02-11,2026-02-25,603920,0.02857142857142857,0.7919839679358718,-0.022773044151820243,-0.0006506584043377212,
stable_compact_current,w04,2026-02-10,2026-02-11,2026-02-25,605358,0.02857142857142857,0.7919839679358718,0.0656449553001277,0.00187557015143222,
stable_compact_current,w04,2026-02-10,2026-02-11,2026-02-25,688027,0.02857142857142857,0.7919839679358718,-0.04722629086617092,-0.001349322596176312,
stable_compact_current,w04,2026-02-10,2026-02-11,2026-02-25,688122,0.02857142857142857,0.7919839679358718,0.02354206500956013,0.0006726304288445752,
stable_compact_current,w04,2026-02-10,2026-02-11,2026-02-25,688281,0.02857142857142857,0.7919839679358718,-0.00805692162812599,-0.00023019776080359972,
stable_compact_current,w04,2026-02-10,2026-02-11,2026-02-25,300919,0.02857142857142857,0.7919839679358718,0.12731938412949084,0.003637696689414024,
stable_compact_current,w04,2026-02-10,2026-02-11,2026-02-25,300757,0.02857142857142857,0.7919839679358718,-0.029635090305934364,-0.000846716865883839,
stable_compact_current,w04,2026-02-10,2026-02-11,2026-02-25,000426,0.02857142857142857,0.7919839679358718,0.06952841596130588,0.001986526170323025,
stable_compact_current,w04,2026-02-10,2026-02-11,2026-02-25,002851,0.02857142857142857,0.7919839679358718,0.0035620388431854,0.00010177253837672572,
stable_compact_current,w04,2026-02-10,2026-02-11,2026-02-25,000878,0.02857142857142857,0.7919839679358718,0.07957559681697624,0.002273588480485035,
stable_compact_current,w04,2026-02-10,2026-02-11,2026-02-25,000960,0.02857142857142857,0.7919839679358718,0.10893546607832327,0.0031124418879520934,
stable_compact_current,w04,2026-02-10,2026-02-11,2026-02-25,002008,0.02857142857142857,0.7919839679358718,0.26229834694284015,0.007494238484081147,
stable_compact_current,w04,2026-02-10,2026-02-11,2026-02-25,002195,0.02857142857142857,0.7919839679358718,0.05278884462151412,0.0015082527034718319,
stable_compact_current,w04,2026-02-10,2026-02-11,2026-02-25,002429,0.02857142857142857,0.7919839679358718,-0.08091468777484612,-0.0023118482221384604,
stable_compact_current,w04,2026-02-10,2026-02-11,2026-02-25,002738,0.02857142857142857,0.7919839679358718,0.12489296636085623,0.003568370467453035,
stable_compact_current,w04,2026-02-10,2026-02-11,2026-02-25,003031,0.02857142857142857,0.7919839679358718,0.05209742895805136,0.0014884979702300388,
stable_compact_current,w04,2026-02-10,2026-02-11,2026-02-25,300748,0.02857142857142857,0.7919839679358718,0.1008449168710821,0.0028812833391737742,
stable_compact_current,w04,2026-02-10,2026-02-11,2026-02-25,300223,0.02857142857142857,0.7919839679358718,0.1495212374171373,0.004272035354775351,
stable_compact_current,w04,2026-02-10,2026-02-11,2026-02-25,300285,0.02857142857142857,0.7919839679358718,0.15704918032786885,0.00448711943793911,
stable_compact_current,w04,2026-02-10,2026-02-11,2026-02-25,300450,0.02857142857142857,0.7919839679358718,-0.036155049539370765,-0.0010330014154105933,
stable_compact_current,w04,2026-02-10,2026-02-11,2026-02-25,300454,0.02857142857142857,0.7919839679358718,-0.11398313941336302,-0.0032566611260960864,
stable_compact_current,w04,2026-02-10,2026-02-11,2026-02-25,300604,0.02857142857142857,0.7919839679358718,0.09188767550702037,0.002625362157343439,
stable_compact_current,w04,2026-02-10,2026-02-11,2026-02-25,300724,0.02857142857142857,0.7919839679358718,-0.04908447453454379,-0.0014024135581298224,
stable_compact_current,w04,2026-02-10,2026-02-11,2026-02-25,688375,0.02857142857142857,0.7919839679358718,-0.009895178197065091,-0.0002827193770590026,
stable_extra_wide_capacity,w04,2026-02-10,2026-02-11,2026-02-25,002756,0.06451612903225806,0.8750751503006011,0.1947589098532494,0.012565090958274154,
stable_extra_wide_capacity,w04,2026-02-10,2026-02-11,2026-02-25,001221,0.06236559139784946,0.8597945891783567,-0.027309551809747812,-0.0017031763494251323,
stable_extra_wide_capacity,w04,2026-02-10,2026-02-11,2026-02-25,601399,0.060215053763440864,0.8540330661322645,0.009671179883945724,0.0005823506166676996,
stable_extra_wide_capacity,w04,2026-02-10,2026-02-11,2026-02-25,600977,0.05806451612903226,0.8483967935871743,-0.2613307618129218,-0.015174044234298686,
stable_extra_wide_capacity,w04,2026-02-10,2026-02-11,2026-02-25,002429,0.05591397849462366,0.8429358717434869,-0.08091468777484612,-0.004524262112141933,
stable_extra_wide_capacity,w04,2026-02-10,2026-02-11,2026-02-25,300570,0.053763440860215055,0.8403557114228457,0.013458460643096082,0.0007235731528546281,
stable_extra_wide_capacity,w04,2026-02-10,2026-02-11,2026-02-25,000060,0.05161290322580645,0.8397795591182364,0.1443148688046647,0.007448509357660114,
stable_extra_wide_capacity,w04,2026-02-10,2026-02-11,2026-02-25,603077,0.04946236559139785,0.8387274549098196,0.17551020408163254,0.008681149879306556,
stable_extra_wide_capacity,w04,2026-02-10,2026-02-11,2026-02-25,002008,0.047311827956989246,0.8371993987975952,0.26229834694284015,0.01240981426396233,
stable_extra_wide_capacity,w04,2026-02-10,2026-02-11,2026-02-25,000878,0.04516129032258064,0.8371492985971944,0.07957559681697624,0.0035937366304440877,
stable_extra_wide_capacity,w04,2026-02-10,2026-02-11,2026-02-25,600497,0.043010752688172046,0.8371492985971944,0.13122171945701355,0.005643944922882304,
stable_extra_wide_capacity,w04,2026-02-10,2026-02-11,2026-02-25,600959,0.04086021505376344,0.8357715430861723,-0.08405172413793094,-0.0034343715239154578,
stable_extra_wide_capacity,w04,2026-02-10,2026-02-11,2026-02-25,605358,0.03870967741935484,0.8355711422845691,0.0656449553001277,0.0025410950438759113,
stable_extra_wide_capacity,w04,2026-02-10,2026-02-11,2026-02-25,300285,0.03655913978494624,0.8345190380761522,0.15704918032786885,0.005741582936717786,
stable_extra_wide_capacity,w04,2026-02-10,2026-02-11,2026-02-25,600516,0.034408602150537634,0.8334669338677354,0.04561403508771922,0.0015695151858139947,
stable_extra_wide_capacity,w04,2026-02-10,2026-02-11,2026-02-25,688709,0.03225806451612903,0.8324148296593186,0.01251078515962023,0.00040357371482645905,
stable_extra_wide_capacity,w04,2026-02-10,2026-02-11,2026-02-25,688281,0.030107526881720432,0.8313627254509017,-0.00805692162812599,-0.000242573984502718,
stable_extra_wide_capacity,w04,2026-02-10,2026-02-11,2026-02-25,688220,0.02795698924731183,0.8303106212424849,0.041661776786762195,0.0011647378456514162,
stable_extra_wide_capacity,w04,2026-02-10,2026-02-11,2026-02-25,688608,0.025806451612903226,0.829258517034068,-0.00019169941531671508,-4.947081685592647e-06,
stable_extra_wide_capacity,w04,2026-02-10,2026-02-11,2026-02-25,300390,0.023655913978494623,0.8282064128256512,0.18674157303370786,0.004417542587894165,
stable_extra_wide_capacity,w04,2026-02-10,2026-02-11,2026-02-25,300223,0.021505376344086023,0.8239979959919839,0.1495212374171373,0.0032155104820889746,
stable_extra_wide_capacity,w04,2026-02-10,2026-02-11,2026-02-25,300454,0.01935483870967742,0.8239979959919839,-0.11398313941336302,-0.0022061252789683165,
stable_extra_wide_capacity,w04,2026-02-10,2026-02-11,2026-02-25,300919,0.017204301075268817,0.8239979959919839,0.12731938412949084,0.002190441017281563,
stable_extra_wide_capacity,w04,2026-02-10,2026-02-11,2026-02-25,601611,0.015053763440860216,0.8239979959919839,0.034906270200387945,0.0005254707341993885,
stable_extra_wide_capacity,w04,2026-02-10,2026-02-11,2026-02-25,688122,0.012903225806451613,0.8239979959919839,0.02354206500956013,0.0003037685807685178,
stable_extra_wide_capacity,w04,2026-02-10,2026-02-11,2026-02-25,688385,0.010752688172043012,0.8239979959919839,-0.0066265060240963125,-7.125275294727219e-05,
stable_extra_wide_capacity,w04,2026-02-10,2026-02-11,2026-02-25,688599,0.008602150537634409,0.8239979959919839,-0.027791321306679717,-0.00023906512951982553,
stable_extra_wide_capacity,w04,2026-02-10,2026-02-11,2026-02-25,002851,0.0064516129032258064,0.8182114228456914,0.0035620388431854,2.298089576248645e-05,
stable_extra_wide_capacity,w04,2026-02-10,2026-02-11,2026-02-25,300604,0.004301075268817204,0.8182114228456914,0.09188767550702037,0.0003952158086323457,
stable_extra_wide_capacity,w04,2026-02-10,2026-02-11,2026-02-25,300748,0.002150537634408602,0.8166332665330661,0.1008449168710821,0.00021687078897006905,
stable_medium_capacity,w04,2026-02-10,2026-02-11,2026-02-25,002429,0.039999999999999994,0.996693386773547,-0.08091468777484612,-0.003236587510993844,
stable_medium_capacity,w04,2026-02-10,2026-02-11,2026-02-25,000559,0.039999999999999994,0.9550350701402804,-0.01280081925243215,-0.0005120327700972859,
stable_medium_capacity,w04,2026-02-10,2026-02-11,2026-02-25,000060,0.039999999999999994,0.8956162324649299,0.1443148688046647,0.005772594752186587,
stable_medium_capacity,w04,2026-02-10,2026-02-11,2026-02-25,002202,0.039999999999999994,0.9117735470941883,0.06194000779119602,0.0024776003116478403,
stable_medium_capacity,w04,2026-02-10,2026-02-11,2026-02-25,002156,0.039999999999999994,0.9194889779559118,0.049003322259136395,0.0019601328903654557,
stable_medium_capacity,w04,2026-02-10,2026-02-11,2026-02-25,000960,0.039999999999999994,0.9331913827655309,0.10893546607832327,0.004357418643132931,
stable_medium_capacity,w04,2026-02-10,2026-02-11,2026-02-25,601106,0.039999999999999994,0.988877755511022,0.0239043824701195,0.0009561752988047798,
stable_medium_capacity,w04,2026-02-10,2026-02-11,2026-02-25,000426,0.039999999999999994,0.9461673346693386,0.06952841596130588,0.0027811366384522347,
stable_medium_capacity,w04,2026-02-10,2026-02-11,2026-02-25,601118,0.039999999999999994,0.9528056112224448,0.15657311669128515,0.006262924667651405,
stable_medium_capacity,w04,2026-02-10,2026-02-11,2026-02-25,300751,0.039999999999999994,0.9528056112224449,-0.10778618026029674,-0.004311447210411869,
stable_medium_capacity,w04,2026-02-10,2026-02-11,2026-02-25,301308,0.039999999999999994,0.9447645290581161,0.032527655442660564,0.0013011062177064223,
stable_medium_capacity,w04,2026-02-10,2026-02-11,2026-02-25,300285,0.039999999999999994,0.9566883767535069,0.15704918032786885,0.0062819672131147536,
stable_medium_capacity,w04,2026-02-10,2026-02-11,2026-02-25,002008,0.039999999999999994,0.9584168336673347,0.26229834694284015,0.010491933877713605,
stable_medium_capacity,w04,2026-02-10,2026-02-11,2026-02-25,600977,0.039999999999999994,0.9585420841683365,-0.2613307618129218,-0.01045323047251687,
stable_medium_capacity,w04,2026-02-10,2026-02-11,2026-02-25,300570,0.039999999999999994,0.9594689378757515,0.013458460643096082,0.0005383384257238432,
stable_medium_capacity,w04,2026-02-10,2026-02-11,2026-02-25,688525,0.039999999999999994,0.96437875751503,0.04627041798646059,0.0018508167194584233,
stable_medium_capacity,w04,2026-02-10,2026-02-11,2026-02-25,600392,0.039999999999999994,0.9661322645290581,0.1088483146067416,0.0043539325842696635,
stable_medium_capacity,w04,2026-02-10,2026-02-11,2026-02-25,601212,0.039999999999999994,0.9664829659318637,0.09276248725790004,0.003710499490316001,
stable_medium_capacity,w04,2026-02-10,2026-02-11,2026-02-25,002851,0.039999999999999994,0.9719188376753507,0.0035620388431854,0.000142481553727416,
stable_medium_capacity,w04,2026-02-10,2026-02-11,2026-02-25,688375,0.039999999999999994,0.9741983967935872,-0.009895178197065091,-0.00039580712788260357,
stable_medium_capacity,w04,2026-02-10,2026-02-11,2026-02-25,603077,0.03636363636363643,0.8952655310621243,0.17551020408163254,0.006382189239332104,
stable_medium_capacity,w04,2026-02-10,2026-02-11,2026-02-25,000878,0.03272727272727277,0.8947394789579158,0.07957559681697624,0.0026042922594646804,
stable_medium_capacity,w04,2026-02-10,2026-02-11,2026-02-25,600497,0.029090909090909126,0.8947394789579158,0.13122171945701355,0.0038173591114767625,
stable_medium_capacity,w04,2026-02-10,2026-02-11,2026-02-25,605358,0.025454545454545487,0.8942134268537074,0.0656449553001277,0.0016709624985487073,
stable_medium_capacity,w04,2026-02-10,2026-02-11,2026-02-25,600516,0.021818181818181834,0.8935120240480963,0.04561403508771922,0.0009952153110047836,
stable_medium_capacity,w04,2026-02-10,2026-02-11,2026-02-25,688709,0.018181818181818216,0.8931613226452906,0.01251078515962023,0.00022746882108400462,
stable_medium_capacity,w04,2026-02-10,2026-02-11,2026-02-25,688281,0.014545454545454563,0.892810621242485,-0.00805692162812599,-0.00011719158731819637,
stable_medium_capacity,w04,2026-02-10,2026-02-11,2026-02-25,688220,0.010909090909090917,0.8924599198396794,0.041661776786762195,0.00045449211040104245,
stable_medium_capacity,w04,2026-02-10,2026-02-11,2026-02-25,688608,0.007272727272727281,0.8921092184368737,-0.00019169941531671508,-1.3941775659397477e-06,
stable_medium_capacity,w04,2026-02-10,2026-02-11,2026-02-25,002185,0.0036363636363636407,0.8914328657314629,0.05992779783393498,0.00021791926485067293,
balanced_extra_wide_capacity,w05,2026-02-25,2026-02-26,2026-03-04,300070,0.06451612903225806,0.9509519038076153,-0.04326923076923084,-0.0027915632754342474,
balanced_extra_wide_capacity,w05,2026-02-25,2026-02-26,2026-03-04,600038,0.06236559139784946,0.9487725450901805,-0.022662151601979597,-0.0014133384870051791,
balanced_extra_wide_capacity,w05,2026-02-25,2026-02-26,2026-03-04,600927,0.060215053763440864,0.9487725450901805,-0.030183727034120755,-0.0018175147461406047,
balanced_extra_wide_capacity,w05,2026-02-25,2026-02-26,2026-03-04,688520,0.05806451612903226,0.9066382765531062,-0.07659574468085106,-0.0044474948524365135,
balanced_extra_wide_capacity,w05,2026-02-25,2026-02-26,2026-03-04,002080,0.05591397849462366,0.8996492985971944,-0.09223584354932868,-0.005157272972650636,
balanced_extra_wide_capacity,w05,2026-02-25,2026-02-26,2026-03-04,603927,0.053763440860215055,0.8942885771543088,-0.07580477673935626,-0.004075525631148186,
balanced_extra_wide_capacity,w05,2026-02-25,2026-02-26,2026-03-04,002025,0.05161290322580645,0.8013026052104208,-0.014081790123456894,-0.0007268020708880977,
balanced_extra_wide_capacity,w05,2026-02-25,2026-02-26,2026-03-04,300735,0.04946236559139785,0.8013026052104208,-0.10364683301343569,-0.00512661754690112,
balanced_extra_wide_capacity,w05,2026-02-25,2026-02-26,2026-03-04,600021,0.047311827956989246,0.7802354709418837,-0.007662835249042099,-0.00036254274296543265,
balanced_extra_wide_capacity,w05,2026-02-25,2026-02-26,2026-03-04,000987,0.04516129032258064,0.7526302605210422,-0.052854122621564525,-0.0023869603764577526,
balanced_extra_wide_capacity,w05,2026-02-25,2026-02-26,2026-03-04,600435,0.043010752688172046,0.7526302605210422,0.0769230769230771,0.0033085194375517034,
balanced_extra_wide_capacity,w05,2026-02-25,2026-02-26,2026-03-04,000629,0.04086021505376344,0.752129258517034,-0.021791767554479424,-0.000890416308677654,
balanced_extra_wide_capacity,w05,2026-02-25,2026-02-26,2026-03-04,002156,0.03870967741935484,0.752129258517034,-0.046120348376880504,-0.00178530380813731,
balanced_extra_wide_capacity,w05,2026-02-25,2026-02-26,2026-03-04,002195,0.03655913978494624,0.752129258517034,-0.08041627246925254,-0.0029399497461877274,
balanced_extra_wide_capacity,w05,2026-02-25,2026-02-26,2026-03-04,002429,0.034408602150537634,0.752129258517034,-0.11100478468899522,-0.0038195194731697277,
balanced_extra_wide_capacity,w05,2026-02-25,2026-02-26,2026-03-04,002436,0.03225806451612903,0.752129258517034,-0.05855513307984783,-0.0018888752606402526,
balanced_extra_wide_capacity,w05,2026-02-25,2026-02-26,2026-03-04,002851,0.030107526881720432,0.752129258517034,0.087636271444266,0.0026385113983219874,
balanced_extra_wide_capacity,w05,2026-02-25,2026-02-26,2026-03-04,300285,0.02795698924731183,0.752129258517034,-0.0019835647492207897,-5.5454498365312405e-05,
balanced_extra_wide_capacity,w05,2026-02-25,2026-02-26,2026-03-04,300450,0.025806451612903226,0.752129258517034,-0.10153291253381425,-0.002620204194421013,
balanced_extra_wide_capacity,w05,2026-02-25,2026-02-26,2026-03-04,300604,0.023655913978494623,0.752129258517034,-0.07772538934133444,-0.0018386651242036102,
balanced_extra_wide_capacity,w05,2026-02-25,2026-02-26,2026-03-04,300724,0.021505376344086023,0.752129258517034,-0.07030744336569583,-0.001511988029369803,
balanced_extra_wide_capacity,w05,2026-02-25,2026-02-26,2026-03-04,300857,0.01935483870967742,0.752129258517034,0.020471592557291363,0.000396224372076607,
balanced_extra_wide_capacity,w05,2026-02-25,2026-02-26,2026-03-04,300919,0.017204301075268817,0.752129258517034,-0.07616879705830859,-0.0013104309171321907,
balanced_extra_wide_capacity,w05,2026-02-25,2026-02-26,2026-03-04,601611,0.015053763440860216,0.752129258517034,-0.019987507807620375,-0.00030088721430826374,
balanced_extra_wide_capacity,w05,2026-02-25,2026-02-26,2026-03-04,603688,0.012903225806451613,0.752129258517034,-0.028410235744509404,-0.0003665836870259278,
balanced_extra_wide_capacity,w05,2026-02-25,2026-02-26,2026-03-04,603920,0.010752688172043012,0.752129258517034,-0.09654407102092577,-0.001038108290547589,
balanced_extra_wide_capacity,w05,2026-02-25,2026-02-26,2026-03-04,605358,0.008602150537634409,0.752129258517034,-0.11001917545541695,-0.0009464015092939093,
balanced_extra_wide_capacity,w05,2026-02-25,2026-02-26,2026-03-04,688122,0.0064516129032258064,0.752129258517034,-0.022767075306479923,-0.0001468843568159995,
balanced_extra_wide_capacity,w05,2026-02-25,2026-02-26,2026-03-04,688281,0.004301075268817204,0.752129258517034,-0.04261603375527423,-0.00018329476883988916,
balanced_extra_wide_capacity,w05,2026-02-25,2026-02-26,2026-03-04,688385,0.002150537634408602,0.752129258517034,-0.00497271073377803,-1.0694001578017268e-05,
balanced_medium_current,w05,2026-02-25,2026-02-26,2026-03-04,300454,0.016666666666666666,0.9700901803607214,-0.08783518125344025,-0.0014639196875573376,
balanced_medium_current,w05,2026-02-25,2026-02-26,2026-03-04,000060,0.016666666666666666,0.9316633266533065,-0.003821656050955302,-6.36942675159217e-05,
balanced_medium_current,w05,2026-02-25,2026-02-26,2026-03-04,601399,0.016666666666666666,0.9316633266533065,-0.059386973180076574,-0.0009897828863346095,
balanced_medium_current,w05,2026-02-25,2026-02-26,2026-03-04,601611,0.016666666666666666,0.9316633266533065,-0.019987507807620375,-0.00033312513012700626,
balanced_medium_current,w05,2026-02-25,2026-02-26,2026-03-04,601958,0.016666666666666666,0.9316633266533065,0.17050067658998636,0.0028416779431664394,
balanced_medium_current,w05,2026-02-25,2026-02-26,2026-03-04,603077,0.016666666666666666,0.9316633266533065,-0.02083333333333337,-0.00034722222222222283,
balanced_medium_current,w05,2026-02-25,2026-02-26,2026-03-04,603688,0.016666666666666666,0.9316633266533065,-0.028410235744509404,-0.0004735039290751567,
balanced_medium_current,w05,2026-02-25,2026-02-26,2026-03-04,603920,0.016666666666666666,0.9316633266533065,-0.09654407102092577,-0.0016090678503487628,
balanced_medium_current,w05,2026-02-25,2026-02-26,2026-03-04,605358,0.016666666666666666,0.9316633266533065,-0.11001917545541695,-0.0018336529242569493,
balanced_medium_current,w05,2026-02-25,2026-02-26,2026-03-04,688027,0.016666666666666666,0.9316633266533065,-0.040865671641791,-0.0006810945273631833,
balanced_medium_current,w05,2026-02-25,2026-02-26,2026-03-04,688122,0.016666666666666666,0.9316633266533065,-0.022767075306479923,-0.0003794512551079987,
balanced_medium_current,w05,2026-02-25,2026-02-26,2026-03-04,688281,0.016666666666666666,0.9316633266533065,-0.04261603375527423,-0.0007102672292545705,
balanced_medium_current,w05,2026-02-25,2026-02-26,2026-03-04,688347,0.016666666666666666,0.9316633266533065,-0.1297420333839151,-0.0021623672230652517,
balanced_medium_current,w05,2026-02-25,2026-02-26,2026-03-04,688385,0.016666666666666666,0.9316633266533065,-0.00497271073377803,-8.287851222963383e-05,
balanced_medium_current,w05,2026-02-25,2026-02-26,2026-03-04,688599,0.016666666666666666,0.9316633266533065,-0.11133400200601817,-0.001855566700100303,
balanced_medium_current,w05,2026-02-25,2026-02-26,2026-03-04,688676,0.016666666666666666,0.9316633266533065,-0.06183745583038869,-0.0010306242638398115,
balanced_medium_current,w05,2026-02-25,2026-02-26,2026-03-04,688709,0.016666666666666666,0.9316633266533065,-0.05176821474222415,-0.0008628035790370691,
balanced_medium_current,w05,2026-02-25,2026-02-26,2026-03-04,000032,0.016666666666666666,0.9010521042084167,-0.08807247106190241,-0.0014678745176983736,
balanced_medium_current,w05,2026-02-25,2026-02-26,2026-03-04,688608,0.016666666666666666,0.8990981963927855,-0.11322020899242646,-0.0018870034832071077,
balanced_medium_current,w05,2026-02-25,2026-02-26,2026-03-04,002926,0.016666666666666666,0.8245490981963928,-0.026875699888017968,-0.0004479283314669661,
balanced_medium_current,w05,2026-02-25,2026-02-26,2026-03-04,300888,0.016666666666666666,0.8245490981963928,-0.049591434206818996,-0.0008265239034469833,
balanced_medium_current,w05,2026-02-25,2026-02-26,2026-03-04,600060,0.016666666666666666,0.8245490981963928,-0.04567203131796416,-0.0007612005219660693,
balanced_medium_current,w05,2026-02-25,2026-02-26,2026-03-04,600737,0.016666666666666666,0.8245490981963928,-0.021847690387016172,-0.00036412817311693617,
balanced_medium_current,w05,2026-02-25,2026-02-26,2026-03-04,002056,0.016666666666666666,0.8167334669338677,-0.016902695294655157,-0.0002817115882442526,
balanced_medium_current,w05,2026-02-25,2026-02-26,2026-03-04,300763,0.016666666666666666,0.8167334669338677,0.18536277602523654,0.003089379600420609,
balanced_medium_current,w05,2026-02-25,2026-02-26,2026-03-04,600378,0.016666666666666666,0.8167334669338677,0.008567603748326658,0.0001427933958054443,
balanced_medium_current,w05,2026-02-25,2026-02-26,2026-03-04,601865,0.016666666666666666,0.8167334669338677,-0.09504373177842562,-0.0015840621963070936,
balanced_medium_current,w05,2026-02-25,2026-02-26,2026-03-04,300567,0.016666666666666666,0.8128256513026052,-0.0929032258064516,-0.0015483870967741935,
balanced_medium_current,w05,2026-02-25,2026-02-26,2026-03-04,603000,0.016666666666666666,0.8128256513026052,-0.09177078845325304,-0.0015295131408875507,
balanced_medium_current,w05,2026-02-25,2026-02-26,2026-03-04,601168,0.016666666666666666,0.9316633266533065,-0.042752562225475854,-0.0007125427037579309,
balanced_medium_current,w05,2026-02-25,2026-02-26,2026-03-04,600549,0.016666666666666666,0.9316633266533065,0.228130360205832,0.0038021726700972,
balanced_medium_current,w05,2026-02-25,2026-02-26,2026-03-04,600516,0.016666666666666666,0.9316633266533065,0.04865771812080544,0.0008109619686800906,
balanced_medium_current,w05,2026-02-25,2026-02-26,2026-03-04,002851,0.016666666666666666,0.9316633266533065,0.087636271444266,0.0014606045240711,
balanced_medium_current,w05,2026-02-25,2026-02-26,2026-03-04,000426,0.016666666666666666,0.9316633266533065,-0.023930657622008744,-0.0003988442937001457,
balanced_medium_current,w05,2026-02-25,2026-02-26,2026-03-04,000629,0.016666666666666666,0.9316633266533065,-0.021791767554479424,-0.0003631961259079904,
balanced_medium_current,w05,2026-02-25,2026-02-26,2026-03-04,000831,0.016666666666666666,0.9316633266533065,-0.055971934300749426,-0.0009328655716791571,
balanced_medium_current,w05,2026-02-25,2026-02-26,2026-03-04,000878,0.016666666666666666,0.9316633266533065,-0.01597051597051602,-0.000266175266175267,
balanced_medium_current,w05,2026-02-25,2026-02-26,2026-03-04,000960,0.016666666666666666,0.9316633266533065,0.056951007212136195,0.0009491834535356032,
balanced_medium_current,w05,2026-02-25,2026-02-26,2026-03-04,002008,0.016666666666666666,0.9316633266533065,0.10523824550331318,0.001753970758388553,
balanced_medium_current,w05,2026-02-25,2026-02-26,2026-03-04,002156,0.016666666666666666,0.9316633266533065,-0.046120348376880504,-0.0007686724729480084,
balanced_medium_current,w05,2026-02-25,2026-02-26,2026-03-04,002195,0.016666666666666666,0.9316633266533065,-0.08041627246925254,-0.0013402712078208756,
balanced_medium_current,w05,2026-02-25,2026-02-26,2026-03-04,002281,0.016666666666666666,0.9316633266533065,0.0772104607721047,0.0012868410128684116,
balanced_medium_current,w05,2026-02-25,2026-02-26,2026-03-04,002429,0.016666666666666666,0.9316633266533065,-0.11100478468899522,-0.001850079744816587,
balanced_medium_current,w05,2026-02-25,2026-02-26,2026-03-04,002436,0.016666666666666666,0.9316633266533065,-0.05855513307984783,-0.0009759188846641306,
balanced_medium_current,w05,2026-02-25,2026-02-26,2026-03-04,002738,0.016666666666666666,0.9316633266533065,-0.11287516311439749,-0.0018812527185732915,
balanced_medium_current,w05,2026-02-25,2026-02-26,2026-03-04,003031,0.016666666666666666,0.9316633266533065,0.007845659163987051,0.00013076098606645085,
balanced_medium_current,w05,2026-02-25,2026-02-26,2026-03-04,600498,0.016666666666666666,0.9316633266533065,0.3718309859154929,0.006197183098591548,
balanced_medium_current,w05,2026-02-25,2026-02-26,2026-03-04,300223,0.016666666666666666,0.9316633266533065,-0.1456642460486972,-0.0024277374341449536,
balanced_medium_current,w05,2026-02-25,2026-02-26,2026-03-04,300285,0.016666666666666666,0.9316633266533065,-0.0019835647492207897,-3.3059412487013164e-05,
balanced_medium_current,w05,2026-02-25,2026-02-26,2026-03-04,300450,0.016666666666666666,0.9316633266533065,-0.10153291253381425,-0.001692215208896904,
balanced_medium_current,w05,2026-02-25,2026-02-26,2026-03-04,300604,0.016666666666666666,0.9316633266533065,-0.07772538934133444,-0.0012954231556889073,
balanced_medium_current,w05,2026-02-25,2026-02-26,2026-03-04,300627,0.016666666666666666,0.9316633266533065,-0.06218307979717108,-0.0010363846632861847,
balanced_medium_current,w05,2026-02-25,2026-02-26,2026-03-04,300724,0.016666666666666666,0.9316633266533065,-0.07030744336569583,-0.0011717907227615971,
balanced_medium_current,w05,2026-02-25,2026-02-26,2026-03-04,300748,0.016666666666666666,0.9316633266533065,-0.08195097796484285,-0.001365849632747381,
balanced_medium_current,w05,2026-02-25,2026-02-26,2026-03-04,300857,0.016666666666666666,0.9316633266533065,0.020471592557291363,0.00034119320928818937,
balanced_medium_current,w05,2026-02-25,2026-02-26,2026-03-04,300919,0.016666666666666666,0.9316633266533065,-0.07616879705830859,-0.0012694799509718098,
balanced_medium_current,w05,2026-02-25,2026-02-26,2026-03-04,301308,0.016666666666666666,0.9316633266533065,0.014240134340889998,0.00023733557234816664,
balanced_medium_current,w05,2026-02-25,2026-02-26,2026-03-04,600392,0.016666666666666666,0.9316633266533065,-0.10386320455984799,-0.0017310534093307997,
balanced_medium_current,w05,2026-02-25,2026-02-26,2026-03-04,600497,0.016666666666666666,0.9316633266533065,0.02300000000000013,0.0003833333333333355,
balanced_medium_current,w05,2026-02-25,2026-02-26,2026-03-04,688318,0.016666666666666666,0.748997995991984,-0.09319781078967948,-0.001553296846494658,
economic_medium_capacity,w05,2026-02-25,2026-02-26,2026-03-04,605358,0.05000000000000002,0.9864228456913828,-0.11001917545541695,-0.005500958772770849,
economic_medium_capacity,w05,2026-02-25,2026-02-26,2026-03-04,002436,0.05000000000000002,0.9860220440881763,-0.05855513307984783,-0.0029277566539923925,
economic_medium_capacity,w05,2026-02-25,2026-02-26,2026-03-04,603077,0.05000000000000002,0.9857715430861723,-0.02083333333333337,-0.0010416666666666688,
economic_medium_capacity,w05,2026-02-25,2026-02-26,2026-03-04,300724,0.05000000000000002,0.9790330661322646,-0.07030744336569583,-0.003515372168284793,
economic_medium_capacity,w05,2026-02-25,2026-02-26,2026-03-04,000629,0.05000000000000002,0.963251503006012,-0.021791767554479424,-0.0010895883777239715,
economic_medium_capacity,w05,2026-02-25,2026-02-26,2026-03-04,688027,0.05000000000000002,0.958567134268537,-0.040865671641791,-0.002043283582089551,
economic_medium_capacity,w05,2026-02-25,2026-02-26,2026-03-04,002195,0.05000000000000002,0.9464679358717435,-0.08041627246925254,-0.0040208136234626286,
economic_medium_capacity,w05,2026-02-25,2026-02-26,2026-03-04,002851,0.05000000000000002,0.9464679358717435,0.087636271444266,0.004381813572213301,
economic_medium_capacity,w05,2026-02-25,2026-02-26,2026-03-04,601611,0.05000000000000002,0.9464679358717435,-0.019987507807620375,-0.000999375390381019,
economic_medium_capacity,w05,2026-02-25,2026-02-26,2026-03-04,688122,0.05000000000000002,0.9464679358717435,-0.022767075306479923,-0.0011383537653239966,
economic_medium_capacity,w05,2026-02-25,2026-02-26,2026-03-04,688385,0.047619047619047644,0.9464679358717435,-0.00497271073377803,-0.00023679574922752536,
economic_medium_capacity,w05,2026-02-25,2026-02-26,2026-03-04,688709,0.04523809523809524,0.9464679358717435,-0.05176821474222415,-0.002341895428814902,
economic_medium_capacity,w05,2026-02-25,2026-02-26,2026-03-04,688676,0.04285714285714283,0.9454659318637274,-0.06183745583038869,-0.0026501766784452277,
economic_medium_capacity,w05,2026-02-25,2026-02-26,2026-03-04,300285,0.04047619047619047,0.9349699398797595,-0.0019835647492207897,-8.028714461131767e-05,
economic_medium_capacity,w05,2026-02-25,2026-02-26,2026-03-04,603920,0.038095238095238106,0.9349699398797595,-0.09654407102092577,-0.0036778693722257444,
economic_medium_capacity,w05,2026-02-25,2026-02-26,2026-03-04,002080,0.03571428571428571,0.9308617234468938,-0.09223584354932868,-0.003294137269618881,
economic_medium_capacity,w05,2026-02-25,2026-02-26,2026-03-04,688281,0.03333333333333334,0.9234719438877756,-0.04261603375527423,-0.0014205344585091412,
economic_medium_capacity,w05,2026-02-25,2026-02-26,2026-03-04,688608,0.03095238095238096,0.9158066132264528,-0.11322020899242646,-0.0035044350402417723,
economic_medium_capacity,w05,2026-02-25,2026-02-26,2026-03-04,688099,0.028571428571428574,0.912625250501002,-0.09838642078792958,-0.0028110405939408456,
economic_medium_capacity,w05,2026-02-25,2026-02-26,2026-03-04,300748,0.026190476190476195,0.9124749498997996,-0.08195097796484285,-0.002146335137174456,
economic_medium_capacity,w05,2026-02-25,2026-02-26,2026-03-04,002156,0.023809523809523822,0.9109719438877755,-0.046120348376880504,-0.0010981035327828697,
economic_medium_capacity,w05,2026-02-25,2026-02-26,2026-03-04,300450,0.021428571428571415,0.9109719438877755,-0.10153291253381425,-0.0021757052685817324,
economic_medium_capacity,w05,2026-02-25,2026-02-26,2026-03-04,300919,0.019047619047619053,0.9109719438877755,-0.07616879705830859,-0.0014508342296820687,
economic_medium_capacity,w05,2026-02-25,2026-02-26,2026-03-04,688019,0.01666666666666667,0.897119238476954,-0.10971223021582732,-0.001828537170263789,
economic_medium_capacity,w05,2026-02-25,2026-02-26,2026-03-04,600516,0.014285714285714287,0.8952154308617233,0.04865771812080544,0.0006951102588686491,
economic_medium_capacity,w05,2026-02-25,2026-02-26,2026-03-04,300604,0.011904761904761911,0.892560120240481,-0.07772538934133444,-0.0009253022540635057,
economic_medium_capacity,w05,2026-02-25,2026-02-26,2026-03-04,600378,0.009523809523809526,0.882064128256513,0.008567603748326658,8.159622617453962e-05,
economic_medium_capacity,w05,2026-02-25,2026-02-26,2026-03-04,300339,0.0071428571428571435,0.8807364729458917,-0.0667478190302292,-0.00047677013593020855,
economic_medium_capacity,w05,2026-02-25,2026-02-26,2026-03-04,600583,0.004761904761904763,0.8801352705410821,0.1010781671159029,0.00048132460531382347,
economic_medium_capacity,w05,2026-02-25,2026-02-26,2026-03-04,688018,0.0023809523809523816,0.8798847695390781,-0.08724672228843866,-0.00020773029116294924,
recent_compact_capacity,w05,2026-02-25,2026-02-26,2026-03-04,603156,0.045,0.8710420841683366,0.0033444816053511683,0.00015050167224080256,
recent_compact_capacity,w05,2026-02-25,2026-02-26,2026-03-04,002008,0.045,0.8709168336673346,0.10523824550331318,0.004735721047649093,
recent_compact_capacity,w05,2026-02-25,2026-02-26,2026-03-04,002080,0.045,0.8709168336673346,-0.09223584354932868,-0.00415061295971979,
recent_compact_capacity,w05,2026-02-25,2026-02-26,2026-03-04,300395,0.045,0.8709168336673346,-0.10349571128014234,-0.004657307007606405,
recent_compact_capacity,w05,2026-02-25,2026-02-26,2026-03-04,688702,0.045,0.8709168336673346,0.053775122216186855,0.0024198804997284085,
recent_compact_capacity,w05,2026-02-25,2026-02-26,2026-03-04,000021,0.045,0.8628757515030059,-0.0625,-0.0028125,
recent_compact_capacity,w05,2026-02-25,2026-02-26,2026-03-04,000039,0.045,0.8628757515030059,0.031630170316301776,0.00142335766423358,
recent_compact_capacity,w05,2026-02-25,2026-02-26,2026-03-04,000060,0.045,0.8628757515030059,-0.003821656050955302,-0.0001719745222929886,
recent_compact_capacity,w05,2026-02-25,2026-02-26,2026-03-04,000155,0.045,0.8628757515030059,0.048458149779735615,0.0021806167400881026,
recent_compact_capacity,w05,2026-02-25,2026-02-26,2026-03-04,000415,0.045,0.8628757515030059,-0.05597014925373145,-0.002518656716417915,
recent_compact_capacity,w05,2026-02-25,2026-02-26,2026-03-04,000426,0.045,0.8628757515030059,-0.023930657622008744,-0.0010768795929903935,
recent_compact_capacity,w05,2026-02-25,2026-02-26,2026-03-04,000559,0.045,0.8628757515030059,-0.0928423236514524,-0.004177904564315358,
recent_compact_capacity,w05,2026-02-25,2026-02-26,2026-03-04,000629,0.045,0.8628757515030059,-0.021791767554479424,-0.0009806295399515741,
recent_compact_capacity,w05,2026-02-25,2026-02-26,2026-03-04,000683,0.045,0.8628757515030059,0.007726269315673218,0.00034768211920529476,
recent_compact_capacity,w05,2026-02-25,2026-02-26,2026-03-04,000703,0.04352941176470591,0.8628757515030059,-0.05779889152810769,-0.0025159517488705712,
recent_compact_capacity,w05,2026-02-25,2026-02-26,2026-03-04,000738,0.040808823529411745,0.8628757515030059,-0.09893992932862195,-0.0040376221159842025,
recent_compact_capacity,w05,2026-02-25,2026-02-26,2026-03-04,000825,0.038088235294117645,0.8628757515030059,0.009727626459144156,0.00037050812542916713,
recent_compact_capacity,w05,2026-02-25,2026-02-26,2026-03-04,000830,0.03536764705882354,0.8628757515030059,0.02450980392156854,0.0008668540945790052,
recent_compact_capacity,w05,2026-02-25,2026-02-26,2026-03-04,000831,0.032647058823529425,0.8628757515030059,-0.055971934300749426,-0.0018273190315832909,
recent_compact_capacity,w05,2026-02-25,2026-02-26,2026-03-04,000878,0.029926470588235287,0.8628757515030059,-0.01597051597051602,-0.00047794117647058956,
recent_compact_capacity,w05,2026-02-25,2026-02-26,2026-03-04,000893,0.027205882352941184,0.8628757515030059,0.037201062887511016,0.001012087740321991,
recent_compact_capacity,w05,2026-02-25,2026-02-26,2026-03-04,000933,0.02448529411764706,0.8628757515030059,0.1145374449339207,0.0028044830266908526,
recent_compact_capacity,w05,2026-02-25,2026-02-26,2026-03-04,000960,0.021764705882352953,0.8628757515030059,0.056951007212136195,0.001239521921675906,
recent_compact_capacity,w05,2026-02-25,2026-02-26,2026-03-04,000987,0.019044117647058822,0.8628757515030059,-0.052854122621564525,-0.0010065601293371479,
recent_compact_capacity,w05,2026-02-25,2026-02-26,2026-03-04,001221,0.016323529411764712,0.8628757515030059,-0.11096184846856516,-0.0018112889970604026,
recent_compact_capacity,w05,2026-02-25,2026-02-26,2026-03-04,001389,0.013602941176470592,0.8628757515030059,-0.02112741890249603,-0.0002873950365413064,
recent_compact_capacity,w05,2026-02-25,2026-02-26,2026-03-04,002044,0.010882352941176477,0.8628757515030059,-0.07947976878612717,-0.0008649268956137374,
recent_compact_capacity,w05,2026-02-25,2026-02-26,2026-03-04,002064,0.008161764705882356,0.8628757515030059,-0.06661379857256144,-0.0005436861501142884,
recent_compact_capacity,w05,2026-02-25,2026-02-26,2026-03-04,002126,0.005441176470588238,0.8628757515030059,0.037686809616634065,0.00020506058173756783,
recent_compact_capacity,w05,2026-02-25,2026-02-26,2026-03-04,002153,0.002720588235294119,0.8628757515030059,-0.08976510067114096,-0.00024421387682589836,
recent_compact_current,w05,2026-02-25,2026-02-26,2026-03-04,603156,0.06451612903225806,0.8947895791583167,0.0033444816053511683,0.00021577300679684956,
recent_compact_current,w05,2026-02-25,2026-02-26,2026-03-04,002008,0.06236559139784946,0.8905060120240481,0.10523824550331318,0.006563245418486198,
recent_compact_current,w05,2026-02-25,2026-02-26,2026-03-04,002080,0.060215053763440864,0.8905060120240481,-0.09223584354932868,-0.0055539862782391465,
recent_compact_current,w05,2026-02-25,2026-02-26,2026-03-04,300395,0.05806451612903226,0.8905060120240481,-0.10349571128014234,-0.006009428396911491,
recent_compact_current,w05,2026-02-25,2026-02-26,2026-03-04,688702,0.05591397849462366,0.8905060120240481,0.053775122216186855,0.0030067810271416306,
recent_compact_current,w05,2026-02-25,2026-02-26,2026-03-04,002065,0.053763440860215055,0.8357965931863727,-0.0864978902953587,-0.004650424209427888,
recent_compact_current,w05,2026-02-25,2026-02-26,2026-03-04,002294,0.05161290322580645,0.8357965931863727,-0.06706586826347305,-0.003461464168437319,
recent_compact_current,w05,2026-02-25,2026-02-26,2026-03-04,002568,0.04946236559139785,0.8357965931863727,-0.06772120612951071,-0.0033496510558682717,
recent_compact_current,w05,2026-02-25,2026-02-26,2026-03-04,300339,0.047311827956989246,0.8357965931863727,-0.0667478190302292,-0.0031579613304624564,
recent_compact_current,w05,2026-02-25,2026-02-26,2026-03-04,600737,0.04516129032258064,0.8357965931863727,-0.021847690387016172,-0.0009866698884458916,
recent_compact_current,w05,2026-02-25,2026-02-26,2026-03-04,603486,0.043010752688172046,0.8357965931863727,-0.10483425414364644,-0.004509000178221353,
recent_compact_current,w05,2026-02-25,2026-02-26,2026-03-04,603589,0.04086021505376344,0.8357965931863727,-0.06327763953075005,-0.00258553795932097,
recent_compact_current,w05,2026-02-25,2026-02-26,2026-03-04,688192,0.03870967741935484,0.8357965931863727,-0.09369643877356681,-0.0036269589202671025,
recent_compact_current,w05,2026-02-25,2026-02-26,2026-03-04,688266,0.03655913978494624,0.8357965931863727,-0.11969785008715861,-0.00437605043329397,
recent_compact_current,w05,2026-02-25,2026-02-26,2026-03-04,000021,0.034408602150537634,0.7405811623246493,-0.0625,-0.002150537634408602,
recent_compact_current,w05,2026-02-25,2026-02-26,2026-03-04,000039,0.03225806451612903,0.7405811623246493,0.031630170316301776,0.0010203280747194121,
recent_compact_current,w05,2026-02-25,2026-02-26,2026-03-04,000060,0.030107526881720432,0.7405811623246493,-0.003821656050955302,-0.0001150606122868263,
recent_compact_current,w05,2026-02-25,2026-02-26,2026-03-04,000155,0.02795698924731183,0.7405811623246493,0.048458149779735615,0.0013547439723366947,
recent_compact_current,w05,2026-02-25,2026-02-26,2026-03-04,000400,0.025806451612903226,0.7405811623246493,0.0031675641431738732,8.174359079158382e-05,
recent_compact_current,w05,2026-02-25,2026-02-26,2026-03-04,000415,0.023655913978494623,0.7405811623246493,-0.05597014925373145,-0.0013240250361097761,
recent_compact_current,w05,2026-02-25,2026-02-26,2026-03-04,000426,0.021505376344086023,0.7405811623246493,-0.023930657622008744,-0.0005146377983227688,
recent_compact_current,w05,2026-02-25,2026-02-26,2026-03-04,000559,0.01935483870967742,0.7405811623246493,-0.0928423236514524,-0.0017969481997055304,
recent_compact_current,w05,2026-02-25,2026-02-26,2026-03-04,000591,0.017204301075268817,0.7405811623246493,0.02473498233215543,0.0004255480831338569,
recent_compact_current,w05,2026-02-25,2026-02-26,2026-03-04,000629,0.015053763440860216,0.7405811623246493,-0.021791767554479424,-0.00032804811372334617,
recent_compact_current,w05,2026-02-25,2026-02-26,2026-03-04,000683,0.012903225806451613,0.7405811623246493,0.007726269315673218,9.96937976215899e-05,
recent_compact_current,w05,2026-02-25,2026-02-26,2026-03-04,000703,0.010752688172043012,0.7405811623246493,-0.05779889152810769,-0.0006214934572914806,
recent_compact_current,w05,2026-02-25,2026-02-26,2026-03-04,000738,0.008602150537634409,0.7405811623246493,-0.09893992932862195,-0.0008510961662677156,
recent_compact_current,w05,2026-02-25,2026-02-26,2026-03-04,000825,0.0064516129032258064,0.7405811623246493,0.009727626459144156,6.27588803815752e-05,
recent_compact_current,w05,2026-02-25,2026-02-26,2026-03-04,000830,0.004301075268817204,0.7405811623246493,0.02450980392156854,0.00010541851149061738,
recent_compact_current,w05,2026-02-25,2026-02-26,2026-03-04,000831,0.002150537634408602,0.7405811623246493,-0.055971934300749426,-0.00012036975118440737,
short_aggressive_compact_capacity,w05,2026-02-25,2026-02-26,2026-03-04,300395,0.06451612903225806,0.9985971943887775,-0.10349571128014234,-0.00667714266323499,
short_aggressive_compact_capacity,w05,2026-02-25,2026-02-26,2026-03-04,002008,0.06236559139784946,0.982565130260521,0.10523824550331318,0.006563245418486198,
short_aggressive_compact_capacity,w05,2026-02-25,2026-02-26,2026-03-04,600392,0.060215053763440864,0.8899799599198396,-0.10386320455984799,-0.006254128446614503,
short_aggressive_compact_capacity,w05,2026-02-25,2026-02-26,2026-03-04,002080,0.05806451612903226,0.8871743486973946,-0.09223584354932868,-0.005355629625444891,
short_aggressive_compact_capacity,w05,2026-02-25,2026-02-26,2026-03-04,601231,0.05591397849462366,0.8857715430861722,-0.06475300400534034,-0.0036205980734168794,
short_aggressive_compact_capacity,w05,2026-02-25,2026-02-26,2026-03-04,300017,0.053763440860215055,0.8843687374749498,-0.11498771498771498,-0.006182135214393279,
short_aggressive_compact_capacity,w05,2026-02-25,2026-02-26,2026-03-04,000831,0.05161290322580645,0.8829659318637274,-0.055971934300749426,-0.002888874028425777,
short_aggressive_compact_capacity,w05,2026-02-25,2026-02-26,2026-03-04,688702,0.04946236559139785,0.8815631262525049,0.053775122216186855,0.0026598447547791348,
short_aggressive_compact_capacity,w05,2026-02-25,2026-02-26,2026-03-04,688568,0.047311827956989246,0.8801603206412825,0.13405192044936998,0.0063422413976046005,
short_aggressive_compact_capacity,w05,2026-02-25,2026-02-26,2026-03-04,688375,0.04516129032258064,0.87875751503006,-0.03404759888201914,-0.0015376334978976383,
short_aggressive_compact_capacity,w05,2026-02-25,2026-02-26,2026-03-04,002155,0.043010752688172046,0.8766533066132264,0.14323607427055696,0.006160691366475569,
short_aggressive_compact_capacity,w05,2026-02-25,2026-02-26,2026-03-04,601615,0.04086021505376344,0.8766533066132264,-0.10740072202166062,-0.00438841659873452,
short_aggressive_compact_capacity,w05,2026-02-25,2026-02-26,2026-03-04,300748,0.03870967741935484,0.8745490981963927,-0.08195097796484285,-0.0031722959212197237,
short_aggressive_compact_capacity,w05,2026-02-25,2026-02-26,2026-03-04,300285,0.03655913978494624,0.8717434869739478,-0.0019835647492207897,-7.251742093925468e-05,
short_aggressive_compact_capacity,w05,2026-02-25,2026-02-26,2026-03-04,300604,0.034408602150537634,0.8703406813627254,-0.07772538934133444,-0.002674421998841615,
short_aggressive_compact_capacity,w05,2026-02-25,2026-02-26,2026-03-04,601577,0.03225806451612903,0.8682364729458918,-0.04044489383215377,-0.0013046739945856056,
short_aggressive_compact_capacity,w05,2026-02-25,2026-02-26,2026-03-04,688615,0.030107526881720432,0.8672344689378757,-0.12132743362831855,-0.0036528689694547522,
short_aggressive_compact_capacity,w05,2026-02-25,2026-02-26,2026-03-04,000060,0.02795698924731183,0.866132264529058,-0.003821656050955302,-0.00010684199712348156,
short_aggressive_compact_capacity,w05,2026-02-25,2026-02-26,2026-03-04,000878,0.025806451612903226,0.866132264529058,-0.01597051597051602,-0.00041214234762621986,
short_aggressive_compact_capacity,w05,2026-02-25,2026-02-26,2026-03-04,605358,0.023655913978494623,0.866132264529058,-0.11001917545541695,-0.0026026041505582504,
short_aggressive_compact_capacity,w05,2026-02-25,2026-02-26,2026-03-04,688122,0.021505376344086023,0.866132264529058,-0.022767075306479923,-0.0004896145227199983,
short_aggressive_compact_capacity,w05,2026-02-25,2026-02-26,2026-03-04,688385,0.01935483870967742,0.866132264529058,-0.00497271073377803,-9.624601420215542e-05,
short_aggressive_compact_capacity,w05,2026-02-25,2026-02-26,2026-03-04,603077,0.017204301075268817,0.8619238476953907,-0.02083333333333337,-0.000358422939068101,
short_aggressive_compact_capacity,w05,2026-02-25,2026-02-26,2026-03-04,003031,0.015053763440860216,0.859819639278557,0.007845659163987051,0.0001181066970922782,
short_aggressive_compact_capacity,w05,2026-02-25,2026-02-26,2026-03-04,688281,0.012903225806451613,0.859819639278557,-0.04261603375527423,-0.0005498843065196674,
short_aggressive_compact_capacity,w05,2026-02-25,2026-02-26,2026-03-04,002429,0.010752688172043012,0.8542084168336672,-0.11100478468899522,-0.00119359983536554,
short_aggressive_compact_capacity,w05,2026-02-25,2026-02-26,2026-03-04,002738,0.008602150537634409,0.8542084168336672,-0.11287516311439749,-0.000970969145070086,
short_aggressive_compact_capacity,w05,2026-02-25,2026-02-26,2026-03-04,002851,0.0064516129032258064,0.8542084168336672,0.087636271444266,0.0005653952996404258,
short_aggressive_compact_capacity,w05,2026-02-25,2026-02-26,2026-03-04,601611,0.004301075268817204,0.8542084168336672,-0.019987507807620375,-8.596777551664678e-05,
short_aggressive_compact_capacity,w05,2026-02-25,2026-02-26,2026-03-04,603920,0.002150537634408602,0.8542084168336672,-0.09654407102092577,-0.0002076216581095178,
short_aggressive_medium_capacity,w05,2026-02-25,2026-02-26,2026-03-04,300395,0.06451612903225806,0.9985971943887775,-0.10349571128014234,-0.00667714266323499,
short_aggressive_medium_capacity,w05,2026-02-25,2026-02-26,2026-03-04,002008,0.06236559139784946,0.982565130260521,0.10523824550331318,0.006563245418486198,
short_aggressive_medium_capacity,w05,2026-02-25,2026-02-26,2026-03-04,600392,0.060215053763440864,0.8899799599198396,-0.10386320455984799,-0.006254128446614503,
short_aggressive_medium_capacity,w05,2026-02-25,2026-02-26,2026-03-04,002080,0.05806451612903226,0.8871743486973946,-0.09223584354932868,-0.005355629625444891,
short_aggressive_medium_capacity,w05,2026-02-25,2026-02-26,2026-03-04,601231,0.05591397849462366,0.8857715430861722,-0.06475300400534034,-0.0036205980734168794,
short_aggressive_medium_capacity,w05,2026-02-25,2026-02-26,2026-03-04,300017,0.053763440860215055,0.8843687374749498,-0.11498771498771498,-0.006182135214393279,
short_aggressive_medium_capacity,w05,2026-02-25,2026-02-26,2026-03-04,000831,0.05161290322580645,0.8829659318637274,-0.055971934300749426,-0.002888874028425777,
short_aggressive_medium_capacity,w05,2026-02-25,2026-02-26,2026-03-04,688702,0.04946236559139785,0.8815631262525049,0.053775122216186855,0.0026598447547791348,
short_aggressive_medium_capacity,w05,2026-02-25,2026-02-26,2026-03-04,688568,0.047311827956989246,0.8801603206412825,0.13405192044936998,0.0063422413976046005,
short_aggressive_medium_capacity,w05,2026-02-25,2026-02-26,2026-03-04,688375,0.04516129032258064,0.87875751503006,-0.03404759888201914,-0.0015376334978976383,
short_aggressive_medium_capacity,w05,2026-02-25,2026-02-26,2026-03-04,002155,0.043010752688172046,0.8766533066132264,0.14323607427055696,0.006160691366475569,
short_aggressive_medium_capacity,w05,2026-02-25,2026-02-26,2026-03-04,601615,0.04086021505376344,0.8766533066132264,-0.10740072202166062,-0.00438841659873452,
short_aggressive_medium_capacity,w05,2026-02-25,2026-02-26,2026-03-04,300748,0.03870967741935484,0.8745490981963927,-0.08195097796484285,-0.0031722959212197237,
short_aggressive_medium_capacity,w05,2026-02-25,2026-02-26,2026-03-04,300285,0.03655913978494624,0.8717434869739478,-0.0019835647492207897,-7.251742093925468e-05,
short_aggressive_medium_capacity,w05,2026-02-25,2026-02-26,2026-03-04,300604,0.034408602150537634,0.8703406813627254,-0.07772538934133444,-0.002674421998841615,
short_aggressive_medium_capacity,w05,2026-02-25,2026-02-26,2026-03-04,601577,0.03225806451612903,0.8682364729458918,-0.04044489383215377,-0.0013046739945856056,
short_aggressive_medium_capacity,w05,2026-02-25,2026-02-26,2026-03-04,688615,0.030107526881720432,0.8672344689378757,-0.12132743362831855,-0.0036528689694547522,
short_aggressive_medium_capacity,w05,2026-02-25,2026-02-26,2026-03-04,000060,0.02795698924731183,0.866132264529058,-0.003821656050955302,-0.00010684199712348156,
short_aggressive_medium_capacity,w05,2026-02-25,2026-02-26,2026-03-04,000878,0.025806451612903226,0.866132264529058,-0.01597051597051602,-0.00041214234762621986,
short_aggressive_medium_capacity,w05,2026-02-25,2026-02-26,2026-03-04,605358,0.023655913978494623,0.866132264529058,-0.11001917545541695,-0.0026026041505582504,
short_aggressive_medium_capacity,w05,2026-02-25,2026-02-26,2026-03-04,688122,0.021505376344086023,0.866132264529058,-0.022767075306479923,-0.0004896145227199983,
short_aggressive_medium_capacity,w05,2026-02-25,2026-02-26,2026-03-04,688385,0.01935483870967742,0.866132264529058,-0.00497271073377803,-9.624601420215542e-05,
short_aggressive_medium_capacity,w05,2026-02-25,2026-02-26,2026-03-04,603077,0.017204301075268817,0.8619238476953907,-0.02083333333333337,-0.000358422939068101,
short_aggressive_medium_capacity,w05,2026-02-25,2026-02-26,2026-03-04,003031,0.015053763440860216,0.859819639278557,0.007845659163987051,0.0001181066970922782,
short_aggressive_medium_capacity,w05,2026-02-25,2026-02-26,2026-03-04,688281,0.012903225806451613,0.859819639278557,-0.04261603375527423,-0.0005498843065196674,
short_aggressive_medium_capacity,w05,2026-02-25,2026-02-26,2026-03-04,002429,0.010752688172043012,0.8542084168336672,-0.11100478468899522,-0.00119359983536554,
short_aggressive_medium_capacity,w05,2026-02-25,2026-02-26,2026-03-04,002738,0.008602150537634409,0.8542084168336672,-0.11287516311439749,-0.000970969145070086,
short_aggressive_medium_capacity,w05,2026-02-25,2026-02-26,2026-03-04,002851,0.0064516129032258064,0.8542084168336672,0.087636271444266,0.0005653952996404258,
short_aggressive_medium_capacity,w05,2026-02-25,2026-02-26,2026-03-04,601611,0.004301075268817204,0.8542084168336672,-0.019987507807620375,-8.596777551664678e-05,
short_aggressive_medium_capacity,w05,2026-02-25,2026-02-26,2026-03-04,603920,0.002150537634408602,0.8542084168336672,-0.09654407102092577,-0.0002076216581095178,
short_aggressive_wide_capacity,w05,2026-02-25,2026-02-26,2026-03-04,000657,0.055,0.9836923847695391,0.13003569607343213,0.007151963284038767,
short_aggressive_wide_capacity,w05,2026-02-25,2026-02-26,2026-03-04,600392,0.055,0.9836923847695391,-0.10386320455984799,-0.005712476250791639,
short_aggressive_wide_capacity,w05,2026-02-25,2026-02-26,2026-03-04,002008,0.055,0.905686372745491,0.10523824550331318,0.005788103502682225,
short_aggressive_wide_capacity,w05,2026-02-25,2026-02-26,2026-03-04,002080,0.055,0.905686372745491,-0.09223584354932868,-0.0050729713952130774,
short_aggressive_wide_capacity,w05,2026-02-25,2026-02-26,2026-03-04,000021,0.055,0.8175100200400801,-0.0625,-0.0034375,
short_aggressive_wide_capacity,w05,2026-02-25,2026-02-26,2026-03-04,000559,0.055,0.8175100200400801,-0.0928423236514524,-0.0051063278008298815,
short_aggressive_wide_capacity,w05,2026-02-25,2026-02-26,2026-03-04,000738,0.05360000000000002,0.8175100200400801,-0.09893992932862195,-0.005303180212014138,
short_aggressive_wide_capacity,w05,2026-02-25,2026-02-26,2026-03-04,001221,0.05136666666666666,0.8175100200400801,-0.11096184846856516,-0.005699740283001963,
short_aggressive_wide_capacity,w05,2026-02-25,2026-02-26,2026-03-04,001389,0.049133333333333334,0.8175100200400801,-0.02112741890249603,-0.001038060515409305,
short_aggressive_wide_capacity,w05,2026-02-25,2026-02-26,2026-03-04,002044,0.0469,0.8175100200400801,-0.07947976878612717,-0.003727601156069364,
short_aggressive_wide_capacity,w05,2026-02-25,2026-02-26,2026-03-04,002130,0.044666666666666674,0.8175100200400801,-0.08100358422939058,-0.0036181600955794463,
short_aggressive_wide_capacity,w05,2026-02-25,2026-02-26,2026-03-04,002340,0.04243333333333334,0.8175100200400801,-0.06605691056910568,-0.002803014905149051,
short_aggressive_wide_capacity,w05,2026-02-25,2026-02-26,2026-03-04,002465,0.0402,0.8175100200400801,-0.020606754436176322,-0.0008283915283342881,
short_aggressive_wide_capacity,w05,2026-02-25,2026-02-26,2026-03-04,002739,0.03796666666666667,0.8175100200400801,-0.08176100628930816,-0.0031041928721174,
short_aggressive_wide_capacity,w05,2026-02-25,2026-02-26,2026-03-04,002837,0.03573333333333334,0.8175100200400801,-0.0659861465548669,-0.002357904970227244,
short_aggressive_wide_capacity,w05,2026-02-25,2026-02-26,2026-03-04,300017,0.0335,0.8175100200400801,-0.11498771498771498,-0.0038520884520884522,
short_aggressive_wide_capacity,w05,2026-02-25,2026-02-26,2026-03-04,300346,0.031266666666666665,0.8175100200400801,-0.11514414727335875,-0.0036001736714136837,
short_aggressive_wide_capacity,w05,2026-02-25,2026-02-26,2026-03-04,300383,0.029033333333333335,0.8175100200400801,-0.04126370083816899,-0.0011980227810015065,
short_aggressive_wide_capacity,w05,2026-02-25,2026-02-26,2026-03-04,300395,0.02680000000000001,0.8175100200400801,-0.10349571128014234,-0.002773685062307816,
short_aggressive_wide_capacity,w05,2026-02-25,2026-02-26,2026-03-04,300567,0.024566666666666667,0.8175100200400801,-0.0929032258064516,-0.002282322580645161,
short_aggressive_wide_capacity,w05,2026-02-25,2026-02-26,2026-03-04,300623,0.022333333333333337,0.8175100200400801,-0.1553209224784663,-0.0034688339353524146,
short_aggressive_wide_capacity,w05,2026-02-25,2026-02-26,2026-03-04,300763,0.0201,0.8175100200400801,0.18536277602523654,0.0037257917981072543,
short_aggressive_wide_capacity,w05,2026-02-25,2026-02-26,2026-03-04,301536,0.01786666666666667,0.8175100200400801,0.04252400548696844,0.0007597622313671697,
short_aggressive_wide_capacity,w05,2026-02-25,2026-02-26,2026-03-04,301611,0.015633333333333332,0.8175100200400801,-0.1298927006196161,-0.0020306558863533316,
short_aggressive_wide_capacity,w05,2026-02-25,2026-02-26,2026-03-04,600602,0.013400000000000006,0.8175100200400801,-0.05032067094227921,-0.0006742969906265417,
short_aggressive_wide_capacity,w05,2026-02-25,2026-02-26,2026-03-04,600884,0.011166666666666668,0.8175100200400801,-0.07997356245869136,-0.0008930381141220537,
short_aggressive_wide_capacity,w05,2026-02-25,2026-02-26,2026-03-04,600988,0.008933333333333335,0.8175100200400801,0.0607142857142855,0.0005423809523809505,
short_aggressive_wide_capacity,w05,2026-02-25,2026-02-26,2026-03-04,601179,0.006700000000000003,0.8175100200400801,0.042431918936035595,0.00028429385687143863,
short_aggressive_wide_capacity,w05,2026-02-25,2026-02-26,2026-03-04,603000,0.004466666666666667,0.8175100200400801,-0.09177078845325304,-0.00040990952175786366,
short_aggressive_wide_capacity,w05,2026-02-25,2026-02-26,2026-03-04,688563,0.0022333333333333337,0.8175100200400801,-0.083489932885906,-0.00018646085011185678,
stable_compact_capacity,w05,2026-02-25,2026-02-26,2026-03-04,603077,0.05000000000000002,0.9817635270541083,-0.02083333333333337,-0.0010416666666666688,
stable_compact_capacity,w05,2026-02-25,2026-02-26,2026-03-04,603688,0.05000000000000002,0.979058116232465,-0.028410235744509404,-0.0014205117872254707,
stable_compact_capacity,w05,2026-02-25,2026-02-26,2026-03-04,300604,0.05000000000000002,0.977254509018036,-0.07772538934133444,-0.0038862694670667233,
stable_compact_capacity,w05,2026-02-25,2026-02-26,2026-03-04,300136,0.05000000000000002,0.9736472945891783,-0.07543883156907405,-0.0037719415784537038,
stable_compact_capacity,w05,2026-02-25,2026-02-26,2026-03-04,300454,0.05000000000000002,0.9718436873747496,-0.08783518125344025,-0.004391759062672014,
stable_compact_capacity,w05,2026-02-25,2026-02-26,2026-03-04,601179,0.05000000000000002,0.9715430861723447,0.042431918936035595,0.0021215959468017806,
stable_compact_capacity,w05,2026-02-25,2026-02-26,2026-03-04,601231,0.05000000000000002,0.9697394789579159,-0.06475300400534034,-0.003237650200267018,
stable_compact_capacity,w05,2026-02-25,2026-02-26,2026-03-04,300567,0.05000000000000002,0.9670340681362727,-0.0929032258064516,-0.004645161290322582,
stable_compact_capacity,w05,2026-02-25,2026-02-26,2026-03-04,688172,0.05000000000000002,0.9670340681362727,-0.20135253054101232,-0.01006762652705062,
stable_compact_capacity,w05,2026-02-25,2026-02-26,2026-03-04,301611,0.05000000000000002,0.9643286573146294,-0.1298927006196161,-0.006494635030980808,
stable_compact_capacity,w05,2026-02-25,2026-02-26,2026-03-04,002353,0.047619047619047644,0.9625250501002004,0.10420248328557791,0.00496202301359895,
stable_compact_capacity,w05,2026-02-25,2026-02-26,2026-03-04,688568,0.04523809523809524,0.9511022044088178,0.13405192044936998,0.006064253544138165,
stable_compact_capacity,w05,2026-02-25,2026-02-26,2026-03-04,300748,0.04285714285714283,0.9483967935871742,-0.08195097796484285,-0.0035121847699218344,
stable_compact_capacity,w05,2026-02-25,2026-02-26,2026-03-04,300223,0.04047619047619047,0.9465931863727455,-0.1456642460486972,-0.005895933768637744,
stable_compact_capacity,w05,2026-02-25,2026-02-26,2026-03-04,002195,0.038095238095238106,0.9438877755511021,-0.08041627246925254,-0.0030634770464477165,
stable_compact_capacity,w05,2026-02-25,2026-02-26,2026-03-04,300285,0.03571428571428571,0.9438877755511021,-0.0019835647492207897,-7.084159818645677e-05,
stable_compact_capacity,w05,2026-02-25,2026-02-26,2026-03-04,601118,0.03333333333333334,0.9336673346693387,-0.04469987228607919,-0.0014899957428693067,
stable_compact_capacity,w05,2026-02-25,2026-02-26,2026-03-04,300724,0.03095238095238096,0.920440881763527,-0.07030744336569583,-0.0021761827708429667,
stable_compact_capacity,w05,2026-02-25,2026-02-26,2026-03-04,601611,0.028571428571428574,0.920440881763527,-0.019987507807620375,-0.0005710716516462965,
stable_compact_capacity,w05,2026-02-25,2026-02-26,2026-03-04,605358,0.026190476190476195,0.920440881763527,-0.11001917545541695,-0.0028814545952609207,
stable_compact_capacity,w05,2026-02-25,2026-02-26,2026-03-04,688122,0.023809523809523822,0.920440881763527,-0.022767075306479923,-0.0005420732215828556,
stable_compact_capacity,w05,2026-02-25,2026-02-26,2026-03-04,688281,0.021428571428571415,0.920440881763527,-0.04261603375527423,-0.0009132007233273044,
stable_compact_capacity,w05,2026-02-25,2026-02-26,2026-03-04,688385,0.019047619047619053,0.920440881763527,-0.00497271073377803,-9.471829969101011e-05,
stable_compact_capacity,w05,2026-02-25,2026-02-26,2026-03-04,000629,0.01666666666666667,0.9069138276553106,-0.021791767554479424,-0.00036319612590799045,
stable_compact_capacity,w05,2026-02-25,2026-02-26,2026-03-04,002065,0.014285714285714287,0.9066132264529059,-0.0864978902953587,-0.001235684147076553,
stable_compact_capacity,w05,2026-02-25,2026-02-26,2026-03-04,002926,0.011904761904761911,0.9066132264529059,-0.026875699888017968,-0.0003199488081906903,
stable_compact_capacity,w05,2026-02-25,2026-02-26,2026-03-04,600737,0.009523809523809526,0.9066132264529059,-0.021847690387016172,-0.00020807324178110645,
stable_compact_capacity,w05,2026-02-25,2026-02-26,2026-03-04,603486,0.0071428571428571435,0.9066132264529059,-0.10483425414364644,-0.0007488161010260461,
stable_compact_capacity,w05,2026-02-25,2026-02-26,2026-03-04,688772,0.004761904761904763,0.9066132264529059,-0.13409563409563396,-0.0006385506385506381,
stable_compact_capacity,w05,2026-02-25,2026-02-26,2026-03-04,688599,0.0023809523809523816,0.9051102204408819,-0.11133400200601817,-0.0002650809571571862,
stable_compact_current,w05,2026-02-25,2026-02-26,2026-03-04,000060,0.02857142857142857,0.8980961923847696,-0.003821656050955302,-0.0001091901728844372,
stable_compact_current,w05,2026-02-25,2026-02-26,2026-03-04,600392,0.02857142857142857,0.8980961923847696,-0.10386320455984799,-0.002967520130281371,
stable_compact_current,w05,2026-02-25,2026-02-26,2026-03-04,300604,0.02857142857142857,0.8980961923847696,-0.07772538934133444,-0.0022207254097524123,
stable_compact_current,w05,2026-02-25,2026-02-26,2026-03-04,300724,0.02857142857142857,0.8980961923847696,-0.07030744336569583,-0.002008784096162738,
stable_compact_current,w05,2026-02-25,2026-02-26,2026-03-04,300757,0.02857142857142857,0.8980961923847696,0.05814277393704592,0.0016612221124870264,
stable_compact_current,w05,2026-02-25,2026-02-26,2026-03-04,300857,0.02857142857142857,0.8980961923847696,0.020471592557291363,0.000584902644494039,
stable_compact_current,w05,2026-02-25,2026-02-26,2026-03-04,300919,0.02857142857142857,0.8980961923847696,-0.07616879705830859,-0.0021762513445231025,
stable_compact_current,w05,2026-02-25,2026-02-26,2026-03-04,301308,0.02857142857142857,0.8980961923847696,0.014240134340889998,0.00040686098116828566,
stable_compact_current,w05,2026-02-25,2026-02-26,2026-03-04,600497,0.02857142857142857,0.8980961923847696,0.02300000000000013,0.0006571428571428609,
stable_compact_current,w05,2026-02-25,2026-02-26,2026-03-04,300454,0.02857142857142857,0.8980961923847696,-0.08783518125344025,-0.00250957660724115,
stable_compact_current,w05,2026-02-25,2026-02-26,2026-03-04,600498,0.02857142857142857,0.8980961923847696,0.3718309859154929,0.010623742454728368,
stable_compact_current,w05,2026-02-25,2026-02-26,2026-03-04,600549,0.02857142857142857,0.8980961923847696,0.228130360205832,0.0065180102915952,
stable_compact_current,w05,2026-02-25,2026-02-26,2026-03-04,601106,0.02857142857142857,0.8980961923847696,-0.0778210116731517,-0.0022234574763757625,
stable_compact_current,w05,2026-02-25,2026-02-26,2026-03-04,601168,0.02857142857142857,0.8980961923847696,-0.042752562225475854,-0.0012215017778707386,
stable_compact_current,w05,2026-02-25,2026-02-26,2026-03-04,601399,0.02857142857142857,0.8980961923847696,-0.059386973180076574,-0.001696770662287902,
stable_compact_current,w05,2026-02-25,2026-02-26,2026-03-04,601611,0.02857142857142857,0.8980961923847696,-0.019987507807620375,-0.0005710716516462964,
stable_compact_current,w05,2026-02-25,2026-02-26,2026-03-04,300570,0.02857142857142857,0.8980961923847696,-0.052544684516545814,-0.0015012767004727375,
stable_compact_current,w05,2026-02-25,2026-02-26,2026-03-04,300450,0.02857142857142857,0.8980961923847696,-0.10153291253381425,-0.0029009403581089785,
stable_compact_current,w05,2026-02-25,2026-02-26,2026-03-04,000426,0.02857142857142857,0.8980961923847696,-0.023930657622008744,-0.0006837330749145356,
stable_compact_current,w05,2026-02-25,2026-02-26,2026-03-04,002195,0.02857142857142857,0.8980961923847696,-0.08041627246925254,-0.0022976077848357868,
stable_compact_current,w05,2026-02-25,2026-02-26,2026-03-04,000629,0.02857142857142857,0.8980961923847696,-0.021791767554479424,-0.0006226219301279835,
stable_compact_current,w05,2026-02-25,2026-02-26,2026-03-04,000831,0.02857142857142857,0.8980961923847696,-0.055971934300749426,-0.001599198122878555,
stable_compact_current,w05,2026-02-25,2026-02-26,2026-03-04,000878,0.02857142857142857,0.8980961923847696,-0.01597051597051602,-0.0004563004563004577,
stable_compact_current,w05,2026-02-25,2026-02-26,2026-03-04,000960,0.02857142857142857,0.8980961923847696,0.056951007212136195,0.0016271716346324626,
stable_compact_current,w05,2026-02-25,2026-02-26,2026-03-04,002008,0.02857142857142857,0.8980961923847696,0.10523824550331318,0.0030068070143803765,
stable_compact_current,w05,2026-02-25,2026-02-26,2026-03-04,002156,0.02857142857142857,0.8980961923847696,-0.046120348376880504,-0.001317724239339443,
stable_compact_current,w05,2026-02-25,2026-02-26,2026-03-04,002202,0.02857142857142857,0.8980961923847696,-0.009170946441672823,-0.0002620270411906521,
stable_compact_current,w05,2026-02-25,2026-02-26,2026-03-04,300285,0.02857142857142857,0.8980961923847696,-0.0019835647492207897,-5.667327854916542e-05,
stable_compact_current,w05,2026-02-25,2026-02-26,2026-03-04,002429,0.02857142857142857,0.8980961923847696,-0.11100478468899522,-0.0031715652768284346,
stable_compact_current,w05,2026-02-25,2026-02-26,2026-03-04,002436,0.02857142857142857,0.8980961923847696,-0.05855513307984783,-0.0016730038022813665,
stable_compact_current,w05,2026-02-25,2026-02-26,2026-03-04,002738,0.02857142857142857,0.8980961923847696,-0.11287516311439749,-0.0032250046604113567,
stable_compact_current,w05,2026-02-25,2026-02-26,2026-03-04,002851,0.02857142857142857,0.8980961923847696,0.087636271444266,0.0025038934698361714,
stable_compact_current,w05,2026-02-25,2026-02-26,2026-03-04,003031,0.02857142857142857,0.8980961923847696,0.007845659163987051,0.00022416169039963003,
stable_compact_current,w05,2026-02-25,2026-02-26,2026-03-04,300223,0.02857142857142857,0.8980961923847696,-0.1456642460486972,-0.004161835601391349,
stable_compact_current,w05,2026-02-25,2026-02-26,2026-03-04,601958,0.02857142857142857,0.8980961923847696,0.17050067658998636,0.004871447902571039,
stable_extra_wide_capacity,w05,2026-02-25,2026-02-26,2026-03-04,300339,0.06451612903225806,0.8559619238476954,-0.0667478190302292,-0.004306310905176077,
stable_extra_wide_capacity,w05,2026-02-25,2026-02-26,2026-03-04,300627,0.06236559139784946,0.8485971943887776,-0.06218307979717108,-0.0038780845464902393,
stable_extra_wide_capacity,w05,2026-02-25,2026-02-26,2026-03-04,600038,0.060215053763440864,0.8075651302605211,-0.022662151601979597,-0.0013646026771084489,
stable_extra_wide_capacity,w05,2026-02-25,2026-02-26,2026-03-04,603077,0.05806451612903226,0.8071392785571142,-0.02083333333333337,-0.001209677419354841,
stable_extra_wide_capacity,w05,2026-02-25,2026-02-26,2026-03-04,300454,0.05591397849462366,0.8029308617234469,-0.08783518125344025,-0.004911214435676229,
stable_extra_wide_capacity,w05,2026-02-25,2026-02-26,2026-03-04,300604,0.053763440860215055,0.7987224448897795,-0.07772538934133444,-0.004178784373190024,
stable_extra_wide_capacity,w05,2026-02-25,2026-02-26,2026-03-04,002065,0.05161290322580645,0.7980961923847696,-0.0864978902953587,-0.0044644072410507715,
stable_extra_wide_capacity,w05,2026-02-25,2026-02-26,2026-03-04,688122,0.04946236559139785,0.795566132264529,-0.022767075306479923,-0.001126113402255996,
stable_extra_wide_capacity,w05,2026-02-25,2026-02-26,2026-03-04,601611,0.047311827956989246,0.7945140280561122,-0.019987507807620375,-0.0009456455306831145,
stable_extra_wide_capacity,w05,2026-02-25,2026-02-26,2026-03-04,688385,0.04516129032258064,0.7934619238476953,-0.00497271073377803,-0.00022457403313836261,
stable_extra_wide_capacity,w05,2026-02-25,2026-02-26,2026-03-04,605358,0.043010752688172046,0.7913577154308616,-0.11001917545541695,-0.004732007546469547,
stable_extra_wide_capacity,w05,2026-02-25,2026-02-26,2026-03-04,600435,0.04086021505376344,0.7896793587174349,0.0769230769230771,0.003143093465674118,
stable_extra_wide_capacity,w05,2026-02-25,2026-02-26,2026-03-04,688281,0.03870967741935484,0.7882014028056111,-0.04261603375527423,-0.0016496529195590024,
stable_extra_wide_capacity,w05,2026-02-25,2026-02-26,2026-03-04,688709,0.03655913978494624,0.7860971943887776,-0.05176821474222415,-0.0018926013991780873,
stable_extra_wide_capacity,w05,2026-02-25,2026-02-26,2026-03-04,002429,0.034408602150537634,0.7850450901803607,-0.11100478468899522,-0.0038195194731697277,
stable_extra_wide_capacity,w05,2026-02-25,2026-02-26,2026-03-04,688676,0.03225806451612903,0.7839929859719439,-0.06183745583038869,-0.0019947566396899576,
stable_extra_wide_capacity,w05,2026-02-25,2026-02-26,2026-03-04,000629,0.030107526881720432,0.782940881763527,-0.021791767554479424,-0.0006560962274466923,
stable_extra_wide_capacity,w05,2026-02-25,2026-02-26,2026-03-04,688599,0.02795698924731183,0.7797845691382765,-0.11133400200601817,-0.003112563496942444,
stable_extra_wide_capacity,w05,2026-02-25,2026-02-26,2026-03-04,601399,0.025806451612903226,0.7776803607214429,-0.059386973180076574,-0.0015325670498084277,
stable_extra_wide_capacity,w05,2026-02-25,2026-02-26,2026-03-04,300857,0.023655913978494623,0.7745240480961924,0.020471592557291363,0.0004842742325380752,
stable_extra_wide_capacity,w05,2026-02-25,2026-02-26,2026-03-04,601198,0.021505376344086023,0.7738977955911823,-0.04788732394366191,-0.001029834923519611,
stable_extra_wide_capacity,w05,2026-02-25,2026-02-26,2026-03-04,000921,0.01935483870967742,0.7728456913827656,-0.057820299500832006,-0.0011191025709838453,
stable_extra_wide_capacity,w05,2026-02-25,2026-02-26,2026-03-04,688608,0.017204301075268817,0.7724198396793587,-0.11322020899242646,-0.0019478745633105627,
stable_extra_wide_capacity,w05,2026-02-25,2026-02-26,2026-03-04,688615,0.015053763440860216,0.7713677354709418,-0.12132743362831855,-0.0018264344847273761,
stable_extra_wide_capacity,w05,2026-02-25,2026-02-26,2026-03-04,300919,0.012903225806451613,0.7692635270541082,-0.07616879705830859,-0.000982823187849143,
stable_extra_wide_capacity,w05,2026-02-25,2026-02-26,2026-03-04,002851,0.010752688172043012,0.7682114228456913,0.087636271444266,0.0009423254994007097,
stable_extra_wide_capacity,w05,2026-02-25,2026-02-26,2026-03-04,603920,0.008602150537634409,0.7661072144288577,-0.09654407102092577,-0.0008304866324380712,
stable_extra_wide_capacity,w05,2026-02-25,2026-02-26,2026-03-04,688220,0.0064516129032258064,0.7629509018036071,-0.08179360072104558,-0.0005277006498131973,
stable_extra_wide_capacity,w05,2026-02-25,2026-02-26,2026-03-04,600060,0.004301075268817204,0.7623246492985972,-0.04567203131796416,-0.00019643884437834045,
stable_extra_wide_capacity,w05,2026-02-25,2026-02-26,2026-03-04,300285,0.002150537634408602,0.7618987975951903,-0.0019835647492207897,-4.265730643485569e-06,
stable_medium_capacity,w05,2026-02-25,2026-02-26,2026-03-04,603077,0.039999999999999994,0.9864228456913827,-0.02083333333333337,-0.0008333333333333347,
stable_medium_capacity,w05,2026-02-25,2026-02-26,2026-03-04,688709,0.039999999999999994,0.9455160320641283,-0.05176821474222415,-0.0020707285896889656,
stable_medium_capacity,w05,2026-02-25,2026-02-26,2026-03-04,002353,0.039999999999999994,0.933817635270541,0.10420248328557791,0.004168099331423115,
stable_medium_capacity,w05,2026-02-25,2026-02-26,2026-03-04,300285,0.039999999999999994,0.9374498997995993,-0.0019835647492207897,-7.934258996883157e-05,
stable_medium_capacity,w05,2026-02-25,2026-02-26,2026-03-04,603920,0.039999999999999994,0.9388527054108217,-0.09654407102092577,-0.00386176284083703,
stable_medium_capacity,w05,2026-02-25,2026-02-26,2026-03-04,300567,0.039999999999999994,0.9392785571142284,-0.0929032258064516,-0.0037161290322580637,
stable_medium_capacity,w05,2026-02-25,2026-02-26,2026-03-04,002008,0.039999999999999994,0.9829158316633266,0.10523824550331318,0.004209529820132526,
stable_medium_capacity,w05,2026-02-25,2026-02-26,2026-03-04,688172,0.039999999999999994,0.9406813627254509,-0.20135253054101232,-0.008054101221640492,
stable_medium_capacity,w05,2026-02-25,2026-02-26,2026-03-04,601399,0.039999999999999994,0.9427104208416833,-0.059386973180076574,-0.0023754789272030625,
stable_medium_capacity,w05,2026-02-25,2026-02-26,2026-03-04,688599,0.039999999999999994,0.9434118236472946,-0.11133400200601817,-0.004453360080240726,
stable_medium_capacity,w05,2026-02-25,2026-02-26,2026-03-04,002851,0.039999999999999994,0.9395541082164328,0.087636271444266,0.0035054508577706395,
stable_medium_capacity,w05,2026-02-25,2026-02-26,2026-03-04,688281,0.039999999999999994,0.9462174348697394,-0.04261603375527423,-0.001704641350210969,
stable_medium_capacity,w05,2026-02-25,2026-02-26,2026-03-04,605358,0.039999999999999994,0.9472695390781563,-0.11001917545541695,-0.004400767018216677,
stable_medium_capacity,w05,2026-02-25,2026-02-26,2026-03-04,688385,0.039999999999999994,0.9479709418837675,-0.00497271073377803,-0.00019890842935112114,
stable_medium_capacity,w05,2026-02-25,2026-02-26,2026-03-04,601611,0.039999999999999994,0.9483216432865731,-0.019987507807620375,-0.0007995003123048149,
stable_medium_capacity,w05,2026-02-25,2026-02-26,2026-03-04,688122,0.039999999999999994,0.9486723446893788,-0.022767075306479923,-0.0009106830122591967,
stable_medium_capacity,w05,2026-02-25,2026-02-26,2026-03-04,688027,0.039999999999999994,0.9493737474949899,-0.040865671641791,-0.0016346268656716398,
stable_medium_capacity,w05,2026-02-25,2026-02-26,2026-03-04,300604,0.039999999999999994,0.9497244488977956,-0.07772538934133444,-0.003109015573653377,
stable_medium_capacity,w05,2026-02-25,2026-02-26,2026-03-04,300454,0.039999999999999994,0.951127254509018,-0.08783518125344025,-0.0035134072501376095,
stable_medium_capacity,w05,2026-02-25,2026-02-26,2026-03-04,601231,0.039999999999999994,0.9631262525050099,-0.06475300400534034,-0.0025901201602136132,
stable_medium_capacity,w05,2026-02-25,2026-02-26,2026-03-04,300627,0.03636363636363643,0.9293837675350701,-0.06218307979717108,-0.002261202901715316,
stable_medium_capacity,w05,2026-02-25,2026-02-26,2026-03-04,300724,0.03272727272727277,0.9283316633266533,-0.07030744336569583,-0.002300970873786412,
stable_medium_capacity,w05,2026-02-25,2026-02-26,2026-03-04,300223,0.029090909090909126,0.9216683366733467,-0.1456642460486972,-0.004237505339598469,
stable_medium_capacity,w05,2026-02-25,2026-02-26,2026-03-04,300748,0.025454545454545487,0.9206162324649299,-0.08195097796484285,-0.002086024893650548,
stable_medium_capacity,w05,2026-02-25,2026-02-26,2026-03-04,000878,0.021818181818181834,0.9164078156312625,-0.01597051597051602,-0.0003484476211748952,
stable_medium_capacity,w05,2026-02-25,2026-02-26,2026-03-04,003031,0.018181818181818216,0.9136022044088177,0.007845659163987051,0.00014264834843612847,
stable_medium_capacity,w05,2026-02-25,2026-02-26,2026-03-04,002195,0.014545454545454563,0.9118486973947896,-0.08041627246925254,-0.001169691235916402,
stable_medium_capacity,w05,2026-02-25,2026-02-26,2026-03-04,601106,0.010909090909090917,0.9104458917835672,-0.0778210116731517,-0.0008489564909798373,
stable_medium_capacity,w05,2026-02-25,2026-02-26,2026-03-04,688702,0.007272727272727281,0.9078156312625251,0.053775122216186855,0.0003910917979359049,
stable_medium_capacity,w05,2026-02-25,2026-02-26,2026-03-04,000060,0.0036363636363636407,0.9076402805611222,-0.003821656050955302,-1.3896931094382934e-05,
balanced_extra_wide_capacity,w06,2026-03-04,2026-03-05,2026-03-11,601958,0.06451612903225806,0.9220691382765531,-0.10789980732177262,-0.006961277891727266,
balanced_extra_wide_capacity,w06,2026-03-04,2026-03-05,2026-03-11,600549,0.06236559139784946,0.9215180360721442,-0.12150837988826824,-0.007577941971526406,
balanced_extra_wide_capacity,w06,2026-03-04,2026-03-05,2026-03-11,002008,0.060215053763440864,0.9198647294589177,0.03283369022127047,0.001977082421925964,
balanced_extra_wide_capacity,w06,2026-03-04,2026-03-05,2026-03-11,002312,0.05806451612903226,0.9183617234468937,-0.016666666666666607,-0.0009677419354838676,
balanced_extra_wide_capacity,w06,2026-03-04,2026-03-05,2026-03-11,002156,0.05591397849462366,0.9182114228456912,-0.022826312512969404,-0.0012763099469617302,
balanced_extra_wide_capacity,w06,2026-03-04,2026-03-05,2026-03-11,002195,0.053763440860215055,0.9182114228456912,0.10185185185185186,0.005475906013540422,
balanced_extra_wide_capacity,w06,2026-03-04,2026-03-05,2026-03-11,300724,0.05161290322580645,0.9182114228456912,0.0467322252197373,0.002411985817792893,
balanced_extra_wide_capacity,w06,2026-03-04,2026-03-05,2026-03-11,000060,0.04946236559139785,0.9115981963927855,-0.06010230179028142,-0.002972802024035425,
balanced_extra_wide_capacity,w06,2026-03-04,2026-03-05,2026-03-11,000426,0.047311827956989246,0.9115981963927855,-0.021814671814671782,-0.0010320919998339337,
balanced_extra_wide_capacity,w06,2026-03-04,2026-03-05,2026-03-11,000629,0.04516129032258064,0.9115981963927855,0.0024752475247524774,0.00011178537208559575,
balanced_extra_wide_capacity,w06,2026-03-04,2026-03-05,2026-03-11,000878,0.043010752688172046,0.9115981963927855,-0.03745318352059934,-0.0016108896137892192,
balanced_extra_wide_capacity,w06,2026-03-04,2026-03-05,2026-03-11,002429,0.04086021505376344,0.9115981963927855,0.15392895586652333,0.006289570239707405,
balanced_extra_wide_capacity,w06,2026-03-04,2026-03-05,2026-03-11,002851,0.03870967741935484,0.9115981963927855,-0.022843822843822692,-0.0008842770133092655,
balanced_extra_wide_capacity,w06,2026-03-04,2026-03-05,2026-03-11,300285,0.03655913978494624,0.9115981963927855,0.1274843838727997,0.00466071941040343,
balanced_extra_wide_capacity,w06,2026-03-04,2026-03-05,2026-03-11,300604,0.034408602150537634,0.9115981963927855,-0.0010069713400464586,-3.464847621665234e-05,
balanced_extra_wide_capacity,w06,2026-03-04,2026-03-05,2026-03-11,300919,0.03225806451612903,0.9115981963927855,0.01876421531463235,0.0006052972682139467,
balanced_extra_wide_capacity,w06,2026-03-04,2026-03-05,2026-03-11,600497,0.030107526881720432,0.9115981963927855,-0.025415444770283457,-0.0007651961866321902,
balanced_extra_wide_capacity,w06,2026-03-04,2026-03-05,2026-03-11,601168,0.02795698924731183,0.9115981963927855,-0.04680330376261843,-0.0013084794600301927,
balanced_extra_wide_capacity,w06,2026-03-04,2026-03-05,2026-03-11,603077,0.025806451612903226,0.9115981963927855,0.07446808510638303,0.001921757035003433,
balanced_extra_wide_capacity,w06,2026-03-04,2026-03-05,2026-03-11,603688,0.023655913978494623,0.9115981963927855,0.11364579012857745,0.0026883950352996817,
balanced_extra_wide_capacity,w06,2026-03-04,2026-03-05,2026-03-11,603920,0.021505376344086023,0.9115981963927855,0.018073346201088025,0.0003886741118513554,
balanced_extra_wide_capacity,w06,2026-03-04,2026-03-05,2026-03-11,605358,0.01935483870967742,0.9115981963927855,0.00861836789657966,0.00016680712057896117,
balanced_extra_wide_capacity,w06,2026-03-04,2026-03-05,2026-03-11,688002,0.017204301075268817,0.9115981963927855,-0.012182834111935548,-0.00020959714601179438,
balanced_extra_wide_capacity,w06,2026-03-04,2026-03-05,2026-03-11,688281,0.015053763440860216,0.9115981963927855,-0.04429263992948451,-0.0006667709236696593,
balanced_extra_wide_capacity,w06,2026-03-04,2026-03-05,2026-03-11,688385,0.012903225806451613,0.9115981963927855,-0.11872257435397382,-0.0015319041852125655,
balanced_extra_wide_capacity,w06,2026-03-04,2026-03-05,2026-03-11,300223,0.010752688172043012,0.9060871743486973,0.008333333333333304,8.960573476702478e-05,
balanced_extra_wide_capacity,w06,2026-03-04,2026-03-05,2026-03-11,688702,0.008602150537634409,0.9055360721442886,0.0958762886597937,0.0008247422680412361,
balanced_extra_wide_capacity,w06,2026-03-04,2026-03-05,2026-03-11,000021,0.0064516129032258064,0.9044338677354709,0.027884615384615508,0.00017990074441687424,
balanced_extra_wide_capacity,w06,2026-03-04,2026-03-05,2026-03-11,301536,0.004301075268817204,0.9044338677354709,0.01947368421052631,8.37577815506508e-05,
balanced_extra_wide_capacity,w06,2026-03-04,2026-03-05,2026-03-11,600392,0.002150537634408602,0.9033316633266533,-0.05795053003533568,-0.00012462479577491544,
balanced_medium_current,w06,2026-03-04,2026-03-05,2026-03-11,600498,0.016666666666666666,0.977555110220441,-0.024127310061601626,-0.0004021218343600271,
balanced_medium_current,w06,2026-03-04,2026-03-05,2026-03-11,688220,0.016666666666666666,0.9762525050100201,0.01852760736196335,0.0003087934560327225,
balanced_medium_current,w06,2026-03-04,2026-03-05,2026-03-11,300748,0.016666666666666666,0.9085170340681363,-0.048813376483279214,-0.0008135562747213202,
balanced_medium_current,w06,2026-03-04,2026-03-05,2026-03-11,002465,0.016666666666666666,0.9059118236472945,0.015780245470485177,0.0002630040911747529,
balanced_medium_current,w06,2026-03-04,2026-03-05,2026-03-11,002195,0.016666666666666666,0.9020040080160321,0.10185185185185186,0.001697530864197531,
balanced_medium_current,w06,2026-03-04,2026-03-05,2026-03-11,600487,0.016666666666666666,0.9017535070140281,0.050020669698222386,0.0008336778283037064,
balanced_medium_current,w06,2026-03-04,2026-03-05,2026-03-11,000878,0.016666666666666666,0.9007014028056113,-0.03745318352059934,-0.0006242197253433224,
balanced_medium_current,w06,2026-03-04,2026-03-05,2026-03-11,600516,0.016666666666666666,0.8965430861723447,0.1120000000000001,0.0018666666666666684,
balanced_medium_current,w06,2026-03-04,2026-03-05,2026-03-11,002851,0.016666666666666666,0.8954909819639278,-0.022843822843822692,-0.0003807303807303782,
balanced_medium_current,w06,2026-03-04,2026-03-05,2026-03-11,300627,0.016666666666666666,0.8928857715430862,0.034433693796243725,0.0005738948966040621,
balanced_medium_current,w06,2026-03-04,2026-03-05,2026-03-11,688387,0.016666666666666666,0.8915831663326654,0.03145057766367132,0.000524176294394522,
balanced_medium_current,w06,2026-03-04,2026-03-05,2026-03-11,600673,0.016666666666666666,0.8880761523046092,-0.025132275132275006,-0.0004188712522045834,
balanced_medium_current,w06,2026-03-04,2026-03-05,2026-03-11,601555,0.016666666666666666,0.8880761523046092,0.0,0.0,no data in window -> return=0
balanced_medium_current,w06,2026-03-04,2026-03-05,2026-03-11,300567,0.016666666666666666,0.884819639278557,-0.03662873399715505,-0.0006104788999525842,
balanced_medium_current,w06,2026-03-04,2026-03-05,2026-03-11,688347,0.016666666666666666,0.8772545090180361,0.07890148212728865,0.0013150247021214774,
balanced_medium_current,w06,2026-03-04,2026-03-05,2026-03-11,000032,0.016666666666666666,0.8759519038076151,0.03863134657836631,0.0006438557763061052,
balanced_medium_current,w06,2026-03-04,2026-03-05,2026-03-11,301308,0.016666666666666666,0.8707414829659319,0.07483691512963997,0.0012472819188273328,
balanced_medium_current,w06,2026-03-04,2026-03-05,2026-03-11,688018,0.016666666666666666,0.8642284569138277,0.02017498041264032,0.00033624967354400534,
balanced_medium_current,w06,2026-03-04,2026-03-05,2026-03-11,688709,0.016666666666666666,0.861623246492986,0.08155470680745913,0.0013592451134576522,
balanced_medium_current,w06,2026-03-04,2026-03-05,2026-03-11,688114,0.016666666666666666,0.8561623246492986,0.0005399568034556435,8.999280057594057e-06,
balanced_medium_current,w06,2026-03-04,2026-03-05,2026-03-11,688235,0.016666666666666666,0.8509519038076152,0.029533857995329926,0.000492230966588832,
balanced_medium_current,w06,2026-03-04,2026-03-05,2026-03-11,300857,0.016666666666666666,0.8498997995991984,0.02590862944162442,0.00043181049069374033,
balanced_medium_current,w06,2026-03-04,2026-03-05,2026-03-11,000039,0.016666666666666666,0.8496492985971944,0.023584905660377187,0.00039308176100628646,
balanced_medium_current,w06,2026-03-04,2026-03-05,2026-03-11,000960,0.016666666666666666,0.8446893787575152,-0.08070588235294118,-0.0013450980392156863,
balanced_medium_current,w06,2026-03-04,2026-03-05,2026-03-11,301611,0.016666666666666666,0.8405310621242486,0.019626574033868804,0.0003271095672311467,
balanced_medium_current,w06,2026-03-04,2026-03-05,2026-03-11,002155,0.016666666666666666,0.8353206412825651,-0.08533127094612014,-0.0014221878491020024,
balanced_medium_current,w06,2026-03-04,2026-03-05,2026-03-11,688676,0.016666666666666666,0.8314128256513027,0.010671688637790222,0.0001778614772965037,
balanced_medium_current,w06,2026-03-04,2026-03-05,2026-03-11,000155,0.016666666666666666,0.8275050100200401,0.03851540616246507,0.0006419234360410845,
balanced_medium_current,w06,2026-03-04,2026-03-05,2026-03-11,301536,0.016666666666666666,0.8262024048096193,0.01947368421052631,0.0003245614035087718,
balanced_medium_current,w06,2026-03-04,2026-03-05,2026-03-11,300223,0.016666666666666666,0.9098196392785571,0.008333333333333304,0.0001388888888888884,
balanced_medium_current,w06,2026-03-04,2026-03-05,2026-03-11,600392,0.016666666666666666,0.9163326653306614,-0.05795053003533568,-0.0009658421672555946,
balanced_medium_current,w06,2026-03-04,2026-03-05,2026-03-11,000426,0.016666666666666666,0.9176352705410822,-0.021814671814671782,-0.00036357786357786305,
balanced_medium_current,w06,2026-03-04,2026-03-05,2026-03-11,000629,0.016666666666666666,0.9358717434869739,0.0024752475247524774,4.125412541254129e-05,
balanced_medium_current,w06,2026-03-04,2026-03-05,2026-03-11,300285,0.016666666666666666,0.9723446893787575,0.1274843838727997,0.0021247397312133282,
balanced_medium_current,w06,2026-03-04,2026-03-05,2026-03-11,601106,0.016666666666666666,0.9710420841683367,0.02320675105485215,0.0003867791842475358,
balanced_medium_current,w06,2026-03-04,2026-03-05,2026-03-11,603688,0.016666666666666666,0.9632264529058117,0.11364579012857745,0.0018940965021429575,
balanced_medium_current,w06,2026-03-04,2026-03-05,2026-03-11,688375,0.016666666666666666,0.9619238476953909,-0.004384042086803985,-7.306736811339976e-05,
balanced_medium_current,w06,2026-03-04,2026-03-05,2026-03-11,000831,0.016666666666666666,0.9547595190380762,-0.0726351351351352,-0.0012105855855855867,
balanced_medium_current,w06,2026-03-04,2026-03-05,2026-03-11,688027,0.016666666666666666,0.9547595190380762,0.030157791540879497,0.0005026298590146583,
balanced_medium_current,w06,2026-03-04,2026-03-05,2026-03-11,688122,0.016666666666666666,0.9502004008016032,-0.001672640382317847,-2.7877339705297452e-05,
balanced_medium_current,w06,2026-03-04,2026-03-05,2026-03-11,603077,0.016666666666666666,0.9488977955911824,0.07446808510638303,0.0012411347517730506,
balanced_medium_current,w06,2026-03-04,2026-03-05,2026-03-11,605358,0.016666666666666666,0.9475951903807616,0.00861836789657966,0.00014363946494299433,
balanced_medium_current,w06,2026-03-04,2026-03-05,2026-03-11,688608,0.016666666666666666,0.9449899799599197,0.00540540540540535,9.009009009008917e-05,
balanced_medium_current,w06,2026-03-04,2026-03-05,2026-03-11,600497,0.016666666666666666,0.9436873747494989,-0.025415444770283457,-0.00042359074617139095,
balanced_medium_current,w06,2026-03-04,2026-03-05,2026-03-11,000060,0.016666666666666666,0.9358717434869739,-0.06010230179028142,-0.0010017050298380236,
balanced_medium_current,w06,2026-03-04,2026-03-05,2026-03-11,002156,0.016666666666666666,0.9358717434869739,-0.022826312512969404,-0.0003804385418828234,
balanced_medium_current,w06,2026-03-04,2026-03-05,2026-03-11,688281,0.016666666666666666,0.918937875751503,-0.04429263992948451,-0.0007382106654914085,
balanced_medium_current,w06,2026-03-04,2026-03-05,2026-03-11,002429,0.016666666666666666,0.9358717434869739,0.15392895586652333,0.0025654825977753887,
balanced_medium_current,w06,2026-03-04,2026-03-05,2026-03-11,002738,0.016666666666666666,0.9358717434869739,-0.039715616572689294,-0.0006619269428781549,
balanced_medium_current,w06,2026-03-04,2026-03-05,2026-03-11,003031,0.016666666666666666,0.9358717434869739,0.03573251659009702,0.0005955419431682836,
balanced_medium_current,w06,2026-03-04,2026-03-05,2026-03-11,300604,0.016666666666666666,0.9358717434869739,-0.0010069713400464586,-1.6782855667440978e-05,
balanced_medium_current,w06,2026-03-04,2026-03-05,2026-03-11,300919,0.016666666666666666,0.9358717434869739,0.01876421531463235,0.00031273692191053916,
balanced_medium_current,w06,2026-03-04,2026-03-05,2026-03-11,601168,0.016666666666666666,0.9358717434869739,-0.04680330376261843,-0.0007800550627103072,
balanced_medium_current,w06,2026-03-04,2026-03-05,2026-03-11,603920,0.016666666666666666,0.9358717434869739,0.018073346201088025,0.00030122243668480043,
balanced_medium_current,w06,2026-03-04,2026-03-05,2026-03-11,688385,0.016666666666666666,0.9358717434869739,-0.11872257435397382,-0.0019787095725662305,
balanced_medium_current,w06,2026-03-04,2026-03-05,2026-03-11,601399,0.016666666666666666,0.926753507014028,0.014256619144602967,0.0002376103190767161,
balanced_medium_current,w06,2026-03-04,2026-03-05,2026-03-11,601611,0.016666666666666666,0.9247995991983968,0.10133843212237115,0.0016889738687061858,
balanced_medium_current,w06,2026-03-04,2026-03-05,2026-03-11,688002,0.016666666666666666,0.9247995991983968,-0.012182834111935548,-0.0002030472351989258,
balanced_medium_current,w06,2026-03-04,2026-03-05,2026-03-11,300724,0.016666666666666666,0.9202404809619238,0.0467322252197373,0.000778870420328955,
balanced_medium_current,w06,2026-03-04,2026-03-05,2026-03-11,300454,0.016666666666666666,0.8251503006012024,0.11896551724137949,0.0019827586206896584,
economic_medium_capacity,w06,2026-03-04,2026-03-05,2026-03-11,002008,0.05000000000000002,0.9896793587174348,0.03283369022127047,0.0016416845110635242,
economic_medium_capacity,w06,2026-03-04,2026-03-05,2026-03-11,688220,0.05000000000000002,0.9893787575150301,0.01852760736196335,0.0009263803680981678,
economic_medium_capacity,w06,2026-03-04,2026-03-05,2026-03-11,300724,0.05000000000000002,0.9794088176352705,0.0467322252197373,0.002336611260986866,
economic_medium_capacity,w06,2026-03-04,2026-03-05,2026-03-11,605358,0.05000000000000002,0.9725701402805611,0.00861836789657966,0.0004309183948289831,
economic_medium_capacity,w06,2026-03-04,2026-03-05,2026-03-11,300604,0.05000000000000002,0.9707915831663326,-0.0010069713400464586,-5.034856700232295e-05,
economic_medium_capacity,w06,2026-03-04,2026-03-05,2026-03-11,002429,0.05000000000000002,0.9664829659318637,0.15392895586652333,0.007696447793326169,
economic_medium_capacity,w06,2026-03-04,2026-03-05,2026-03-11,300857,0.05000000000000002,0.9661322645290581,0.02590862944162442,0.0012954314720812214,
economic_medium_capacity,w06,2026-03-04,2026-03-05,2026-03-11,603920,0.05000000000000002,0.9628256513026052,0.018073346201088025,0.0009036673100544016,
economic_medium_capacity,w06,2026-03-04,2026-03-05,2026-03-11,600487,0.05000000000000002,0.9602204408817635,0.050020669698222386,0.00250103348491112,
economic_medium_capacity,w06,2026-03-04,2026-03-05,2026-03-11,601168,0.05000000000000002,0.9600200400801604,-0.04680330376261843,-0.0023401651881309223,
economic_medium_capacity,w06,2026-03-04,2026-03-05,2026-03-11,000426,0.047619047619047644,0.9594689378757515,-0.021814671814671782,-0.0010387938959367522,
economic_medium_capacity,w06,2026-03-04,2026-03-05,2026-03-11,000629,0.04523809523809524,0.95874248496994,0.0024752475247524774,0.00011197548326261207,
economic_medium_capacity,w06,2026-03-04,2026-03-05,2026-03-11,600497,0.04285714285714283,0.956563126252505,-0.025415444770283457,-0.0010892333472978617,
economic_medium_capacity,w06,2026-03-04,2026-03-05,2026-03-11,000878,0.04047619047619047,0.9533567134268538,-0.03745318352059934,-0.001515962190119497,
economic_medium_capacity,w06,2026-03-04,2026-03-05,2026-03-11,688122,0.038095238095238106,0.9527054108216433,-0.001672640382317847,-6.371963361210848e-05,
economic_medium_capacity,w06,2026-03-04,2026-03-05,2026-03-11,688385,0.03571428571428571,0.9519038076152304,-0.11872257435397382,-0.004240091941213351,
economic_medium_capacity,w06,2026-03-04,2026-03-05,2026-03-11,300454,0.03333333333333334,0.9516032064128257,0.11896551724137949,0.003965517241379318,
economic_medium_capacity,w06,2026-03-04,2026-03-05,2026-03-11,000060,0.03095238095238096,0.9493987975951904,-0.06010230179028142,-0.0018603093411277587,
economic_medium_capacity,w06,2026-03-04,2026-03-05,2026-03-11,688027,0.028571428571428574,0.9440380761523046,0.030157791540879497,0.0008616511868822714,
economic_medium_capacity,w06,2026-03-04,2026-03-05,2026-03-11,601611,0.026190476190476195,0.9439378757515031,0.10133843212237115,0.0026541017936811493,
economic_medium_capacity,w06,2026-03-04,2026-03-05,2026-03-11,300285,0.023809523809523822,0.9438877755511024,0.1274843838727997,0.0030353424731618993,
economic_medium_capacity,w06,2026-03-04,2026-03-05,2026-03-11,603077,0.021428571428571415,0.9419338677354709,0.07446808510638303,0.001595744680851064,
economic_medium_capacity,w06,2026-03-04,2026-03-05,2026-03-11,688375,0.019047619047619053,0.9412324649298598,-0.004384042086803985,-8.350556355817117e-05,
economic_medium_capacity,w06,2026-03-04,2026-03-05,2026-03-11,300223,0.01666666666666667,0.9336673346693387,0.008333333333333304,0.00013888888888888843,
economic_medium_capacity,w06,2026-03-04,2026-03-05,2026-03-11,603688,0.014285714285714287,0.9325651302605211,0.11364579012857745,0.0016235112875511066,
economic_medium_capacity,w06,2026-03-04,2026-03-05,2026-03-11,301308,0.011904761904761911,0.9316633266533068,0.07483691512963997,0.0008909156563052382,
economic_medium_capacity,w06,2026-03-04,2026-03-05,2026-03-11,688281,0.009523809523809526,0.9307615230460922,-0.04429263992948451,-0.00042183466599509073,
economic_medium_capacity,w06,2026-03-04,2026-03-05,2026-03-11,003031,0.0071428571428571435,0.9304609218436874,0.03573251659009702,0.00025523226135783586,
economic_medium_capacity,w06,2026-03-04,2026-03-05,2026-03-11,002195,0.004761904761904763,0.9275050100200402,0.10185185185185186,0.00048500881834215184,
economic_medium_capacity,w06,2026-03-04,2026-03-05,2026-03-11,002156,0.0023809523809523816,0.9241482965931864,-0.022826312512969404,-5.4348363126117644e-05,
recent_compact_capacity,w06,2026-03-04,2026-03-05,2026-03-11,688297,0.045,0.9998997995991984,-0.13621520758824457,-0.006129684341471005,
recent_compact_capacity,w06,2026-03-04,2026-03-05,2026-03-11,600871,0.045,0.9977454909819639,-0.19437939110070246,-0.00874707259953161,
recent_compact_capacity,w06,2026-03-04,2026-03-05,2026-03-11,688615,0.045,0.9940881763527053,-0.019035149561889453,-0.0008565817302850253,
recent_compact_capacity,w06,2026-03-04,2026-03-05,2026-03-11,601212,0.045,0.9915831663326653,-0.0315581854043393,-0.0014201183431952684,
recent_compact_capacity,w06,2026-03-04,2026-03-05,2026-03-11,002414,0.045,0.9876753507014028,0.006854009595613331,0.00030843043180259986,
recent_compact_capacity,w06,2026-03-04,2026-03-05,2026-03-11,000559,0.045,0.9870490981963927,0.02287021154945701,0.0010291595197255653,
recent_compact_capacity,w06,2026-03-04,2026-03-05,2026-03-11,688361,0.045,0.9847444889779559,-0.00925548634961293,-0.0004164968857325818,
recent_compact_capacity,w06,2026-03-04,2026-03-05,2026-03-11,003035,0.045,0.9830160320641282,0.20119047619047614,0.009053571428571426,
recent_compact_capacity,w06,2026-03-04,2026-03-05,2026-03-11,002429,0.045,0.9769789579158317,0.15392895586652333,0.00692680301399355,
recent_compact_capacity,w06,2026-03-04,2026-03-05,2026-03-11,603920,0.045,0.9764278557114228,0.018073346201088025,0.0008133005790489611,
recent_compact_capacity,w06,2026-03-04,2026-03-05,2026-03-11,688777,0.045,0.9737975951903807,-0.011821305841924423,-0.0005319587628865991,
recent_compact_capacity,w06,2026-03-04,2026-03-05,2026-03-11,688568,0.045,0.9729959919839679,-0.05327978580990633,-0.002397590361445785,
recent_compact_capacity,w06,2026-03-04,2026-03-05,2026-03-11,600392,0.045,0.9708416833667335,-0.05795053003533568,-0.0026077738515901056,
recent_compact_capacity,w06,2026-03-04,2026-03-05,2026-03-11,000738,0.045,0.9681362725450902,-0.008627450980392082,-0.00038823529411764366,
recent_compact_capacity,w06,2026-03-04,2026-03-05,2026-03-11,688017,0.04352941176470591,0.9645040080160321,-0.011837121212121215,-0.000515262923351159,
recent_compact_capacity,w06,2026-03-04,2026-03-05,2026-03-11,600688,0.040808823529411745,0.9615230460921844,-0.07777777777777783,-0.003174019607843138,
recent_compact_capacity,w06,2026-03-04,2026-03-05,2026-03-11,002008,0.038088235294117645,0.9602204408817635,0.03283369022127047,0.0012505773187219194,
recent_compact_capacity,w06,2026-03-04,2026-03-05,2026-03-11,600968,0.03536764705882354,0.959744488977956,-0.14742451154529312,-0.005214058092153383,
recent_compact_capacity,w06,2026-03-04,2026-03-05,2026-03-11,300223,0.032647058823529425,0.9578657314629258,0.008333333333333304,0.0002720588235294109,
recent_compact_capacity,w06,2026-03-04,2026-03-05,2026-03-11,600339,0.029926470588235287,0.9571893787575151,-0.1564885496183207,-0.0046831499775482725,
recent_compact_capacity,w06,2026-03-04,2026-03-05,2026-03-11,300724,0.027205882352941184,0.9559118236472945,0.0467322252197373,0.0012713914214193239,
recent_compact_capacity,w06,2026-03-04,2026-03-05,2026-03-11,688172,0.02448529411764706,0.9516533066132263,0.12537558044250208,0.0030698579623053817,
recent_compact_capacity,w06,2026-03-04,2026-03-05,2026-03-11,688347,0.021764705882352953,0.9505010020040079,0.07890148212728865,0.0017172675521821656,
recent_compact_capacity,w06,2026-03-04,2026-03-05,2026-03-11,300395,0.019044117647058822,0.9494989979959919,0.019315822727683063,0.0003678528004757289,
recent_compact_capacity,w06,2026-03-04,2026-03-05,2026-03-11,301358,0.016323529411764712,0.9480460921843686,0.07900677200902928,0.0012896693666179784,
recent_compact_capacity,w06,2026-03-04,2026-03-05,2026-03-11,300017,0.013602941176470592,0.9466432865731462,0.07606885063853408,0.0010347601005977066,
recent_compact_capacity,w06,2026-03-04,2026-03-05,2026-03-11,002756,0.010882352941176477,0.9306613226452907,0.1668499607227023,0.001815720160805879,
recent_compact_capacity,w06,2026-03-04,2026-03-05,2026-03-11,600497,0.008161764705882356,0.9306613226452907,-0.025415444770283457,-0.00020743488011040184,
recent_compact_capacity,w06,2026-03-04,2026-03-05,2026-03-11,000060,0.005441176470588238,0.9303857715430862,-0.06010230179028142,-0.00032702723032947264,
recent_compact_capacity,w06,2026-03-04,2026-03-05,2026-03-11,300285,0.002720588235294119,0.9302605210420842,0.1274843838727997,0.0003468325149480582,
recent_compact_current,w06,2026-03-04,2026-03-05,2026-03-11,600871,0.06451612903225806,0.9923847695390782,-0.19437939110070246,-0.012540605877464674,
recent_compact_current,w06,2026-03-04,2026-03-05,2026-03-11,003035,0.06236559139784946,0.9592685370741483,0.20119047619047614,0.012547363031233995,
recent_compact_current,w06,2026-03-04,2026-03-05,2026-03-11,002429,0.060215053763440864,0.9474448897795591,0.15392895586652333,0.009268840353253018,
recent_compact_current,w06,2026-03-04,2026-03-05,2026-03-11,688777,0.05806451612903226,0.9455410821643286,-0.011821305841924423,-0.000686398403724644,
recent_compact_current,w06,2026-03-04,2026-03-05,2026-03-11,000559,0.05591397849462366,0.9393537074148297,0.02287021154945701,0.0012787645167438328,
recent_compact_current,w06,2026-03-04,2026-03-05,2026-03-11,001389,0.053763440860215055,0.9350701402805611,0.18517811097316406,0.009955812417912047,
recent_compact_current,w06,2026-03-04,2026-03-05,2026-03-11,300285,0.05161290322580645,0.9350701402805611,0.1274843838727997,0.006579839167628372,
recent_compact_current,w06,2026-03-04,2026-03-05,2026-03-11,002008,0.04946236559139785,0.9296593186372746,0.03283369022127047,0.0016240319894391846,
recent_compact_current,w06,2026-03-04,2026-03-05,2026-03-11,688361,0.047311827956989246,0.9288827655310621,-0.00925548634961293,-0.0004378939778311493,
recent_compact_current,w06,2026-03-04,2026-03-05,2026-03-11,300857,0.04516129032258064,0.9269789579158316,0.02590862944162442,0.0011700671360733608,
recent_compact_current,w06,2026-03-04,2026-03-05,2026-03-11,688027,0.043010752688172046,0.9269789579158316,0.030157791540879497,0.001297109313586215,
recent_compact_current,w06,2026-03-04,2026-03-05,2026-03-11,300383,0.04086021505376344,0.9159318637274549,0.11096166778749161,0.004533917608521163,
recent_compact_current,w06,2026-03-04,2026-03-05,2026-03-11,000703,0.03870967741935484,0.9131763527054109,0.07815126050420163,0.0030252100840336116,
recent_compact_current,w06,2026-03-04,2026-03-05,2026-03-11,000738,0.03655913978494624,0.9131763527054109,-0.008627450980392082,-0.0003154121863799256,
recent_compact_current,w06,2026-03-04,2026-03-05,2026-03-11,000878,0.034408602150537634,0.9131763527054109,-0.03745318352059934,-0.0012887116910313752,
recent_compact_current,w06,2026-03-04,2026-03-05,2026-03-11,002080,0.03225806451612903,0.9131763527054109,-0.01221864951768492,-0.00039414998444144904,
recent_compact_current,w06,2026-03-04,2026-03-05,2026-03-11,601118,0.030107526881720432,0.9131763527054109,0.03609625668449201,0.001086769018457824,
recent_compact_current,w06,2026-03-04,2026-03-05,2026-03-11,601611,0.02795698924731183,0.9131763527054109,0.10133843212237115,0.0028331174571845697,
recent_compact_current,w06,2026-03-04,2026-03-05,2026-03-11,605358,0.025806451612903226,0.9131763527054109,0.00861836789657966,0.00022240949410528153,
recent_compact_current,w06,2026-03-04,2026-03-05,2026-03-11,688676,0.023655913978494623,0.9131763527054109,0.010671688637790222,0.00025244854842084395,
recent_compact_current,w06,2026-03-04,2026-03-05,2026-03-11,601399,0.021505376344086023,0.8979458917835672,0.014256619144602967,0.00030659396009898856,
recent_compact_current,w06,2026-03-04,2026-03-05,2026-03-11,000021,0.01935483870967742,0.89686873747495,0.027884615384615508,0.0005397022332506228,
recent_compact_current,w06,2026-03-04,2026-03-05,2026-03-11,301536,0.017204301075268817,0.89686873747495,0.01947368421052631,0.0003350311262026032,
recent_compact_current,w06,2026-03-04,2026-03-05,2026-03-11,600497,0.015053763440860216,0.89686873747495,-0.025415444770283457,-0.0003825980933160951,
recent_compact_current,w06,2026-03-04,2026-03-05,2026-03-11,300390,0.012903225806451613,0.8949649298597193,0.13673695893451732,0.0017643478572195782,
recent_compact_current,w06,2026-03-04,2026-03-05,2026-03-11,000060,0.010752688172043012,0.8930611222444891,-0.06010230179028142,-0.0006462613095729186,
recent_compact_current,w06,2026-03-04,2026-03-05,2026-03-11,603920,0.008602150537634409,0.8906813627254508,0.018073346201088025,0.00015546964474054216,
recent_compact_current,w06,2026-03-04,2026-03-05,2026-03-11,000629,0.0064516129032258064,0.8825901803607215,0.0024752475247524774,1.5969338869370823e-05,
recent_compact_current,w06,2026-03-04,2026-03-05,2026-03-11,600688,0.004301075268817204,0.8810120240480962,-0.07777777777777783,-0.0003345280764635606,
recent_compact_current,w06,2026-03-04,2026-03-05,2026-03-11,300346,0.002150537634408602,0.8789078156312625,0.0021589793915604005,4.642966433463227e-06,
short_aggressive_compact_capacity,w06,2026-03-04,2026-03-05,2026-03-11,600871,0.06451612903225806,0.987374749498998,-0.19437939110070246,-0.012540605877464674,
short_aggressive_compact_capacity,w06,2026-03-04,2026-03-05,2026-03-11,688347,0.06236559139784946,0.9776553106212424,0.07890148212728865,0.004920737595035206,
short_aggressive_compact_capacity,w06,2026-03-04,2026-03-05,2026-03-11,600487,0.060215053763440864,0.9717434869739479,0.050020669698222386,0.0030119973151617784,
short_aggressive_compact_capacity,w06,2026-03-04,2026-03-05,2026-03-11,600339,0.05806451612903226,0.9703406813627254,-0.1564885496183207,-0.009086431913321848,
short_aggressive_compact_capacity,w06,2026-03-04,2026-03-05,2026-03-11,603920,0.05591397849462366,0.969939879759519,0.018073346201088025,0.001010552690813524,
short_aggressive_compact_capacity,w06,2026-03-04,2026-03-05,2026-03-11,688027,0.053763440860215055,0.9633266533066132,0.030157791540879497,0.0016213866419827686,
short_aggressive_compact_capacity,w06,2026-03-04,2026-03-05,2026-03-11,000060,0.05161290322580645,0.9485971943887775,-0.06010230179028142,-0.003102054285950009,
short_aggressive_compact_capacity,w06,2026-03-04,2026-03-05,2026-03-11,002429,0.04946236559139785,0.9485971943887775,0.15392895586652333,0.007613690290172122,
short_aggressive_compact_capacity,w06,2026-03-04,2026-03-05,2026-03-11,002851,0.047311827956989246,0.9485971943887775,-0.022843822843822692,-0.00108078301626688,
short_aggressive_compact_capacity,w06,2026-03-04,2026-03-05,2026-03-11,000878,0.04516129032258064,0.940881763527054,-0.03745318352059934,-0.0016914340944786798,
short_aggressive_compact_capacity,w06,2026-03-04,2026-03-05,2026-03-11,002738,0.043010752688172046,0.9359719438877755,-0.039715616572689294,-0.0017081985622662064,
short_aggressive_compact_capacity,w06,2026-03-04,2026-03-05,2026-03-11,600968,0.04086021505376344,0.9296593186372746,-0.14742451154529312,-0.0060237972459367085,
short_aggressive_compact_capacity,w06,2026-03-04,2026-03-05,2026-03-11,300857,0.03870967741935484,0.9254509018036072,0.02590862944162442,0.001002914688062881,
short_aggressive_compact_capacity,w06,2026-03-04,2026-03-05,2026-03-11,000426,0.03655913978494624,0.9201402805611222,-0.021814671814671782,-0.0007975256362353125,
short_aggressive_compact_capacity,w06,2026-03-04,2026-03-05,2026-03-11,601106,0.034408602150537634,0.9198396793587175,0.02320675105485215,0.0007985118642529771,
short_aggressive_compact_capacity,w06,2026-03-04,2026-03-05,2026-03-11,601611,0.03225806451612903,0.9177354709418837,0.10133843212237115,0.0032689816813668113,
short_aggressive_compact_capacity,w06,2026-03-04,2026-03-05,2026-03-11,601399,0.030107526881720432,0.9114228456913828,0.014256619144602967,0.000429231544138584,
short_aggressive_compact_capacity,w06,2026-03-04,2026-03-05,2026-03-11,688568,0.02795698924731183,0.9072144288577154,-0.05327978580990633,-0.0014895423989866286,
short_aggressive_compact_capacity,w06,2026-03-04,2026-03-05,2026-03-11,300567,0.025806451612903226,0.9016032064128257,-0.03662873399715505,-0.0009452576515394851,
short_aggressive_compact_capacity,w06,2026-03-04,2026-03-05,2026-03-11,601608,0.023655913978494623,0.9002004008016031,0.0,0.0,
short_aggressive_compact_capacity,w06,2026-03-04,2026-03-05,2026-03-11,601212,0.021505376344086023,0.897695390781563,-0.0315581854043393,-0.0006786706538567592,
short_aggressive_compact_capacity,w06,2026-03-04,2026-03-05,2026-03-11,600435,0.01935483870967742,0.8959919839679359,-0.1004296455424275,-0.0019437995911437583,
short_aggressive_compact_capacity,w06,2026-03-04,2026-03-05,2026-03-11,002044,0.017204301075268817,0.8854709418837675,0.007849293563579218,0.00013504160969598654,
short_aggressive_compact_capacity,w06,2026-03-04,2026-03-05,2026-03-11,603225,0.015053763440860216,0.8854709418837675,0.0010471204188482464,1.5763103079435966e-05,
short_aggressive_compact_capacity,w06,2026-03-04,2026-03-05,2026-03-11,300383,0.012903225806451613,0.8836673346693386,0.11096166778749161,0.0014317634553224724,
short_aggressive_compact_capacity,w06,2026-03-04,2026-03-05,2026-03-11,003035,0.010752688172043012,0.8742484969939879,0.20119047619047614,0.002163338453661034,
short_aggressive_compact_capacity,w06,2026-03-04,2026-03-05,2026-03-11,002353,0.008602150537634409,0.8728456913827655,-0.031139174811867454,-0.00026786386934939745,
short_aggressive_compact_capacity,w06,2026-03-04,2026-03-05,2026-03-11,600549,0.0064516129032258064,0.871442885771543,-0.12150837988826824,-0.0007839250315372144,
short_aggressive_compact_capacity,w06,2026-03-04,2026-03-05,2026-03-11,603077,0.004301075268817204,0.8700400801603206,0.07446808510638303,0.00032029283916723886,
short_aggressive_compact_capacity,w06,2026-03-04,2026-03-05,2026-03-11,300285,0.002150537634408602,0.8672344689378757,0.1274843838727997,0.0002741599653178488,
short_aggressive_medium_capacity,w06,2026-03-04,2026-03-05,2026-03-11,600871,0.06451612903225806,0.987374749498998,-0.19437939110070246,-0.012540605877464674,
short_aggressive_medium_capacity,w06,2026-03-04,2026-03-05,2026-03-11,688347,0.06236559139784946,0.9776553106212424,0.07890148212728865,0.004920737595035206,
short_aggressive_medium_capacity,w06,2026-03-04,2026-03-05,2026-03-11,600487,0.060215053763440864,0.9717434869739479,0.050020669698222386,0.0030119973151617784,
short_aggressive_medium_capacity,w06,2026-03-04,2026-03-05,2026-03-11,600339,0.05806451612903226,0.9703406813627254,-0.1564885496183207,-0.009086431913321848,
short_aggressive_medium_capacity,w06,2026-03-04,2026-03-05,2026-03-11,603920,0.05591397849462366,0.969939879759519,0.018073346201088025,0.001010552690813524,
short_aggressive_medium_capacity,w06,2026-03-04,2026-03-05,2026-03-11,688027,0.053763440860215055,0.9633266533066132,0.030157791540879497,0.0016213866419827686,
short_aggressive_medium_capacity,w06,2026-03-04,2026-03-05,2026-03-11,000060,0.05161290322580645,0.9485971943887775,-0.06010230179028142,-0.003102054285950009,
short_aggressive_medium_capacity,w06,2026-03-04,2026-03-05,2026-03-11,002429,0.04946236559139785,0.9485971943887775,0.15392895586652333,0.007613690290172122,
short_aggressive_medium_capacity,w06,2026-03-04,2026-03-05,2026-03-11,002851,0.047311827956989246,0.9485971943887775,-0.022843822843822692,-0.00108078301626688,
short_aggressive_medium_capacity,w06,2026-03-04,2026-03-05,2026-03-11,000878,0.04516129032258064,0.940881763527054,-0.03745318352059934,-0.0016914340944786798,
short_aggressive_medium_capacity,w06,2026-03-04,2026-03-05,2026-03-11,002738,0.043010752688172046,0.9359719438877755,-0.039715616572689294,-0.0017081985622662064,
short_aggressive_medium_capacity,w06,2026-03-04,2026-03-05,2026-03-11,600968,0.04086021505376344,0.9296593186372746,-0.14742451154529312,-0.0060237972459367085,
short_aggressive_medium_capacity,w06,2026-03-04,2026-03-05,2026-03-11,300857,0.03870967741935484,0.9254509018036072,0.02590862944162442,0.001002914688062881,
short_aggressive_medium_capacity,w06,2026-03-04,2026-03-05,2026-03-11,000426,0.03655913978494624,0.9201402805611222,-0.021814671814671782,-0.0007975256362353125,
short_aggressive_medium_capacity,w06,2026-03-04,2026-03-05,2026-03-11,601106,0.034408602150537634,0.9198396793587175,0.02320675105485215,0.0007985118642529771,
short_aggressive_medium_capacity,w06,2026-03-04,2026-03-05,2026-03-11,601611,0.03225806451612903,0.9177354709418837,0.10133843212237115,0.0032689816813668113,
short_aggressive_medium_capacity,w06,2026-03-04,2026-03-05,2026-03-11,601399,0.030107526881720432,0.9114228456913828,0.014256619144602967,0.000429231544138584,
short_aggressive_medium_capacity,w06,2026-03-04,2026-03-05,2026-03-11,688568,0.02795698924731183,0.9072144288577154,-0.05327978580990633,-0.0014895423989866286,
short_aggressive_medium_capacity,w06,2026-03-04,2026-03-05,2026-03-11,300567,0.025806451612903226,0.9016032064128257,-0.03662873399715505,-0.0009452576515394851,
short_aggressive_medium_capacity,w06,2026-03-04,2026-03-05,2026-03-11,601608,0.023655913978494623,0.9002004008016031,0.0,0.0,
short_aggressive_medium_capacity,w06,2026-03-04,2026-03-05,2026-03-11,601212,0.021505376344086023,0.897695390781563,-0.0315581854043393,-0.0006786706538567592,
short_aggressive_medium_capacity,w06,2026-03-04,2026-03-05,2026-03-11,600435,0.01935483870967742,0.8959919839679359,-0.1004296455424275,-0.0019437995911437583,
short_aggressive_medium_capacity,w06,2026-03-04,2026-03-05,2026-03-11,002044,0.017204301075268817,0.8854709418837675,0.007849293563579218,0.00013504160969598654,
short_aggressive_medium_capacity,w06,2026-03-04,2026-03-05,2026-03-11,603225,0.015053763440860216,0.8854709418837675,0.0010471204188482464,1.5763103079435966e-05,
short_aggressive_medium_capacity,w06,2026-03-04,2026-03-05,2026-03-11,300383,0.012903225806451613,0.8836673346693386,0.11096166778749161,0.0014317634553224724,
short_aggressive_medium_capacity,w06,2026-03-04,2026-03-05,2026-03-11,003035,0.010752688172043012,0.8742484969939879,0.20119047619047614,0.002163338453661034,
short_aggressive_medium_capacity,w06,2026-03-04,2026-03-05,2026-03-11,002353,0.008602150537634409,0.8728456913827655,-0.031139174811867454,-0.00026786386934939745,
short_aggressive_medium_capacity,w06,2026-03-04,2026-03-05,2026-03-11,600549,0.0064516129032258064,0.871442885771543,-0.12150837988826824,-0.0007839250315372144,
short_aggressive_medium_capacity,w06,2026-03-04,2026-03-05,2026-03-11,603077,0.004301075268817204,0.8700400801603206,0.07446808510638303,0.00032029283916723886,
short_aggressive_medium_capacity,w06,2026-03-04,2026-03-05,2026-03-11,300285,0.002150537634408602,0.8672344689378757,0.1274843838727997,0.0002741599653178488,
short_aggressive_wide_capacity,w06,2026-03-04,2026-03-05,2026-03-11,600498,0.055,0.9959418837675351,-0.024127310061601626,-0.0013270020533880894,
short_aggressive_wide_capacity,w06,2026-03-04,2026-03-05,2026-03-11,300724,0.055,0.9822144288577155,0.0467322252197373,0.0025702723870855517,
short_aggressive_wide_capacity,w06,2026-03-04,2026-03-05,2026-03-11,600339,0.055,0.9818637274549098,-0.1564885496183207,-0.008606870229007638,
short_aggressive_wide_capacity,w06,2026-03-04,2026-03-05,2026-03-11,002008,0.055,0.9735470941883767,0.03283369022127047,0.001805852962169876,
short_aggressive_wide_capacity,w06,2026-03-04,2026-03-05,2026-03-11,002202,0.055,0.9731462925851704,0.11958533876342092,0.0065771936319881505,
short_aggressive_wide_capacity,w06,2026-03-04,2026-03-05,2026-03-11,002195,0.055,0.9702655310621243,0.10185185185185186,0.005601851851851853,
short_aggressive_wide_capacity,w06,2026-03-04,2026-03-05,2026-03-11,002156,0.05360000000000002,0.9664328657314629,-0.022826312512969404,-0.0012234903506951607,
short_aggressive_wide_capacity,w06,2026-03-04,2026-03-05,2026-03-11,002429,0.05136666666666666,0.9498747494989981,0.15392895586652333,0.007906817366343747,
short_aggressive_wide_capacity,w06,2026-03-04,2026-03-05,2026-03-11,000021,0.049133333333333334,0.9470190380761523,0.027884615384615508,0.0013700641025641087,
short_aggressive_wide_capacity,w06,2026-03-04,2026-03-05,2026-03-11,002851,0.0469,0.9431112224448899,-0.022843822843822692,-0.0010713752913752842,
short_aggressive_wide_capacity,w06,2026-03-04,2026-03-05,2026-03-11,688702,0.044666666666666674,0.9425350701402806,0.0958762886597937,0.004282474226804119,
short_aggressive_wide_capacity,w06,2026-03-04,2026-03-05,2026-03-11,300604,0.04243333333333334,0.9422094188376754,-0.0010069713400464586,-4.272915052930473e-05,
short_aggressive_wide_capacity,w06,2026-03-04,2026-03-05,2026-03-11,300567,0.0402,0.9371492985971944,-0.03662873399715505,-0.001472475106685633,
short_aggressive_wide_capacity,w06,2026-03-04,2026-03-05,2026-03-11,600968,0.03796666666666667,0.9352705410821643,-0.14742451154529312,-0.005597217288336296,
short_aggressive_wide_capacity,w06,2026-03-04,2026-03-05,2026-03-11,601168,0.03573333333333334,0.9298597194388778,-0.04680330376261843,-0.001672438054450899,
short_aggressive_wide_capacity,w06,2026-03-04,2026-03-05,2026-03-11,300857,0.0335,0.928056112224449,0.02590862944162442,0.0008679390862944181,
short_aggressive_wide_capacity,w06,2026-03-04,2026-03-05,2026-03-11,301536,0.031266666666666665,0.9267284569138277,0.01947368421052631,0.0006088771929824559,
short_aggressive_wide_capacity,w06,2026-03-04,2026-03-05,2026-03-11,603688,0.029033333333333335,0.9267034068136273,0.11364579012857745,0.0032995161067330323,
short_aggressive_wide_capacity,w06,2026-03-04,2026-03-05,2026-03-11,688385,0.02680000000000001,0.9266533066132265,-0.11872257435397382,-0.0031817649926864995,
short_aggressive_wide_capacity,w06,2026-03-04,2026-03-05,2026-03-11,002465,0.024566666666666667,0.923496993987976,0.015780245470485177,0.00038766803039158587,
short_aggressive_wide_capacity,w06,2026-03-04,2026-03-05,2026-03-11,605358,0.022333333333333337,0.9228206412825652,0.00861836789657966,0.00019247688302361242,
short_aggressive_wide_capacity,w06,2026-03-04,2026-03-05,2026-03-11,000629,0.0201,0.9183116232464931,0.0024752475247524774,4.97524752475248e-05,
short_aggressive_wide_capacity,w06,2026-03-04,2026-03-05,2026-03-11,300919,0.01786666666666667,0.9169589178356714,0.01876421531463235,0.000335253980288098,
short_aggressive_wide_capacity,w06,2026-03-04,2026-03-05,2026-03-11,000060,0.015633333333333332,0.9145290581162325,-0.06010230179028142,-0.0009395993179880662,
short_aggressive_wide_capacity,w06,2026-03-04,2026-03-05,2026-03-11,603077,0.013400000000000006,0.9104709418837675,0.07446808510638303,0.000997872340425533,
short_aggressive_wide_capacity,w06,2026-03-04,2026-03-05,2026-03-11,300058,0.011166666666666668,0.9086422845691384,-0.007348438456827755,-8.205756276790994e-05,
short_aggressive_wide_capacity,w06,2026-03-04,2026-03-05,2026-03-11,002185,0.008933333333333335,0.9079158316633267,-0.0014184397163120588,-1.2671394799054395e-05,
short_aggressive_wide_capacity,w06,2026-03-04,2026-03-05,2026-03-11,003031,0.006700000000000003,0.9069639278557113,0.03573251659009702,0.00023940786115365012,
short_aggressive_wide_capacity,w06,2026-03-04,2026-03-05,2026-03-11,300285,0.004466666666666667,0.9059619238476955,0.1274843838727997,0.000569430247965172,
short_aggressive_wide_capacity,w06,2026-03-04,2026-03-05,2026-03-11,603920,0.0022333333333333337,0.905811623246493,0.018073346201088025,4.0363806515763265e-05,
stable_compact_capacity,w06,2026-03-04,2026-03-05,2026-03-11,300058,0.05000000000000002,0.9822645290581162,-0.007348438456827755,-0.0003674219228413879,
stable_compact_capacity,w06,2026-03-04,2026-03-05,2026-03-11,000426,0.05000000000000002,0.9817635270541082,-0.021814671814671782,-0.0010907335907335894,
stable_compact_capacity,w06,2026-03-04,2026-03-05,2026-03-11,300751,0.05000000000000002,0.9804609218436873,-0.004927613736200875,-0.0002463806868100439,
stable_compact_capacity,w06,2026-03-04,2026-03-05,2026-03-11,688297,0.05000000000000002,0.9783567134268537,-0.13621520758824457,-0.006810760379412231,
stable_compact_capacity,w06,2026-03-04,2026-03-05,2026-03-11,300136,0.05000000000000002,0.9768537074148296,-0.005797101449275477,-0.00028985507246377396,
stable_compact_capacity,w06,2026-03-04,2026-03-05,2026-03-11,688608,0.05000000000000002,0.9763527054108216,0.00540540540540535,0.0002702702702702676,
stable_compact_capacity,w06,2026-03-04,2026-03-05,2026-03-11,301308,0.05000000000000002,0.9714428857715431,0.07483691512963997,0.0037418457564819996,
stable_compact_capacity,w06,2026-03-04,2026-03-05,2026-03-11,300724,0.05000000000000002,0.9709418837675351,0.0467322252197373,0.002336611260986866,
stable_compact_capacity,w06,2026-03-04,2026-03-05,2026-03-11,002429,0.05000000000000002,0.9673346693386773,0.15392895586652333,0.007696447793326169,
stable_compact_capacity,w06,2026-03-04,2026-03-05,2026-03-11,300757,0.05000000000000002,0.9660320641282565,-0.08500658130908234,-0.004250329065454118,
stable_compact_capacity,w06,2026-03-04,2026-03-05,2026-03-11,603688,0.047619047619047644,0.9655310621242484,0.11364579012857745,0.005411704291837024,
stable_compact_capacity,w06,2026-03-04,2026-03-05,2026-03-11,688347,0.04523809523809524,0.9624248496993988,0.07890148212728865,0.003569352762901153,
stable_compact_capacity,w06,2026-03-04,2026-03-05,2026-03-11,688027,0.04285714285714283,0.9601202404809619,0.030157791540879497,0.0012924767803234062,
stable_compact_capacity,w06,2026-03-04,2026-03-05,2026-03-11,688385,0.04047619047619047,0.958316633266533,-0.11872257435397382,-0.004805437533375131,
stable_compact_capacity,w06,2026-03-04,2026-03-05,2026-03-11,601106,0.038095238095238106,0.9570140280561121,0.02320675105485215,0.0008840667068515107,
stable_compact_capacity,w06,2026-03-04,2026-03-05,2026-03-11,688122,0.03571428571428571,0.9565130260521042,-0.001672640382317847,-5.973715651135168e-05,
stable_compact_capacity,w06,2026-03-04,2026-03-05,2026-03-11,300223,0.03333333333333334,0.9552104208416834,0.008333333333333304,0.00027777777777777686,
stable_compact_capacity,w06,2026-03-04,2026-03-05,2026-03-11,688002,0.03095238095238096,0.9529058116232465,-0.012182834111935548,-0.00037708772251229084,
stable_compact_capacity,w06,2026-03-04,2026-03-05,2026-03-11,601611,0.028571428571428574,0.9502004008016032,0.10133843212237115,0.0028953837749248904,
stable_compact_capacity,w06,2026-03-04,2026-03-05,2026-03-11,601179,0.026190476190476195,0.9497995991983968,0.16342648845686503,0.004280217554822656,
stable_compact_capacity,w06,2026-03-04,2026-03-05,2026-03-11,688629,0.023809523809523822,0.947995991983968,-0.003993203058623607,-9.507626330056211e-05,
stable_compact_capacity,w06,2026-03-04,2026-03-05,2026-03-11,000629,0.021428571428571415,0.9474949899799598,0.0024752475247524774,5.304101838755305e-05,
stable_compact_capacity,w06,2026-03-04,2026-03-05,2026-03-11,300285,0.019047619047619053,0.9456913827655311,0.1274843838727997,0.0024282739785295186,
stable_compact_capacity,w06,2026-03-04,2026-03-05,2026-03-11,002465,0.01666666666666667,0.9434869739478957,0.015780245470485177,0.000263004091174753,
stable_compact_capacity,w06,2026-03-04,2026-03-05,2026-03-11,300919,0.014285714285714287,0.9402805611222446,0.01876421531463235,0.00026806021878046215,
stable_compact_capacity,w06,2026-03-04,2026-03-05,2026-03-11,000060,0.011904761904761911,0.9375751503006012,-0.06010230179028142,-0.0007155035927414458,
stable_compact_capacity,w06,2026-03-04,2026-03-05,2026-03-11,003031,0.009523809523809526,0.9375751503006012,0.03573251659009702,0.0003403096818104479,
stable_compact_capacity,w06,2026-03-04,2026-03-05,2026-03-11,601399,0.0071428571428571435,0.9371743486973949,0.014256619144602967,0.0001018329938900212,
stable_compact_capacity,w06,2026-03-04,2026-03-05,2026-03-11,600498,0.004761904761904763,0.935370741482966,-0.024127310061601626,-0.00011489195267429349,
stable_compact_capacity,w06,2026-03-04,2026-03-05,2026-03-11,002156,0.0023809523809523816,0.9348697394789579,-0.022826312512969404,-5.4348363126117644e-05,
stable_compact_current,w06,2026-03-04,2026-03-05,2026-03-11,601958,0.02857142857142857,0.959318637274549,-0.10789980732177262,-0.003082851637764932,
stable_compact_current,w06,2026-03-04,2026-03-05,2026-03-11,688002,0.02857142857142857,0.923246492985972,-0.012182834111935548,-0.0003480809746267299,
stable_compact_current,w06,2026-03-04,2026-03-05,2026-03-11,003031,0.02857142857142857,0.929559118236473,0.03573251659009702,0.0010209290454313434,
stable_compact_current,w06,2026-03-04,2026-03-05,2026-03-11,601611,0.02857142857142857,0.929559118236473,0.10133843212237115,0.00289538377492489,
stable_compact_current,w06,2026-03-04,2026-03-05,2026-03-11,688385,0.02857142857142857,0.929559118236473,-0.11872257435397382,-0.0033920735529706803,
stable_compact_current,w06,2026-03-04,2026-03-05,2026-03-11,300919,0.02857142857142857,0.9277555110220441,0.01876421531463235,0.0005361204375609242,
stable_compact_current,w06,2026-03-04,2026-03-05,2026-03-11,605358,0.02857142857142857,0.9264028056112225,0.00861836789657966,0.0002462390827594188,
stable_compact_current,w06,2026-03-04,2026-03-05,2026-03-11,002156,0.02857142857142857,0.923246492985972,-0.022826312512969404,-0.0006521803575134115,
stable_compact_current,w06,2026-03-04,2026-03-05,2026-03-11,601106,0.02857142857142857,0.9151302605210421,0.02320675105485215,0.0006630500301386328,
stable_compact_current,w06,2026-03-04,2026-03-05,2026-03-11,002195,0.02857142857142857,0.9340681362725451,0.10185185185185186,0.0029100529100529104,
stable_compact_current,w06,2026-03-04,2026-03-05,2026-03-11,300223,0.02857142857142857,0.9142284569138277,0.008333333333333304,0.00023809523809523725,
stable_compact_current,w06,2026-03-04,2026-03-05,2026-03-11,601399,0.02857142857142857,0.9097194388777555,0.014256619144602967,0.00040733197556008473,
stable_compact_current,w06,2026-03-04,2026-03-05,2026-03-11,002202,0.02857142857142857,0.9052104208416833,0.11958533876342092,0.003416723964669169,
stable_compact_current,w06,2026-03-04,2026-03-05,2026-03-11,000831,0.02857142857142857,0.90250501002004,-0.0726351351351352,-0.002075289575289577,
stable_compact_current,w06,2026-03-04,2026-03-05,2026-03-11,300748,0.02857142857142857,0.9016032064128257,-0.048813376483279214,-0.0013946678995222631,
stable_compact_current,w06,2026-03-04,2026-03-05,2026-03-11,300395,0.02857142857142857,0.9007014028056113,0.019315822727683063,0.0005518806493623733,
stable_compact_current,w06,2026-03-04,2026-03-05,2026-03-11,688122,0.02857142857142857,0.9313627254509018,-0.001672640382317847,-4.7789725209081344e-05,
stable_compact_current,w06,2026-03-04,2026-03-05,2026-03-11,300724,0.02857142857142857,0.9349699398797595,0.0467322252197373,0.001335206434849637,
stable_compact_current,w06,2026-03-04,2026-03-05,2026-03-11,600498,0.02857142857142857,0.9584168336673347,-0.024127310061601626,-0.0006893517160457607,
stable_compact_current,w06,2026-03-04,2026-03-05,2026-03-11,000060,0.02857142857142857,0.9457915831663326,-0.06010230179028142,-0.0017172086225794691,
stable_compact_current,w06,2026-03-04,2026-03-05,2026-03-11,002851,0.02857142857142857,0.9575150300601203,-0.022843822843822692,-0.0006526806526806483,
stable_compact_current,w06,2026-03-04,2026-03-05,2026-03-11,603077,0.02857142857142857,0.9530060120240481,0.07446808510638303,0.0021276595744680864,
stable_compact_current,w06,2026-03-04,2026-03-05,2026-03-11,300857,0.02857142857142857,0.9521042084168336,0.02590862944162442,0.0007402465554749835,
stable_compact_current,w06,2026-03-04,2026-03-05,2026-03-11,603688,0.02857142857142857,0.9512024048096193,0.11364579012857745,0.003247022575102213,
stable_compact_current,w06,2026-03-04,2026-03-05,2026-03-11,000960,0.02857142857142857,0.9503006012024048,-0.08070588235294118,-0.0023058823529411767,
stable_compact_current,w06,2026-03-04,2026-03-05,2026-03-11,688568,0.02857142857142857,0.9466933867735471,-0.05327978580990633,-0.0015222795945687524,
stable_compact_current,w06,2026-03-04,2026-03-05,2026-03-11,300285,0.02857142857142857,0.9430861723446894,0.1274843838727997,0.003642410967794277,
stable_compact_current,w06,2026-03-04,2026-03-05,2026-03-11,688027,0.02857142857142857,0.9376753507014028,0.030157791540879497,0.0008616511868822713,
stable_compact_current,w06,2026-03-04,2026-03-05,2026-03-11,000629,0.02857142857142857,0.9421843687374749,0.0024752475247524774,7.072135785007079e-05,
stable_compact_current,w06,2026-03-04,2026-03-05,2026-03-11,600497,0.02857142857142857,0.9412825651302605,-0.025415444770283457,-0.0007261555648652416,
stable_compact_current,w06,2026-03-04,2026-03-05,2026-03-11,601168,0.02857142857142857,0.9403807615230461,-0.04680330376261843,-0.0013372372503605266,
stable_compact_current,w06,2026-03-04,2026-03-05,2026-03-11,002429,0.02857142857142857,0.9376753507014028,0.15392895586652333,0.0043979701676149525,
stable_compact_current,w06,2026-03-04,2026-03-05,2026-03-11,002738,0.02857142857142857,0.9376753507014028,-0.039715616572689294,-0.001134731902076837,
stable_compact_current,w06,2026-03-04,2026-03-05,2026-03-11,300604,0.02857142857142857,0.9376753507014028,-0.0010069713400464586,-2.8770609715613102e-05,
stable_compact_current,w06,2026-03-04,2026-03-05,2026-03-11,688608,0.02857142857142857,0.897995991983968,0.00540540540540535,0.00015444015444015285,
stable_extra_wide_capacity,w06,2026-03-04,2026-03-05,2026-03-11,688297,0.06451612903225806,0.9933366733466934,-0.13621520758824457,-0.008788077908919004,
stable_extra_wide_capacity,w06,2026-03-04,2026-03-05,2026-03-11,301536,0.06236559139784946,0.9672344689378758,0.01947368421052631,0.0012144878324844364,
stable_extra_wide_capacity,w06,2026-03-04,2026-03-05,2026-03-11,601061,0.060215053763440864,0.9672344689378758,-0.06237424547283699,-0.003755868544600937,
stable_extra_wide_capacity,w06,2026-03-04,2026-03-05,2026-03-11,601958,0.05806451612903226,0.9606462925851703,-0.10789980732177262,-0.00626515010255454,
stable_extra_wide_capacity,w06,2026-03-04,2026-03-05,2026-03-11,003031,0.05591397849462366,0.9568386773547094,0.03573251659009702,0.001997947164177468,
stable_extra_wide_capacity,w06,2026-03-04,2026-03-05,2026-03-11,600118,0.053763440860215055,0.9558867735470942,0.0017215407789972215,9.255595586006567e-05,
stable_extra_wide_capacity,w06,2026-03-04,2026-03-05,2026-03-11,688027,0.05161290322580645,0.9520791583166333,0.030157791540879497,0.0015565311763034578,
stable_extra_wide_capacity,w06,2026-03-04,2026-03-05,2026-03-11,002429,0.04946236559139785,0.944939879759519,0.15392895586652333,0.007613690290172122,
stable_extra_wide_capacity,w06,2026-03-04,2026-03-05,2026-03-11,300285,0.047311827956989246,0.944939879759519,0.1274843838727997,0.006031519236992674,
stable_extra_wide_capacity,w06,2026-03-04,2026-03-05,2026-03-11,300919,0.04516129032258064,0.944939879759519,0.01876421531463235,0.0008474161754995254,
stable_extra_wide_capacity,w06,2026-03-04,2026-03-05,2026-03-11,601611,0.043010752688172046,0.944939879759519,0.10133843212237115,0.004358642241822416,
stable_extra_wide_capacity,w06,2026-03-04,2026-03-05,2026-03-11,603077,0.04086021505376344,0.944939879759519,0.07446808510638303,0.0030427819720887693,
stable_extra_wide_capacity,w06,2026-03-04,2026-03-05,2026-03-11,603688,0.03870967741935484,0.944939879759519,0.11364579012857745,0.004399191875944934,
stable_extra_wide_capacity,w06,2026-03-04,2026-03-05,2026-03-11,605358,0.03655913978494624,0.944939879759519,0.00861836789657966,0.00031508011664914886,
stable_extra_wide_capacity,w06,2026-03-04,2026-03-05,2026-03-11,688002,0.034408602150537634,0.944939879759519,-0.012182834111935548,-0.00041919429202358875,
stable_extra_wide_capacity,w06,2026-03-04,2026-03-05,2026-03-11,688122,0.03225806451612903,0.944939879759519,-0.001672640382317847,-5.3956141365091836e-05,
stable_extra_wide_capacity,w06,2026-03-04,2026-03-05,2026-03-11,688281,0.030107526881720432,0.944939879759519,-0.04429263992948451,-0.0013335418473393187,
stable_extra_wide_capacity,w06,2026-03-04,2026-03-05,2026-03-11,688385,0.02795698924731183,0.944939879759519,-0.11872257435397382,-0.003319125734627225,
stable_extra_wide_capacity,w06,2026-03-04,2026-03-05,2026-03-11,601106,0.025806451612903226,0.9249498997995992,0.02320675105485215,0.0005988838981897329,
stable_extra_wide_capacity,w06,2026-03-04,2026-03-05,2026-03-11,601399,0.023655913978494623,0.9249498997995992,0.014256619144602967,0.00033725335610888736,
stable_extra_wide_capacity,w06,2026-03-04,2026-03-05,2026-03-11,688375,0.021505376344086023,0.9249498997995992,-0.004384042086803985,-9.428047498503195e-05,
stable_extra_wide_capacity,w06,2026-03-04,2026-03-05,2026-03-11,688568,0.01935483870967742,0.9249498997995992,-0.05327978580990633,-0.0010312216608368968,
stable_extra_wide_capacity,w06,2026-03-04,2026-03-05,2026-03-11,600498,0.017204301075268817,0.9225701402805611,-0.024127310061601626,-0.000415093506436157,
stable_extra_wide_capacity,w06,2026-03-04,2026-03-05,2026-03-11,603920,0.015053763440860216,0.9211422845691382,0.018073346201088025,0.0002720718782959488,
stable_extra_wide_capacity,w06,2026-03-04,2026-03-05,2026-03-11,688347,0.012903225806451613,0.9211422845691382,0.07890148212728865,0.0010180836403521115,
stable_extra_wide_capacity,w06,2026-03-04,2026-03-05,2026-03-11,600487,0.010752688172043012,0.8540330661322646,0.050020669698222386,0.0005378566634217461,
stable_extra_wide_capacity,w06,2026-03-04,2026-03-05,2026-03-11,300570,0.008602150537634409,0.8530811623246493,-0.016592166073187364,-0.0001427283103069881,
stable_extra_wide_capacity,w06,2026-03-04,2026-03-05,2026-03-11,000155,0.0064516129032258064,0.8330911823647295,0.03851540616246507,0.0002484864913707424,
stable_extra_wide_capacity,w06,2026-03-04,2026-03-05,2026-03-11,002409,0.004301075268817204,0.8330911823647295,0.0017667844522968323,7.599072913104655e-06,
stable_extra_wide_capacity,w06,2026-03-04,2026-03-05,2026-03-11,300699,0.002150537634408602,0.8330911823647295,0.04325631380977968,9.302433077371974e-05,
stable_medium_capacity,w06,2026-03-04,2026-03-05,2026-03-11,300058,0.039999999999999994,0.9789328657314629,-0.007348438456827755,-0.00029393753827311014,
stable_medium_capacity,w06,2026-03-04,2026-03-05,2026-03-11,600487,0.039999999999999994,0.9538827655310621,0.050020669698222386,0.002000826787928895,
stable_medium_capacity,w06,2026-03-04,2026-03-05,2026-03-11,002429,0.039999999999999994,0.9417334669338676,0.15392895586652333,0.006157158234660932,
stable_medium_capacity,w06,2026-03-04,2026-03-05,2026-03-11,600549,0.039999999999999994,0.9439629258517034,-0.12150837988826824,-0.004860335195530729,
stable_medium_capacity,w06,2026-03-04,2026-03-05,2026-03-11,000831,0.039999999999999994,0.9442134268537072,-0.0726351351351352,-0.0029054054054054074,
stable_medium_capacity,w06,2026-03-04,2026-03-05,2026-03-11,688347,0.039999999999999994,0.9458667334669337,0.07890148212728865,0.0031560592850915455,
stable_medium_capacity,w06,2026-03-04,2026-03-05,2026-03-11,301308,0.039999999999999994,0.9756262525050099,0.07483691512963997,0.0029934766051855984,
stable_medium_capacity,w06,2026-03-04,2026-03-05,2026-03-11,002353,0.039999999999999994,0.9505761523046092,-0.031139174811867454,-0.001245566992474698,
stable_medium_capacity,w06,2026-03-04,2026-03-05,2026-03-11,688385,0.039999999999999994,0.9508266533066131,-0.11872257435397382,-0.0047489029741589524,
stable_medium_capacity,w06,2026-03-04,2026-03-05,2026-03-11,600392,0.039999999999999994,0.9524799599198396,-0.05795053003533568,-0.0023180212014134267,
stable_medium_capacity,w06,2026-03-04,2026-03-05,2026-03-11,688608,0.039999999999999994,0.9475200400801602,0.00540540540540535,0.00021621621621621396,
stable_medium_capacity,w06,2026-03-04,2026-03-05,2026-03-11,688027,0.039999999999999994,0.9541332665330661,0.030157791540879497,0.0012063116616351796,
stable_medium_capacity,w06,2026-03-04,2026-03-05,2026-03-11,300757,0.039999999999999994,0.9557865731462925,-0.08500658130908234,-0.003400263252363293,
stable_medium_capacity,w06,2026-03-04,2026-03-05,2026-03-11,000426,0.039999999999999994,0.9574398797595189,-0.021814671814671782,-0.0008725868725868712,
stable_medium_capacity,w06,2026-03-04,2026-03-05,2026-03-11,300724,0.039999999999999994,0.9590931863727454,0.0467322252197373,0.0018692890087894918,
stable_medium_capacity,w06,2026-03-04,2026-03-05,2026-03-11,603077,0.039999999999999994,0.9607464929859718,0.07446808510638303,0.0029787234042553206,
stable_medium_capacity,w06,2026-03-04,2026-03-05,2026-03-11,688122,0.039999999999999994,0.9623997995991983,-0.001672640382317847,-6.690561529271387e-05,
stable_medium_capacity,w06,2026-03-04,2026-03-05,2026-03-11,603688,0.039999999999999994,0.9640531062124248,0.11364579012857745,0.004545831605143097,
stable_medium_capacity,w06,2026-03-04,2026-03-05,2026-03-11,601958,0.039999999999999994,0.9657064128256512,-0.10789980732177262,-0.004315992292870904,
stable_medium_capacity,w06,2026-03-04,2026-03-05,2026-03-11,300136,0.039999999999999994,0.9690130260521042,-0.005797101449275477,-0.00023188405797101904,
stable_medium_capacity,w06,2026-03-04,2026-03-05,2026-03-11,603920,0.03636363636363643,0.9417334669338676,0.018073346201088025,0.0006572125891304749,
stable_medium_capacity,w06,2026-03-04,2026-03-05,2026-03-11,600673,0.03272727272727277,0.9398296593186373,-0.025132275132275006,-0.0008225108225108195,
stable_medium_capacity,w06,2026-03-04,2026-03-05,2026-03-11,002156,0.029090909090909126,0.9384268537074147,-0.022826312512969404,-0.0006640381821954744,
stable_medium_capacity,w06,2026-03-04,2026-03-05,2026-03-11,300751,0.025454545454545487,0.9359468937875751,-0.004927613736200875,-0.0001254301678305679,
stable_medium_capacity,w06,2026-03-04,2026-03-05,2026-03-11,003031,0.021818181818181834,0.9326402805611222,0.03573251659009702,0.0007796185437839355,
stable_medium_capacity,w06,2026-03-04,2026-03-05,2026-03-11,688568,0.018181818181818216,0.9309869739478958,-0.05327978580990633,-0.0009687233783619351,
stable_medium_capacity,w06,2026-03-04,2026-03-05,2026-03-11,300919,0.014545454545454563,0.9293336673346693,0.01876421531463235,0.0002729340409401072,
stable_medium_capacity,w06,2026-03-04,2026-03-05,2026-03-11,300223,0.010909090909090917,0.9260270541082164,0.008333333333333304,9.090909090909065e-05,
stable_medium_capacity,w06,2026-03-04,2026-03-05,2026-03-11,300285,0.007272727272727281,0.9243737474949899,0.1274843838727997,0.0009271591554385444,
stable_medium_capacity,w06,2026-03-04,2026-03-05,2026-03-11,000878,0.0036363636363636407,0.9227204408817635,-0.03745318352059934,-0.0001361933946203614,
balanced_extra_wide_capacity,w07,2026-03-11,2026-03-12,2026-03-18,300070,0.06451612903225806,0.926753507014028,-0.03738317757009346,-0.002411817907747965,
balanced_extra_wide_capacity,w07,2026-03-11,2026-03-12,2026-03-18,603707,0.06236559139784946,0.926753507014028,0.008113590263691739,0.0005060088551549686,
balanced_extra_wide_capacity,w07,2026-03-11,2026-03-12,2026-03-18,000423,0.060215053763440864,0.8388527054108216,0.012404580152671763,0.0007469424608060417,
balanced_extra_wide_capacity,w07,2026-03-11,2026-03-12,2026-03-18,000429,0.05806451612903226,0.8388527054108216,0.006359300476947549,0.0003692497051130835,
balanced_extra_wide_capacity,w07,2026-03-11,2026-03-12,2026-03-18,000598,0.05591397849462366,0.8388527054108216,-0.008450704225352101,-0.00047251249432076267,
balanced_extra_wide_capacity,w07,2026-03-11,2026-03-12,2026-03-18,000729,0.053763440860215055,0.8388527054108216,-0.002293577981651307,-0.00012331064417480146,
balanced_extra_wide_capacity,w07,2026-03-11,2026-03-12,2026-03-18,000739,0.05161290322580645,0.8388527054108216,-0.012951969778737249,-0.0006684887627735355,
balanced_extra_wide_capacity,w07,2026-03-11,2026-03-12,2026-03-18,000883,0.04946236559139785,0.8388527054108216,-0.0121212121212122,-0.0005995438253502809,
balanced_extra_wide_capacity,w07,2026-03-11,2026-03-12,2026-03-18,000937,0.047311827956989246,0.8388527054108216,-0.0068846815834767705,-0.0003257268706161053,
balanced_extra_wide_capacity,w07,2026-03-11,2026-03-12,2026-03-18,001213,0.04516129032258064,0.8388527054108216,-0.011627906976744096,-0.0005251312828207011,
balanced_extra_wide_capacity,w07,2026-03-11,2026-03-12,2026-03-18,001286,0.043010752688172046,0.8388527054108216,0.010879419764279419,0.0004679320328722331,
balanced_extra_wide_capacity,w07,2026-03-11,2026-03-12,2026-03-18,002299,0.04086021505376344,0.8388527054108216,-0.050573514077163706,-0.002066444661217442,
balanced_extra_wide_capacity,w07,2026-03-11,2026-03-12,2026-03-18,002385,0.03870967741935484,0.8388527054108216,-0.023474178403755763,-0.0009086778736937715,
balanced_extra_wide_capacity,w07,2026-03-11,2026-03-12,2026-03-18,002432,0.03655913978494624,0.8388527054108216,0.02443609022556381,0.0008933624383539458,
balanced_extra_wide_capacity,w07,2026-03-11,2026-03-12,2026-03-18,002461,0.034408602150537634,0.8388527054108216,0.012371134020618735,0.0004256734286664511,
balanced_extra_wide_capacity,w07,2026-03-11,2026-03-12,2026-03-18,002508,0.03225806451612903,0.8388527054108216,0.010184287099902933,0.0003285253903194495,
balanced_extra_wide_capacity,w07,2026-03-11,2026-03-12,2026-03-18,002966,0.030107526881720432,0.8388527054108216,0.007317073170731714,0.00022029897718332044,
balanced_extra_wide_capacity,w07,2026-03-11,2026-03-12,2026-03-18,600007,0.02795698924731183,0.8388527054108216,0.026499999999999968,0.0007408602150537625,
balanced_extra_wide_capacity,w07,2026-03-11,2026-03-12,2026-03-18,600008,0.025806451612903226,0.8388527054108216,-0.0030864197530865445,-7.964954201513663e-05,
balanced_extra_wide_capacity,w07,2026-03-11,2026-03-12,2026-03-18,600132,0.023655913978494623,0.8388527054108216,0.0277481323372466,0.0006564074316337905,
balanced_extra_wide_capacity,w07,2026-03-11,2026-03-12,2026-03-18,600299,0.021505376344086023,0.8388527054108216,-0.03490759753593431,-0.0007507010222781573,
balanced_extra_wide_capacity,w07,2026-03-11,2026-03-12,2026-03-18,600339,0.01935483870967742,0.8388527054108216,-0.06561085972850678,-0.0012698876076485182,
balanced_extra_wide_capacity,w07,2026-03-11,2026-03-12,2026-03-18,600398,0.017204301075268817,0.8388527054108216,-0.01579778830963663,-0.0002717899064023506,
balanced_extra_wide_capacity,w07,2026-03-11,2026-03-12,2026-03-18,600483,0.015053763440860216,0.8388527054108216,-0.018501387604070385,-0.00027851551231933915,
balanced_extra_wide_capacity,w07,2026-03-11,2026-03-12,2026-03-18,600511,0.012903225806451613,0.8388527054108216,-0.02878639188747134,-0.00037143731467704957,
balanced_extra_wide_capacity,w07,2026-03-11,2026-03-12,2026-03-18,600546,0.010752688172043012,0.8388527054108216,-0.039408866995073955,-0.00042375125801154793,
balanced_extra_wide_capacity,w07,2026-03-11,2026-03-12,2026-03-18,600566,0.008602150537634409,0.8388527054108216,0.01664816870144281,0.0001432100533457446,
balanced_extra_wide_capacity,w07,2026-03-11,2026-03-12,2026-03-18,600582,0.0064516129032258064,0.8388527054108216,-0.00975609756097573,-6.294256490952084e-05,
balanced_extra_wide_capacity,w07,2026-03-11,2026-03-12,2026-03-18,600583,0.004301075268817204,0.8388527054108216,-0.04475524475524484,-0.00019249567636664446,
balanced_extra_wide_capacity,w07,2026-03-11,2026-03-12,2026-03-18,600642,0.002150537634408602,0.8388527054108216,-0.009879253567508184,-2.1245706596791793e-05,
balanced_medium_current,w07,2026-03-11,2026-03-12,2026-03-18,300285,0.016666666666666666,0.9745991983967935,-0.08461344749433386,-0.0014102241249055643,
balanced_medium_current,w07,2026-03-11,2026-03-12,2026-03-18,688122,0.016666666666666666,0.970691382765531,-0.11141694590713258,-0.0018569490984522096,
balanced_medium_current,w07,2026-03-11,2026-03-12,2026-03-18,300136,0.016666666666666666,0.880811623246493,-0.03454810495626803,-0.0005758017492711339,
balanced_medium_current,w07,2026-03-11,2026-03-12,2026-03-18,688220,0.016666666666666666,0.8756012024048095,-0.03385134321166128,-0.0005641890535276879,
balanced_medium_current,w07,2026-03-11,2026-03-12,2026-03-18,002851,0.016666666666666666,0.8742985971943887,-0.1254770992366412,-0.0020912849872773533,
balanced_medium_current,w07,2026-03-11,2026-03-12,2026-03-18,600879,0.016666666666666666,0.8729959919839679,-0.11587485515643103,-0.0019312475859405171,
balanced_medium_current,w07,2026-03-11,2026-03-12,2026-03-18,300724,0.016666666666666666,0.8677855711422846,-0.0062354506152311195,-0.00010392417692051866,
balanced_medium_current,w07,2026-03-11,2026-03-12,2026-03-18,000831,0.016666666666666666,0.8573647294589178,-0.08251366120218584,-0.0013752276867030973,
balanced_medium_current,w07,2026-03-11,2026-03-12,2026-03-18,688709,0.016666666666666666,0.8521543086172345,-0.021395928541753206,-0.0003565988090292201,
balanced_medium_current,w07,2026-03-11,2026-03-12,2026-03-18,002436,0.016666666666666666,0.8495490981963928,-0.049959049959050095,-0.0008326508326508349,
balanced_medium_current,w07,2026-03-11,2026-03-12,2026-03-18,301611,0.016666666666666666,0.8475951903807615,-0.0911336342730602,-0.0015188939045510034,
balanced_medium_current,w07,2026-03-11,2026-03-12,2026-03-18,600118,0.016666666666666666,0.8475951903807615,-0.08388829215896876,-0.0013981382026494794,
balanced_medium_current,w07,2026-03-11,2026-03-12,2026-03-18,601608,0.016666666666666666,0.8430360721442886,-0.08888888888888902,-0.0014814814814814836,
balanced_medium_current,w07,2026-03-11,2026-03-12,2026-03-18,300627,0.016666666666666666,0.8352204408817635,-0.047867950481430555,-0.0007977991746905092,
balanced_medium_current,w07,2026-03-11,2026-03-12,2026-03-18,000528,0.016666666666666666,0.8275551102204409,-0.07129455909943716,-0.001188242651657286,
balanced_medium_current,w07,2026-03-11,2026-03-12,2026-03-18,002195,0.016666666666666666,0.8261022044088175,-0.06069094304388423,-0.0010115157173980704,
balanced_medium_current,w07,2026-03-11,2026-03-12,2026-03-18,300888,0.016666666666666666,0.8236472945891784,0.0064365125804564105,0.0001072752096742735,
balanced_medium_current,w07,2026-03-11,2026-03-12,2026-03-18,600549,0.016666666666666666,0.8210420841683367,-0.13686948981066627,-0.0022811581635111045,
balanced_medium_current,w07,2026-03-11,2026-03-12,2026-03-18,300017,0.016666666666666666,0.818436873747495,-0.0474716202270381,-0.000791193670450635,
balanced_medium_current,w07,2026-03-11,2026-03-12,2026-03-18,300474,0.016666666666666666,0.8171342685370742,-0.012053638692180346,-0.00020089397820300577,
balanced_medium_current,w07,2026-03-11,2026-03-12,2026-03-18,000958,0.016666666666666666,0.8158316633266532,-0.023222060957909907,-0.00038703434929849846,
balanced_medium_current,w07,2026-03-11,2026-03-12,2026-03-18,600380,0.016666666666666666,0.8132264529058116,-0.001776198934280604,-2.9603315571343397e-05,
balanced_medium_current,w07,2026-03-11,2026-03-12,2026-03-18,300567,0.016666666666666666,0.8119238476953907,-0.03359173126614978,-0.000559862187769163,
balanced_medium_current,w07,2026-03-11,2026-03-12,2026-03-18,002281,0.016666666666666666,0.8093186372745491,-0.08623893321674503,-0.0014373155536124172,
balanced_medium_current,w07,2026-03-11,2026-03-12,2026-03-18,688599,0.016666666666666666,0.806563126252505,-0.04402515723270439,-0.0007337526205450732,
balanced_medium_current,w07,2026-03-11,2026-03-12,2026-03-18,600060,0.016666666666666666,0.8028056112224449,0.016071428571428736,0.0002678571428571456,
balanced_medium_current,w07,2026-03-11,2026-03-12,2026-03-18,000088,0.016666666666666666,0.7962925851703406,-0.002159827213822796,-3.5997120230379934e-05,
balanced_medium_current,w07,2026-03-11,2026-03-12,2026-03-18,603160,0.016666666666666666,0.793687374749499,-0.002892561983470987,-4.820936639118312e-05,
balanced_medium_current,w07,2026-03-11,2026-03-12,2026-03-18,002429,0.016666666666666666,0.7935370741482966,-0.019589552238806096,-0.0003264925373134349,
balanced_medium_current,w07,2026-03-11,2026-03-12,2026-03-18,300454,0.016666666666666666,0.8873246492985971,-0.08713405238828975,-0.0014522342064714959,
balanced_medium_current,w07,2026-03-11,2026-03-12,2026-03-18,600392,0.016666666666666666,0.888627254509018,-0.09414853713428362,-0.0015691422855713935,
balanced_medium_current,w07,2026-03-11,2026-03-12,2026-03-18,603225,0.016666666666666666,0.8899298597194388,-0.1051255230125524,-0.0017520920502092066,
balanced_medium_current,w07,2026-03-11,2026-03-12,2026-03-18,000878,0.016666666666666666,0.9159819639278557,-0.11456982274102889,-0.0019094970456838148,
balanced_medium_current,w07,2026-03-11,2026-03-12,2026-03-18,688375,0.016666666666666666,0.9680861723446894,-0.011096433289299767,-0.0001849405548216628,
balanced_medium_current,w07,2026-03-11,2026-03-12,2026-03-18,601106,0.016666666666666666,0.9589679358717434,-0.05567010309278342,-0.0009278350515463903,
balanced_medium_current,w07,2026-03-11,2026-03-12,2026-03-18,603688,0.016666666666666666,0.9498496993987976,-0.151024208566108,-0.0025170701427684665,
balanced_medium_current,w07,2026-03-11,2026-03-12,2026-03-18,688387,0.016666666666666666,0.9472444889779559,-0.00435594275046669,-7.25990458411115e-05,
balanced_medium_current,w07,2026-03-11,2026-03-12,2026-03-18,000426,0.016666666666666666,0.9407314629258517,-0.1292678113282022,-0.0021544635221367034,
balanced_medium_current,w07,2026-03-11,2026-03-12,2026-03-18,300058,0.016666666666666666,0.9355210420841683,-0.04503392967304132,-0.0007505654945506886,
balanced_medium_current,w07,2026-03-11,2026-03-12,2026-03-18,603920,0.016666666666666666,0.9342184368737475,-0.061875215442950715,-0.0010312535907158452,
balanced_medium_current,w07,2026-03-11,2026-03-12,2026-03-18,688281,0.016666666666666666,0.9264028056112225,-0.07032510952271154,-0.001172085158711859,
balanced_medium_current,w07,2026-03-11,2026-03-12,2026-03-18,002465,0.016666666666666666,0.9251002004008017,-0.08803222094361329,-0.001467203682393555,
balanced_medium_current,w07,2026-03-11,2026-03-12,2026-03-18,002738,0.016666666666666666,0.9198897795591182,-0.06612203216747514,-0.001102033869457919,
balanced_medium_current,w07,2026-03-11,2026-03-12,2026-03-18,605358,0.016666666666666666,0.9198897795591182,-0.019225634178905326,-0.0003204272363150888,
balanced_medium_current,w07,2026-03-11,2026-03-12,2026-03-18,688385,0.016666666666666666,0.9198897795591182,0.07192254495159056,0.0011987090825265093,
balanced_medium_current,w07,2026-03-11,2026-03-12,2026-03-18,300223,0.016666666666666666,0.9159819639278557,0.079586776859504,0.0013264462809917331,
balanced_medium_current,w07,2026-03-11,2026-03-12,2026-03-18,688347,0.016666666666666666,0.8912324649298597,0.03111111111111109,0.0005185185185185182,
balanced_medium_current,w07,2026-03-11,2026-03-12,2026-03-18,688027,0.016666666666666666,0.9159819639278557,-0.03903323262839886,-0.000650553877139981,
balanced_medium_current,w07,2026-03-11,2026-03-12,2026-03-18,601611,0.016666666666666666,0.913376753507014,-0.06655092592592604,-0.001109182098765434,
balanced_medium_current,w07,2026-03-11,2026-03-12,2026-03-18,003031,0.016666666666666666,0.9120741482965932,-0.038935436175455806,-0.0006489239362575968,
balanced_medium_current,w07,2026-03-11,2026-03-12,2026-03-18,601399,0.016666666666666666,0.9055611222444889,-0.06224899598393585,-0.0010374832663989308,
balanced_medium_current,w07,2026-03-11,2026-03-12,2026-03-18,000060,0.016666666666666666,0.9016533066132264,-0.09523809523809512,-0.0015873015873015853,
balanced_medium_current,w07,2026-03-11,2026-03-12,2026-03-18,002156,0.016666666666666666,0.9016533066132264,0.0065831386706305395,0.00010971897784384232,
balanced_medium_current,w07,2026-03-11,2026-03-12,2026-03-18,300604,0.016666666666666666,0.9016533066132264,-0.0024811971776381725,-4.135328629396954e-05,
balanced_medium_current,w07,2026-03-11,2026-03-12,2026-03-18,600497,0.016666666666666666,0.8977454909819639,-0.10531594784353071,-0.0017552657973921785,
balanced_medium_current,w07,2026-03-11,2026-03-12,2026-03-18,601168,0.016666666666666666,0.8977454909819639,-0.1161745827984596,-0.0019362430466409934,
balanced_medium_current,w07,2026-03-11,2026-03-12,2026-03-18,688002,0.016666666666666666,0.8977454909819639,-0.04052299703264095,-0.0006753832838773491,
balanced_medium_current,w07,2026-03-11,2026-03-12,2026-03-18,301308,0.016666666666666666,0.8938376753507014,0.10693490249237514,0.001782248374872919,
balanced_medium_current,w07,2026-03-11,2026-03-12,2026-03-18,688568,0.016666666666666666,0.8925350701402806,-0.0490667420814479,-0.0008177790346907983,
balanced_medium_current,w07,2026-03-11,2026-03-12,2026-03-18,300677,0.016666666666666666,0.7897795591182365,0.18443971356686673,0.0030739952261144452,
economic_medium_capacity,w07,2026-03-11,2026-03-12,2026-03-18,688220,0.05000000000000002,0.9971442885771543,-0.03385134321166128,-0.0016925671605830645,
economic_medium_capacity,w07,2026-03-11,2026-03-12,2026-03-18,002008,0.05000000000000002,0.9931362725450901,-0.09979267449896334,-0.004989633724948169,
economic_medium_capacity,w07,2026-03-11,2026-03-12,2026-03-18,000878,0.05000000000000002,0.9767034068136272,-0.11456982274102889,-0.005728491137051446,
economic_medium_capacity,w07,2026-03-11,2026-03-12,2026-03-18,688122,0.05000000000000002,0.9760020040080161,-0.11141694590713258,-0.005570847295356631,
economic_medium_capacity,w07,2026-03-11,2026-03-12,2026-03-18,002436,0.05000000000000002,0.9753006012024048,-0.049959049959050095,-0.0024979524979525055,
economic_medium_capacity,w07,2026-03-11,2026-03-12,2026-03-18,601611,0.05000000000000002,0.9714929859719439,-0.06655092592592604,-0.0033275462962963033,
economic_medium_capacity,w07,2026-03-11,2026-03-12,2026-03-18,605358,0.05000000000000002,0.9698396793587174,-0.019225634178905326,-0.0009612817089452667,
economic_medium_capacity,w07,2026-03-11,2026-03-12,2026-03-18,688385,0.05000000000000002,0.9694138276553106,0.07192254495159056,0.003596127247579529,
economic_medium_capacity,w07,2026-03-11,2026-03-12,2026-03-18,300724,0.05000000000000002,0.9679859719438877,-0.0062354506152311195,-0.0003117725307615561,
economic_medium_capacity,w07,2026-03-11,2026-03-12,2026-03-18,002195,0.05000000000000002,0.955811623246493,-0.06069094304388423,-0.0030345471521942124,
economic_medium_capacity,w07,2026-03-11,2026-03-12,2026-03-18,603920,0.047619047619047644,0.9534819639278556,-0.061875215442950715,-0.002946438830616702,
economic_medium_capacity,w07,2026-03-11,2026-03-12,2026-03-18,002429,0.04523809523809524,0.9532565130260522,-0.019589552238806096,-0.000886194029850752,
economic_medium_capacity,w07,2026-03-11,2026-03-12,2026-03-18,688709,0.04285714285714283,0.9531062124248497,-0.021395928541753206,-0.0009169683660751368,
economic_medium_capacity,w07,2026-03-11,2026-03-12,2026-03-18,688281,0.04047619047619047,0.9523296593186372,-0.07032510952271154,-0.0028464925283002286,
economic_medium_capacity,w07,2026-03-11,2026-03-12,2026-03-18,600497,0.038095238095238106,0.9513276553106211,-0.10531594784353071,-0.00401203610832498,
economic_medium_capacity,w07,2026-03-11,2026-03-12,2026-03-18,603225,0.03571428571428571,0.948872745490982,-0.1051255230125524,-0.003754482964734014,
economic_medium_capacity,w07,2026-03-11,2026-03-12,2026-03-18,300604,0.03333333333333334,0.947995991983968,-0.0024811971776381725,-8.27065725879391e-05,
economic_medium_capacity,w07,2026-03-11,2026-03-12,2026-03-18,000426,0.03095238095238096,0.9430861723446894,-0.1292678113282022,-0.004001146541111021,
economic_medium_capacity,w07,2026-03-11,2026-03-12,2026-03-18,300223,0.028571428571428574,0.9417084168336673,0.079586776859504,0.002273907910271543,
economic_medium_capacity,w07,2026-03-11,2026-03-12,2026-03-18,601399,0.026190476190476195,0.9406062124248498,-0.06224899598393585,-0.00163033084719832,
economic_medium_capacity,w07,2026-03-11,2026-03-12,2026-03-18,688375,0.023809523809523822,0.9404308617234469,-0.011096433289299767,-0.0002642007926023756,
economic_medium_capacity,w07,2026-03-11,2026-03-12,2026-03-18,603077,0.021428571428571415,0.9398296593186373,-0.01650165016501648,-0.0003536067892503529,
economic_medium_capacity,w07,2026-03-11,2026-03-12,2026-03-18,601168,0.019047619047619053,0.9398046092184369,-0.1161745827984596,-0.0022128491961611358,
economic_medium_capacity,w07,2026-03-11,2026-03-12,2026-03-18,000629,0.01666666666666667,0.9390781563126253,-0.09876543209876543,-0.001646090534979424,
economic_medium_capacity,w07,2026-03-11,2026-03-12,2026-03-18,000060,0.014285714285714287,0.9344689378757514,-0.09523809523809512,-0.0013605442176870732,
economic_medium_capacity,w07,2026-03-11,2026-03-12,2026-03-18,601555,0.011904761904761911,0.933567134268537,-0.09364908503767488,-0.0011148700599723207,
economic_medium_capacity,w07,2026-03-11,2026-03-12,2026-03-18,002156,0.009523809523809526,0.9314128256513026,0.0065831386706305395,6.269655876790992e-05,
economic_medium_capacity,w07,2026-03-11,2026-03-12,2026-03-18,601106,0.0071428571428571435,0.9304108216432866,-0.05567010309278342,-0.0003976435935198816,
economic_medium_capacity,w07,2026-03-11,2026-03-12,2026-03-18,300285,0.004761904761904763,0.9295591182364729,-0.08461344749433386,-0.00040292117854444706,
economic_medium_capacity,w07,2026-03-11,2026-03-12,2026-03-18,688002,0.0023809523809523816,0.9198647294589178,-0.04052299703264095,-9.648332626819277e-05,
recent_compact_capacity,w07,2026-03-11,2026-03-12,2026-03-18,688295,0.045,0.9977705410821642,0.6820199778024416,0.03069089900110987,
recent_compact_capacity,w07,2026-03-11,2026-03-12,2026-03-18,600392,0.045,0.9946893787575151,-0.09414853713428362,-0.0042366841710427625,
recent_compact_capacity,w07,2026-03-11,2026-03-12,2026-03-18,300763,0.045,0.9919088176352705,-0.038112876498684,-0.00171507944244078,
recent_compact_capacity,w07,2026-03-11,2026-03-12,2026-03-18,688361,0.045,0.9884519038076152,-0.042420681551116335,-0.001908930669800235,
recent_compact_capacity,w07,2026-03-11,2026-03-12,2026-03-18,688385,0.045,0.9876753507014028,0.07192254495159056,0.0032365145228215753,
recent_compact_capacity,w07,2026-03-11,2026-03-12,2026-03-18,000960,0.045,0.9817134268537074,-0.1034041464038904,-0.004653186588175068,
recent_compact_capacity,w07,2026-03-11,2026-03-12,2026-03-18,601555,0.045,0.9792585170340681,-0.09364908503767488,-0.00421420882669537,
recent_compact_capacity,w07,2026-03-11,2026-03-12,2026-03-18,600299,0.045,0.9785070140280561,-0.03490759753593431,-0.0015708418891170438,
recent_compact_capacity,w07,2026-03-11,2026-03-12,2026-03-18,600673,0.045,0.9779559118236473,-0.031750339213025836,-0.0014287652645861625,
recent_compact_capacity,w07,2026-03-11,2026-03-12,2026-03-18,002432,0.045,0.977004008016032,0.02443609022556381,0.0010996240601503714,
recent_compact_capacity,w07,2026-03-11,2026-03-12,2026-03-18,002831,0.045,0.9752505010020039,0.11802701115678205,0.005311215502055192,
recent_compact_capacity,w07,2026-03-11,2026-03-12,2026-03-18,688037,0.045,0.9703406813627253,-0.0415521785453935,-0.0018698480345427076,
recent_compact_capacity,w07,2026-03-11,2026-03-12,2026-03-18,688281,0.045,0.9674849699398798,-0.07032510952271154,-0.0031646299285220192,
recent_compact_capacity,w07,2026-03-11,2026-03-12,2026-03-18,601016,0.045,0.9668086172344689,0.09181141439205964,0.004131513647642684,
recent_compact_capacity,w07,2026-03-11,2026-03-12,2026-03-18,600583,0.04352941176470591,0.9649799599198396,-0.04475524475524484,-0.001948169477581247,
recent_compact_capacity,w07,2026-03-11,2026-03-12,2026-03-18,601233,0.040808823529411745,0.9630260521042084,-0.12511542012927057,-0.0051058131008636124,
recent_compact_capacity,w07,2026-03-11,2026-03-12,2026-03-18,000537,0.038088235294117645,0.9629008016032063,0.010554089709762682,0.00040198665218066685,
recent_compact_capacity,w07,2026-03-11,2026-03-12,2026-03-18,600873,0.03536764705882354,0.9607214428857714,-0.01426307448494446,-0.000504451384357227,
recent_compact_capacity,w07,2026-03-11,2026-03-12,2026-03-18,688615,0.032647058823529425,0.9599198396793587,-0.02063655030800826,-0.00067372267182027,
recent_compact_capacity,w07,2026-03-11,2026-03-12,2026-03-18,600339,0.029926470588235287,0.9575901803607214,-0.06561085972850678,-0.001963501463933989,
recent_compact_capacity,w07,2026-03-11,2026-03-12,2026-03-18,603225,0.027205882352941184,0.9566382765531062,-0.1051255230125524,-0.0028600326113709116,
recent_compact_capacity,w07,2026-03-11,2026-03-12,2026-03-18,600968,0.02448529411764706,0.9560120240480962,-0.04166666666666674,-0.001020220588235296,
recent_compact_capacity,w07,2026-03-11,2026-03-12,2026-03-18,688777,0.021764705882352953,0.9555110220440881,0.026568368340520232,0.0005782527227054407,
recent_compact_capacity,w07,2026-03-11,2026-03-12,2026-03-18,603920,0.019044117647058822,0.9532815631262525,-0.061875215442950715,-0.0011783588823326642,
recent_compact_capacity,w07,2026-03-11,2026-03-12,2026-03-18,000830,0.016323529411764712,0.9525801603206412,-0.15724815724815733,-0.0025668449197860984,
recent_compact_capacity,w07,2026-03-11,2026-03-12,2026-03-18,688297,0.013602941176470592,0.9470941883767534,-0.025202520252025185,-0.0003428284004871074,
recent_compact_capacity,w07,2026-03-11,2026-03-12,2026-03-18,000703,0.010882352941176477,0.9467184368737475,-0.11145752143413867,-0.001212920086195039,
recent_compact_capacity,w07,2026-03-11,2026-03-12,2026-03-18,002738,0.008161764705882356,0.9433867735470941,-0.06612203216747514,-0.0005396724684257164,
recent_compact_capacity,w07,2026-03-11,2026-03-12,2026-03-18,000426,0.005441176470588238,0.9396042084168337,-0.1292678113282022,-0.0007033689734034535,
recent_compact_capacity,w07,2026-03-11,2026-03-12,2026-03-18,002126,0.002720588235294119,0.9390531062124249,-0.09399224806201556,-0.000255714204286366,
recent_compact_current,w07,2026-03-11,2026-03-12,2026-03-18,688037,0.06451612903225806,0.9740981963927856,-0.0415521785453935,-0.0026807857126060325,
recent_compact_current,w07,2026-03-11,2026-03-12,2026-03-18,300058,0.06236559139784946,0.9588677354709418,-0.04503392967304132,-0.002808567657028383,
recent_compact_current,w07,2026-03-11,2026-03-12,2026-03-18,300751,0.060215053763440864,0.9588176352705411,0.0249520153550864,0.0015024869461127295,
recent_compact_current,w07,2026-03-11,2026-03-12,2026-03-18,688248,0.05806451612903226,0.9529308617234469,-0.06425470332850935,-0.003730918257784414,
recent_compact_current,w07,2026-03-11,2026-03-12,2026-03-18,001389,0.05591397849462366,0.9463677354709419,-0.03561643835616424,-0.001991456768301656,
recent_compact_current,w07,2026-03-11,2026-03-12,2026-03-18,003035,0.053763440860215055,0.9443637274549097,-0.15857284440039643,-0.008525421741956798,
recent_compact_current,w07,2026-03-11,2026-03-12,2026-03-18,688385,0.05161290322580645,0.9438627254509018,0.07192254495159056,0.003712131352340158,
recent_compact_current,w07,2026-03-11,2026-03-12,2026-03-18,300763,0.04946236559139785,0.9415831663326654,-0.038112876498684,-0.0018851530311177031,
recent_compact_current,w07,2026-03-11,2026-03-12,2026-03-18,688361,0.047311827956989246,0.927680360721443,-0.042420681551116335,-0.002006999987364644,
recent_compact_current,w07,2026-03-11,2026-03-12,2026-03-18,002008,0.04516129032258064,0.9234218436873747,-0.09979267449896334,-0.004506765945114473,
recent_compact_current,w07,2026-03-11,2026-03-12,2026-03-18,301358,0.043010752688172046,0.9140531062124249,0.07489539748953966,0.003221307418904932,
recent_compact_current,w07,2026-03-11,2026-03-12,2026-03-18,688347,0.04086021505376344,0.9129008016032064,0.03111111111111109,0.0012712066905615285,
recent_compact_current,w07,2026-03-11,2026-03-12,2026-03-18,601567,0.03870967741935484,0.895816633266533,-0.09941339919728309,-0.003848260614088378,
recent_compact_current,w07,2026-03-11,2026-03-12,2026-03-18,601399,0.03655913978494624,0.8880260521042085,-0.06224899598393585,-0.0022757697456492676,
recent_compact_current,w07,2026-03-11,2026-03-12,2026-03-18,000830,0.034408602150537634,0.8702655310621243,-0.15724815724815733,-0.0054106892816570265,
recent_compact_current,w07,2026-03-11,2026-03-12,2026-03-18,000703,0.03225806451612903,0.869313627254509,-0.11145752143413867,-0.0035954039172302796,
recent_compact_current,w07,2026-03-11,2026-03-12,2026-03-18,002414,0.030107526881720432,0.8689128256513026,-0.04833219877467654,-0.0014551629738612292,
recent_compact_current,w07,2026-03-11,2026-03-12,2026-03-18,601608,0.02795698924731183,0.8655060120240481,-0.08888888888888902,-0.002485065710872166,
recent_compact_current,w07,2026-03-11,2026-03-12,2026-03-18,002429,0.025806451612903226,0.8616983967935872,-0.019589552238806096,-0.0005055368319691896,
recent_compact_current,w07,2026-03-11,2026-03-12,2026-03-18,688777,0.023655913978494623,0.8588426853707415,0.026568368340520232,0.0006284990360123066,
recent_compact_current,w07,2026-03-11,2026-03-12,2026-03-18,000683,0.021505376344086023,0.8550350701402806,-0.11144578313253029,-0.002396683508226458,
recent_compact_current,w07,2026-03-11,2026-03-12,2026-03-18,688297,0.01935483870967742,0.8547595190380761,-0.025202520252025185,-0.0004877907145553262,
recent_compact_current,w07,2026-03-11,2026-03-12,2026-03-18,002080,0.017204301075268817,0.8512274549098197,-0.044921875,-0.0007728494623655914,
recent_compact_current,w07,2026-03-11,2026-03-12,2026-03-18,601061,0.015053763440860216,0.8510521042084169,-0.07939914163090134,-0.001195255895518945,
recent_compact_current,w07,2026-03-11,2026-03-12,2026-03-18,002335,0.012903225806451613,0.8502755511022044,-0.02162718846549949,-0.0002790604963290257,
recent_compact_current,w07,2026-03-11,2026-03-12,2026-03-18,600486,0.010752688172043012,0.848371743486974,-0.08194774346793354,-0.0008811585319132639,
recent_compact_current,w07,2026-03-11,2026-03-12,2026-03-18,603920,0.008602150537634409,0.8469438877755511,-0.061875215442950715,-0.0005322599177888233,
recent_compact_current,w07,2026-03-11,2026-03-12,2026-03-18,000426,0.0064516129032258064,0.8426603206412826,-0.1292678113282022,-0.0008339858795367883,
recent_compact_current,w07,2026-03-11,2026-03-12,2026-03-18,603225,0.004301075268817204,0.8417084168336674,-0.1051255230125524,-0.000452152787150763,
recent_compact_current,w07,2026-03-11,2026-03-12,2026-03-18,000878,0.002150537634408602,0.8350450901803608,-0.11456982274102889,-0.0002463867155721051,
short_aggressive_compact_capacity,w07,2026-03-11,2026-03-12,2026-03-18,600487,0.06451612903225806,0.9963927855711423,-0.1238188976377953,-0.007988315976631955,
short_aggressive_compact_capacity,w07,2026-03-11,2026-03-12,2026-03-18,603688,0.06236559139784946,0.9791583166332665,-0.151024208566108,-0.009418714082617487,
short_aggressive_compact_capacity,w07,2026-03-11,2026-03-12,2026-03-18,300751,0.060215053763440864,0.9773547094188377,0.0249520153550864,0.0015024869461127295,
short_aggressive_compact_capacity,w07,2026-03-11,2026-03-12,2026-03-18,000967,0.05806451612903226,0.9715430861723446,-0.07692307692307698,-0.0044665012406947925,
short_aggressive_compact_capacity,w07,2026-03-11,2026-03-12,2026-03-18,688385,0.05591397849462366,0.9682364729458917,0.07192254495159056,0.004021475631701838,
short_aggressive_compact_capacity,w07,2026-03-11,2026-03-12,2026-03-18,601106,0.053763440860215055,0.9645290581162325,-0.05567010309278342,-0.0029930162953109365,
short_aggressive_compact_capacity,w07,2026-03-11,2026-03-12,2026-03-18,601567,0.05161290322580645,0.9622244488977956,-0.09941339919728309,-0.005131014152117837,
short_aggressive_compact_capacity,w07,2026-03-11,2026-03-12,2026-03-18,601611,0.04946236559139785,0.9603206412825651,-0.06655092592592604,-0.003291766228594191,
short_aggressive_compact_capacity,w07,2026-03-11,2026-03-12,2026-03-18,000878,0.047311827956989246,0.9540080160320641,-0.11456982274102889,-0.005420507742586313,
short_aggressive_compact_capacity,w07,2026-03-11,2026-03-12,2026-03-18,688027,0.04516129032258064,0.9458917835671342,-0.03903323262839886,-0.0017627911509599484,
short_aggressive_compact_capacity,w07,2026-03-11,2026-03-12,2026-03-18,601399,0.043010752688172046,0.9420841683366734,-0.06224899598393585,-0.0026773761713520796,
short_aggressive_compact_capacity,w07,2026-03-11,2026-03-12,2026-03-18,000060,0.04086021505376344,0.9389779559118236,-0.09523809523809512,-0.003891449052739371,
short_aggressive_compact_capacity,w07,2026-03-11,2026-03-12,2026-03-18,002738,0.03870967741935484,0.9339679358717435,-0.06612203216747514,-0.002559562535515167,
short_aggressive_compact_capacity,w07,2026-03-11,2026-03-12,2026-03-18,002851,0.03655913978494624,0.9280561122244488,-0.1254770992366412,-0.004587334810801936,
short_aggressive_compact_capacity,w07,2026-03-11,2026-03-12,2026-03-18,003035,0.034408602150537634,0.9270541082164329,-0.15857284440039643,-0.00545626991485235,
short_aggressive_compact_capacity,w07,2026-03-11,2026-03-12,2026-03-18,002195,0.03225806451612903,0.9251503006012023,-0.06069094304388423,-0.00195777235625433,
short_aggressive_compact_capacity,w07,2026-03-11,2026-03-12,2026-03-18,300724,0.030107526881720432,0.9251503006012023,-0.0062354506152311195,-0.00018773399701771113,
short_aggressive_compact_capacity,w07,2026-03-11,2026-03-12,2026-03-18,300285,0.02795698924731183,0.9242484969939879,-0.08461344749433386,-0.002365537241777076,
short_aggressive_compact_capacity,w07,2026-03-11,2026-03-12,2026-03-18,300857,0.025806451612903226,0.9238476953907815,-0.0024145984245734775,-6.23122174083478e-05,
short_aggressive_compact_capacity,w07,2026-03-11,2026-03-12,2026-03-18,300567,0.023655913978494623,0.9196392785571141,-0.03359173126614978,-0.0007946431052207475,
short_aggressive_compact_capacity,w07,2026-03-11,2026-03-12,2026-03-18,300223,0.021505376344086023,0.9146292585170339,0.079586776859504,0.00171154358837643,
short_aggressive_compact_capacity,w07,2026-03-11,2026-03-12,2026-03-18,688122,0.01935483870967742,0.9132264529058116,-0.11141694590713258,-0.002156457017557405,
short_aggressive_compact_capacity,w07,2026-03-11,2026-03-12,2026-03-18,002025,0.017204301075268817,0.9129258517034068,0.06532129580456725,0.0011238072396484687,
short_aggressive_compact_capacity,w07,2026-03-11,2026-03-12,2026-03-18,000426,0.015053763440860216,0.9102204408817635,-0.1292678113282022,-0.0019459670522525064,
short_aggressive_compact_capacity,w07,2026-03-11,2026-03-12,2026-03-18,601608,0.012903225806451613,0.9101202404809619,-0.08888888888888902,-0.0011469534050179229,
short_aggressive_compact_capacity,w07,2026-03-11,2026-03-12,2026-03-18,600392,0.010752688172043012,0.9090180360721443,-0.09414853713428362,-0.0010123498616589636,
short_aggressive_compact_capacity,w07,2026-03-11,2026-03-12,2026-03-18,603920,0.008602150537634409,0.9074148296593186,-0.061875215442950715,-0.0005322599177888233,
short_aggressive_compact_capacity,w07,2026-03-11,2026-03-12,2026-03-18,688281,0.0064516129032258064,0.9060120240480961,-0.07032510952271154,-0.00045371038401749377,
short_aggressive_compact_capacity,w07,2026-03-11,2026-03-12,2026-03-18,002044,0.004301075268817204,0.9056112224448898,-0.05763239875389414,-0.00024788128496298553,
short_aggressive_compact_capacity,w07,2026-03-11,2026-03-12,2026-03-18,300604,0.002150537634408602,0.9041082164328657,-0.0024811971776381725,-5.335907908899296e-06,
short_aggressive_medium_capacity,w07,2026-03-11,2026-03-12,2026-03-18,600487,0.06451612903225806,0.9963927855711423,-0.1238188976377953,-0.007988315976631955,
short_aggressive_medium_capacity,w07,2026-03-11,2026-03-12,2026-03-18,603688,0.06236559139784946,0.9791583166332665,-0.151024208566108,-0.009418714082617487,
short_aggressive_medium_capacity,w07,2026-03-11,2026-03-12,2026-03-18,300751,0.060215053763440864,0.9773547094188377,0.0249520153550864,0.0015024869461127295,
short_aggressive_medium_capacity,w07,2026-03-11,2026-03-12,2026-03-18,000967,0.05806451612903226,0.9715430861723446,-0.07692307692307698,-0.0044665012406947925,
short_aggressive_medium_capacity,w07,2026-03-11,2026-03-12,2026-03-18,688385,0.05591397849462366,0.9682364729458917,0.07192254495159056,0.004021475631701838,
short_aggressive_medium_capacity,w07,2026-03-11,2026-03-12,2026-03-18,601106,0.053763440860215055,0.9645290581162325,-0.05567010309278342,-0.0029930162953109365,
short_aggressive_medium_capacity,w07,2026-03-11,2026-03-12,2026-03-18,601567,0.05161290322580645,0.9622244488977956,-0.09941339919728309,-0.005131014152117837,
short_aggressive_medium_capacity,w07,2026-03-11,2026-03-12,2026-03-18,601611,0.04946236559139785,0.9603206412825651,-0.06655092592592604,-0.003291766228594191,
short_aggressive_medium_capacity,w07,2026-03-11,2026-03-12,2026-03-18,000878,0.047311827956989246,0.9540080160320641,-0.11456982274102889,-0.005420507742586313,
short_aggressive_medium_capacity,w07,2026-03-11,2026-03-12,2026-03-18,688027,0.04516129032258064,0.9458917835671342,-0.03903323262839886,-0.0017627911509599484,
short_aggressive_medium_capacity,w07,2026-03-11,2026-03-12,2026-03-18,601399,0.043010752688172046,0.9420841683366734,-0.06224899598393585,-0.0026773761713520796,
short_aggressive_medium_capacity,w07,2026-03-11,2026-03-12,2026-03-18,000060,0.04086021505376344,0.9389779559118236,-0.09523809523809512,-0.003891449052739371,
short_aggressive_medium_capacity,w07,2026-03-11,2026-03-12,2026-03-18,002738,0.03870967741935484,0.9339679358717435,-0.06612203216747514,-0.002559562535515167,
short_aggressive_medium_capacity,w07,2026-03-11,2026-03-12,2026-03-18,002851,0.03655913978494624,0.9280561122244488,-0.1254770992366412,-0.004587334810801936,
short_aggressive_medium_capacity,w07,2026-03-11,2026-03-12,2026-03-18,003035,0.034408602150537634,0.9270541082164329,-0.15857284440039643,-0.00545626991485235,
short_aggressive_medium_capacity,w07,2026-03-11,2026-03-12,2026-03-18,002195,0.03225806451612903,0.9251503006012023,-0.06069094304388423,-0.00195777235625433,
short_aggressive_medium_capacity,w07,2026-03-11,2026-03-12,2026-03-18,300724,0.030107526881720432,0.9251503006012023,-0.0062354506152311195,-0.00018773399701771113,
short_aggressive_medium_capacity,w07,2026-03-11,2026-03-12,2026-03-18,300285,0.02795698924731183,0.9242484969939879,-0.08461344749433386,-0.002365537241777076,
short_aggressive_medium_capacity,w07,2026-03-11,2026-03-12,2026-03-18,300857,0.025806451612903226,0.9238476953907815,-0.0024145984245734775,-6.23122174083478e-05,
short_aggressive_medium_capacity,w07,2026-03-11,2026-03-12,2026-03-18,300567,0.023655913978494623,0.9196392785571141,-0.03359173126614978,-0.0007946431052207475,
short_aggressive_medium_capacity,w07,2026-03-11,2026-03-12,2026-03-18,300223,0.021505376344086023,0.9146292585170339,0.079586776859504,0.00171154358837643,
short_aggressive_medium_capacity,w07,2026-03-11,2026-03-12,2026-03-18,688122,0.01935483870967742,0.9132264529058116,-0.11141694590713258,-0.002156457017557405,
short_aggressive_medium_capacity,w07,2026-03-11,2026-03-12,2026-03-18,002025,0.017204301075268817,0.9129258517034068,0.06532129580456725,0.0011238072396484687,
short_aggressive_medium_capacity,w07,2026-03-11,2026-03-12,2026-03-18,000426,0.015053763440860216,0.9102204408817635,-0.1292678113282022,-0.0019459670522525064,
short_aggressive_medium_capacity,w07,2026-03-11,2026-03-12,2026-03-18,601608,0.012903225806451613,0.9101202404809619,-0.08888888888888902,-0.0011469534050179229,
short_aggressive_medium_capacity,w07,2026-03-11,2026-03-12,2026-03-18,600392,0.010752688172043012,0.9090180360721443,-0.09414853713428362,-0.0010123498616589636,
short_aggressive_medium_capacity,w07,2026-03-11,2026-03-12,2026-03-18,603920,0.008602150537634409,0.9074148296593186,-0.061875215442950715,-0.0005322599177888233,
short_aggressive_medium_capacity,w07,2026-03-11,2026-03-12,2026-03-18,688281,0.0064516129032258064,0.9060120240480961,-0.07032510952271154,-0.00045371038401749377,
short_aggressive_medium_capacity,w07,2026-03-11,2026-03-12,2026-03-18,002044,0.004301075268817204,0.9056112224448898,-0.05763239875389414,-0.00024788128496298553,
short_aggressive_medium_capacity,w07,2026-03-11,2026-03-12,2026-03-18,300604,0.002150537634408602,0.9041082164328657,-0.0024811971776381725,-5.335907908899296e-06,
short_aggressive_wide_capacity,w07,2026-03-11,2026-03-12,2026-03-18,300383,0.055,0.8049599198396794,0.03208232445520598,0.0017645278450363288,
short_aggressive_wide_capacity,w07,2026-03-11,2026-03-12,2026-03-18,002432,0.055,0.8045090180360721,0.02443609022556381,0.0013439849624060096,
short_aggressive_wide_capacity,w07,2026-03-11,2026-03-12,2026-03-18,300763,0.055,0.8040581162324649,-0.038112876498684,-0.0020962082074276202,
short_aggressive_wide_capacity,w07,2026-03-11,2026-03-12,2026-03-18,002131,0.055,0.8036072144288577,-0.04091456077015654,-0.0022503008423586097,
short_aggressive_wide_capacity,w07,2026-03-11,2026-03-12,2026-03-18,000039,0.055,0.8027054108216433,-0.10752688172043012,-0.0059139784946236566,
short_aggressive_wide_capacity,w07,2026-03-11,2026-03-12,2026-03-18,600352,0.055,0.8018036072144289,-0.12253694581280783,-0.00673953201970443,
short_aggressive_wide_capacity,w07,2026-03-11,2026-03-12,2026-03-18,002837,0.05360000000000002,0.8013527054108216,0.06456441472906915,0.003460652629478108,
short_aggressive_wide_capacity,w07,2026-03-11,2026-03-12,2026-03-18,601567,0.05136666666666666,0.8004509018036072,-0.09941339919728309,-0.005106534938767108,
short_aggressive_wide_capacity,w07,2026-03-11,2026-03-12,2026-03-18,301358,0.049133333333333334,0.7986472945891784,0.07489539748953966,0.0036798605299860486,
short_aggressive_wide_capacity,w07,2026-03-11,2026-03-12,2026-03-18,688563,0.0469,0.7981963927855711,-0.060099412562132914,-0.0028186624491640336,
short_aggressive_wide_capacity,w07,2026-03-11,2026-03-12,2026-03-18,688361,0.044666666666666674,0.7977454909819639,-0.042420681551116335,-0.00189479044261653,
short_aggressive_wide_capacity,w07,2026-03-11,2026-03-12,2026-03-18,001389,0.04243333333333334,0.7972945891783567,-0.03561643835616424,-0.001511324200913236,
short_aggressive_wide_capacity,w07,2026-03-11,2026-03-12,2026-03-18,600339,0.0402,0.7950400801603207,-0.06561085972850678,-0.0026375565610859725,
short_aggressive_wide_capacity,w07,2026-03-11,2026-03-12,2026-03-18,600299,0.03796666666666667,0.7945891783567134,-0.03490759753593431,-0.0013253251197809727,
short_aggressive_wide_capacity,w07,2026-03-11,2026-03-12,2026-03-18,688777,0.03573333333333334,0.7941382765531062,0.026568368340520232,0.0009493763620345897,
short_aggressive_wide_capacity,w07,2026-03-11,2026-03-12,2026-03-18,001221,0.0335,0.793687374749499,0.03438872898045742,0.0011520224208453236,
short_aggressive_wide_capacity,w07,2026-03-11,2026-03-12,2026-03-18,002414,0.031266666666666665,0.7927855711422847,-0.04833219877467654,-0.0015111867483548864,
short_aggressive_wide_capacity,w07,2026-03-11,2026-03-12,2026-03-18,688248,0.029033333333333335,0.7923346693386774,-0.06425470332850935,-0.001865528219971055,
short_aggressive_wide_capacity,w07,2026-03-11,2026-03-12,2026-03-18,300001,0.02680000000000001,0.7918837675350702,-0.0965413533834587,-0.0025873082706766946,
short_aggressive_wide_capacity,w07,2026-03-11,2026-03-12,2026-03-18,000830,0.024566666666666667,0.791432865731463,-0.15724815724815733,-0.003863063063063065,
short_aggressive_wide_capacity,w07,2026-03-11,2026-03-12,2026-03-18,002271,0.022333333333333337,0.7905310621242485,-0.0665083135391924,-0.0014853523357086305,
short_aggressive_wide_capacity,w07,2026-03-11,2026-03-12,2026-03-18,002126,0.0201,0.7896292585170341,-0.09399224806201556,-0.0018892441860465128,
short_aggressive_wide_capacity,w07,2026-03-11,2026-03-12,2026-03-18,600988,0.01786666666666667,0.7869238476953908,-0.02180685358255441,-0.0003896157840083055,
short_aggressive_wide_capacity,w07,2026-03-11,2026-03-12,2026-03-18,002340,0.015633333333333332,0.785120240480962,-0.09450549450549439,-0.0014774358974358956,
short_aggressive_wide_capacity,w07,2026-03-11,2026-03-12,2026-03-18,600312,0.013400000000000006,0.7846693386773547,-0.09128289473684204,-0.0012231907894736838,
short_aggressive_wide_capacity,w07,2026-03-11,2026-03-12,2026-03-18,601179,0.011166666666666668,0.7842184368737475,-0.06788511749347248,-0.0007580504786771095,
short_aggressive_wide_capacity,w07,2026-03-11,2026-03-12,2026-03-18,600096,0.008933333333333335,0.7837675350701403,-0.07787568468683026,-0.0006956894498690171,
short_aggressive_wide_capacity,w07,2026-03-11,2026-03-12,2026-03-18,002624,0.006700000000000003,0.7833166332665331,-0.09541804440245649,-0.0006393008974964588,
short_aggressive_wide_capacity,w07,2026-03-11,2026-03-12,2026-03-18,300140,0.004466666666666667,0.7824148296593186,-0.05018359853121179,-0.00022415340677274604,
short_aggressive_wide_capacity,w07,2026-03-11,2026-03-12,2026-03-18,300390,0.0022333333333333337,0.7819639278557114,-0.016793595000976325,-3.7505695502180466e-05,
stable_compact_capacity,w07,2026-03-11,2026-03-12,2026-03-18,003035,0.05000000000000002,0.9973947895791584,-0.15857284440039643,-0.007928642220019825,
stable_compact_capacity,w07,2026-03-11,2026-03-12,2026-03-18,300058,0.05000000000000002,0.988376753507014,-0.04503392967304132,-0.002251696483652067,
stable_compact_capacity,w07,2026-03-11,2026-03-12,2026-03-18,000426,0.05000000000000002,0.9842685370741484,-0.1292678113282022,-0.006463390566410112,
stable_compact_capacity,w07,2026-03-11,2026-03-12,2026-03-18,688220,0.05000000000000002,0.9829659318637274,-0.03385134321166128,-0.0016925671605830645,
stable_compact_capacity,w07,2026-03-11,2026-03-12,2026-03-18,002429,0.05000000000000002,0.9813627254509019,-0.019589552238806096,-0.0009794776119403052,
stable_compact_capacity,w07,2026-03-11,2026-03-12,2026-03-18,300751,0.05000000000000002,0.9801603206412827,0.0249520153550864,0.0012476007677543204,
stable_compact_capacity,w07,2026-03-11,2026-03-12,2026-03-18,688281,0.05000000000000002,0.9755511022044089,-0.07032510952271154,-0.0035162554761355783,
stable_compact_capacity,w07,2026-03-11,2026-03-12,2026-03-18,601106,0.05000000000000002,0.975250501002004,-0.05567010309278342,-0.002783505154639172,
stable_compact_capacity,w07,2026-03-11,2026-03-12,2026-03-18,600392,0.05000000000000002,0.9741482965931864,-0.09414853713428362,-0.004707426856714182,
stable_compact_capacity,w07,2026-03-11,2026-03-12,2026-03-18,688385,0.05000000000000002,0.9735470941883768,0.07192254495159056,0.003596127247579529,
stable_compact_capacity,w07,2026-03-11,2026-03-12,2026-03-18,603225,0.047619047619047644,0.9725450901803607,-0.1051255230125524,-0.005005977286312022,
stable_compact_capacity,w07,2026-03-11,2026-03-12,2026-03-18,601179,0.04523809523809524,0.9719438877755511,-0.06788511749347248,-0.0030709934104189932,
stable_compact_capacity,w07,2026-03-11,2026-03-12,2026-03-18,300285,0.04285714285714283,0.9687374749498998,-0.08461344749433386,-0.00362629060690002,
stable_compact_capacity,w07,2026-03-11,2026-03-12,2026-03-18,603688,0.04047619047619047,0.9653306613226452,-0.151024208566108,-0.006112884632437704,
stable_compact_capacity,w07,2026-03-11,2026-03-12,2026-03-18,300136,0.038095238095238106,0.9539078156312626,-0.03454810495626803,-0.0013161182840483064,
stable_compact_capacity,w07,2026-03-11,2026-03-12,2026-03-18,300567,0.03571428571428571,0.9509018036072144,-0.03359173126614978,-0.0011997046880767779,
stable_compact_capacity,w07,2026-03-11,2026-03-12,2026-03-18,000960,0.03333333333333334,0.9464929859719439,-0.1034041464038904,-0.0034468048801296804,
stable_compact_capacity,w07,2026-03-11,2026-03-12,2026-03-18,688122,0.03095238095238096,0.9448897795591183,-0.11141694590713258,-0.0034486197542683904,
stable_compact_capacity,w07,2026-03-11,2026-03-12,2026-03-18,002195,0.028571428571428574,0.9444889779559119,-0.06069094304388423,-0.001734026944110978,
stable_compact_capacity,w07,2026-03-11,2026-03-12,2026-03-18,000878,0.026190476190476195,0.9440881763527055,-0.11456982274102889,-0.0030006382146459953,
stable_compact_capacity,w07,2026-03-11,2026-03-12,2026-03-18,300724,0.023809523809523822,0.9440881763527055,-0.0062354506152311195,-0.00014846310988645531,
stable_compact_capacity,w07,2026-03-11,2026-03-12,2026-03-18,601168,0.021428571428571415,0.9440881763527055,-0.1161745827984596,-0.0024894553456812755,
stable_compact_capacity,w07,2026-03-11,2026-03-12,2026-03-18,603920,0.019047619047619053,0.943687374749499,-0.061875215442950715,-0.0011785755322466806,
stable_compact_capacity,w07,2026-03-11,2026-03-12,2026-03-18,600497,0.01666666666666667,0.9432865731462927,-0.10531594784353071,-0.0017552657973921788,
stable_compact_capacity,w07,2026-03-11,2026-03-12,2026-03-18,601399,0.014285714285714287,0.9426853707414831,-0.06224899598393585,-0.0008892713711990837,
stable_compact_capacity,w07,2026-03-11,2026-03-12,2026-03-18,000060,0.011904761904761911,0.9420841683366734,-0.09523809523809512,-0.0011337868480725615,
stable_compact_capacity,w07,2026-03-11,2026-03-12,2026-03-18,300223,0.009523809523809526,0.9420841683366734,0.079586776859504,0.0007579693034238477,
stable_compact_capacity,w07,2026-03-11,2026-03-12,2026-03-18,601611,0.0071428571428571435,0.9420841683366734,-0.06655092592592604,-0.00047536375661375745,
stable_compact_capacity,w07,2026-03-11,2026-03-12,2026-03-18,688347,0.004761904761904763,0.9420841683366734,0.03111111111111109,0.0001481481481481481,
stable_compact_capacity,w07,2026-03-11,2026-03-12,2026-03-18,605358,0.0023809523809523816,0.9410821643286574,-0.019225634178905326,-4.5775319473584124e-05,
stable_compact_current,w07,2026-03-11,2026-03-12,2026-03-18,603077,0.02857142857142857,0.9587675350701403,-0.01650165016501648,-0.0004714757190004708,
stable_compact_current,w07,2026-03-11,2026-03-12,2026-03-18,605358,0.02857142857142857,0.9263026052104208,-0.019225634178905326,-0.0005493038336830094,
stable_compact_current,w07,2026-03-11,2026-03-12,2026-03-18,688122,0.02857142857142857,0.9452404809619239,-0.11141694590713258,-0.0031833413116323594,
stable_compact_current,w07,2026-03-11,2026-03-12,2026-03-18,688375,0.02857142857142857,0.9452404809619239,-0.011096433289299767,-0.0003170409511228505,
stable_compact_current,w07,2026-03-11,2026-03-12,2026-03-18,688568,0.02857142857142857,0.9452404809619239,-0.0490667420814479,-0.001401906916612797,
stable_compact_current,w07,2026-03-11,2026-03-12,2026-03-18,002738,0.02857142857142857,0.9263026052104208,-0.06612203216747514,-0.0018892009190707184,
stable_compact_current,w07,2026-03-11,2026-03-12,2026-03-18,300454,0.02857142857142857,0.9263026052104208,-0.08713405238828975,-0.0024895443539511355,
stable_compact_current,w07,2026-03-11,2026-03-12,2026-03-18,601399,0.02857142857142857,0.9263026052104208,-0.06224899598393585,-0.0017785427423981672,
stable_compact_current,w07,2026-03-11,2026-03-12,2026-03-18,688281,0.02857142857142857,0.9263026052104208,-0.07032510952271154,-0.002009288843506044,
stable_compact_current,w07,2026-03-11,2026-03-12,2026-03-18,603920,0.02857142857142857,0.9452404809619239,-0.061875215442950715,-0.0017678632983700205,
stable_compact_current,w07,2026-03-11,2026-03-12,2026-03-18,688347,0.02857142857142857,0.9263026052104208,0.03111111111111109,0.0008888888888888883,
stable_compact_current,w07,2026-03-11,2026-03-12,2026-03-18,688385,0.02857142857142857,0.9263026052104208,0.07192254495159056,0.00205492985575973,
stable_compact_current,w07,2026-03-11,2026-03-12,2026-03-18,601231,0.02857142857142857,0.9136773547094188,-0.08061706892261744,-0.0023033448263604984,
stable_compact_current,w07,2026-03-11,2026-03-12,2026-03-18,601608,0.02857142857142857,0.9127755511022044,-0.08888888888888902,-0.002539682539682543,
stable_compact_current,w07,2026-03-11,2026-03-12,2026-03-18,002436,0.02857142857142857,0.9118737474949901,-0.049959049959050095,-0.0014274014274014313,
stable_compact_current,w07,2026-03-11,2026-03-12,2026-03-18,688027,0.02857142857142857,0.9109719438877756,-0.03903323262839886,-0.0011152352179542532,
stable_compact_current,w07,2026-03-11,2026-03-12,2026-03-18,688002,0.02857142857142857,0.9452404809619239,-0.04052299703264095,-0.0011577999152183127,
stable_compact_current,w07,2026-03-11,2026-03-12,2026-03-18,601611,0.02857142857142857,0.9452404809619239,-0.06655092592592604,-0.0019014550264550296,
stable_compact_current,w07,2026-03-11,2026-03-12,2026-03-18,300285,0.02857142857142857,0.9578657314629259,-0.08461344749433386,-0.002417527071266682,
stable_compact_current,w07,2026-03-11,2026-03-12,2026-03-18,002465,0.02857142857142857,0.9452404809619239,-0.08803222094361329,-0.0025152063126746655,
stable_compact_current,w07,2026-03-11,2026-03-12,2026-03-18,002851,0.02857142857142857,0.9569639278557114,-0.1254770992366412,-0.003585059978189748,
stable_compact_current,w07,2026-03-11,2026-03-12,2026-03-18,000060,0.02857142857142857,0.9452404809619239,-0.09523809523809512,-0.0027210884353741464,
stable_compact_current,w07,2026-03-11,2026-03-12,2026-03-18,000426,0.02857142857142857,0.9452404809619239,-0.1292678113282022,-0.0036933660379486343,
stable_compact_current,w07,2026-03-11,2026-03-12,2026-03-18,000878,0.02857142857142857,0.9452404809619239,-0.11456982274102889,-0.00327342350688654,
stable_compact_current,w07,2026-03-11,2026-03-12,2026-03-18,002156,0.02857142857142857,0.9452404809619239,0.0065831386706305395,0.0001880896763037297,
stable_compact_current,w07,2026-03-11,2026-03-12,2026-03-18,002195,0.02857142857142857,0.9452404809619239,-0.06069094304388423,-0.0017340269441109778,
stable_compact_current,w07,2026-03-11,2026-03-12,2026-03-18,003031,0.02857142857142857,0.9452404809619239,-0.038935436175455806,-0.0011124410335844517,
stable_compact_current,w07,2026-03-11,2026-03-12,2026-03-18,601168,0.02857142857142857,0.9452404809619239,-0.1161745827984596,-0.003319273794241703,
stable_compact_current,w07,2026-03-11,2026-03-12,2026-03-18,300223,0.02857142857142857,0.9452404809619239,0.079586776859504,0.0022739079102715425,
stable_compact_current,w07,2026-03-11,2026-03-12,2026-03-18,300604,0.02857142857142857,0.9452404809619239,-0.0024811971776381725,-7.089134793251922e-05,
stable_compact_current,w07,2026-03-11,2026-03-12,2026-03-18,300724,0.02857142857142857,0.9452404809619239,-0.0062354506152311195,-0.00017815573186374627,
stable_compact_current,w07,2026-03-11,2026-03-12,2026-03-18,301308,0.02857142857142857,0.9452404809619239,0.10693490249237514,0.0030552829283535753,
stable_compact_current,w07,2026-03-11,2026-03-12,2026-03-18,600497,0.02857142857142857,0.9452404809619239,-0.10531594784353071,-0.0030090270812437345,
stable_compact_current,w07,2026-03-11,2026-03-12,2026-03-18,601106,0.02857142857142857,0.9452404809619239,-0.05567010309278342,-0.0015905743740795262,
stable_compact_current,w07,2026-03-11,2026-03-12,2026-03-18,000960,0.02857142857142857,0.9100701402805611,-0.1034041464038904,-0.002954404182968297,
stable_extra_wide_capacity,w07,2026-03-11,2026-03-12,2026-03-18,601665,0.06451612903225806,0.9378256513026052,0.012280701754385781,0.000792303338992631,
stable_extra_wide_capacity,w07,2026-03-11,2026-03-12,2026-03-18,002153,0.06236559139784946,0.8547094188376754,-0.011648745519713288,-0.0007264809033799685,
stable_extra_wide_capacity,w07,2026-03-11,2026-03-12,2026-03-18,300142,0.060215053763440864,0.8547094188376754,0.030201342281879207,0.0018185754492314361,last close on 2026-03-16 (halted?); entry=prev_close
stable_extra_wide_capacity,w07,2026-03-11,2026-03-12,2026-03-18,600739,0.05806451612903226,0.8547094188376754,0.0,0.0,
stable_extra_wide_capacity,w07,2026-03-11,2026-03-12,2026-03-18,002261,0.05591397849462366,0.8525300601202405,-0.05258033106134363,-0.0029399755002041603,
stable_extra_wide_capacity,w07,2026-03-11,2026-03-12,2026-03-18,300383,0.053763440860215055,0.8525300601202405,0.03208232445520598,0.0017248561535056978,
stable_extra_wide_capacity,w07,2026-03-11,2026-03-12,2026-03-18,600126,0.05161290322580645,0.8525300601202405,0.01764057331863289,0.0009104812035423427,
stable_extra_wide_capacity,w07,2026-03-11,2026-03-12,2026-03-18,600486,0.04946236559139785,0.8525300601202405,-0.08194774346793354,-0.004053329246801014,
stable_extra_wide_capacity,w07,2026-03-11,2026-03-12,2026-03-18,600602,0.047311827956989246,0.8525300601202405,-0.006153846153846176,-0.00029114971050455025,
stable_extra_wide_capacity,w07,2026-03-11,2026-03-12,2026-03-18,000537,0.04516129032258064,0.8088677354709419,0.010554089709762682,0.00047663630947315333,
stable_extra_wide_capacity,w07,2026-03-11,2026-03-12,2026-03-18,001221,0.043010752688172046,0.8088677354709419,0.03438872898045742,0.0014790851174390288,
stable_extra_wide_capacity,w07,2026-03-11,2026-03-12,2026-03-18,001389,0.04086021505376344,0.8088677354709419,-0.03561643835616424,-0.0014552953306819797,
stable_extra_wide_capacity,w07,2026-03-11,2026-03-12,2026-03-18,002831,0.03870967741935484,0.8088677354709419,0.11802701115678205,0.004568787528649628,
stable_extra_wide_capacity,w07,2026-03-11,2026-03-12,2026-03-18,300140,0.03655913978494624,0.8088677354709419,-0.05018359853121179,-0.0018346691936141947,
stable_extra_wide_capacity,w07,2026-03-11,2026-03-12,2026-03-18,300487,0.034408602150537634,0.8088677354709419,-0.02210860853945018,-0.0007607263153359202,
stable_extra_wide_capacity,w07,2026-03-11,2026-03-12,2026-03-18,301536,0.03225806451612903,0.8088677354709419,0.020263293753226552,0.0006536546372008565,
stable_extra_wide_capacity,w07,2026-03-11,2026-03-12,2026-03-18,601016,0.030107526881720432,0.8088677354709419,0.09181141439205964,0.00276421462685771,
stable_extra_wide_capacity,w07,2026-03-11,2026-03-12,2026-03-18,601061,0.02795698924731183,0.8088677354709419,-0.07939914163090134,-0.0022197609488208976,
stable_extra_wide_capacity,w07,2026-03-11,2026-03-12,2026-03-18,000039,0.025806451612903226,0.7894038076152304,-0.10752688172043012,-0.0027748872702046483,
stable_extra_wide_capacity,w07,2026-03-11,2026-03-12,2026-03-18,000155,0.023655913978494623,0.7894038076152304,-0.0546190155091032,-0.0012920627324734088,
stable_extra_wide_capacity,w07,2026-03-11,2026-03-12,2026-03-18,000415,0.021505376344086023,0.7894038076152304,-0.07453416149068326,-0.0016028851933480271,
stable_extra_wide_capacity,w07,2026-03-11,2026-03-12,2026-03-18,000582,0.01935483870967742,0.7894038076152304,-0.051948051948052076,-0.001005446166736492,
stable_extra_wide_capacity,w07,2026-03-11,2026-03-12,2026-03-18,000591,0.017204301075268817,0.7894038076152304,-0.09473684210526323,-0.0016298811544991523,
stable_extra_wide_capacity,w07,2026-03-11,2026-03-12,2026-03-18,000683,0.015053763440860216,0.7894038076152304,-0.11144578313253029,-0.0016776784557585205,
stable_extra_wide_capacity,w07,2026-03-11,2026-03-12,2026-03-18,000825,0.012903225806451613,0.7894038076152304,-0.0444444444444444,-0.0005734767025089599,
stable_extra_wide_capacity,w07,2026-03-11,2026-03-12,2026-03-18,000951,0.010752688172043012,0.7894038076152304,-0.04805194805194812,-0.0005166876134618078,
stable_extra_wide_capacity,w07,2026-03-11,2026-03-12,2026-03-18,000967,0.008602150537634409,0.7894038076152304,-0.07692307692307698,-0.0006617038875103397,
stable_extra_wide_capacity,w07,2026-03-11,2026-03-12,2026-03-18,002430,0.0064516129032258064,0.7894038076152304,-0.0632619439868205,-0.00040814157410851935,
stable_extra_wide_capacity,w07,2026-03-11,2026-03-12,2026-03-18,002683,0.004301075268817204,0.7894038076152304,-0.0750636132315522,-0.000322854250458289,
stable_extra_wide_capacity,w07,2026-03-11,2026-03-12,2026-03-18,002850,0.002150537634408602,0.7894038076152304,-0.06537881074554797,-0.00014059959300117842,
stable_medium_capacity,w07,2026-03-11,2026-03-12,2026-03-18,600392,0.039999999999999994,0.983066132264529,-0.09414853713428362,-0.003765941485371344,
stable_medium_capacity,w07,2026-03-11,2026-03-12,2026-03-18,300136,0.039999999999999994,0.9538827655310621,-0.03454810495626803,-0.001381924198250721,
stable_medium_capacity,w07,2026-03-11,2026-03-12,2026-03-18,002738,0.039999999999999994,0.9433867735470942,-0.06612203216747514,-0.002644881286699005,
stable_medium_capacity,w07,2026-03-11,2026-03-12,2026-03-18,601168,0.039999999999999994,0.9450400801603206,-0.1161745827984596,-0.0046469833119383835,
stable_medium_capacity,w07,2026-03-11,2026-03-12,2026-03-18,603920,0.039999999999999994,0.9483466933867735,-0.061875215442950715,-0.002475008617718028,
stable_medium_capacity,w07,2026-03-11,2026-03-12,2026-03-18,601106,0.039999999999999994,0.9489228456913827,-0.05567010309278342,-0.0022268041237113365,
stable_medium_capacity,w07,2026-03-11,2026-03-12,2026-03-18,688220,0.039999999999999994,0.9764529058116231,-0.03385134321166128,-0.0013540537284664508,
stable_medium_capacity,w07,2026-03-11,2026-03-12,2026-03-18,300751,0.039999999999999994,0.9522294589178356,0.0249520153550864,0.0009980806142034558,
stable_medium_capacity,w07,2026-03-11,2026-03-12,2026-03-18,002756,0.039999999999999994,0.9526553106212424,-0.14514608859566436,-0.005805843543826574,
stable_medium_capacity,w07,2026-03-11,2026-03-12,2026-03-18,603077,0.039999999999999994,0.9533316633266533,-0.01650165016501648,-0.0006600660066006591,
stable_medium_capacity,w07,2026-03-11,2026-03-12,2026-03-18,688122,0.039999999999999994,0.9516533066132263,-0.11141694590713258,-0.004456677836285302,
stable_medium_capacity,w07,2026-03-11,2026-03-12,2026-03-18,300058,0.039999999999999994,0.9555360721442885,-0.04503392967304132,-0.0018013571869216524,
stable_medium_capacity,w07,2026-03-11,2026-03-12,2026-03-18,603225,0.039999999999999994,0.9566132264529057,-0.1051255230125524,-0.004205020920502096,
stable_medium_capacity,w07,2026-03-11,2026-03-12,2026-03-18,000537,0.039999999999999994,0.9574899799599198,0.010554089709762682,0.0004221635883905072,
stable_medium_capacity,w07,2026-03-11,2026-03-12,2026-03-18,000967,0.039999999999999994,0.9592685370741483,-0.07692307692307698,-0.0030769230769230787,
stable_medium_capacity,w07,2026-03-11,2026-03-12,2026-03-18,000426,0.039999999999999994,0.9599198396793587,-0.1292678113282022,-0.005170712453128087,
stable_medium_capacity,w07,2026-03-11,2026-03-12,2026-03-18,300285,0.039999999999999994,0.9615731462925851,-0.08461344749433386,-0.003384537899773354,
stable_medium_capacity,w07,2026-03-11,2026-03-12,2026-03-18,688281,0.039999999999999994,0.9632264529058115,-0.07032510952271154,-0.002813004380908461,
stable_medium_capacity,w07,2026-03-11,2026-03-12,2026-03-18,688385,0.039999999999999994,0.9665330661322644,0.07192254495159056,0.002876901798063622,
stable_medium_capacity,w07,2026-03-11,2026-03-12,2026-03-18,000960,0.039999999999999994,0.9747995991983968,-0.1034041464038904,-0.004136165856155615,
stable_medium_capacity,w07,2026-03-11,2026-03-12,2026-03-18,688608,0.03636363636363643,0.9417334669338677,-0.056451612903225756,-0.002052785923753668,
stable_medium_capacity,w07,2026-03-11,2026-03-12,2026-03-18,002156,0.03272727272727277,0.939253507014028,0.0065831386706305395,0.00021544817467518157,
stable_medium_capacity,w07,2026-03-11,2026-03-12,2026-03-18,688002,0.029090909090909126,0.939253507014028,-0.04052299703264095,-0.0011788508227677382,
stable_medium_capacity,w07,2026-03-11,2026-03-12,2026-03-18,300454,0.025454545454545487,0.9373496993987975,-0.08713405238828975,-0.0022179576971564693,
stable_medium_capacity,w07,2026-03-11,2026-03-12,2026-03-18,003035,0.021818181818181834,0.9356462925851703,-0.15857284440039643,-0.0034597711505541064,
stable_medium_capacity,w07,2026-03-11,2026-03-12,2026-03-18,600487,0.018181818181818216,0.9339929859719438,-0.1238188976377953,-0.002251252684323555,
stable_medium_capacity,w07,2026-03-11,2026-03-12,2026-03-18,605358,0.014545454545454563,0.9334669338677355,-0.019225634178905326,-0.0002796455880568051,
stable_medium_capacity,w07,2026-03-11,2026-03-12,2026-03-18,601179,0.010909090909090917,0.9323396793587174,-0.06788511749347248,-0.0007405649181106094,
stable_medium_capacity,w07,2026-03-11,2026-03-12,2026-03-18,300395,0.007272727272727281,0.9307364729458918,-0.03214380589745869,-0.00023377313379969983,
stable_medium_capacity,w07,2026-03-11,2026-03-12,2026-03-18,000878,0.0036363636363636407,0.9301603206412825,-0.11456982274102889,-0.0004166175372401056,
balanced_extra_wide_capacity,w08,2026-03-18,2026-03-19,2026-03-25,300070,0.06451612903225806,0.9398797595190381,-0.01456310679611661,-0.0009395552771688135,
balanced_extra_wide_capacity,w08,2026-03-18,2026-03-19,2026-03-25,300529,0.06236559139784946,0.9398797595190381,-0.06292966684294032,-0.003924645889129611,
balanced_extra_wide_capacity,w08,2026-03-18,2026-03-19,2026-03-25,300601,0.060215053763440864,0.9398797595190381,-0.0449438202247191,-0.0027062945511658813,
balanced_extra_wide_capacity,w08,2026-03-18,2026-03-19,2026-03-25,300679,0.05806451612903226,0.9398797595190381,-0.055570763755817154,-0.0032266895084022864,
balanced_extra_wide_capacity,w08,2026-03-18,2026-03-19,2026-03-25,603927,0.05591397849462366,0.9398797595190381,-0.06471238938053092,-0.003618327148158718,
balanced_extra_wide_capacity,w08,2026-03-18,2026-03-19,2026-03-25,000831,0.053763440860215055,0.8912074148296594,-0.049037125272979876,-0.0026364045845688106,
balanced_extra_wide_capacity,w08,2026-03-18,2026-03-19,2026-03-25,300454,0.05161290322580645,0.8912074148296594,-0.10279348468225158,-0.005305470177148468,
balanced_extra_wide_capacity,w08,2026-03-18,2026-03-19,2026-03-25,300748,0.04946236559139785,0.8912074148296594,-0.060919890344197425,-0.003013241887992561,
balanced_extra_wide_capacity,w08,2026-03-18,2026-03-19,2026-03-25,600363,0.047311827956989246,0.8912074148296594,-0.07642276422764238,-0.0036157006731357684,
balanced_extra_wide_capacity,w08,2026-03-18,2026-03-19,2026-03-25,603225,0.04516129032258064,0.8912074148296594,-0.0227936879018118,-0.0010293923568560166,
balanced_extra_wide_capacity,w08,2026-03-18,2026-03-19,2026-03-25,688122,0.043010752688172046,0.8912074148296594,-0.03542087542087535,-0.0015234785127258219,
balanced_extra_wide_capacity,w08,2026-03-18,2026-03-19,2026-03-25,688220,0.04086021505376344,0.8912074148296594,-0.1120947630922694,-0.004580216126350793,
balanced_extra_wide_capacity,w08,2026-03-18,2026-03-19,2026-03-25,688608,0.03870967741935484,0.8912074148296594,-0.07544159544159545,-0.0029203198235456308,
balanced_extra_wide_capacity,w08,2026-03-18,2026-03-19,2026-03-25,603707,0.03655913978494624,0.8241482965931864,-0.030181086519114553,-0.0011033945609138654,
balanced_extra_wide_capacity,w08,2026-03-18,2026-03-19,2026-03-25,000009,0.034408602150537634,0.7996743486973948,-0.019867549668874163,-0.0006836146122623368,
balanced_extra_wide_capacity,w08,2026-03-18,2026-03-19,2026-03-25,000032,0.03225806451612903,0.7996743486973948,0.018242122719734688,0.0005884555716043448,
balanced_extra_wide_capacity,w08,2026-03-18,2026-03-19,2026-03-25,000050,0.030107526881720432,0.7996743486973948,-0.08740068104426801,-0.0026314183540209726,
balanced_extra_wide_capacity,w08,2026-03-18,2026-03-19,2026-03-25,000528,0.02795698924731183,0.7996743486973948,-0.04141414141414146,-0.0011578147062018043,
balanced_extra_wide_capacity,w08,2026-03-18,2026-03-19,2026-03-25,000623,0.025806451612903226,0.7996743486973948,-0.06081808396124866,-0.0015694989409354492,
balanced_extra_wide_capacity,w08,2026-03-18,2026-03-19,2026-03-25,000785,0.023655913978494623,0.7996743486973948,-0.10247349823321561,-0.002424104259280369,
balanced_extra_wide_capacity,w08,2026-03-18,2026-03-19,2026-03-25,000997,0.021505376344086023,0.7996743486973948,-0.0759209344115005,-0.0016327082669139893,
balanced_extra_wide_capacity,w08,2026-03-18,2026-03-19,2026-03-25,001696,0.01935483870967742,0.7996743486973948,-0.06521739130434767,-0.0012622720897615678,
balanced_extra_wide_capacity,w08,2026-03-18,2026-03-19,2026-03-25,002120,0.017204301075268817,0.7996743486973948,-0.033478893740902516,-0.0005759809675854196,
balanced_extra_wide_capacity,w08,2026-03-18,2026-03-19,2026-03-25,002265,0.015053763440860216,0.7996743486973948,0.09144676979071864,0.0013766180398602807,
balanced_extra_wide_capacity,w08,2026-03-18,2026-03-19,2026-03-25,002410,0.012903225806451613,0.7996743486973948,-0.08821170809943879,-0.0011382155883798554,
balanced_extra_wide_capacity,w08,2026-03-18,2026-03-19,2026-03-25,002439,0.010752688172043012,0.7996743486973948,-0.05640668523676873,-0.0006065234971695563,
balanced_extra_wide_capacity,w08,2026-03-18,2026-03-19,2026-03-25,002500,0.008602150537634409,0.7996743486973948,-0.04109589041095896,-0.00035351303579319535,
balanced_extra_wide_capacity,w08,2026-03-18,2026-03-19,2026-03-25,002583,0.0064516129032258064,0.7996743486973948,-0.086080586080586,-0.0005553586198747484,
balanced_extra_wide_capacity,w08,2026-03-18,2026-03-19,2026-03-25,002926,0.004301075268817204,0.7996743486973948,-0.04238258877434142,-0.00018229070440576957,
balanced_extra_wide_capacity,w08,2026-03-18,2026-03-19,2026-03-25,002984,0.002150537634408602,0.7996743486973948,-0.0749868904037756,-0.00016126212990059269,
balanced_medium_current,w08,2026-03-18,2026-03-19,2026-03-25,688281,0.016666666666666666,0.9752004008016033,-0.08866567460317465,-0.001477761243386244,
balanced_medium_current,w08,2026-03-18,2026-03-19,2026-03-25,600392,0.016666666666666666,0.9738977955911823,-0.06625258799171829,-0.0011042097998619715,
balanced_medium_current,w08,2026-03-18,2026-03-19,2026-03-25,300567,0.016666666666666666,0.9126753507014027,-0.02024446142093206,-0.00033740769034886766,
balanced_medium_current,w08,2026-03-18,2026-03-19,2026-03-25,601611,0.016666666666666666,0.9113727454909819,-0.07377557346559205,-0.0012295928910932008,
balanced_medium_current,w08,2026-03-18,2026-03-19,2026-03-25,688220,0.016666666666666666,0.9100701402805611,-0.1120947630922694,-0.0018682460515378233,
balanced_medium_current,w08,2026-03-18,2026-03-19,2026-03-25,688568,0.016666666666666666,0.902254509018036,-0.09293680297397766,-0.001548946716232961,
balanced_medium_current,w08,2026-03-18,2026-03-19,2026-03-25,003031,0.016666666666666666,0.9009519038076153,0.04166666666666674,0.0006944444444444457,
balanced_medium_current,w08,2026-03-18,2026-03-19,2026-03-25,300136,0.016666666666666666,0.8996492985971944,-0.0575268005435603,-0.0009587800090593382,
balanced_medium_current,w08,2026-03-18,2026-03-19,2026-03-25,002281,0.016666666666666666,0.894438877755511,0.03409090909090917,0.0005681818181818196,
balanced_medium_current,w08,2026-03-18,2026-03-19,2026-03-25,002335,0.016666666666666666,0.8931362725450902,-0.08060150375939845,-0.0013433583959899741,
balanced_medium_current,w08,2026-03-18,2026-03-19,2026-03-25,688385,0.016666666666666666,0.8892284569138276,-0.10890322580645162,-0.0018150537634408603,
balanced_medium_current,w08,2026-03-18,2026-03-19,2026-03-25,600879,0.016666666666666666,0.8879258517034068,-0.06509392747924869,-0.0010848987913208116,
balanced_medium_current,w08,2026-03-18,2026-03-19,2026-03-25,300604,0.016666666666666666,0.8853206412825652,-0.03505635445005839,-0.0005842725741676398,
balanced_medium_current,w08,2026-03-18,2026-03-19,2026-03-25,603225,0.016666666666666666,0.8814128256513025,-0.0227936879018118,-0.00037989479836353,
balanced_medium_current,w08,2026-03-18,2026-03-19,2026-03-25,300570,0.016666666666666666,0.8670841683366735,0.014553191489361739,0.0002425531914893623,
balanced_medium_current,w08,2026-03-18,2026-03-19,2026-03-25,300627,0.016666666666666666,0.86187374749499,-0.06240970817682745,-0.001040161802947124,
balanced_medium_current,w08,2026-03-18,2026-03-19,2026-03-25,688347,0.016666666666666666,0.8462424849699399,-0.08432601880877733,-0.0014054336468129554,
balanced_medium_current,w08,2026-03-18,2026-03-19,2026-03-25,600363,0.016666666666666666,0.8332164328657314,-0.07642276422764238,-0.001273712737127373,
balanced_medium_current,w08,2026-03-18,2026-03-19,2026-03-25,688525,0.016666666666666666,0.8218436873747494,-0.018365686388469027,-0.00030609477314115047,
balanced_medium_current,w08,2026-03-18,2026-03-19,2026-03-25,688709,0.016666666666666666,0.8201903807615231,-0.07981320314158347,-0.0013302200523597244,
balanced_medium_current,w08,2026-03-18,2026-03-19,2026-03-25,601555,0.016666666666666666,0.8153306613226452,-0.06057007125890734,-0.0010095011876484557,
balanced_medium_current,w08,2026-03-18,2026-03-19,2026-03-25,300724,0.016666666666666666,0.8123747494989979,0.06500460135530828,0.0010834100225884714,
balanced_medium_current,w08,2026-03-18,2026-03-19,2026-03-25,000537,0.016666666666666666,0.810120240480962,0.07484769364664912,0.0012474615607774853,
balanced_medium_current,w08,2026-03-18,2026-03-19,2026-03-25,000539,0.016666666666666666,0.7931863727454909,0.32976827094474137,0.005496137849079023,
balanced_medium_current,w08,2026-03-18,2026-03-19,2026-03-25,300142,0.016666666666666666,0.7918837675350701,-0.035016286644951156,-0.0005836047774158526,
balanced_medium_current,w08,2026-03-18,2026-03-19,2026-03-25,600141,0.016666666666666666,0.7879759519038076,-0.04870317002881863,-0.0008117195004803105,
balanced_medium_current,w08,2026-03-18,2026-03-19,2026-03-25,603077,0.016666666666666666,0.7866733466933868,-0.05033557046979864,-0.000838926174496644,
balanced_medium_current,w08,2026-03-18,2026-03-19,2026-03-25,002608,0.016666666666666666,0.785370741482966,0.037125748502994105,0.0006187624750499018,
balanced_medium_current,w08,2026-03-18,2026-03-19,2026-03-25,688676,0.016666666666666666,0.7801603206412826,-0.05052408432457889,-0.0008420680720763148,
balanced_medium_current,w08,2026-03-18,2026-03-19,2026-03-25,688002,0.016666666666666666,0.9139779559118237,-0.030636899584420618,-0.000510614993073677,
balanced_medium_current,w08,2026-03-18,2026-03-19,2026-03-25,002465,0.016666666666666666,0.9152805611222445,-0.07507886435331224,-0.0012513144058885373,
balanced_medium_current,w08,2026-03-18,2026-03-19,2026-03-25,002436,0.016666666666666666,0.9165831663326653,-0.09051724137931028,-0.0015086206896551713,
balanced_medium_current,w08,2026-03-18,2026-03-19,2026-03-25,600497,0.016666666666666666,0.953056112224449,-0.108744394618834,-0.0018124065769805668,
balanced_medium_current,w08,2026-03-18,2026-03-19,2026-03-25,688122,0.016666666666666666,0.9725951903807615,-0.03542087542087535,-0.0005903479236812559,
balanced_medium_current,w08,2026-03-18,2026-03-19,2026-03-25,000426,0.016666666666666666,0.9712925851703407,-0.08998186763372618,-0.0014996977938954363,
balanced_medium_current,w08,2026-03-18,2026-03-19,2026-03-25,000960,0.016666666666666666,0.9686873747494991,-0.08535540964887245,-0.0014225901608145408,
balanced_medium_current,w08,2026-03-18,2026-03-19,2026-03-25,300285,0.016666666666666666,0.9673847695390783,-0.12654745529573597,-0.0021091242549289325,
balanced_medium_current,w08,2026-03-18,2026-03-19,2026-03-25,601168,0.016666666666666666,0.9660821643286572,-0.04066811909949153,-0.0006778019849915254,
balanced_medium_current,w08,2026-03-18,2026-03-19,2026-03-25,300058,0.016666666666666666,0.9634769539078156,-0.06912144702842382,-0.001152024117140397,
balanced_medium_current,w08,2026-03-18,2026-03-19,2026-03-25,000878,0.016666666666666666,0.9621743486973948,-0.09033203125000011,-0.0015055338541666685,
balanced_medium_current,w08,2026-03-18,2026-03-19,2026-03-25,002738,0.016666666666666666,0.960871743486974,-0.12083105522143256,-0.0020138509203572095,
balanced_medium_current,w08,2026-03-18,2026-03-19,2026-03-25,601958,0.016666666666666666,0.9582665330661322,-0.10526315789473684,-0.0017543859649122805,
balanced_medium_current,w08,2026-03-18,2026-03-19,2026-03-25,300757,0.016666666666666666,0.9569639278557114,0.03467520326354867,0.0005779200543924778,
balanced_medium_current,w08,2026-03-18,2026-03-19,2026-03-25,000060,0.016666666666666666,0.9556613226452906,-0.0781954887218046,-0.00130325814536341,
balanced_medium_current,w08,2026-03-18,2026-03-19,2026-03-25,688375,0.016666666666666666,0.9543587174348698,-0.0570843352034911,-0.0009514055867248516,
balanced_medium_current,w08,2026-03-18,2026-03-19,2026-03-25,603920,0.016666666666666666,0.9517535070140279,-0.05089105272827488,-0.0008481842121379146,
balanced_medium_current,w08,2026-03-18,2026-03-19,2026-03-25,688027,0.016666666666666666,0.9178857715430861,-0.061556841046277566,-0.0010259473507712928,
balanced_medium_current,w08,2026-03-18,2026-03-19,2026-03-25,000831,0.016666666666666666,0.9504509018036071,-0.049037125272979876,-0.0008172854212163313,
balanced_medium_current,w08,2026-03-18,2026-03-19,2026-03-25,688608,0.016666666666666666,0.9491482965931863,-0.07544159544159545,-0.001257359924026591,
balanced_medium_current,w08,2026-03-18,2026-03-19,2026-03-25,601212,0.016666666666666666,0.9452404809619239,-0.07832009080590252,-0.001305334846765042,
balanced_medium_current,w08,2026-03-18,2026-03-19,2026-03-25,601399,0.016666666666666666,0.9439378757515029,-0.032119914346895206,-0.0005353319057815868,
balanced_medium_current,w08,2026-03-18,2026-03-19,2026-03-25,300748,0.016666666666666666,0.9387274549098197,-0.060919890344197425,-0.0010153315057366238,
balanced_medium_current,w08,2026-03-18,2026-03-19,2026-03-25,002025,0.016666666666666666,0.9374248496993989,0.08142239946826191,0.0013570399911376984,
balanced_medium_current,w08,2026-03-18,2026-03-19,2026-03-25,300223,0.016666666666666666,0.9361222444889781,-0.12409094388731523,-0.0020681823981219204,
balanced_medium_current,w08,2026-03-18,2026-03-19,2026-03-25,301611,0.016666666666666666,0.9309118236472946,-0.07234560959610159,-0.0012057601599350265,
balanced_medium_current,w08,2026-03-18,2026-03-19,2026-03-25,002080,0.016666666666666666,0.9296092184368738,-0.0640763462849353,-0.0010679391047489217,
balanced_medium_current,w08,2026-03-18,2026-03-19,2026-03-25,002851,0.016666666666666666,0.928306613226453,-0.06255682851427535,-0.001042613808571256,
balanced_medium_current,w08,2026-03-18,2026-03-19,2026-03-25,603688,0.016666666666666666,0.9230961923847696,-0.05461724062294371,-0.0009102873437157285,
balanced_medium_current,w08,2026-03-18,2026-03-19,2026-03-25,601106,0.016666666666666666,0.9217935871743488,-0.05458515283842791,-0.0009097525473071318,
balanced_medium_current,w08,2026-03-18,2026-03-19,2026-03-25,000021,0.016666666666666666,0.7788577154308618,-0.12488849241748445,-0.002081474873624741,
economic_medium_capacity,w08,2026-03-18,2026-03-19,2026-03-25,688525,0.05000000000000002,0.9965430861723447,-0.018365686388469027,-0.0009182843194234517,
economic_medium_capacity,w08,2026-03-18,2026-03-19,2026-03-25,300383,0.05000000000000002,0.9577905811623246,0.06920821114369491,0.0034604105571847464,
economic_medium_capacity,w08,2026-03-18,2026-03-19,2026-03-25,688385,0.05000000000000002,0.9577905811623246,-0.10890322580645162,-0.005445161290322582,
economic_medium_capacity,w08,2026-03-18,2026-03-19,2026-03-25,601611,0.05000000000000002,0.8706663326653308,-0.07377557346559205,-0.0036887786732796037,
economic_medium_capacity,w08,2026-03-18,2026-03-19,2026-03-25,000415,0.05000000000000002,0.8672595190380762,-0.017897091722595126,-0.0008948545861297566,
economic_medium_capacity,w08,2026-03-18,2026-03-19,2026-03-25,600685,0.05000000000000002,0.8672595190380762,-0.06129433727442435,-0.0030647168637212186,
economic_medium_capacity,w08,2026-03-18,2026-03-19,2026-03-25,601061,0.05000000000000002,0.8638527054108217,-0.0582750582750583,-0.002913752913752916,
economic_medium_capacity,w08,2026-03-18,2026-03-19,2026-03-25,688122,0.05000000000000002,0.8638527054108217,-0.03542087542087535,-0.0017710437710437683,
economic_medium_capacity,w08,2026-03-18,2026-03-19,2026-03-25,000021,0.05000000000000002,0.8327655310621243,-0.12488849241748445,-0.006244424620874225,
economic_medium_capacity,w08,2026-03-18,2026-03-19,2026-03-25,000060,0.05000000000000002,0.8327655310621243,-0.0781954887218046,-0.003909774436090231,
economic_medium_capacity,w08,2026-03-18,2026-03-19,2026-03-25,000426,0.047619047619047644,0.8327655310621243,-0.08998186763372618,-0.004284850839701248,
economic_medium_capacity,w08,2026-03-18,2026-03-19,2026-03-25,000629,0.04523809523809524,0.8327655310621243,-0.07397260273972606,-0.003346379647749512,
economic_medium_capacity,w08,2026-03-18,2026-03-19,2026-03-25,000878,0.04285714285714283,0.8327655310621243,-0.09033203125000011,-0.003871372767857145,
economic_medium_capacity,w08,2026-03-18,2026-03-19,2026-03-25,000960,0.04047619047619047,0.8327655310621243,-0.08535540964887245,-0.003454861819121027,
economic_medium_capacity,w08,2026-03-18,2026-03-19,2026-03-25,002008,0.038095238095238106,0.8327655310621243,-0.01903884538615075,-0.0007252893480438383,
economic_medium_capacity,w08,2026-03-18,2026-03-19,2026-03-25,002025,0.03571428571428571,0.8327655310621243,0.08142239946826191,0.002907942838152211,
economic_medium_capacity,w08,2026-03-18,2026-03-19,2026-03-25,002044,0.03333333333333334,0.8327655310621243,-0.0512396694214875,-0.0017079889807162503,
economic_medium_capacity,w08,2026-03-18,2026-03-19,2026-03-25,002080,0.03095238095238096,0.8327655310621243,-0.0640763462849353,-0.001983315480247998,
economic_medium_capacity,w08,2026-03-18,2026-03-19,2026-03-25,002156,0.028571428571428574,0.8327655310621243,-0.08185654008438814,-0.002338758288125376,
economic_medium_capacity,w08,2026-03-18,2026-03-19,2026-03-25,002185,0.026190476190476195,0.8327655310621243,-0.09117013639626703,-0.002387789286568899,
economic_medium_capacity,w08,2026-03-18,2026-03-19,2026-03-25,002195,0.023809523809523822,0.8327655310621243,-0.0844930417495029,-0.0020117390892738793,
economic_medium_capacity,w08,2026-03-18,2026-03-19,2026-03-25,002202,0.021428571428571415,0.8327655310621243,-0.08677419354838711,-0.0018594470046082942,
economic_medium_capacity,w08,2026-03-18,2026-03-19,2026-03-25,002281,0.019047619047619053,0.8327655310621243,0.03409090909090917,0.0006493506493506511,
economic_medium_capacity,w08,2026-03-18,2026-03-19,2026-03-25,002335,0.01666666666666667,0.8327655310621243,-0.08060150375939845,-0.0013433583959899745,
economic_medium_capacity,w08,2026-03-18,2026-03-19,2026-03-25,002353,0.014285714285714287,0.8327655310621243,-0.024221789883268396,-0.00034602556976097714,
economic_medium_capacity,w08,2026-03-18,2026-03-19,2026-03-25,002409,0.011904761904761911,0.8327655310621243,-0.09138840070298782,-0.001087957151226046,
economic_medium_capacity,w08,2026-03-18,2026-03-19,2026-03-25,002429,0.009523809523809526,0.8327655310621243,-0.06755470980019018,-0.00064337818857324,
economic_medium_capacity,w08,2026-03-18,2026-03-19,2026-03-25,002436,0.0071428571428571435,0.8327655310621243,-0.09051724137931028,-0.0006465517241379306,
economic_medium_capacity,w08,2026-03-18,2026-03-19,2026-03-25,002465,0.004761904761904763,0.8327655310621243,-0.07507886435331224,-0.0003575184016824393,
economic_medium_capacity,w08,2026-03-18,2026-03-19,2026-03-25,002738,0.0023809523809523816,0.8327655310621243,-0.12083105522143256,-0.00028769298862245857,
recent_compact_capacity,w08,2026-03-18,2026-03-19,2026-03-25,002624,0.045,0.6346192384769539,-0.054308093994777984,-0.002443864229765009,
recent_compact_capacity,w08,2026-03-18,2026-03-19,2026-03-25,688385,0.045,0.634569138276553,-0.10890322580645162,-0.004900645161290323,
recent_compact_capacity,w08,2026-03-18,2026-03-19,2026-03-25,603000,0.045,0.6345190380761523,-0.031083050024283687,-0.0013987372510927659,
recent_compact_capacity,w08,2026-03-18,2026-03-19,2026-03-25,300383,0.045,0.6344689378757514,0.06920821114369491,0.003114369501466271,
recent_compact_capacity,w08,2026-03-18,2026-03-19,2026-03-25,301308,0.045,0.6344188376753507,-0.05883662677428325,-0.0026476482048427463,
recent_compact_capacity,w08,2026-03-18,2026-03-19,2026-03-25,300058,0.045,0.6343687374749498,-0.06912144702842382,-0.0031104651162790716,
recent_compact_capacity,w08,2026-03-18,2026-03-19,2026-03-25,688166,0.045,0.6343186372745491,-0.11139240506329107,-0.005012658227848098,
recent_compact_capacity,w08,2026-03-18,2026-03-19,2026-03-25,300857,0.045,0.6342184368737475,-0.10840409491310221,-0.004878184271089599,
recent_compact_capacity,w08,2026-03-18,2026-03-19,2026-03-25,600959,0.045,0.6341683366733467,-0.015151515151515138,-0.0006818181818181812,
recent_compact_capacity,w08,2026-03-18,2026-03-19,2026-03-25,600602,0.045,0.6341182364729459,-0.014153029632905767,-0.0006368863334807595,
recent_compact_capacity,w08,2026-03-18,2026-03-19,2026-03-25,002517,0.045,0.6340681362725451,-0.05943152454780376,-0.002674418604651169,
recent_compact_capacity,w08,2026-03-18,2026-03-19,2026-03-25,002025,0.045,0.6340180360721442,0.08142239946826191,0.003664007976071786,
recent_compact_capacity,w08,2026-03-18,2026-03-19,2026-03-25,600563,0.045,0.6339679358717435,0.09881899252832027,0.004446854663774412,
recent_compact_capacity,w08,2026-03-18,2026-03-19,2026-03-25,300017,0.045,0.6339178356713426,-0.017334777898158182,-0.0007800650054171182,
recent_compact_capacity,w08,2026-03-18,2026-03-19,2026-03-25,000426,0.04352941176470591,0.6338677354709419,-0.08998186763372618,-0.0039168577675857295,
recent_compact_capacity,w08,2026-03-18,2026-03-19,2026-03-25,002558,0.040808823529411745,0.633817635270541,-0.06456241032998566,-0.0026347160097898547,
recent_compact_capacity,w08,2026-03-18,2026-03-19,2026-03-25,600871,0.038088235294117645,0.6337675350701403,-0.05144694533762051,-0.0019595233591828986,
recent_compact_capacity,w08,2026-03-18,2026-03-19,2026-03-25,300677,0.03536764705882354,0.6337174348697394,-0.061764705882352944,-0.002184472318339101,
recent_compact_capacity,w08,2026-03-18,2026-03-19,2026-03-25,001389,0.032647058823529425,0.6336673346693387,-0.11037767379679153,-0.0036035064092481955,
recent_compact_capacity,w08,2026-03-18,2026-03-19,2026-03-25,603786,0.029926470588235287,0.6336172344689378,-0.054820744865993754,-0.0016405914088573126,
recent_compact_capacity,w08,2026-03-18,2026-03-19,2026-03-25,002202,0.027205882352941184,0.6335671342685371,-0.08677419354838711,-0.0023607685009487678,
recent_compact_capacity,w08,2026-03-18,2026-03-19,2026-03-25,601016,0.02448529411764706,0.6335170340681362,0.2272727272727273,0.005564839572192514,
recent_compact_capacity,w08,2026-03-18,2026-03-19,2026-03-25,002429,0.021764705882352953,0.6334669338677354,-0.06755470980019018,-0.001470308389768846,
recent_compact_capacity,w08,2026-03-18,2026-03-19,2026-03-25,688281,0.019044117647058822,0.6333917835671342,-0.08866567460317465,-0.0016885595383986935,
recent_compact_capacity,w08,2026-03-18,2026-03-19,2026-03-25,688615,0.016323529411764712,0.6333917835671342,-0.0833420693993081,-0.0013604367210769417,
recent_compact_capacity,w08,2026-03-18,2026-03-19,2026-03-25,601231,0.013602941176470592,0.633316633266533,-0.0690121786197565,-0.0009387686062246292,
recent_compact_capacity,w08,2026-03-18,2026-03-19,2026-03-25,603979,0.010882352941176477,0.6332164328657315,0.019204152249134854,0.00020898636271117352,
recent_compact_capacity,w08,2026-03-18,2026-03-19,2026-03-25,002465,0.008161764705882356,0.6331663326653306,-0.07507886435331224,-0.0006127760252365928,
recent_compact_capacity,w08,2026-03-18,2026-03-19,2026-03-25,603179,0.005441176470588238,0.6331162324649299,-0.08346063046799057,-0.00045412401872289013,
recent_compact_capacity,w08,2026-03-18,2026-03-19,2026-03-25,000539,0.002720588235294119,0.633066132264529,0.32976827094474137,0.0008971636783055469,
recent_compact_current,w08,2026-03-18,2026-03-19,2026-03-25,688385,0.06451612903225806,0.9927354709418837,-0.10890322580645162,-0.007026014568158169,
recent_compact_current,w08,2026-03-18,2026-03-19,2026-03-25,600602,0.06236559139784946,0.9862725450901804,-0.014153029632905767,-0.0008826620631274564,
recent_compact_current,w08,2026-03-18,2026-03-19,2026-03-25,001389,0.060215053763440864,0.97875751503006,-0.11037767379679153,-0.00664639756195734,
recent_compact_current,w08,2026-03-18,2026-03-19,2026-03-25,300058,0.05806451612903226,0.968186372745491,-0.06912144702842382,-0.004013503375843964,
recent_compact_current,w08,2026-03-18,2026-03-19,2026-03-25,000426,0.05591397849462366,0.9678356713426852,-0.08998186763372618,-0.005031244211778238,
recent_compact_current,w08,2026-03-18,2026-03-19,2026-03-25,688281,0.053763440860215055,0.9671092184368737,-0.08866567460317465,-0.004766971752858853,
recent_compact_current,w08,2026-03-18,2026-03-19,2026-03-25,002465,0.05161290322580645,0.9586172344689379,-0.07507886435331224,-0.003875038160170954,
recent_compact_current,w08,2026-03-18,2026-03-19,2026-03-25,601016,0.04946236559139785,0.9579158316633267,0.2272727272727273,0.011241446725317693,
recent_compact_current,w08,2026-03-18,2026-03-19,2026-03-25,300390,0.047311827956989246,0.9513026052104208,0.10228401191658398,0.004839243574548059,
recent_compact_current,w08,2026-03-18,2026-03-19,2026-03-25,000539,0.04516129032258064,0.949448897795591,0.32976827094474137,0.014892760623310899,
recent_compact_current,w08,2026-03-18,2026-03-19,2026-03-25,000960,0.043010752688172046,0.9449899799599197,-0.08535540964887245,-0.003671200415005267,
recent_compact_current,w08,2026-03-18,2026-03-19,2026-03-25,603979,0.04086021505376344,0.9439879759519039,0.019204152249134854,0.000784685790824865,
recent_compact_current,w08,2026-03-18,2026-03-19,2026-03-25,002064,0.03870967741935484,0.937625250501002,-0.04789272030651337,-0.0018539117538005176,
recent_compact_current,w08,2026-03-18,2026-03-19,2026-03-25,003035,0.03655913978494624,0.9355210420841683,0.10011778563015317,0.0036602201198120514,
recent_compact_current,w08,2026-03-18,2026-03-19,2026-03-25,603786,0.034408602150537634,0.9346693386773547,-0.054820744865993754,-0.0018863051996901076,
recent_compact_current,w08,2026-03-18,2026-03-19,2026-03-25,300383,0.03225806451612903,0.9329659318637274,0.06920821114369491,0.0022325229401191906,
recent_compact_current,w08,2026-03-18,2026-03-19,2026-03-25,688676,0.030107526881720432,0.927630260521042,-0.05052408432457889,-0.0015211552269765688,
recent_compact_current,w08,2026-03-18,2026-03-19,2026-03-25,603688,0.02795698924731183,0.9218436873747495,-0.05461724062294371,-0.00152693360881348,
recent_compact_current,w08,2026-03-18,2026-03-19,2026-03-25,002025,0.025806451612903226,0.920190380761523,0.08142239946826191,0.002101223212084178,
recent_compact_current,w08,2026-03-18,2026-03-19,2026-03-25,688361,0.023655913978494623,0.913627254509018,-0.030065038655049614,-0.0007112159681839694,
recent_compact_current,w08,2026-03-18,2026-03-19,2026-03-25,300763,0.021505376344086023,0.9123246492985972,0.1537292257802998,0.0033060048554903183,
recent_compact_current,w08,2026-03-18,2026-03-19,2026-03-25,002281,0.01935483870967742,0.9081663326653306,0.03409090909090917,0.0006598240469208227,
recent_compact_current,w08,2026-03-18,2026-03-19,2026-03-25,002738,0.017204301075268817,0.907314629258517,-0.12083105522143256,-0.002078813853271958,
recent_compact_current,w08,2026-03-18,2026-03-19,2026-03-25,000559,0.015053763440860216,0.9031062124248497,-0.05853952926976469,-0.0008812402255663503,
recent_compact_current,w08,2026-03-18,2026-03-19,2026-03-25,000878,0.012903225806451613,0.9031062124248497,-0.09033203125000011,-0.001165574596774195,
recent_compact_current,w08,2026-03-18,2026-03-19,2026-03-25,603920,0.010752688172043012,0.9031062124248497,-0.05089105272827488,-0.0005472156207341386,
recent_compact_current,w08,2026-03-18,2026-03-19,2026-03-25,601168,0.008602150537634409,0.8978456913827655,-0.04066811909949153,-0.0003498332825762712,
recent_compact_current,w08,2026-03-18,2026-03-19,2026-03-25,002429,0.0064516129032258064,0.8941382765531062,-0.06755470980019018,-0.0004358368374205818,
recent_compact_current,w08,2026-03-18,2026-03-19,2026-03-25,300285,0.004301075268817204,0.8894288577154309,-0.12654745529573597,-0.0005442901303042407,
recent_compact_current,w08,2026-03-18,2026-03-19,2026-03-25,600096,0.002150537634408602,0.8894288577154309,-0.10795454545454541,-0.00023216031280547401,
short_aggressive_compact_capacity,w08,2026-03-18,2026-03-19,2026-03-25,002025,0.06451612903225806,0.9927855711422845,0.08142239946826191,0.005253058030210446,
short_aggressive_compact_capacity,w08,2026-03-18,2026-03-19,2026-03-25,301308,0.06236559139784946,0.9761523046092184,-0.05883662677428325,-0.003669381024632719,
short_aggressive_compact_capacity,w08,2026-03-18,2026-03-19,2026-03-25,002008,0.060215053763440864,0.9754509018036072,-0.01903884538615075,-0.0011464250985209054,
short_aggressive_compact_capacity,w08,2026-03-18,2026-03-19,2026-03-25,002281,0.05806451612903226,0.9731462925851704,0.03409090909090917,0.001979472140762468,
short_aggressive_compact_capacity,w08,2026-03-18,2026-03-19,2026-03-25,600392,0.05591397849462366,0.9539078156312625,-0.06625258799171829,-0.0037044457801820984,
short_aggressive_compact_capacity,w08,2026-03-18,2026-03-19,2026-03-25,002335,0.053763440860215055,0.9506012024048096,-0.08060150375939845,-0.00433341418061282,
short_aggressive_compact_capacity,w08,2026-03-18,2026-03-19,2026-03-25,000960,0.05161290322580645,0.9472945891783566,-0.08535540964887245,-0.00440544049800632,
short_aggressive_compact_capacity,w08,2026-03-18,2026-03-19,2026-03-25,603979,0.04946236559139785,0.944689378757515,0.019204152249134854,0.0009498827994195734,
short_aggressive_compact_capacity,w08,2026-03-18,2026-03-19,2026-03-25,000426,0.047311827956989246,0.9430861723446893,-0.08998186763372618,-0.004257206640735432,
short_aggressive_compact_capacity,w08,2026-03-18,2026-03-19,2026-03-25,603688,0.04516129032258064,0.9390781563126253,-0.05461724062294371,-0.002466585060391006,
short_aggressive_compact_capacity,w08,2026-03-18,2026-03-19,2026-03-25,000878,0.043010752688172046,0.9378757515030061,-0.09033203125000011,-0.0038852486559139837,
short_aggressive_compact_capacity,w08,2026-03-18,2026-03-19,2026-03-25,002738,0.04086021505376344,0.9378757515030061,-0.12083105522143256,-0.0049371829015209005,
short_aggressive_compact_capacity,w08,2026-03-18,2026-03-19,2026-03-25,603077,0.03870967741935484,0.9364729458917835,-0.05033557046979864,-0.0019484736956051087,
short_aggressive_compact_capacity,w08,2026-03-18,2026-03-19,2026-03-25,002851,0.03655913978494624,0.9351703406813627,-0.06255682851427535,-0.0022870238381563035,
short_aggressive_compact_capacity,w08,2026-03-18,2026-03-19,2026-03-25,300604,0.034408602150537634,0.9291583166332665,-0.03505635445005839,-0.0012062401531202887,
short_aggressive_compact_capacity,w08,2026-03-18,2026-03-19,2026-03-25,300724,0.03225806451612903,0.9291583166332665,0.06500460135530828,0.002096922624364783,
short_aggressive_compact_capacity,w08,2026-03-18,2026-03-19,2026-03-25,601106,0.030107526881720432,0.9291583166332665,-0.05458515283842791,-0.0016434239564257866,
short_aggressive_compact_capacity,w08,2026-03-18,2026-03-19,2026-03-25,601399,0.02795698924731183,0.9291583166332665,-0.032119914346895206,-0.0008979761000207263,
short_aggressive_compact_capacity,w08,2026-03-18,2026-03-19,2026-03-25,688027,0.025806451612903226,0.9291583166332665,-0.061556841046277566,-0.0015885636399039372,
short_aggressive_compact_capacity,w08,2026-03-18,2026-03-19,2026-03-25,600435,0.023655913978494623,0.925250501002004,-0.05152671755725191,-0.0012189115981285398,
short_aggressive_compact_capacity,w08,2026-03-18,2026-03-19,2026-03-25,601611,0.021505376344086023,0.9246492985971944,-0.07377557346559205,-0.0015865714723783237,
short_aggressive_compact_capacity,w08,2026-03-18,2026-03-19,2026-03-25,002429,0.01935483870967742,0.9234468937875752,-0.06755470980019018,-0.0013075105122617456,
short_aggressive_compact_capacity,w08,2026-03-18,2026-03-19,2026-03-25,002831,0.017204301075268817,0.9227454909819639,-0.11764705882352933,-0.0020240354206198592,
short_aggressive_compact_capacity,w08,2026-03-18,2026-03-19,2026-03-25,002044,0.015053763440860216,0.9210420841683367,-0.0512396694214875,-0.0007713498622589517,
short_aggressive_compact_capacity,w08,2026-03-18,2026-03-19,2026-03-25,300285,0.012903225806451613,0.9208416833667333,-0.12654745529573597,-0.0016328703909127221,
short_aggressive_compact_capacity,w08,2026-03-18,2026-03-19,2026-03-25,688709,0.010752688172043012,0.9165330661322646,-0.07981320314158347,-0.0008582064853933707,
short_aggressive_compact_capacity,w08,2026-03-18,2026-03-19,2026-03-25,000060,0.008602150537634409,0.912625250501002,-0.0781954887218046,-0.0006726493653488567,
short_aggressive_compact_capacity,w08,2026-03-18,2026-03-19,2026-03-25,300567,0.0064516129032258064,0.9114228456913828,-0.02024446142093206,-0.0001306094285221423,
short_aggressive_compact_capacity,w08,2026-03-18,2026-03-19,2026-03-25,002353,0.004301075268817204,0.9066132264529059,-0.024221789883268396,-0.00010417974143341246,
short_aggressive_compact_capacity,w08,2026-03-18,2026-03-19,2026-03-25,601958,0.002150537634408602,0.9066132264529059,-0.10526315789473684,-0.00022637238256932653,
short_aggressive_medium_capacity,w08,2026-03-18,2026-03-19,2026-03-25,002025,0.06451612903225806,0.9927855711422845,0.08142239946826191,0.005253058030210446,
short_aggressive_medium_capacity,w08,2026-03-18,2026-03-19,2026-03-25,301308,0.06236559139784946,0.9761523046092184,-0.05883662677428325,-0.003669381024632719,
short_aggressive_medium_capacity,w08,2026-03-18,2026-03-19,2026-03-25,002008,0.060215053763440864,0.9754509018036072,-0.01903884538615075,-0.0011464250985209054,
short_aggressive_medium_capacity,w08,2026-03-18,2026-03-19,2026-03-25,002281,0.05806451612903226,0.9731462925851704,0.03409090909090917,0.001979472140762468,
short_aggressive_medium_capacity,w08,2026-03-18,2026-03-19,2026-03-25,600392,0.05591397849462366,0.9539078156312625,-0.06625258799171829,-0.0037044457801820984,
short_aggressive_medium_capacity,w08,2026-03-18,2026-03-19,2026-03-25,002335,0.053763440860215055,0.9506012024048096,-0.08060150375939845,-0.00433341418061282,
short_aggressive_medium_capacity,w08,2026-03-18,2026-03-19,2026-03-25,000960,0.05161290322580645,0.9472945891783566,-0.08535540964887245,-0.00440544049800632,
short_aggressive_medium_capacity,w08,2026-03-18,2026-03-19,2026-03-25,603979,0.04946236559139785,0.944689378757515,0.019204152249134854,0.0009498827994195734,
short_aggressive_medium_capacity,w08,2026-03-18,2026-03-19,2026-03-25,000426,0.047311827956989246,0.9430861723446893,-0.08998186763372618,-0.004257206640735432,
short_aggressive_medium_capacity,w08,2026-03-18,2026-03-19,2026-03-25,603688,0.04516129032258064,0.9390781563126253,-0.05461724062294371,-0.002466585060391006,
short_aggressive_medium_capacity,w08,2026-03-18,2026-03-19,2026-03-25,000878,0.043010752688172046,0.9378757515030061,-0.09033203125000011,-0.0038852486559139837,
short_aggressive_medium_capacity,w08,2026-03-18,2026-03-19,2026-03-25,002738,0.04086021505376344,0.9378757515030061,-0.12083105522143256,-0.0049371829015209005,
short_aggressive_medium_capacity,w08,2026-03-18,2026-03-19,2026-03-25,603077,0.03870967741935484,0.9364729458917835,-0.05033557046979864,-0.0019484736956051087,
short_aggressive_medium_capacity,w08,2026-03-18,2026-03-19,2026-03-25,002851,0.03655913978494624,0.9351703406813627,-0.06255682851427535,-0.0022870238381563035,
short_aggressive_medium_capacity,w08,2026-03-18,2026-03-19,2026-03-25,300604,0.034408602150537634,0.9291583166332665,-0.03505635445005839,-0.0012062401531202887,
short_aggressive_medium_capacity,w08,2026-03-18,2026-03-19,2026-03-25,300724,0.03225806451612903,0.9291583166332665,0.06500460135530828,0.002096922624364783,
short_aggressive_medium_capacity,w08,2026-03-18,2026-03-19,2026-03-25,601106,0.030107526881720432,0.9291583166332665,-0.05458515283842791,-0.0016434239564257866,
short_aggressive_medium_capacity,w08,2026-03-18,2026-03-19,2026-03-25,601399,0.02795698924731183,0.9291583166332665,-0.032119914346895206,-0.0008979761000207263,
short_aggressive_medium_capacity,w08,2026-03-18,2026-03-19,2026-03-25,688027,0.025806451612903226,0.9291583166332665,-0.061556841046277566,-0.0015885636399039372,
short_aggressive_medium_capacity,w08,2026-03-18,2026-03-19,2026-03-25,600435,0.023655913978494623,0.925250501002004,-0.05152671755725191,-0.0012189115981285398,
short_aggressive_medium_capacity,w08,2026-03-18,2026-03-19,2026-03-25,601611,0.021505376344086023,0.9246492985971944,-0.07377557346559205,-0.0015865714723783237,
short_aggressive_medium_capacity,w08,2026-03-18,2026-03-19,2026-03-25,002429,0.01935483870967742,0.9234468937875752,-0.06755470980019018,-0.0013075105122617456,
short_aggressive_medium_capacity,w08,2026-03-18,2026-03-19,2026-03-25,002831,0.017204301075268817,0.9227454909819639,-0.11764705882352933,-0.0020240354206198592,
short_aggressive_medium_capacity,w08,2026-03-18,2026-03-19,2026-03-25,002044,0.015053763440860216,0.9210420841683367,-0.0512396694214875,-0.0007713498622589517,
short_aggressive_medium_capacity,w08,2026-03-18,2026-03-19,2026-03-25,300285,0.012903225806451613,0.9208416833667333,-0.12654745529573597,-0.0016328703909127221,
short_aggressive_medium_capacity,w08,2026-03-18,2026-03-19,2026-03-25,688709,0.010752688172043012,0.9165330661322646,-0.07981320314158347,-0.0008582064853933707,
short_aggressive_medium_capacity,w08,2026-03-18,2026-03-19,2026-03-25,000060,0.008602150537634409,0.912625250501002,-0.0781954887218046,-0.0006726493653488567,
short_aggressive_medium_capacity,w08,2026-03-18,2026-03-19,2026-03-25,300567,0.0064516129032258064,0.9114228456913828,-0.02024446142093206,-0.0001306094285221423,
short_aggressive_medium_capacity,w08,2026-03-18,2026-03-19,2026-03-25,002353,0.004301075268817204,0.9066132264529059,-0.024221789883268396,-0.00010417974143341246,
short_aggressive_medium_capacity,w08,2026-03-18,2026-03-19,2026-03-25,601958,0.002150537634408602,0.9066132264529059,-0.10526315789473684,-0.00022637238256932653,
short_aggressive_wide_capacity,w08,2026-03-18,2026-03-19,2026-03-25,688772,0.055,0.8308867735470942,-0.009196811771919,-0.000505824647455545,
short_aggressive_wide_capacity,w08,2026-03-18,2026-03-19,2026-03-25,000034,0.055,0.8236723446893788,-0.061904761904761796,-0.0034047619047618987,
short_aggressive_wide_capacity,w08,2026-03-18,2026-03-19,2026-03-25,002430,0.055,0.8207414829659319,-0.02497361941610976,-0.0013735490678860368,
short_aggressive_wide_capacity,w08,2026-03-18,2026-03-19,2026-03-25,003022,0.055,0.8207414829659319,-0.024340770791075106,-0.0013387423935091308,
short_aggressive_wide_capacity,w08,2026-03-18,2026-03-19,2026-03-25,603341,0.055,0.8207414829659319,-0.06002928257686657,-0.0033016105417276614,
short_aggressive_wide_capacity,w08,2026-03-18,2026-03-19,2026-03-25,688582,0.055,0.8207414829659319,-0.04133441822620021,-0.0022733930024410117,
short_aggressive_wide_capacity,w08,2026-03-18,2026-03-19,2026-03-25,001696,0.05360000000000002,0.8146543086172344,-0.06521739130434767,-0.003495652173913037,
short_aggressive_wide_capacity,w08,2026-03-18,2026-03-19,2026-03-25,002340,0.05136666666666666,0.8146543086172344,-0.03398058252427183,-0.0017454692556634294,
short_aggressive_wide_capacity,w08,2026-03-18,2026-03-19,2026-03-25,603179,0.049133333333333334,0.805185370741483,-0.08346063046799057,-0.004100698976993937,
short_aggressive_wide_capacity,w08,2026-03-18,2026-03-19,2026-03-25,002130,0.0469,0.7948146292585171,-0.0709433962264151,-0.003327245283018868,
short_aggressive_wide_capacity,w08,2026-03-18,2026-03-19,2026-03-25,300115,0.044666666666666674,0.7923346693386774,-0.04514606078489236,-0.002016524048391859,
short_aggressive_wide_capacity,w08,2026-03-18,2026-03-19,2026-03-25,300207,0.04243333333333334,0.7923346693386774,0.06700038505968431,0.002843049672699271,
short_aggressive_wide_capacity,w08,2026-03-18,2026-03-19,2026-03-25,300679,0.0402,0.7923346693386774,-0.055570763755817154,-0.0022339447029838494,
short_aggressive_wide_capacity,w08,2026-03-18,2026-03-19,2026-03-25,601061,0.03796666666666667,0.7923346693386774,-0.0582750582750583,-0.0022125097125097136,
short_aggressive_wide_capacity,w08,2026-03-18,2026-03-19,2026-03-25,601608,0.03573333333333334,0.7923346693386774,-0.05792682926829262,-0.00206991869918699,
short_aggressive_wide_capacity,w08,2026-03-18,2026-03-19,2026-03-25,000898,0.0335,0.7898547094188377,-0.05905511811023623,-0.0019783464566929137,
short_aggressive_wide_capacity,w08,2026-03-18,2026-03-19,2026-03-25,002558,0.031266666666666665,0.7835420841683367,-0.06456241032998566,-0.0020186513629842184,
short_aggressive_wide_capacity,w08,2026-03-18,2026-03-19,2026-03-25,688166,0.029033333333333335,0.7835420841683367,-0.11139240506329107,-0.0032340928270042173,
short_aggressive_wide_capacity,w08,2026-03-18,2026-03-19,2026-03-25,688183,0.02680000000000001,0.7835420841683367,0.08595020643062656,0.0023034655323407927,
short_aggressive_wide_capacity,w08,2026-03-18,2026-03-19,2026-03-25,000032,0.024566666666666667,0.7693386773547094,0.018242122719734688,0.00044814814814814885,
short_aggressive_wide_capacity,w08,2026-03-18,2026-03-19,2026-03-25,000831,0.022333333333333337,0.7693386773547094,-0.049037125272979876,-0.001095162464429884,
short_aggressive_wide_capacity,w08,2026-03-18,2026-03-19,2026-03-25,002517,0.0201,0.7693386773547094,-0.05943152454780376,-0.0011945736434108556,
short_aggressive_wide_capacity,w08,2026-03-18,2026-03-19,2026-03-25,003021,0.01786666666666667,0.7693386773547094,-0.08422608053195424,-0.0015048393055042493,
short_aggressive_wide_capacity,w08,2026-03-18,2026-03-19,2026-03-25,300748,0.015633333333333332,0.7693386773547094,-0.060919890344197425,-0.000952380952380953,
short_aggressive_wide_capacity,w08,2026-03-18,2026-03-19,2026-03-25,603228,0.013400000000000006,0.7693386773547094,-0.05993233446109225,-0.0008030932817786365,
short_aggressive_wide_capacity,w08,2026-03-18,2026-03-19,2026-03-25,688778,0.011166666666666668,0.7693386773547094,-0.027568585260892897,-0.0003078492020799707,
short_aggressive_wide_capacity,w08,2026-03-18,2026-03-19,2026-03-25,002153,0.008933333333333335,0.7607715430861723,-0.06527651858567529,-0.0005831368993653661,
short_aggressive_wide_capacity,w08,2026-03-18,2026-03-19,2026-03-25,603000,0.006700000000000003,0.7607715430861723,-0.031083050024283687,-0.0002082564351627008,
short_aggressive_wide_capacity,w08,2026-03-18,2026-03-19,2026-03-25,688349,0.004466666666666667,0.759869739478958,-0.068810770381451,-0.0003073547743704812,
short_aggressive_wide_capacity,w08,2026-03-18,2026-03-19,2026-03-25,603225,0.0022333333333333337,0.7567134268537075,-0.0227936879018118,-5.0905902980713024e-05,
stable_compact_capacity,w08,2026-03-18,2026-03-19,2026-03-25,000426,0.05000000000000002,0.9985971943887776,-0.08998186763372618,-0.00449909338168631,
stable_compact_capacity,w08,2026-03-18,2026-03-19,2026-03-25,688525,0.05000000000000002,0.9975951903807616,-0.018365686388469027,-0.0009182843194234517,
stable_compact_capacity,w08,2026-03-18,2026-03-19,2026-03-25,000831,0.05000000000000002,0.9863727454909819,-0.049037125272979876,-0.0024518562636489947,
stable_compact_capacity,w08,2026-03-18,2026-03-19,2026-03-25,603225,0.05000000000000002,0.9857715430861723,-0.0227936879018118,-0.0011396843950905904,
stable_compact_capacity,w08,2026-03-18,2026-03-19,2026-03-25,300454,0.05000000000000002,0.9813627254509018,-0.10279348468225158,-0.00513967423411258,
stable_compact_capacity,w08,2026-03-18,2026-03-19,2026-03-25,688122,0.05000000000000002,0.9768537074148298,-0.03542087542087535,-0.0017710437710437683,
stable_compact_capacity,w08,2026-03-18,2026-03-19,2026-03-25,002340,0.05000000000000002,0.9678356713426853,-0.03398058252427183,-0.001699029126213592,
stable_compact_capacity,w08,2026-03-18,2026-03-19,2026-03-25,601608,0.05000000000000002,0.9652304609218437,-0.05792682926829262,-0.002896341463414632,
stable_compact_capacity,w08,2026-03-18,2026-03-19,2026-03-25,601061,0.05000000000000002,0.9640280561122245,-0.0582750582750583,-0.002913752913752916,
stable_compact_capacity,w08,2026-03-18,2026-03-19,2026-03-25,688052,0.05000000000000002,0.9603206412825651,0.026690167443031543,0.0013345083721515777,
stable_compact_capacity,w08,2026-03-18,2026-03-19,2026-03-25,600862,0.047619047619047644,0.9480961923847695,-0.07241379310344831,-0.003448275862068969,
stable_compact_capacity,w08,2026-03-18,2026-03-19,2026-03-25,002430,0.04523809523809524,0.9437875751503007,-0.02497361941610976,-0.0011297589735859176,
stable_compact_capacity,w08,2026-03-18,2026-03-19,2026-03-25,600801,0.04285714285714283,0.9299599198396794,-0.0497443049744305,-0.0021318987846184485,
stable_compact_capacity,w08,2026-03-18,2026-03-19,2026-03-25,603179,0.04047619047619047,0.9198396793587174,-0.08346063046799057,-0.003378168376085332,
stable_compact_capacity,w08,2026-03-18,2026-03-19,2026-03-25,688385,0.038095238095238106,0.912124248496994,-0.10890322580645162,-0.004148694316436254,
stable_compact_capacity,w08,2026-03-18,2026-03-19,2026-03-25,300383,0.03571428571428571,0.9117234468937876,0.06920821114369491,0.0024717218265605323,
stable_compact_capacity,w08,2026-03-18,2026-03-19,2026-03-25,000960,0.03333333333333334,0.9109218436873747,-0.08535540964887245,-0.002845180321629082,
stable_compact_capacity,w08,2026-03-18,2026-03-19,2026-03-25,688281,0.03095238095238096,0.9105210420841683,-0.08866567460317465,-0.002744413737717311,
stable_compact_capacity,w08,2026-03-18,2026-03-19,2026-03-25,600392,0.028571428571428574,0.9103206412825651,-0.06625258799171829,-0.0018929310854776656,
stable_compact_capacity,w08,2026-03-18,2026-03-19,2026-03-25,601958,0.026190476190476195,0.9099198396793586,-0.10526315789473684,-0.0027568922305764416,
stable_compact_capacity,w08,2026-03-18,2026-03-19,2026-03-25,000060,0.023809523809523822,0.9093186372745491,-0.0781954887218046,-0.001861797350519158,
stable_compact_capacity,w08,2026-03-18,2026-03-19,2026-03-25,000878,0.021428571428571415,0.9093186372745491,-0.09033203125000011,-0.0019356863839285726,
stable_compact_capacity,w08,2026-03-18,2026-03-19,2026-03-25,002738,0.019047619047619053,0.9093186372745491,-0.12083105522143256,-0.0023015439089796685,
stable_compact_capacity,w08,2026-03-18,2026-03-19,2026-03-25,600497,0.01666666666666667,0.9093186372745491,-0.108744394618834,-0.0018124065769805672,
stable_compact_capacity,w08,2026-03-18,2026-03-19,2026-03-25,603920,0.014285714285714287,0.9093186372745491,-0.05089105272827488,-0.0007270150389753554,
stable_compact_capacity,w08,2026-03-18,2026-03-19,2026-03-25,002335,0.011904761904761911,0.9087174348697394,-0.08060150375939845,-0.0009595417114214107,
stable_compact_capacity,w08,2026-03-18,2026-03-19,2026-03-25,601168,0.009523809523809526,0.908316633266533,-0.04066811909949153,-0.0003873154199951575,
stable_compact_capacity,w08,2026-03-18,2026-03-19,2026-03-25,002851,0.0071428571428571435,0.9081162324649299,-0.06255682851427535,-0.00044683448938768116,
stable_compact_capacity,w08,2026-03-18,2026-03-19,2026-03-25,603688,0.004761904761904763,0.9077154308617235,-0.05461724062294371,-0.00026008209820449393,
stable_compact_capacity,w08,2026-03-18,2026-03-19,2026-03-25,300285,0.0023809523809523816,0.9071142284569138,-0.12654745529573597,-0.0003013034649898476,
stable_compact_current,w08,2026-03-18,2026-03-19,2026-03-25,000060,0.02857142857142857,0.8539579158316633,-0.0781954887218046,-0.0022341568206229886,
stable_compact_current,w08,2026-03-18,2026-03-19,2026-03-25,300570,0.02857142857142857,0.8539579158316633,0.014553191489361739,0.0004158054711246211,
stable_compact_current,w08,2026-03-18,2026-03-19,2026-03-25,300136,0.02857142857142857,0.8539579158316633,-0.0575268005435603,-0.0016436228726731514,
stable_compact_current,w08,2026-03-18,2026-03-19,2026-03-25,300223,0.02857142857142857,0.8539579158316633,-0.12409094388731523,-0.003545455539637578,
stable_compact_current,w08,2026-03-18,2026-03-19,2026-03-25,300285,0.02857142857142857,0.8539579158316633,-0.12654745529573597,-0.0036156415798781704,
stable_compact_current,w08,2026-03-18,2026-03-19,2026-03-25,300383,0.02857142857142857,0.8539579158316633,0.06920821114369491,0.001977377461248426,
stable_compact_current,w08,2026-03-18,2026-03-19,2026-03-25,300395,0.02857142857142857,0.8539579158316633,-0.11161939615736505,-0.0031891256044961442,
stable_compact_current,w08,2026-03-18,2026-03-19,2026-03-25,300567,0.02857142857142857,0.8539579158316633,-0.02024446142093206,-0.0005784131834552016,
stable_compact_current,w08,2026-03-18,2026-03-19,2026-03-25,300604,0.02857142857142857,0.8539579158316633,-0.03505635445005839,-0.0010016101271445254,
stable_compact_current,w08,2026-03-18,2026-03-19,2026-03-25,003031,0.02857142857142857,0.8539579158316633,0.04166666666666674,0.0011904761904761925,
stable_compact_current,w08,2026-03-18,2026-03-19,2026-03-25,300724,0.02857142857142857,0.8539579158316633,0.06500460135530828,0.0018572743244373792,
stable_compact_current,w08,2026-03-18,2026-03-19,2026-03-25,300751,0.02857142857142857,0.8539579158316633,0.10131086142322099,0.0028945960406634567,
stable_compact_current,w08,2026-03-18,2026-03-19,2026-03-25,300757,0.02857142857142857,0.8539579158316633,0.03467520326354867,0.0009907200932442477,
stable_compact_current,w08,2026-03-18,2026-03-19,2026-03-25,300857,0.02857142857142857,0.8539579158316633,-0.10840409491310221,-0.003097259854660063,
stable_compact_current,w08,2026-03-18,2026-03-19,2026-03-25,301308,0.02857142857142857,0.8539579158316633,-0.05883662677428325,-0.0016810464792652356,
stable_compact_current,w08,2026-03-18,2026-03-19,2026-03-25,301611,0.02857142857142857,0.8539579158316633,-0.07234560959610159,-0.002067017417031474,
stable_compact_current,w08,2026-03-18,2026-03-19,2026-03-25,300058,0.02857142857142857,0.8539579158316633,-0.06912144702842382,-0.001974898486526395,
stable_compact_current,w08,2026-03-18,2026-03-19,2026-03-25,002851,0.02857142857142857,0.8539579158316633,-0.06255682851427535,-0.0017873379575507244,
stable_compact_current,w08,2026-03-18,2026-03-19,2026-03-25,000426,0.02857142857142857,0.8539579158316633,-0.08998186763372618,-0.0025709105038207477,
stable_compact_current,w08,2026-03-18,2026-03-19,2026-03-25,002156,0.02857142857142857,0.8539579158316633,-0.08185654008438814,-0.0023387582881253754,
stable_compact_current,w08,2026-03-18,2026-03-19,2026-03-25,000657,0.02857142857142857,0.8539579158316633,-0.0898236590742102,-0.0025663902592631483,
stable_compact_current,w08,2026-03-18,2026-03-19,2026-03-25,000878,0.02857142857142857,0.8539579158316633,-0.09033203125000011,-0.0025809151785714315,
stable_compact_current,w08,2026-03-18,2026-03-19,2026-03-25,000960,0.02857142857142857,0.8539579158316633,-0.08535540964887245,-0.002438725989967784,
stable_compact_current,w08,2026-03-18,2026-03-19,2026-03-25,002008,0.02857142857142857,0.8539579158316633,-0.01903884538615075,-0.0005439670110328785,
stable_compact_current,w08,2026-03-18,2026-03-19,2026-03-25,002025,0.02857142857142857,0.8539579158316633,0.08142239946826191,0.0023263542705217687,
stable_compact_current,w08,2026-03-18,2026-03-19,2026-03-25,002080,0.02857142857142857,0.8539579158316633,-0.0640763462849353,-0.0018307527509981514,
stable_compact_current,w08,2026-03-18,2026-03-19,2026-03-25,002195,0.02857142857142857,0.8539579158316633,-0.0844930417495029,-0.002414086907128654,
stable_compact_current,w08,2026-03-18,2026-03-19,2026-03-25,002738,0.02857142857142857,0.8539579158316633,-0.12083105522143256,-0.0034523158634695017,
stable_compact_current,w08,2026-03-18,2026-03-19,2026-03-25,002202,0.02857142857142857,0.8539579158316633,-0.08677419354838711,-0.00247926267281106,
stable_compact_current,w08,2026-03-18,2026-03-19,2026-03-25,002281,0.02857142857142857,0.8539579158316633,0.03409090909090917,0.0009740259740259763,
stable_compact_current,w08,2026-03-18,2026-03-19,2026-03-25,002335,0.02857142857142857,0.8539579158316633,-0.08060150375939845,-0.002302900107411384,
stable_compact_current,w08,2026-03-18,2026-03-19,2026-03-25,002429,0.02857142857142857,0.8539579158316633,-0.06755470980019018,-0.0019301345657197194,
stable_compact_current,w08,2026-03-18,2026-03-19,2026-03-25,002436,0.02857142857142857,0.8539579158316633,-0.09051724137931028,-0.002586206896551722,
stable_compact_current,w08,2026-03-18,2026-03-19,2026-03-25,002465,0.02857142857142857,0.8539579158316633,-0.07507886435331224,-0.0021451104100946353,
stable_compact_current,w08,2026-03-18,2026-03-19,2026-03-25,600118,0.02857142857142857,0.8539579158316633,-0.06624457732442257,-0.0018927022092692163,
stable_extra_wide_capacity,w08,2026-03-18,2026-03-19,2026-03-25,000537,0.06451612903225806,0.9775801603206413,0.07484769364664912,0.004828883461074136,
stable_extra_wide_capacity,w08,2026-03-18,2026-03-19,2026-03-25,002262,0.06236559139784946,0.8651052104208417,-0.0397702165267344,-0.0024802930737103175,
stable_extra_wide_capacity,w08,2026-03-18,2026-03-19,2026-03-25,300957,0.060215053763440864,0.8473947895791583,-0.0996899594562366,-0.0060028362683325264,
stable_extra_wide_capacity,w08,2026-03-18,2026-03-19,2026-03-25,002831,0.05806451612903226,0.846442885771543,-0.11764705882352933,-0.006831119544592026,
stable_extra_wide_capacity,w08,2026-03-18,2026-03-19,2026-03-25,000539,0.05591397849462366,0.8454909819639278,0.32976827094474137,0.018438656009813495,
stable_extra_wide_capacity,w08,2026-03-18,2026-03-19,2026-03-25,002500,0.053763440860215055,0.8435871743486973,-0.04109589041095896,-0.0022094564737074707,
stable_extra_wide_capacity,w08,2026-03-18,2026-03-19,2026-03-25,000750,0.05161290322580645,0.8388276553106212,-0.044334975369458074,-0.0022882567932623523,
stable_extra_wide_capacity,w08,2026-03-18,2026-03-19,2026-03-25,601966,0.04946236559139785,0.8388276553106212,-0.038147138964577665,-0.0018868477337317985,
stable_extra_wide_capacity,w08,2026-03-18,2026-03-19,2026-03-25,000563,0.047311827956989246,0.8359719438877755,-0.047752808988763995,-0.0022592726833393717,
stable_extra_wide_capacity,w08,2026-03-18,2026-03-19,2026-03-25,002603,0.04516129032258064,0.8326402805611222,-0.04958677685950408,-0.002239402825913087,
stable_extra_wide_capacity,w08,2026-03-18,2026-03-19,2026-03-25,600739,0.043010752688172046,0.829308617234469,-0.06870860927152322,-0.0029552090009257303,
stable_extra_wide_capacity,w08,2026-03-18,2026-03-19,2026-03-25,000426,0.04086021505376344,0.8286322645290581,-0.08998186763372618,-0.003676678462453328,
stable_extra_wide_capacity,w08,2026-03-18,2026-03-19,2026-03-25,000997,0.03870967741935484,0.8240731462925852,-0.0759209344115005,-0.0029388748804451805,
stable_extra_wide_capacity,w08,2026-03-18,2026-03-19,2026-03-25,002984,0.03655913978494624,0.8240731462925852,-0.0749868904037756,-0.0027414562083100755,
stable_extra_wide_capacity,w08,2026-03-18,2026-03-19,2026-03-25,600606,0.034408602150537634,0.8240731462925852,-0.04907975460122693,-0.0016887657497196365,
stable_extra_wide_capacity,w08,2026-03-18,2026-03-19,2026-03-25,000623,0.03225806451612903,0.8197895791583166,-0.06081808396124866,-0.0019618736761693113,
stable_extra_wide_capacity,w08,2026-03-18,2026-03-19,2026-03-25,688122,0.030107526881720432,0.8191132264529057,-0.03542087542087535,-0.0010664349589080751,
stable_extra_wide_capacity,w08,2026-03-18,2026-03-19,2026-03-25,002120,0.02795698924731183,0.8102705410821643,-0.033478893740902516,-0.0009359690723263069,
stable_extra_wide_capacity,w08,2026-03-18,2026-03-19,2026-03-25,688266,0.025806451612903226,0.8088426853707414,0.06598394041661804,0.0017028113655901428,
stable_extra_wide_capacity,w08,2026-03-18,2026-03-19,2026-03-25,300748,0.023655913978494623,0.8057865731462925,-0.060919890344197425,-0.0014411156855616595,
stable_extra_wide_capacity,w08,2026-03-18,2026-03-19,2026-03-25,002439,0.021505376344086023,0.8050350701402805,-0.05640668523676873,-0.0012130469943391125,
stable_extra_wide_capacity,w08,2026-03-18,2026-03-19,2026-03-25,300100,0.01935483870967742,0.8050350701402805,-0.02669208770257392,-0.0005166210523078823,
stable_extra_wide_capacity,w08,2026-03-18,2026-03-19,2026-03-25,600521,0.017204301075268817,0.8050350701402805,-0.04542586750788635,-0.000781520301210948,
stable_extra_wide_capacity,w08,2026-03-18,2026-03-19,2026-03-25,688538,0.015053763440860216,0.8050350701402805,-0.040983606557377095,-0.0006169575180680424,
stable_extra_wide_capacity,w08,2026-03-18,2026-03-19,2026-03-25,000831,0.012903225806451613,0.8048346693386774,-0.049037125272979876,-0.0006327371002965146,
stable_extra_wide_capacity,w08,2026-03-18,2026-03-19,2026-03-25,000921,0.010752688172043012,0.7951402805611223,-0.020034843205574915,-0.00021542842156532167,
stable_extra_wide_capacity,w08,2026-03-18,2026-03-19,2026-03-25,002926,0.008602150537634409,0.7940881763527055,-0.04238258877434142,-0.00036458140881153914,
stable_extra_wide_capacity,w08,2026-03-18,2026-03-19,2026-03-25,603688,0.0064516129032258064,0.7915080160320641,-0.05461724062294371,-0.00035236929434157233,
stable_extra_wide_capacity,w08,2026-03-18,2026-03-19,2026-03-25,601061,0.004301075268817204,0.7788577154308617,-0.0582750582750583,-0.0002506454119357346,
stable_extra_wide_capacity,w08,2026-03-18,2026-03-19,2026-03-25,600528,0.002150537634408602,0.7779058116232465,-0.0506634499396863,-0.00010895365578427161,
stable_medium_capacity,w08,2026-03-18,2026-03-19,2026-03-25,000426,0.039999999999999994,0.9882515030060119,-0.08998186763372618,-0.0035992747053490465,
stable_medium_capacity,w08,2026-03-18,2026-03-19,2026-03-25,002202,0.039999999999999994,0.9196392785571141,-0.08677419354838711,-0.003470967741935484,
stable_medium_capacity,w08,2026-03-18,2026-03-19,2026-03-25,003031,0.039999999999999994,0.9196392785571141,0.04166666666666674,0.0016666666666666694,
stable_medium_capacity,w08,2026-03-18,2026-03-19,2026-03-25,002851,0.039999999999999994,0.9196392785571141,-0.06255682851427535,-0.0025022731405710138,
stable_medium_capacity,w08,2026-03-18,2026-03-19,2026-03-25,002738,0.039999999999999994,0.9196392785571141,-0.12083105522143256,-0.004833242208857302,
stable_medium_capacity,w08,2026-03-18,2026-03-19,2026-03-25,002465,0.039999999999999994,0.9196392785571141,-0.07507886435331224,-0.003003154574132489,
stable_medium_capacity,w08,2026-03-18,2026-03-19,2026-03-25,688122,0.039999999999999994,0.980811623246493,-0.03542087542087535,-0.0014168350168350138,
stable_medium_capacity,w08,2026-03-18,2026-03-19,2026-03-25,002429,0.039999999999999994,0.9196392785571141,-0.06755470980019018,-0.002702188392007607,
stable_medium_capacity,w08,2026-03-18,2026-03-19,2026-03-25,002335,0.039999999999999994,0.9196392785571141,-0.08060150375939845,-0.0032240601503759378,
stable_medium_capacity,w08,2026-03-18,2026-03-19,2026-03-25,002281,0.039999999999999994,0.9196392785571141,0.03409090909090917,0.0013636363636363666,
stable_medium_capacity,w08,2026-03-18,2026-03-19,2026-03-25,002436,0.039999999999999994,0.9196392785571141,-0.09051724137931028,-0.0036206896551724105,
stable_medium_capacity,w08,2026-03-18,2026-03-19,2026-03-25,002195,0.039999999999999994,0.9196392785571141,-0.0844930417495029,-0.0033797216699801153,
stable_medium_capacity,w08,2026-03-18,2026-03-19,2026-03-25,002156,0.039999999999999994,0.9196392785571141,-0.08185654008438814,-0.003274261603375525,
stable_medium_capacity,w08,2026-03-18,2026-03-19,2026-03-25,002080,0.039999999999999994,0.9196392785571141,-0.0640763462849353,-0.002563053851397412,
stable_medium_capacity,w08,2026-03-18,2026-03-19,2026-03-25,002025,0.039999999999999994,0.9196392785571141,0.08142239946826191,0.0032568959787304757,
stable_medium_capacity,w08,2026-03-18,2026-03-19,2026-03-25,002008,0.039999999999999994,0.9196392785571141,-0.01903884538615075,-0.0007615538154460298,
stable_medium_capacity,w08,2026-03-18,2026-03-19,2026-03-25,000960,0.039999999999999994,0.9196392785571141,-0.08535540964887245,-0.0034142163859548972,
stable_medium_capacity,w08,2026-03-18,2026-03-19,2026-03-25,000878,0.039999999999999994,0.9196392785571141,-0.09033203125000011,-0.003613281250000004,
stable_medium_capacity,w08,2026-03-18,2026-03-19,2026-03-25,000060,0.039999999999999994,0.9196392785571141,-0.0781954887218046,-0.0031278195488721834,
stable_medium_capacity,w08,2026-03-18,2026-03-19,2026-03-25,601061,0.039999999999999994,0.9448647294589179,-0.0582750582750583,-0.0023310023310023314,
stable_medium_capacity,w08,2026-03-18,2026-03-19,2026-03-25,300223,0.03636363636363643,0.9196392785571141,-0.12409094388731523,-0.004512397959538744,
stable_medium_capacity,w08,2026-03-18,2026-03-19,2026-03-25,300285,0.03272727272727277,0.9196392785571141,-0.12654745529573597,-0.00414155308240591,
stable_medium_capacity,w08,2026-03-18,2026-03-19,2026-03-25,300383,0.029090909090909126,0.9196392785571141,0.06920821114369491,0.0020133297787256724,
stable_medium_capacity,w08,2026-03-18,2026-03-19,2026-03-25,300395,0.025454545454545487,0.9196392785571141,-0.11161939615736505,-0.0028412209930965683,
stable_medium_capacity,w08,2026-03-18,2026-03-19,2026-03-25,300567,0.021818181818181834,0.9196392785571141,-0.02024446142093206,-0.0004416973400930634,
stable_medium_capacity,w08,2026-03-18,2026-03-19,2026-03-25,300570,0.018181818181818216,0.9196392785571141,0.014553191489361739,0.00026460348162475936,
stable_medium_capacity,w08,2026-03-18,2026-03-19,2026-03-25,300604,0.014545454545454563,0.9196392785571141,-0.03505635445005839,-0.0005099106101826681,
stable_medium_capacity,w08,2026-03-18,2026-03-19,2026-03-25,300627,0.010909090909090917,0.9196392785571141,-0.06240970817682745,-0.0006808331801108454,
stable_medium_capacity,w08,2026-03-18,2026-03-19,2026-03-25,300724,0.007272727272727281,0.9196392785571141,0.06500460135530828,0.0004727607371295153,
stable_medium_capacity,w08,2026-03-18,2026-03-19,2026-03-25,300757,0.0036363636363636407,0.9196392785571141,0.03467520326354867,0.00012609164823108624,
balanced_extra_wide_capacity,w09,2026-03-25,2026-03-26,2026-04-01,301611,0.06451612903225806,0.9439629258517035,-0.01868875644004442,-0.0012057262219383495,
balanced_extra_wide_capacity,w09,2026-03-25,2026-03-26,2026-04-01,601212,0.06236559139784946,0.9439629258517035,-0.004926108374384119,-0.0003072196620583644,
balanced_extra_wide_capacity,w09,2026-03-25,2026-03-26,2026-04-01,601231,0.060215053763440864,0.9439629258517035,-0.017732558139534893,-0.0010677669417354346,
balanced_extra_wide_capacity,w09,2026-03-25,2026-03-26,2026-04-01,002607,0.05806451612903226,0.8864729458917836,-0.018587360594795488,-0.0010792660990526413,
balanced_extra_wide_capacity,w09,2026-03-25,2026-03-26,2026-04-01,002385,0.05591397849462366,0.8850200400801603,0.012755102040816313,0.0007131885012069336,
balanced_extra_wide_capacity,w09,2026-03-25,2026-03-26,2026-04-01,300735,0.053763440860215055,0.8763026052104209,-0.00556070435588496,-0.00029896259977876127,
balanced_extra_wide_capacity,w09,2026-03-25,2026-03-26,2026-04-01,600363,0.05161290322580645,0.8726703406813628,0.00019561815336466282,1.0096420818821307e-05,
balanced_extra_wide_capacity,w09,2026-03-25,2026-03-26,2026-04-01,603688,0.04946236559139785,0.8726703406813628,-0.018097447795823673,-0.0008951425791482677,
balanced_extra_wide_capacity,w09,2026-03-25,2026-03-26,2026-04-01,605358,0.047311827956989246,0.8726703406813628,-0.00743604997025582,-0.0003518131168723184,
balanced_extra_wide_capacity,w09,2026-03-25,2026-03-26,2026-04-01,688281,0.04516129032258064,0.8726703406813628,0.001632875221118546,7.374275192148272e-05,
balanced_extra_wide_capacity,w09,2026-03-25,2026-03-26,2026-04-01,000060,0.043010752688172046,0.8312625250501002,0.016313213703099683,0.0007016436001333197,
balanced_extra_wide_capacity,w09,2026-03-25,2026-03-26,2026-04-01,000426,0.04086021505376344,0.8312625250501002,0.03486924034869232,0.0014247646594089337,
balanced_extra_wide_capacity,w09,2026-03-25,2026-03-26,2026-04-01,000831,0.03870967741935484,0.8312625250501002,0.007933194154488676,0.0003070913866253681,
balanced_extra_wide_capacity,w09,2026-03-25,2026-03-26,2026-04-01,000878,0.03655913978494624,0.8312625250501002,-0.005904455179817414,-0.0002158618022728947,
balanced_extra_wide_capacity,w09,2026-03-25,2026-03-26,2026-04-01,000960,0.034408602150537634,0.8312625250501002,0.015293383270911454,0.0005262239405044801,
balanced_extra_wide_capacity,w09,2026-03-25,2026-03-26,2026-04-01,002409,0.03225806451612903,0.8312625250501002,-0.038201160541586066,-0.001232295501341486,
balanced_extra_wide_capacity,w09,2026-03-25,2026-03-26,2026-04-01,002436,0.030107526881720432,0.8312625250501002,-0.02274881516587679,-0.0006849105641339248,
balanced_extra_wide_capacity,w09,2026-03-25,2026-03-26,2026-04-01,002465,0.02795698924731183,0.8312625250501002,0.01432469304229178,0.00040047528935439387,
balanced_extra_wide_capacity,w09,2026-03-25,2026-03-26,2026-04-01,002738,0.025806451612903226,0.8312625250501002,0.15967039800995053,0.004120526400256788,
balanced_extra_wide_capacity,w09,2026-03-25,2026-03-26,2026-04-01,003031,0.023655913978494623,0.8312625250501002,-0.02129230769230772,-0.0005036889991728708,
balanced_extra_wide_capacity,w09,2026-03-25,2026-03-26,2026-04-01,300395,0.021505376344086023,0.8312625250501002,-0.023686920700308978,-0.0005093961440926663,
balanced_extra_wide_capacity,w09,2026-03-25,2026-03-26,2026-04-01,300454,0.01935483870967742,0.8312625250501002,-0.027749035838585345,-0.0005370781130048777,
balanced_extra_wide_capacity,w09,2026-03-25,2026-03-26,2026-04-01,300627,0.017204301075268817,0.8312625250501002,0.03451463790446829,0.0005938002220123577,
balanced_extra_wide_capacity,w09,2026-03-25,2026-03-26,2026-04-01,300748,0.015053763440860216,0.8312625250501002,0.02497567304573467,0.0003759778738067585,
balanced_extra_wide_capacity,w09,2026-03-25,2026-03-26,2026-04-01,600392,0.012903225806451613,0.8312625250501002,0.017294900221729526,0.00022316000286102614,
balanced_extra_wide_capacity,w09,2026-03-25,2026-03-26,2026-04-01,600497,0.010752688172043012,0.8312625250501002,0.0037735849056603765,4.0576181781294376e-05,
balanced_extra_wide_capacity,w09,2026-03-25,2026-03-26,2026-04-01,600879,0.008602150537634409,0.8312625250501002,0.016355140186915973,0.00014068937795196535,
balanced_extra_wide_capacity,w09,2026-03-25,2026-03-26,2026-04-01,601106,0.0064516129032258064,0.8312625250501002,0.002309468822170757,1.4899798852714562e-05,
balanced_extra_wide_capacity,w09,2026-03-25,2026-03-26,2026-04-01,601168,0.004301075268817204,0.8312625250501002,-0.009462528387585212,-4.069904682832349e-05,
balanced_extra_wide_capacity,w09,2026-03-25,2026-03-26,2026-04-01,688122,0.002150537634408602,0.8312625250501002,0.00418877408545093,9.0081163127977e-06,
balanced_medium_current,w09,2026-03-25,2026-03-26,2026-04-01,000657,0.016666666666666666,0.8582164328657313,-0.013723511604439964,-0.00022872519340733273,
balanced_medium_current,w09,2026-03-25,2026-03-26,2026-04-01,000960,0.016666666666666666,0.8582164328657313,0.015293383270911454,0.00025488972118185756,
balanced_medium_current,w09,2026-03-25,2026-03-26,2026-04-01,603688,0.016666666666666666,0.8582164328657313,-0.018097447795823673,-0.0003016241299303946,
balanced_medium_current,w09,2026-03-25,2026-03-26,2026-04-01,603920,0.016666666666666666,0.8582164328657313,0.0009678668215253872,1.6131113692089785e-05,
balanced_medium_current,w09,2026-03-25,2026-03-26,2026-04-01,688027,0.016666666666666666,0.8582164328657313,-0.0834673366834171,-0.0013911222780569517,
balanced_medium_current,w09,2026-03-25,2026-03-26,2026-04-01,688375,0.016666666666666666,0.8582164328657313,0.04420098224404989,0.0007366830374008315,
balanced_medium_current,w09,2026-03-25,2026-03-26,2026-04-01,688387,0.016666666666666666,0.8582164328657313,0.050561797752809,0.0008426966292134834,
balanced_medium_current,w09,2026-03-25,2026-03-26,2026-04-01,688568,0.016666666666666666,0.8582164328657313,-0.006721311475409775,-0.00011202185792349625,
balanced_medium_current,w09,2026-03-25,2026-03-26,2026-04-01,000021,0.016666666666666666,0.6930360721442885,-0.09378185524974514,-0.0015630309208290857,
balanced_medium_current,w09,2026-03-25,2026-03-26,2026-04-01,000027,0.016666666666666666,0.6930360721442885,-0.09329829172141912,-0.0015549715286903188,
balanced_medium_current,w09,2026-03-25,2026-03-26,2026-04-01,000039,0.016666666666666666,0.6930360721442885,-0.04385964912280704,-0.000730994152046784,
balanced_medium_current,w09,2026-03-25,2026-03-26,2026-04-01,000062,0.016666666666666666,0.6930360721442885,-0.0478276743336985,-0.0007971279055616416,
balanced_medium_current,w09,2026-03-25,2026-03-26,2026-04-01,000088,0.016666666666666666,0.6930360721442885,-0.006493506493506551,-0.00010822510822510919,
balanced_medium_current,w09,2026-03-25,2026-03-26,2026-04-01,000155,0.016666666666666666,0.6930360721442885,0.06194081211286995,0.0010323468685478324,
balanced_medium_current,w09,2026-03-25,2026-03-26,2026-04-01,000400,0.016666666666666666,0.6930360721442885,-0.04643962848297223,-0.0007739938080495372,
balanced_medium_current,w09,2026-03-25,2026-03-26,2026-04-01,000415,0.016666666666666666,0.6930360721442885,0.013667425968109548,0.0002277904328018258,
balanced_medium_current,w09,2026-03-25,2026-03-26,2026-04-01,000429,0.016666666666666666,0.6930360721442885,0.004636785162287493,7.727975270479155e-05,
balanced_medium_current,w09,2026-03-25,2026-03-26,2026-04-01,000537,0.016666666666666666,0.6930360721442885,-0.17732793522267198,-0.002955465587044533,
balanced_medium_current,w09,2026-03-25,2026-03-26,2026-04-01,000559,0.016666666666666666,0.6930360721442885,0.005769230769230749,9.615384615384581e-05,
balanced_medium_current,w09,2026-03-25,2026-03-26,2026-04-01,000582,0.016666666666666666,0.6930360721442885,-0.029170464904284432,-0.0004861744150714072,
balanced_medium_current,w09,2026-03-25,2026-03-26,2026-04-01,000591,0.016666666666666666,0.6930360721442885,-0.1298904538341158,-0.002164840897235263,
balanced_medium_current,w09,2026-03-25,2026-03-26,2026-04-01,000683,0.016666666666666666,0.6930360721442885,0.0,0.0,
balanced_medium_current,w09,2026-03-25,2026-03-26,2026-04-01,000703,0.016666666666666666,0.6930360721442885,-0.009375000000000022,-0.00015625000000000036,
balanced_medium_current,w09,2026-03-25,2026-03-26,2026-04-01,000723,0.016666666666666666,0.6930360721442885,-0.06299212598425208,-0.0010498687664042012,
balanced_medium_current,w09,2026-03-25,2026-03-26,2026-04-01,000883,0.016666666666666666,0.6930360721442885,-0.09505703422053235,-0.0015842839036755393,
balanced_medium_current,w09,2026-03-25,2026-03-26,2026-04-01,000893,0.016666666666666666,0.6930360721442885,0.03858466722830656,0.0006430777871384426,
balanced_medium_current,w09,2026-03-25,2026-03-26,2026-04-01,000933,0.016666666666666666,0.6930360721442885,0.052863436123347984,0.0008810572687224663,
balanced_medium_current,w09,2026-03-25,2026-03-26,2026-04-01,000951,0.016666666666666666,0.6930360721442885,0.052422907488986814,0.0008737151248164468,
balanced_medium_current,w09,2026-03-25,2026-03-26,2026-04-01,000967,0.016666666666666666,0.6930360721442885,0.013333333333333197,0.00022222222222221996,
balanced_medium_current,w09,2026-03-25,2026-03-26,2026-04-01,601958,0.016666666666666666,0.8582164328657313,0.02299465240641707,0.00038324420677361785,
balanced_medium_current,w09,2026-03-25,2026-03-26,2026-04-01,601231,0.016666666666666666,0.8582164328657313,-0.017732558139534893,-0.00029554263565891487,
balanced_medium_current,w09,2026-03-25,2026-03-26,2026-04-01,601212,0.016666666666666666,0.8582164328657313,-0.004926108374384119,-8.210180623973533e-05,
balanced_medium_current,w09,2026-03-25,2026-03-26,2026-04-01,300285,0.016666666666666666,0.8582164328657313,-0.011653543307086678,-0.00019422572178477796,
balanced_medium_current,w09,2026-03-25,2026-03-26,2026-04-01,002008,0.016666666666666666,0.8582164328657313,0.0032868993582719774,5.4781655971199623e-05,
balanced_medium_current,w09,2026-03-25,2026-03-26,2026-04-01,002080,0.016666666666666666,0.8582164328657313,-0.00048555474629752293,-8.092579104958716e-06,
balanced_medium_current,w09,2026-03-25,2026-03-26,2026-04-01,002156,0.016666666666666666,0.8582164328657313,-0.02550551470588247,-0.00042509191176470784,
balanced_medium_current,w09,2026-03-25,2026-03-26,2026-04-01,002195,0.016666666666666666,0.8582164328657313,-0.013029315960912169,-0.0002171552660152028,
balanced_medium_current,w09,2026-03-25,2026-03-26,2026-04-01,002202,0.016666666666666666,0.8582164328657313,-0.10208406923348634,-0.001701401153891439,
balanced_medium_current,w09,2026-03-25,2026-03-26,2026-04-01,002409,0.016666666666666666,0.8582164328657313,-0.038201160541586066,-0.0006366860090264345,
balanced_medium_current,w09,2026-03-25,2026-03-26,2026-04-01,002429,0.016666666666666666,0.8582164328657313,-0.004081632653061273,-6.802721088435455e-05,
balanced_medium_current,w09,2026-03-25,2026-03-26,2026-04-01,002851,0.016666666666666666,0.8582164328657313,-0.0051406401551891134,-8.567733591981856e-05,
balanced_medium_current,w09,2026-03-25,2026-03-26,2026-04-01,003031,0.016666666666666666,0.8582164328657313,-0.02129230769230772,-0.0003548717948717954,
balanced_medium_current,w09,2026-03-25,2026-03-26,2026-04-01,300058,0.016666666666666666,0.8582164328657313,0.012491325468424685,0.0002081887578070781,
balanced_medium_current,w09,2026-03-25,2026-03-26,2026-04-01,300136,0.016666666666666666,0.8582164328657313,0.010092918936238204,0.00016821531560397008,
balanced_medium_current,w09,2026-03-25,2026-03-26,2026-04-01,300223,0.016666666666666666,0.8582164328657313,-0.054448522985492076,-0.0009074753830915345,
balanced_medium_current,w09,2026-03-25,2026-03-26,2026-04-01,300383,0.016666666666666666,0.8582164328657313,-0.03181568842567206,-0.000530261473761201,
balanced_medium_current,w09,2026-03-25,2026-03-26,2026-04-01,601106,0.016666666666666666,0.8582164328657313,0.002309468822170757,3.849114703617929e-05,
balanced_medium_current,w09,2026-03-25,2026-03-26,2026-04-01,300395,0.016666666666666666,0.8582164328657313,-0.023686920700308978,-0.0003947820116718163,
balanced_medium_current,w09,2026-03-25,2026-03-26,2026-04-01,300567,0.016666666666666666,0.8582164328657313,-0.004288499025341119,-7.147498375568533e-05,
balanced_medium_current,w09,2026-03-25,2026-03-26,2026-04-01,300604,0.016666666666666666,0.8582164328657313,0.002738843241501643,4.564738735836071e-05,
balanced_medium_current,w09,2026-03-25,2026-03-26,2026-04-01,300757,0.016666666666666666,0.8582164328657313,0.07822468033841679,0.0013037446723069464,
balanced_medium_current,w09,2026-03-25,2026-03-26,2026-04-01,300857,0.016666666666666666,0.8582164328657313,-0.019581664441477464,-0.0003263610740246244,
balanced_medium_current,w09,2026-03-25,2026-03-26,2026-04-01,301308,0.016666666666666666,0.8582164328657313,-0.11547788029335226,-0.0019246313382225376,
balanced_medium_current,w09,2026-03-25,2026-03-26,2026-04-01,301611,0.016666666666666666,0.8582164328657313,-0.01868875644004442,-0.0003114792740007403,
balanced_medium_current,w09,2026-03-25,2026-03-26,2026-04-01,600118,0.016666666666666666,0.8582164328657313,0.003766951280763431,6.278252134605718e-05,
balanced_medium_current,w09,2026-03-25,2026-03-26,2026-04-01,600497,0.016666666666666666,0.8582164328657313,0.0037735849056603765,6.289308176100627e-05,
balanced_medium_current,w09,2026-03-25,2026-03-26,2026-04-01,600498,0.016666666666666666,0.8582164328657313,0.04068157614483492,0.000678026269080582,
balanced_medium_current,w09,2026-03-25,2026-03-26,2026-04-01,600549,0.016666666666666666,0.8582164328657313,-0.04043865661411927,-0.0006739776102353212,
balanced_medium_current,w09,2026-03-25,2026-03-26,2026-04-01,600879,0.016666666666666666,0.8582164328657313,0.016355140186915973,0.00027258566978193287,
balanced_medium_current,w09,2026-03-25,2026-03-26,2026-04-01,001221,0.016666666666666666,0.6930360721442885,0.034327687003447904,0.0005721281167241318,
economic_medium_capacity,w09,2026-03-25,2026-03-26,2026-04-01,600879,0.05000000000000002,0.9861723446893788,0.016355140186915973,0.0008177570093457989,
economic_medium_capacity,w09,2026-03-25,2026-03-26,2026-04-01,605358,0.05000000000000002,0.9646543086172344,-0.00743604997025582,-0.0003718024985127911,
economic_medium_capacity,w09,2026-03-25,2026-03-26,2026-04-01,300383,0.05000000000000002,0.963502004008016,-0.03181568842567206,-0.0015907844212836035,
economic_medium_capacity,w09,2026-03-25,2026-03-26,2026-04-01,688525,0.05000000000000002,0.9611973947895791,-0.14900335504243145,-0.007450167752121575,
economic_medium_capacity,w09,2026-03-25,2026-03-26,2026-04-01,601106,0.05000000000000002,0.9594689378757515,0.002309468822170757,0.00011547344110853789,
economic_medium_capacity,w09,2026-03-25,2026-03-26,2026-04-01,688027,0.05000000000000002,0.9594689378757515,-0.0834673366834171,-0.004173366834170857,
economic_medium_capacity,w09,2026-03-25,2026-03-26,2026-04-01,002436,0.05000000000000002,0.9571643286573146,-0.02274881516587679,-0.0011374407582938398,
economic_medium_capacity,w09,2026-03-25,2026-03-26,2026-04-01,688220,0.05000000000000002,0.9571643286573146,-0.01671113607639374,-0.0008355568038196872,
economic_medium_capacity,w09,2026-03-25,2026-03-26,2026-04-01,300757,0.05000000000000002,0.9508266533066132,0.07822468033841679,0.003911234016920841,
economic_medium_capacity,w09,2026-03-25,2026-03-26,2026-04-01,300857,0.05000000000000002,0.9508266533066132,-0.019581664441477464,-0.0009790832220738736,
economic_medium_capacity,w09,2026-03-25,2026-03-26,2026-04-01,301308,0.047619047619047644,0.9508266533066132,-0.11547788029335226,-0.005498946680635825,
economic_medium_capacity,w09,2026-03-25,2026-03-26,2026-04-01,301611,0.04523809523809524,0.9508266533066132,-0.01868875644004442,-0.0008454437437162951,
economic_medium_capacity,w09,2026-03-25,2026-03-26,2026-04-01,601231,0.04285714285714283,0.9508266533066132,-0.017732558139534893,-0.0007599667774086378,
economic_medium_capacity,w09,2026-03-25,2026-03-26,2026-04-01,000060,0.04047619047619047,0.9312374749498998,0.016313213703099683,0.0006602967451254633,
economic_medium_capacity,w09,2026-03-25,2026-03-26,2026-04-01,000426,0.038095238095238106,0.9312374749498998,0.03486924034869232,0.0013283520132835174,
economic_medium_capacity,w09,2026-03-25,2026-03-26,2026-04-01,000878,0.03571428571428571,0.9312374749498998,-0.005904455179817414,-0.00021087339927919335,
economic_medium_capacity,w09,2026-03-25,2026-03-26,2026-04-01,000960,0.03333333333333334,0.9312374749498998,0.015293383270911454,0.0005097794423637152,
economic_medium_capacity,w09,2026-03-25,2026-03-26,2026-04-01,002008,0.03095238095238096,0.9312374749498998,0.0032868993582719774,0.00010173736108937076,
economic_medium_capacity,w09,2026-03-25,2026-03-26,2026-04-01,002080,0.028571428571428574,0.9312374749498998,-0.00048555474629752293,-1.38729927513578e-05,
economic_medium_capacity,w09,2026-03-25,2026-03-26,2026-04-01,002156,0.026190476190476195,0.9312374749498998,-0.02550551470588247,-0.0006680015756302553,
economic_medium_capacity,w09,2026-03-25,2026-03-26,2026-04-01,002409,0.023809523809523822,0.9312374749498998,-0.038201160541586066,-0.0009095514414663354,
economic_medium_capacity,w09,2026-03-25,2026-03-26,2026-04-01,002738,0.021428571428571415,0.9312374749498998,0.15967039800995053,0.003421508528784652,
economic_medium_capacity,w09,2026-03-25,2026-03-26,2026-04-01,300223,0.019047619047619053,0.9312374749498998,-0.054448522985492076,-0.0010371147235331826,
economic_medium_capacity,w09,2026-03-25,2026-03-26,2026-04-01,300285,0.01666666666666667,0.9312374749498998,-0.011653543307086678,-0.00019422572178477801,
economic_medium_capacity,w09,2026-03-25,2026-03-26,2026-04-01,300395,0.014285714285714287,0.9312374749498998,-0.023686920700308978,-0.0003383845814329854,
economic_medium_capacity,w09,2026-03-25,2026-03-26,2026-04-01,300567,0.011904761904761911,0.9312374749498998,-0.004288499025341119,-5.105355982548954e-05,
economic_medium_capacity,w09,2026-03-25,2026-03-26,2026-04-01,300604,0.009523809523809526,0.9312374749498998,0.002738843241501643,2.60842213476347e-05,
economic_medium_capacity,w09,2026-03-25,2026-03-26,2026-04-01,600392,0.0071428571428571435,0.9312374749498998,0.017294900221729526,0.00012353500158378234,
economic_medium_capacity,w09,2026-03-25,2026-03-26,2026-04-01,600497,0.004761904761904763,0.9312374749498998,0.0037735849056603765,1.7969451931716083e-05,
economic_medium_capacity,w09,2026-03-25,2026-03-26,2026-04-01,600549,0.0023809523809523816,0.9312374749498998,-0.04043865661411927,-9.628251574790305e-05,
recent_compact_capacity,w09,2026-03-25,2026-03-26,2026-04-01,000021,0.045,0.5307865731462925,-0.09378185524974514,-0.004220183486238531,
recent_compact_capacity,w09,2026-03-25,2026-03-26,2026-04-01,000426,0.045,0.5307865731462925,0.03486924034869232,0.0015691158156911544,
recent_compact_capacity,w09,2026-03-25,2026-03-26,2026-04-01,000933,0.045,0.5307865731462925,0.052863436123347984,0.002378854625550659,
recent_compact_capacity,w09,2026-03-25,2026-03-26,2026-04-01,000960,0.045,0.5307865731462925,0.015293383270911454,0.0006882022471910154,
recent_compact_capacity,w09,2026-03-25,2026-03-26,2026-04-01,002080,0.045,0.5307865731462925,-0.00048555474629752293,-2.184996358338853e-05,
recent_compact_capacity,w09,2026-03-25,2026-03-26,2026-04-01,002624,0.045,0.5307865731462925,0.06736609607951394,0.003031474323578127,
recent_compact_capacity,w09,2026-03-25,2026-03-26,2026-04-01,002738,0.045,0.5307865731462925,0.15967039800995053,0.007185167910447774,
recent_compact_capacity,w09,2026-03-25,2026-03-26,2026-04-01,300285,0.045,0.5307865731462925,-0.011653543307086678,-0.0005244094488189004,
recent_compact_capacity,w09,2026-03-25,2026-03-26,2026-04-01,300395,0.045,0.5307865731462925,-0.023686920700308978,-0.001065911431513904,
recent_compact_capacity,w09,2026-03-25,2026-03-26,2026-04-01,300857,0.045,0.5307865731462925,-0.019581664441477464,-0.0008811748998664859,
recent_compact_capacity,w09,2026-03-25,2026-03-26,2026-04-01,601958,0.045,0.5307865731462925,0.02299465240641707,0.0010347593582887681,
recent_compact_capacity,w09,2026-03-25,2026-03-26,2026-04-01,603688,0.045,0.5307865731462925,-0.018097447795823673,-0.0008143851508120652,
recent_compact_capacity,w09,2026-03-25,2026-03-26,2026-04-01,002008,0.045,0.530310621242485,0.0032868993582719774,0.00014791047112223897,
recent_compact_capacity,w09,2026-03-25,2026-03-26,2026-04-01,002126,0.045,0.530310621242485,-0.024023349797934412,-0.0010810507409070485,
recent_compact_capacity,w09,2026-03-25,2026-03-26,2026-04-01,300567,0.04352941176470591,0.530310621242485,-0.004288499025341119,-0.00018667583992661353,
recent_compact_capacity,w09,2026-03-25,2026-03-26,2026-04-01,301536,0.040808823529411745,0.530310621242485,-0.042550242550242645,-0.0017364253393665188,
recent_compact_capacity,w09,2026-03-25,2026-03-26,2026-04-01,600316,0.038088235294117645,0.530310621242485,-0.06317300789662605,-0.002406148389003845,
recent_compact_capacity,w09,2026-03-25,2026-03-26,2026-04-01,600549,0.03536764705882354,0.5301603206412825,-0.04043865661411927,-0.0014302201346611306,
recent_compact_capacity,w09,2026-03-25,2026-03-26,2026-04-01,601231,0.032647058823529425,0.5300851703406814,-0.017732558139534893,-0.0005789158686730512,
recent_compact_capacity,w09,2026-03-25,2026-03-26,2026-04-01,688702,0.029926470588235287,0.5300851703406814,0.04546808891007692,0.001360699425470684,
recent_compact_capacity,w09,2026-03-25,2026-03-26,2026-04-01,000878,0.027205882352941184,0.5299599198396793,-0.005904455179817414,-0.00016063591298032674,
recent_compact_capacity,w09,2026-03-25,2026-03-26,2026-04-01,600497,0.02448529411764706,0.5299599198396793,0.0037735849056603765,9.239733629300775e-05,
recent_compact_capacity,w09,2026-03-25,2026-03-26,2026-04-01,601168,0.021764705882352953,0.5299599198396793,-0.009462528387585212,-0.00020594914725920765,
recent_compact_capacity,w09,2026-03-25,2026-03-26,2026-04-01,600392,0.019044117647058822,0.5298346693386773,0.017294900221729526,0.0003293661145167608,
recent_compact_capacity,w09,2026-03-25,2026-03-26,2026-04-01,688347,0.016323529411764712,0.5298346693386773,-0.024734679904142465,-0.0004037572749058551,
recent_compact_capacity,w09,2026-03-25,2026-03-26,2026-04-01,301611,0.013602941176470592,0.529759519038076,-0.01868875644004442,-0.00025422205451531015,
recent_compact_capacity,w09,2026-03-25,2026-03-26,2026-04-01,000703,0.010882352941176477,0.5297094188376753,-0.009375000000000022,-0.00010202205882352971,
recent_compact_capacity,w09,2026-03-25,2026-03-26,2026-04-01,300757,0.008161764705882356,0.5296342685370741,0.07822468033841679,0.0006384514351150196,
recent_compact_capacity,w09,2026-03-25,2026-03-26,2026-04-01,688172,0.005441176470588238,0.5296342685370741,-0.0714285714285714,-0.000388655462184874,
recent_compact_capacity,w09,2026-03-25,2026-03-26,2026-04-01,000559,0.002720588235294119,0.5292084168336673,0.005769230769230749,1.5695701357466016e-05,
recent_compact_current,w09,2026-03-25,2026-03-26,2026-04-01,000021,0.06451612903225806,0.967059118236473,-0.09378185524974514,-0.006050442274177105,
recent_compact_current,w09,2026-03-25,2026-03-26,2026-04-01,300223,0.06236559139784946,0.967059118236473,-0.054448522985492076,-0.003395714336729613,
recent_compact_current,w09,2026-03-25,2026-03-26,2026-04-01,300285,0.060215053763440864,0.967059118236473,-0.011653543307086678,-0.0007017187367708107,
recent_compact_current,w09,2026-03-25,2026-03-26,2026-04-01,300395,0.05806451612903226,0.967059118236473,-0.023686920700308978,-0.0013753695890501988,
recent_compact_current,w09,2026-03-25,2026-03-26,2026-04-01,300383,0.05591397849462366,0.953256513026052,-0.03181568842567206,-0.0017789417184246744,
recent_compact_current,w09,2026-03-25,2026-03-26,2026-04-01,002156,0.053763440860215055,0.9356462925851703,-0.02550551470588247,-0.0013712642314990576,
recent_compact_current,w09,2026-03-25,2026-03-26,2026-04-01,300757,0.05161290322580645,0.9356462925851703,0.07822468033841679,0.00403740285617635,
recent_compact_current,w09,2026-03-25,2026-03-26,2026-04-01,301536,0.04946236559139785,0.9356462925851703,-0.042550242550242645,-0.0021046356530227545,
recent_compact_current,w09,2026-03-25,2026-03-26,2026-04-01,301611,0.047311827956989246,0.9166082164328657,-0.01868875644004442,-0.0008841992294214563,
recent_compact_current,w09,2026-03-25,2026-03-26,2026-04-01,600879,0.04516129032258064,0.9166082164328657,0.016355140186915973,0.0007386192342478181,
recent_compact_current,w09,2026-03-25,2026-03-26,2026-04-01,001389,0.043010752688172046,0.9009018036072143,0.13036536113459185,0.005607112306864166,
recent_compact_current,w09,2026-03-25,2026-03-26,2026-04-01,002025,0.04086021505376344,0.9009018036072143,0.004456054087277339,0.00018207532829735365,
recent_compact_current,w09,2026-03-25,2026-03-26,2026-04-01,002195,0.03870967741935484,0.9009018036072143,-0.013029315960912169,-0.0005043606178417614,
recent_compact_current,w09,2026-03-25,2026-03-26,2026-04-01,002756,0.03655913978494624,0.9009018036072143,0.014362657091562037,0.0005250863882936659,
recent_compact_current,w09,2026-03-25,2026-03-26,2026-04-01,003035,0.034408602150537634,0.9009018036072143,-0.17987152034261245,-0.006189127581681288,
recent_compact_current,w09,2026-03-25,2026-03-26,2026-04-01,300763,0.03225806451612903,0.9009018036072143,-0.1541501976284585,-0.004972587020272854,
recent_compact_current,w09,2026-03-25,2026-03-26,2026-04-01,600096,0.030107526881720432,0.9009018036072143,-0.03011001737116381,-0.0009065381574113837,
recent_compact_current,w09,2026-03-25,2026-03-26,2026-04-01,600549,0.02795698924731183,0.8875751503006011,-0.04043865661411927,-0.0011305430881366678,
recent_compact_current,w09,2026-03-25,2026-03-26,2026-04-01,000703,0.025806451612903226,0.8718436873747495,-0.009375000000000022,-0.0002419354838709683,
recent_compact_current,w09,2026-03-25,2026-03-26,2026-04-01,000933,0.023655913978494623,0.8718436873747495,0.052863436123347984,0.001250532897541565,
recent_compact_current,w09,2026-03-25,2026-03-26,2026-04-01,000960,0.021505376344086023,0.8718436873747495,0.015293383270911454,0.0003288899628153001,
recent_compact_current,w09,2026-03-25,2026-03-26,2026-04-01,002080,0.01935483870967742,0.8718436873747495,-0.00048555474629752293,-9.397833799306896e-06,
recent_compact_current,w09,2026-03-25,2026-03-26,2026-04-01,002532,0.017204301075268817,0.8718436873747495,0.13362887903736542,0.0022989914673095125,
recent_compact_current,w09,2026-03-25,2026-03-26,2026-04-01,002624,0.015053763440860216,0.8718436873747495,0.06736609607951394,0.0010141132743152637,
recent_compact_current,w09,2026-03-25,2026-03-26,2026-04-01,300857,0.012903225806451613,0.8718436873747495,-0.019581664441477464,-0.00025266663795454794,
recent_compact_current,w09,2026-03-25,2026-03-26,2026-04-01,600497,0.010752688172043012,0.8718436873747495,0.0037735849056603765,4.0576181781294376e-05,
recent_compact_current,w09,2026-03-25,2026-03-26,2026-04-01,601231,0.008602150537634409,0.8718436873747495,-0.017732558139534893,-0.0001525381345336335,
recent_compact_current,w09,2026-03-25,2026-03-26,2026-04-01,601958,0.0064516129032258064,0.8718436873747495,0.02299465240641707,0.00014835259617043271,
recent_compact_current,w09,2026-03-25,2026-03-26,2026-04-01,603688,0.004301075268817204,0.8718436873747495,-0.018097447795823673,-7.783848514332763e-05,
recent_compact_current,w09,2026-03-25,2026-03-26,2026-04-01,688702,0.002150537634408602,0.8718436873747495,0.04546808891007692,9.778083636575682e-05,
short_aggressive_compact_capacity,w09,2026-03-25,2026-03-26,2026-04-01,601016,0.06451612903225806,0.9943887775551101,-0.21111111111111125,-0.013620071684587821,
short_aggressive_compact_capacity,w09,2026-03-25,2026-03-26,2026-04-01,300432,0.06236559139784946,0.9925851703406814,-0.027906976744186074,-0.0017404351087771958,
short_aggressive_compact_capacity,w09,2026-03-25,2026-03-26,2026-04-01,300763,0.060215053763440864,0.9844689378757514,-0.1541501976284585,-0.009282162437842663,
short_aggressive_compact_capacity,w09,2026-03-25,2026-03-26,2026-04-01,002432,0.05806451612903226,0.9601202404809619,0.27064364207221336,0.015714792120322067,
short_aggressive_compact_capacity,w09,2026-03-25,2026-03-26,2026-04-01,603899,0.05591397849462366,0.9565130260521041,0.026527331189710512,0.001483248625661233,
short_aggressive_compact_capacity,w09,2026-03-25,2026-03-26,2026-04-01,000537,0.053763440860215055,0.9384769539078156,-0.17732793522267198,-0.009533759958208172,
short_aggressive_compact_capacity,w09,2026-03-25,2026-03-26,2026-04-01,600637,0.05161290322580645,0.9302605210420841,-0.004149377593361092,-0.00021416142417347573,
short_aggressive_compact_capacity,w09,2026-03-25,2026-03-26,2026-04-01,600032,0.04946236559139785,0.9186372745490982,-0.24731182795698914,-0.012232628049485484,
short_aggressive_compact_capacity,w09,2026-03-25,2026-03-26,2026-04-01,000921,0.047311827956989246,0.907815631262525,-0.006666666666666599,-0.0003154121863799251,
short_aggressive_compact_capacity,w09,2026-03-25,2026-03-26,2026-04-01,601615,0.04516129032258064,0.9059118236472945,-0.1246753246753246,-0.005630498533724337,
short_aggressive_compact_capacity,w09,2026-03-25,2026-03-26,2026-04-01,002465,0.043010752688172046,0.9038076152304608,0.01432469304229178,0.0006161158297759906,
short_aggressive_compact_capacity,w09,2026-03-25,2026-03-26,2026-04-01,300699,0.04086021505376344,0.8713426853707414,0.03568215892053961,0.001457980687075812,
short_aggressive_compact_capacity,w09,2026-03-25,2026-03-26,2026-04-01,000785,0.03870967741935484,0.8693386773547093,-0.03149606299212604,-0.001219202438404879,
short_aggressive_compact_capacity,w09,2026-03-25,2026-03-26,2026-04-01,688235,0.03655913978494624,0.866933867735471,0.13503202071126874,0.00493665452062703,
short_aggressive_compact_capacity,w09,2026-03-25,2026-03-26,2026-04-01,002558,0.034408602150537634,0.865130260521042,0.06411042944785272,0.0022059502605712767,
short_aggressive_compact_capacity,w09,2026-03-25,2026-03-26,2026-04-01,000629,0.03225806451612903,0.8614228456913827,0.002958579881656931,9.543806069861066e-05,
short_aggressive_compact_capacity,w09,2026-03-25,2026-03-26,2026-04-01,601198,0.030107526881720432,0.8609218436873747,-0.018081761006289332,-0.0005443971055657003,
short_aggressive_compact_capacity,w09,2026-03-25,2026-03-26,2026-04-01,300142,0.02795698924731183,0.8590180360721442,0.08016877637130815,0.0022412776189828084,
short_aggressive_compact_capacity,w09,2026-03-25,2026-03-26,2026-04-01,600988,0.025806451612903226,0.8590180360721442,0.18314636055309164,0.004726357691692687,
short_aggressive_compact_capacity,w09,2026-03-25,2026-03-26,2026-04-01,300679,0.023655913978494623,0.8564128256513026,-0.010724637681159388,-0.0002537011064360285,
short_aggressive_compact_capacity,w09,2026-03-25,2026-03-26,2026-04-01,688608,0.021505376344086023,0.8564128256513026,0.07290767903364981,0.0015679070759924692,
short_aggressive_compact_capacity,w09,2026-03-25,2026-03-26,2026-04-01,688278,0.01935483870967742,0.8440881763527054,0.012428008487420428,0.0002405420997565244,
short_aggressive_compact_capacity,w09,2026-03-25,2026-03-26,2026-04-01,688692,0.017204301075268817,0.8422845691382765,0.013603216155572362,0.00023403382633242772,
short_aggressive_compact_capacity,w09,2026-03-25,2026-03-26,2026-04-01,603589,0.015053763440860216,0.8380761523046092,0.008440514469453486,0.00012706150814231055,
short_aggressive_compact_capacity,w09,2026-03-25,2026-03-26,2026-04-01,688114,0.012903225806451613,0.8374749498997995,0.005374203821655987,6.934456544072242e-05,
short_aggressive_compact_capacity,w09,2026-03-25,2026-03-26,2026-04-01,688538,0.010752688172043012,0.8374749498997995,-0.012820512820512775,-0.0001378549765646535,
short_aggressive_compact_capacity,w09,2026-03-25,2026-03-26,2026-04-01,688772,0.008602150537634409,0.8350701402805611,-0.03589108910891092,-0.00030874055147450257,
short_aggressive_compact_capacity,w09,2026-03-25,2026-03-26,2026-04-01,000997,0.0064516129032258064,0.832064128256513,-0.013125911521633449,-8.468330013957064e-05,
short_aggressive_compact_capacity,w09,2026-03-25,2026-03-26,2026-04-01,603129,0.004301075268817204,0.829058116232465,0.020239464825940523,8.705146161694849e-05,
short_aggressive_compact_capacity,w09,2026-03-25,2026-03-26,2026-04-01,000528,0.002150537634408602,0.8266533066132264,0.008429926238145313,1.8128873630420027e-05,
short_aggressive_medium_capacity,w09,2026-03-25,2026-03-26,2026-04-01,601016,0.06451612903225806,0.9943887775551101,-0.21111111111111125,-0.013620071684587821,
short_aggressive_medium_capacity,w09,2026-03-25,2026-03-26,2026-04-01,300432,0.06236559139784946,0.9925851703406814,-0.027906976744186074,-0.0017404351087771958,
short_aggressive_medium_capacity,w09,2026-03-25,2026-03-26,2026-04-01,300763,0.060215053763440864,0.9844689378757514,-0.1541501976284585,-0.009282162437842663,
short_aggressive_medium_capacity,w09,2026-03-25,2026-03-26,2026-04-01,002432,0.05806451612903226,0.9601202404809619,0.27064364207221336,0.015714792120322067,
short_aggressive_medium_capacity,w09,2026-03-25,2026-03-26,2026-04-01,603899,0.05591397849462366,0.9565130260521041,0.026527331189710512,0.001483248625661233,
short_aggressive_medium_capacity,w09,2026-03-25,2026-03-26,2026-04-01,000537,0.053763440860215055,0.9384769539078156,-0.17732793522267198,-0.009533759958208172,
short_aggressive_medium_capacity,w09,2026-03-25,2026-03-26,2026-04-01,600637,0.05161290322580645,0.9302605210420841,-0.004149377593361092,-0.00021416142417347573,
short_aggressive_medium_capacity,w09,2026-03-25,2026-03-26,2026-04-01,600032,0.04946236559139785,0.9186372745490982,-0.24731182795698914,-0.012232628049485484,
short_aggressive_medium_capacity,w09,2026-03-25,2026-03-26,2026-04-01,000921,0.047311827956989246,0.907815631262525,-0.006666666666666599,-0.0003154121863799251,
short_aggressive_medium_capacity,w09,2026-03-25,2026-03-26,2026-04-01,601615,0.04516129032258064,0.9059118236472945,-0.1246753246753246,-0.005630498533724337,
short_aggressive_medium_capacity,w09,2026-03-25,2026-03-26,2026-04-01,002465,0.043010752688172046,0.9038076152304608,0.01432469304229178,0.0006161158297759906,
short_aggressive_medium_capacity,w09,2026-03-25,2026-03-26,2026-04-01,300699,0.04086021505376344,0.8713426853707414,0.03568215892053961,0.001457980687075812,
short_aggressive_medium_capacity,w09,2026-03-25,2026-03-26,2026-04-01,000785,0.03870967741935484,0.8693386773547093,-0.03149606299212604,-0.001219202438404879,
short_aggressive_medium_capacity,w09,2026-03-25,2026-03-26,2026-04-01,688235,0.03655913978494624,0.866933867735471,0.13503202071126874,0.00493665452062703,
short_aggressive_medium_capacity,w09,2026-03-25,2026-03-26,2026-04-01,002558,0.034408602150537634,0.865130260521042,0.06411042944785272,0.0022059502605712767,
short_aggressive_medium_capacity,w09,2026-03-25,2026-03-26,2026-04-01,000629,0.03225806451612903,0.8614228456913827,0.002958579881656931,9.543806069861066e-05,
short_aggressive_medium_capacity,w09,2026-03-25,2026-03-26,2026-04-01,601198,0.030107526881720432,0.8609218436873747,-0.018081761006289332,-0.0005443971055657003,
short_aggressive_medium_capacity,w09,2026-03-25,2026-03-26,2026-04-01,300142,0.02795698924731183,0.8590180360721442,0.08016877637130815,0.0022412776189828084,
short_aggressive_medium_capacity,w09,2026-03-25,2026-03-26,2026-04-01,600988,0.025806451612903226,0.8590180360721442,0.18314636055309164,0.004726357691692687,
short_aggressive_medium_capacity,w09,2026-03-25,2026-03-26,2026-04-01,300679,0.023655913978494623,0.8564128256513026,-0.010724637681159388,-0.0002537011064360285,
short_aggressive_medium_capacity,w09,2026-03-25,2026-03-26,2026-04-01,688608,0.021505376344086023,0.8564128256513026,0.07290767903364981,0.0015679070759924692,
short_aggressive_medium_capacity,w09,2026-03-25,2026-03-26,2026-04-01,688278,0.01935483870967742,0.8440881763527054,0.012428008487420428,0.0002405420997565244,
short_aggressive_medium_capacity,w09,2026-03-25,2026-03-26,2026-04-01,688692,0.017204301075268817,0.8422845691382765,0.013603216155572362,0.00023403382633242772,
short_aggressive_medium_capacity,w09,2026-03-25,2026-03-26,2026-04-01,603589,0.015053763440860216,0.8380761523046092,0.008440514469453486,0.00012706150814231055,
short_aggressive_medium_capacity,w09,2026-03-25,2026-03-26,2026-04-01,688114,0.012903225806451613,0.8374749498997995,0.005374203821655987,6.934456544072242e-05,
short_aggressive_medium_capacity,w09,2026-03-25,2026-03-26,2026-04-01,688538,0.010752688172043012,0.8374749498997995,-0.012820512820512775,-0.0001378549765646535,
short_aggressive_medium_capacity,w09,2026-03-25,2026-03-26,2026-04-01,688772,0.008602150537634409,0.8350701402805611,-0.03589108910891092,-0.00030874055147450257,
short_aggressive_medium_capacity,w09,2026-03-25,2026-03-26,2026-04-01,000997,0.0064516129032258064,0.832064128256513,-0.013125911521633449,-8.468330013957064e-05,
short_aggressive_medium_capacity,w09,2026-03-25,2026-03-26,2026-04-01,603129,0.004301075268817204,0.829058116232465,0.020239464825940523,8.705146161694849e-05,
short_aggressive_medium_capacity,w09,2026-03-25,2026-03-26,2026-04-01,000528,0.002150537634408602,0.8266533066132264,0.008429926238145313,1.8128873630420027e-05,
short_aggressive_wide_capacity,w09,2026-03-25,2026-03-26,2026-04-01,001389,0.055,0.9182114228456913,0.13036536113459185,0.007170094862402551,
short_aggressive_wide_capacity,w09,2026-03-25,2026-03-26,2026-04-01,301536,0.055,0.9182114228456913,-0.042550242550242645,-0.0023402633402633457,
short_aggressive_wide_capacity,w09,2026-03-25,2026-03-26,2026-04-01,301611,0.055,0.9182114228456913,-0.01868875644004442,-0.001027881604202443,
short_aggressive_wide_capacity,w09,2026-03-25,2026-03-26,2026-04-01,688629,0.055,0.9182114228456913,0.01328601328601331,0.0007307307307307321,
short_aggressive_wide_capacity,w09,2026-03-25,2026-03-26,2026-04-01,000060,0.055,0.9116733466933867,0.016313213703099683,0.0008972267536704826,
short_aggressive_wide_capacity,w09,2026-03-25,2026-03-26,2026-04-01,600392,0.055,0.9116733466933867,0.017294900221729526,0.0009512195121951239,
short_aggressive_wide_capacity,w09,2026-03-25,2026-03-26,2026-04-01,603341,0.05360000000000002,0.9116733466933867,-0.009086188992731059,-0.000487019730010385,
short_aggressive_wide_capacity,w09,2026-03-25,2026-03-26,2026-04-01,688582,0.05136666666666666,0.9116733466933867,-0.006620268205737467,-0.00034006111016804787,
short_aggressive_wide_capacity,w09,2026-03-25,2026-03-26,2026-04-01,688709,0.049133333333333334,0.9116733466933867,-0.005767012687427964,-0.0002833525567089606,
short_aggressive_wide_capacity,w09,2026-03-25,2026-03-26,2026-04-01,000021,0.0469,0.8963426853707415,-0.09378185524974514,-0.004398369011213047,
short_aggressive_wide_capacity,w09,2026-03-25,2026-03-26,2026-04-01,000657,0.044666666666666674,0.8963426853707415,-0.013723511604439964,-0.0006129835183316518,
short_aggressive_wide_capacity,w09,2026-03-25,2026-03-26,2026-04-01,002025,0.04243333333333334,0.8963426853707415,0.004456054087277339,0.00018908522843680178,
short_aggressive_wide_capacity,w09,2026-03-25,2026-03-26,2026-04-01,002156,0.0402,0.8963426853707415,-0.02550551470588247,-0.0010253216911764753,
short_aggressive_wide_capacity,w09,2026-03-25,2026-03-26,2026-04-01,002195,0.03796666666666667,0.8963426853707415,-0.013029315960912169,-0.000494679695982632,
short_aggressive_wide_capacity,w09,2026-03-25,2026-03-26,2026-04-01,002202,0.03573333333333334,0.8963426853707415,-0.10208406923348634,-0.0036478040739432458,
short_aggressive_wide_capacity,w09,2026-03-25,2026-03-26,2026-04-01,002281,0.0335,0.8963426853707415,0.006130711393869337,0.0002053788316946228,
short_aggressive_wide_capacity,w09,2026-03-25,2026-03-26,2026-04-01,002335,0.031266666666666665,0.8963426853707415,-0.07016683022571146,-0.0021938828917239116,
short_aggressive_wide_capacity,w09,2026-03-25,2026-03-26,2026-04-01,002436,0.029033333333333335,0.8963426853707415,-0.02274881516587679,-0.0006604739336492895,
short_aggressive_wide_capacity,w09,2026-03-25,2026-03-26,2026-04-01,300136,0.02680000000000001,0.8963426853707415,0.010092918936238204,0.000270490227491184,
short_aggressive_wide_capacity,w09,2026-03-25,2026-03-26,2026-04-01,300223,0.024566666666666667,0.8963426853707415,-0.054448522985492076,-0.001337618714676922,
short_aggressive_wide_capacity,w09,2026-03-25,2026-03-26,2026-04-01,300285,0.022333333333333337,0.8963426853707415,-0.011653543307086678,-0.0002602624671916025,
short_aggressive_wide_capacity,w09,2026-03-25,2026-03-26,2026-04-01,300383,0.0201,0.8963426853707415,-0.03181568842567206,-0.0006394953373560085,
short_aggressive_wide_capacity,w09,2026-03-25,2026-03-26,2026-04-01,300395,0.01786666666666667,0.8963426853707415,-0.023686920700308978,-0.00042320631651218715,
short_aggressive_wide_capacity,w09,2026-03-25,2026-03-26,2026-04-01,300570,0.015633333333333332,0.8963426853707415,-0.06954114587702365,-0.0010871599138774697,
short_aggressive_wide_capacity,w09,2026-03-25,2026-03-26,2026-04-01,300757,0.013400000000000006,0.8963426853707415,0.07822468033841679,0.0010482107165347854,
short_aggressive_wide_capacity,w09,2026-03-25,2026-03-26,2026-04-01,301308,0.011166666666666668,0.8963426853707415,-0.11547788029335226,-0.0012895029966091005,
short_aggressive_wide_capacity,w09,2026-03-25,2026-03-26,2026-04-01,600487,0.008933333333333335,0.8963426853707415,0.07867967614697946,0.0007028717735796833,
short_aggressive_wide_capacity,w09,2026-03-25,2026-03-26,2026-04-01,600498,0.006700000000000003,0.8963426853707415,0.04068157614483492,0.0002725665601703941,
short_aggressive_wide_capacity,w09,2026-03-25,2026-03-26,2026-04-01,600549,0.004466666666666667,0.8963426853707415,-0.04043865661411927,-0.0001806259995430661,
short_aggressive_wide_capacity,w09,2026-03-25,2026-03-26,2026-04-01,600879,0.0022333333333333337,0.8963426853707415,0.016355140186915973,3.652647975077901e-05,
stable_compact_capacity,w09,2026-03-25,2026-03-26,2026-04-01,000960,0.05000000000000002,0.9899799599198398,0.015293383270911454,0.000764669163545573,
stable_compact_capacity,w09,2026-03-25,2026-03-26,2026-04-01,301611,0.05000000000000002,0.9899799599198398,-0.01868875644004442,-0.0009344378220022213,
stable_compact_capacity,w09,2026-03-25,2026-03-26,2026-04-01,600879,0.05000000000000002,0.9899799599198398,0.016355140186915973,0.0008177570093457989,
stable_compact_capacity,w09,2026-03-25,2026-03-26,2026-04-01,601212,0.05000000000000002,0.9899799599198398,-0.004926108374384119,-0.00024630541871920606,
stable_compact_capacity,w09,2026-03-25,2026-03-26,2026-04-01,688568,0.05000000000000002,0.9899799599198398,-0.006721311475409775,-0.00033606557377048883,
stable_compact_capacity,w09,2026-03-25,2026-03-26,2026-04-01,601106,0.05000000000000002,0.9834669338677355,0.002309468822170757,0.00011547344110853789,
stable_compact_capacity,w09,2026-03-25,2026-03-26,2026-04-01,688375,0.05000000000000002,0.9834669338677355,0.04420098224404989,0.002210049112202495,
stable_compact_capacity,w09,2026-03-25,2026-03-26,2026-04-01,600363,0.05000000000000002,0.9809619238476954,0.00019561815336466282,9.780907668233144e-06,
stable_compact_capacity,w09,2026-03-25,2026-03-26,2026-04-01,688220,0.05000000000000002,0.9809619238476954,-0.01671113607639374,-0.0008355568038196872,
stable_compact_capacity,w09,2026-03-25,2026-03-26,2026-04-01,300454,0.05000000000000002,0.9557114228456913,-0.027749035838585345,-0.0013874517919292677,
stable_compact_capacity,w09,2026-03-25,2026-03-26,2026-04-01,605358,0.047619047619047644,0.9557114228456913,-0.00743604997025582,-0.00035409761763122974,
stable_compact_capacity,w09,2026-03-25,2026-03-26,2026-04-01,688709,0.04523809523809524,0.9557114228456913,-0.005767012687427964,-0.00026088866919316976,
stable_compact_capacity,w09,2026-03-25,2026-03-26,2026-04-01,002436,0.04285714285714283,0.9491983967935872,-0.02274881516587679,-0.000974949221394719,
stable_compact_capacity,w09,2026-03-25,2026-03-26,2026-04-01,002465,0.04047619047619047,0.9491983967935872,0.01432469304229178,0.0005798090040927625,
stable_compact_capacity,w09,2026-03-25,2026-03-26,2026-04-01,300627,0.038095238095238106,0.9491983967935872,0.03451463790446829,0.0013148433487416497,
stable_compact_capacity,w09,2026-03-25,2026-03-26,2026-04-01,000629,0.03571428571428571,0.9357715430861724,0.002958579881656931,0.00010566356720203323,
stable_compact_capacity,w09,2026-03-25,2026-03-26,2026-04-01,000987,0.03333333333333334,0.9357715430861724,0.010538641686182793,0.00035128805620609317,
stable_compact_capacity,w09,2026-03-25,2026-03-26,2026-04-01,002185,0.03095238095238096,0.9357715430861724,-0.057661927330173834,-0.0017847739411720478,
stable_compact_capacity,w09,2026-03-25,2026-03-26,2026-04-01,300699,0.028571428571428574,0.9357715430861724,0.03568215892053961,0.0010194902548725604,
stable_compact_capacity,w09,2026-03-25,2026-03-26,2026-04-01,600516,0.026190476190476195,0.9357715430861724,-0.018867924528301994,-0.0004941599281221952,
stable_compact_capacity,w09,2026-03-25,2026-03-26,2026-04-01,600637,0.023809523809523822,0.9357715430861724,-0.004149377593361092,-9.879470460383558e-05,
stable_compact_capacity,w09,2026-03-25,2026-03-26,2026-04-01,601615,0.021428571428571415,0.9357715430861724,-0.1246753246753246,-0.0026716141001855253,
stable_compact_capacity,w09,2026-03-25,2026-03-26,2026-04-01,000050,0.019047619047619053,0.9217434869739479,0.0,0.0,
stable_compact_capacity,w09,2026-03-25,2026-03-26,2026-04-01,000034,0.01666666666666667,0.8964929859719439,-0.038071065989847774,-0.0006345177664974631,
stable_compact_capacity,w09,2026-03-25,2026-03-26,2026-04-01,002266,0.014285714285714287,0.8964929859719439,-0.011682242990654124,-0.00016688918558077322,
stable_compact_capacity,w09,2026-03-25,2026-03-26,2026-04-01,002273,0.011904761904761911,0.8964929859719439,-0.04089219330855032,-0.00048681182510178976,
stable_compact_capacity,w09,2026-03-25,2026-03-26,2026-04-01,300003,0.009523809523809526,0.8964929859719439,0.045285359801488845,0.00043128914096656054,
stable_compact_capacity,w09,2026-03-25,2026-03-26,2026-04-01,300450,0.0071428571428571435,0.8964929859719439,0.004357750570657792,3.1126789790412804e-05,
stable_compact_capacity,w09,2026-03-25,2026-03-26,2026-04-01,300496,0.004761904761904763,0.8964929859719439,-0.028604118993134975,-0.0001362100904434999,
stable_compact_capacity,w09,2026-03-25,2026-03-26,2026-04-01,300919,0.0023809523809523816,0.8964929859719439,0.04955900881982367,0.00011799764004719924,
stable_compact_current,w09,2026-03-25,2026-03-26,2026-04-01,000657,0.02857142857142857,0.9225951903807614,-0.013723511604439964,-0.0003921003315554275,
stable_compact_current,w09,2026-03-25,2026-03-26,2026-04-01,300058,0.02857142857142857,0.7025551102204408,0.012491325468424685,0.0003568950133835624,
stable_compact_current,w09,2026-03-25,2026-03-26,2026-04-01,002195,0.02857142857142857,0.7025551102204408,-0.013029315960912169,-0.00037226617031177624,
stable_compact_current,w09,2026-03-25,2026-03-26,2026-04-01,002409,0.02857142857142857,0.7025551102204408,-0.038201160541586066,-0.0010914617297596019,
stable_compact_current,w09,2026-03-25,2026-03-26,2026-04-01,002436,0.02857142857142857,0.7025551102204408,-0.02274881516587679,-0.0006499661475964797,
stable_compact_current,w09,2026-03-25,2026-03-26,2026-04-01,002465,0.02857142857142857,0.7025551102204408,0.01432469304229178,0.0004092769440654794,
stable_compact_current,w09,2026-03-25,2026-03-26,2026-04-01,002738,0.02857142857142857,0.7025551102204408,0.15967039800995053,0.004562011371712872,
stable_compact_current,w09,2026-03-25,2026-03-26,2026-04-01,002851,0.02857142857142857,0.7025551102204408,-0.0051406401551891134,-0.00014687543300540324,
stable_compact_current,w09,2026-03-25,2026-03-26,2026-04-01,300136,0.02857142857142857,0.7025551102204408,0.010092918936238204,0.0002883691124639487,
stable_compact_current,w09,2026-03-25,2026-03-26,2026-04-01,002080,0.02857142857142857,0.7025551102204408,-0.00048555474629752293,-1.3872992751357798e-05,
stable_compact_current,w09,2026-03-25,2026-03-26,2026-04-01,300223,0.02857142857142857,0.7025551102204408,-0.054448522985492076,-0.0015556720852997735,
stable_compact_current,w09,2026-03-25,2026-03-26,2026-04-01,300285,0.02857142857142857,0.7025551102204408,-0.011653543307086678,-0.0003329583802024765,
stable_compact_current,w09,2026-03-25,2026-03-26,2026-04-01,300395,0.02857142857142857,0.7025551102204408,-0.023686920700308978,-0.0006767691628659707,
stable_compact_current,w09,2026-03-25,2026-03-26,2026-04-01,300454,0.02857142857142857,0.7025551102204408,-0.027749035838585345,-0.0007928295953881527,
stable_compact_current,w09,2026-03-25,2026-03-26,2026-04-01,300627,0.02857142857142857,0.7025551102204408,0.03451463790446829,0.0009861325115562368,
stable_compact_current,w09,2026-03-25,2026-03-26,2026-04-01,300748,0.02857142857142857,0.7025551102204408,0.02497567304573467,0.000713590658449562,
stable_compact_current,w09,2026-03-25,2026-03-26,2026-04-01,002156,0.02857142857142857,0.7025551102204408,-0.02550551470588247,-0.000728728991596642,
stable_compact_current,w09,2026-03-25,2026-03-26,2026-04-01,000960,0.02857142857142857,0.7025551102204408,0.015293383270911454,0.0004369538077403272,
stable_compact_current,w09,2026-03-25,2026-03-26,2026-04-01,002008,0.02857142857142857,0.9225951903807614,0.0032868993582719774,9.391141023634221e-05,
stable_compact_current,w09,2026-03-25,2026-03-26,2026-04-01,300757,0.02857142857142857,0.9225951903807614,0.07822468033841679,0.002234990866811908,
stable_compact_current,w09,2026-03-25,2026-03-26,2026-04-01,002202,0.02857142857142857,0.9225951903807614,-0.10208406923348634,-0.002916687692385324,
stable_compact_current,w09,2026-03-25,2026-03-26,2026-04-01,002429,0.02857142857142857,0.9225951903807614,-0.004081632653061273,-0.00011661807580175066,
stable_compact_current,w09,2026-03-25,2026-03-26,2026-04-01,003031,0.02857142857142857,0.9225951903807614,-0.02129230769230772,-0.0006083516483516492,
stable_compact_current,w09,2026-03-25,2026-03-26,2026-04-01,300383,0.02857142857142857,0.9225951903807614,-0.03181568842567206,-0.000909019669304916,
stable_compact_current,w09,2026-03-25,2026-03-26,2026-04-01,300567,0.02857142857142857,0.9225951903807614,-0.004288499025341119,-0.00012252854358117484,
stable_compact_current,w09,2026-03-25,2026-03-26,2026-04-01,300604,0.02857142857142857,0.9225951903807614,0.002738843241501643,7.825266404290407e-05,
stable_compact_current,w09,2026-03-25,2026-03-26,2026-04-01,300857,0.02857142857142857,0.9225951903807614,-0.019581664441477464,-0.0005594761268993561,
stable_compact_current,w09,2026-03-25,2026-03-26,2026-04-01,000878,0.02857142857142857,0.7025551102204408,-0.005904455179817414,-0.0001686987194233547,
stable_compact_current,w09,2026-03-25,2026-03-26,2026-04-01,301308,0.02857142857142857,0.9225951903807614,-0.11547788029335226,-0.003299368008381493,
stable_compact_current,w09,2026-03-25,2026-03-26,2026-04-01,600498,0.02857142857142857,0.9225951903807614,0.04068157614483492,0.0011623307469952834,
stable_compact_current,w09,2026-03-25,2026-03-26,2026-04-01,600549,0.02857142857142857,0.9225951903807614,-0.04043865661411927,-0.0011553901889748363,
stable_compact_current,w09,2026-03-25,2026-03-26,2026-04-01,000060,0.02857142857142857,0.7025551102204408,0.016313213703099683,0.00046609182008856235,
stable_compact_current,w09,2026-03-25,2026-03-26,2026-04-01,000426,0.02857142857142857,0.7025551102204408,0.03486924034869232,0.0009962640099626377,
stable_compact_current,w09,2026-03-25,2026-03-26,2026-04-01,000831,0.02857142857142857,0.7025551102204408,0.007933194154488676,0.00022666269012824788,
stable_compact_current,w09,2026-03-25,2026-03-26,2026-04-01,301611,0.02857142857142857,0.7025551102204408,-0.01868875644004442,-0.0005339644697155548,
stable_extra_wide_capacity,w09,2026-03-25,2026-03-26,2026-04-01,002432,0.06451612903225806,0.9804108216432865,0.27064364207221336,0.017460880133691185,
stable_extra_wide_capacity,w09,2026-03-25,2026-03-26,2026-04-01,000537,0.06236559139784946,0.9604208416833666,-0.17732793522267198,-0.011059161551521477,
stable_extra_wide_capacity,w09,2026-03-25,2026-03-26,2026-04-01,000539,0.060215053763440864,0.9247995991983968,-0.21581769436997322,-0.012995474069589787,
stable_extra_wide_capacity,w09,2026-03-25,2026-03-26,2026-04-01,300285,0.05806451612903226,0.895065130260521,-0.011653543307086678,-0.0006766573533147104,
stable_extra_wide_capacity,w09,2026-03-25,2026-03-26,2026-04-01,003031,0.05591397849462366,0.8831663326653306,-0.02129230769230772,-0.0011905376344086038,
stable_extra_wide_capacity,w09,2026-03-25,2026-03-26,2026-04-01,300395,0.053763440860215055,0.881813627254509,-0.023686920700308978,-0.0012734903602316654,
stable_extra_wide_capacity,w09,2026-03-25,2026-03-26,2026-04-01,000657,0.05161290322580645,0.878006012024048,-0.013723511604439964,-0.0007083102763581917,
stable_extra_wide_capacity,w09,2026-03-25,2026-03-26,2026-04-01,300223,0.04946236559139785,0.878006012024048,-0.054448522985492076,-0.002693152749820038,
stable_extra_wide_capacity,w09,2026-03-25,2026-03-26,2026-04-01,601106,0.047311827956989246,0.8760270541082165,0.002309468822170757,0.00010926519158657345,
stable_extra_wide_capacity,w09,2026-03-25,2026-03-26,2026-04-01,603688,0.04516129032258064,0.874123246492986,-0.018097447795823673,-0.00081730409400494,
stable_extra_wide_capacity,w09,2026-03-25,2026-03-26,2026-04-01,601016,0.043010752688172046,0.8726953907815631,-0.21111111111111125,-0.009080047789725217,
stable_extra_wide_capacity,w09,2026-03-25,2026-03-26,2026-04-01,000960,0.04086021505376344,0.8689629258517033,0.015293383270911454,0.0006248909293490702,
stable_extra_wide_capacity,w09,2026-03-25,2026-03-26,2026-04-01,002080,0.03870967741935484,0.8689629258517033,-0.00048555474629752293,-1.8795667598613793e-05,
stable_extra_wide_capacity,w09,2026-03-25,2026-03-26,2026-04-01,601958,0.03655913978494624,0.8689629258517033,0.02299465240641707,0.000840664711632452,
stable_extra_wide_capacity,w09,2026-03-25,2026-03-26,2026-04-01,688027,0.034408602150537634,0.8689629258517033,-0.0834673366834171,-0.0028719943805046743,
stable_extra_wide_capacity,w09,2026-03-25,2026-03-26,2026-04-01,300567,0.03225806451612903,0.8688877755511022,-0.004288499025341119,-0.0001383386782368103,
stable_extra_wide_capacity,w09,2026-03-25,2026-03-26,2026-04-01,601139,0.030107526881720432,0.8607464929859718,-0.031039136302294268,-0.0009345116306067092,
stable_extra_wide_capacity,w09,2026-03-25,2026-03-26,2026-04-01,600497,0.02795698924731183,0.8589679358717435,0.0037735849056603765,0.00010549807263136537,
stable_extra_wide_capacity,w09,2026-03-25,2026-03-26,2026-04-01,002851,0.025806451612903226,0.854684368737475,-0.0051406401551891134,-0.0001326616814242352,
stable_extra_wide_capacity,w09,2026-03-25,2026-03-26,2026-04-01,300604,0.023655913978494623,0.854684368737475,0.002738843241501643,6.478984012154424e-05,
stable_extra_wide_capacity,w09,2026-03-25,2026-03-26,2026-04-01,600549,0.021505376344086023,0.854684368737475,-0.04043865661411927,-0.0008696485293358985,
stable_extra_wide_capacity,w09,2026-03-25,2026-03-26,2026-04-01,603920,0.01935483870967742,0.854684368737475,0.0009678668215253872,1.873290622307201e-05,
stable_extra_wide_capacity,w09,2026-03-25,2026-03-26,2026-04-01,600563,0.017204301075268817,0.8517034068136271,-0.05278935439058274,-0.0009082039465046493,
stable_extra_wide_capacity,w09,2026-03-25,2026-03-26,2026-04-01,002409,0.015053763440860216,0.8512775551102204,-0.038201160541586066,-0.0005750712339593602,
stable_extra_wide_capacity,w09,2026-03-25,2026-03-26,2026-04-01,002156,0.012903225806451613,0.844689378757515,-0.02550551470588247,-0.0003291034155597738,
stable_extra_wide_capacity,w09,2026-03-25,2026-03-26,2026-04-01,300677,0.010752688172043012,0.844438877755511,-0.015499825844653481,-0.00016666479402853207,
stable_extra_wide_capacity,w09,2026-03-25,2026-03-26,2026-04-01,000060,0.008602150537634409,0.8436623246492986,0.016313213703099683,0.00014032872002666395,
stable_extra_wide_capacity,w09,2026-03-25,2026-03-26,2026-04-01,688281,0.0064516129032258064,0.8341432865731462,0.001632875221118546,1.0534678845926103e-05,
stable_extra_wide_capacity,w09,2026-03-25,2026-03-26,2026-04-01,600602,0.004301075268817204,0.8338176352705411,0.0462090623598026,0.00019874865531097893,
stable_extra_wide_capacity,w09,2026-03-25,2026-03-26,2026-04-01,000426,0.002150537634408602,0.8323146292585171,0.03486924034869232,7.498761365310177e-05,
stable_medium_capacity,w09,2026-03-25,2026-03-26,2026-04-01,003031,0.039999999999999994,0.956813627254509,-0.02129230769230772,-0.0008516923076923087,
stable_medium_capacity,w09,2026-03-25,2026-03-26,2026-04-01,301536,0.039999999999999994,0.923496993987976,-0.042550242550242645,-0.0017020097020097056,
stable_medium_capacity,w09,2026-03-25,2026-03-26,2026-04-01,300054,0.039999999999999994,0.8959669338677355,0.04506437768240357,0.0018025751072961423,
stable_medium_capacity,w09,2026-03-25,2026-03-26,2026-04-01,603589,0.039999999999999994,0.8986973947895791,0.008440514469453486,0.0003376205787781394,
stable_medium_capacity,w09,2026-03-25,2026-03-26,2026-04-01,603979,0.039999999999999994,0.9129008016032063,0.023425564420302303,0.0009370225768120919,
stable_medium_capacity,w09,2026-03-25,2026-03-26,2026-04-01,603486,0.039999999999999994,0.9129008016032063,0.019607843137254832,0.0007843137254901931,
stable_medium_capacity,w09,2026-03-25,2026-03-26,2026-04-01,300285,0.039999999999999994,0.956813627254509,-0.011653543307086678,-0.00046614173228346704,
stable_medium_capacity,w09,2026-03-25,2026-03-26,2026-04-01,002517,0.039999999999999994,0.9129008016032063,0.04450549450549457,0.0017802197802197824,
stable_medium_capacity,w09,2026-03-25,2026-03-26,2026-04-01,688629,0.039999999999999994,0.923496993987976,0.01328601328601331,0.0005314405314405323,
stable_medium_capacity,w09,2026-03-25,2026-03-26,2026-04-01,603077,0.039999999999999994,0.923496993987976,-0.007067137809187329,-0.0002826855123674931,
stable_medium_capacity,w09,2026-03-25,2026-03-26,2026-04-01,002558,0.039999999999999994,0.9129008016032063,0.06411042944785272,0.0025644171779141086,
stable_medium_capacity,w09,2026-03-25,2026-03-26,2026-04-01,001389,0.039999999999999994,0.923496993987976,0.13036536113459185,0.005214614445383673,
stable_medium_capacity,w09,2026-03-25,2026-03-26,2026-04-01,002202,0.039999999999999994,0.931563126252505,-0.10208406923348634,-0.004083362769339453,
stable_medium_capacity,w09,2026-03-25,2026-03-26,2026-04-01,603444,0.039999999999999994,0.9334168336673345,0.005092468507102543,0.0002036987402841017,
stable_medium_capacity,w09,2026-03-25,2026-03-26,2026-04-01,300383,0.039999999999999994,0.9345440881763527,-0.03181568842567206,-0.0012726275370268823,
stable_medium_capacity,w09,2026-03-25,2026-03-26,2026-04-01,688772,0.039999999999999994,0.9455160320641282,-0.03589108910891092,-0.0014356435643564367,
stable_medium_capacity,w09,2026-03-25,2026-03-26,2026-04-01,603786,0.039999999999999994,0.9455160320641282,0.017123918247099912,0.0006849567298839964,
stable_medium_capacity,w09,2026-03-25,2026-03-26,2026-04-01,300679,0.039999999999999994,0.9455160320641282,-0.010724637681159388,-0.00042898550724637544,
stable_medium_capacity,w09,2026-03-25,2026-03-26,2026-04-01,000528,0.039999999999999994,0.9455160320641282,0.008429926238145313,0.0003371970495258125,
stable_medium_capacity,w09,2026-03-25,2026-03-26,2026-04-01,002008,0.039999999999999994,0.9520791583166333,0.0032868993582719774,0.00013147597433087906,
stable_medium_capacity,w09,2026-03-25,2026-03-26,2026-04-01,002429,0.03636363636363643,0.8942134268537074,-0.004081632653061273,-0.00014842300556586476,
stable_medium_capacity,w09,2026-03-25,2026-03-26,2026-04-01,301308,0.03272727272727277,0.8942134268537074,-0.11547788029335226,-0.0037792760823278974,
stable_medium_capacity,w09,2026-03-25,2026-03-26,2026-04-01,002273,0.029090909090909126,0.8937374749498997,-0.04089219330855032,-0.0011895910780669197,
stable_medium_capacity,w09,2026-03-25,2026-03-26,2026-04-01,600132,0.025454545454545487,0.8857715430861723,-0.0029621885345879617,-7.540116269860275e-05,
stable_medium_capacity,w09,2026-03-25,2026-03-26,2026-04-01,600177,0.021818181818181834,0.8857715430861723,-0.0013020833333332593,-2.8409090909089313e-05,
stable_medium_capacity,w09,2026-03-25,2026-03-26,2026-04-01,600901,0.018181818181818216,0.8857715430861723,0.0215716486902926,0.00039221179436895706,
stable_medium_capacity,w09,2026-03-25,2026-03-26,2026-04-01,000785,0.014545454545454563,0.8795841683366732,-0.03149606299212604,-0.0004581245526127429,
stable_medium_capacity,w09,2026-03-25,2026-03-26,2026-04-01,000997,0.010909090909090917,0.8795841683366732,-0.013125911521633449,-0.0001431917620541832,
stable_medium_capacity,w09,2026-03-25,2026-03-26,2026-04-01,002568,0.007272727272727281,0.8795841683366732,0.008064516129032251,5.86510263929619e-05,
stable_medium_capacity,w09,2026-03-25,2026-03-26,2026-04-01,301498,0.0036363636363636407,0.8795841683366732,0.012333965844402162,4.485078488873519e-05,
balanced_extra_wide_capacity,w10,2026-04-01,2026-04-02,2026-04-09,000060,0.06451612903225806,0.9271292585170341,0.01123595505617958,0.0007249003262051342,
balanced_extra_wide_capacity,w10,2026-04-01,2026-04-02,2026-04-09,002465,0.06236559139784946,0.9271292585170341,0.0020174848688636615,0.000125821636982895,
balanced_extra_wide_capacity,w10,2026-04-01,2026-04-02,2026-04-09,300223,0.060215053763440864,0.9271292585170341,0.012015897957297295,0.0007235379415146758,
balanced_extra_wide_capacity,w10,2026-04-01,2026-04-02,2026-04-09,600497,0.05806451612903226,0.9271292585170341,0.027568922305764243,0.0016007761338830851,
balanced_extra_wide_capacity,w10,2026-04-01,2026-04-02,2026-04-09,688027,0.05591397849462366,0.9271292585170341,-0.0014986201728894866,-8.379381611855195e-05,
balanced_extra_wide_capacity,w10,2026-04-01,2026-04-02,2026-04-09,000831,0.053763440860215055,0.9174849699398797,0.07104391052195536,0.0038195650818255568,
balanced_extra_wide_capacity,w10,2026-04-01,2026-04-02,2026-04-09,000878,0.05161290322580645,0.9174849699398797,0.011879049676025932,0.0006131122413432739,
balanced_extra_wide_capacity,w10,2026-04-01,2026-04-02,2026-04-09,002335,0.04946236559139785,0.9174849699398797,0.03377308707124005,0.0016704967798677874,
balanced_extra_wide_capacity,w10,2026-04-01,2026-04-02,2026-04-09,300454,0.047311827956989246,0.9174849699398797,-0.005901702786377694,-0.0002792203468823855,
balanced_extra_wide_capacity,w10,2026-04-01,2026-04-02,2026-04-09,300627,0.04516129032258064,0.9174849699398797,-0.005957700327673621,-0.0002690574341530022,
balanced_extra_wide_capacity,w10,2026-04-01,2026-04-02,2026-04-09,300748,0.043010752688172046,0.9174849699398797,0.034810126582278444,0.0014972097454743418,
balanced_extra_wide_capacity,w10,2026-04-01,2026-04-02,2026-04-09,600363,0.04086021505376344,0.9174849699398797,0.0031292783101897204,0.00012786298471742944,
balanced_extra_wide_capacity,w10,2026-04-01,2026-04-02,2026-04-09,605358,0.03870967741935484,0.9174849699398797,0.0560383578064132,0.00216922675379664,
balanced_extra_wide_capacity,w10,2026-04-01,2026-04-02,2026-04-09,688122,0.03655913978494624,0.9174849699398797,0.003754171301445952,0.0001372492733861961,
balanced_extra_wide_capacity,w10,2026-04-01,2026-04-02,2026-04-09,688220,0.034408602150537634,0.9174849699398797,0.031133961725221537,0.0010712761023732142,
balanced_extra_wide_capacity,w10,2026-04-01,2026-04-02,2026-04-09,688281,0.03225806451612903,0.9174849699398797,-0.003667979894036111,-0.00011832193206568099,
balanced_extra_wide_capacity,w10,2026-04-01,2026-04-02,2026-04-09,688347,0.030107526881720432,0.9174849699398797,0.04975866608161472,0.001498110376650766,
balanced_extra_wide_capacity,w10,2026-04-01,2026-04-02,2026-04-09,688385,0.02795698924731183,0.9174849699398797,0.041353383458646586,0.0011561160966933454,
balanced_extra_wide_capacity,w10,2026-04-01,2026-04-02,2026-04-09,688709,0.025806451612903226,0.9174849699398797,0.03225058004640369,0.000832273033455579,
balanced_extra_wide_capacity,w10,2026-04-01,2026-04-02,2026-04-09,002156,0.023655913978494623,0.9100450901803607,0.05493987267153977,0.0012996529019073924,
balanced_extra_wide_capacity,w10,2026-04-01,2026-04-02,2026-04-09,002409,0.021505376344086023,0.9059118236472945,0.06146304675716441,0.0013217859517669767,
balanced_extra_wide_capacity,w10,2026-04-01,2026-04-02,2026-04-09,300570,0.01935483870967742,0.9059118236472945,0.1565993508835195,0.0030309551783907003,
balanced_extra_wide_capacity,w10,2026-04-01,2026-04-02,2026-04-09,600392,0.017204301075268817,0.9059118236472945,0.10156931124673063,0.001747429010696441,
balanced_extra_wide_capacity,w10,2026-04-01,2026-04-02,2026-04-09,601168,0.015053763440860216,0.9059118236472945,0.03935804356132966,0.0005924866772673282,
balanced_extra_wide_capacity,w10,2026-04-01,2026-04-02,2026-04-09,002080,0.012903225806451613,0.9009519038076151,0.04663589992713146,0.0006017535474468576,
balanced_extra_wide_capacity,w10,2026-04-01,2026-04-02,2026-04-09,003031,0.010752688172043012,0.9009519038076151,0.21315392354124763,0.0022919776724865336,
balanced_extra_wide_capacity,w10,2026-04-01,2026-04-02,2026-04-09,300285,0.008602150537634409,0.9009519038076151,0.015933715742511234,0.00013706422144095685,
balanced_extra_wide_capacity,w10,2026-04-01,2026-04-02,2026-04-09,300395,0.0064516129032258064,0.9009519038076151,0.03354430379746853,0.00021641486320947442,
balanced_extra_wide_capacity,w10,2026-04-01,2026-04-02,2026-04-09,601106,0.004301075268817204,0.9009519038076151,-0.025345622119815503,-0.00010901342847232474,
balanced_extra_wide_capacity,w10,2026-04-01,2026-04-02,2026-04-09,603688,0.002150537634408602,0.9009519038076151,0.07585066162570886,0.00016311970242087926,
balanced_medium_current,w10,2026-04-01,2026-04-02,2026-04-09,688220,0.016666666666666666,0.9653306613226453,0.031133961725221537,0.0005188993620870256,
balanced_medium_current,w10,2026-04-01,2026-04-02,2026-04-09,688385,0.016666666666666666,0.9653306613226453,0.041353383458646586,0.0006892230576441097,
balanced_medium_current,w10,2026-04-01,2026-04-02,2026-04-09,688027,0.016666666666666666,0.8266032064128257,-0.0014986201728894866,-2.4977002881491444e-05,
balanced_medium_current,w10,2026-04-01,2026-04-02,2026-04-09,688375,0.016666666666666666,0.8266032064128257,-0.0034370477568740343,-5.728412928123391e-05,
balanced_medium_current,w10,2026-04-01,2026-04-02,2026-04-09,688525,0.016666666666666666,0.8266032064128257,0.05528756957328396,0.0009214594928880659,
balanced_medium_current,w10,2026-04-01,2026-04-02,2026-04-09,688568,0.016666666666666666,0.8266032064128257,-0.017164548605380525,-0.0002860758100896754,
balanced_medium_current,w10,2026-04-01,2026-04-02,2026-04-09,688629,0.016666666666666666,0.8266032064128257,0.13884149079479124,0.002314024846579854,
balanced_medium_current,w10,2026-04-01,2026-04-02,2026-04-09,002025,0.016666666666666666,0.8184368737474951,0.19657335169037782,0.0032762225281729638,
balanced_medium_current,w10,2026-04-01,2026-04-02,2026-04-09,002432,0.016666666666666666,0.8184368737474951,0.08734865332344954,0.001455810888724159,
balanced_medium_current,w10,2026-04-01,2026-04-02,2026-04-09,601016,0.016666666666666666,0.8184368737474951,-0.05633802816901412,-0.0009389671361502354,
balanced_medium_current,w10,2026-04-01,2026-04-02,2026-04-09,000785,0.016666666666666666,0.8054108216432866,-0.024390243902439046,-0.0004065040650406508,
balanced_medium_current,w10,2026-04-01,2026-04-02,2026-04-09,002558,0.016666666666666666,0.8054108216432866,-0.04958201210723545,-0.0008263668684539242,
balanced_medium_current,w10,2026-04-01,2026-04-02,2026-04-09,002837,0.016666666666666666,0.8054108216432866,0.06779077770130759,0.0011298462950217931,
balanced_medium_current,w10,2026-04-01,2026-04-02,2026-04-09,300002,0.016666666666666666,0.8054108216432866,-0.006282722513089034,-0.00010471204188481724,
balanced_medium_current,w10,2026-04-01,2026-04-02,2026-04-09,300207,0.016666666666666666,0.8054108216432866,-0.017322834645669194,-0.00028871391076115325,
balanced_medium_current,w10,2026-04-01,2026-04-02,2026-04-09,300339,0.016666666666666666,0.8054108216432866,0.007575757575757569,0.00012626262626262615,
balanced_medium_current,w10,2026-04-01,2026-04-02,2026-04-09,300474,0.016666666666666666,0.8054108216432866,0.005320974939924561,8.868291566540934e-05,
balanced_medium_current,w10,2026-04-01,2026-04-02,2026-04-09,600171,0.016666666666666666,0.8054108216432866,-0.0025669233590025486,-4.278205598337581e-05,
balanced_medium_current,w10,2026-04-01,2026-04-02,2026-04-09,600536,0.016666666666666666,0.8054108216432866,-0.00434900788257675,-7.24834647096125e-05,
balanced_medium_current,w10,2026-04-01,2026-04-02,2026-04-09,600699,0.016666666666666666,0.8054108216432866,0.05634920634920637,0.0009391534391534395,
balanced_medium_current,w10,2026-04-01,2026-04-02,2026-04-09,603129,0.016666666666666666,0.8054108216432866,0.03512362178416306,0.0005853936964027176,
balanced_medium_current,w10,2026-04-01,2026-04-02,2026-04-09,603979,0.016666666666666666,0.8054108216432866,0.021728313153093426,0.0003621385525515571,
balanced_medium_current,w10,2026-04-01,2026-04-02,2026-04-09,688561,0.016666666666666666,0.8054108216432866,-0.011333333333333306,-0.00018888888888888845,
balanced_medium_current,w10,2026-04-01,2026-04-02,2026-04-09,688608,0.016666666666666666,0.8054108216432866,-0.046412775001436146,-0.0007735462500239358,
balanced_medium_current,w10,2026-04-01,2026-04-02,2026-04-09,688692,0.016666666666666666,0.8054108216432866,0.0827376285569339,0.0013789604759488982,
balanced_medium_current,w10,2026-04-01,2026-04-02,2026-04-09,000657,0.016666666666666666,0.6924348697394789,0.005729486392469951,9.549143987449918e-05,
balanced_medium_current,w10,2026-04-01,2026-04-02,2026-04-09,300058,0.016666666666666666,0.6924348697394789,0.14187799862919803,0.002364633310486634,
balanced_medium_current,w10,2026-04-01,2026-04-02,2026-04-09,300136,0.016666666666666666,0.6924348697394789,0.014274385408406198,0.00023790642347343662,
balanced_medium_current,w10,2026-04-01,2026-04-02,2026-04-09,688387,0.016666666666666666,0.6924348697394789,0.03609625668449201,0.0006016042780748669,
balanced_medium_current,w10,2026-04-01,2026-04-02,2026-04-09,603920,0.016666666666666666,0.8266032064128257,0.10384838522529494,0.0017308064204215822,
balanced_medium_current,w10,2026-04-01,2026-04-02,2026-04-09,603688,0.016666666666666666,0.8266032064128257,0.07585066162570886,0.0012641776937618143,
balanced_medium_current,w10,2026-04-01,2026-04-02,2026-04-09,601958,0.016666666666666666,0.8266032064128257,0.006272869837950834,0.0001045478306325139,
balanced_medium_current,w10,2026-04-01,2026-04-02,2026-04-09,300285,0.016666666666666666,0.8266032064128257,0.015933715742511234,0.0002655619290418539,
balanced_medium_current,w10,2026-04-01,2026-04-02,2026-04-09,000060,0.016666666666666666,0.8266032064128257,0.01123595505617958,0.000187265917602993,
balanced_medium_current,w10,2026-04-01,2026-04-02,2026-04-09,000426,0.016666666666666666,0.8266032064128257,0.04837545126353793,0.0008062575210589654,
balanced_medium_current,w10,2026-04-01,2026-04-02,2026-04-09,000960,0.016666666666666666,0.8266032064128257,0.0033814940055332254,5.635823342555376e-05,
balanced_medium_current,w10,2026-04-01,2026-04-02,2026-04-09,002008,0.016666666666666666,0.8266032064128257,0.1912636505460219,0.003187727509100365,
balanced_medium_current,w10,2026-04-01,2026-04-02,2026-04-09,002080,0.016666666666666666,0.8266032064128257,0.04663589992713146,0.0007772649987855244,
balanced_medium_current,w10,2026-04-01,2026-04-02,2026-04-09,002195,0.016666666666666666,0.8266032064128257,0.0,0.0,
balanced_medium_current,w10,2026-04-01,2026-04-02,2026-04-09,002202,0.016666666666666666,0.8266032064128257,-0.06215578284815115,-0.0010359297141358526,
balanced_medium_current,w10,2026-04-01,2026-04-02,2026-04-09,002429,0.016666666666666666,0.8266032064128257,0.04815573770491799,0.0008025956284152999,
balanced_medium_current,w10,2026-04-01,2026-04-02,2026-04-09,002851,0.016666666666666666,0.8266032064128257,0.0,0.0,
balanced_medium_current,w10,2026-04-01,2026-04-02,2026-04-09,003031,0.016666666666666666,0.8266032064128257,0.21315392354124763,0.003552565392354127,
balanced_medium_current,w10,2026-04-01,2026-04-02,2026-04-09,300054,0.016666666666666666,0.8266032064128257,0.07494866529774113,0.0012491444216290188,
balanced_medium_current,w10,2026-04-01,2026-04-02,2026-04-09,300223,0.016666666666666666,0.8266032064128257,0.012015897957297295,0.0002002649659549549,
balanced_medium_current,w10,2026-04-01,2026-04-02,2026-04-09,300383,0.016666666666666666,0.8266032064128257,-0.009631728045325638,-0.0001605288007554273,
balanced_medium_current,w10,2026-04-01,2026-04-02,2026-04-09,601212,0.016666666666666666,0.8266032064128257,0.006188118811881305,0.00010313531353135507,
balanced_medium_current,w10,2026-04-01,2026-04-02,2026-04-09,300395,0.016666666666666666,0.8266032064128257,0.03354430379746853,0.0005590717299578089,
balanced_medium_current,w10,2026-04-01,2026-04-02,2026-04-09,300567,0.016666666666666666,0.8266032064128257,0.03148003132341426,0.000524667188723571,
balanced_medium_current,w10,2026-04-01,2026-04-02,2026-04-09,300604,0.016666666666666666,0.8266032064128257,0.07808483290488422,0.0013014138817480704,
balanced_medium_current,w10,2026-04-01,2026-04-02,2026-04-09,300757,0.016666666666666666,0.8266032064128257,0.23984255967496182,0.003997375994582697,
balanced_medium_current,w10,2026-04-01,2026-04-02,2026-04-09,300857,0.016666666666666666,0.8266032064128257,0.049069450748978616,0.0008178241791496436,
balanced_medium_current,w10,2026-04-01,2026-04-02,2026-04-09,301308,0.016666666666666666,0.8266032064128257,0.08822841095249245,0.0014704735158748742,
balanced_medium_current,w10,2026-04-01,2026-04-02,2026-04-09,301611,0.016666666666666666,0.8266032064128257,-0.010912085649577907,-0.0001818680941596318,
balanced_medium_current,w10,2026-04-01,2026-04-02,2026-04-09,600497,0.016666666666666666,0.8266032064128257,0.027568922305764243,0.000459482038429404,
balanced_medium_current,w10,2026-04-01,2026-04-02,2026-04-09,600498,0.016666666666666666,0.8266032064128257,0.12464183381088834,0.0020773638968481388,
balanced_medium_current,w10,2026-04-01,2026-04-02,2026-04-09,600549,0.016666666666666666,0.8266032064128257,0.042678571428571344,0.0007113095238095224,
balanced_medium_current,w10,2026-04-01,2026-04-02,2026-04-09,600879,0.016666666666666666,0.8266032064128257,-0.00873563218390816,-0.00014559386973180265,
balanced_medium_current,w10,2026-04-01,2026-04-02,2026-04-09,601106,0.016666666666666666,0.8266032064128257,-0.025345622119815503,-0.00042242703533025837,
balanced_medium_current,w10,2026-04-01,2026-04-02,2026-04-09,000027,0.016666666666666666,0.666683366733467,-0.037681159420289934,-0.0006280193236714988,
economic_medium_capacity,w10,2026-04-01,2026-04-02,2026-04-09,002007,0.05000000000000002,0.8907064128256513,-0.01736806947227787,-0.0008684034736138938,
economic_medium_capacity,w10,2026-04-01,2026-04-02,2026-04-09,002223,0.05000000000000002,0.8907064128256513,-0.05901256208004668,-0.0029506281040023352,
economic_medium_capacity,w10,2026-04-01,2026-04-02,2026-04-09,002262,0.05000000000000002,0.8907064128256513,-0.026839826839826886,-0.0013419913419913448,
economic_medium_capacity,w10,2026-04-01,2026-04-02,2026-04-09,300529,0.05000000000000002,0.8907064128256513,-0.031197771587743617,-0.0015598885793871814,
economic_medium_capacity,w10,2026-04-01,2026-04-02,2026-04-09,600062,0.05000000000000002,0.8907064128256513,-0.029803086748270258,-0.0014901543374135134,
economic_medium_capacity,w10,2026-04-01,2026-04-02,2026-04-09,600166,0.05000000000000002,0.8907064128256513,0.029900332225913706,0.0014950166112956858,
economic_medium_capacity,w10,2026-04-01,2026-04-02,2026-04-09,600739,0.05000000000000002,0.8907064128256513,-0.010462074978204061,-0.0005231037489102032,
economic_medium_capacity,w10,2026-04-01,2026-04-02,2026-04-09,603087,0.05000000000000002,0.8907064128256513,-0.026154787396757362,-0.0013077393698378685,
economic_medium_capacity,w10,2026-04-01,2026-04-02,2026-04-09,603658,0.05000000000000002,0.8907064128256513,0.002037845705967989,0.00010189228529839948,
economic_medium_capacity,w10,2026-04-01,2026-04-02,2026-04-09,688578,0.05000000000000002,0.8907064128256513,-0.020006062443164607,-0.0010003031221582307,
economic_medium_capacity,w10,2026-04-01,2026-04-02,2026-04-09,000060,0.047619047619047644,0.8561372745490982,0.01123595505617958,0.0005350454788656947,
economic_medium_capacity,w10,2026-04-01,2026-04-02,2026-04-09,000426,0.04523809523809524,0.8561372745490982,0.04837545126353793,0.002188413271445763,
economic_medium_capacity,w10,2026-04-01,2026-04-02,2026-04-09,000738,0.04285714285714283,0.8561372745490982,-0.02547475683186662,-0.0010917752927942829,
economic_medium_capacity,w10,2026-04-01,2026-04-02,2026-04-09,000831,0.04047619047619047,0.8561372745490982,0.07104391052195536,0.0028755868544600976,
economic_medium_capacity,w10,2026-04-01,2026-04-02,2026-04-09,000878,0.038095238095238106,0.8561372745490982,0.011879049676025932,0.00045253522575336896,
economic_medium_capacity,w10,2026-04-01,2026-04-02,2026-04-09,002203,0.03571428571428571,0.8561372745490982,0.04341833218470037,0.0015506547208821559,
economic_medium_capacity,w10,2026-04-01,2026-04-02,2026-04-09,002532,0.03333333333333334,0.8561372745490982,0.054189944134078294,0.0018063314711359434,
economic_medium_capacity,w10,2026-04-01,2026-04-02,2026-04-09,002738,0.03095238095238096,0.8561372745490982,0.04571658399249223,0.001415037123577141,
economic_medium_capacity,w10,2026-04-01,2026-04-02,2026-04-09,300395,0.028571428571428574,0.8561372745490982,0.03354430379746853,0.0009584086799276724,
economic_medium_capacity,w10,2026-04-01,2026-04-02,2026-04-09,300699,0.026190476190476195,0.8561372745490982,-0.006948465547191751,-0.0001819836214740697,
economic_medium_capacity,w10,2026-04-01,2026-04-02,2026-04-09,600118,0.023809523809523822,0.8561372745490982,-0.01013259944958722,-0.0002412523678473149,
economic_medium_capacity,w10,2026-04-01,2026-04-02,2026-04-09,600316,0.021428571428571415,0.8561372745490982,-0.0559386973180076,-0.0011986863711001621,
economic_medium_capacity,w10,2026-04-01,2026-04-02,2026-04-09,600339,0.019047619047619053,0.8561372745490982,0.11111111111111116,0.002116402116402118,
economic_medium_capacity,w10,2026-04-01,2026-04-02,2026-04-09,600392,0.01666666666666667,0.8561372745490982,0.10156931124673063,0.0016928218541121774,
economic_medium_capacity,w10,2026-04-01,2026-04-02,2026-04-09,600435,0.014285714285714287,0.8561372745490982,-0.008163265306122436,-0.00011661807580174909,
economic_medium_capacity,w10,2026-04-01,2026-04-02,2026-04-09,600685,0.011904761904761911,0.8561372745490982,-0.01673640167364021,-0.00019924287706714547,
economic_medium_capacity,w10,2026-04-01,2026-04-02,2026-04-09,600764,0.009523809523809526,0.8561372745490982,-0.01777594047126907,-0.00016929467115494356,
economic_medium_capacity,w10,2026-04-01,2026-04-02,2026-04-09,600765,0.0071428571428571435,0.8561372745490982,-0.014598540145985495,-0.00010427528675703926,
economic_medium_capacity,w10,2026-04-01,2026-04-02,2026-04-09,600862,0.004761904761904763,0.8561372745490982,-0.01114206128133699,-5.30574346730333e-05,
economic_medium_capacity,w10,2026-04-01,2026-04-02,2026-04-09,600879,0.0023809523809523816,0.8561372745490982,-0.00873563218390816,-2.0799124247400385e-05,
recent_compact_capacity,w10,2026-04-01,2026-04-02,2026-04-09,000060,0.045,0.5499498997995992,0.01123595505617958,0.0005056179775280811,
recent_compact_capacity,w10,2026-04-01,2026-04-02,2026-04-09,000426,0.045,0.5499498997995992,0.04837545126353793,0.0021768953068592068,
recent_compact_capacity,w10,2026-04-01,2026-04-02,2026-04-09,000738,0.045,0.5499498997995992,-0.02547475683186662,-0.0011463640574339979,
recent_compact_capacity,w10,2026-04-01,2026-04-02,2026-04-09,000831,0.045,0.5499498997995992,0.07104391052195536,0.003196975973487991,
recent_compact_capacity,w10,2026-04-01,2026-04-02,2026-04-09,000878,0.045,0.5499498997995992,0.011879049676025932,0.0005345572354211669,
recent_compact_capacity,w10,2026-04-01,2026-04-02,2026-04-09,000960,0.045,0.5499498997995992,0.0033814940055332254,0.00015216723024899514,
recent_compact_capacity,w10,2026-04-01,2026-04-02,2026-04-09,002080,0.045,0.5499498997995992,0.04663589992713146,0.002098615496720916,
recent_compact_capacity,w10,2026-04-01,2026-04-02,2026-04-09,002738,0.045,0.5499498997995992,0.04571658399249223,0.00205724627966215,
recent_compact_capacity,w10,2026-04-01,2026-04-02,2026-04-09,300395,0.045,0.5499498997995992,0.03354430379746853,0.0015094936708860839,
recent_compact_capacity,w10,2026-04-01,2026-04-02,2026-04-09,600339,0.045,0.5499498997995992,0.11111111111111116,0.005000000000000002,
recent_compact_capacity,w10,2026-04-01,2026-04-02,2026-04-09,600392,0.045,0.5499498997995992,0.10156931124673063,0.004570619006102878,
recent_compact_capacity,w10,2026-04-01,2026-04-02,2026-04-09,600435,0.045,0.5499498997995992,-0.008163265306122436,-0.0003673469387755096,
recent_compact_capacity,w10,2026-04-01,2026-04-02,2026-04-09,600497,0.045,0.5499498997995992,0.027568922305764243,0.0012406015037593908,
recent_compact_capacity,w10,2026-04-01,2026-04-02,2026-04-09,600549,0.045,0.5499498997995992,0.042678571428571344,0.0019205357142857103,
recent_compact_capacity,w10,2026-04-01,2026-04-02,2026-04-09,600583,0.04352941176470591,0.5499498997995992,0.016591251885369473,0.000722207435010201,
recent_compact_capacity,w10,2026-04-01,2026-04-02,2026-04-09,600871,0.040808823529411745,0.5499498997995992,-0.007017543859649145,-0.00028637770897832894,
recent_compact_capacity,w10,2026-04-01,2026-04-02,2026-04-09,600967,0.038088235294117645,0.5499498997995992,-0.019008825526137252,-0.0007240126193043453,
recent_compact_capacity,w10,2026-04-01,2026-04-02,2026-04-09,600968,0.03536764705882354,0.5499498997995992,-0.01573033707865179,-0.0005563450099140819,
recent_compact_capacity,w10,2026-04-01,2026-04-02,2026-04-09,601061,0.032647058823529425,0.5499498997995992,-0.0025510204081632404,-8.328331332532935e-05,
recent_compact_capacity,w10,2026-04-01,2026-04-02,2026-04-09,601168,0.029926470588235287,0.5499498997995992,0.03935804356132966,0.0011778473330486153,
recent_compact_capacity,w10,2026-04-01,2026-04-02,2026-04-09,601212,0.027205882352941184,0.5499498997995992,0.006188118811881305,0.00016835323238206494,
recent_compact_capacity,w10,2026-04-01,2026-04-02,2026-04-09,601958,0.02448529411764706,0.5499498997995992,0.006272869837950834,0.00015359306294394323,
recent_compact_capacity,w10,2026-04-01,2026-04-02,2026-04-09,603688,0.021764705882352953,0.5499498997995992,0.07585066162570886,0.001650867341265429,
recent_compact_capacity,w10,2026-04-01,2026-04-02,2026-04-09,603979,0.019044117647058822,0.5499498997995992,0.021728313153093426,0.00041379655195964685,
recent_compact_capacity,w10,2026-04-01,2026-04-02,2026-04-09,688122,0.016323529411764712,0.5499498997995992,0.003754171301445952,6.1281325655956e-05,
recent_compact_capacity,w10,2026-04-01,2026-04-02,2026-04-09,688281,0.013602941176470592,0.5499498997995992,-0.003667979894036111,-4.989531473505005e-05,
recent_compact_capacity,w10,2026-04-01,2026-04-02,2026-04-09,688563,0.010882352941176477,0.5499498997995992,-0.02281368821292784,-0.0002482666070230384,
recent_compact_capacity,w10,2026-04-01,2026-04-02,2026-04-09,002821,0.008161764705882356,0.5492234468937875,-0.00492408699220348,-4.018923942166077e-05,
recent_compact_capacity,w10,2026-04-01,2026-04-02,2026-04-09,000519,0.005441176470588238,0.5488476953907815,-0.005896226415094463,-3.2082408435072834e-05,
recent_compact_capacity,w10,2026-04-01,2026-04-02,2026-04-09,000825,0.002720588235294119,0.5488476953907815,0.0022522522522521182,6.127450980391796e-06,
recent_compact_current,w10,2026-04-01,2026-04-02,2026-04-09,603979,0.06451612903225806,0.9792084168336672,0.021728313153093426,0.0014018266550382854,
recent_compact_current,w10,2026-04-01,2026-04-02,2026-04-09,300395,0.06236559139784946,0.9692134268537074,0.03354430379746853,0.0020920103443582525,
recent_compact_current,w10,2026-04-01,2026-04-02,2026-04-09,000060,0.060215053763440864,0.8682114228456914,0.01123595505617958,0.0006765736377914586,
recent_compact_current,w10,2026-04-01,2026-04-02,2026-04-09,000426,0.05806451612903226,0.8682114228456914,0.04837545126353793,0.002808897170140912,
recent_compact_current,w10,2026-04-01,2026-04-02,2026-04-09,000960,0.05591397849462366,0.8682114228456914,0.0033814940055332254,0.00018907278310508358,
recent_compact_current,w10,2026-04-01,2026-04-02,2026-04-09,002080,0.053763440860215055,0.8682114228456914,0.04663589992713146,0.00250730644769524,
recent_compact_current,w10,2026-04-01,2026-04-02,2026-04-09,002738,0.05161290322580645,0.8682114228456914,0.04571658399249223,0.002359565625418954,
recent_compact_current,w10,2026-04-01,2026-04-02,2026-04-09,600339,0.04946236559139785,0.8682114228456914,0.11111111111111116,0.005495818399044208,
recent_compact_current,w10,2026-04-01,2026-04-02,2026-04-09,600497,0.047311827956989246,0.8682114228456914,0.027568922305764243,0.001304336109089921,
recent_compact_current,w10,2026-04-01,2026-04-02,2026-04-09,600549,0.04516129032258064,0.8682114228456914,0.042678571428571344,0.0019274193548387058,
recent_compact_current,w10,2026-04-01,2026-04-02,2026-04-09,600583,0.043010752688172046,0.8682114228456914,0.016591251885369473,0.0007136022316287946,
recent_compact_current,w10,2026-04-01,2026-04-02,2026-04-09,600871,0.04086021505376344,0.8682114228456914,-0.007017543859649145,-0.0002867383512544812,
recent_compact_current,w10,2026-04-01,2026-04-02,2026-04-09,600968,0.03870967741935484,0.8682114228456914,-0.01573033707865179,-0.0006089162740123274,
recent_compact_current,w10,2026-04-01,2026-04-02,2026-04-09,601212,0.03655913978494624,0.8682114228456914,0.006188118811881305,0.00022623230064942404,
recent_compact_current,w10,2026-04-01,2026-04-02,2026-04-09,601958,0.034408602150537634,0.8682114228456914,0.006272869837950834,0.00021584068259615773,
recent_compact_current,w10,2026-04-01,2026-04-02,2026-04-09,603688,0.03225806451612903,0.8682114228456914,0.07585066162570886,0.002446795536313189,
recent_compact_current,w10,2026-04-01,2026-04-02,2026-04-09,688563,0.030107526881720432,0.8682114228456914,-0.02281368821292784,-0.0006868637311419135,
recent_compact_current,w10,2026-04-01,2026-04-02,2026-04-09,002432,0.02795698924731183,0.8544088176352705,0.08734865332344954,0.0024420053617308477,
recent_compact_current,w10,2026-04-01,2026-04-02,2026-04-09,002821,0.025806451612903226,0.8544088176352705,-0.00492408699220348,-0.0001270732127020253,
recent_compact_current,w10,2026-04-01,2026-04-02,2026-04-09,000933,0.023655913978494623,0.8472695390781564,0.11779851947215958,0.0027866316434274306,
recent_compact_current,w10,2026-04-01,2026-04-02,2026-04-09,002203,0.021505376344086023,0.8472695390781564,0.04341833218470037,0.0009337275738645241,
recent_compact_current,w10,2026-04-01,2026-04-02,2026-04-09,002318,0.01935483870967742,0.8472695390781564,0.037581699346405095,0.0007273877292852599,
recent_compact_current,w10,2026-04-01,2026-04-02,2026-04-09,002532,0.017204301075268817,0.8472695390781564,0.054189944134078294,0.0009323001141346803,
recent_compact_current,w10,2026-04-01,2026-04-02,2026-04-09,300699,0.015053763440860216,0.8472695390781564,-0.006948465547191751,-0.00010460055662439196,
recent_compact_current,w10,2026-04-01,2026-04-02,2026-04-09,600316,0.012903225806451613,0.8472695390781564,-0.0559386973180076,-0.0007217896428130013,
recent_compact_current,w10,2026-04-01,2026-04-02,2026-04-09,688297,0.010752688172043012,0.8472695390781564,-0.03907815631262512,-0.0004201952291680121,
recent_compact_current,w10,2026-04-01,2026-04-02,2026-04-09,000785,0.008602150537634409,0.8031062124248497,-0.024390243902439046,-0.0002098085496984004,
recent_compact_current,w10,2026-04-01,2026-04-02,2026-04-09,002558,0.0064516129032258064,0.8031062124248497,-0.04958201210723545,-0.0003198839490789384,
recent_compact_current,w10,2026-04-01,2026-04-02,2026-04-09,002837,0.004301075268817204,0.8031062124248497,0.06779077770130759,0.00029157323742497887,
recent_compact_current,w10,2026-04-01,2026-04-02,2026-04-09,300002,0.002150537634408602,0.8031062124248497,-0.006282722513089034,-1.3511231210944159e-05,
short_aggressive_compact_capacity,w10,2026-04-01,2026-04-02,2026-04-09,002432,0.06451612903225806,0.9865731462925851,0.08734865332344954,0.005635396988609648,
short_aggressive_compact_capacity,w10,2026-04-01,2026-04-02,2026-04-09,002155,0.06236559139784946,0.9258517034068136,0.0,0.0,
short_aggressive_compact_capacity,w10,2026-04-01,2026-04-02,2026-04-09,600673,0.060215053763440864,0.9258517034068136,0.0031847133757962887,0.00019176768714472276,
short_aggressive_compact_capacity,w10,2026-04-01,2026-04-02,2026-04-09,601179,0.05806451612903226,0.9182364729458918,0.00959079283887454,0.0005568847454830378,
short_aggressive_compact_capacity,w10,2026-04-01,2026-04-02,2026-04-09,300395,0.05591397849462366,0.9035070140280561,0.03354430379746853,0.0018755954811487782,
short_aggressive_compact_capacity,w10,2026-04-01,2026-04-02,2026-04-09,603179,0.053763440860215055,0.8936873747494989,-0.023777678704116623,-0.001278369822801969,
short_aggressive_compact_capacity,w10,2026-04-01,2026-04-02,2026-04-09,000830,0.05161290322580645,0.8786573146292584,0.07106598984771573,0.0036679220566562956,
short_aggressive_compact_capacity,w10,2026-04-01,2026-04-02,2026-04-09,300142,0.04946236559139785,0.8786573146292584,-0.017187500000000022,-0.0008501344086021516,
short_aggressive_compact_capacity,w10,2026-04-01,2026-04-02,2026-04-09,600096,0.047311827956989246,0.8786573146292584,-0.006567164179104412,-0.0003107045418070905,
short_aggressive_compact_capacity,w10,2026-04-01,2026-04-02,2026-04-09,600988,0.04516129032258064,0.8786573146292584,0.011025358324145529,0.0004979194081872174,
short_aggressive_compact_capacity,w10,2026-04-01,2026-04-02,2026-04-09,300207,0.043010752688172046,0.8741482965931864,-0.017322834645669194,-0.0007450681568029762,
short_aggressive_compact_capacity,w10,2026-04-01,2026-04-02,2026-04-09,300751,0.04086021505376344,0.8660320641282564,-0.0997464074387151,-0.0040756596587862085,
short_aggressive_compact_capacity,w10,2026-04-01,2026-04-02,2026-04-09,301200,0.03870967741935484,0.8642284569138277,0.14477966950425647,0.005604374303390574,
short_aggressive_compact_capacity,w10,2026-04-01,2026-04-02,2026-04-09,300724,0.03655913978494624,0.863627254509018,-0.03540145985401455,-0.0012942469193940804,
short_aggressive_compact_capacity,w10,2026-04-01,2026-04-02,2026-04-09,000959,0.034408602150537634,0.8549098196392785,0.0,0.0,no data in window -> return=0
short_aggressive_compact_capacity,w10,2026-04-01,2026-04-02,2026-04-09,002756,0.03225806451612903,0.854008016032064,-0.043567052416609964,-0.0014053887876325794,
short_aggressive_compact_capacity,w10,2026-04-01,2026-04-02,2026-04-09,300054,0.030107526881720432,0.854008016032064,0.07494866529774113,0.0022565189552008085,
short_aggressive_compact_capacity,w10,2026-04-01,2026-04-02,2026-04-09,300390,0.02795698924731183,0.854008016032064,0.06529209621993126,0.0018253704319550676,
short_aggressive_compact_capacity,w10,2026-04-01,2026-04-02,2026-04-09,300763,0.025806451612903226,0.854008016032064,-0.05763239875389403,-0.0014872877097779106,
short_aggressive_compact_capacity,w10,2026-04-01,2026-04-02,2026-04-09,300857,0.023655913978494623,0.854008016032064,0.049069450748978616,0.0011607827058898166,
short_aggressive_compact_capacity,w10,2026-04-01,2026-04-02,2026-04-09,600032,0.021505376344086023,0.854008016032064,-0.08673469387755117,-0.0018652622339258317,
short_aggressive_compact_capacity,w10,2026-04-01,2026-04-02,2026-04-09,601016,0.01935483870967742,0.854008016032064,-0.05633802816901412,-0.0010904134484325315,
short_aggressive_compact_capacity,w10,2026-04-01,2026-04-02,2026-04-09,688336,0.017204301075268817,0.854008016032064,0.03024218848036142,0.0005202957157911642,
short_aggressive_compact_capacity,w10,2026-04-01,2026-04-02,2026-04-09,603129,0.015053763440860216,0.8516032064128256,0.03512362178416306,0.0005287426935250354,
short_aggressive_compact_capacity,w10,2026-04-01,2026-04-02,2026-04-09,601106,0.012903225806451613,0.8507014028056112,-0.025345622119815503,-0.00032704028541697425,
short_aggressive_compact_capacity,w10,2026-04-01,2026-04-02,2026-04-09,688777,0.010752688172043012,0.8507014028056112,0.006433273488928748,6.917498375192203e-05,
short_aggressive_compact_capacity,w10,2026-04-01,2026-04-02,2026-04-09,000539,0.008602150537634409,0.8491983967935871,-0.07521367521367517,-0.0006469993566767757,
short_aggressive_compact_capacity,w10,2026-04-01,2026-04-02,2026-04-09,000155,0.0064516129032258064,0.8458917835671342,0.11276733635774483,0.0007275312023080311,
short_aggressive_compact_capacity,w10,2026-04-01,2026-04-02,2026-04-09,000703,0.004301075268817204,0.8458917835671342,0.2302839116719242,0.0009904684372985986,
short_aggressive_compact_capacity,w10,2026-04-01,2026-04-02,2026-04-09,001389,0.002150537634408602,0.8458917835671342,0.056252596593269644,0.00012097332600703149,
short_aggressive_medium_capacity,w10,2026-04-01,2026-04-02,2026-04-09,002432,0.06451612903225806,0.9865731462925851,0.08734865332344954,0.005635396988609648,
short_aggressive_medium_capacity,w10,2026-04-01,2026-04-02,2026-04-09,002155,0.06236559139784946,0.9258517034068136,0.0,0.0,
short_aggressive_medium_capacity,w10,2026-04-01,2026-04-02,2026-04-09,600673,0.060215053763440864,0.9258517034068136,0.0031847133757962887,0.00019176768714472276,
short_aggressive_medium_capacity,w10,2026-04-01,2026-04-02,2026-04-09,601179,0.05806451612903226,0.9182364729458918,0.00959079283887454,0.0005568847454830378,
short_aggressive_medium_capacity,w10,2026-04-01,2026-04-02,2026-04-09,300395,0.05591397849462366,0.9035070140280561,0.03354430379746853,0.0018755954811487782,
short_aggressive_medium_capacity,w10,2026-04-01,2026-04-02,2026-04-09,603179,0.053763440860215055,0.8936873747494989,-0.023777678704116623,-0.001278369822801969,
short_aggressive_medium_capacity,w10,2026-04-01,2026-04-02,2026-04-09,000830,0.05161290322580645,0.8786573146292584,0.07106598984771573,0.0036679220566562956,
short_aggressive_medium_capacity,w10,2026-04-01,2026-04-02,2026-04-09,300142,0.04946236559139785,0.8786573146292584,-0.017187500000000022,-0.0008501344086021516,
short_aggressive_medium_capacity,w10,2026-04-01,2026-04-02,2026-04-09,600096,0.047311827956989246,0.8786573146292584,-0.006567164179104412,-0.0003107045418070905,
short_aggressive_medium_capacity,w10,2026-04-01,2026-04-02,2026-04-09,600988,0.04516129032258064,0.8786573146292584,0.011025358324145529,0.0004979194081872174,
short_aggressive_medium_capacity,w10,2026-04-01,2026-04-02,2026-04-09,300207,0.043010752688172046,0.8741482965931864,-0.017322834645669194,-0.0007450681568029762,
short_aggressive_medium_capacity,w10,2026-04-01,2026-04-02,2026-04-09,300751,0.04086021505376344,0.8660320641282564,-0.0997464074387151,-0.0040756596587862085,
short_aggressive_medium_capacity,w10,2026-04-01,2026-04-02,2026-04-09,301200,0.03870967741935484,0.8642284569138277,0.14477966950425647,0.005604374303390574,
short_aggressive_medium_capacity,w10,2026-04-01,2026-04-02,2026-04-09,300724,0.03655913978494624,0.863627254509018,-0.03540145985401455,-0.0012942469193940804,
short_aggressive_medium_capacity,w10,2026-04-01,2026-04-02,2026-04-09,000959,0.034408602150537634,0.8549098196392785,0.0,0.0,no data in window -> return=0
short_aggressive_medium_capacity,w10,2026-04-01,2026-04-02,2026-04-09,002756,0.03225806451612903,0.854008016032064,-0.043567052416609964,-0.0014053887876325794,
short_aggressive_medium_capacity,w10,2026-04-01,2026-04-02,2026-04-09,300054,0.030107526881720432,0.854008016032064,0.07494866529774113,0.0022565189552008085,
short_aggressive_medium_capacity,w10,2026-04-01,2026-04-02,2026-04-09,300390,0.02795698924731183,0.854008016032064,0.06529209621993126,0.0018253704319550676,
short_aggressive_medium_capacity,w10,2026-04-01,2026-04-02,2026-04-09,300763,0.025806451612903226,0.854008016032064,-0.05763239875389403,-0.0014872877097779106,
short_aggressive_medium_capacity,w10,2026-04-01,2026-04-02,2026-04-09,300857,0.023655913978494623,0.854008016032064,0.049069450748978616,0.0011607827058898166,
short_aggressive_medium_capacity,w10,2026-04-01,2026-04-02,2026-04-09,600032,0.021505376344086023,0.854008016032064,-0.08673469387755117,-0.0018652622339258317,
short_aggressive_medium_capacity,w10,2026-04-01,2026-04-02,2026-04-09,601016,0.01935483870967742,0.854008016032064,-0.05633802816901412,-0.0010904134484325315,
short_aggressive_medium_capacity,w10,2026-04-01,2026-04-02,2026-04-09,688336,0.017204301075268817,0.854008016032064,0.03024218848036142,0.0005202957157911642,
short_aggressive_medium_capacity,w10,2026-04-01,2026-04-02,2026-04-09,603129,0.015053763440860216,0.8516032064128256,0.03512362178416306,0.0005287426935250354,
short_aggressive_medium_capacity,w10,2026-04-01,2026-04-02,2026-04-09,601106,0.012903225806451613,0.8507014028056112,-0.025345622119815503,-0.00032704028541697425,
short_aggressive_medium_capacity,w10,2026-04-01,2026-04-02,2026-04-09,688777,0.010752688172043012,0.8507014028056112,0.006433273488928748,6.917498375192203e-05,
short_aggressive_medium_capacity,w10,2026-04-01,2026-04-02,2026-04-09,000539,0.008602150537634409,0.8491983967935871,-0.07521367521367517,-0.0006469993566767757,
short_aggressive_medium_capacity,w10,2026-04-01,2026-04-02,2026-04-09,000155,0.0064516129032258064,0.8458917835671342,0.11276733635774483,0.0007275312023080311,
short_aggressive_medium_capacity,w10,2026-04-01,2026-04-02,2026-04-09,000703,0.004301075268817204,0.8458917835671342,0.2302839116719242,0.0009904684372985986,
short_aggressive_medium_capacity,w10,2026-04-01,2026-04-02,2026-04-09,001389,0.002150537634408602,0.8458917835671342,0.056252596593269644,0.00012097332600703149,
short_aggressive_wide_capacity,w10,2026-04-01,2026-04-02,2026-04-09,000060,0.055,0.9168086172344689,0.01123595505617958,0.000617977528089877,
short_aggressive_wide_capacity,w10,2026-04-01,2026-04-02,2026-04-09,001389,0.055,0.9168086172344689,0.056252596593269644,0.0030938928126298306,
short_aggressive_wide_capacity,w10,2026-04-01,2026-04-02,2026-04-09,301536,0.055,0.9168086172344689,0.04284887087434863,0.0023566878980891747,
short_aggressive_wide_capacity,w10,2026-04-01,2026-04-02,2026-04-09,301611,0.055,0.9168086172344689,-0.010912085649577907,-0.0006001647107267849,
short_aggressive_wide_capacity,w10,2026-04-01,2026-04-02,2026-04-09,600392,0.055,0.9168086172344689,0.10156931124673063,0.0055863121185701844,
short_aggressive_wide_capacity,w10,2026-04-01,2026-04-02,2026-04-09,688582,0.055,0.9168086172344689,0.07057416267942584,0.0038815789473684217,
short_aggressive_wide_capacity,w10,2026-04-01,2026-04-02,2026-04-09,688629,0.05360000000000002,0.9168086172344689,0.13884149079479124,0.007441903906600814,
short_aggressive_wide_capacity,w10,2026-04-01,2026-04-02,2026-04-09,688709,0.05136666666666666,0.9168086172344689,0.03225058004640369,0.0016566047950502692,
short_aggressive_wide_capacity,w10,2026-04-01,2026-04-02,2026-04-09,000021,0.049133333333333334,0.8205410821643286,0.038620172478440074,0.0018975378077740223,
short_aggressive_wide_capacity,w10,2026-04-01,2026-04-02,2026-04-09,000032,0.0469,0.8205410821643286,-0.03387978142076509,-0.0015889617486338826,
short_aggressive_wide_capacity,w10,2026-04-01,2026-04-02,2026-04-09,000050,0.044666666666666674,0.8205410821643286,0.01990049751243772,0.000888888888888885,
short_aggressive_wide_capacity,w10,2026-04-01,2026-04-02,2026-04-09,000426,0.04243333333333334,0.8205410821643286,0.04837545126353793,0.0020527316486161264,
short_aggressive_wide_capacity,w10,2026-04-01,2026-04-02,2026-04-09,000629,0.0402,0.8205410821643286,-0.014749262536873253,-0.0005929203539823048,
short_aggressive_wide_capacity,w10,2026-04-01,2026-04-02,2026-04-09,000657,0.03796666666666667,0.8205410821643286,0.005729486392469951,0.00021752950003410917,
short_aggressive_wide_capacity,w10,2026-04-01,2026-04-02,2026-04-09,000738,0.03573333333333334,0.8205410821643286,-0.02547475683186662,-0.0009102979774587007,
short_aggressive_wide_capacity,w10,2026-04-01,2026-04-02,2026-04-09,000825,0.0335,0.8205410821643286,0.0022522522522521182,7.545045045044596e-05,
short_aggressive_wide_capacity,w10,2026-04-01,2026-04-02,2026-04-09,000831,0.031266666666666665,0.8205410821643286,0.07104391052195536,0.002221306268986471,
short_aggressive_wide_capacity,w10,2026-04-01,2026-04-02,2026-04-09,000878,0.029033333333333335,0.8205410821643286,0.011879049676025932,0.00034488840892728625,
short_aggressive_wide_capacity,w10,2026-04-01,2026-04-02,2026-04-09,000960,0.02680000000000001,0.8205410821643286,0.0033814940055332254,9.062403934829049e-05,
short_aggressive_wide_capacity,w10,2026-04-01,2026-04-02,2026-04-09,002008,0.024566666666666667,0.8205410821643286,0.1912636505460219,0.004698710348413938,
short_aggressive_wide_capacity,w10,2026-04-01,2026-04-02,2026-04-09,002025,0.022333333333333337,0.8205410821643286,0.19657335169037782,0.004390138187751772,
short_aggressive_wide_capacity,w10,2026-04-01,2026-04-02,2026-04-09,002044,0.0201,0.8205410821643286,-0.060975609756097615,-0.001225609756097562,
short_aggressive_wide_capacity,w10,2026-04-01,2026-04-02,2026-04-09,002080,0.01786666666666667,0.8205410821643286,0.04663589992713146,0.0008332280786980823,
short_aggressive_wide_capacity,w10,2026-04-01,2026-04-02,2026-04-09,002156,0.015633333333333332,0.8205410821643286,0.05493987267153977,0.0008588933427650716,
short_aggressive_wide_capacity,w10,2026-04-01,2026-04-02,2026-04-09,002185,0.013400000000000006,0.8205410821643286,0.0167644593461862,0.00022464375523889517,
short_aggressive_wide_capacity,w10,2026-04-01,2026-04-02,2026-04-09,002195,0.011166666666666668,0.8205410821643286,0.0,0.0,
short_aggressive_wide_capacity,w10,2026-04-01,2026-04-02,2026-04-09,002202,0.008933333333333335,0.8205410821643286,-0.06215578284815115,-0.0005552583267768171,
short_aggressive_wide_capacity,w10,2026-04-01,2026-04-02,2026-04-09,002281,0.006700000000000003,0.8205410821643286,0.24269947114279145,0.0016260864566567034,
short_aggressive_wide_capacity,w10,2026-04-01,2026-04-02,2026-04-09,002335,0.004466666666666667,0.8205410821643286,0.03377308707124005,0.00015085312225153892,
short_aggressive_wide_capacity,w10,2026-04-01,2026-04-02,2026-04-09,002409,0.0022333333333333337,0.8205410821643286,0.06146304675716441,0.00013726747109100054,
stable_compact_capacity,w10,2026-04-01,2026-04-02,2026-04-09,002432,0.05000000000000002,0.9981963927855712,0.08734865332344954,0.004367432666172478,
stable_compact_capacity,w10,2026-04-01,2026-04-02,2026-04-09,300017,0.05000000000000002,0.9787575150300601,0.012408347433727984,0.0006204173716863994,
stable_compact_capacity,w10,2026-04-01,2026-04-02,2026-04-09,688295,0.05000000000000002,0.9787575150300601,-0.06171003717472123,-0.0030855018587360628,
stable_compact_capacity,w10,2026-04-01,2026-04-02,2026-04-09,002335,0.05000000000000002,0.9414829659318638,0.03377308707124005,0.001688654353562003,
stable_compact_capacity,w10,2026-04-01,2026-04-02,2026-04-09,002409,0.05000000000000002,0.9414829659318638,0.06146304675716441,0.0030731523378582214,
stable_compact_capacity,w10,2026-04-01,2026-04-02,2026-04-09,300223,0.05000000000000002,0.9414829659318638,0.012015897957297295,0.0006007948978648649,
stable_compact_capacity,w10,2026-04-01,2026-04-02,2026-04-09,688027,0.05000000000000002,0.9414829659318638,-0.0014986201728894866,-7.493100864447436e-05,
stable_compact_capacity,w10,2026-04-01,2026-04-02,2026-04-09,002185,0.05000000000000002,0.9264529058116233,0.0167644593461862,0.0008382229673093102,
stable_compact_capacity,w10,2026-04-01,2026-04-02,2026-04-09,600096,0.05000000000000002,0.9264529058116233,-0.006567164179104412,-0.0003283582089552207,
stable_compact_capacity,w10,2026-04-01,2026-04-02,2026-04-09,601615,0.05000000000000002,0.9264529058116233,-0.030860534124629302,-0.0015430267062314655,
stable_compact_capacity,w10,2026-04-01,2026-04-02,2026-04-09,000785,0.047619047619047644,0.924749498997996,-0.024390243902439046,-0.0011614401858304315,
stable_compact_capacity,w10,2026-04-01,2026-04-02,2026-04-09,002517,0.04523809523809524,0.924749498997996,-0.004208311415044852,-0.00019037599258536235,
stable_compact_capacity,w10,2026-04-01,2026-04-02,2026-04-09,300002,0.04285714285714283,0.924749498997996,-0.006282722513089034,-0.00026925953627524415,
stable_compact_capacity,w10,2026-04-01,2026-04-02,2026-04-09,300024,0.04047619047619047,0.924749498997996,-0.019397993311036754,-0.0007851568721133923,
stable_compact_capacity,w10,2026-04-01,2026-04-02,2026-04-09,300339,0.038095238095238106,0.924749498997996,0.007575757575757569,0.00028860028860028844,
stable_compact_capacity,w10,2026-04-01,2026-04-02,2026-04-09,300474,0.03571428571428571,0.924749498997996,0.005320974939924561,0.00019003481928302,
stable_compact_capacity,w10,2026-04-01,2026-04-02,2026-04-09,600536,0.03333333333333334,0.924749498997996,-0.00434900788257675,-0.00014496692941922502,
stable_compact_capacity,w10,2026-04-01,2026-04-02,2026-04-09,600699,0.03095238095238096,0.924749498997996,0.05634920634920637,0.0017441421012849595,
stable_compact_capacity,w10,2026-04-01,2026-04-02,2026-04-09,601717,0.028571428571428574,0.924749498997996,-0.021379980563653977,-0.0006108565875329709,
stable_compact_capacity,w10,2026-04-01,2026-04-02,2026-04-09,688318,0.026190476190476195,0.924749498997996,0.013937929752834144,0.0003650410173361324,
stable_compact_capacity,w10,2026-04-01,2026-04-02,2026-04-09,688561,0.023809523809523822,0.924749498997996,-0.011333333333333306,-0.00026984126984126933,
stable_compact_capacity,w10,2026-04-01,2026-04-02,2026-04-09,688608,0.021428571428571415,0.924749498997996,-0.046412775001436146,-0.0009945594643164881,
stable_compact_capacity,w10,2026-04-01,2026-04-02,2026-04-09,688692,0.019047619047619053,0.924749498997996,0.0827376285569339,0.0015759548296558842,
stable_compact_capacity,w10,2026-04-01,2026-04-02,2026-04-09,600580,0.01666666666666667,0.9113226452905812,-0.018847889567294995,-0.00031413149278825,
stable_compact_capacity,w10,2026-04-01,2026-04-02,2026-04-09,300395,0.014285714285714287,0.8981963927855712,0.03354430379746853,0.0004792043399638362,
stable_compact_capacity,w10,2026-04-01,2026-04-02,2026-04-09,000021,0.011904761904761911,0.88687374749499,0.038620172478440074,0.0004597639580766678,
stable_compact_capacity,w10,2026-04-01,2026-04-02,2026-04-09,000027,0.009523809523809526,0.88687374749499,-0.037681159420289934,-0.00035886818495514233,
stable_compact_capacity,w10,2026-04-01,2026-04-02,2026-04-09,000723,0.0071428571428571435,0.88687374749499,-0.05672268907563016,-0.00040516206482592976,
stable_compact_capacity,w10,2026-04-01,2026-04-02,2026-04-09,002056,0.004761904761904763,0.88687374749499,-0.03601252609603345,-0.00017148821950492123,
stable_compact_capacity,w10,2026-04-01,2026-04-02,2026-04-09,002152,0.0023809523809523816,0.88687374749499,0.004321521175453702,1.0289336132032626e-05,
stable_compact_current,w10,2026-04-01,2026-04-02,2026-04-09,000060,0.02857142857142857,0.7534068136272545,0.01123595505617958,0.00032102728731941656,
stable_compact_current,w10,2026-04-01,2026-04-02,2026-04-09,300570,0.02857142857142857,0.7534068136272545,0.1565993508835195,0.004474267168100557,
stable_compact_current,w10,2026-04-01,2026-04-02,2026-04-09,300223,0.02857142857142857,0.7534068136272545,0.012015897957297295,0.00034331137020849413,
stable_compact_current,w10,2026-04-01,2026-04-02,2026-04-09,300285,0.02857142857142857,0.7534068136272545,0.015933715742511234,0.0004552490212146067,
stable_compact_current,w10,2026-04-01,2026-04-02,2026-04-09,300383,0.02857142857142857,0.7534068136272545,-0.009631728045325638,-0.0002751922298664468,
stable_compact_current,w10,2026-04-01,2026-04-02,2026-04-09,300395,0.02857142857142857,0.7534068136272545,0.03354430379746853,0.0009584086799276723,
stable_compact_current,w10,2026-04-01,2026-04-02,2026-04-09,300454,0.02857142857142857,0.7534068136272545,-0.005901702786377694,-0.00016862007961079123,
stable_compact_current,w10,2026-04-01,2026-04-02,2026-04-09,300567,0.02857142857142857,0.7534068136272545,0.03148003132341426,0.0008994294663832646,
stable_compact_current,w10,2026-04-01,2026-04-02,2026-04-09,300604,0.02857142857142857,0.7534068136272545,0.07808483290488422,0.0022309952258538347,
stable_compact_current,w10,2026-04-01,2026-04-02,2026-04-09,300058,0.02857142857142857,0.7534068136272545,0.14187799862919803,0.004053657103691372,
stable_compact_current,w10,2026-04-01,2026-04-02,2026-04-09,300627,0.02857142857142857,0.7534068136272545,-0.005957700327673621,-0.00017022000936210344,
stable_compact_current,w10,2026-04-01,2026-04-02,2026-04-09,300748,0.02857142857142857,0.7534068136272545,0.034810126582278444,0.0009945750452079556,
stable_compact_current,w10,2026-04-01,2026-04-02,2026-04-09,300757,0.02857142857142857,0.7534068136272545,0.23984255967496182,0.006852644562141766,
stable_compact_current,w10,2026-04-01,2026-04-02,2026-04-09,300857,0.02857142857142857,0.7534068136272545,0.049069450748978616,0.0014019843071136748,
stable_compact_current,w10,2026-04-01,2026-04-02,2026-04-09,301308,0.02857142857142857,0.7534068136272545,0.08822841095249245,0.0025208117414997843,
stable_compact_current,w10,2026-04-01,2026-04-02,2026-04-09,301611,0.02857142857142857,0.7534068136272545,-0.010912085649577907,-0.0003117738757022259,
stable_compact_current,w10,2026-04-01,2026-04-02,2026-04-09,300136,0.02857142857142857,0.7534068136272545,0.014274385408406198,0.00040783958309731995,
stable_compact_current,w10,2026-04-01,2026-04-02,2026-04-09,300054,0.02857142857142857,0.7534068136272545,0.07494866529774113,0.002141390437078318,
stable_compact_current,w10,2026-04-01,2026-04-02,2026-04-09,000426,0.02857142857142857,0.7534068136272545,0.04837545126353793,0.001382155750386798,
stable_compact_current,w10,2026-04-01,2026-04-02,2026-04-09,002156,0.02857142857142857,0.7534068136272545,0.05493987267153977,0.001569710647758279,
stable_compact_current,w10,2026-04-01,2026-04-02,2026-04-09,000657,0.02857142857142857,0.7534068136272545,0.005729486392469951,0.00016369961121342718,
stable_compact_current,w10,2026-04-01,2026-04-02,2026-04-09,000831,0.02857142857142857,0.7534068136272545,0.07104391052195536,0.0020298260149130103,
stable_compact_current,w10,2026-04-01,2026-04-02,2026-04-09,000878,0.02857142857142857,0.7534068136272545,0.011879049676025932,0.00033940141931502663,
stable_compact_current,w10,2026-04-01,2026-04-02,2026-04-09,000960,0.02857142857142857,0.7534068136272545,0.0033814940055332254,9.661411444380644e-05,
stable_compact_current,w10,2026-04-01,2026-04-02,2026-04-09,002008,0.02857142857142857,0.7534068136272545,0.1912636505460219,0.00546467572988634,
stable_compact_current,w10,2026-04-01,2026-04-02,2026-04-09,002080,0.02857142857142857,0.7534068136272545,0.04663589992713146,0.0013324542836323275,
stable_compact_current,w10,2026-04-01,2026-04-02,2026-04-09,002195,0.02857142857142857,0.7534068136272545,0.0,0.0,
stable_compact_current,w10,2026-04-01,2026-04-02,2026-04-09,003031,0.02857142857142857,0.7534068136272545,0.21315392354124763,0.006090112101178503,
stable_compact_current,w10,2026-04-01,2026-04-02,2026-04-09,002202,0.02857142857142857,0.7534068136272545,-0.06215578284815115,-0.0017758795099471758,
stable_compact_current,w10,2026-04-01,2026-04-02,2026-04-09,002335,0.02857142857142857,0.7534068136272545,0.03377308707124005,0.0009649453448925728,
stable_compact_current,w10,2026-04-01,2026-04-02,2026-04-09,002409,0.02857142857142857,0.7534068136272545,0.06146304675716441,0.0017560870502046973,
stable_compact_current,w10,2026-04-01,2026-04-02,2026-04-09,002429,0.02857142857142857,0.7534068136272545,0.04815573770491799,0.001375878220140514,
stable_compact_current,w10,2026-04-01,2026-04-02,2026-04-09,002465,0.02857142857142857,0.7534068136272545,0.0020174848688636615,5.764242482467604e-05,
stable_compact_current,w10,2026-04-01,2026-04-02,2026-04-09,002851,0.02857142857142857,0.7534068136272545,0.0,0.0,
stable_compact_current,w10,2026-04-01,2026-04-02,2026-04-09,600363,0.02857142857142857,0.7534068136272545,0.0031292783101897204,8.940795171970629e-05,
stable_extra_wide_capacity,w10,2026-04-01,2026-04-02,2026-04-09,003031,0.06451612903225806,0.9344438877755512,0.21315392354124763,0.013751866034919201,
stable_extra_wide_capacity,w10,2026-04-01,2026-04-02,2026-04-09,000960,0.06236559139784946,0.9277805611222445,0.0033814940055332254,0.00021088887346336243,
stable_extra_wide_capacity,w10,2026-04-01,2026-04-02,2026-04-09,002080,0.060215053763440864,0.9277805611222445,0.04663589992713146,0.002808183221418669,
stable_extra_wide_capacity,w10,2026-04-01,2026-04-02,2026-04-09,300285,0.05806451612903226,0.9277805611222445,0.015933715742511234,0.0009251834947264588,
stable_extra_wide_capacity,w10,2026-04-01,2026-04-02,2026-04-09,300395,0.05591397849462366,0.9277805611222445,0.03354430379746853,0.0018755954811487782,
stable_extra_wide_capacity,w10,2026-04-01,2026-04-02,2026-04-09,601106,0.053763440860215055,0.9277805611222445,-0.025345622119815503,-0.0013626678559040593,
stable_extra_wide_capacity,w10,2026-04-01,2026-04-02,2026-04-09,601958,0.05161290322580645,0.9277805611222445,0.006272869837950834,0.00032376102389423657,
stable_extra_wide_capacity,w10,2026-04-01,2026-04-02,2026-04-09,300223,0.04946236559139785,0.9225450901803608,0.012015897957297295,0.0005943347376727694,
stable_extra_wide_capacity,w10,2026-04-01,2026-04-02,2026-04-09,600497,0.047311827956989246,0.9225450901803608,0.027568922305764243,0.001304336109089921,
stable_extra_wide_capacity,w10,2026-04-01,2026-04-02,2026-04-09,000426,0.04516129032258064,0.9211172344689379,0.04837545126353793,0.002184697798998487,
stable_extra_wide_capacity,w10,2026-04-01,2026-04-02,2026-04-09,002851,0.043010752688172046,0.9196893787575151,0.0,0.0,
stable_extra_wide_capacity,w10,2026-04-01,2026-04-02,2026-04-09,688568,0.04086021505376344,0.9196893787575151,-0.017164548605380525,-0.0007013471473166237,
stable_extra_wide_capacity,w10,2026-04-01,2026-04-02,2026-04-09,002465,0.03870967741935484,0.9163577154308618,0.0020174848688636615,7.809618847214173e-05,
stable_extra_wide_capacity,w10,2026-04-01,2026-04-02,2026-04-09,688027,0.03655913978494624,0.9163577154308618,-0.0014986201728894866,-5.478826438520704e-05,
stable_extra_wide_capacity,w10,2026-04-01,2026-04-02,2026-04-09,002195,0.034408602150537634,0.9115981963927856,0.0,0.0,
stable_extra_wide_capacity,w10,2026-04-01,2026-04-02,2026-04-09,002202,0.03225806451612903,0.9115981963927856,-0.06215578284815115,-0.002005025253166166,
stable_extra_wide_capacity,w10,2026-04-01,2026-04-02,2026-04-09,301308,0.030107526881720432,0.9115981963927856,0.08822841095249245,0.002656339254483644,
stable_extra_wide_capacity,w10,2026-04-01,2026-04-02,2026-04-09,301611,0.02795698924731183,0.9115981963927856,-0.010912085649577907,-0.0003050690611709953,
stable_extra_wide_capacity,w10,2026-04-01,2026-04-02,2026-04-09,603920,0.025806451612903226,0.9115981963927856,0.10384838522529494,0.002679958328394708,
stable_extra_wide_capacity,w10,2026-04-01,2026-04-02,2026-04-09,002429,0.023655913978494623,0.9068386773547095,0.04815573770491799,0.00113916798871849,
stable_extra_wide_capacity,w10,2026-04-01,2026-04-02,2026-04-09,300054,0.021505376344086023,0.9011272545090181,0.07494866529774113,0.0016117992537148633,
stable_extra_wide_capacity,w10,2026-04-01,2026-04-02,2026-04-09,688629,0.01935483870967742,0.9011272545090181,0.13884149079479124,0.0026872546605443467,
stable_extra_wide_capacity,w10,2026-04-01,2026-04-02,2026-04-09,600549,0.017204301075268817,0.8954158316633267,0.042678571428571344,0.000734254992319507,
stable_extra_wide_capacity,w10,2026-04-01,2026-04-02,2026-04-09,601212,0.015053763440860216,0.8954158316633267,0.006188118811881305,9.315447673799814e-05,
stable_extra_wide_capacity,w10,2026-04-01,2026-04-02,2026-04-09,688375,0.012903225806451613,0.8954158316633267,-0.0034370477568740343,-4.4349003314503665e-05,
stable_extra_wide_capacity,w10,2026-04-01,2026-04-02,2026-04-09,002008,0.010752688172043012,0.8920841683366734,0.1912636505460219,0.002056598392967978,
stable_extra_wide_capacity,w10,2026-04-01,2026-04-02,2026-04-09,300567,0.008602150537634409,0.8920841683366734,0.03148003132341426,0.000270795968373456,
stable_extra_wide_capacity,w10,2026-04-01,2026-04-02,2026-04-09,300857,0.0064516129032258064,0.8920841683366734,0.049069450748978616,0.00031657710160631366,
stable_extra_wide_capacity,w10,2026-04-01,2026-04-02,2026-04-09,000060,0.004301075268817204,0.8897044088176354,0.01123595505617958,4.832668841367562e-05,
stable_extra_wide_capacity,w10,2026-04-01,2026-04-02,2026-04-09,688281,0.002150537634408602,0.88875250501002,-0.003667979894036111,-7.888128804378733e-06,
stable_medium_capacity,w10,2026-04-01,2026-04-02,2026-04-09,002432,0.039999999999999994,0.9499498997995991,0.08734865332344954,0.0034939461329379813,
stable_medium_capacity,w10,2026-04-01,2026-04-02,2026-04-09,002335,0.039999999999999994,0.9275300601202405,0.03377308707124005,0.0013509234828496018,
stable_medium_capacity,w10,2026-04-01,2026-04-02,2026-04-09,002153,0.039999999999999994,0.9003507014028056,-0.0341708542713568,-0.0013668341708542716,
stable_medium_capacity,w10,2026-04-01,2026-04-02,2026-04-09,688278,0.039999999999999994,0.9118987975951903,-0.035329341317365315,-0.0014131736526946123,
stable_medium_capacity,w10,2026-04-01,2026-04-02,2026-04-09,603589,0.039999999999999994,0.9118987975951903,-0.02192108409724991,-0.0008768433638899962,
stable_medium_capacity,w10,2026-04-01,2026-04-02,2026-04-09,600737,0.039999999999999994,0.9118987975951903,0.004929577464788837,0.00019718309859155343,
stable_medium_capacity,w10,2026-04-01,2026-04-02,2026-04-09,601699,0.039999999999999994,0.943311623246493,-0.027570789865871803,-0.001102831594634872,
stable_medium_capacity,w10,2026-04-01,2026-04-02,2026-04-09,300570,0.039999999999999994,0.9275300601202405,0.1565993508835195,0.006263974035340779,
stable_medium_capacity,w10,2026-04-01,2026-04-02,2026-04-09,300223,0.039999999999999994,0.9275300601202405,0.012015897957297295,0.00048063591829189173,
stable_medium_capacity,w10,2026-04-01,2026-04-02,2026-04-09,002409,0.039999999999999994,0.9275300601202405,0.06146304675716441,0.002458521870286576,
stable_medium_capacity,w10,2026-04-01,2026-04-02,2026-04-09,688027,0.039999999999999994,0.9275300601202405,-0.0014986201728894866,-5.994480691557945e-05,
stable_medium_capacity,w10,2026-04-01,2026-04-02,2026-04-09,688692,0.039999999999999994,0.935070140280561,0.0827376285569339,0.003309505142277355,
stable_medium_capacity,w10,2026-04-01,2026-04-02,2026-04-09,688608,0.039999999999999994,0.935070140280561,-0.046412775001436146,-0.0018565110000574455,
stable_medium_capacity,w10,2026-04-01,2026-04-02,2026-04-09,688561,0.039999999999999994,0.935070140280561,-0.011333333333333306,-0.0004533333333333322,
stable_medium_capacity,w10,2026-04-01,2026-04-02,2026-04-09,688318,0.039999999999999994,0.935070140280561,0.013937929752834144,0.0005575171901133657,
stable_medium_capacity,w10,2026-04-01,2026-04-02,2026-04-09,600536,0.039999999999999994,0.935070140280561,-0.00434900788257675,-0.00017396031530306997,
stable_medium_capacity,w10,2026-04-01,2026-04-02,2026-04-09,300474,0.039999999999999994,0.935070140280561,0.005320974939924561,0.0002128389975969824,
stable_medium_capacity,w10,2026-04-01,2026-04-02,2026-04-09,300339,0.039999999999999994,0.935070140280561,0.007575757575757569,0.0003030303030303027,
stable_medium_capacity,w10,2026-04-01,2026-04-02,2026-04-09,300002,0.039999999999999994,0.935070140280561,-0.006282722513089034,-0.0002513089005235613,
stable_medium_capacity,w10,2026-04-01,2026-04-02,2026-04-09,000785,0.039999999999999994,0.935070140280561,-0.024390243902439046,-0.0009756097560975617,
stable_medium_capacity,w10,2026-04-01,2026-04-02,2026-04-09,300142,0.03636363636363643,0.9003507014028056,-0.017187500000000022,-0.000625000000000002,
stable_medium_capacity,w10,2026-04-01,2026-04-02,2026-04-09,300496,0.03272727272727277,0.9003507014028056,0.004206629648325855,0.00013767151576339178,
stable_medium_capacity,w10,2026-04-01,2026-04-02,2026-04-09,300395,0.029090909090909126,0.8878507014028056,0.03354430379746853,0.0009758342922899949,
stable_medium_capacity,w10,2026-04-01,2026-04-02,2026-04-09,300024,0.025454545454545487,0.8850951903807615,-0.019397993311036754,-0.0004937671024627544,
stable_medium_capacity,w10,2026-04-01,2026-04-02,2026-04-09,601717,0.021818181818181834,0.8850951903807615,-0.021379980563653977,-0.0004664723032069962,
stable_medium_capacity,w10,2026-04-01,2026-04-02,2026-04-09,002472,0.018181818181818216,0.8689378757515029,0.008989376191773202,0.00016344320348678578,
stable_medium_capacity,w10,2026-04-01,2026-04-02,2026-04-09,002568,0.014545454545454563,0.8689378757515029,-0.03314285714285703,-0.000482077922077921,
stable_medium_capacity,w10,2026-04-01,2026-04-02,2026-04-09,300100,0.010909090909090917,0.8689378757515029,-0.01701014066077855,-0.00018556517084485704,
stable_medium_capacity,w10,2026-04-01,2026-04-02,2026-04-09,000723,0.007272727272727281,0.850375751503006,-0.05672268907563016,-0.0004125286478227653,
stable_medium_capacity,w10,2026-04-01,2026-04-02,2026-04-09,002056,0.0036363636363636407,0.850375751503006,-0.03601252609603345,-0.0001309546403492127,
balanced_extra_wide_capacity,w11,2026-04-09,2026-04-10,2026-04-16,300679,0.06451612903225806,0.9905060120240481,-0.019060585432266963,-0.0012297151891785137,
balanced_extra_wide_capacity,w11,2026-04-09,2026-04-10,2026-04-16,002432,0.06236559139784946,0.983992985971944,-0.14464265424383593,-0.009020724673271488,
balanced_extra_wide_capacity,w11,2026-04-09,2026-04-10,2026-04-16,002273,0.060215053763440864,0.9834418837675352,-0.021919628030554583,-0.0013198915803344696,
balanced_extra_wide_capacity,w11,2026-04-09,2026-04-10,2026-04-16,002439,0.05806451612903226,0.9017785571142285,0.15330739299610907,0.008901719593322463,
balanced_extra_wide_capacity,w11,2026-04-09,2026-04-10,2026-04-16,603589,0.05591397849462366,0.8945390781563126,0.020782396088019572,0.0011620264479322772,
balanced_extra_wide_capacity,w11,2026-04-09,2026-04-10,2026-04-16,002025,0.053763440860215055,0.8932114228456914,-0.024546151879314748,-0.0013196855849093951,
balanced_extra_wide_capacity,w11,2026-04-09,2026-04-10,2026-04-16,002281,0.05161290322580645,0.8926603206412826,-0.017392913312979985,-0.0008976987516376766,
balanced_extra_wide_capacity,w11,2026-04-09,2026-04-10,2026-04-16,002008,0.04946236559139785,0.8918336673346694,0.13501833420639087,0.006678326208058043,
balanced_extra_wide_capacity,w11,2026-04-09,2026-04-10,2026-04-16,300757,0.047311827956989246,0.8918336673346694,0.01681515616999474,0.0007955557757846973,
balanced_extra_wide_capacity,w11,2026-04-09,2026-04-10,2026-04-16,000785,0.04516129032258064,0.8913076152304609,0.09583333333333344,0.004327956989247316,
balanced_extra_wide_capacity,w11,2026-04-09,2026-04-10,2026-04-16,003031,0.043010752688172046,0.8899048096192386,0.05991499948170409,0.002576989225019531,
balanced_extra_wide_capacity,w11,2026-04-09,2026-04-10,2026-04-16,300058,0.04086021505376344,0.8893537074148297,0.03241296518607428,0.0013244007280331428,
balanced_extra_wide_capacity,w11,2026-04-09,2026-04-10,2026-04-16,688702,0.03870967741935484,0.8882515030060121,0.02286129002993742,0.0008849531624491904,
balanced_extra_wide_capacity,w11,2026-04-09,2026-04-10,2026-04-16,300383,0.03655913978494624,0.8877004008016032,0.07437070938215107,0.0027189291602076737,
balanced_extra_wide_capacity,w11,2026-04-09,2026-04-10,2026-04-16,300957,0.034408602150537634,0.8863476953907816,-0.016777629826897345,-0.0005772947897427043,
balanced_extra_wide_capacity,w11,2026-04-09,2026-04-10,2026-04-16,000021,0.03225806451612903,0.8857715430861723,0.03862815884476545,0.0012460696401537241,
balanced_extra_wide_capacity,w11,2026-04-09,2026-04-10,2026-04-16,002409,0.030107526881720432,0.8857715430861723,0.019775014801657775,0.000595376789727331,
balanced_extra_wide_capacity,w11,2026-04-09,2026-04-10,2026-04-16,002436,0.02795698924731183,0.8857715430861723,0.12907608695652173,0.0036085787751285645,
balanced_extra_wide_capacity,w11,2026-04-09,2026-04-10,2026-04-16,603688,0.025806451612903226,0.8857715430861723,0.14210410718207767,0.003667202765989101,
balanced_extra_wide_capacity,w11,2026-04-09,2026-04-10,2026-04-16,688347,0.023655913978494623,0.8857715430861723,0.04606253134927263,0.001089651279230105,
balanced_extra_wide_capacity,w11,2026-04-09,2026-04-10,2026-04-16,688709,0.021505376344086023,0.8857715430861723,-0.009215554057091513,-0.00019818395821702178,
balanced_extra_wide_capacity,w11,2026-04-09,2026-04-10,2026-04-16,688220,0.01935483870967742,0.8838426853707415,0.11925207756232692,0.002308104727012779,
balanced_extra_wide_capacity,w11,2026-04-09,2026-04-10,2026-04-16,000831,0.017204301075268817,0.8830160320641283,-0.0003867723844518389,-6.6541485497090566e-06,
balanced_extra_wide_capacity,w11,2026-04-09,2026-04-10,2026-04-16,300373,0.015053763440860216,0.8830160320641283,0.0018036588508116846,2.715185366813289e-05,
balanced_extra_wide_capacity,w11,2026-04-09,2026-04-10,2026-04-16,603707,0.012903225806451613,0.8824148296593186,-0.0051177072671442225,-6.603493247928029e-05,
balanced_extra_wide_capacity,w11,2026-04-09,2026-04-10,2026-04-16,000629,0.010752688172043012,0.8810871743486974,0.029940119760479167,0.00032193677161805557,
balanced_extra_wide_capacity,w11,2026-04-09,2026-04-10,2026-04-16,300748,0.008602150537634409,0.8810871743486974,-0.0009174311926606338,-7.891881227188248e-06,
balanced_extra_wide_capacity,w11,2026-04-09,2026-04-10,2026-04-16,603979,0.0064516129032258064,0.8810871743486974,0.03425324675324681,0.0002209886887306246,
balanced_extra_wide_capacity,w11,2026-04-09,2026-04-10,2026-04-16,688122,0.004301075268817204,0.8810871743486974,0.021748164565729367,9.354049275582523e-05,
balanced_extra_wide_capacity,w11,2026-04-09,2026-04-10,2026-04-16,688692,0.002150537634408602,0.8810871743486974,0.05528815436384549,0.00011889925669644191,
balanced_medium_current,w11,2026-04-09,2026-04-10,2026-04-16,002281,0.016666666666666666,0.9643286573146292,-0.017392913312979985,-0.00028988188854966643,
balanced_medium_current,w11,2026-04-09,2026-04-10,2026-04-16,688629,0.016666666666666666,0.9630260521042084,0.039981074047787946,0.0006663512341297991,
balanced_medium_current,w11,2026-04-09,2026-04-10,2026-04-16,000021,0.016666666666666666,0.9070140280561123,0.03862815884476545,0.0006438026474127575,
balanced_medium_current,w11,2026-04-09,2026-04-10,2026-04-16,688375,0.016666666666666666,0.9057114228456915,0.1516609184970048,0.0025276819749500802,
balanced_medium_current,w11,2026-04-09,2026-04-10,2026-04-16,300346,0.016666666666666666,0.9044088176352705,0.007127882599580637,0.00011879804332634395,
balanced_medium_current,w11,2026-04-09,2026-04-10,2026-04-16,601168,0.016666666666666666,0.9018036072144289,0.0625,0.0010416666666666667,
balanced_medium_current,w11,2026-04-09,2026-04-10,2026-04-16,688385,0.016666666666666666,0.9018036072144289,0.007942238267147905,0.0001323706377857984,
balanced_medium_current,w11,2026-04-09,2026-04-10,2026-04-16,688709,0.016666666666666666,0.9018036072144289,-0.009215554057091513,-0.00015359256761819187,
balanced_medium_current,w11,2026-04-09,2026-04-10,2026-04-16,600497,0.016666666666666666,0.8991983967935873,0.023170731707317316,0.00038617886178862195,
balanced_medium_current,w11,2026-04-09,2026-04-10,2026-04-16,300373,0.016666666666666666,0.8965931863727454,0.0018036588508116846,3.006098084686141e-05,
balanced_medium_current,w11,2026-04-09,2026-04-10,2026-04-16,002195,0.016666666666666666,0.8952905811623246,0.00990099009900991,0.00016501650165016515,
balanced_medium_current,w11,2026-04-09,2026-04-10,2026-04-16,002429,0.016666666666666666,0.8939879759519038,-0.0058651026392961825,-9.775171065493637e-05,
balanced_medium_current,w11,2026-04-09,2026-04-10,2026-04-16,002436,0.016666666666666666,0.892685370741483,0.12907608695652173,0.002151268115942029,
balanced_medium_current,w11,2026-04-09,2026-04-10,2026-04-16,603077,0.016666666666666666,0.8913827655310622,0.0,0.0,
balanced_medium_current,w11,2026-04-09,2026-04-10,2026-04-16,002156,0.016666666666666666,0.8887775551102204,0.07331247206079583,0.001221874534346597,
balanced_medium_current,w11,2026-04-09,2026-04-10,2026-04-16,300751,0.016666666666666666,0.8874749498997996,0.08868544600938955,0.001478090766823159,
balanced_medium_current,w11,2026-04-09,2026-04-10,2026-04-16,601233,0.016666666666666666,0.8861723446893788,0.0462012320328542,0.0007700205338809033,
balanced_medium_current,w11,2026-04-09,2026-04-10,2026-04-16,601958,0.016666666666666666,0.8835671342685372,0.01922077922077925,0.0003203463203463208,
balanced_medium_current,w11,2026-04-09,2026-04-10,2026-04-16,600392,0.016666666666666666,0.8816132264529057,0.005540166204986097,9.233610341643494e-05,
balanced_medium_current,w11,2026-04-09,2026-04-10,2026-04-16,603920,0.016666666666666666,0.8816132264529057,0.03118430273300632,0.0005197383788834387,
balanced_medium_current,w11,2026-04-09,2026-04-10,2026-04-16,605358,0.016666666666666666,0.8796593186372745,0.017309875141884312,0.0002884979190314052,
balanced_medium_current,w11,2026-04-09,2026-04-10,2026-04-16,603979,0.016666666666666666,0.8783567134268537,0.03425324675324681,0.0005708874458874469,
balanced_medium_current,w11,2026-04-09,2026-04-10,2026-04-16,002738,0.016666666666666666,0.8770541082164329,0.09602564102564104,0.0016004273504273507,
balanced_medium_current,w11,2026-04-09,2026-04-10,2026-04-16,002465,0.016666666666666666,0.8757515030060119,0.03892617449664426,0.000648769574944071,
balanced_medium_current,w11,2026-04-09,2026-04-10,2026-04-16,000831,0.016666666666666666,0.8679358717434869,-0.0003867723844518389,-6.446206407530649e-06,
balanced_medium_current,w11,2026-04-09,2026-04-10,2026-04-16,300285,0.016666666666666666,0.866633266533066,0.11919698870765383,0.0019866164784608973,
balanced_medium_current,w11,2026-04-09,2026-04-10,2026-04-16,600352,0.016666666666666666,0.8653306613226452,-0.0612833453496755,-0.0010213890891612584,
balanced_medium_current,w11,2026-04-09,2026-04-10,2026-04-16,000032,0.016666666666666666,0.8627254509018036,0.07579185520361986,0.0012631975867269977,
balanced_medium_current,w11,2026-04-09,2026-04-10,2026-04-16,001389,0.016666666666666666,0.8614228456913828,0.06710195091252369,0.0011183658485420616,
balanced_medium_current,w11,2026-04-09,2026-04-10,2026-04-16,601611,0.016666666666666666,0.9083166332665331,0.04269175108538348,0.0007115291847563913,
balanced_medium_current,w11,2026-04-09,2026-04-10,2026-04-16,002335,0.016666666666666666,0.9096192384769539,0.05598094265781861,0.0009330157109636435,
balanced_medium_current,w11,2026-04-09,2026-04-10,2026-04-16,603688,0.016666666666666666,0.9128757515030059,0.14210410718207767,0.002368401786367961,
balanced_medium_current,w11,2026-04-09,2026-04-10,2026-04-16,688019,0.016666666666666666,0.9330661322645291,-0.056824947901161216,-0.0009470824650193536,
balanced_medium_current,w11,2026-04-09,2026-04-10,2026-04-16,002025,0.016666666666666666,0.9617234468937876,-0.024546151879314748,-0.00040910253132191247,
balanced_medium_current,w11,2026-04-09,2026-04-10,2026-04-16,003031,0.016666666666666666,0.957815631262525,0.05991499948170409,0.000998583324695068,
balanced_medium_current,w11,2026-04-09,2026-04-10,2026-04-16,600118,0.016666666666666666,0.9539078156312626,0.08037406798938451,0.0013395677998230752,
balanced_medium_current,w11,2026-04-09,2026-04-10,2026-04-16,600879,0.016666666666666666,0.9513026052104208,0.07421150278293132,0.001236858379715522,
balanced_medium_current,w11,2026-04-09,2026-04-10,2026-04-16,002202,0.016666666666666666,0.95,0.04823825503355694,0.000803970917225949,
balanced_medium_current,w11,2026-04-09,2026-04-10,2026-04-16,002008,0.016666666666666666,0.9486973947895792,0.13501833420639087,0.0022503055701065143,
balanced_medium_current,w11,2026-04-09,2026-04-10,2026-04-16,600126,0.016666666666666666,0.9434869739478957,0.07165437302423605,0.0011942395504039342,
balanced_medium_current,w11,2026-04-09,2026-04-10,2026-04-16,688608,0.016666666666666666,0.9421843687374749,0.019878320583097464,0.0003313053430516244,
balanced_medium_current,w11,2026-04-09,2026-04-10,2026-04-16,301611,0.016666666666666666,0.9395791583166333,0.030391340549541956,0.000506522342492366,
balanced_medium_current,w11,2026-04-09,2026-04-10,2026-04-16,600549,0.016666666666666666,0.9382765531062125,0.05977050864874123,0.0009961751441456871,
balanced_medium_current,w11,2026-04-09,2026-04-10,2026-04-16,000426,0.016666666666666666,0.9356713426853707,0.02731864095500458,0.00045531068258340967,
balanced_medium_current,w11,2026-04-09,2026-04-10,2026-04-16,300567,0.016666666666666666,0.9343687374749499,-0.01002125721226843,-0.00016702095353780718,
balanced_medium_current,w11,2026-04-09,2026-04-10,2026-04-16,000960,0.016666666666666666,0.9317635270541083,0.08486519607843124,0.0014144199346405207,
balanced_medium_current,w11,2026-04-09,2026-04-10,2026-04-16,601231,0.016666666666666666,0.9128757515030059,0.0346237731733916,0.0005770628862231934,
balanced_medium_current,w11,2026-04-09,2026-04-10,2026-04-16,300383,0.016666666666666666,0.9304609218436874,0.07437070938215107,0.001239511823035851,
balanced_medium_current,w11,2026-04-09,2026-04-10,2026-04-16,300604,0.016666666666666666,0.9272044088176352,0.14821162444113267,0.0024701937406855444,
balanced_medium_current,w11,2026-04-09,2026-04-10,2026-04-16,688002,0.016666666666666666,0.9272044088176352,0.08266528747521762,0.001377754791253627,
balanced_medium_current,w11,2026-04-09,2026-04-10,2026-04-16,300395,0.016666666666666666,0.925250501002004,0.1118595631761583,0.0018643260529359717,
balanced_medium_current,w11,2026-04-09,2026-04-10,2026-04-16,300570,0.016666666666666666,0.9239478957915832,0.04856185205394037,0.0008093642008990061,
balanced_medium_current,w11,2026-04-09,2026-04-10,2026-04-16,300223,0.016666666666666666,0.9213426853707416,0.060370810119645624,0.0010061801686607605,
balanced_medium_current,w11,2026-04-09,2026-04-10,2026-04-16,002409,0.016666666666666666,0.9200400801603206,0.019775014801657775,0.0003295835800276296,
balanced_medium_current,w11,2026-04-09,2026-04-10,2026-04-16,002851,0.016666666666666666,0.9187374749498998,0.019108901238178877,0.00031848168730298125,
balanced_medium_current,w11,2026-04-09,2026-04-10,2026-04-16,688027,0.016666666666666666,0.917434869739479,0.13322961471584138,0.0022204935785973563,
balanced_medium_current,w11,2026-04-09,2026-04-10,2026-04-16,601212,0.016666666666666666,0.9161322645290582,-0.011070110701107194,-0.00018450184501845324,
balanced_medium_current,w11,2026-04-09,2026-04-10,2026-04-16,002080,0.016666666666666666,0.9128757515030059,0.13367370619633312,0.0022278951032722186,
balanced_medium_current,w11,2026-04-09,2026-04-10,2026-04-16,301536,0.016666666666666666,0.9128757515030059,0.053303720155469136,0.0008883953359244855,
balanced_medium_current,w11,2026-04-09,2026-04-10,2026-04-16,000060,0.016666666666666666,0.8601202404809618,0.039682539682539764,0.0006613756613756627,
economic_medium_capacity,w11,2026-04-09,2026-04-10,2026-04-16,600118,0.05000000000000002,0.9611472945891784,0.08037406798938451,0.004018703399469227,
economic_medium_capacity,w11,2026-04-09,2026-04-10,2026-04-16,600879,0.05000000000000002,0.9551853707414829,0.07421150278293132,0.003710575139146567,
economic_medium_capacity,w11,2026-04-09,2026-04-10,2026-04-16,600392,0.05000000000000002,0.9483717434869738,0.005540166204986097,0.00027700831024930495,
economic_medium_capacity,w11,2026-04-09,2026-04-10,2026-04-16,000960,0.05000000000000002,0.9415581162324649,0.08486519607843124,0.004243259803921563,
economic_medium_capacity,w11,2026-04-09,2026-04-10,2026-04-16,300140,0.05000000000000002,0.9407064128256513,0.006359300476947549,0.00031796502384737755,
economic_medium_capacity,w11,2026-04-09,2026-04-10,2026-04-16,600316,0.05000000000000002,0.9398547094188376,0.05817099567099571,0.002908549783549786,
economic_medium_capacity,w11,2026-04-09,2026-04-10,2026-04-16,002195,0.05000000000000002,0.9381513026052104,0.00990099009900991,0.0004950495049504957,
economic_medium_capacity,w11,2026-04-09,2026-04-10,2026-04-16,601611,0.05000000000000002,0.9372995991983968,0.04269175108538348,0.0021345875542691747,
economic_medium_capacity,w11,2026-04-09,2026-04-10,2026-04-16,300395,0.05000000000000002,0.9364478957915832,0.1118595631761583,0.0055929781588079175,
economic_medium_capacity,w11,2026-04-09,2026-04-10,2026-04-16,000831,0.05000000000000002,0.9347444889779559,-0.0003867723844518389,-1.9338619222591954e-05,
economic_medium_capacity,w11,2026-04-09,2026-04-10,2026-04-16,002202,0.047619047619047644,0.9338927855711423,0.04823825503355694,0.0022970597635027126,
economic_medium_capacity,w11,2026-04-09,2026-04-10,2026-04-16,000830,0.04523809523809524,0.9304859719438878,-0.041469194312796165,-0.0018759873617693503,
economic_medium_capacity,w11,2026-04-09,2026-04-10,2026-04-16,002851,0.04285714285714283,0.9262274549098196,0.019108901238178877,0.0008189529102076656,
economic_medium_capacity,w11,2026-04-09,2026-04-10,2026-04-16,603688,0.04047619047619047,0.9236723446893788,0.14210410718207767,0.005751832909750762,
economic_medium_capacity,w11,2026-04-09,2026-04-10,2026-04-16,002335,0.038095238095238106,0.9177104208416833,0.05598094265781861,0.0021326073393454713,
economic_medium_capacity,w11,2026-04-09,2026-04-10,2026-04-16,688568,0.03571428571428571,0.9100450901803607,0.02434928631402178,0.0008696173683579206,
economic_medium_capacity,w11,2026-04-09,2026-04-10,2026-04-16,002738,0.03333333333333334,0.9091933867735471,0.09602564102564104,0.003200854700854702,
economic_medium_capacity,w11,2026-04-09,2026-04-10,2026-04-16,688676,0.03095238095238096,0.9049348697394789,0.02135189335849952,0.0006608919372868901,
economic_medium_capacity,w11,2026-04-09,2026-04-10,2026-04-16,300699,0.028571428571428574,0.8947144288577153,0.018950437317784452,0.000541441066222413,
economic_medium_capacity,w11,2026-04-09,2026-04-10,2026-04-16,600580,0.026190476190476195,0.8938627254509017,0.037608225108225035,0.0009849773242630367,
economic_medium_capacity,w11,2026-04-09,2026-04-10,2026-04-16,601567,0.023809523809523822,0.8861973947895792,0.016336056009334854,0.0003889537145079729,
economic_medium_capacity,w11,2026-04-09,2026-04-10,2026-04-16,601958,0.021428571428571415,0.8853456913827655,0.01922077922077925,0.00041187384044526936,
economic_medium_capacity,w11,2026-04-09,2026-04-10,2026-04-16,603568,0.019047619047619053,0.8844939879759519,-0.0916568742655699,-0.0017458452241060937,
economic_medium_capacity,w11,2026-04-09,2026-04-10,2026-04-16,300724,0.01666666666666667,0.8734218436873747,0.04417328793038222,0.0007362214655063705,
economic_medium_capacity,w11,2026-04-09,2026-04-10,2026-04-16,003021,0.014285714285714287,0.865756513026052,0.04534728634451635,0.0006478183763502336,
economic_medium_capacity,w11,2026-04-09,2026-04-10,2026-04-16,688248,0.011904761904761911,0.861497995991984,0.06324816866178318,0.0007529543888307525,
economic_medium_capacity,w11,2026-04-09,2026-04-10,2026-04-16,601179,0.009523809523809526,0.8589428857715431,0.10449651678277405,0.0009952049217407054,
economic_medium_capacity,w11,2026-04-09,2026-04-10,2026-04-16,601216,0.0071428571428571435,0.8563877755511022,-0.03429602888086647,-0.00024497163486333196,
economic_medium_capacity,w11,2026-04-09,2026-04-10,2026-04-16,600549,0.004761904761904763,0.8546843687374749,0.05977050864874123,0.0002846214697559107,
economic_medium_capacity,w11,2026-04-09,2026-04-10,2026-04-16,600295,0.0023809523809523816,0.8419088176352705,0.029729729729729648,7.078507078507062e-05,
recent_compact_capacity,w11,2026-04-09,2026-04-10,2026-04-16,002281,0.045,0.9969188376753506,-0.017392913312979985,-0.0007826810990840993,
recent_compact_capacity,w11,2026-04-09,2026-04-10,2026-04-16,002202,0.045,0.9926603206412825,0.04823825503355694,0.0021707214765100623,
recent_compact_capacity,w11,2026-04-09,2026-04-10,2026-04-16,600879,0.045,0.9897795591182365,0.07421150278293132,0.003339517625231909,
recent_compact_capacity,w11,2026-04-09,2026-04-10,2026-04-16,000959,0.045,0.9884519038076152,0.03426124197002145,0.0015417558886509652,
recent_compact_capacity,w11,2026-04-09,2026-04-10,2026-04-16,002025,0.045,0.9871492985971944,-0.024546151879314748,-0.0011045768345691637,
recent_compact_capacity,w11,2026-04-09,2026-04-10,2026-04-16,002432,0.045,0.9806362725450901,-0.14464265424383593,-0.006508919440972617,
recent_compact_capacity,w11,2026-04-09,2026-04-10,2026-04-16,600118,0.045,0.9761022044088177,0.08037406798938451,0.0036168330595223027,
recent_compact_capacity,w11,2026-04-09,2026-04-10,2026-04-16,300751,0.045,0.9752505010020039,0.08868544600938955,0.00399084507042253,
recent_compact_capacity,w11,2026-04-09,2026-04-10,2026-04-16,688629,0.045,0.9747745490981963,0.039981074047787946,0.0017991483321504575,
recent_compact_capacity,w11,2026-04-09,2026-04-10,2026-04-16,601016,0.045,0.9728206412825651,0.00995024875621886,0.0004477611940298487,
recent_compact_capacity,w11,2026-04-09,2026-04-10,2026-04-16,300757,0.045,0.9708667334669338,0.01681515616999474,0.0007566820276497632,
recent_compact_capacity,w11,2026-04-09,2026-04-10,2026-04-16,000703,0.045,0.9689128256513025,0.023717948717948856,0.0010673076923076986,
recent_compact_capacity,w11,2026-04-09,2026-04-10,2026-04-16,000539,0.045,0.9669589178356712,0.031423290203327126,0.0014140480591497205,
recent_compact_capacity,w11,2026-04-09,2026-04-10,2026-04-16,300763,0.045,0.9630511022044087,0.02898071625344345,0.0013041322314049553,
recent_compact_capacity,w11,2026-04-09,2026-04-10,2026-04-16,605589,0.04352941176470591,0.9591432865731462,0.005209761447765304,0.0002267778512556663,
recent_compact_capacity,w11,2026-04-09,2026-04-10,2026-04-16,600707,0.040808823529411745,0.9578406813627254,0.10971786833855801,0.004477457127051446,
recent_compact_capacity,w11,2026-04-09,2026-04-10,2026-04-16,002821,0.038088235294117645,0.957189378757515,-0.03167010309278351,-0.0012062583383869012,
recent_compact_capacity,w11,2026-04-09,2026-04-10,2026-04-16,600032,0.03536764705882354,0.9552354709418837,0.09944134078212308,0.0035170062438383246,
recent_compact_capacity,w11,2026-04-09,2026-04-10,2026-04-16,003031,0.032647058823529425,0.9532815631262525,0.05991499948170409,0.0019560485124909283,
recent_compact_capacity,w11,2026-04-09,2026-04-10,2026-04-16,688702,0.029926470588235287,0.9513276553106211,0.02286129002993742,0.0006841577236900388,
recent_compact_capacity,w11,2026-04-09,2026-04-10,2026-04-16,601615,0.027205882352941184,0.9496743486973946,0.011635027556644362,0.0003165411908792952,
recent_compact_capacity,w11,2026-04-09,2026-04-10,2026-04-16,301611,0.02448529411764706,0.9493737474949899,0.030391340549541956,0.0007441409119851082,
recent_compact_capacity,w11,2026-04-09,2026-04-10,2026-04-16,300136,0.021764705882352953,0.9478707414829659,0.09147771696637985,0.001990985604562386,
recent_compact_capacity,w11,2026-04-09,2026-04-10,2026-04-16,601611,0.019044117647058822,0.9477204408817634,0.04269175108538348,0.0008130267302289941,
recent_compact_capacity,w11,2026-04-09,2026-04-10,2026-04-16,003035,0.016323529411764712,0.9454659318637273,0.051006711409395944,0.0008326095538886694,
recent_compact_capacity,w11,2026-04-09,2026-04-10,2026-04-16,688027,0.013602941176470592,0.9435120240480961,0.13322961471584138,0.001812314611943431,
recent_compact_capacity,w11,2026-04-09,2026-04-10,2026-04-16,300395,0.010882352941176477,0.9428857715430863,0.1118595631761583,0.0012172952463287822,
recent_compact_capacity,w11,2026-04-09,2026-04-10,2026-04-16,688248,0.008161764705882356,0.940931863727455,0.06324816866178318,0.0005162166706954365,
recent_compact_capacity,w11,2026-04-09,2026-04-10,2026-04-16,300724,0.005441176470588238,0.9376503006012022,0.04417328793038222,0.00024035465491531517,
recent_compact_capacity,w11,2026-04-09,2026-04-10,2026-04-16,300223,0.002720588235294119,0.935696392785571,0.060370810119645624,0.00016424411576668305,
recent_compact_current,w11,2026-04-09,2026-04-10,2026-04-16,600118,0.06451612903225806,0.9788076152304609,0.08037406798938451,0.005185423741250614,
recent_compact_current,w11,2026-04-09,2026-04-10,2026-04-16,002281,0.06236559139784946,0.9775300601202405,-0.017392913312979985,-0.001084719324895526,
recent_compact_current,w11,2026-04-09,2026-04-10,2026-04-16,002025,0.060215053763440864,0.9764779559118236,-0.024546151879314748,-0.0014780478550985225,
recent_compact_current,w11,2026-04-09,2026-04-10,2026-04-16,600879,0.05806451612903226,0.9756513026052104,0.07421150278293132,0.004309055000299238,
recent_compact_current,w11,2026-04-09,2026-04-10,2026-04-16,600707,0.05591397849462366,0.9701653306613226,0.10971786833855801,0.006134762530758083,
recent_compact_current,w11,2026-04-09,2026-04-10,2026-04-16,300395,0.053763440860215055,0.9693386773547095,0.1118595631761583,0.006013955009470877,
recent_compact_current,w11,2026-04-09,2026-04-10,2026-04-16,688568,0.05161290322580645,0.9556613226452906,0.02434928631402178,0.0012567373581430594,
recent_compact_current,w11,2026-04-09,2026-04-10,2026-04-16,688248,0.04946236559139785,0.9472444889779559,0.06324816866178318,0.003128404041335512,
recent_compact_current,w11,2026-04-09,2026-04-10,2026-04-16,603688,0.047311827956989246,0.9277805611222445,0.14210410718207767,0.006723205070980018,
recent_compact_current,w11,2026-04-09,2026-04-10,2026-04-16,002008,0.04516129032258064,0.9259769539078156,0.13501833420639087,0.006097602189966039,
recent_compact_current,w11,2026-04-09,2026-04-10,2026-04-16,002202,0.043010752688172046,0.9232214428857715,0.04823825503355694,0.002074763657357288,
recent_compact_current,w11,2026-04-09,2026-04-10,2026-04-16,601179,0.04086021505376344,0.8914829659318637,0.10449651678277405,0.004269750148113349,
recent_compact_current,w11,2026-04-09,2026-04-10,2026-04-16,601567,0.03870967741935484,0.8790330661322645,0.016336056009334854,0.0006323634584258653,
recent_compact_current,w11,2026-04-09,2026-04-10,2026-04-16,002851,0.03655913978494624,0.876753507014028,0.019108901238178877,0.0006986049915033138,
recent_compact_current,w11,2026-04-09,2026-04-10,2026-04-16,600316,0.034408602150537634,0.8737725450901803,0.05817099567099571,0.0020015826467439384,
recent_compact_current,w11,2026-04-09,2026-04-10,2026-04-16,002195,0.03225806451612903,0.8664078156312625,0.00990099009900991,0.00031938677738741644,
recent_compact_current,w11,2026-04-09,2026-04-10,2026-04-16,600998,0.030107526881720432,0.8635020040080161,0.011363636363636243,0.000342130987292274,
recent_compact_current,w11,2026-04-09,2026-04-10,2026-04-16,601216,0.02795698924731183,0.8579909819639279,-0.03429602888086647,-0.0009588137106478798,
recent_compact_current,w11,2026-04-09,2026-04-10,2026-04-16,000683,0.025806451612903226,0.8558867735470942,-0.022573363431151128,-0.0005825384111264807,
recent_compact_current,w11,2026-04-09,2026-04-10,2026-04-16,600580,0.023655913978494623,0.8327404809619239,0.037608225108225035,0.000889656938044033,
recent_compact_current,w11,2026-04-09,2026-04-10,2026-04-16,688002,0.021505376344086023,0.8249749498997996,0.08266528747521762,0.0017777481177466156,
recent_compact_current,w11,2026-04-09,2026-04-10,2026-04-16,601615,0.01935483870967742,0.8243236472945892,0.011635027556644362,0.0002251940817415038,
recent_compact_current,w11,2026-04-09,2026-04-10,2026-04-16,300339,0.017204301075268817,0.8188877755511021,0.021052631578947434,0.0003621958121109236,
recent_compact_current,w11,2026-04-09,2026-04-10,2026-04-16,688297,0.015053763440860216,0.8148547094188376,0.03587069864442127,0.000539989011851503,
recent_compact_current,w11,2026-04-09,2026-04-10,2026-04-16,688281,0.012903225806451613,0.8125751503006012,0.03599672757022088,0.0004644739041318823,
recent_compact_current,w11,2026-04-09,2026-04-10,2026-04-16,601611,0.010752688172043012,0.7906563126252505,0.04269175108538348,0.00045905108693960735,
recent_compact_current,w11,2026-04-09,2026-04-10,2026-04-16,000738,0.008602150537634409,0.7820641282565131,0.03374524714828908,0.00029028169589926094,
recent_compact_current,w11,2026-04-09,2026-04-10,2026-04-16,002432,0.0064516129032258064,0.7805861723446894,-0.14464265424383593,-0.0009331784144763609,
recent_compact_current,w11,2026-04-09,2026-04-10,2026-04-16,000959,0.004301075268817204,0.7774298597194389,0.03426124197002145,0.0001473601805162213,
recent_compact_current,w11,2026-04-09,2026-04-10,2026-04-16,688629,0.002150537634408602,0.7763777555110221,0.039981074047787946,8.598080440384505e-05,
short_aggressive_compact_capacity,w11,2026-04-09,2026-04-10,2026-04-16,000426,0.06451612903225806,0.9780561122244489,0.02731864095500458,0.0017624929648390052,
short_aggressive_compact_capacity,w11,2026-04-09,2026-04-10,2026-04-16,301611,0.06236559139784946,0.975250501002004,0.030391340549541956,0.0018953739267456274,
short_aggressive_compact_capacity,w11,2026-04-09,2026-04-10,2026-04-16,000960,0.060215053763440864,0.972444889779559,0.08486519607843124,0.005110162344507688,
short_aggressive_compact_capacity,w11,2026-04-09,2026-04-10,2026-04-16,600879,0.05806451612903226,0.9668336673346694,0.07421150278293132,0.004309055000299238,
short_aggressive_compact_capacity,w11,2026-04-09,2026-04-10,2026-04-16,688608,0.05591397849462366,0.9528056112224448,0.019878320583097464,0.0011114759895925464,
short_aggressive_compact_capacity,w11,2026-04-09,2026-04-10,2026-04-16,600118,0.053763440860215055,0.9514028056112225,0.08037406798938451,0.004321186451042178,
short_aggressive_compact_capacity,w11,2026-04-09,2026-04-10,2026-04-16,688318,0.05161290322580645,0.9443887775551103,0.04499633431085037,0.0023223914483019546,
short_aggressive_compact_capacity,w11,2026-04-09,2026-04-10,2026-04-16,601212,0.04946236559139785,0.9331663326653306,-0.011070110701107194,-0.0005475538626354096,
short_aggressive_compact_capacity,w11,2026-04-09,2026-04-10,2026-04-16,688114,0.047311827956989246,0.909318637274549,0.03302456705598078,0.0015624526349066175,
short_aggressive_compact_capacity,w11,2026-04-09,2026-04-10,2026-04-16,688568,0.04516129032258064,0.8896793587174348,0.02434928631402178,0.001099645188375177,
short_aggressive_compact_capacity,w11,2026-04-09,2026-04-10,2026-04-16,002432,0.043010752688172046,0.8548096192384769,-0.14464265424383593,-0.006221189429842406,
short_aggressive_compact_capacity,w11,2026-04-09,2026-04-10,2026-04-16,002025,0.04086021505376344,0.8534068136272545,-0.024546151879314748,-0.0010029610445311404,
short_aggressive_compact_capacity,w11,2026-04-09,2026-04-10,2026-04-16,002281,0.03870967741935484,0.8520040080160319,-0.017392913312979985,-0.0006732740637282576,
short_aggressive_compact_capacity,w11,2026-04-09,2026-04-10,2026-04-16,002202,0.03655913978494624,0.8506012024048095,0.04823825503355694,0.0017635491087536947,
short_aggressive_compact_capacity,w11,2026-04-09,2026-04-10,2026-04-16,688629,0.034408602150537634,0.8491983967935871,0.039981074047787946,0.0013756928704615208,
short_aggressive_compact_capacity,w11,2026-04-09,2026-04-10,2026-04-16,002008,0.03225806451612903,0.8477955911823647,0.13501833420639087,0.004355430135690028,
short_aggressive_compact_capacity,w11,2026-04-09,2026-04-10,2026-04-16,600707,0.030107526881720432,0.8449899799599198,0.10971786833855801,0.0033033336704081985,
short_aggressive_compact_capacity,w11,2026-04-09,2026-04-10,2026-04-16,002273,0.02795698924731183,0.8421843687374748,-0.021919628030554583,-0.0006128068051552895,
short_aggressive_compact_capacity,w11,2026-04-09,2026-04-10,2026-04-16,688166,0.025806451612903226,0.83937875751503,0.13755373192653386,0.0035497737271363576,
short_aggressive_compact_capacity,w11,2026-04-09,2026-04-10,2026-04-16,300142,0.023655913978494623,0.8379759519038075,0.012718600953895098,0.0003008701300921421,
short_aggressive_compact_capacity,w11,2026-04-09,2026-04-10,2026-04-16,000539,0.021505376344086023,0.8365731462925851,0.031423290203327126,0.0006757696817919813,
short_aggressive_compact_capacity,w11,2026-04-09,2026-04-10,2026-04-16,000830,0.01935483870967742,0.8337675350701402,-0.041469194312796165,-0.000802629567344442,
short_aggressive_compact_capacity,w11,2026-04-09,2026-04-10,2026-04-16,601179,0.017204301075268817,0.8323647294589177,0.10449651678277405,0.0017977895360477257,
short_aggressive_compact_capacity,w11,2026-04-09,2026-04-10,2026-04-16,300390,0.015053763440860216,0.8309619238476953,0.3819354838709679,0.005749566423864033,
short_aggressive_compact_capacity,w11,2026-04-09,2026-04-10,2026-04-16,000591,0.012903225806451613,0.8295591182364729,0.015238095238095273,0.00019662058371735836,
short_aggressive_compact_capacity,w11,2026-04-09,2026-04-10,2026-04-16,688248,0.010752688172043012,0.8267535070140279,0.06324816866178318,0.0006800878350729375,
short_aggressive_compact_capacity,w11,2026-04-09,2026-04-10,2026-04-16,002851,0.008602150537634409,0.8253507014028055,0.019108901238178877,0.00016437764505960326,
short_aggressive_compact_capacity,w11,2026-04-09,2026-04-10,2026-04-16,600998,0.0064516129032258064,0.8244488977955912,0.011363636363636243,7.331378299120156e-05,
short_aggressive_compact_capacity,w11,2026-04-09,2026-04-10,2026-04-16,000537,0.004301075268817204,0.823947895791583,0.029652351738241434,0.00012753699672361907,
short_aggressive_compact_capacity,w11,2026-04-09,2026-04-10,2026-04-16,002558,0.002150537634408602,0.8237474949899799,0.009099181073703555,1.956813134129797e-05,
short_aggressive_medium_capacity,w11,2026-04-09,2026-04-10,2026-04-16,000426,0.06451612903225806,0.9780561122244489,0.02731864095500458,0.0017624929648390052,
short_aggressive_medium_capacity,w11,2026-04-09,2026-04-10,2026-04-16,301611,0.06236559139784946,0.975250501002004,0.030391340549541956,0.0018953739267456274,
short_aggressive_medium_capacity,w11,2026-04-09,2026-04-10,2026-04-16,000960,0.060215053763440864,0.972444889779559,0.08486519607843124,0.005110162344507688,
short_aggressive_medium_capacity,w11,2026-04-09,2026-04-10,2026-04-16,600879,0.05806451612903226,0.9668336673346694,0.07421150278293132,0.004309055000299238,
short_aggressive_medium_capacity,w11,2026-04-09,2026-04-10,2026-04-16,688608,0.05591397849462366,0.9528056112224448,0.019878320583097464,0.0011114759895925464,
short_aggressive_medium_capacity,w11,2026-04-09,2026-04-10,2026-04-16,600118,0.053763440860215055,0.9514028056112225,0.08037406798938451,0.004321186451042178,
short_aggressive_medium_capacity,w11,2026-04-09,2026-04-10,2026-04-16,688318,0.05161290322580645,0.9443887775551103,0.04499633431085037,0.0023223914483019546,
short_aggressive_medium_capacity,w11,2026-04-09,2026-04-10,2026-04-16,601212,0.04946236559139785,0.9331663326653306,-0.011070110701107194,-0.0005475538626354096,
short_aggressive_medium_capacity,w11,2026-04-09,2026-04-10,2026-04-16,688114,0.047311827956989246,0.909318637274549,0.03302456705598078,0.0015624526349066175,
short_aggressive_medium_capacity,w11,2026-04-09,2026-04-10,2026-04-16,688568,0.04516129032258064,0.8896793587174348,0.02434928631402178,0.001099645188375177,
short_aggressive_medium_capacity,w11,2026-04-09,2026-04-10,2026-04-16,002432,0.043010752688172046,0.8548096192384769,-0.14464265424383593,-0.006221189429842406,
short_aggressive_medium_capacity,w11,2026-04-09,2026-04-10,2026-04-16,002025,0.04086021505376344,0.8534068136272545,-0.024546151879314748,-0.0010029610445311404,
short_aggressive_medium_capacity,w11,2026-04-09,2026-04-10,2026-04-16,002281,0.03870967741935484,0.8520040080160319,-0.017392913312979985,-0.0006732740637282576,
short_aggressive_medium_capacity,w11,2026-04-09,2026-04-10,2026-04-16,002202,0.03655913978494624,0.8506012024048095,0.04823825503355694,0.0017635491087536947,
short_aggressive_medium_capacity,w11,2026-04-09,2026-04-10,2026-04-16,688629,0.034408602150537634,0.8491983967935871,0.039981074047787946,0.0013756928704615208,
short_aggressive_medium_capacity,w11,2026-04-09,2026-04-10,2026-04-16,002008,0.03225806451612903,0.8477955911823647,0.13501833420639087,0.004355430135690028,
short_aggressive_medium_capacity,w11,2026-04-09,2026-04-10,2026-04-16,600707,0.030107526881720432,0.8449899799599198,0.10971786833855801,0.0033033336704081985,
short_aggressive_medium_capacity,w11,2026-04-09,2026-04-10,2026-04-16,002273,0.02795698924731183,0.8421843687374748,-0.021919628030554583,-0.0006128068051552895,
short_aggressive_medium_capacity,w11,2026-04-09,2026-04-10,2026-04-16,688166,0.025806451612903226,0.83937875751503,0.13755373192653386,0.0035497737271363576,
short_aggressive_medium_capacity,w11,2026-04-09,2026-04-10,2026-04-16,300142,0.023655913978494623,0.8379759519038075,0.012718600953895098,0.0003008701300921421,
short_aggressive_medium_capacity,w11,2026-04-09,2026-04-10,2026-04-16,000539,0.021505376344086023,0.8365731462925851,0.031423290203327126,0.0006757696817919813,
short_aggressive_medium_capacity,w11,2026-04-09,2026-04-10,2026-04-16,000830,0.01935483870967742,0.8337675350701402,-0.041469194312796165,-0.000802629567344442,
short_aggressive_medium_capacity,w11,2026-04-09,2026-04-10,2026-04-16,601179,0.017204301075268817,0.8323647294589177,0.10449651678277405,0.0017977895360477257,
short_aggressive_medium_capacity,w11,2026-04-09,2026-04-10,2026-04-16,300390,0.015053763440860216,0.8309619238476953,0.3819354838709679,0.005749566423864033,
short_aggressive_medium_capacity,w11,2026-04-09,2026-04-10,2026-04-16,000591,0.012903225806451613,0.8295591182364729,0.015238095238095273,0.00019662058371735836,
short_aggressive_medium_capacity,w11,2026-04-09,2026-04-10,2026-04-16,688248,0.010752688172043012,0.8267535070140279,0.06324816866178318,0.0006800878350729375,
short_aggressive_medium_capacity,w11,2026-04-09,2026-04-10,2026-04-16,002851,0.008602150537634409,0.8253507014028055,0.019108901238178877,0.00016437764505960326,
short_aggressive_medium_capacity,w11,2026-04-09,2026-04-10,2026-04-16,600998,0.0064516129032258064,0.8244488977955912,0.011363636363636243,7.331378299120156e-05,
short_aggressive_medium_capacity,w11,2026-04-09,2026-04-10,2026-04-16,000537,0.004301075268817204,0.823947895791583,0.029652351738241434,0.00012753699672361907,
short_aggressive_medium_capacity,w11,2026-04-09,2026-04-10,2026-04-16,002558,0.002150537634408602,0.8237474949899799,0.009099181073703555,1.956813134129797e-05,
short_aggressive_wide_capacity,w11,2026-04-09,2026-04-10,2026-04-16,002025,0.055,0.9907815631262524,-0.024546151879314748,-0.0013500383533623112,
short_aggressive_wide_capacity,w11,2026-04-09,2026-04-10,2026-04-16,002281,0.055,0.9907815631262524,-0.017392913312979985,-0.0009566102322138991,
short_aggressive_wide_capacity,w11,2026-04-09,2026-04-10,2026-04-16,002432,0.055,0.9907815631262524,-0.14464265424383593,-0.007955345983410977,
short_aggressive_wide_capacity,w11,2026-04-09,2026-04-10,2026-04-16,000021,0.055,0.9115731462925851,0.03862815884476545,0.0021245487364620996,
short_aggressive_wide_capacity,w11,2026-04-09,2026-04-10,2026-04-16,001389,0.055,0.9115731462925851,0.06710195091252369,0.003690607300188803,
short_aggressive_wide_capacity,w11,2026-04-09,2026-04-10,2026-04-16,002202,0.055,0.9115731462925851,0.04823825503355694,0.002653104026845632,
short_aggressive_wide_capacity,w11,2026-04-09,2026-04-10,2026-04-16,002335,0.05360000000000002,0.9115731462925851,0.05598094265781861,0.003000578526459079,
short_aggressive_wide_capacity,w11,2026-04-09,2026-04-10,2026-04-16,300017,0.05136666666666666,0.9115731462925851,0.06629526462395541,0.0034053667595171757,
short_aggressive_wide_capacity,w11,2026-04-09,2026-04-10,2026-04-16,300054,0.049133333333333334,0.9115731462925851,-0.010888252148997135,-0.0005349761222540592,
short_aggressive_wide_capacity,w11,2026-04-09,2026-04-10,2026-04-16,300058,0.0469,0.9115731462925851,0.03241296518607428,0.0015201680672268837,
short_aggressive_wide_capacity,w11,2026-04-09,2026-04-10,2026-04-16,300136,0.044666666666666674,0.9115731462925851,0.09147771696637985,0.004086004691164967,
short_aggressive_wide_capacity,w11,2026-04-09,2026-04-10,2026-04-16,300223,0.04243333333333334,0.9115731462925851,0.060370810119645624,0.002561734709410296,
short_aggressive_wide_capacity,w11,2026-04-09,2026-04-10,2026-04-16,300383,0.0402,0.9115731462925851,0.07437070938215107,0.002989702517162473,
short_aggressive_wide_capacity,w11,2026-04-09,2026-04-10,2026-04-16,300395,0.03796666666666667,0.9115731462925851,0.1118595631761583,0.004246934748588144,
short_aggressive_wide_capacity,w11,2026-04-09,2026-04-10,2026-04-16,300570,0.03573333333333334,0.9115731462925851,0.04856185205394037,0.0017352768467274694,
short_aggressive_wide_capacity,w11,2026-04-09,2026-04-10,2026-04-16,300751,0.0335,0.9115731462925851,0.08868544600938955,0.00297096244131455,
short_aggressive_wide_capacity,w11,2026-04-09,2026-04-10,2026-04-16,300757,0.031266666666666665,0.9115731462925851,0.01681515616999474,0.0005257538829151688,
short_aggressive_wide_capacity,w11,2026-04-09,2026-04-10,2026-04-16,301308,0.029033333333333335,0.9115731462925851,0.143041474654378,0.004152970814132108,
short_aggressive_wide_capacity,w11,2026-04-09,2026-04-10,2026-04-16,600498,0.02680000000000001,0.9115731462925851,-0.11501364877161058,-0.003082365787079165,
short_aggressive_wide_capacity,w11,2026-04-09,2026-04-10,2026-04-16,688525,0.024566666666666667,0.9115731462925851,0.26054852320675104,0.006400808720112517,
short_aggressive_wide_capacity,w11,2026-04-09,2026-04-10,2026-04-16,688629,0.022333333333333337,0.9115731462925851,0.039981074047787946,0.0008929106537339309,
short_aggressive_wide_capacity,w11,2026-04-09,2026-04-10,2026-04-16,000032,0.0201,0.800876753507014,0.07579185520361986,0.0015234162895927592,
short_aggressive_wide_capacity,w11,2026-04-09,2026-04-10,2026-04-16,000034,0.01786666666666667,0.800876753507014,0.03395683453237419,0.0006066954436450857,
short_aggressive_wide_capacity,w11,2026-04-09,2026-04-10,2026-04-16,000050,0.015633333333333332,0.800876753507014,0.01097560975609757,0.00017158536585365868,
short_aggressive_wide_capacity,w11,2026-04-09,2026-04-10,2026-04-16,000060,0.013400000000000006,0.800876753507014,0.039682539682539764,0.000531746031746033,
short_aggressive_wide_capacity,w11,2026-04-09,2026-04-10,2026-04-16,000426,0.011166666666666668,0.800876753507014,0.02731864095500458,0.0003050581573308845,
short_aggressive_wide_capacity,w11,2026-04-09,2026-04-10,2026-04-16,000629,0.008933333333333335,0.800876753507014,0.029940119760479167,0.0002674650698602806,
short_aggressive_wide_capacity,w11,2026-04-09,2026-04-10,2026-04-16,000657,0.006700000000000003,0.800876753507014,0.055951169888097674,0.0003748728382502546,
short_aggressive_wide_capacity,w11,2026-04-09,2026-04-10,2026-04-16,000738,0.004466666666666667,0.800876753507014,0.03374524714828908,0.00015072877059569125,
short_aggressive_wide_capacity,w11,2026-04-09,2026-04-10,2026-04-16,000831,0.0022333333333333337,0.800876753507014,-0.0003867723844518389,-8.637916586091071e-07,
stable_compact_capacity,w11,2026-04-09,2026-04-10,2026-04-16,002432,0.05000000000000002,0.9925851703406814,-0.14464265424383593,-0.007232132712191799,
stable_compact_capacity,w11,2026-04-09,2026-04-10,2026-04-16,600118,0.05000000000000002,0.9895791583166333,0.08037406798938451,0.004018703399469227,
stable_compact_capacity,w11,2026-04-09,2026-04-10,2026-04-16,600879,0.05000000000000002,0.9859719438877756,0.07421150278293132,0.003710575139146567,
stable_compact_capacity,w11,2026-04-09,2026-04-10,2026-04-16,002202,0.05000000000000002,0.9841683366733467,0.04823825503355694,0.002411912751677848,
stable_compact_capacity,w11,2026-04-09,2026-04-10,2026-04-16,301611,0.05000000000000002,0.97875751503006,0.030391340549541956,0.0015195670274770984,
stable_compact_capacity,w11,2026-04-09,2026-04-10,2026-04-16,000960,0.05000000000000002,0.9769539078156313,0.08486519607843124,0.004243259803921563,
stable_compact_capacity,w11,2026-04-09,2026-04-10,2026-04-16,688608,0.05000000000000002,0.9733466933867736,0.019878320583097464,0.0009939160291548735,
stable_compact_capacity,w11,2026-04-09,2026-04-10,2026-04-16,002025,0.05000000000000002,0.9697394789579159,-0.024546151879314748,-0.0012273075939657379,
stable_compact_capacity,w11,2026-04-09,2026-04-10,2026-04-16,002281,0.05000000000000002,0.9679358717434869,-0.017392913312979985,-0.0008696456656489995,
stable_compact_capacity,w11,2026-04-09,2026-04-10,2026-04-16,688568,0.05000000000000002,0.9661322645290582,0.02434928631402178,0.0012174643157010893,
stable_compact_capacity,w11,2026-04-09,2026-04-10,2026-04-16,002465,0.047619047619047644,0.9607214428857715,0.03892617449664426,0.001853627356983061,
stable_compact_capacity,w11,2026-04-09,2026-04-10,2026-04-16,601106,0.04523809523809524,0.9589178356713426,-0.009456264775413725,-0.0004277834065068114,
stable_compact_capacity,w11,2026-04-09,2026-04-10,2026-04-16,000426,0.04285714285714283,0.9571142284569139,0.02731864095500458,0.001170798898071624,
stable_compact_capacity,w11,2026-04-09,2026-04-10,2026-04-16,688002,0.04047619047619047,0.9553106212424849,0.08266528747521762,0.003345975921615951,
stable_compact_capacity,w11,2026-04-09,2026-04-10,2026-04-16,688220,0.038095238095238106,0.9498997995991985,0.11925207756232692,0.004542936288088646,
stable_compact_capacity,w11,2026-04-09,2026-04-10,2026-04-16,002273,0.03571428571428571,0.9492985971943888,-0.021919628030554583,-0.0007828438582340922,
stable_compact_capacity,w11,2026-04-09,2026-04-10,2026-04-16,601212,0.03333333333333334,0.9462925851703408,-0.011070110701107194,-0.00036900369003690654,
stable_compact_capacity,w11,2026-04-09,2026-04-10,2026-04-16,002409,0.03095238095238096,0.9408817635270541,0.019775014801657775,0.0006120837914798837,
stable_compact_capacity,w11,2026-04-09,2026-04-10,2026-04-16,002008,0.028571428571428574,0.9372745490981964,0.13501833420639087,0.003857666691611168,
stable_compact_capacity,w11,2026-04-09,2026-04-10,2026-04-16,300395,0.026190476190476195,0.9336673346693387,0.1118595631761583,0.002929655226042242,
stable_compact_capacity,w11,2026-04-09,2026-04-10,2026-04-16,688318,0.023809523809523822,0.9331663326653307,0.04499633431085037,0.0010713412931154856,
stable_compact_capacity,w11,2026-04-09,2026-04-10,2026-04-16,601567,0.021428571428571415,0.9241482965931863,0.016336056009334854,0.0003500583430571752,
stable_compact_capacity,w11,2026-04-09,2026-04-10,2026-04-16,688248,0.019047619047619053,0.9151302605210421,0.06324816866178318,0.0012047270221292037,
stable_compact_capacity,w11,2026-04-09,2026-04-10,2026-04-16,002080,0.01666666666666667,0.9075150300601202,0.13367370619633312,0.002227895103272219,
stable_compact_capacity,w11,2026-04-09,2026-04-10,2026-04-16,002156,0.014285714285714287,0.9075150300601202,0.07331247206079583,0.0010473210294399404,
stable_compact_capacity,w11,2026-04-09,2026-04-10,2026-04-16,002195,0.011904761904761911,0.9075150300601202,0.00990099009900991,0.00011786892975011803,
stable_compact_capacity,w11,2026-04-09,2026-04-10,2026-04-16,002851,0.009523809523809526,0.9075150300601202,0.019108901238178877,0.00018198953560170364,
stable_compact_capacity,w11,2026-04-09,2026-04-10,2026-04-16,300373,0.0071428571428571435,0.9075150300601202,0.0018036588508116846,1.2883277505797748e-05,
stable_compact_capacity,w11,2026-04-09,2026-04-10,2026-04-16,300383,0.004761904761904763,0.9075150300601202,0.07437070938215107,0.0003541462351531004,
stable_compact_capacity,w11,2026-04-09,2026-04-10,2026-04-16,300567,0.0023809523809523816,0.9075150300601202,-0.01002125721226843,-2.3860136219686747e-05,
stable_compact_current,w11,2026-04-09,2026-04-10,2026-04-16,300679,0.02857142857142857,0.9446392785571143,-0.019060585432266963,-0.0005445881552076275,
stable_compact_current,w11,2026-04-09,2026-04-10,2026-04-16,688525,0.02857142857142857,0.902254509018036,0.26054852320675104,0.007444243520192887,
stable_compact_current,w11,2026-04-09,2026-04-10,2026-04-16,600498,0.02857142857142857,0.902254509018036,-0.11501364877161058,-0.003286104250617445,
stable_compact_current,w11,2026-04-09,2026-04-10,2026-04-16,601231,0.02857142857142857,0.902254509018036,0.0346237731733916,0.000989250662096903,
stable_compact_current,w11,2026-04-09,2026-04-10,2026-04-16,603077,0.02857142857142857,0.902254509018036,0.0,0.0,
stable_compact_current,w11,2026-04-09,2026-04-10,2026-04-16,603688,0.02857142857142857,0.902254509018036,0.14210410718207767,0.004060117348059362,
stable_compact_current,w11,2026-04-09,2026-04-10,2026-04-16,688002,0.02857142857142857,0.902254509018036,0.08266528747521762,0.002361865356434789,
stable_compact_current,w11,2026-04-09,2026-04-10,2026-04-16,688019,0.02857142857142857,0.902254509018036,-0.056824947901161216,-0.0016235699400331774,
stable_compact_current,w11,2026-04-09,2026-04-10,2026-04-16,688629,0.02857142857142857,0.902254509018036,0.039981074047787946,0.0011423164013653698,
stable_compact_current,w11,2026-04-09,2026-04-10,2026-04-16,301536,0.02857142857142857,0.902254509018036,0.053303720155469136,0.0015229634330134038,
stable_compact_current,w11,2026-04-09,2026-04-10,2026-04-16,688702,0.02857142857142857,0.902254509018036,0.02286129002993742,0.0006531797151410691,
stable_compact_current,w11,2026-04-09,2026-04-10,2026-04-16,000021,0.02857142857142857,0.7227955911823647,0.03862815884476545,0.0011036616812790127,
stable_compact_current,w11,2026-04-09,2026-04-10,2026-04-16,000032,0.02857142857142857,0.7227955911823647,0.07579185520361986,0.0021654815772462815,
stable_compact_current,w11,2026-04-09,2026-04-10,2026-04-16,000034,0.02857142857142857,0.7227955911823647,0.03395683453237419,0.0009701952723535483,
stable_compact_current,w11,2026-04-09,2026-04-10,2026-04-16,000050,0.02857142857142857,0.7227955911823647,0.01097560975609757,0.0003135888501742163,
stable_compact_current,w11,2026-04-09,2026-04-10,2026-04-16,000060,0.02857142857142857,0.7227955911823647,0.039682539682539764,0.0011337868480725646,
stable_compact_current,w11,2026-04-09,2026-04-10,2026-04-16,600126,0.02857142857142857,0.902254509018036,0.07165437302423605,0.0020472678006924587,
stable_compact_current,w11,2026-04-09,2026-04-10,2026-04-16,301308,0.02857142857142857,0.902254509018036,0.143041474654378,0.004086899275839371,
stable_compact_current,w11,2026-04-09,2026-04-10,2026-04-16,001389,0.02857142857142857,0.902254509018036,0.06710195091252369,0.0019171985975006767,
stable_compact_current,w11,2026-04-09,2026-04-10,2026-04-16,300017,0.02857142857142857,0.902254509018036,0.06629526462395541,0.0018941504178272973,
stable_compact_current,w11,2026-04-09,2026-04-10,2026-04-16,002008,0.02857142857142857,0.902254509018036,0.13501833420639087,0.0038576666916111677,
stable_compact_current,w11,2026-04-09,2026-04-10,2026-04-16,002025,0.02857142857142857,0.902254509018036,-0.024546151879314748,-0.0007013186251232785,
stable_compact_current,w11,2026-04-09,2026-04-10,2026-04-16,002080,0.02857142857142857,0.902254509018036,0.13367370619633312,0.0038192487484666605,
stable_compact_current,w11,2026-04-09,2026-04-10,2026-04-16,002281,0.02857142857142857,0.902254509018036,-0.017392913312979985,-0.0004969403803708567,
stable_compact_current,w11,2026-04-09,2026-04-10,2026-04-16,002429,0.02857142857142857,0.902254509018036,-0.0058651026392961825,-0.00016757436112274806,
stable_compact_current,w11,2026-04-09,2026-04-10,2026-04-16,003031,0.02857142857142857,0.902254509018036,0.05991499948170409,0.0017118571280486882,
stable_compact_current,w11,2026-04-09,2026-04-10,2026-04-16,300054,0.02857142857142857,0.902254509018036,-0.010888252148997135,-0.00031109291854277527,
stable_compact_current,w11,2026-04-09,2026-04-10,2026-04-16,301200,0.02857142857142857,0.902254509018036,0.07310405161572531,0.002088687189020723,
stable_compact_current,w11,2026-04-09,2026-04-10,2026-04-16,300383,0.02857142857142857,0.902254509018036,0.07437070938215107,0.002124877410918602,
stable_compact_current,w11,2026-04-09,2026-04-10,2026-04-16,300567,0.02857142857142857,0.902254509018036,-0.01002125721226843,-0.0002863216346362409,
stable_compact_current,w11,2026-04-09,2026-04-10,2026-04-16,300570,0.02857142857142857,0.902254509018036,0.04856185205394037,0.001387481487255439,
stable_compact_current,w11,2026-04-09,2026-04-10,2026-04-16,300604,0.02857142857142857,0.902254509018036,0.14821162444113267,0.004234617841175219,
stable_compact_current,w11,2026-04-09,2026-04-10,2026-04-16,300757,0.02857142857142857,0.902254509018036,0.01681515616999474,0.00048043303342842105,
stable_compact_current,w11,2026-04-09,2026-04-10,2026-04-16,300857,0.02857142857142857,0.902254509018036,0.3802950975725845,0.010865574216359556,
stable_compact_current,w11,2026-04-09,2026-04-10,2026-04-16,000426,0.02857142857142857,0.7227955911823647,0.02731864095500458,0.0007805325987144166,
stable_extra_wide_capacity,w11,2026-04-09,2026-04-10,2026-04-16,002281,0.06451612903225806,0.9464428857715431,-0.017392913312979985,-0.0011221234395470958,
stable_extra_wide_capacity,w11,2026-04-09,2026-04-10,2026-04-16,300679,0.06236559139784946,0.9454909819639279,-0.019060585432266963,-0.0011887246828725633,
stable_extra_wide_capacity,w11,2026-04-09,2026-04-10,2026-04-16,002025,0.060215053763440864,0.9445390781563127,-0.024546151879314748,-0.0014780478550985225,
stable_extra_wide_capacity,w11,2026-04-09,2026-04-10,2026-04-16,003031,0.05806451612903226,0.9435871743486974,0.05991499948170409,0.0034789354537763666,
stable_extra_wide_capacity,w11,2026-04-09,2026-04-10,2026-04-16,002008,0.05591397849462366,0.9426352705410822,0.13501833420639087,0.0075494122351960485,
stable_extra_wide_capacity,w11,2026-04-09,2026-04-10,2026-04-16,688347,0.053763440860215055,0.9388276553106213,0.04606253134927263,0.0024764801800684208,
stable_extra_wide_capacity,w11,2026-04-09,2026-04-10,2026-04-16,688702,0.05161290322580645,0.9378757515030061,0.02286129002993742,0.0011799375499322539,
stable_extra_wide_capacity,w11,2026-04-09,2026-04-10,2026-04-16,300054,0.04946236559139785,0.935495991983968,-0.010888252148997135,-0.0005385587084450196,
stable_extra_wide_capacity,w11,2026-04-09,2026-04-10,2026-04-16,300383,0.047311827956989246,0.935495991983968,0.07437070938215107,0.003518614207327577,
stable_extra_wide_capacity,w11,2026-04-09,2026-04-10,2026-04-16,300857,0.04516129032258064,0.935495991983968,0.3802950975725845,0.017174617309729624,
stable_extra_wide_capacity,w11,2026-04-09,2026-04-10,2026-04-16,688387,0.043010752688172046,0.935495991983968,0.12064516129032254,0.0051890391952826905,
stable_extra_wide_capacity,w11,2026-04-09,2026-04-10,2026-04-16,300058,0.04086021505376344,0.9331162324649298,0.03241296518607428,0.0013244007280331428,
stable_extra_wide_capacity,w11,2026-04-09,2026-04-10,2026-04-16,601611,0.03870967741935484,0.9316883767535071,0.04269175108538348,0.0016525839129825862,
stable_extra_wide_capacity,w11,2026-04-09,2026-04-10,2026-04-16,688281,0.03655913978494624,0.9316883767535071,0.03599672757022088,0.001316009395040333,
stable_extra_wide_capacity,w11,2026-04-09,2026-04-10,2026-04-16,000021,0.034408602150537634,0.9288326653306613,0.03862815884476545,0.0013291409494973058,
stable_extra_wide_capacity,w11,2026-04-09,2026-04-10,2026-04-16,688027,0.03225806451612903,0.9288326653306613,0.13322961471584138,0.004297729506962625,
stable_extra_wide_capacity,w11,2026-04-09,2026-04-10,2026-04-16,688385,0.030107526881720432,0.9288326653306613,0.007942238267147905,0.00023912115212918427,
stable_extra_wide_capacity,w11,2026-04-09,2026-04-10,2026-04-16,688676,0.02795698924731183,0.9288326653306613,0.02135189335849952,0.0005969346530333199,
stable_extra_wide_capacity,w11,2026-04-09,2026-04-10,2026-04-16,600118,0.025806451612903226,0.9264529058116233,0.08037406798938451,0.0020741694965002453,
stable_extra_wide_capacity,w11,2026-04-09,2026-04-10,2026-04-16,300454,0.023655913978494623,0.9226452905811624,0.10111922141119223,0.002392067603275515,
stable_extra_wide_capacity,w11,2026-04-09,2026-04-10,2026-04-16,603979,0.021505376344086023,0.9226452905811624,0.03425324675324681,0.0007366289624354153,
stable_extra_wide_capacity,w11,2026-04-09,2026-04-10,2026-04-16,688608,0.01935483870967742,0.9226452905811624,0.019878320583097464,0.0003847416887051122,
stable_extra_wide_capacity,w11,2026-04-09,2026-04-10,2026-04-16,688220,0.017204301075268817,0.920741482965932,0.11925207756232692,0.0020516486462335815,
stable_extra_wide_capacity,w11,2026-04-09,2026-04-10,2026-04-16,688709,0.015053763440860216,0.9197895791583167,-0.009215554057091513,-0.00013872877075191524,
stable_extra_wide_capacity,w11,2026-04-09,2026-04-10,2026-04-16,000878,0.012903225806451613,0.9178857715430861,0.04589114194236932,0.0005921437669983138,
stable_extra_wide_capacity,w11,2026-04-09,2026-04-10,2026-04-16,605358,0.010752688172043012,0.9178857715430861,0.017309875141884312,0.0001861276896976808,
stable_extra_wide_capacity,w11,2026-04-09,2026-04-10,2026-04-16,688615,0.008602150537634409,0.9178857715430861,0.07179252304345352,0.0006175700906963744,
stable_extra_wide_capacity,w11,2026-04-09,2026-04-10,2026-04-16,601168,0.0064516129032258064,0.9159819639278557,0.0625,0.0004032258064516129,
stable_extra_wide_capacity,w11,2026-04-09,2026-04-10,2026-04-16,000426,0.004301075268817204,0.9012274549098196,0.02731864095500458,0.00011749953098926701,
stable_extra_wide_capacity,w11,2026-04-09,2026-04-10,2026-04-16,000657,0.002150537634408602,0.9012274549098196,0.055951169888097674,0.00012032509653354339,
stable_medium_capacity,w11,2026-04-09,2026-04-10,2026-04-16,002008,0.039999999999999994,0.980811623246493,0.13501833420639087,0.005400733368255634,
stable_medium_capacity,w11,2026-04-09,2026-04-10,2026-04-16,300604,0.039999999999999994,0.9543587174348698,0.14821162444113267,0.005928464977645306,
stable_medium_capacity,w11,2026-04-09,2026-04-10,2026-04-16,300285,0.039999999999999994,0.9345190380761523,0.11919698870765383,0.004767879548306152,
stable_medium_capacity,w11,2026-04-09,2026-04-10,2026-04-16,688019,0.039999999999999994,0.9394789579158316,-0.056824947901161216,-0.0022729979160464485,
stable_medium_capacity,w11,2026-04-09,2026-04-10,2026-04-16,600126,0.039999999999999994,0.9411322645290581,0.07165437302423605,0.0028661749209694417,
stable_medium_capacity,w11,2026-04-09,2026-04-10,2026-04-16,002465,0.039999999999999994,0.9427855711422846,0.03892617449664426,0.0015570469798657702,
stable_medium_capacity,w11,2026-04-09,2026-04-10,2026-04-16,600118,0.039999999999999994,0.97750501002004,0.08037406798938451,0.00321496271957538,
stable_medium_capacity,w11,2026-04-09,2026-04-10,2026-04-16,000426,0.039999999999999994,0.9460921843687373,0.02731864095500458,0.001092745638200183,
stable_medium_capacity,w11,2026-04-09,2026-04-10,2026-04-16,003031,0.039999999999999994,0.9477454909819638,0.05991499948170409,0.002396599979268163,
stable_medium_capacity,w11,2026-04-09,2026-04-10,2026-04-16,688568,0.039999999999999994,0.9527054108216433,0.02434928631402178,0.000973971452560871,
stable_medium_capacity,w11,2026-04-09,2026-04-10,2026-04-16,600497,0.039999999999999994,0.9444388777555108,0.023170731707317316,0.0009268292682926925,
stable_medium_capacity,w11,2026-04-09,2026-04-10,2026-04-16,688608,0.039999999999999994,0.956012024048096,0.019878320583097464,0.0007951328233238985,
stable_medium_capacity,w11,2026-04-09,2026-04-10,2026-04-16,688002,0.039999999999999994,0.959318637274549,0.08266528747521762,0.0033066114990087042,
stable_medium_capacity,w11,2026-04-09,2026-04-10,2026-04-16,000960,0.039999999999999994,0.962625250501002,0.08486519607843124,0.003394607843137249,
stable_medium_capacity,w11,2026-04-09,2026-04-10,2026-04-16,002202,0.039999999999999994,0.9675851703406813,0.04823825503355694,0.0019295302013422773,
stable_medium_capacity,w11,2026-04-09,2026-04-10,2026-04-16,688629,0.039999999999999994,0.9692384769539077,0.039981074047787946,0.0015992429619115175,
stable_medium_capacity,w11,2026-04-09,2026-04-10,2026-04-16,301611,0.039999999999999994,0.9708917835671342,0.030391340549541956,0.001215653621981678,
stable_medium_capacity,w11,2026-04-09,2026-04-10,2026-04-16,002025,0.039999999999999994,0.9725450901803607,-0.024546151879314748,-0.0009818460751725897,
stable_medium_capacity,w11,2026-04-09,2026-04-10,2026-04-16,600879,0.039999999999999994,0.9741983967935872,0.07421150278293132,0.0029684601113172523,
stable_medium_capacity,w11,2026-04-09,2026-04-10,2026-04-16,300757,0.039999999999999994,0.9758517034068135,0.01681515616999474,0.0006726062467997894,
stable_medium_capacity,w11,2026-04-09,2026-04-10,2026-04-16,601958,0.03636363636363643,0.9328657314629258,0.01922077922077925,0.0006989374262101558,
stable_medium_capacity,w11,2026-04-09,2026-04-10,2026-04-16,688235,0.03272727272727277,0.9326152304609218,0.059490435356200466,0.0019469597025665634,
stable_medium_capacity,w11,2026-04-09,2026-04-10,2026-04-16,002851,0.029090909090909126,0.9312124248496993,0.019108901238178877,0.0005558953087470226,
stable_medium_capacity,w11,2026-04-09,2026-04-10,2026-04-16,300383,0.025454545454545487,0.9279058116232466,0.07437070938215107,0.0018930726024547569,
stable_medium_capacity,w11,2026-04-09,2026-04-10,2026-04-16,300567,0.021818181818181834,0.9262525050100201,-0.01002125721226843,-0.00021864561190403865,
stable_medium_capacity,w11,2026-04-09,2026-04-10,2026-04-16,688375,0.018181818181818216,0.9245991983967936,0.1516609184970048,0.0027574712454000927,
stable_medium_capacity,w11,2026-04-09,2026-04-10,2026-04-16,300751,0.014545454545454563,0.9229458917835671,0.08868544600938955,0.0012899701237729403,
stable_medium_capacity,w11,2026-04-09,2026-04-10,2026-04-16,300570,0.010909090909090917,0.9212925851703406,0.04856185205394037,0.0005297656587702589,
stable_medium_capacity,w11,2026-04-09,2026-04-10,2026-04-16,300395,0.007272727272727281,0.9196392785571141,0.1118595631761583,0.0008135240958266068,
stable_medium_capacity,w11,2026-04-09,2026-04-10,2026-04-16,301308,0.0036363636363636407,0.9179859719438879,0.143041474654378,0.0005201508169250115,
balanced_extra_wide_capacity,w12,2026-04-16,2026-04-17,2026-04-23,000967,0.06451612903225806,1.0,0.05049732211170621,0.003257891749142336,
balanced_extra_wide_capacity,w12,2026-04-16,2026-04-17,2026-04-23,300857,0.06236559139784946,0.9979959919839679,-0.19401253918495298,-0.012099706744868035,
balanced_extra_wide_capacity,w12,2026-04-16,2026-04-17,2026-04-23,300567,0.060215053763440864,0.9943386773547094,0.01610429447852746,0.0009697209578468148,
balanced_extra_wide_capacity,w12,2026-04-16,2026-04-17,2026-04-23,688702,0.05806451612903226,0.9877755511022044,0.12017738359201768,0.006978041627923608,
balanced_extra_wide_capacity,w12,2026-04-16,2026-04-17,2026-04-23,688281,0.05591397849462366,0.9741482965931865,0.0010529086601736015,5.8872312181749765e-05,
balanced_extra_wide_capacity,w12,2026-04-16,2026-04-17,2026-04-23,300395,0.053763440860215055,0.9720190380761524,0.011474205984945751,0.0006168927948895565,
balanced_extra_wide_capacity,w12,2026-04-16,2026-04-17,2026-04-23,688220,0.05161290322580645,0.9676603206412826,0.12238584333622082,0.006316688688321075,
balanced_extra_wide_capacity,w12,2026-04-16,2026-04-17,2026-04-23,601231,0.04946236559139785,0.967059118236473,0.08827404479578371,0.004366243075920485,
balanced_extra_wide_capacity,w12,2026-04-16,2026-04-17,2026-04-23,603077,0.047311827956989246,0.9663326653306614,-0.036666666666666625,-0.0017347670250896037,
balanced_extra_wide_capacity,w12,2026-04-16,2026-04-17,2026-04-23,002335,0.04516129032258064,0.9638026052104209,0.08814050918465988,0.00398053912446851,
balanced_extra_wide_capacity,w12,2026-04-16,2026-04-17,2026-04-23,300604,0.043010752688172046,0.9637525050100201,0.009864364981504448,0.0004242737626453526,
balanced_extra_wide_capacity,w12,2026-04-16,2026-04-17,2026-04-23,300223,0.04086021505376344,0.9604458917835672,0.027906976744186185,0.0011402850712678226,
balanced_extra_wide_capacity,w12,2026-04-16,2026-04-17,2026-04-23,002851,0.03870967741935484,0.9571392785571142,0.018463598966803607,0.000714719960005301,
balanced_extra_wide_capacity,w12,2026-04-16,2026-04-17,2026-04-23,002429,0.03655913978494624,0.9554859719438878,0.28810226155358887,0.010532770852496797,
balanced_extra_wide_capacity,w12,2026-04-16,2026-04-17,2026-04-23,600549,0.034408602150537634,0.954934869739479,0.012443438914027105,0.00042816133897727673,
balanced_extra_wide_capacity,w12,2026-04-16,2026-04-17,2026-04-23,002436,0.03225806451612903,0.9501002004008016,0.139189731247493,0.004489991330564291,
balanced_extra_wide_capacity,w12,2026-04-16,2026-04-17,2026-04-23,301611,0.030107526881720432,0.9491983967935871,0.07777777777777772,0.0023416965352449207,
balanced_extra_wide_capacity,w12,2026-04-16,2026-04-17,2026-04-23,000960,0.02795698924731183,0.9483216432865732,0.055351595594464786,0.0015474639628560048,
balanced_extra_wide_capacity,w12,2026-04-16,2026-04-17,2026-04-23,688676,0.025806451612903226,0.9477705410821644,0.06872256872256877,0.0017734856444533876,
balanced_extra_wide_capacity,w12,2026-04-16,2026-04-17,2026-04-23,600497,0.023655913978494623,0.9466683366733468,0.08581644815256251,0.0020300665154369623,
balanced_extra_wide_capacity,w12,2026-04-16,2026-04-17,2026-04-23,000060,0.021505376344086023,0.9461673346693387,-0.009160305343511421,-0.0001969958138389553,
balanced_extra_wide_capacity,w12,2026-04-16,2026-04-17,2026-04-23,000878,0.01935483870967742,0.9450150300601203,-0.012755102040816313,-0.00024687294272547703,
balanced_extra_wide_capacity,w12,2026-04-16,2026-04-17,2026-04-23,002409,0.017204301075268817,0.9420340681362727,0.03495123084068741,0.000601311498334407,
balanced_extra_wide_capacity,w12,2026-04-16,2026-04-17,2026-04-23,300285,0.015053763440860216,0.9417585170340681,0.008968609865470878,0.00013501133130816375,
balanced_extra_wide_capacity,w12,2026-04-16,2026-04-17,2026-04-23,688375,0.012903225806451613,0.9316633266533066,0.04019229253684298,0.0005186102262818449,
balanced_extra_wide_capacity,w12,2026-04-16,2026-04-17,2026-04-23,002202,0.010752688172043012,0.9300350701402806,0.028411364545818385,0.0003054985435034235,
balanced_extra_wide_capacity,w12,2026-04-16,2026-04-17,2026-04-23,300679,0.008602150537634409,0.9298096192384769,-0.019430950728660523,-0.00016714796325729481,
balanced_extra_wide_capacity,w12,2026-04-16,2026-04-17,2026-04-23,600392,0.0064516129032258064,0.9273797595190381,-0.017709563164108544,-0.00011425524622005512,
balanced_extra_wide_capacity,w12,2026-04-16,2026-04-17,2026-04-23,000021,0.004301075268817204,0.9250501002004008,-0.0013903371567605127,-5.979944760260269e-06,
balanced_extra_wide_capacity,w12,2026-04-16,2026-04-17,2026-04-23,605358,0.002150537634408602,0.923997995991984,0.06861924686192467,0.00014756827282134336,
balanced_medium_current,w12,2026-04-16,2026-04-17,2026-04-23,300390,0.016666666666666666,0.9943887775551102,-0.06547619047619058,-0.001091269841269843,
balanced_medium_current,w12,2026-04-16,2026-04-17,2026-04-23,002436,0.016666666666666666,0.9923847695390782,0.139189731247493,0.0023198288541248836,
balanced_medium_current,w12,2026-04-16,2026-04-17,2026-04-23,002429,0.016666666666666666,0.9186372745490982,0.28810226155358887,0.004801704359226481,
balanced_medium_current,w12,2026-04-16,2026-04-17,2026-04-23,002335,0.016666666666666666,0.9178356713426854,0.08814050918465988,0.001469008486410998,
balanced_medium_current,w12,2026-04-16,2026-04-17,2026-04-23,688347,0.016666666666666666,0.917434869739479,-0.012307200511468053,-0.00020512000852446755,
balanced_medium_current,w12,2026-04-16,2026-04-17,2026-04-23,000960,0.016666666666666666,0.9173346693386774,0.055351595594464786,0.0009225265932410798,
balanced_medium_current,w12,2026-04-16,2026-04-17,2026-04-23,603979,0.016666666666666666,0.9168336673346693,-0.012713859676659944,-0.00021189766127766574,
balanced_medium_current,w12,2026-04-16,2026-04-17,2026-04-23,300383,0.016666666666666666,0.9146292585170341,-0.06230031948881798,-0.0010383386581469664,
balanced_medium_current,w12,2026-04-16,2026-04-17,2026-04-23,601231,0.016666666666666666,0.9134268537074148,0.08827404479578371,0.0014712340799297285,
balanced_medium_current,w12,2026-04-16,2026-04-17,2026-04-23,002738,0.016666666666666666,0.9132765531062125,-0.060123991110071384,-0.0010020665185011897,
balanced_medium_current,w12,2026-04-16,2026-04-17,2026-04-23,600879,0.016666666666666666,0.9106713426853708,0.08031088082901561,0.0013385146804835934,
balanced_medium_current,w12,2026-04-16,2026-04-17,2026-04-23,002025,0.016666666666666666,0.908817635270541,-0.035386631716907035,-0.0005897771952817839,
balanced_medium_current,w12,2026-04-16,2026-04-17,2026-04-23,600126,0.016666666666666666,0.9059118236472945,0.02556538839724687,0.0004260898066207811,
balanced_medium_current,w12,2026-04-16,2026-04-17,2026-04-23,688037,0.016666666666666666,0.9054609218436874,-0.006567877110133957,-0.00010946461850223262,
balanced_medium_current,w12,2026-04-16,2026-04-17,2026-04-23,301536,0.016666666666666666,0.9054108216432866,0.0981813389562467,0.0016363556492707783,
balanced_medium_current,w12,2026-04-16,2026-04-17,2026-04-23,688676,0.016666666666666666,0.9030060120240481,0.06872256872256877,0.001145376145376146,
balanced_medium_current,w12,2026-04-16,2026-04-17,2026-04-23,002409,0.016666666666666666,0.9017034068136273,0.03495123084068741,0.0005825205140114568,
balanced_medium_current,w12,2026-04-16,2026-04-17,2026-04-23,300454,0.016666666666666666,0.9015030060120239,-0.04207176948912861,-0.0007011961581521435,
balanced_medium_current,w12,2026-04-16,2026-04-17,2026-04-23,300058,0.016666666666666666,0.8987975951903808,0.10465116279069764,0.0017441860465116272,
balanced_medium_current,w12,2026-04-16,2026-04-17,2026-04-23,002126,0.016666666666666666,0.8976452905811624,-0.027092600080873552,-0.00045154333468122587,
balanced_medium_current,w12,2026-04-16,2026-04-17,2026-04-23,600392,0.016666666666666666,0.8965931863727455,-0.017709563164108544,-0.0002951593860684757,
balanced_medium_current,w12,2026-04-16,2026-04-17,2026-04-23,002353,0.016666666666666666,0.8963426853707416,0.12115219260533094,0.002019203210088849,
balanced_medium_current,w12,2026-04-16,2026-04-17,2026-04-23,603077,0.016666666666666666,0.8905811623246493,-0.036666666666666625,-0.0006111111111111104,
balanced_medium_current,w12,2026-04-16,2026-04-17,2026-04-23,600118,0.016666666666666666,0.8903306613226454,0.1931220025734004,0.0032187000428900068,
balanced_medium_current,w12,2026-04-16,2026-04-17,2026-04-23,601168,0.016666666666666666,0.8899799599198397,0.0,0.0,
balanced_medium_current,w12,2026-04-16,2026-04-17,2026-04-23,300054,0.016666666666666666,0.8872244488977956,0.08053302433371967,0.0013422170722286611,
balanced_medium_current,w12,2026-04-16,2026-04-17,2026-04-23,002195,0.016666666666666666,0.8847695390781564,-0.008714596949891074,-0.00014524328249818455,
balanced_medium_current,w12,2026-04-16,2026-04-17,2026-04-23,688709,0.016666666666666666,0.8821643286573146,-0.034709618874773196,-0.0005784936479128866,
balanced_medium_current,w12,2026-04-16,2026-04-17,2026-04-23,601233,0.016666666666666666,0.8807114228456914,-0.004906771344455274,-8.17795224075879e-05,
balanced_medium_current,w12,2026-04-16,2026-04-17,2026-04-23,000959,0.016666666666666666,0.9195390781563126,-0.07867494824016563,-0.001311249137336094,
balanced_medium_current,w12,2026-04-16,2026-04-17,2026-04-23,000021,0.016666666666666666,0.9200400801603207,-0.0013903371567605127,-2.3172285946008545e-05,
balanced_medium_current,w12,2026-04-16,2026-04-17,2026-04-23,601212,0.016666666666666666,0.9216432865731463,-0.03482587064676612,-0.000580431177446102,
balanced_medium_current,w12,2026-04-16,2026-04-17,2026-04-23,002837,0.016666666666666666,0.9533066132264529,-0.051798832171783715,-0.0008633138695297286,
balanced_medium_current,w12,2026-04-16,2026-04-17,2026-04-23,300857,0.016666666666666666,0.990180360721443,-0.19401253918495298,-0.003233542319749216,
balanced_medium_current,w12,2026-04-16,2026-04-17,2026-04-23,600549,0.016666666666666666,0.9847695390781563,0.012443438914027105,0.00020739064856711842,
balanced_medium_current,w12,2026-04-16,2026-04-17,2026-04-23,603920,0.016666666666666666,0.983066132264529,-0.0020387359836900876,-3.397893306150146e-05,
balanced_medium_current,w12,2026-04-16,2026-04-17,2026-04-23,002850,0.016666666666666666,0.9815631262525051,0.0013619339462036528,2.2698899103394213e-05,
balanced_medium_current,w12,2026-04-16,2026-04-17,2026-04-23,688375,0.016666666666666666,0.9772545090180361,0.04019229253684298,0.0006698715422807163,
balanced_medium_current,w12,2026-04-16,2026-04-17,2026-04-23,301308,0.016666666666666666,0.9759519038076152,-0.03727893350534861,-0.0006213155584224769,
balanced_medium_current,w12,2026-04-16,2026-04-17,2026-04-23,300395,0.016666666666666666,0.9720440881763527,0.011474205984945751,0.00019123676641576252,
balanced_medium_current,w12,2026-04-16,2026-04-17,2026-04-23,688629,0.016666666666666666,0.969438877755511,-0.023733697300576284,-0.0003955616216762714,
balanced_medium_current,w12,2026-04-16,2026-04-17,2026-04-23,000426,0.016666666666666666,0.9683867735470941,-0.08156424581005584,-0.001359404096834264,
balanced_medium_current,w12,2026-04-16,2026-04-17,2026-04-23,300604,0.016666666666666666,0.9643286573146292,0.009864364981504448,0.00016440608302507412,
balanced_medium_current,w12,2026-04-16,2026-04-17,2026-04-23,300570,0.016666666666666666,0.9627254509018036,0.003791257805530801,6.318763009218001e-05,
balanced_medium_current,w12,2026-04-16,2026-04-17,2026-04-23,300567,0.016666666666666666,0.955811623246493,0.01610429447852746,0.00026840490797545765,
balanced_medium_current,w12,2026-04-16,2026-04-17,2026-04-23,301611,0.016666666666666666,0.9501503006012024,0.07777777777777772,0.0012962962962962954,
balanced_medium_current,w12,2026-04-16,2026-04-17,2026-04-23,300679,0.016666666666666666,0.9221442885771542,-0.019430950728660523,-0.0003238491788110087,
balanced_medium_current,w12,2026-04-16,2026-04-17,2026-04-23,600498,0.016666666666666666,0.9418336673346693,0.13119473575981888,0.0021865789293303147,
balanced_medium_current,w12,2026-04-16,2026-04-17,2026-04-23,002080,0.016666666666666666,0.9413326653306613,0.08741044012282484,0.0014568406687137474,
balanced_medium_current,w12,2026-04-16,2026-04-17,2026-04-23,688002,0.016666666666666666,0.9405811623246492,0.0625,0.0010416666666666667,
balanced_medium_current,w12,2026-04-16,2026-04-17,2026-04-23,300223,0.016666666666666666,0.9381763527054109,0.027906976744186185,0.00046511627906976974,
balanced_medium_current,w12,2026-04-16,2026-04-17,2026-04-23,002156,0.016666666666666666,0.93687374749499,-0.016243231986672213,-0.0002707205331112035,
balanced_medium_current,w12,2026-04-16,2026-04-17,2026-04-23,603688,0.016666666666666666,0.934819639278557,0.01057692307692304,0.00017628205128205064,
balanced_medium_current,w12,2026-04-16,2026-04-17,2026-04-23,002281,0.016666666666666666,0.9327655310621242,0.2398079276904248,0.003996798794840413,
balanced_medium_current,w12,2026-04-16,2026-04-17,2026-04-23,300017,0.016666666666666666,0.9314128256513026,-0.012539184952978122,-0.0002089864158829687,
balanced_medium_current,w12,2026-04-16,2026-04-17,2026-04-23,688183,0.016666666666666666,0.9286573146292585,0.07882241215574548,0.0013137068692624246,
balanced_medium_current,w12,2026-04-16,2026-04-17,2026-04-23,002202,0.016666666666666666,0.9258517034068137,0.028411364545818385,0.0004735227424303064,
balanced_medium_current,w12,2026-04-16,2026-04-17,2026-04-23,003031,0.016666666666666666,0.9239478957915832,0.2203422982885086,0.00367237163814181,
balanced_medium_current,w12,2026-04-16,2026-04-17,2026-04-23,002851,0.016666666666666666,0.9225450901803608,0.018463598966803607,0.0003077266494467268,
balanced_medium_current,w12,2026-04-16,2026-04-17,2026-04-23,002273,0.016666666666666666,0.878557114228457,0.13684210526315788,0.0022807017543859647,
economic_medium_capacity,w12,2026-04-16,2026-04-17,2026-04-23,300395,0.05000000000000002,0.9811623246492985,0.011474205984945751,0.0005737102992472877,
economic_medium_capacity,w12,2026-04-16,2026-04-17,2026-04-23,002436,0.05000000000000002,0.9797094188376754,0.139189731247493,0.006959486562374653,
economic_medium_capacity,w12,2026-04-16,2026-04-17,2026-04-23,300567,0.05000000000000002,0.97875751503006,0.01610429447852746,0.0008052147239263732,
economic_medium_capacity,w12,2026-04-16,2026-04-17,2026-04-23,688629,0.05000000000000002,0.9779559118236473,-0.023733697300576284,-0.0011866848650288146,
economic_medium_capacity,w12,2026-04-16,2026-04-17,2026-04-23,688375,0.05000000000000002,0.9720941883767535,0.04019229253684298,0.0020096146268421496,
economic_medium_capacity,w12,2026-04-16,2026-04-17,2026-04-23,300223,0.05000000000000002,0.9708917835671342,0.027906976744186185,0.0013953488372093097,
economic_medium_capacity,w12,2026-04-16,2026-04-17,2026-04-23,002335,0.05000000000000002,0.9676352705410821,0.08814050918465988,0.0044070254592329956,
economic_medium_capacity,w12,2026-04-16,2026-04-17,2026-04-23,301611,0.05000000000000002,0.9657314629258517,0.07777777777777772,0.0038888888888888875,
economic_medium_capacity,w12,2026-04-16,2026-04-17,2026-04-23,002008,0.05000000000000002,0.9647795591182364,0.19533864082150676,0.009766932041075342,
economic_medium_capacity,w12,2026-04-16,2026-04-17,2026-04-23,002851,0.05000000000000002,0.9556613226452906,0.018463598966803607,0.0009231799483401807,
economic_medium_capacity,w12,2026-04-16,2026-04-17,2026-04-23,600392,0.047619047619047644,0.9552855711422845,-0.017709563164108544,-0.0008433125316242168,
economic_medium_capacity,w12,2026-04-16,2026-04-17,2026-04-23,300604,0.04523809523809524,0.9542084168336673,0.009864364981504448,0.00044624508249662976,
economic_medium_capacity,w12,2026-04-16,2026-04-17,2026-04-23,002429,0.04285714285714283,0.9522545090180361,0.28810226155358887,0.012347239780868087,
economic_medium_capacity,w12,2026-04-16,2026-04-17,2026-04-23,000960,0.04047619047619047,0.951553106212425,0.055351595594464786,0.002240421726442622,
economic_medium_capacity,w12,2026-04-16,2026-04-17,2026-04-23,688347,0.038095238095238106,0.9506012024048096,-0.012307200511468053,-0.00046884573377021165,
economic_medium_capacity,w12,2026-04-16,2026-04-17,2026-04-23,601212,0.03571428571428571,0.9493486973947896,-0.03482587064676612,-0.0012437810945273614,
economic_medium_capacity,w12,2026-04-16,2026-04-17,2026-04-23,688702,0.03333333333333334,0.9472945891783567,0.12017738359201768,0.00400591278640059,
economic_medium_capacity,w12,2026-04-16,2026-04-17,2026-04-23,600497,0.03095238095238096,0.9458917835671342,0.08581644815256251,0.002656223395198364,
economic_medium_capacity,w12,2026-04-16,2026-04-17,2026-04-23,000703,0.028571428571428574,0.9453907815631263,-0.06199123356293046,-0.0017711781017980134,
economic_medium_capacity,w12,2026-04-16,2026-04-17,2026-04-23,300570,0.026190476190476195,0.9450400801603207,0.003791257805530801,9.929484728771147e-05,
economic_medium_capacity,w12,2026-04-16,2026-04-17,2026-04-23,002202,0.023809523809523822,0.9428356713426853,0.028411364545818385,0.0006764610606147238,
economic_medium_capacity,w12,2026-04-16,2026-04-17,2026-04-23,000426,0.021428571428571415,0.9392785571142286,-0.08156424581005584,-0.0017478052673583382,
economic_medium_capacity,w12,2026-04-16,2026-04-17,2026-04-23,603920,0.019047619047619053,0.9378256513026052,-0.0020387359836900876,-3.883306635600168e-05,
economic_medium_capacity,w12,2026-04-16,2026-04-17,2026-04-23,000021,0.01666666666666667,0.9330160320641282,-0.0013903371567605127,-2.317228594600855e-05,
economic_medium_capacity,w12,2026-04-16,2026-04-17,2026-04-23,300383,0.014285714285714287,0.9287575150300601,-0.06230031948881798,-0.0008900045641259712,
economic_medium_capacity,w12,2026-04-16,2026-04-17,2026-04-23,002156,0.011904761904761911,0.9271042084168337,-0.016243231986672213,-0.0001933718093651455,
economic_medium_capacity,w12,2026-04-16,2026-04-17,2026-04-23,688676,0.009523809523809526,0.9263527054108216,0.06872256872256877,0.0006545006545006551,
economic_medium_capacity,w12,2026-04-16,2026-04-17,2026-04-23,002738,0.0071428571428571435,0.9197394789579159,-0.060123991110071384,-0.0004294570793576528,
economic_medium_capacity,w12,2026-04-16,2026-04-17,2026-04-23,002837,0.004761904761904763,0.9175851703406814,-0.051798832171783715,-0.00024666110557992253,
economic_medium_capacity,w12,2026-04-16,2026-04-17,2026-04-23,002281,0.0023809523809523816,0.9172845691382765,0.2398079276904248,0.0005709712564057735,
recent_compact_capacity,w12,2026-04-16,2026-04-17,2026-04-23,300857,0.045,0.9979959919839678,-0.19401253918495298,-0.008730564263322884,
recent_compact_capacity,w12,2026-04-16,2026-04-17,2026-04-23,603920,0.045,0.9941382765531062,-0.0020387359836900876,-9.174311926605393e-05,
recent_compact_capacity,w12,2026-04-16,2026-04-17,2026-04-23,002850,0.045,0.9904308617234469,0.0013619339462036528,6.128702757916437e-05,
recent_compact_capacity,w12,2026-04-16,2026-04-17,2026-04-23,600549,0.045,0.9899298597194388,0.012443438914027105,0.0005599547511312197,
recent_compact_capacity,w12,2026-04-16,2026-04-17,2026-04-23,000959,0.045,0.9856713426853707,-0.07867494824016563,-0.0035403726708074534,
recent_compact_capacity,w12,2026-04-16,2026-04-17,2026-04-23,301611,0.045,0.9837675350701403,0.07777777777777772,0.0034999999999999975,
recent_compact_capacity,w12,2026-04-16,2026-04-17,2026-04-23,600879,0.045,0.9818386773547094,0.08031088082901561,0.0036139896373057023,
recent_compact_capacity,w12,2026-04-16,2026-04-17,2026-04-23,600118,0.045,0.9796593186372745,0.1931220025734004,0.008690490115803017,
recent_compact_capacity,w12,2026-04-16,2026-04-17,2026-04-23,688375,0.045,0.9796593186372745,0.04019229253684298,0.001808653164157934,
recent_compact_capacity,w12,2026-04-16,2026-04-17,2026-04-23,300058,0.045,0.9786072144288577,0.10465116279069764,0.004709302325581394,
recent_compact_capacity,w12,2026-04-16,2026-04-17,2026-04-23,002025,0.045,0.978006012024048,-0.035386631716907035,-0.0015923984272608164,
recent_compact_capacity,w12,2026-04-16,2026-04-17,2026-04-23,300751,0.045,0.975751503006012,-0.010479106472896516,-0.0004715597912803432,
recent_compact_capacity,w12,2026-04-16,2026-04-17,2026-04-23,002432,0.045,0.9711923847695391,0.144394261424017,0.006497741764080765,
recent_compact_capacity,w12,2026-04-16,2026-04-17,2026-04-23,300567,0.045,0.9697645290581163,0.01610429447852746,0.0007246932515337357,
recent_compact_capacity,w12,2026-04-16,2026-04-17,2026-04-23,002202,0.04352941176470591,0.9697394789579158,0.028411364545818385,0.0012367299861120952,
recent_compact_capacity,w12,2026-04-16,2026-04-17,2026-04-23,600498,0.040808823529411745,0.9683366733466933,0.13119473575981888,0.005353902819610254,
recent_compact_capacity,w12,2026-04-16,2026-04-17,2026-04-23,002595,0.038088235294117645,0.9643787575150301,0.020669512469108087,0.0007872652543380874,
recent_compact_capacity,w12,2026-04-16,2026-04-17,2026-04-23,601212,0.03536764705882354,0.9615731462925851,-0.03482587064676612,-0.001231709101551067,
recent_compact_capacity,w12,2026-04-16,2026-04-17,2026-04-23,688183,0.032647058823529425,0.9575150300601203,0.07882241215574548,0.0025733199262611035,
recent_compact_capacity,w12,2026-04-16,2026-04-17,2026-04-23,688037,0.029926470588235287,0.9560871743486974,-0.006567877110133957,-0.00019655338116356764,
recent_compact_capacity,w12,2026-04-16,2026-04-17,2026-04-23,002837,0.027205882352941184,0.9551603206412824,-0.051798832171783715,-0.0014092329340852927,
recent_compact_capacity,w12,2026-04-16,2026-04-17,2026-04-23,300136,0.02448529411764706,0.9545591182364729,0.19498567335243555,0.0047742815607618415,
recent_compact_capacity,w12,2026-04-16,2026-04-17,2026-04-23,688002,0.021764705882352953,0.9540080160320641,0.0625,0.0013602941176470596,
recent_compact_capacity,w12,2026-04-16,2026-04-17,2026-04-23,002008,0.019044117647058822,0.9510020040080159,0.19533864082150676,0.0037200520568213416,
recent_compact_capacity,w12,2026-04-16,2026-04-17,2026-04-23,688387,0.016323529411764712,0.9481963927855711,0.01899827288428324,0.0003101188661993295,
recent_compact_capacity,w12,2026-04-16,2026-04-17,2026-04-23,688676,0.013602941176470592,0.9480961923847694,0.06872256872256877,0.0009348290598290606,
recent_compact_capacity,w12,2026-04-16,2026-04-17,2026-04-23,688180,0.010882352941176477,0.9456412825651301,-0.08246958089229395,-0.0008974630861808464,
recent_compact_capacity,w12,2026-04-16,2026-04-17,2026-04-23,688017,0.008161764705882356,0.9410320641282565,-0.0202423309933647,-0.00016521314266643253,
recent_compact_capacity,w12,2026-04-16,2026-04-17,2026-04-23,688248,0.005441176470588238,0.9407815631262525,0.0016803898504453851,9.143297715658718e-06,
recent_compact_capacity,w12,2026-04-16,2026-04-17,2026-04-23,688629,0.002720588235294119,0.940506012024048,-0.023733697300576284,-6.456961765597964e-05,
recent_compact_current,w12,2026-04-16,2026-04-17,2026-04-23,603920,0.06451612903225806,0.9979959919839679,-0.0020387359836900876,-0.00013153135378645727,
recent_compact_current,w12,2026-04-16,2026-04-17,2026-04-23,002025,0.06236559139784946,0.9912324649298597,-0.035386631716907035,-0.0022069082146028043,
recent_compact_current,w12,2026-04-16,2026-04-17,2026-04-23,300390,0.060215053763440864,0.9862725450901804,-0.06547619047619058,-0.0039426523297491104,
recent_compact_current,w12,2026-04-16,2026-04-17,2026-04-23,301308,0.05806451612903226,0.9832164328657313,-0.03727893350534861,-0.0021645832357944355,
recent_compact_current,w12,2026-04-16,2026-04-17,2026-04-23,002202,0.05591397849462366,0.9814128256513026,0.028411364545818385,0.0015885924262178022,
recent_compact_current,w12,2026-04-16,2026-04-17,2026-04-23,002595,0.053763440860215055,0.9753507014028056,0.020669512469108087,0.0011112641112423702,
recent_compact_current,w12,2026-04-16,2026-04-17,2026-04-23,600549,0.05161290322580645,0.9723947895791583,0.012443438914027105,0.0006422420084659152,
recent_compact_current,w12,2026-04-16,2026-04-17,2026-04-23,688375,0.04946236559139785,0.9696893787575149,0.04019229253684298,0.0019880058674137386,
recent_compact_current,w12,2026-04-16,2026-04-17,2026-04-23,688002,0.047311827956989246,0.969188376753507,0.0625,0.002956989247311828,
recent_compact_current,w12,2026-04-16,2026-04-17,2026-04-23,002837,0.04516129032258064,0.9644789579158317,-0.051798832171783715,-0.0023393020980805547,
recent_compact_current,w12,2026-04-16,2026-04-17,2026-04-23,688183,0.043010752688172046,0.9640781563126253,0.07882241215574548,0.003390211275515935,
recent_compact_current,w12,2026-04-16,2026-04-17,2026-04-23,002436,0.04086021505376344,0.9631262525050099,0.139189731247493,0.0056873223520481015,
recent_compact_current,w12,2026-04-16,2026-04-17,2026-04-23,688629,0.03870967741935484,0.9623747494989979,-0.023733697300576284,-0.0009187237664739208,
recent_compact_current,w12,2026-04-16,2026-04-17,2026-04-23,300395,0.03655913978494624,0.9521543086172344,0.011474205984945751,0.00041948710052489843,
recent_compact_current,w12,2026-04-16,2026-04-17,2026-04-23,300763,0.034408602150537634,0.9489478957915831,0.03287641893339055,0.0011312316192134382,
recent_compact_current,w12,2026-04-16,2026-04-17,2026-04-23,300570,0.03225806451612903,0.9469939879759519,0.003791257805530801,0.00012229863888809034,
recent_compact_current,w12,2026-04-16,2026-04-17,2026-04-23,002281,0.030107526881720432,0.9410320641282565,0.2398079276904248,0.0072200236293891345,
recent_compact_current,w12,2026-04-16,2026-04-17,2026-04-23,300207,0.02795698924731183,0.9360721442885771,-0.006818956699624956,-0.00019063749912929986,
recent_compact_current,w12,2026-04-16,2026-04-17,2026-04-23,301358,0.025806451612903226,0.9341182364729459,0.012438394743018,0.00032099083207788386,
recent_compact_current,w12,2026-04-16,2026-04-17,2026-04-23,600118,0.023655913978494623,0.9311623246492986,0.1931220025734004,0.004568477480230977,
recent_compact_current,w12,2026-04-16,2026-04-17,2026-04-23,300567,0.021505376344086023,0.9309118236472945,0.01610429447852746,0.0003463289135167196,
recent_compact_current,w12,2026-04-16,2026-04-17,2026-04-23,300054,0.01935483870967742,0.9301102204408818,0.08053302433371967,0.001558703696781671,
recent_compact_current,w12,2026-04-16,2026-04-17,2026-04-23,300679,0.017204301075268817,0.9283567134268538,-0.019430950728660523,-0.00033429592651458963,
recent_compact_current,w12,2026-04-16,2026-04-17,2026-04-23,688525,0.015053763440860216,0.9275551102204408,-0.07845188284518834,-0.001180996085841545,
recent_compact_current,w12,2026-04-16,2026-04-17,2026-04-23,300017,0.012903225806451613,0.9272545090180361,-0.012539184952978122,-0.00016179593487713705,
recent_compact_current,w12,2026-04-16,2026-04-17,2026-04-23,300432,0.010752688172043012,0.9256262525050101,0.04235656526761655,0.00045544693836146836,
recent_compact_current,w12,2026-04-16,2026-04-17,2026-04-23,300604,0.008602150537634409,0.9254509018036072,0.009864364981504448,8.485475252907052e-05,
recent_compact_current,w12,2026-04-16,2026-04-17,2026-04-23,688172,0.0064516129032258064,0.9240480961923848,0.02767199796902764,0.00017852901915501703,
recent_compact_current,w12,2026-04-16,2026-04-17,2026-04-23,002738,0.004301075268817204,0.9224699398797596,-0.060123991110071384,-0.00025859781122611347,
recent_compact_current,w12,2026-04-16,2026-04-17,2026-04-23,600879,0.002150537634408602,0.9223446893787576,0.08031088082901561,0.00017271157167530237,
short_aggressive_compact_capacity,w12,2026-04-16,2026-04-17,2026-04-23,300390,0.06451612903225806,0.9945891783567133,-0.06547619047619058,-0.004224270353302618,
short_aggressive_compact_capacity,w12,2026-04-16,2026-04-17,2026-04-23,688629,0.06236559139784946,0.9941883767535069,-0.023733697300576284,-0.0014801660682079833,
short_aggressive_compact_capacity,w12,2026-04-16,2026-04-17,2026-04-23,688166,0.060215053763440864,0.9889779559118236,0.0508416351769152,0.003061431795599195,
short_aggressive_compact_capacity,w12,2026-04-16,2026-04-17,2026-04-23,002025,0.05806451612903226,0.9809619238476954,-0.035386631716907035,-0.002054707648078473,
short_aggressive_compact_capacity,w12,2026-04-16,2026-04-17,2026-04-23,002202,0.05591397849462366,0.9733466933867734,0.028411364545818385,0.0015885924262178022,
short_aggressive_compact_capacity,w12,2026-04-16,2026-04-17,2026-04-23,001389,0.053763440860215055,0.9726452905811622,0.24128271286398806,0.012972188863655271,
short_aggressive_compact_capacity,w12,2026-04-16,2026-04-17,2026-04-23,688375,0.05161290322580645,0.9691382765531062,0.04019229253684298,0.0020744409051273796,
short_aggressive_compact_capacity,w12,2026-04-16,2026-04-17,2026-04-23,300567,0.04946236559139785,0.9623246492985971,0.01610429447852746,0.0007965565010884549,
short_aggressive_compact_capacity,w12,2026-04-16,2026-04-17,2026-04-23,603920,0.047311827956989246,0.9615230460921844,-0.0020387359836900876,-9.645632611006865e-05,
short_aggressive_compact_capacity,w12,2026-04-16,2026-04-17,2026-04-23,603659,0.04516129032258064,0.9615230460921842,-0.034540859309182714,-0.0015599097752534128,
short_aggressive_compact_capacity,w12,2026-04-16,2026-04-17,2026-04-23,600392,0.043010752688172046,0.9595190380761522,-0.017709563164108544,-0.0007617016414670342,
short_aggressive_compact_capacity,w12,2026-04-16,2026-04-17,2026-04-23,603688,0.04086021505376344,0.956312625250501,0.01057692307692304,0.0004321753515301887,
short_aggressive_compact_capacity,w12,2026-04-16,2026-04-17,2026-04-23,300395,0.03870967741935484,0.9558116232464929,0.011474205984945751,0.0004441628123204807,
short_aggressive_compact_capacity,w12,2026-04-16,2026-04-17,2026-04-23,300432,0.03655913978494624,0.9547094188376752,0.04235656526761655,0.0015485195904289923,
short_aggressive_compact_capacity,w12,2026-04-16,2026-04-17,2026-04-23,002851,0.034408602150537634,0.9525050100200401,0.018463598966803607,0.000635306631115823,
short_aggressive_compact_capacity,w12,2026-04-16,2026-04-17,2026-04-23,002429,0.03225806451612903,0.949699398797595,0.28810226155358887,0.00929362134043835,
short_aggressive_compact_capacity,w12,2026-04-16,2026-04-17,2026-04-23,002738,0.030107526881720432,0.9445891783567133,-0.060123991110071384,-0.0018101846785827944,
short_aggressive_compact_capacity,w12,2026-04-16,2026-04-17,2026-04-23,002837,0.02795698924731183,0.9442885771543086,-0.051798832171783715,-0.0014481393940498674,
short_aggressive_compact_capacity,w12,2026-04-16,2026-04-17,2026-04-23,000960,0.025806451612903226,0.9435871743486973,0.055351595594464786,0.0014284282734055428,
short_aggressive_compact_capacity,w12,2026-04-16,2026-04-17,2026-04-23,300604,0.023655913978494623,0.9420841683366734,0.009864364981504448,0.00023335056945494393,
short_aggressive_compact_capacity,w12,2026-04-16,2026-04-17,2026-04-23,601212,0.021505376344086023,0.9362725450901802,-0.03482587064676612,-0.000748943454769164,
short_aggressive_compact_capacity,w12,2026-04-16,2026-04-17,2026-04-23,600549,0.01935483870967742,0.9351703406813626,0.012443438914027105,0.00024084075317471818,
short_aggressive_compact_capacity,w12,2026-04-16,2026-04-17,2026-04-23,002126,0.017204301075268817,0.9284569138276553,-0.027092600080873552,-0.0004661092487032009,
short_aggressive_compact_capacity,w12,2026-04-16,2026-04-17,2026-04-23,688037,0.015053763440860216,0.9265531062124248,-0.006567877110133957,-9.887126832459721e-05,
short_aggressive_compact_capacity,w12,2026-04-16,2026-04-17,2026-04-23,301611,0.012903225806451613,0.9256513026052104,0.07777777777777772,0.0010035842293906804,
short_aggressive_compact_capacity,w12,2026-04-16,2026-04-17,2026-04-23,002156,0.010752688172043012,0.9230460921843687,-0.016243231986672213,-0.000174658408458841,
short_aggressive_compact_capacity,w12,2026-04-16,2026-04-17,2026-04-23,600498,0.008602150537634409,0.9228456913827654,0.13119473575981888,0.0011285568667511302,
short_aggressive_compact_capacity,w12,2026-04-16,2026-04-17,2026-04-23,002080,0.0064516129032258064,0.9202404809619238,0.08741044012282484,0.0005639383233730635,
short_aggressive_compact_capacity,w12,2026-04-16,2026-04-17,2026-04-23,688676,0.004301075268817204,0.9182364729458916,0.06872256872256877,0.0002955809407422313,
short_aggressive_compact_capacity,w12,2026-04-16,2026-04-17,2026-04-23,002436,0.002150537634408602,0.9092184368737475,0.139189731247493,0.0002993327553709527,
short_aggressive_medium_capacity,w12,2026-04-16,2026-04-17,2026-04-23,300390,0.06451612903225806,0.9945891783567133,-0.06547619047619058,-0.004224270353302618,
short_aggressive_medium_capacity,w12,2026-04-16,2026-04-17,2026-04-23,688629,0.06236559139784946,0.9941883767535069,-0.023733697300576284,-0.0014801660682079833,
short_aggressive_medium_capacity,w12,2026-04-16,2026-04-17,2026-04-23,688166,0.060215053763440864,0.9889779559118236,0.0508416351769152,0.003061431795599195,
short_aggressive_medium_capacity,w12,2026-04-16,2026-04-17,2026-04-23,002025,0.05806451612903226,0.9809619238476954,-0.035386631716907035,-0.002054707648078473,
short_aggressive_medium_capacity,w12,2026-04-16,2026-04-17,2026-04-23,002202,0.05591397849462366,0.9733466933867734,0.028411364545818385,0.0015885924262178022,
short_aggressive_medium_capacity,w12,2026-04-16,2026-04-17,2026-04-23,001389,0.053763440860215055,0.9726452905811622,0.24128271286398806,0.012972188863655271,
short_aggressive_medium_capacity,w12,2026-04-16,2026-04-17,2026-04-23,688375,0.05161290322580645,0.9691382765531062,0.04019229253684298,0.0020744409051273796,
short_aggressive_medium_capacity,w12,2026-04-16,2026-04-17,2026-04-23,300567,0.04946236559139785,0.9623246492985971,0.01610429447852746,0.0007965565010884549,
short_aggressive_medium_capacity,w12,2026-04-16,2026-04-17,2026-04-23,603920,0.047311827956989246,0.9615230460921844,-0.0020387359836900876,-9.645632611006865e-05,
short_aggressive_medium_capacity,w12,2026-04-16,2026-04-17,2026-04-23,603659,0.04516129032258064,0.9615230460921842,-0.034540859309182714,-0.0015599097752534128,
short_aggressive_medium_capacity,w12,2026-04-16,2026-04-17,2026-04-23,600392,0.043010752688172046,0.9595190380761522,-0.017709563164108544,-0.0007617016414670342,
short_aggressive_medium_capacity,w12,2026-04-16,2026-04-17,2026-04-23,603688,0.04086021505376344,0.956312625250501,0.01057692307692304,0.0004321753515301887,
short_aggressive_medium_capacity,w12,2026-04-16,2026-04-17,2026-04-23,300395,0.03870967741935484,0.9558116232464929,0.011474205984945751,0.0004441628123204807,
short_aggressive_medium_capacity,w12,2026-04-16,2026-04-17,2026-04-23,300432,0.03655913978494624,0.9547094188376752,0.04235656526761655,0.0015485195904289923,
short_aggressive_medium_capacity,w12,2026-04-16,2026-04-17,2026-04-23,002851,0.034408602150537634,0.9525050100200401,0.018463598966803607,0.000635306631115823,
short_aggressive_medium_capacity,w12,2026-04-16,2026-04-17,2026-04-23,002429,0.03225806451612903,0.949699398797595,0.28810226155358887,0.00929362134043835,
short_aggressive_medium_capacity,w12,2026-04-16,2026-04-17,2026-04-23,002738,0.030107526881720432,0.9445891783567133,-0.060123991110071384,-0.0018101846785827944,
short_aggressive_medium_capacity,w12,2026-04-16,2026-04-17,2026-04-23,002837,0.02795698924731183,0.9442885771543086,-0.051798832171783715,-0.0014481393940498674,
short_aggressive_medium_capacity,w12,2026-04-16,2026-04-17,2026-04-23,000960,0.025806451612903226,0.9435871743486973,0.055351595594464786,0.0014284282734055428,
short_aggressive_medium_capacity,w12,2026-04-16,2026-04-17,2026-04-23,300604,0.023655913978494623,0.9420841683366734,0.009864364981504448,0.00023335056945494393,
short_aggressive_medium_capacity,w12,2026-04-16,2026-04-17,2026-04-23,601212,0.021505376344086023,0.9362725450901802,-0.03482587064676612,-0.000748943454769164,
short_aggressive_medium_capacity,w12,2026-04-16,2026-04-17,2026-04-23,600549,0.01935483870967742,0.9351703406813626,0.012443438914027105,0.00024084075317471818,
short_aggressive_medium_capacity,w12,2026-04-16,2026-04-17,2026-04-23,002126,0.017204301075268817,0.9284569138276553,-0.027092600080873552,-0.0004661092487032009,
short_aggressive_medium_capacity,w12,2026-04-16,2026-04-17,2026-04-23,688037,0.015053763440860216,0.9265531062124248,-0.006567877110133957,-9.887126832459721e-05,
short_aggressive_medium_capacity,w12,2026-04-16,2026-04-17,2026-04-23,301611,0.012903225806451613,0.9256513026052104,0.07777777777777772,0.0010035842293906804,
short_aggressive_medium_capacity,w12,2026-04-16,2026-04-17,2026-04-23,002156,0.010752688172043012,0.9230460921843687,-0.016243231986672213,-0.000174658408458841,
short_aggressive_medium_capacity,w12,2026-04-16,2026-04-17,2026-04-23,600498,0.008602150537634409,0.9228456913827654,0.13119473575981888,0.0011285568667511302,
short_aggressive_medium_capacity,w12,2026-04-16,2026-04-17,2026-04-23,002080,0.0064516129032258064,0.9202404809619238,0.08741044012282484,0.0005639383233730635,
short_aggressive_medium_capacity,w12,2026-04-16,2026-04-17,2026-04-23,688676,0.004301075268817204,0.9182364729458916,0.06872256872256877,0.0002955809407422313,
short_aggressive_medium_capacity,w12,2026-04-16,2026-04-17,2026-04-23,002436,0.002150537634408602,0.9092184368737475,0.139189731247493,0.0002993327553709527,
short_aggressive_wide_capacity,w12,2026-04-16,2026-04-17,2026-04-23,300857,0.055,0.9970941883767535,-0.19401253918495298,-0.010670689655172413,
short_aggressive_wide_capacity,w12,2026-04-16,2026-04-17,2026-04-23,688525,0.055,0.986372745490982,-0.07845188284518834,-0.004314853556485358,
short_aggressive_wide_capacity,w12,2026-04-16,2026-04-17,2026-04-23,300395,0.055,0.9858717434869739,0.011474205984945751,0.0006310813291720163,
short_aggressive_wide_capacity,w12,2026-04-16,2026-04-17,2026-04-23,002202,0.055,0.9843687374749499,0.028411364545818385,0.0015626250500200111,
short_aggressive_wide_capacity,w12,2026-04-16,2026-04-17,2026-04-23,300567,0.055,0.9737975951903808,0.01610429447852746,0.0008857361963190102,
short_aggressive_wide_capacity,w12,2026-04-16,2026-04-17,2026-04-23,600879,0.055,0.9701402805611222,0.08031088082901561,0.004417098445595858,
short_aggressive_wide_capacity,w12,2026-04-16,2026-04-17,2026-04-23,002837,0.05360000000000002,0.9698897795591183,-0.051798832171783715,-0.0027764174044076083,
short_aggressive_wide_capacity,w12,2026-04-16,2026-04-17,2026-04-23,300017,0.05136666666666666,0.968436873747495,-0.012539184952978122,-0.0006440961337513094,
short_aggressive_wide_capacity,w12,2026-04-16,2026-04-17,2026-04-23,300136,0.049133333333333334,0.9682364729458919,0.19498567335243555,0.009580296084049667,
short_aggressive_wide_capacity,w12,2026-04-16,2026-04-17,2026-04-23,601231,0.0469,0.9677354709418837,0.08827404479578371,0.004140052700922256,
short_aggressive_wide_capacity,w12,2026-04-16,2026-04-17,2026-04-23,002126,0.044666666666666674,0.9662324649298597,-0.027092600080873552,-0.0012101361369456856,
short_aggressive_wide_capacity,w12,2026-04-16,2026-04-17,2026-04-23,688676,0.04243333333333334,0.9645290581162325,0.06872256872256877,0.0029161276661276683,
short_aggressive_wide_capacity,w12,2026-04-16,2026-04-17,2026-04-23,600126,0.0402,0.9628256513026052,0.02556538839724687,0.0010277286135693241,
short_aggressive_wide_capacity,w12,2026-04-16,2026-04-17,2026-04-23,300054,0.03796666666666667,0.9616232464929859,0.08053302433371967,0.0030575704905368905,
short_aggressive_wide_capacity,w12,2026-04-16,2026-04-17,2026-04-23,600549,0.03573333333333334,0.9610721442885771,0.012443438914027105,0.000444645550527902,
short_aggressive_wide_capacity,w12,2026-04-16,2026-04-17,2026-04-23,301308,0.0335,0.9591182364729459,-0.03727893350534861,-0.0012488442724291784,
short_aggressive_wide_capacity,w12,2026-04-16,2026-04-17,2026-04-23,603920,0.031266666666666665,0.9518537074148297,-0.0020387359836900876,-6.374447842337674e-05,
short_aggressive_wide_capacity,w12,2026-04-16,2026-04-17,2026-04-23,300285,0.029033333333333335,0.9486973947895792,0.008968609865470878,0.00026038863976083785,
short_aggressive_wide_capacity,w12,2026-04-16,2026-04-17,2026-04-23,688568,0.02680000000000001,0.9485470941883768,0.026393442622950847,0.000707344262295083,
short_aggressive_wide_capacity,w12,2026-04-16,2026-04-17,2026-04-23,301611,0.024566666666666667,0.9443887775551103,0.07777777777777772,0.0019107407407407395,
short_aggressive_wide_capacity,w12,2026-04-16,2026-04-17,2026-04-23,300604,0.022333333333333337,0.9426853707414831,0.009864364981504448,0.00022030415125359938,
short_aggressive_wide_capacity,w12,2026-04-16,2026-04-17,2026-04-23,688702,0.0201,0.9424849699398798,0.12017738359201768,0.0024155654101995555,
short_aggressive_wide_capacity,w12,2026-04-16,2026-04-17,2026-04-23,300058,0.01786666666666667,0.9400300601202405,0.10465116279069764,0.0018697674418604647,
short_aggressive_wide_capacity,w12,2026-04-16,2026-04-17,2026-04-23,300679,0.015633333333333332,0.9367735470941884,-0.019430950728660523,-0.0003037705297247262,
short_aggressive_wide_capacity,w12,2026-04-16,2026-04-17,2026-04-23,300751,0.013400000000000006,0.9351202404809619,-0.010479106472896516,-0.00014042002673681338,
short_aggressive_wide_capacity,w12,2026-04-16,2026-04-17,2026-04-23,000960,0.011166666666666668,0.9344689378757516,0.055351595594464786,0.0006180928174715235,
short_aggressive_wide_capacity,w12,2026-04-16,2026-04-17,2026-04-23,300223,0.008933333333333335,0.9338677354709419,0.027906976744186185,0.0002493023255813966,
short_aggressive_wide_capacity,w12,2026-04-16,2026-04-17,2026-04-23,301200,0.006700000000000003,0.9315130260521043,-0.026291653928462222,-0.00017615408132069696,
short_aggressive_wide_capacity,w12,2026-04-16,2026-04-17,2026-04-23,688629,0.004466666666666667,0.9296593186372746,-0.023733697300576284,-0.00010601051460924076,
short_aggressive_wide_capacity,w12,2026-04-16,2026-04-17,2026-04-23,000021,0.0022333333333333337,0.9267034068136273,-0.0013903371567605127,-3.1050863167651457e-06,
stable_compact_capacity,w12,2026-04-16,2026-04-17,2026-04-23,300390,0.05000000000000002,0.9977955911823647,-0.06547619047619058,-0.00327380952380953,
stable_compact_capacity,w12,2026-04-16,2026-04-17,2026-04-23,300857,0.05000000000000002,0.9975951903807616,-0.19401253918495298,-0.009700626959247652,
stable_compact_capacity,w12,2026-04-16,2026-04-17,2026-04-23,002850,0.05000000000000002,0.9955911823647295,0.0013619339462036528,6.809669731018267e-05,
stable_compact_capacity,w12,2026-04-16,2026-04-17,2026-04-23,002008,0.05000000000000002,0.9941883767535071,0.19533864082150676,0.009766932041075342,
stable_compact_capacity,w12,2026-04-16,2026-04-17,2026-04-23,688375,0.05000000000000002,0.9913827655310622,0.04019229253684298,0.0020096146268421496,
stable_compact_capacity,w12,2026-04-16,2026-04-17,2026-04-23,301200,0.05000000000000002,0.9848697394789578,-0.026291653928462222,-0.0013145826964231116,
stable_compact_capacity,w12,2026-04-16,2026-04-17,2026-04-23,601212,0.05000000000000002,0.9811623246492986,-0.03482587064676612,-0.0017412935323383066,
stable_compact_capacity,w12,2026-04-16,2026-04-17,2026-04-23,688629,0.05000000000000002,0.970440881763527,-0.023733697300576284,-0.0011866848650288146,
stable_compact_capacity,w12,2026-04-16,2026-04-17,2026-04-23,002202,0.05000000000000002,0.9703406813627254,0.028411364545818385,0.0014205682272909197,
stable_compact_capacity,w12,2026-04-16,2026-04-17,2026-04-23,300567,0.05000000000000002,0.9700400801603206,0.01610429447852746,0.0008052147239263732,
stable_compact_capacity,w12,2026-04-16,2026-04-17,2026-04-23,301611,0.047619047619047644,0.9682364729458919,0.07777777777777772,0.003703703703703703,
stable_compact_capacity,w12,2026-04-16,2026-04-17,2026-04-23,002436,0.04523809523809524,0.9677354709418837,0.139189731247493,0.006296678318338969,
stable_compact_capacity,w12,2026-04-16,2026-04-17,2026-04-23,688002,0.04285714285714283,0.9665330661322645,0.0625,0.002678571428571427,
stable_compact_capacity,w12,2026-04-16,2026-04-17,2026-04-23,000967,0.04047619047619047,0.9655310621242484,0.05049732211170621,0.0020439392283309655,
stable_compact_capacity,w12,2026-04-16,2026-04-17,2026-04-23,002025,0.038095238095238106,0.9649298597194389,-0.035386631716907035,-0.0013480621606440778,
stable_compact_capacity,w12,2026-04-16,2026-04-17,2026-04-23,301308,0.03571428571428571,0.9603206412825651,-0.03727893350534861,-0.0013313904823338788,
stable_compact_capacity,w12,2026-04-16,2026-04-17,2026-04-23,300383,0.03333333333333334,0.9581162324649298,-0.06230031948881798,-0.002076677316293933,
stable_compact_capacity,w12,2026-04-16,2026-04-17,2026-04-23,300058,0.03095238095238096,0.9577154308617234,0.10465116279069764,0.0032392026578073087,
stable_compact_capacity,w12,2026-04-16,2026-04-17,2026-04-23,002851,0.028571428571428574,0.9556112224448898,0.018463598966803607,0.0005275313990515316,
stable_compact_capacity,w12,2026-04-16,2026-04-17,2026-04-23,000960,0.026190476190476195,0.9520040080160321,0.055351595594464786,0.001449684646521697,
stable_compact_capacity,w12,2026-04-16,2026-04-17,2026-04-23,600498,0.023809523809523822,0.9507014028056112,0.13119473575981888,0.003123684184757594,
stable_compact_capacity,w12,2026-04-16,2026-04-17,2026-04-23,002738,0.021428571428571415,0.9443887775551101,-0.060123991110071384,-0.0012883712380729574,
stable_compact_capacity,w12,2026-04-16,2026-04-17,2026-04-23,002429,0.019047619047619053,0.9429859719438878,0.28810226155358887,0.005487662124830266,
stable_compact_capacity,w12,2026-04-16,2026-04-17,2026-04-23,301536,0.01666666666666667,0.939879759519038,0.0981813389562467,0.0016363556492707786,
stable_compact_capacity,w12,2026-04-16,2026-04-17,2026-04-23,688037,0.014285714285714287,0.9390781563126251,-0.006567877110133957,-9.382681585905653e-05,
stable_compact_capacity,w12,2026-04-16,2026-04-17,2026-04-23,300223,0.011904761904761911,0.9357715430861724,0.027906976744186185,0.00033222591362126427,
stable_compact_capacity,w12,2026-04-16,2026-04-17,2026-04-23,600352,0.009523809523809526,0.9336673346693387,-0.0038402457757296116,-3.6573769292662976e-05,
stable_compact_capacity,w12,2026-04-16,2026-04-17,2026-04-23,603688,0.0071428571428571435,0.9334669338677355,0.01057692307692304,7.554945054945029e-05,
stable_compact_capacity,w12,2026-04-16,2026-04-17,2026-04-23,300570,0.004761904761904763,0.9326653306613226,0.003791257805530801,1.8053608597765725e-05,
stable_compact_capacity,w12,2026-04-16,2026-04-17,2026-04-23,002409,0.0023809523809523816,0.9321643286573147,0.03495123084068741,8.3217216287351e-05,
stable_compact_current,w12,2026-04-16,2026-04-17,2026-04-23,300857,0.02857142857142857,1.0,-0.19401253918495298,-0.005543215405284371,
stable_compact_current,w12,2026-04-16,2026-04-17,2026-04-23,003031,0.02857142857142857,0.9216933867735471,0.2203422982885086,0.006295494236814531,
stable_compact_current,w12,2026-04-16,2026-04-17,2026-04-23,002156,0.02857142857142857,0.9403807615230462,-0.016243231986672213,-0.0004640923424763489,
stable_compact_current,w12,2026-04-16,2026-04-17,2026-04-23,002429,0.02857142857142857,0.9403807615230462,0.28810226155358887,0.008231493187245396,
stable_compact_current,w12,2026-04-16,2026-04-17,2026-04-23,300285,0.02857142857142857,0.9403807615230462,0.008968609865470878,0.0002562459961563108,
stable_compact_current,w12,2026-04-16,2026-04-17,2026-04-23,000657,0.02857142857142857,0.925250501002004,0.0899807321772641,0.0025708780622075455,
stable_compact_current,w12,2026-04-16,2026-04-17,2026-04-23,301611,0.02857142857142857,0.9250501002004008,0.07777777777777772,0.0022222222222222205,
stable_compact_current,w12,2026-04-16,2026-04-17,2026-04-23,002335,0.02857142857142857,0.9223446893787575,0.08814050918465988,0.0025183002624188534,
stable_compact_current,w12,2026-04-16,2026-04-17,2026-04-23,688002,0.02857142857142857,0.9213426853707414,0.0625,0.0017857142857142857,
stable_compact_current,w12,2026-04-16,2026-04-17,2026-04-23,002008,0.02857142857142857,0.9456412825651304,0.19533864082150676,0.005581104023471621,
stable_compact_current,w12,2026-04-16,2026-04-17,2026-04-23,002738,0.02857142857142857,0.9203406813627255,-0.060123991110071384,-0.001717828317430611,
stable_compact_current,w12,2026-04-16,2026-04-17,2026-04-23,300017,0.02857142857142857,0.9172845691382765,-0.012539184952978122,-0.0003582624272279463,
stable_compact_current,w12,2026-04-16,2026-04-17,2026-04-23,600498,0.02857142857142857,0.9172845691382765,0.13119473575981888,0.0037484210217091107,
stable_compact_current,w12,2026-04-16,2026-04-17,2026-04-23,300567,0.02857142857142857,0.916933867735471,0.01610429447852746,0.0004601226993864988,
stable_compact_current,w12,2026-04-16,2026-04-17,2026-04-23,002851,0.02857142857142857,0.9142284569138277,0.018463598966803607,0.0005275313990515316,
stable_compact_current,w12,2026-04-16,2026-04-17,2026-04-23,300454,0.02857142857142857,0.9119739478957916,-0.04207176948912861,-0.001202050556832246,
stable_compact_current,w12,2026-04-16,2026-04-17,2026-04-23,688702,0.02857142857142857,0.9439879759519039,0.12017738359201768,0.003433639531200505,
stable_compact_current,w12,2026-04-16,2026-04-17,2026-04-23,601231,0.02857142857142857,0.9475951903807616,0.08827404479578371,0.00252211556559382,
stable_compact_current,w12,2026-04-16,2026-04-17,2026-04-23,000967,0.02857142857142857,0.994188376753507,0.05049732211170621,0.0014427806317630345,
stable_compact_current,w12,2026-04-16,2026-04-17,2026-04-23,300383,0.02857142857142857,0.9575150300601203,-0.06230031948881798,-0.0017800091282519422,
stable_compact_current,w12,2026-04-16,2026-04-17,2026-04-23,603920,0.02857142857142857,0.9889779559118237,-0.0020387359836900876,-5.82495995340025e-05,
stable_compact_current,w12,2026-04-16,2026-04-17,2026-04-23,600549,0.02857142857142857,0.9690881763527055,0.012443438914027105,0.00035552682611506015,
stable_compact_current,w12,2026-04-16,2026-04-17,2026-04-23,688375,0.02857142857142857,0.9660821643286573,0.04019229253684298,0.0011483512153383708,
stable_compact_current,w12,2026-04-16,2026-04-17,2026-04-23,001389,0.02857142857142857,0.9575150300601203,0.24128271286398806,0.0068937917961139445,
stable_compact_current,w12,2026-04-16,2026-04-17,2026-04-23,002080,0.02857142857142857,0.9575150300601203,0.08741044012282484,0.0024974411463664237,
stable_compact_current,w12,2026-04-16,2026-04-17,2026-04-23,002436,0.02857142857142857,0.9575150300601203,0.139189731247493,0.003976849464214086,
stable_compact_current,w12,2026-04-16,2026-04-17,2026-04-23,300570,0.02857142857142857,0.9575150300601203,0.003791257805530801,0.00010832165158659431,
stable_compact_current,w12,2026-04-16,2026-04-17,2026-04-23,301308,0.02857142857142857,0.9475951903807616,-0.03727893350534861,-0.001065112385867103,
stable_compact_current,w12,2026-04-16,2026-04-17,2026-04-23,300604,0.02857142857142857,0.9575150300601203,0.009864364981504448,0.0002818389994715556,
stable_compact_current,w12,2026-04-16,2026-04-17,2026-04-23,301200,0.02857142857142857,0.9575150300601203,-0.026291653928462222,-0.0007511901122417777,
stable_compact_current,w12,2026-04-16,2026-04-17,2026-04-23,688629,0.02857142857142857,0.9575150300601203,-0.023733697300576284,-0.0006781056371593224,
stable_compact_current,w12,2026-04-16,2026-04-17,2026-04-23,603688,0.02857142857142857,0.9516533066132264,0.01057692307692304,0.0003021978021978011,
stable_compact_current,w12,2026-04-16,2026-04-17,2026-04-23,300390,0.02857142857142857,0.949498997995992,-0.06547619047619058,-0.0018707482993197307,
stable_compact_current,w12,2026-04-16,2026-04-17,2026-04-23,300395,0.02857142857142857,0.9475951903807616,0.011474205984945751,0.0003278344567127357,
stable_compact_current,w12,2026-04-16,2026-04-17,2026-04-23,002126,0.02857142857142857,0.9117735470941883,-0.027092600080873552,-0.0007740742880249586,
stable_extra_wide_capacity,w12,2026-04-16,2026-04-17,2026-04-23,300395,0.06451612903225806,0.9853707414829659,0.011474205984945751,0.0007402713538674678,
stable_extra_wide_capacity,w12,2026-04-16,2026-04-17,2026-04-23,000426,0.06236559139784946,0.9844188376753507,-0.08156424581005584,-0.005086802426863697,
stable_extra_wide_capacity,w12,2026-04-16,2026-04-17,2026-04-23,300136,0.060215053763440864,0.9825150300601202,0.19498567335243555,0.011741072804017625,
stable_extra_wide_capacity,w12,2026-04-16,2026-04-17,2026-04-23,601231,0.05806451612903226,0.9806112224448897,0.08827404479578371,0.005125589697819699,
stable_extra_wide_capacity,w12,2026-04-16,2026-04-17,2026-04-23,688629,0.05591397849462366,0.9763276553106213,-0.023733697300576284,-0.0013270454404623298,
stable_extra_wide_capacity,w12,2026-04-16,2026-04-17,2026-04-23,600549,0.053763440860215055,0.9758517034068135,0.012443438914027105,0.0006690020921519949,
stable_extra_wide_capacity,w12,2026-04-16,2026-04-17,2026-04-23,301611,0.05161290322580645,0.9731462925851704,0.07777777777777772,0.004014336917562721,
stable_extra_wide_capacity,w12,2026-04-16,2026-04-17,2026-04-23,000021,0.04946236559139785,0.9729959919839679,-0.0013903371567605127,-6.87693647429931e-05,
stable_extra_wide_capacity,w12,2026-04-16,2026-04-17,2026-04-23,000960,0.047311827956989246,0.9682364729458917,0.055351595594464786,0.0026187851679101617,
stable_extra_wide_capacity,w12,2026-04-16,2026-04-17,2026-04-23,300567,0.04516129032258064,0.9663076152304609,0.01610429447852746,0.000727290718385111,
stable_extra_wide_capacity,w12,2026-04-16,2026-04-17,2026-04-23,300223,0.043010752688172046,0.9596693386773547,0.027906976744186185,0.0012003000750187608,
stable_extra_wide_capacity,w12,2026-04-16,2026-04-17,2026-04-23,300679,0.04086021505376344,0.9561122244488978,-0.019430950728660523,-0.0007939528254721505,
stable_extra_wide_capacity,w12,2026-04-16,2026-04-17,2026-04-23,688347,0.03870967741935484,0.9549098196392785,-0.012307200511468053,-0.0004764077617342472,
stable_extra_wide_capacity,w12,2026-04-16,2026-04-17,2026-04-23,300604,0.03655913978494624,0.9539579158316633,0.009864364981504448,0.0003606326982485497,
stable_extra_wide_capacity,w12,2026-04-16,2026-04-17,2026-04-23,300285,0.034408602150537634,0.9495741482965931,0.008968609865470878,0.0003085973287043743,
stable_extra_wide_capacity,w12,2026-04-16,2026-04-17,2026-04-23,688375,0.03225806451612903,0.9451903807615231,0.04019229253684298,0.001296525565704612,
stable_extra_wide_capacity,w12,2026-04-16,2026-04-17,2026-04-23,601212,0.030107526881720432,0.9432865731462926,-0.03482587064676612,-0.0010485208366768294,
stable_extra_wide_capacity,w12,2026-04-16,2026-04-17,2026-04-23,601168,0.02795698924731183,0.9423346693386774,0.0,0.0,
stable_extra_wide_capacity,w12,2026-04-16,2026-04-17,2026-04-23,300058,0.025806451612903226,0.9415831663326653,0.10465116279069764,0.0027006751687921973,
stable_extra_wide_capacity,w12,2026-04-16,2026-04-17,2026-04-23,002156,0.023655913978494623,0.9396793587174348,-0.016243231986672213,-0.0003842484986094502,
stable_extra_wide_capacity,w12,2026-04-16,2026-04-17,2026-04-23,000060,0.021505376344086023,0.9391032064128257,-0.009160305343511421,-0.0001969958138389553,
stable_extra_wide_capacity,w12,2026-04-16,2026-04-17,2026-04-23,688676,0.01935483870967742,0.936623246492986,0.06872256872256877,0.0013301142333400407,
stable_extra_wide_capacity,w12,2026-04-16,2026-04-17,2026-04-23,002851,0.017204301075268817,0.9351953907815631,0.018463598966803607,0.0003176533155579115,
stable_extra_wide_capacity,w12,2026-04-16,2026-04-17,2026-04-23,002202,0.015053763440860216,0.9344188376753507,0.028411364545818385,0.0004276979609047929,
stable_extra_wide_capacity,w12,2026-04-16,2026-04-17,2026-04-23,600497,0.012903225806451613,0.9309118236472946,0.08581644815256251,0.0011073090084201614,
stable_extra_wide_capacity,w12,2026-04-16,2026-04-17,2026-04-23,600392,0.010752688172043012,0.9301603206412825,-0.017709563164108544,-0.00019042541036675854,
stable_extra_wide_capacity,w12,2026-04-16,2026-04-17,2026-04-23,300383,0.008602150537634409,0.9273046092184368,-0.06230031948881798,-0.000535916726785531,
stable_extra_wide_capacity,w12,2026-04-16,2026-04-17,2026-04-23,300454,0.0064516129032258064,0.9272795591182366,-0.04207176948912861,-0.0002714307708976039,
stable_extra_wide_capacity,w12,2026-04-16,2026-04-17,2026-04-23,002429,0.004301075268817204,0.9271042084168337,0.28810226155358887,0.0012391495120584468,
stable_extra_wide_capacity,w12,2026-04-16,2026-04-17,2026-04-23,002195,0.002150537634408602,0.9239478957915832,-0.008714596949891074,-1.874106870944317e-05,
stable_medium_capacity,w12,2026-04-16,2026-04-17,2026-04-23,000967,0.039999999999999994,0.9983466933867735,0.05049732211170621,0.0020198928844682483,
stable_medium_capacity,w12,2026-04-16,2026-04-17,2026-04-23,000960,0.039999999999999994,0.9607214428857714,0.055351595594464786,0.002214063823778591,
stable_medium_capacity,w12,2026-04-16,2026-04-17,2026-04-23,603688,0.039999999999999994,0.9504258517034068,0.01057692307692304,0.0004230769230769215,
stable_medium_capacity,w12,2026-04-16,2026-04-17,2026-04-23,002080,0.039999999999999994,0.9508016032064127,0.08741044012282484,0.003496417604912993,
stable_medium_capacity,w12,2026-04-16,2026-04-17,2026-04-23,688002,0.039999999999999994,0.953507014028056,0.0625,0.0024999999999999996,
stable_medium_capacity,w12,2026-04-16,2026-04-17,2026-04-23,300567,0.039999999999999994,0.9539829659318636,0.01610429447852746,0.0006441717791410982,
stable_medium_capacity,w12,2026-04-16,2026-04-17,2026-04-23,300570,0.039999999999999994,0.9822394789579157,0.003791257805530801,0.00015165031222123202,
stable_medium_capacity,w12,2026-04-16,2026-04-17,2026-04-23,601212,0.039999999999999994,0.9566633266533066,-0.03482587064676612,-0.0013930348258706447,
stable_medium_capacity,w12,2026-04-16,2026-04-17,2026-04-23,300058,0.039999999999999994,0.9574148296593185,0.10465116279069764,0.004186046511627905,
stable_medium_capacity,w12,2026-04-16,2026-04-17,2026-04-23,688375,0.039999999999999994,0.958316633266533,0.04019229253684298,0.0016076917014737188,
stable_medium_capacity,w12,2026-04-16,2026-04-17,2026-04-23,002025,0.039999999999999994,0.9541583166332666,-0.035386631716907035,-0.0014154652686762812,
stable_medium_capacity,w12,2026-04-16,2026-04-17,2026-04-23,002202,0.039999999999999994,0.9654809619238476,0.028411364545818385,0.0011364545818327353,
stable_medium_capacity,w12,2026-04-16,2026-04-17,2026-04-23,300857,0.039999999999999994,0.9668837675350701,-0.19401253918495298,-0.0077605015673981185,
stable_medium_capacity,w12,2026-04-16,2026-04-17,2026-04-23,000959,0.039999999999999994,0.9674348697394789,-0.07867494824016563,-0.0031469979296066247,
stable_medium_capacity,w12,2026-04-16,2026-04-17,2026-04-23,688183,0.039999999999999994,0.9714929859719439,0.07882241215574548,0.0031528964862298186,
stable_medium_capacity,w12,2026-04-16,2026-04-17,2026-04-23,301308,0.039999999999999994,0.9722945891783566,-0.03727893350534861,-0.0014911573402139442,
stable_medium_capacity,w12,2026-04-16,2026-04-17,2026-04-23,688629,0.039999999999999994,0.9739729458917835,-0.023733697300576284,-0.0009493478920230513,
stable_medium_capacity,w12,2026-04-16,2026-04-17,2026-04-23,300390,0.039999999999999994,0.9772044088176353,-0.06547619047619058,-0.002619047619047623,
stable_medium_capacity,w12,2026-04-16,2026-04-17,2026-04-23,002436,0.039999999999999994,0.977254509018036,0.139189731247493,0.005567589249899719,
stable_medium_capacity,w12,2026-04-16,2026-04-17,2026-04-23,301611,0.039999999999999994,0.9778056112224448,0.07777777777777772,0.0031111111111111083,
stable_medium_capacity,w12,2026-04-16,2026-04-17,2026-04-23,301200,0.03636363636363643,0.9461673346693386,-0.026291653928462222,-0.0009560601428531735,
stable_medium_capacity,w12,2026-04-16,2026-04-17,2026-04-23,300383,0.03272727272727277,0.944188376753507,-0.06230031948881798,-0.002038919546906773,
stable_medium_capacity,w12,2026-04-16,2026-04-17,2026-04-23,600498,0.029090909090909126,0.9406813627254509,0.13119473575981888,0.0038165741311947357,
stable_medium_capacity,w12,2026-04-16,2026-04-17,2026-04-23,000703,0.025454545454545487,0.939879759519038,-0.06199123356293046,-0.0015779586725109592,
stable_medium_capacity,w12,2026-04-16,2026-04-17,2026-04-23,300604,0.021818181818181834,0.9392284569138276,0.009864364981504448,0.00021522250868736992,
stable_medium_capacity,w12,2026-04-16,2026-04-17,2026-04-23,000426,0.018181818181818216,0.9375751503006011,-0.08156424581005584,-0.0014829862874555634,
stable_medium_capacity,w12,2026-04-16,2026-04-17,2026-04-23,603979,0.014545454545454563,0.9363226452905812,-0.012713859676659944,-0.00018492886802414486,
stable_medium_capacity,w12,2026-04-16,2026-04-17,2026-04-23,300751,0.010909090909090917,0.9308116232464929,-0.010479106472896516,-0.00011431752515887117,
stable_medium_capacity,w12,2026-04-16,2026-04-17,2026-04-23,002837,0.007272727272727281,0.9208917835671342,-0.051798832171783715,-0.0003767187794311547,
stable_medium_capacity,w12,2026-04-16,2026-04-17,2026-04-23,002195,0.0036363636363636407,0.919188376753507,-0.008714596949891074,-3.16894434541494e-05,
balanced_extra_wide_capacity,w13,2026-04-23,2026-04-24,2026-04-30,002436,0.06451612903225806,0.9917835671342685,-0.024295774647887236,-0.0015674693321217571,
balanced_extra_wide_capacity,w13,2026-04-23,2026-04-24,2026-04-30,000657,0.06236559139784946,0.988376753507014,0.028637086795121114,0.0017859688538892737,
balanced_extra_wide_capacity,w13,2026-04-23,2026-04-24,2026-04-30,688702,0.060215053763440864,0.9875250501002004,0.27537608867775143,0.01658178598489686,
balanced_extra_wide_capacity,w13,2026-04-23,2026-04-24,2026-04-30,601231,0.05806451612903226,0.9854208416833667,-0.0847457627118644,-0.004920721705850191,
balanced_extra_wide_capacity,w13,2026-04-23,2026-04-24,2026-04-30,300567,0.05591397849462366,0.9826152304609219,0.0947169811320756,0.00529600324609455,
balanced_extra_wide_capacity,w13,2026-04-23,2026-04-24,2026-04-30,301308,0.053763440860215055,0.9824649298597194,0.11985259219967048,0.006443687752670456,
balanced_extra_wide_capacity,w13,2026-04-23,2026-04-24,2026-04-30,002837,0.05161290322580645,0.9811122244488977,-0.06038935240365528,-0.0031168698014789826,
balanced_extra_wide_capacity,w13,2026-04-23,2026-04-24,2026-04-30,002080,0.04946236559139785,0.9778557114228457,0.038591867469879526,0.001908845057649955,
balanced_extra_wide_capacity,w13,2026-04-23,2026-04-24,2026-04-30,300679,0.047311827956989246,0.9774048096192385,0.06157112526539277,0.0029130424856744965,
balanced_extra_wide_capacity,w13,2026-04-23,2026-04-24,2026-04-30,002851,0.04516129032258064,0.9713426853707414,0.12915649070073276,0.005832873773581479,
balanced_extra_wide_capacity,w13,2026-04-23,2026-04-24,2026-04-30,001389,0.043010752688172046,0.968937875751503,-0.03046680128281265,-0.0013104000551747378,
balanced_extra_wide_capacity,w13,2026-04-23,2026-04-24,2026-04-30,600549,0.04086021505376344,0.9669338677354709,-0.07773343974461289,-0.003176205064833645,
balanced_extra_wide_capacity,w13,2026-04-23,2026-04-24,2026-04-30,301200,0.03870967741935484,0.9657815631262525,-0.04453165881737309,-0.0017238061477692808,
balanced_extra_wide_capacity,w13,2026-04-23,2026-04-24,2026-04-30,000960,0.03655913978494624,0.9649799599198396,-0.0567299973240567,-0.002073999902169815,
balanced_extra_wide_capacity,w13,2026-04-23,2026-04-24,2026-04-30,688676,0.034408602150537634,0.9610220440881764,-0.04787636442234955,-0.0016473587758227802,
balanced_extra_wide_capacity,w13,2026-04-23,2026-04-24,2026-04-30,300058,0.03225806451612903,0.9598697394789579,-0.09894736842105256,-0.003191850594227502,
balanced_extra_wide_capacity,w13,2026-04-23,2026-04-24,2026-04-30,300757,0.030107526881720432,0.9590681362725451,-0.06548034426610838,-0.0019714512252161664,
balanced_extra_wide_capacity,w13,2026-04-23,2026-04-24,2026-04-30,300604,0.02795698924731183,0.9556613226452906,0.11946532999164572,0.003339890946002999,
balanced_extra_wide_capacity,w13,2026-04-23,2026-04-24,2026-04-30,688220,0.025806451612903226,0.9513026052104209,0.11863285556780578,0.003061493046911117,
balanced_extra_wide_capacity,w13,2026-04-23,2026-04-24,2026-04-30,002156,0.023655913978494623,0.9504008016032064,0.09589331075359864,0.0022684439103001827,
balanced_extra_wide_capacity,w13,2026-04-23,2026-04-24,2026-04-30,301611,0.021505376344086023,0.9499498997995992,-0.014245548266166752,-0.00030635587669175816,
balanced_extra_wide_capacity,w13,2026-04-23,2026-04-24,2026-04-30,300223,0.01935483870967742,0.9472444889779559,0.0405563934975699,0.0007849624547916755,
balanced_extra_wide_capacity,w13,2026-04-23,2026-04-24,2026-04-30,688375,0.017204301075268817,0.9465931863727455,-0.07182362300174261,-0.0012356752344385826,
balanced_extra_wide_capacity,w13,2026-04-23,2026-04-24,2026-04-30,603920,0.015053763440860216,0.9442384769539078,-0.1036772216547498,-0.0015607323689962335,
balanced_extra_wide_capacity,w13,2026-04-23,2026-04-24,2026-04-30,300136,0.012903225806451613,0.9441883767535071,0.09459297446349368,0.0012205545092063702,
balanced_extra_wide_capacity,w13,2026-04-23,2026-04-24,2026-04-30,601212,0.010752688172043012,0.9425851703406813,-0.01675257731958757,-0.00018013523999556527,
balanced_extra_wide_capacity,w13,2026-04-23,2026-04-24,2026-04-30,300383,0.008602150537634409,0.940130260521042,-0.09710391822827935,-0.0008353025223938009,
balanced_extra_wide_capacity,w13,2026-04-23,2026-04-24,2026-04-30,002335,0.0064516129032258064,0.9393787575150301,-0.09832666962831338,-0.0006343656105052476,
balanced_extra_wide_capacity,w13,2026-04-23,2026-04-24,2026-04-30,300857,0.004301075268817204,0.9392785571142284,0.010073509392866775,4.33269221198571e-05,
balanced_extra_wide_capacity,w13,2026-04-23,2026-04-24,2026-04-30,600392,0.002150537634408602,0.9369238476953907,0.04286858974358965,9.219051557761215e-05,
balanced_medium_current,w13,2026-04-23,2026-04-24,2026-04-30,300857,0.016666666666666666,0.9958917835671344,0.010073509392866775,0.00016789182321444625,
balanced_medium_current,w13,2026-04-23,2026-04-24,2026-04-30,001389,0.016666666666666666,0.9939879759519038,-0.03046680128281265,-0.0005077800213802109,
balanced_medium_current,w13,2026-04-23,2026-04-24,2026-04-30,600126,0.016666666666666666,0.9275551102204409,-0.16203259827420902,-0.00270054330457015,
balanced_medium_current,w13,2026-04-23,2026-04-24,2026-04-30,300285,0.016666666666666666,0.925250501002004,-0.006111111111111067,-0.00010185185185185111,
balanced_medium_current,w13,2026-04-23,2026-04-24,2026-04-30,300054,0.016666666666666666,0.9241482965931863,0.11456657730116171,0.001909442955019362,
balanced_medium_current,w13,2026-04-23,2026-04-24,2026-04-30,600498,0.016666666666666666,0.9238476953907816,-0.1514270132703145,-0.0025237835545052416,
balanced_medium_current,w13,2026-04-23,2026-04-24,2026-04-30,300383,0.016666666666666666,0.9223446893787576,-0.09710391822827935,-0.0016183986371379891,
balanced_medium_current,w13,2026-04-23,2026-04-24,2026-04-30,688629,0.016666666666666666,0.921943887775551,0.05786407766990287,0.0009644012944983811,
balanced_medium_current,w13,2026-04-23,2026-04-24,2026-04-30,002335,0.016666666666666666,0.9166332665330661,-0.09832666962831338,-0.0016387778271385563,
balanced_medium_current,w13,2026-04-23,2026-04-24,2026-04-30,603688,0.016666666666666666,0.9161322645290582,0.050047573739296025,0.0008341262289882671,
balanced_medium_current,w13,2026-04-23,2026-04-24,2026-04-30,300570,0.016666666666666666,0.9128256513026053,0.0065911278975041565,0.00010985213162506927,
balanced_medium_current,w13,2026-04-23,2026-04-24,2026-04-30,002738,0.016666666666666666,0.9103206412825651,0.12993154947106422,0.002165525824517737,
balanced_medium_current,w13,2026-04-23,2026-04-24,2026-04-30,601958,0.016666666666666666,0.9081162324649299,0.007720020586721388,0.0001286670097786898,
balanced_medium_current,w13,2026-04-23,2026-04-24,2026-04-30,000060,0.016666666666666666,0.9072144288577155,0.04006163328197232,0.000667693888032872,
balanced_medium_current,w13,2026-04-23,2026-04-24,2026-04-30,688347,0.016666666666666666,0.9052104208416833,0.14086900234646804,0.0023478167057744675,
balanced_medium_current,w13,2026-04-23,2026-04-24,2026-04-30,002156,0.016666666666666666,0.9045090180360722,0.09589331075359864,0.0015982218458933106,
balanced_medium_current,w13,2026-04-23,2026-04-24,2026-04-30,605358,0.016666666666666666,0.9013026052104208,0.07178282432785177,0.0011963804054641962,
balanced_medium_current,w13,2026-04-23,2026-04-24,2026-04-30,300373,0.016666666666666666,0.8993987975951904,-0.07643622200584232,-0.0012739370334307054,
balanced_medium_current,w13,2026-04-23,2026-04-24,2026-04-30,688676,0.016666666666666666,0.8896793587174349,-0.04787636442234955,-0.0007979394070391591,
balanced_medium_current,w13,2026-04-23,2026-04-24,2026-04-30,688037,0.016666666666666666,0.8884769539078157,0.2682220522347285,0.004470367537245475,
balanced_medium_current,w13,2026-04-23,2026-04-24,2026-04-30,002353,0.016666666666666666,0.888376753507014,0.050694071631260273,0.0008449011938543379,
balanced_medium_current,w13,2026-04-23,2026-04-24,2026-04-30,002837,0.016666666666666666,0.8872745490981964,-0.06038935240365528,-0.0010064892067275881,
balanced_medium_current,w13,2026-04-23,2026-04-24,2026-04-30,300454,0.016666666666666666,0.8862725450901804,0.08119579258165732,0.0013532632096942888,
balanced_medium_current,w13,2026-04-23,2026-04-24,2026-04-30,600497,0.016666666666666666,0.8861723446893788,-0.014270032930845167,-0.00023783388218075278,
balanced_medium_current,w13,2026-04-23,2026-04-24,2026-04-30,002126,0.016666666666666666,0.8851703406813627,-0.043640897755610863,-0.0007273482959268478,
balanced_medium_current,w13,2026-04-23,2026-04-24,2026-04-30,301536,0.016666666666666666,0.8847695390781563,-0.010560422416896587,-0.00017600704028160978,
balanced_medium_current,w13,2026-04-23,2026-04-24,2026-04-30,601168,0.016666666666666666,0.8775551102204409,0.02387543252595159,0.0003979238754325265,
balanced_medium_current,w13,2026-04-23,2026-04-24,2026-04-30,002465,0.016666666666666666,0.87625250501002,-0.028950542822677727,-0.00048250904704462877,
balanced_medium_current,w13,2026-04-23,2026-04-24,2026-04-30,002409,0.016666666666666666,0.8751503006012024,-0.0495904858072479,-0.000826508096787465,
balanced_medium_current,w13,2026-04-23,2026-04-24,2026-04-30,300223,0.016666666666666666,0.9309619238476954,0.0405563934975699,0.000675939891626165,
balanced_medium_current,w13,2026-04-23,2026-04-24,2026-04-30,300017,0.016666666666666666,0.9313627254509018,-0.15343915343915338,-0.0025573192239858895,
balanced_medium_current,w13,2026-04-23,2026-04-24,2026-04-30,002429,0.016666666666666666,0.9341683366733466,-0.15648854961832048,-0.0026081424936386746,
balanced_medium_current,w13,2026-04-23,2026-04-24,2026-04-30,601016,0.016666666666666666,0.9557114228456913,-0.049107142857143016,-0.0008184523809523836,
balanced_medium_current,w13,2026-04-23,2026-04-24,2026-04-30,000426,0.016666666666666666,0.9831663326653307,0.03114355231143562,0.0005190592051905937,
balanced_medium_current,w13,2026-04-23,2026-04-24,2026-04-30,688375,0.016666666666666666,0.9823647294589178,-0.07182362300174261,-0.0011970603833623768,
balanced_medium_current,w13,2026-04-23,2026-04-24,2026-04-30,301611,0.016666666666666666,0.9821643286573147,-0.014245548266166752,-0.00023742580443611254,
balanced_medium_current,w13,2026-04-23,2026-04-24,2026-04-30,300567,0.016666666666666666,0.9813627254509018,0.0947169811320756,0.00157861635220126,
balanced_medium_current,w13,2026-04-23,2026-04-24,2026-04-30,601212,0.016666666666666666,0.9801603206412826,-0.01675257731958757,-0.00027920962199312616,
balanced_medium_current,w13,2026-04-23,2026-04-24,2026-04-30,300136,0.016666666666666666,0.9786573146292585,0.09459297446349368,0.0015765495743915614,
balanced_medium_current,w13,2026-04-23,2026-04-24,2026-04-30,000657,0.016666666666666666,0.9712424849699399,0.028637086795121114,0.0004772847799186852,
balanced_medium_current,w13,2026-04-23,2026-04-24,2026-04-30,688220,0.016666666666666666,0.9691382765531062,0.11863285556780578,0.0019772142594634296,
balanced_medium_current,w13,2026-04-23,2026-04-24,2026-04-30,000960,0.016666666666666666,0.9644288577154307,-0.0567299973240567,-0.000945499955400945,
balanced_medium_current,w13,2026-04-23,2026-04-24,2026-04-30,002281,0.016666666666666666,0.9621242484969941,0.09568651275820161,0.0015947752126366935,
balanced_medium_current,w13,2026-04-23,2026-04-24,2026-04-30,300604,0.016666666666666666,0.9596192384769539,0.11946532999164572,0.001991088833194095,
balanced_medium_current,w13,2026-04-23,2026-04-24,2026-04-30,600549,0.016666666666666666,0.9557114228456913,-0.07773343974461289,-0.0012955573290768813,
balanced_medium_current,w13,2026-04-23,2026-04-24,2026-04-30,002436,0.016666666666666666,0.953006012024048,-0.024295774647887236,-0.00040492957746478725,
balanced_medium_current,w13,2026-04-23,2026-04-24,2026-04-30,002202,0.016666666666666666,0.9351703406813627,0.07198443579766534,0.0011997405966277556,
balanced_medium_current,w13,2026-04-23,2026-04-24,2026-04-30,300395,0.016666666666666666,0.9521042084168336,-0.010981032761593568,-0.00018301721269322612,
balanced_medium_current,w13,2026-04-23,2026-04-24,2026-04-30,600118,0.016666666666666666,0.9495991983967935,0.007843137254901933,0.00013071895424836554,
balanced_medium_current,w13,2026-04-23,2026-04-24,2026-04-30,688387,0.016666666666666666,0.9475951903807616,0.10621468926553668,0.001770244821092278,
balanced_medium_current,w13,2026-04-23,2026-04-24,2026-04-30,600879,0.016666666666666666,0.9468937875751502,-0.04196642685851326,-0.0006994404476418877,
balanced_medium_current,w13,2026-04-23,2026-04-24,2026-04-30,603920,0.016666666666666666,0.9467434869739478,-0.1036772216547498,-0.0017279536942458298,
balanced_medium_current,w13,2026-04-23,2026-04-24,2026-04-30,601231,0.016666666666666666,0.9463927855711423,-0.0847457627118644,-0.0014124293785310734,
balanced_medium_current,w13,2026-04-23,2026-04-24,2026-04-30,002851,0.016666666666666666,0.9452905811623247,0.12915649070073276,0.002152608178345546,
balanced_medium_current,w13,2026-04-23,2026-04-24,2026-04-30,300751,0.016666666666666666,0.9405811623246493,0.04105290682471896,0.000684215113745316,
balanced_medium_current,w13,2026-04-23,2026-04-24,2026-04-30,002080,0.016666666666666666,0.9378757515030061,0.038591867469879526,0.0006431977911646587,
balanced_medium_current,w13,2026-04-23,2026-04-24,2026-04-30,301308,0.016666666666666666,0.9374749498997996,0.11985259219967048,0.001997543203327841,
balanced_medium_current,w13,2026-04-23,2026-04-24,2026-04-30,301200,0.016666666666666666,0.9363226452905812,-0.04453165881737309,-0.0007421943136228848,
balanced_medium_current,w13,2026-04-23,2026-04-24,2026-04-30,603077,0.016666666666666666,0.9355711422845692,0.02422145328719716,0.00040369088811995264,
balanced_medium_current,w13,2026-04-23,2026-04-24,2026-04-30,688281,0.016666666666666666,0.8676352705410821,-0.01577701814357091,-0.00026295030239284847,
economic_medium_capacity,w13,2026-04-23,2026-04-24,2026-04-30,000967,0.05000000000000002,0.9974448897795591,-0.011653313911143437,-0.0005826656955571721,
economic_medium_capacity,w13,2026-04-23,2026-04-24,2026-04-30,002436,0.05000000000000002,0.9945390781563126,-0.024295774647887236,-0.0012147887323943622,
economic_medium_capacity,w13,2026-04-23,2026-04-24,2026-04-30,001389,0.05000000000000002,0.988877755511022,-0.03046680128281265,-0.001523340064140633,
economic_medium_capacity,w13,2026-04-23,2026-04-24,2026-04-30,300136,0.05000000000000002,0.9882765531062123,0.09459297446349368,0.004729648723174685,
economic_medium_capacity,w13,2026-04-23,2026-04-24,2026-04-30,300567,0.05000000000000002,0.9798597194388777,0.0947169811320756,0.004735849056603782,
economic_medium_capacity,w13,2026-04-23,2026-04-24,2026-04-30,300395,0.05000000000000002,0.9768036072144288,-0.010981032761593568,-0.0005490516380796786,
economic_medium_capacity,w13,2026-04-23,2026-04-24,2026-04-30,300223,0.05000000000000002,0.9727955911823647,0.0405563934975699,0.0020278196748784957,
economic_medium_capacity,w13,2026-04-23,2026-04-24,2026-04-30,000657,0.05000000000000002,0.9715430861723446,0.028637086795121114,0.0014318543397560562,
economic_medium_capacity,w13,2026-04-23,2026-04-24,2026-04-30,002281,0.05000000000000002,0.9681863727454909,0.09568651275820161,0.004784325637910082,
economic_medium_capacity,w13,2026-04-23,2026-04-24,2026-04-30,300604,0.05000000000000002,0.9629258517034068,0.11946532999164572,0.0059732664995822875,
economic_medium_capacity,w13,2026-04-23,2026-04-24,2026-04-30,002851,0.047619047619047644,0.9627254509018036,0.12915649070073276,0.006150309080987277,
economic_medium_capacity,w13,2026-04-23,2026-04-24,2026-04-30,300757,0.04523809523809524,0.9626753507014028,-0.06548034426610838,-0.0029622060501334744,
economic_medium_capacity,w13,2026-04-23,2026-04-24,2026-04-30,603077,0.04285714285714283,0.9595691382765531,0.02422145328719716,0.0010380622837370204,
economic_medium_capacity,w13,2026-04-23,2026-04-24,2026-04-30,301611,0.04047619047619047,0.9549599198396794,-0.014245548266166752,-0.0005766055250591304,
economic_medium_capacity,w13,2026-04-23,2026-04-24,2026-04-30,002432,0.038095238095238106,0.9539078156312625,-0.14683691236215912,-0.005593787137606063,
economic_medium_capacity,w13,2026-04-23,2026-04-24,2026-04-30,000426,0.03571428571428571,0.9475450901803607,0.03114355231143562,0.001112269725408415,
economic_medium_capacity,w13,2026-04-23,2026-04-24,2026-04-30,000960,0.03333333333333334,0.946192384769539,-0.0567299973240567,-0.0018909999108018905,
economic_medium_capacity,w13,2026-04-23,2026-04-24,2026-04-30,002837,0.03095238095238096,0.9453406813627254,-0.06038935240365528,-0.001869194241065521,
economic_medium_capacity,w13,2026-04-23,2026-04-24,2026-04-30,003031,0.028571428571428574,0.9450901803607215,-0.010097772078858869,-0.000288507773681682,
economic_medium_capacity,w13,2026-04-23,2026-04-24,2026-04-30,002335,0.026190476190476195,0.9443887775551103,-0.09832666962831338,-0.0025752222997891604,
economic_medium_capacity,w13,2026-04-23,2026-04-24,2026-04-30,300390,0.023809523809523822,0.9440380761523046,0.38004246284501075,0.009048630067738357,
economic_medium_capacity,w13,2026-04-23,2026-04-24,2026-04-30,688347,0.021428571428571415,0.9437374749498998,0.14086900234646804,0.003018621478852885,
economic_medium_capacity,w13,2026-04-23,2026-04-24,2026-04-30,002080,0.019047619047619053,0.9424849699398797,0.038591867469879526,0.0007350831899024673,
economic_medium_capacity,w13,2026-04-23,2026-04-24,2026-04-30,301200,0.01666666666666667,0.9412825651302605,-0.04453165881737309,-0.000742194313622885,
economic_medium_capacity,w13,2026-04-23,2026-04-24,2026-04-30,688629,0.014285714285714287,0.9408817635270541,0.05786407766990287,0.0008266296809986125,
economic_medium_capacity,w13,2026-04-23,2026-04-24,2026-04-30,300285,0.011904761904761911,0.9406312625250501,-0.006111111111111067,-7.275132275132227e-05,
economic_medium_capacity,w13,2026-04-23,2026-04-24,2026-04-30,301308,0.009523809523809526,0.9385270541082165,0.11985259219967048,0.0011414532590444811,
economic_medium_capacity,w13,2026-04-23,2026-04-24,2026-04-30,600549,0.0071428571428571435,0.9329659318637273,-0.07773343974461289,-0.0005552388553186636,
economic_medium_capacity,w13,2026-04-23,2026-04-24,2026-04-30,601231,0.004761904761904763,0.9299599198396794,-0.0847457627118644,-0.0004035512510088782,
economic_medium_capacity,w13,2026-04-23,2026-04-24,2026-04-30,600126,0.0023809523809523816,0.9296593186372746,-0.16203259827420902,-0.00038579190065287874,
recent_compact_capacity,w13,2026-04-23,2026-04-24,2026-04-30,688702,0.045,0.9980460921843687,0.27537608867775143,0.012391923990498814,
recent_compact_capacity,w13,2026-04-23,2026-04-24,2026-04-30,001389,0.045,0.995941883767535,-0.03046680128281265,-0.001371006057726569,
recent_compact_capacity,w13,2026-04-23,2026-04-24,2026-04-30,688375,0.045,0.9915831663326653,-0.07182362300174261,-0.0032320630350784175,
recent_compact_capacity,w13,2026-04-23,2026-04-24,2026-04-30,301611,0.045,0.9913827655310621,-0.014245548266166752,-0.0006410496719775038,
recent_compact_capacity,w13,2026-04-23,2026-04-24,2026-04-30,300751,0.045,0.9891783567134268,0.04105290682471896,0.0018473808071123531,
recent_compact_capacity,w13,2026-04-23,2026-04-24,2026-04-30,600879,0.045,0.9869238476953908,-0.04196642685851326,-0.0018884892086330966,
recent_compact_capacity,w13,2026-04-23,2026-04-24,2026-04-30,600118,0.045,0.9861222444889779,0.007843137254901933,0.00035294117647058696,
recent_compact_capacity,w13,2026-04-23,2026-04-24,2026-04-30,002281,0.045,0.9826653306613227,0.09568651275820161,0.004305893074119073,
recent_compact_capacity,w13,2026-04-23,2026-04-24,2026-04-30,000657,0.045,0.9806112224448897,0.028637086795121114,0.0012886689057804502,
recent_compact_capacity,w13,2026-04-23,2026-04-24,2026-04-30,300136,0.045,0.9784068136272545,0.09459297446349368,0.004256683850857215,
recent_compact_capacity,w13,2026-04-23,2026-04-24,2026-04-30,688387,0.045,0.9780561122244489,0.10621468926553668,0.004779661016949151,
recent_compact_capacity,w13,2026-04-23,2026-04-24,2026-04-30,003031,0.045,0.975501002004008,-0.010097772078858869,-0.00045439974354864905,
recent_compact_capacity,w13,2026-04-23,2026-04-24,2026-04-30,300567,0.045,0.9752505010020039,0.0947169811320756,0.004262264150943402,
recent_compact_capacity,w13,2026-04-23,2026-04-24,2026-04-30,688220,0.045,0.9701402805611222,0.11863285556780578,0.00533847850055126,
recent_compact_capacity,w13,2026-04-23,2026-04-24,2026-04-30,601016,0.04352941176470591,0.9669839679358717,-0.049107142857143016,-0.002137605042016815,
recent_compact_capacity,w13,2026-04-23,2026-04-24,2026-04-30,688525,0.040808823529411745,0.9667835671342685,0.0029511918274687243,0.00012043466648861333,
recent_compact_capacity,w13,2026-04-23,2026-04-24,2026-04-30,002202,0.038088235294117645,0.9634268537074149,0.07198443579766534,0.0027417601281757827,
recent_compact_capacity,w13,2026-04-23,2026-04-24,2026-04-30,000426,0.03536764705882354,0.9622745490981963,0.03114355231143562,0.001101474166308863,
recent_compact_capacity,w13,2026-04-23,2026-04-24,2026-04-30,601179,0.032647058823529425,0.9612725450901803,-0.06104328523862368,-0.0019928837239668326,
recent_compact_capacity,w13,2026-04-23,2026-04-24,2026-04-30,000959,0.029926470588235287,0.9603707414829659,0.024719101123595433,0.0007397554527428926,
recent_compact_capacity,w13,2026-04-23,2026-04-24,2026-04-30,002203,0.027205882352941184,0.9586172344689379,0.01984126984126977,0.0005397992530345453,
recent_compact_capacity,w13,2026-04-23,2026-04-24,2026-04-30,688234,0.02448529411764706,0.9544088176352705,-0.05967786984452095,-0.0014612301954577557,
recent_compact_capacity,w13,2026-04-23,2026-04-24,2026-04-30,000537,0.021764705882352953,0.9528056112224449,-0.15107296137339055,-0.003288058571067914,
recent_compact_capacity,w13,2026-04-23,2026-04-24,2026-04-30,300558,0.019044117647058822,0.9509519038076151,0.040881763527054193,0.0007785571142284585,
recent_compact_capacity,w13,2026-04-23,2026-04-24,2026-04-30,688568,0.016323529411764712,0.9506012024048096,-0.09519246126816805,-0.0015538769412892144,
recent_compact_capacity,w13,2026-04-23,2026-04-24,2026-04-30,000703,0.013602941176470592,0.9499498997995991,0.17823765020026694,0.002424556271106573,
recent_compact_capacity,w13,2026-04-23,2026-04-24,2026-04-30,600032,0.010882352941176477,0.9479959919839678,-0.18023255813953487,-0.0019613543091655276,
recent_compact_capacity,w13,2026-04-23,2026-04-24,2026-04-30,002353,0.008161764705882356,0.9465430861723446,0.050694071631260273,0.0004137530846374921,
recent_compact_capacity,w13,2026-04-23,2026-04-24,2026-04-30,300857,0.005441176470588238,0.944689378757515,0.010073509392866775,5.4811742284716306e-05,
recent_compact_capacity,w13,2026-04-23,2026-04-24,2026-04-30,002273,0.002720588235294119,0.9411322645290581,-0.014336917562723928,-3.9004849251528355e-05,
recent_compact_current,w13,2026-04-23,2026-04-24,2026-04-30,300136,0.06451612903225806,0.9971442885771543,0.09459297446349368,0.00610277254603185,
recent_compact_current,w13,2026-04-23,2026-04-24,2026-04-30,001389,0.06236559139784946,0.994188376753507,-0.03046680128281265,-0.0019000800800033696,
recent_compact_current,w13,2026-04-23,2026-04-24,2026-04-30,600118,0.060215053763440864,0.9940881763527054,0.007843137254901933,0.0004722749314779659,
recent_compact_current,w13,2026-04-23,2026-04-24,2026-04-30,002436,0.05806451612903226,0.9875751503006012,-0.024295774647887236,-0.0014107223989095815,
recent_compact_current,w13,2026-04-23,2026-04-24,2026-04-30,301611,0.05591397849462366,0.9776052104208417,-0.014245548266166752,-0.0007965252793985711,
recent_compact_current,w13,2026-04-23,2026-04-24,2026-04-30,002353,0.053763440860215055,0.9725951903807615,0.050694071631260273,0.0027254877221107674,
recent_compact_current,w13,2026-04-23,2026-04-24,2026-04-30,002203,0.05161290322580645,0.9723947895791583,0.01984126984126977,0.0010240655401945688,
recent_compact_current,w13,2026-04-23,2026-04-24,2026-04-30,600879,0.04946236559139785,0.9717935871743486,-0.04196642685851326,-0.0020757587478404406,
recent_compact_current,w13,2026-04-23,2026-04-24,2026-04-30,600032,0.047311827956989246,0.9667835671342684,-0.18023255813953487,-0.008527131782945736,
recent_compact_current,w13,2026-04-23,2026-04-24,2026-04-30,002281,0.04516129032258064,0.9653306613226453,0.09568651275820161,0.00432132638262846,
recent_compact_current,w13,2026-04-23,2026-04-24,2026-04-30,300751,0.043010752688172046,0.9627254509018035,0.04105290682471896,0.0017657164225685575,
recent_compact_current,w13,2026-04-23,2026-04-24,2026-04-30,688568,0.04086021505376344,0.9590180360721443,-0.09519246126816805,-0.0038895844389143937,
recent_compact_current,w13,2026-04-23,2026-04-24,2026-04-30,300567,0.03870967741935484,0.9588176352705411,0.0947169811320756,0.0036664637857577657,
recent_compact_current,w13,2026-04-23,2026-04-24,2026-04-30,002202,0.03655913978494624,0.9587174348697395,0.07198443579766534,0.002631689050667335,
recent_compact_current,w13,2026-04-23,2026-04-24,2026-04-30,601212,0.034408602150537634,0.9586172344689379,-0.01675257731958757,-0.0005764327679858088,
recent_compact_current,w13,2026-04-23,2026-04-24,2026-04-30,688375,0.03225806451612903,0.9568637274549099,-0.07182362300174261,-0.002316891064572342,
recent_compact_current,w13,2026-04-23,2026-04-24,2026-04-30,000657,0.030107526881720432,0.9535070140280562,0.028637086795121114,0.0008621918604982702,
recent_compact_current,w13,2026-04-23,2026-04-24,2026-04-30,601179,0.02795698924731183,0.9509519038076152,-0.06104328523862368,-0.0017065864690367911,
recent_compact_current,w13,2026-04-23,2026-04-24,2026-04-30,002025,0.025806451612903226,0.9478957915831663,-0.005570652173912949,-0.0001437587657783987,
recent_compact_current,w13,2026-04-23,2026-04-24,2026-04-30,688037,0.023655913978494623,0.9472945891783567,0.2682220522347285,0.006345037794800029,
recent_compact_current,w13,2026-04-23,2026-04-24,2026-04-30,601016,0.021505376344086023,0.9457915831663326,-0.049107142857143016,-0.0010560675883256564,
recent_compact_current,w13,2026-04-23,2026-04-24,2026-04-30,301308,0.01935483870967742,0.944689378757515,0.11985259219967048,0.002319727590961364,
recent_compact_current,w13,2026-04-23,2026-04-24,2026-04-30,688629,0.017204301075268817,0.943436873747495,0.05786407766990287,0.0009955110136757484,
recent_compact_current,w13,2026-04-23,2026-04-24,2026-04-30,688172,0.015053763440860216,0.942434869739479,0.049654150197628644,0.0007474818309320441,
recent_compact_current,w13,2026-04-23,2026-04-24,2026-04-30,688361,0.012903225806451613,0.9408817635270541,0.17640019147917663,0.0022761315029571176,
recent_compact_current,w13,2026-04-23,2026-04-24,2026-04-30,688220,0.010752688172043012,0.935120240480962,0.11863285556780578,0.0012756221028796322,
recent_compact_current,w13,2026-04-23,2026-04-24,2026-04-30,601231,0.008602150537634409,0.9321643286573147,-0.0847457627118644,-0.0007289958082741023,
recent_compact_current,w13,2026-04-23,2026-04-24,2026-04-30,000960,0.0064516129032258064,0.9282064128256513,-0.0567299973240567,-0.0003659999827358497,
recent_compact_current,w13,2026-04-23,2026-04-24,2026-04-30,300017,0.004301075268817204,0.9271042084168336,-0.15343915343915338,-0.0006599533481253908,
recent_compact_current,w13,2026-04-23,2026-04-24,2026-04-30,600549,0.002150537634408602,0.9203406813627254,-0.07773343974461289,-0.0001671686876228234,
short_aggressive_compact_capacity,w13,2026-04-23,2026-04-24,2026-04-30,002436,0.06451612903225806,0.9959919839679358,-0.024295774647887236,-0.0015674693321217571,
short_aggressive_compact_capacity,w13,2026-04-23,2026-04-24,2026-04-30,002273,0.06236559139784946,0.993386773547094,-0.014336917562723928,-0.0008941303426214922,
short_aggressive_compact_capacity,w13,2026-04-23,2026-04-24,2026-04-30,002281,0.060215053763440864,0.9931863727454909,0.09568651275820161,0.005761768510171281,
short_aggressive_compact_capacity,w13,2026-04-23,2026-04-24,2026-04-30,001389,0.05806451612903226,0.9765531062124249,-0.03046680128281265,-0.001769040074485896,
short_aggressive_compact_capacity,w13,2026-04-23,2026-04-24,2026-04-30,300223,0.05591397849462366,0.9753507014028056,0.0405563934975699,0.002267669313842618,
short_aggressive_compact_capacity,w13,2026-04-23,2026-04-24,2026-04-30,600126,0.053763440860215055,0.9753507014028056,-0.16203259827420902,-0.00871143001474242,
short_aggressive_compact_capacity,w13,2026-04-23,2026-04-24,2026-04-30,301611,0.05161290322580645,0.972745490981964,-0.014245548266166752,-0.0007352541040602195,
short_aggressive_compact_capacity,w13,2026-04-23,2026-04-24,2026-04-30,601212,0.04946236559139785,0.9727454909819638,-0.01675257731958757,-0.0008286221039796002,
short_aggressive_compact_capacity,w13,2026-04-23,2026-04-24,2026-04-30,300567,0.047311827956989246,0.970941883767535,0.0947169811320756,0.004481233515926158,
short_aggressive_compact_capacity,w13,2026-04-23,2026-04-24,2026-04-30,601231,0.04516129032258064,0.9675350701402805,-0.0847457627118644,-0.0038272279934390375,
short_aggressive_compact_capacity,w13,2026-04-23,2026-04-24,2026-04-30,600879,0.043010752688172046,0.9665330661322644,-0.04196642685851326,-0.0018050076068177748,
short_aggressive_compact_capacity,w13,2026-04-23,2026-04-24,2026-04-30,688234,0.04086021505376344,0.9643286573146292,-0.05967786984452095,-0.0024384505957976304,
short_aggressive_compact_capacity,w13,2026-04-23,2026-04-24,2026-04-30,300751,0.03870967741935484,0.9635270541082164,0.04105290682471896,0.0015891447803117018,
short_aggressive_compact_capacity,w13,2026-04-23,2026-04-24,2026-04-30,301200,0.03655913978494624,0.9635270541082164,-0.04453165881737309,-0.0016280391395598764,
short_aggressive_compact_capacity,w13,2026-04-23,2026-04-24,2026-04-30,000657,0.034408602150537634,0.959318637274549,0.028637086795121114,0.0009853621262837372,
short_aggressive_compact_capacity,w13,2026-04-23,2026-04-24,2026-04-30,688387,0.03225806451612903,0.9581162324649298,0.10621468926553668,0.00342628029888828,
short_aggressive_compact_capacity,w13,2026-04-23,2026-04-24,2026-04-30,600118,0.030107526881720432,0.9438877755511021,0.007843137254901933,0.00023613746573898295,
short_aggressive_compact_capacity,w13,2026-04-23,2026-04-24,2026-04-30,002202,0.02795698924731183,0.9412825651302605,0.07198443579766534,0.0020124680975691384,
short_aggressive_compact_capacity,w13,2026-04-23,2026-04-24,2026-04-30,688568,0.025806451612903226,0.940881763527054,-0.09519246126816805,-0.002456579645630143,
short_aggressive_compact_capacity,w13,2026-04-23,2026-04-24,2026-04-30,688629,0.023655913978494623,0.9390781563126251,0.05786407766990287,0.0013688276438041538,
short_aggressive_compact_capacity,w13,2026-04-23,2026-04-24,2026-04-30,002080,0.021505376344086023,0.9344689378757514,0.038591867469879526,0.0008299326337608501,
short_aggressive_compact_capacity,w13,2026-04-23,2026-04-24,2026-04-30,002203,0.01935483870967742,0.932064128256513,0.01984126984126977,0.0003840245775729633,
short_aggressive_compact_capacity,w13,2026-04-23,2026-04-24,2026-04-30,688166,0.017204301075268817,0.932064128256513,0.03138280483818234,0.0005399192230224919,
short_aggressive_compact_capacity,w13,2026-04-23,2026-04-24,2026-04-30,000426,0.015053763440860216,0.9318637274549098,0.03114355231143562,0.00046882766920440717,
short_aggressive_compact_capacity,w13,2026-04-23,2026-04-24,2026-04-30,688361,0.012903225806451613,0.9308617234468937,0.17640019147917663,0.0022761315029571176,
short_aggressive_compact_capacity,w13,2026-04-23,2026-04-24,2026-04-30,000960,0.010752688172043012,0.9288577154308617,-0.0567299973240567,-0.0006099999712264162,
short_aggressive_compact_capacity,w13,2026-04-23,2026-04-24,2026-04-30,300136,0.008602150537634409,0.9284569138276553,0.09459297446349368,0.0008137030061375801,
short_aggressive_compact_capacity,w13,2026-04-23,2026-04-24,2026-04-30,600549,0.0064516129032258064,0.927054108216433,-0.07773343974461289,-0.0005015060628684703,
short_aggressive_compact_capacity,w13,2026-04-23,2026-04-24,2026-04-30,300017,0.004301075268817204,0.925250501002004,-0.15343915343915338,-0.0006599533481253908,
short_aggressive_compact_capacity,w13,2026-04-23,2026-04-24,2026-04-30,300450,0.002150537634408602,0.9240480961923847,-0.0325858444288718,-7.007708479327269e-05,
short_aggressive_medium_capacity,w13,2026-04-23,2026-04-24,2026-04-30,002436,0.06451612903225806,0.9959919839679358,-0.024295774647887236,-0.0015674693321217571,
short_aggressive_medium_capacity,w13,2026-04-23,2026-04-24,2026-04-30,002273,0.06236559139784946,0.993386773547094,-0.014336917562723928,-0.0008941303426214922,
short_aggressive_medium_capacity,w13,2026-04-23,2026-04-24,2026-04-30,002281,0.060215053763440864,0.9931863727454909,0.09568651275820161,0.005761768510171281,
short_aggressive_medium_capacity,w13,2026-04-23,2026-04-24,2026-04-30,001389,0.05806451612903226,0.9765531062124249,-0.03046680128281265,-0.001769040074485896,
short_aggressive_medium_capacity,w13,2026-04-23,2026-04-24,2026-04-30,300223,0.05591397849462366,0.9753507014028056,0.0405563934975699,0.002267669313842618,
short_aggressive_medium_capacity,w13,2026-04-23,2026-04-24,2026-04-30,600126,0.053763440860215055,0.9753507014028056,-0.16203259827420902,-0.00871143001474242,
short_aggressive_medium_capacity,w13,2026-04-23,2026-04-24,2026-04-30,301611,0.05161290322580645,0.972745490981964,-0.014245548266166752,-0.0007352541040602195,
short_aggressive_medium_capacity,w13,2026-04-23,2026-04-24,2026-04-30,601212,0.04946236559139785,0.9727454909819638,-0.01675257731958757,-0.0008286221039796002,
short_aggressive_medium_capacity,w13,2026-04-23,2026-04-24,2026-04-30,300567,0.047311827956989246,0.970941883767535,0.0947169811320756,0.004481233515926158,
short_aggressive_medium_capacity,w13,2026-04-23,2026-04-24,2026-04-30,601231,0.04516129032258064,0.9675350701402805,-0.0847457627118644,-0.0038272279934390375,
short_aggressive_medium_capacity,w13,2026-04-23,2026-04-24,2026-04-30,600879,0.043010752688172046,0.9665330661322644,-0.04196642685851326,-0.0018050076068177748,
short_aggressive_medium_capacity,w13,2026-04-23,2026-04-24,2026-04-30,688234,0.04086021505376344,0.9643286573146292,-0.05967786984452095,-0.0024384505957976304,
short_aggressive_medium_capacity,w13,2026-04-23,2026-04-24,2026-04-30,300751,0.03870967741935484,0.9635270541082164,0.04105290682471896,0.0015891447803117018,
short_aggressive_medium_capacity,w13,2026-04-23,2026-04-24,2026-04-30,301200,0.03655913978494624,0.9635270541082164,-0.04453165881737309,-0.0016280391395598764,
short_aggressive_medium_capacity,w13,2026-04-23,2026-04-24,2026-04-30,000657,0.034408602150537634,0.959318637274549,0.028637086795121114,0.0009853621262837372,
short_aggressive_medium_capacity,w13,2026-04-23,2026-04-24,2026-04-30,688387,0.03225806451612903,0.9581162324649298,0.10621468926553668,0.00342628029888828,
short_aggressive_medium_capacity,w13,2026-04-23,2026-04-24,2026-04-30,600118,0.030107526881720432,0.9438877755511021,0.007843137254901933,0.00023613746573898295,
short_aggressive_medium_capacity,w13,2026-04-23,2026-04-24,2026-04-30,002202,0.02795698924731183,0.9412825651302605,0.07198443579766534,0.0020124680975691384,
short_aggressive_medium_capacity,w13,2026-04-23,2026-04-24,2026-04-30,688568,0.025806451612903226,0.940881763527054,-0.09519246126816805,-0.002456579645630143,
short_aggressive_medium_capacity,w13,2026-04-23,2026-04-24,2026-04-30,688629,0.023655913978494623,0.9390781563126251,0.05786407766990287,0.0013688276438041538,
short_aggressive_medium_capacity,w13,2026-04-23,2026-04-24,2026-04-30,002080,0.021505376344086023,0.9344689378757514,0.038591867469879526,0.0008299326337608501,
short_aggressive_medium_capacity,w13,2026-04-23,2026-04-24,2026-04-30,002203,0.01935483870967742,0.932064128256513,0.01984126984126977,0.0003840245775729633,
short_aggressive_medium_capacity,w13,2026-04-23,2026-04-24,2026-04-30,688166,0.017204301075268817,0.932064128256513,0.03138280483818234,0.0005399192230224919,
short_aggressive_medium_capacity,w13,2026-04-23,2026-04-24,2026-04-30,000426,0.015053763440860216,0.9318637274549098,0.03114355231143562,0.00046882766920440717,
short_aggressive_medium_capacity,w13,2026-04-23,2026-04-24,2026-04-30,688361,0.012903225806451613,0.9308617234468937,0.17640019147917663,0.0022761315029571176,
short_aggressive_medium_capacity,w13,2026-04-23,2026-04-24,2026-04-30,000960,0.010752688172043012,0.9288577154308617,-0.0567299973240567,-0.0006099999712264162,
short_aggressive_medium_capacity,w13,2026-04-23,2026-04-24,2026-04-30,300136,0.008602150537634409,0.9284569138276553,0.09459297446349368,0.0008137030061375801,
short_aggressive_medium_capacity,w13,2026-04-23,2026-04-24,2026-04-30,600549,0.0064516129032258064,0.927054108216433,-0.07773343974461289,-0.0005015060628684703,
short_aggressive_medium_capacity,w13,2026-04-23,2026-04-24,2026-04-30,300017,0.004301075268817204,0.925250501002004,-0.15343915343915338,-0.0006599533481253908,
short_aggressive_medium_capacity,w13,2026-04-23,2026-04-24,2026-04-30,300450,0.002150537634408602,0.9240480961923847,-0.0325858444288718,-7.007708479327269e-05,
short_aggressive_wide_capacity,w13,2026-04-23,2026-04-24,2026-04-30,001389,0.055,0.9981963927855712,-0.03046680128281265,-0.0016756740705546958,
short_aggressive_wide_capacity,w13,2026-04-23,2026-04-24,2026-04-30,002436,0.055,0.995991983967936,-0.024295774647887236,-0.001336267605633798,
short_aggressive_wide_capacity,w13,2026-04-23,2026-04-24,2026-04-30,000657,0.055,0.9948396793587174,0.028637086795121114,0.0015750397737316613,
short_aggressive_wide_capacity,w13,2026-04-23,2026-04-24,2026-04-30,002281,0.055,0.989128256513026,0.09568651275820161,0.005262758201701089,
short_aggressive_wide_capacity,w13,2026-04-23,2026-04-24,2026-04-30,300136,0.055,0.9817635270541083,0.09459297446349368,0.005202613595492153,
short_aggressive_wide_capacity,w13,2026-04-23,2026-04-24,2026-04-30,688702,0.055,0.9746492985971944,0.27537608867775143,0.01514568487727633,
short_aggressive_wide_capacity,w13,2026-04-23,2026-04-24,2026-04-30,601231,0.05360000000000002,0.9683867735470941,-0.0847457627118644,-0.004542372881355934,
short_aggressive_wide_capacity,w13,2026-04-23,2026-04-24,2026-04-30,688629,0.05136666666666666,0.9675851703406813,0.05786407766990287,0.0029722847896440103,
short_aggressive_wide_capacity,w13,2026-04-23,2026-04-24,2026-04-30,300285,0.049133333333333334,0.9663827655310622,-0.006111111111111067,-0.0003002592592592571,
short_aggressive_wide_capacity,w13,2026-04-23,2026-04-24,2026-04-30,688002,0.0469,0.9614228456913828,0.09411764705882364,0.004414117647058829,
short_aggressive_wide_capacity,w13,2026-04-23,2026-04-24,2026-04-30,688347,0.044666666666666674,0.958867735470942,0.14086900234646804,0.0062921487714755735,
short_aggressive_wide_capacity,w13,2026-04-23,2026-04-24,2026-04-30,600879,0.04243333333333334,0.9551102204408817,-0.04196642685851326,-0.0017807753796962463,
short_aggressive_wide_capacity,w13,2026-04-23,2026-04-24,2026-04-30,002126,0.0402,0.9490981963927856,-0.043640897755610863,-0.0017543640897755568,
short_aggressive_wide_capacity,w13,2026-04-23,2026-04-24,2026-04-30,300857,0.03796666666666667,0.9480460921843687,0.010073509392866775,0.0003824575732825086,
short_aggressive_wide_capacity,w13,2026-04-23,2026-04-24,2026-04-30,601233,0.03573333333333334,0.9479959919839679,0.19378698224852076,0.006924654832347143,
short_aggressive_wide_capacity,w13,2026-04-23,2026-04-24,2026-04-30,002080,0.0335,0.9455911823647294,0.038591867469879526,0.0012928275602409642,
short_aggressive_wide_capacity,w13,2026-04-23,2026-04-24,2026-04-30,000960,0.031266666666666665,0.9421342685370742,-0.0567299973240567,-0.0017737579163321728,
short_aggressive_wide_capacity,w13,2026-04-23,2026-04-24,2026-04-30,300757,0.029033333333333335,0.9407314629258516,-0.06548034426610838,-0.0019011126618593468,
short_aggressive_wide_capacity,w13,2026-04-23,2026-04-24,2026-04-30,600549,0.02680000000000001,0.9399799599198397,-0.07773343974461289,-0.0020832561851556264,
short_aggressive_wide_capacity,w13,2026-04-23,2026-04-24,2026-04-30,300751,0.024566666666666667,0.9382264529058117,0.04105290682471896,0.0010085330776605959,
short_aggressive_wide_capacity,w13,2026-04-23,2026-04-24,2026-04-30,301308,0.022333333333333337,0.9361472945891784,0.11985259219967048,0.002676707892459308,
short_aggressive_wide_capacity,w13,2026-04-23,2026-04-24,2026-04-30,002202,0.0201,0.9360220440881764,0.07198443579766534,0.0014468871595330732,
short_aggressive_wide_capacity,w13,2026-04-23,2026-04-24,2026-04-30,002851,0.01786666666666667,0.9352204408817636,0.12915649070073276,0.0023075959671864255,
short_aggressive_wide_capacity,w13,2026-04-23,2026-04-24,2026-04-30,300223,0.015633333333333332,0.9347695390781564,0.0405563934975699,0.0006340316183453427,
short_aggressive_wide_capacity,w13,2026-04-23,2026-04-24,2026-04-30,002837,0.013400000000000006,0.9327655310621243,-0.06038935240365528,-0.0008092173222089812,
short_aggressive_wide_capacity,w13,2026-04-23,2026-04-24,2026-04-30,688037,0.011166666666666668,0.9312124248496995,0.2682220522347285,0.0029951462499544688,
short_aggressive_wide_capacity,w13,2026-04-23,2026-04-24,2026-04-30,688525,0.008933333333333335,0.9297595190380762,0.0029511918274687243,2.6363980325387275e-05,
short_aggressive_wide_capacity,w13,2026-04-23,2026-04-24,2026-04-30,300567,0.006700000000000003,0.9290581162324649,0.0947169811320756,0.0006346037735849068,
short_aggressive_wide_capacity,w13,2026-04-23,2026-04-24,2026-04-30,300679,0.004466666666666667,0.928557114228457,0.06157112526539277,0.00027501769285208773,
short_aggressive_wide_capacity,w13,2026-04-23,2026-04-24,2026-04-30,300395,0.0022333333333333337,0.924874749498998,-0.010981032761593568,-2.4524306500892305e-05,
stable_compact_capacity,w13,2026-04-23,2026-04-24,2026-04-30,000967,0.05000000000000002,1.0,-0.011653313911143437,-0.0005826656955571721,
stable_compact_capacity,w13,2026-04-23,2026-04-24,2026-04-30,001389,0.05000000000000002,0.9957915831663327,-0.03046680128281265,-0.001523340064140633,
stable_compact_capacity,w13,2026-04-23,2026-04-24,2026-04-30,688702,0.05000000000000002,0.9943887775551102,0.27537608867775143,0.013768804433887576,
stable_compact_capacity,w13,2026-04-23,2026-04-24,2026-04-30,002281,0.05000000000000002,0.9915831663326654,0.09568651275820161,0.004784325637910082,
stable_compact_capacity,w13,2026-04-23,2026-04-24,2026-04-30,000426,0.05000000000000002,0.9857715430861723,0.03114355231143562,0.0015571776155717813,
stable_compact_capacity,w13,2026-04-23,2026-04-24,2026-04-30,301611,0.05000000000000002,0.9857715430861723,-0.014245548266166752,-0.0007122774133083378,
stable_compact_capacity,w13,2026-04-23,2026-04-24,2026-04-30,688375,0.05000000000000002,0.9826653306613227,-0.07182362300174261,-0.0035911811500871317,
stable_compact_capacity,w13,2026-04-23,2026-04-24,2026-04-30,600707,0.05000000000000002,0.9761523046092184,-0.05158264947245017,-0.0025791324736225093,
stable_compact_capacity,w13,2026-04-23,2026-04-24,2026-04-30,601016,0.05000000000000002,0.9737474949899799,-0.049107142857143016,-0.0024553571428571515,
stable_compact_capacity,w13,2026-04-23,2026-04-24,2026-04-30,601212,0.05000000000000002,0.9705410821643286,-0.01675257731958757,-0.0008376288659793788,
stable_compact_capacity,w13,2026-04-23,2026-04-24,2026-04-30,600879,0.047619047619047644,0.9683366733466934,-0.04196642685851326,-0.001998401278976823,
stable_compact_capacity,w13,2026-04-23,2026-04-24,2026-04-30,688166,0.04523809523809524,0.966933867735471,0.03138280483818234,0.0014196983141082488,
stable_compact_capacity,w13,2026-04-23,2026-04-24,2026-04-30,300751,0.04285714285714283,0.9651302605210421,0.04105290682471896,0.0017594102924879543,
stable_compact_capacity,w13,2026-04-23,2026-04-24,2026-04-30,688387,0.04047619047619047,0.9649298597194389,0.10621468926553668,0.004299165994081246,
stable_compact_capacity,w13,2026-04-23,2026-04-24,2026-04-30,600392,0.038095238095238106,0.9637274549098197,0.04286858974358965,0.0016330891330891299,
stable_compact_capacity,w13,2026-04-23,2026-04-24,2026-04-30,300567,0.03571428571428571,0.9631262525050099,0.0947169811320756,0.003382749326145557,
stable_compact_capacity,w13,2026-04-23,2026-04-24,2026-04-30,601231,0.03333333333333334,0.9628256513026052,-0.0847457627118644,-0.0028248587570621473,
stable_compact_capacity,w13,2026-04-23,2026-04-24,2026-04-30,000657,0.03095238095238096,0.961122244488978,0.028637086795121114,0.0008863860198489871,
stable_compact_capacity,w13,2026-04-23,2026-04-24,2026-04-30,002202,0.028571428571428574,0.9595190380761522,0.07198443579766534,0.002056698165647581,
stable_compact_capacity,w13,2026-04-23,2026-04-24,2026-04-30,301308,0.026190476190476195,0.9559118236472945,0.11985259219967048,0.0031389964623723225,
stable_compact_capacity,w13,2026-04-23,2026-04-24,2026-04-30,600549,0.023809523809523822,0.9529058116232465,-0.07773343974461289,-0.001850796184395546,
stable_compact_capacity,w13,2026-04-23,2026-04-24,2026-04-30,000537,0.021428571428571415,0.9501002004008016,-0.15107296137339055,-0.0032372777437155095,
stable_compact_capacity,w13,2026-04-23,2026-04-24,2026-04-30,002738,0.019047619047619053,0.9482965931863727,0.12993154947106422,0.0024748866565917,
stable_compact_capacity,w13,2026-04-23,2026-04-24,2026-04-30,600166,0.01666666666666667,0.9482965931863727,-0.05614973262032097,-0.0009358288770053496,
stable_compact_capacity,w13,2026-04-23,2026-04-24,2026-04-30,000960,0.014285714285714287,0.9480961923847696,-0.0567299973240567,-0.0008104285332008101,
stable_compact_capacity,w13,2026-04-23,2026-04-24,2026-04-30,300223,0.011904761904761911,0.9420841683366734,0.0405563934975699,0.0004828142083044038,
stable_compact_capacity,w13,2026-04-23,2026-04-24,2026-04-30,002203,0.009523809523809526,0.93687374749499,0.01984126984126977,0.00018896447467875977,
stable_compact_capacity,w13,2026-04-23,2026-04-24,2026-04-30,601958,0.0071428571428571435,0.9366733466933869,0.007720020586721388,5.514300419086706e-05,
stable_compact_capacity,w13,2026-04-23,2026-04-24,2026-04-30,300604,0.004761904761904763,0.9346693386773547,0.11946532999164572,0.0005688825237697417,
stable_compact_capacity,w13,2026-04-23,2026-04-24,2026-04-30,600126,0.0023809523809523816,0.9326653306613226,-0.16203259827420902,-0.00038579190065287874,
stable_compact_current,w13,2026-04-23,2026-04-24,2026-04-30,688702,0.02857142857142857,0.9954909819639279,0.27537608867775143,0.007867888247935755,
stable_compact_current,w13,2026-04-23,2026-04-24,2026-04-30,603688,0.02857142857142857,0.9308617234468939,0.050047573739296025,0.0014299306782656006,
stable_compact_current,w13,2026-04-23,2026-04-24,2026-04-30,600549,0.02857142857142857,0.9433867735470942,-0.07773343974461289,-0.0022209554212746538,
stable_compact_current,w13,2026-04-23,2026-04-24,2026-04-30,300285,0.02857142857142857,0.9431362725450902,-0.006111111111111067,-0.00017460317460317335,
stable_compact_current,w13,2026-04-23,2026-04-24,2026-04-30,688002,0.02857142857142857,0.9429859719438878,0.09411764705882364,0.002689075630252104,
stable_compact_current,w13,2026-04-23,2026-04-24,2026-04-30,300058,0.02857142857142857,0.9366733466933868,-0.09894736842105256,-0.00282706766917293,
stable_compact_current,w13,2026-04-23,2026-04-24,2026-04-30,300454,0.02857142857142857,0.9365731462925853,0.08119579258165732,0.002319879788047352,
stable_compact_current,w13,2026-04-23,2026-04-24,2026-04-30,600118,0.02857142857142857,0.9338677354709419,0.007843137254901933,0.00022408963585434093,
stable_compact_current,w13,2026-04-23,2026-04-24,2026-04-30,002429,0.02857142857142857,0.9289579158316632,-0.15648854961832048,-0.004471101417666299,
stable_compact_current,w13,2026-04-23,2026-04-24,2026-04-30,688525,0.02857142857142857,0.9440881763527054,0.0029511918274687243,8.43197664991064e-05,
stable_compact_current,w13,2026-04-23,2026-04-24,2026-04-30,600497,0.02857142857142857,0.9287074148296594,-0.014270032930845167,-0.0004077152265955762,
stable_compact_current,w13,2026-04-23,2026-04-24,2026-04-30,300223,0.02857142857142857,0.9270541082164329,0.0405563934975699,0.0011587540999305685,
stable_compact_current,w13,2026-04-23,2026-04-24,2026-04-30,688347,0.02857142857142857,0.9254509018036072,0.14086900234646804,0.004024828638470515,
stable_compact_current,w13,2026-04-23,2026-04-24,2026-04-30,300017,0.02857142857142857,0.9249498997995992,-0.15343915343915338,-0.004383975812547239,
stable_compact_current,w13,2026-04-23,2026-04-24,2026-04-30,300383,0.02857142857142857,0.923246492985972,-0.09710391822827935,-0.0027743976636651242,
stable_compact_current,w13,2026-04-23,2026-04-24,2026-04-30,301200,0.02857142857142857,0.921943887775551,-0.04453165881737309,-0.0012723331090678024,
stable_compact_current,w13,2026-04-23,2026-04-24,2026-04-30,688387,0.02857142857142857,0.9438877755511021,0.10621468926553668,0.003034705407586762,
stable_compact_current,w13,2026-04-23,2026-04-24,2026-04-30,300395,0.02857142857142857,0.9449899799599198,-0.010981032761593568,-0.00031374379318838765,
stable_compact_current,w13,2026-04-23,2026-04-24,2026-04-30,300136,0.02857142857142857,0.992685370741483,0.09459297446349368,0.0027026564132426765,
stable_compact_current,w13,2026-04-23,2026-04-24,2026-04-30,001389,0.02857142857142857,0.9700400801603207,-0.03046680128281265,-0.00087048003665179,
stable_compact_current,w13,2026-04-23,2026-04-24,2026-04-30,301611,0.02857142857142857,0.9895791583166333,-0.014245548266166752,-0.00040701566474762147,
stable_compact_current,w13,2026-04-23,2026-04-24,2026-04-30,688375,0.02857142857142857,0.9869739478957915,-0.07182362300174261,-0.002052103514335503,
stable_compact_current,w13,2026-04-23,2026-04-24,2026-04-30,688220,0.02857142857142857,0.9810621242484969,0.11863285556780578,0.003389510159080165,
stable_compact_current,w13,2026-04-23,2026-04-24,2026-04-30,300567,0.02857142857142857,0.9762525050100199,0.0947169811320756,0.002706199460916446,
stable_compact_current,w13,2026-04-23,2026-04-24,2026-04-30,002436,0.02857142857142857,0.975751503006012,-0.024295774647887236,-0.0006941649899396353,
stable_compact_current,w13,2026-04-23,2026-04-24,2026-04-30,601231,0.02857142857142857,0.970941883767535,-0.0847457627118644,-0.0024213075060532684,
stable_compact_current,w13,2026-04-23,2026-04-24,2026-04-30,000960,0.02857142857142857,0.968436873747495,-0.0567299973240567,-0.00162085706640162,
stable_compact_current,w13,2026-04-23,2026-04-24,2026-04-30,603920,0.02857142857142857,0.9472945891783566,-0.1036772216547498,-0.0029622063329928514,
stable_compact_current,w13,2026-04-23,2026-04-24,2026-04-30,300604,0.02857142857142857,0.9667334669338676,0.11946532999164572,0.003413295142618449,
stable_compact_current,w13,2026-04-23,2026-04-24,2026-04-30,000657,0.02857142857142857,0.9625250501002004,0.028637086795121114,0.0008182024798606033,
stable_compact_current,w13,2026-04-23,2026-04-24,2026-04-30,000426,0.02857142857142857,0.9570140280561124,0.03114355231143562,0.0008898157803267319,
stable_compact_current,w13,2026-04-23,2026-04-24,2026-04-30,300857,0.02857142857142857,0.9536072144288577,0.010073509392866775,0.00028781455408190786,
stable_compact_current,w13,2026-04-23,2026-04-24,2026-04-30,002080,0.02857142857142857,0.952304609218437,0.038591867469879526,0.0011026247848537007,
stable_compact_current,w13,2026-04-23,2026-04-24,2026-04-30,301308,0.02857142857142857,0.9523046092184368,0.11985259219967048,0.0034243597771334423,
stable_compact_current,w13,2026-04-23,2026-04-24,2026-04-30,300751,0.02857142857142857,0.9211422845691383,0.04105290682471896,0.0011729401949919702,
stable_extra_wide_capacity,w13,2026-04-23,2026-04-24,2026-04-30,688702,0.06451612903225806,0.9990480961923848,0.27537608867775143,0.01776619926953235,
stable_extra_wide_capacity,w13,2026-04-23,2026-04-24,2026-04-30,001389,0.06236559139784946,0.9989478957915832,-0.03046680128281265,-0.0019000800800033696,
stable_extra_wide_capacity,w13,2026-04-23,2026-04-24,2026-04-30,300567,0.060215053763440864,0.9822645290581162,0.0947169811320756,0.005703388111178746,
stable_extra_wide_capacity,w13,2026-04-23,2026-04-24,2026-04-30,688375,0.05806451612903226,0.9813376753507015,-0.07182362300174261,-0.004170403916230216,
stable_extra_wide_capacity,w13,2026-04-23,2026-04-24,2026-04-30,601231,0.05591397849462366,0.9756262525050101,-0.0847457627118644,-0.004738472753781666,
stable_extra_wide_capacity,w13,2026-04-23,2026-04-24,2026-04-30,600498,0.053763440860215055,0.9728456913827654,-0.1514270132703145,-0.008141237272597553,
stable_extra_wide_capacity,w13,2026-04-23,2026-04-24,2026-04-30,300604,0.05161290322580645,0.9725450901803607,0.11946532999164572,0.0061659525156978435,
stable_extra_wide_capacity,w13,2026-04-23,2026-04-24,2026-04-30,301200,0.04946236559139785,0.9688877755511021,-0.04453165881737309,-0.0022026411888163033,
stable_extra_wide_capacity,w13,2026-04-23,2026-04-24,2026-04-30,301611,0.047311827956989246,0.9652805611222444,-0.014245548266166752,-0.0006739829287218678,
stable_extra_wide_capacity,w13,2026-04-23,2026-04-24,2026-04-30,002436,0.04516129032258064,0.9635270541082164,-0.024295774647887236,-0.00109722853248523,
stable_extra_wide_capacity,w13,2026-04-23,2026-04-24,2026-04-30,301308,0.043010752688172046,0.9622244488977956,0.11985259219967048,0.005154950202136365,
stable_extra_wide_capacity,w13,2026-04-23,2026-04-24,2026-04-30,300395,0.04086021505376344,0.9603206412825651,-0.010981032761593568,-0.00044868736015113507,
stable_extra_wide_capacity,w13,2026-04-23,2026-04-24,2026-04-30,002080,0.03870967741935484,0.9572645290581161,0.038591867469879526,0.00149387874076953,
stable_extra_wide_capacity,w13,2026-04-23,2026-04-24,2026-04-30,002837,0.03655913978494624,0.9520040080160321,-0.06038935240365528,-0.0022077827760476126,
stable_extra_wide_capacity,w13,2026-04-23,2026-04-24,2026-04-30,000657,0.034408602150537634,0.9519038076152304,0.028637086795121114,0.0009853621262837372,
stable_extra_wide_capacity,w13,2026-04-23,2026-04-24,2026-04-30,600879,0.03225806451612903,0.9502505010020039,-0.04196642685851326,-0.001353755705113331,
stable_extra_wide_capacity,w13,2026-04-23,2026-04-24,2026-04-30,600549,0.030107526881720432,0.9479709418837676,-0.07773343974461289,-0.002340361626719528,
stable_extra_wide_capacity,w13,2026-04-23,2026-04-24,2026-04-30,000960,0.02795698924731183,0.9443887775551103,-0.0567299973240567,-0.001585999925188682,
stable_extra_wide_capacity,w13,2026-04-23,2026-04-24,2026-04-30,601212,0.025806451612903226,0.9436372745490982,-0.01675257731958757,-0.0004323245759893566,
stable_extra_wide_capacity,w13,2026-04-23,2026-04-24,2026-04-30,603920,0.023655913978494623,0.9407314629258519,-0.1036772216547498,-0.002452579436994081,
stable_extra_wide_capacity,w13,2026-04-23,2026-04-24,2026-04-30,688220,0.021505376344086023,0.9400801603206412,0.11863285556780578,0.0025512442057592645,
stable_extra_wide_capacity,w13,2026-04-23,2026-04-24,2026-04-30,603077,0.01935483870967742,0.9390781563126251,0.02422145328719716,0.00046880232168768695,
stable_extra_wide_capacity,w13,2026-04-23,2026-04-24,2026-04-30,002851,0.017204301075268817,0.9379509018036072,0.12915649070073276,0.0022220471518405636,
stable_extra_wide_capacity,w13,2026-04-23,2026-04-24,2026-04-30,000426,0.015053763440860216,0.9358717434869739,0.03114355231143562,0.00046882766920440717,
stable_extra_wide_capacity,w13,2026-04-23,2026-04-24,2026-04-30,300857,0.012903225806451613,0.9335671342685371,0.010073509392866775,0.0001299807663595713,
stable_extra_wide_capacity,w13,2026-04-23,2026-04-24,2026-04-30,688002,0.010752688172043012,0.9321142284569138,0.09411764705882364,0.0010120177103099318,
stable_extra_wide_capacity,w13,2026-04-23,2026-04-24,2026-04-30,300223,0.008602150537634409,0.9312875751503007,0.0405563934975699,0.0003488722021296335,
stable_extra_wide_capacity,w13,2026-04-23,2026-04-24,2026-04-30,002156,0.0064516129032258064,0.9311623246492986,0.09589331075359864,0.000618666520990959,
stable_extra_wide_capacity,w13,2026-04-23,2026-04-24,2026-04-30,688676,0.004301075268817204,0.9304609218436874,-0.04787636442234955,-0.00020591984697784752,
stable_extra_wide_capacity,w13,2026-04-23,2026-04-24,2026-04-30,300285,0.002150537634408602,0.9271042084168337,-0.006111111111111067,-1.3142174432496918e-05,
stable_medium_capacity,w13,2026-04-23,2026-04-24,2026-04-30,000967,0.039999999999999994,0.9975450901803606,-0.011653313911143437,-0.00046613255644573743,
stable_medium_capacity,w13,2026-04-23,2026-04-24,2026-04-30,600707,0.039999999999999994,0.9574148296593186,-0.05158264947245017,-0.0020633059788980066,
stable_medium_capacity,w13,2026-04-23,2026-04-24,2026-04-30,600498,0.039999999999999994,0.9469939879759519,-0.1514270132703145,-0.006057080530812579,
stable_medium_capacity,w13,2026-04-23,2026-04-24,2026-04-30,601016,0.039999999999999994,0.9502505010020039,-0.049107142857143016,-0.0019642857142857205,
stable_medium_capacity,w13,2026-04-23,2026-04-24,2026-04-30,688166,0.039999999999999994,0.9508016032064128,0.03138280483818234,0.0012553121935272935,
stable_medium_capacity,w13,2026-04-23,2026-04-24,2026-04-30,002281,0.039999999999999994,0.9513527054108215,0.09568651275820161,0.003827460510328064,
stable_medium_capacity,w13,2026-04-23,2026-04-24,2026-04-30,301611,0.039999999999999994,0.990130260521042,-0.014245548266166752,-0.00056982193064667,
stable_medium_capacity,w13,2026-04-23,2026-04-24,2026-04-30,002432,0.039999999999999994,0.9531563126252505,-0.14683691236215912,-0.005873476494486364,
stable_medium_capacity,w13,2026-04-23,2026-04-24,2026-04-30,000657,0.039999999999999994,0.953507014028056,0.028637086795121114,0.0011454834718048444,
stable_medium_capacity,w13,2026-04-23,2026-04-24,2026-04-30,000960,0.039999999999999994,0.9555611222444889,-0.0567299973240567,-0.002269199892962268,
stable_medium_capacity,w13,2026-04-23,2026-04-24,2026-04-30,688387,0.039999999999999994,0.9516032064128256,0.10621468926553668,0.004248587570621467,
stable_medium_capacity,w13,2026-04-23,2026-04-24,2026-04-30,000537,0.039999999999999994,0.9578657314629258,-0.15107296137339055,-0.006042918454935621,
stable_medium_capacity,w13,2026-04-23,2026-04-24,2026-04-30,601231,0.039999999999999994,0.9682114228456914,-0.0847457627118644,-0.0033898305084745757,
stable_medium_capacity,w13,2026-04-23,2026-04-24,2026-04-30,300567,0.039999999999999994,0.9730961923847694,0.0947169811320756,0.0037886792452830236,
stable_medium_capacity,w13,2026-04-23,2026-04-24,2026-04-30,600879,0.039999999999999994,0.9759519038076152,-0.04196642685851326,-0.00167865707434053,
stable_medium_capacity,w13,2026-04-23,2026-04-24,2026-04-30,601212,0.039999999999999994,0.9778056112224448,-0.01675257731958757,-0.0006701030927835027,
stable_medium_capacity,w13,2026-04-23,2026-04-24,2026-04-30,002436,0.039999999999999994,0.9807615230460922,-0.024295774647887236,-0.0009718309859154892,
stable_medium_capacity,w13,2026-04-23,2026-04-24,2026-04-30,000426,0.039999999999999994,0.9838677354709418,0.03114355231143562,0.0012457420924574245,
stable_medium_capacity,w13,2026-04-23,2026-04-24,2026-04-30,688702,0.039999999999999994,0.9851202404809618,0.27537608867775143,0.011015043547110056,
stable_medium_capacity,w13,2026-04-23,2026-04-24,2026-04-30,688375,0.039999999999999994,0.9863977955911823,-0.07182362300174261,-0.002872944920069704,
stable_medium_capacity,w13,2026-04-23,2026-04-24,2026-04-30,300751,0.03636363636363643,0.9430360721442885,0.04105290682471896,0.0014928329754443285,
stable_medium_capacity,w13,2026-04-23,2026-04-24,2026-04-30,003035,0.03272727272727277,0.9424849699398796,-0.1938997821350762,-0.0063458110516934115,
stable_medium_capacity,w13,2026-04-23,2026-04-24,2026-04-30,300395,0.029090909090909126,0.9398296593186373,-0.010981032761593568,-0.00031944822579181326,
stable_medium_capacity,w13,2026-04-23,2026-04-24,2026-04-30,300285,0.025454545454545487,0.935120240480962,-0.006111111111111067,-0.00015555555555555464,
stable_medium_capacity,w13,2026-04-23,2026-04-24,2026-04-30,603688,0.021818181818181834,0.9341683366733466,0.050047573739296025,0.0010919470634028232,
stable_medium_capacity,w13,2026-04-23,2026-04-24,2026-04-30,002202,0.018181818181818216,0.9316633266533065,0.07198443579766534,0.0013088079235939176,
stable_medium_capacity,w13,2026-04-23,2026-04-24,2026-04-30,001389,0.014545454545454563,0.9302104208416834,-0.03046680128281265,-0.00044315347320454814,
stable_medium_capacity,w13,2026-04-23,2026-04-24,2026-04-30,300223,0.010909090909090917,0.9282314629258517,0.0405563934975699,0.00044243338360985373,
stable_medium_capacity,w13,2026-04-23,2026-04-24,2026-04-30,600392,0.007272727272727281,0.9275050100200402,0.04286858974358965,0.0003117715617715614,
stable_medium_capacity,w13,2026-04-23,2026-04-24,2026-04-30,002203,0.0036363636363636407,0.9257515030060119,0.01984126984126977,7.215007215007197e-05,
